sequence,time_s,magnitude_g,foot_strike,cadence_spm,phase,peak_g,rearm_g,min_stride_ms
378170,0.0,1.03998,0,167.42,0.6212798255690485,1.3,1.08,450.0
378171,0.009765,1.001,0,167.42,0.6349034958789016,1.3,1.08,450.0
378172,0.019531,1.04798,0,167.42,0.6485285613418805,1.3,1.08,450.0
378173,0.030273,1.03887,0,167.42,0.6635152962592502,1.3,1.08,450.0
378174,0.040039,1.0293,0,167.42,0.6771403617222292,1.3,1.08,450.0
378175,0.049804,1.02831,0,167.42,0.690764032032003,1.3,1.08,450.0
378176,0.05957,1.03166,0,167.42,0.704389097494982,1.3,1.08,450.0
378177,0.070312,1.01593,0,167.42,0.7193758324123517,1.3,1.08,450.0
378178,0.080078,1.02446,0,167.42,0.7330008978753306,1.3,1.08,450.0
378179,0.089843,1.08388,0,167.42,0.7466245681851836,1.3,1.08,450.0
378180,0.099609,1.06178,0,167.42,0.7602496336480834,1.3,1.08,450.0
378181,0.104492,1.03751,0,167.42,0.7670621663795729,1.3,1.08,450.0
378182,0.115234,1.06138,0,167.42,0.7820489012969426,1.3,1.08,450.0
378183,0.125,1.02396,0,167.42,0.7956739667599215,1.3,1.08,450.0
378184,0.134765,1.04021,0,167.42,0.8092976370697748,1.3,1.08,450.0
378185,0.144531,1.01694,0,167.42,0.8229227025327537,1.3,1.08,450.0
378186,0.155273,1.10264,0,167.42,0.8379094374501234,1.3,1.08,450.0
378187,0.165039,0.99822,0,167.42,0.8515345029131024,1.3,1.08,450.0
378188,0.174804,1.09403,0,167.42,0.865158173222876,1.3,1.08,450.0
378189,0.18457,1.014,0,167.42,0.8787832386858552,1.3,1.08,450.0
378190,0.195312,1.05208,0,167.42,0.8937699736032249,1.3,1.08,450.0
378191,0.200195,0.98911,0,167.42,0.9005825063347143,1.3,1.08,450.0
378192,0.209961,1.03807,0,167.42,0.9142075717976933,1.3,1.08,450.0
378193,0.219726,1.01127,0,167.42,0.9278312421075463,1.3,1.08,450.0
378194,0.229492,1.02031,0,167.42,0.9414563075704461,1.3,1.08,450.0
378195,0.240234,0.93595,0,167.42,0.9564430424878158,1.3,1.08,450.0
378196,0.25,0.95439,0,167.42,0.9700681079507947,1.3,1.08,450.0
378197,0.259765,1.27583,0,167.42,0.9836917782606478,1.3,1.08,450.0
378198,0.269531,1.20196,0,167.42,0.9973168437236268,1.3,1.08,450.0
378199,0.280273,1.14826,0,167.42,0.012303578640996404,1.3,1.08,450.0
378200,0.290039,1.04087,0,167.42,0.02592864410397544,1.3,1.08,450.0
378201,0.299804,1.06078,0,167.42,0.03955231441374929,1.3,1.08,450.0
378202,0.304687,1.23712,0,167.42,0.0463648471452387,1.3,1.08,450.0
378203,0.314453,1.1511,0,167.42,0.05998991260821773,1.3,1.08,450.0
378204,0.325195,1.09345,0,167.42,0.07497664752558753,1.3,1.08,450.0
378205,0.334961,1.20089,0,167.42,0.08860171298856656,1.3,1.08,450.0
378206,0.344726,1.3627,1,161.21,0.0,1.3,1.08,450.0
378207,0.354492,1.77254,0,161.21,0.013119605305470615,1.3,1.08,450.0
378208,0.365234,2.05727,0,161.21,0.02755036510394565,1.3,1.08,450.0
378209,0.375,2.57982,0,161.21,0.04066997040949263,1.3,1.08,450.0
378210,0.384765,3.03025,0,161.21,0.05378823231904612,1.3,1.08,450.0
378211,0.394531,2.71096,0,161.21,0.0669078376245931,1.3,1.08,450.0
378212,0.405273,2.22973,0,161.21,0.08133859742306812,1.3,1.08,450.0
378213,0.410156,2.39729,0,161.21,0.08789840007584161,1.3,1.08,450.0
378214,0.419922,1.89785,0,161.21,0.10101800538131224,1.3,1.08,450.0
378215,0.429687,2.00489,0,161.21,0.11413626729086572,1.3,1.08,450.0
378216,0.439453,2.17732,0,161.21,0.1272558725964127,1.3,1.08,450.0
378217,0.450195,2.06548,0,161.21,0.1416866323948877,1.3,1.08,450.0
378218,0.459961,1.66969,0,161.21,0.15480623770043472,1.3,1.08,450.0
378219,0.469726,1.2556,0,161.21,0.1679244996099882,1.3,1.08,450.0
378220,0.479492,1.02013,0,161.21,0.18104410491545883,1.3,1.08,450.0
378221,0.490234,0.87748,0,161.21,0.19547486471393385,1.3,1.08,450.0
378222,0.495117,0.84533,0,161.21,0.20203466736670736,1.3,1.08,450.0
378223,0.504882,0.87333,0,161.21,0.2151529292762608,1.3,1.08,450.0
378224,0.514648,1.00903,0,161.21,0.2282725345818078,1.3,1.08,450.0
378225,0.524414,1.19841,0,161.21,0.24139213988735478,1.3,1.08,450.0
378226,0.535156,1.30994,0,161.21,0.25582289968582983,1.3,1.08,450.0
378227,0.544922,1.34223,0,161.21,0.2689425049913004,1.3,1.08,450.0
378228,0.554687,1.31137,0,161.21,0.28206076690085397,1.3,1.08,450.0
378229,0.564453,1.1924,0,161.21,0.2951803722064009,1.3,1.08,450.0
378230,0.575195,1.05656,0,161.21,0.30961113200487594,1.3,1.08,450.0
378231,0.584961,0.95193,0,161.21,0.32273073731042295,1.3,1.08,450.0
378232,0.594726,0.8957,0,161.21,0.3358489992199764,1.3,1.08,450.0
378233,0.604492,0.92562,0,161.21,0.348968604525447,1.3,1.08,450.0
378234,0.609375,1.03682,0,161.21,0.3555284071782205,1.3,1.08,450.0
378235,0.620117,1.1995,0,161.21,0.3699591669766955,1.3,1.08,450.0
378236,0.629882,1.37306,0,161.21,0.38307742888624907,1.3,1.08,450.0
378237,0.639648,1.35954,0,161.21,0.396197034191796,1.3,1.08,450.0
378238,0.649414,1.28478,0,161.21,0.409316639497343,1.3,1.08,450.0
378239,0.660156,1.19548,0,161.21,0.42374739929581806,1.3,1.08,450.0
378240,0.669922,1.18513,0,161.21,0.43686700460128863,1.3,1.08,450.0
378241,0.679687,1.22961,0,161.21,0.4499852665108421,1.3,1.08,450.0
378242,0.689453,1.33833,0,161.21,0.4631048718163891,1.3,1.08,450.0
378243,0.695312,1.47376,0,161.21,0.4709758289620906,1.3,1.08,450.0
378244,0.705078,1.62951,0,161.21,0.4840954342676376,1.3,1.08,450.0
378245,0.714843,1.7544,0,161.21,0.4972136961771911,1.3,1.08,450.0
378246,0.724609,1.87873,0,161.21,0.5103333014826618,1.3,1.08,450.0
378247,0.734375,2.0479,0,161.21,0.5234529067882087,1.3,1.08,450.0
378248,0.745117,2.18294,0,161.21,0.5378836665866837,1.3,1.08,450.0
378249,0.754882,2.20543,0,161.21,0.5510019284962373,1.3,1.08,450.0
378250,0.764648,2.18978,0,161.21,0.5641215338017843,1.3,1.08,450.0
378251,0.774414,2.13299,0,161.21,0.5772411391073312,1.3,1.08,450.0
378252,0.785156,2.07082,0,161.21,0.5916718989058063,1.3,1.08,450.0
378253,0.794922,2.03497,0,161.21,0.6047915042112769,1.3,1.08,450.0
378254,0.799804,2.0229,0,161.21,0.6113499634680568,1.3,1.08,450.0
378255,0.80957,2.01744,0,161.21,0.6244695687736038,1.3,1.08,450.0
378256,0.820312,2.0106,0,161.21,0.6389003285720789,1.3,1.08,450.0
378257,0.830078,2.03002,0,161.21,0.6520199338776258,1.3,1.08,450.0
378258,0.839843,2.05982,0,161.21,0.6651381957871793,1.3,1.08,450.0
378259,0.849609,2.09657,0,161.21,0.67825780109265,1.3,1.08,450.0
378260,0.859375,2.17433,0,161.21,0.6913774063981969,1.3,1.08,450.0
378261,0.870117,2.25665,0,161.21,0.705808166196672,1.3,1.08,450.0
378262,0.879882,2.31995,0,161.21,0.7189264281062254,1.3,1.08,450.0
378263,0.889648,2.34457,0,161.21,0.7320460334117723,1.3,1.08,450.0
378264,0.899414,2.33547,0,161.21,0.7451656387173193,1.3,1.08,450.0
378265,0.905273,0.70731,0,161.21,0.753036595863021,1.3,1.08,450.0
378266,0.915039,2.18592,1,180.89,0.0,1.3,1.08,450.0
378267,0.924804,2.90382,0,180.89,0.014719827853496875,1.3,1.08,450.0
378268,0.93457,1.31416,0,180.89,0.02944116311392187,1.3,1.08,450.0
378269,0.945312,0.50174,0,180.89,0.045633727456249634,1.3,1.08,450.0
378270,0.955078,1.62925,0,180.89,0.06035506271667464,1.3,1.08,450.0
378271,0.964843,2.64299,0,180.89,0.0750748905702572,1.3,1.08,450.0
378272,0.974609,2.16028,0,180.89,0.0897962258305965,1.3,1.08,450.0
378273,0.984375,1.56262,0,180.89,0.10451756109102149,1.3,1.08,450.0
378274,0.990234,1.88603,0,180.89,0.11334945780313675,1.3,1.08,450.0
378275,1.0,1.6233,0,180.89,0.12807079306356176,1.3,1.08,450.0
378276,1.009765,1.36817,0,180.89,0.1427906209171443,1.3,1.08,450.0
378277,1.019531,1.2353,0,180.89,0.15751195617756933,1.3,1.08,450.0
378278,1.030273,1.28961,0,180.89,0.1737045205198971,1.3,1.08,450.0
378279,1.040039,1.23938,0,180.89,0.1884258557803221,1.3,1.08,450.0
378280,1.049804,1.06269,0,180.89,0.20314568363381896,1.3,1.08,450.0
378281,1.05957,1.08357,0,180.89,0.21786701889424395,1.3,1.08,450.0
378282,1.070312,1.13068,0,180.89,0.23405958323657172,1.3,1.08,450.0
378283,1.080078,1.12581,0,180.89,0.2487809184969967,1.3,1.08,450.0
378284,1.089843,1.07804,0,180.89,0.2635007463505793,1.3,1.08,450.0
378285,1.099609,1.06872,0,180.89,0.27822208161091855,1.3,1.08,450.0
378286,1.104492,1.08653,0,180.89,0.2855827492411311,1.3,1.08,450.0
378287,1.115234,1.18878,0,180.89,0.3017753135834588,1.3,1.08,450.0
378288,1.125,1.01346,0,180.89,0.3164966488438838,1.3,1.08,450.0
378289,1.134765,1.15154,0,180.89,0.3312164766974664,1.3,1.08,450.0
378290,1.144531,0.99811,0,180.89,0.3459378119578914,1.3,1.08,450.0
378291,1.155273,1.07097,0,180.89,0.36213037630021916,1.3,1.08,450.0
378292,1.165039,1.00021,0,180.89,0.3768517115606442,1.3,1.08,450.0
378293,1.174804,1.04625,0,180.89,0.391571539414141,1.3,1.08,450.0
378294,1.18457,0.98298,0,180.89,0.40629287467456604,1.3,1.08,450.0
378295,1.195312,1.05908,0,180.89,0.4224854390168938,1.3,1.08,450.0
378296,1.200195,1.01944,0,180.89,0.4298461066471063,1.3,1.08,450.0
378297,1.209961,1.05324,0,180.89,0.4445674419075313,1.3,1.08,450.0
378298,1.219726,1.04967,0,180.89,0.45928726976111384,1.3,1.08,450.0
378299,1.229492,1.04456,0,180.89,0.47400860502145314,1.3,1.08,450.0
378300,1.240234,1.06739,0,180.89,0.4902011693637809,1.3,1.08,450.0
378301,1.25,1.02733,0,180.89,0.5049225046242058,1.3,1.08,450.0
378302,1.259765,1.05435,0,180.89,0.5196423324777885,1.3,1.08,450.0
378303,1.269531,1.014,0,180.89,0.5343636677382135,1.3,1.08,450.0
378304,1.280273,1.06664,0,180.89,0.5505562320805413,1.3,1.08,450.0
378305,1.290039,1.00568,0,180.89,0.5652775673409661,1.3,1.08,450.0
378306,1.294922,1.02165,0,180.89,0.572638234971093,1.3,1.08,450.0
378307,1.304687,1.00321,0,180.89,0.5873580628246756,1.3,1.08,450.0
378308,1.314453,1.05612,0,180.89,0.6020793980851006,1.3,1.08,450.0
378309,1.325195,0.99693,0,180.89,0.6182719624274283,1.3,1.08,450.0
378310,1.334961,1.10397,0,180.89,0.6329932976878534,1.3,1.08,450.0
378311,1.344726,0.99132,0,180.89,0.647713125541436,1.3,1.08,450.0
378312,1.354492,1.06842,0,180.89,0.6624344608017753,1.3,1.08,450.0
378313,1.365234,1.01159,0,180.89,0.678627025144103,1.3,1.08,450.0
378314,1.375,1.03719,0,180.89,0.693348360404528,1.3,1.08,450.0
378315,1.384765,1.01911,0,180.89,0.7080681882581106,1.3,1.08,450.0
378316,1.394531,1.04751,0,180.89,0.7227895235185355,1.3,1.08,450.0
378317,1.405273,1.01925,0,180.89,0.7389820878608633,1.3,1.08,450.0
378318,1.410156,1.01467,0,180.89,0.7463427554910759,1.3,1.08,450.0
378319,1.419922,1.04839,0,180.89,0.7610640907514151,1.3,1.08,450.0
378320,1.429687,1.0284,0,180.89,0.7757839186049976,1.3,1.08,450.0
378321,1.439453,1.06379,0,180.89,0.7905052538654227,1.3,1.08,450.0
378322,1.450195,1.01913,0,180.89,0.8066978182077504,1.3,1.08,450.0
378323,1.459961,1.03386,0,180.89,0.8214191534681755,1.3,1.08,450.0
378324,1.469726,1.00618,0,180.89,0.836138981321758,1.3,1.08,450.0
378325,1.479492,1.02137,0,180.89,0.8508603165820973,1.3,1.08,450.0
378326,1.490234,1.04061,0,180.89,0.867052880924425,1.3,1.08,450.0
378327,1.495117,1.024,0,180.89,0.8744135485546375,1.3,1.08,450.0
378328,1.504882,1.04836,0,180.89,0.8891333764082201,1.3,1.08,450.0
378329,1.514648,1.0651,0,180.89,0.9038547116686452,1.3,1.08,450.0
378330,1.524414,1.02133,0,180.89,0.9185760469290701,1.3,1.08,450.0
378331,1.535156,1.02834,0,180.89,0.9347686112713979,1.3,1.08,450.0
378332,1.544922,1.06443,0,180.89,0.9494899465317371,1.3,1.08,450.0
378333,1.554687,1.01812,0,180.89,0.9642097743853199,1.3,1.08,450.0
378334,1.564453,1.05511,0,180.89,0.9789311096457447,1.3,1.08,450.0
378335,1.575195,0.99881,0,180.89,0.9951236739880724,1.3,1.08,450.0
378336,1.584961,0.97786,0,180.89,0.009845009248497627,1.3,1.08,450.0
378337,1.594726,0.92637,0,180.89,0.024564837102080128,1.3,1.08,450.0
378338,1.599609,1.17036,0,180.89,0.0319255047322069,1.3,1.08,450.0
378339,1.609375,1.23759,0,180.89,0.04664683999263186,1.3,1.08,450.0
378340,1.620117,1.03955,0,180.89,0.0628394043349596,1.3,1.08,450.0
378341,1.629882,1.07782,0,180.89,0.0775592321885421,1.3,1.08,450.0
378342,1.639648,1.04948,0,180.89,0.09228056744896729,1.3,1.08,450.0
378343,1.649414,1.20617,0,180.89,0.10700190270939225,1.3,1.08,450.0
378344,1.660156,1.09209,0,180.89,0.12319446705171999,1.3,1.08,450.0
378345,1.669922,1.09809,0,180.89,0.13791580231205924,1.3,1.08,450.0
378346,1.679687,1.14677,0,180.89,0.15263563016564174,1.3,1.08,450.0
378347,1.689453,1.17595,0,180.89,0.1673569654260667,1.3,1.08,450.0
378348,1.695312,1.18611,0,180.89,0.1761888621381822,1.3,1.08,450.0
378349,1.705078,1.59808,1,169.29,0.0,1.3,1.08,450.0
378350,1.714843,1.65559,0,169.29,0.013775956435791558,1.3,1.08,450.0
378351,1.724609,2.57148,0,169.29,0.027553323619726275,1.3,1.08,450.0
378352,1.734375,2.91203,0,169.29,0.04133069080374118,1.3,1.08,450.0
378353,1.745117,3.22702,0,169.29,0.05648494825719149,1.3,1.08,450.0
378354,1.754882,2.27741,0,169.29,0.07026090469298304,1.3,1.08,450.0
378355,1.764648,2.75801,0,169.29,0.08403827187699794,1.3,1.08,450.0
378356,1.774414,1.98763,0,169.29,0.09781563906101286,1.3,1.08,450.0
378357,1.785156,2.23956,0,169.29,0.11296989651446318,1.3,1.08,450.0
378358,1.790039,2.25978,0,169.29,0.11985858010647063,1.3,1.08,450.0
378359,1.799804,1.85924,0,169.29,0.133634536542182,1.3,1.08,450.0
378360,1.80957,1.41571,0,169.29,0.1474119037261969,1.3,1.08,450.0
378361,1.820312,1.07871,0,169.29,0.16256616117964723,1.3,1.08,450.0
378362,1.830078,0.93952,0,169.29,0.17634352836366213,1.3,1.08,450.0
378363,1.839843,0.91968,0,169.29,0.19011948479945368,1.3,1.08,450.0
378364,1.849609,0.94179,0,169.29,0.2038968519833884,1.3,1.08,450.0
378365,1.859375,1.00438,0,169.29,0.21767421916740332,1.3,1.08,450.0
378366,1.870117,1.11856,0,169.29,0.2328284766208536,1.3,1.08,450.0
378367,1.879882,1.28041,0,169.29,0.24660443305664517,1.3,1.08,450.0
378368,1.889648,1.41047,0,169.29,0.26038180024066004,1.3,1.08,450.0
378369,1.899414,1.42025,0,169.29,0.274159167424675,1.3,1.08,450.0
378370,1.905273,1.337,0,169.29,0.28242474128611783,1.3,1.08,450.0
378371,1.915039,1.14019,0,169.29,0.29620210847013273,1.3,1.08,450.0
378372,1.924804,0.99406,0,169.29,0.3099780649058441,1.3,1.08,450.0
378373,1.93457,0.93776,0,169.29,0.323755432089859,1.3,1.08,450.0
378374,1.945312,1.00265,0,169.29,0.33890968954330936,1.3,1.08,450.0
378375,1.955078,1.1053,0,169.29,0.35268705672732426,1.3,1.08,450.0
378376,1.964843,1.182,0,169.29,0.36646301316311575,1.3,1.08,450.0
378377,1.974609,1.26278,0,169.29,0.3802403803470505,1.3,1.08,450.0
378378,1.984375,1.3043,0,169.29,0.3940177475310654,1.3,1.08,450.0
378379,1.990234,1.29589,0,169.29,0.4022833213925082,1.3,1.08,450.0
378380,2.0,1.33182,0,169.29,0.4160606885765232,1.3,1.08,450.0
378381,2.009765,1.36081,0,169.29,0.4298366450123147,1.3,1.08,450.0
378382,2.019531,1.39107,0,169.29,0.4436140121963296,1.3,1.08,450.0
378383,2.030273,1.45609,0,169.29,0.45876826964977996,1.3,1.08,450.0
378384,2.040039,1.53592,0,169.29,0.47254563683379486,1.3,1.08,450.0
378385,2.049804,1.6293,0,169.29,0.48632159326950625,1.3,1.08,450.0
378386,2.05957,1.73389,0,169.29,0.5000989604535211,1.3,1.08,450.0
378387,2.070312,1.86824,0,169.29,0.5152532179069714,1.3,1.08,450.0
378388,2.080078,2.01239,0,169.29,0.5290305850909863,1.3,1.08,450.0
378389,2.089843,2.10249,0,169.29,0.5428065415267779,1.3,1.08,450.0
378390,2.094726,2.11929,0,169.29,0.5496952251187853,1.3,1.08,450.0
378391,2.104492,2.12691,0,169.29,0.5634725923027201,1.3,1.08,450.0
378392,2.115234,2.16443,0,169.29,0.5786268497561704,1.3,1.08,450.0
378393,2.125,2.25022,0,169.29,0.5924042169401853,1.3,1.08,450.0
378394,2.134765,2.27791,0,169.29,0.6061801733759768,1.3,1.08,450.0
378395,2.144531,2.22279,0,169.29,0.6199575405599919,1.3,1.08,450.0
378396,2.155273,2.14022,0,169.29,0.6351117980134421,1.3,1.08,450.0
378397,2.165039,2.11192,0,169.29,0.6488891651974569,1.3,1.08,450.0
378398,2.174804,2.10837,0,169.29,0.6626651216331684,1.3,1.08,450.0
378399,2.18457,2.21285,0,169.29,0.6764424888171833,1.3,1.08,450.0
378400,2.195312,2.39508,0,169.29,0.6915967462706335,1.3,1.08,450.0
378401,2.200195,2.50845,0,169.29,0.6984854298626411,1.3,1.08,450.0
378402,2.209961,2.5202,0,169.29,0.7122627970466558,1.3,1.08,450.0
378403,2.219726,2.51614,0,169.29,0.7260387534824474,1.3,1.08,450.0
378404,2.229492,2.55498,0,169.29,0.7398161206663822,1.3,1.08,450.0
378405,2.240234,0.87223,0,169.29,0.7549703781198325,1.3,1.08,450.0
378406,2.25,2.17486,1,189.66,0.0,1.3,1.08,450.0
378407,2.259765,3.0688,0,189.66,0.015433572217214694,1.3,1.08,450.0
378408,2.269531,1.17226,0,189.66,0.03086872493337237,1.3,1.08,450.0
378409,2.280273,0.43763,0,189.66,0.04784644462174408,1.3,1.08,450.0
378410,2.290039,1.74589,0,189.66,0.06328159733790176,1.3,1.08,450.0
378411,2.294922,3.01357,0,189.66,0.07099917369589076,1.3,1.08,450.0
378412,2.304687,2.44776,0,189.66,0.08643274591310544,1.3,1.08,450.0
378413,2.314453,2.07637,0,189.66,0.10186789862926313,1.3,1.08,450.0
378414,2.325195,1.14429,0,189.66,0.11884561831763484,1.3,1.08,450.0
378415,2.334961,1.42503,0,189.66,0.13428077103379252,1.3,1.08,450.0
378416,2.344726,1.26083,0,189.66,0.1497143432510072,1.3,1.08,450.0
378417,2.354492,1.18544,0,189.66,0.16514949596707504,1.3,1.08,450.0
378418,2.365234,1.28176,0,189.66,0.18212721565544676,1.3,1.08,450.0
378419,2.375,1.19633,0,189.66,0.19756236837160443,1.3,1.08,450.0
378420,2.384765,1.13695,0,189.66,0.21299594058881913,1.3,1.08,450.0
378421,2.394531,1.03739,0,189.66,0.2284310933049768,1.3,1.08,450.0
378422,2.405273,1.10592,0,189.66,0.24540881299334852,1.3,1.08,450.0
378423,2.410156,1.0924,0,189.66,0.25312638935142734,1.3,1.08,450.0
378424,2.419922,1.07067,0,189.66,0.26856154206749516,1.3,1.08,450.0
378425,2.429687,1.05644,0,189.66,0.28399511428470986,1.3,1.08,450.0
378426,2.439453,1.05843,0,189.66,0.29943026700086756,1.3,1.08,450.0
378427,2.450195,1.0988,0,189.66,0.3164079866892393,1.3,1.08,450.0
378428,2.459961,1.10548,0,189.66,0.33184313940539695,1.3,1.08,450.0
378429,2.469726,1.06874,0,189.66,0.34727671162261164,1.3,1.08,450.0
378430,2.479492,1.02859,0,189.66,0.36271186433867947,1.3,1.08,450.0
378431,2.490234,1.12579,0,189.66,0.3796895840270512,1.3,1.08,450.0
378432,2.495117,0.93364,0,189.66,0.38740716038513,1.3,1.08,450.0
378433,2.504882,1.12589,0,189.66,0.4028407326023447,1.3,1.08,450.0
378434,2.514648,0.95143,0,189.66,0.4182758853185024,1.3,1.08,450.0
378435,2.524414,1.08807,0,189.66,0.4337110380346601,1.3,1.08,450.0
378436,2.535156,1.01972,0,189.66,0.4506887577230318,1.3,1.08,450.0
378437,2.544922,1.03893,0,189.66,0.4661239104390996,1.3,1.08,450.0
378438,2.554687,1.02676,0,189.66,0.4815574826563143,1.3,1.08,450.0
378439,2.564453,1.0607,0,189.66,0.49699263537247196,1.3,1.08,450.0
378440,2.575195,0.99966,0,189.66,0.5139703550608438,1.3,1.08,450.0
378441,2.584961,1.02906,0,189.66,0.5294055077770013,1.3,1.08,450.0
378442,2.594726,1.00564,0,189.66,0.544839079994216,1.3,1.08,450.0
378443,2.599609,1.00024,0,189.66,0.5525566563522051,1.3,1.08,450.0
378444,2.609375,1.00696,0,189.66,0.5679918090683628,1.3,1.08,450.0
378445,2.620117,0.99067,0,189.66,0.5849695287567344,1.3,1.08,450.0
378446,2.629882,1.03505,0,189.66,0.6004031009739491,1.3,1.08,450.0
378447,2.639648,0.99712,0,189.66,0.6158382536901068,1.3,1.08,450.0
378448,2.649414,1.00717,0,189.66,0.6312734064062646,1.3,1.08,450.0
378449,2.660156,1.05663,0,189.66,0.6482511260946363,1.3,1.08,450.0
378450,2.669922,1.04735,0,189.66,0.6636862788107041,1.3,1.08,450.0
378451,2.679687,1.03941,0,189.66,0.6791198510279187,1.3,1.08,450.0
378452,2.689453,1.06078,0,189.66,0.6945550037440764,1.3,1.08,450.0
378453,2.695312,1.0111,0,189.66,0.7038151470743693,1.3,1.08,450.0
378454,2.705078,1.04789,0,189.66,0.719250299790527,1.3,1.08,450.0
378455,2.714843,1.04835,0,189.66,0.7346838720077417,1.3,1.08,450.0
378456,2.724609,1.0404,0,189.66,0.7501190247238095,1.3,1.08,450.0
378457,2.734375,1.06256,0,189.66,0.7655541774399671,1.3,1.08,450.0
378458,2.745117,1.03119,0,189.66,0.7825318971283388,1.3,1.08,450.0
378459,2.754882,1.03867,0,189.66,0.7979654693455536,1.3,1.08,450.0
378460,2.764648,0.9967,0,189.66,0.8134006220617113,1.3,1.08,450.0
378461,2.774414,1.056,0,189.66,0.828835774777869,1.3,1.08,450.0
378462,2.785156,1.02874,0,189.66,0.8458134944662407,1.3,1.08,450.0
378463,2.790039,1.00495,0,189.66,0.8535310708243194,1.3,1.08,450.0
378464,2.799804,1.02153,0,189.66,0.8689646430414444,1.3,1.08,450.0
378465,2.80957,1.01546,0,189.66,0.8843997957576021,1.3,1.08,450.0
378466,2.820312,1.08532,0,189.66,0.9013775154459738,1.3,1.08,450.0
378467,2.830078,1.01273,0,189.66,0.9168126681621315,1.3,1.08,450.0
378468,2.839843,1.07133,0,189.66,0.9322462403793461,1.3,1.08,450.0
378469,2.849609,1.0464,0,189.66,0.9476813930954139,1.3,1.08,450.0
378470,2.859375,1.0465,0,189.66,0.9631165458115716,1.3,1.08,450.0
378471,2.870117,1.03067,0,189.66,0.9800942654999433,1.3,1.08,450.0
378472,2.879882,1.06156,0,189.66,0.995527837717158,1.3,1.08,450.0
378473,2.889648,0.96874,0,189.66,0.010962990433315722,1.3,1.08,450.0
378474,2.899414,1.12776,0,189.66,0.02639814314947353,1.3,1.08,450.0
378475,2.905273,0.93805,0,189.66,0.03565828647976632,1.3,1.08,450.0
378476,2.915039,0.99048,0,189.66,0.051093439195923906,1.3,1.08,450.0
378477,2.924804,1.11204,0,189.66,0.06652701141304873,1.3,1.08,450.0
378478,2.93457,1.3419,1,183.91,0.0,1.3,1.08,450.0
378479,2.945312,1.12327,0,183.91,0.016463272624039137,1.3,1.08,450.0
378480,2.955078,1.06906,0,183.91,0.03143072006834037,1.3,1.08,450.0
378481,2.964843,1.07577,0,183.91,0.046396634904879316,1.3,1.08,450.0
378482,2.974609,1.16395,0,183.91,0.06136408234909343,1.3,1.08,450.0
378483,2.984375,1.08745,0,183.91,0.07633152979339466,1.3,1.08,450.0
378484,2.990234,1.03797,0,183.91,0.08531107869528318,1.3,1.08,450.0
378485,3.0,1.05115,0,183.91,0.10027852613958442,1.3,1.08,450.0
378486,3.009765,1.20814,0,183.91,0.11524444097612335,1.3,1.08,450.0
378487,3.019531,1.39295,0,183.91,0.13021188842042458,1.3,1.08,450.0
378488,3.030273,1.83989,0,183.91,0.14667516104446374,1.3,1.08,450.0
378489,3.040039,2.32492,0,183.91,0.16164260848876494,1.3,1.08,450.0
378490,3.049804,2.75441,0,183.91,0.1766085233252168,1.3,1.08,450.0
378491,3.05957,2.8023,0,183.91,0.19157597076951802,1.3,1.08,450.0
378492,3.070312,2.28341,0,183.91,0.20803924339355717,1.3,1.08,450.0
378493,3.080078,2.00293,0,183.91,0.22300669083785837,1.3,1.08,450.0
378494,3.089843,2.56398,0,183.91,0.23797260567439735,1.3,1.08,450.0
378495,3.094726,2.02552,0,183.91,0.24545632939654796,1.3,1.08,450.0
378496,3.104492,2.21305,0,183.91,0.26042377684076207,1.3,1.08,450.0
378497,3.115234,2.2104,0,183.91,0.2768870494648012,1.3,1.08,450.0
378498,3.125,2.11596,0,183.91,0.2918544969091024,1.3,1.08,450.0
378499,3.134765,1.70593,0,183.91,0.3068204117456414,1.3,1.08,450.0
378500,3.144531,1.46506,0,183.91,0.3217878591899426,1.3,1.08,450.0
378501,3.155273,1.17687,0,183.91,0.33825113181398175,1.3,1.08,450.0
378502,3.165039,0.99545,0,183.91,0.353218579258283,1.3,1.08,450.0
378503,3.174804,0.97613,0,183.91,0.36818449409473486,1.3,1.08,450.0
378504,3.18457,1.08162,0,183.91,0.38315194153903603,1.3,1.08,450.0
378505,3.195312,1.30916,0,183.91,0.3996152141630752,1.3,1.08,450.0
378506,3.200195,1.49402,0,183.91,0.40709893788522583,1.3,1.08,450.0
378507,3.209961,1.5469,0,183.91,0.42206638532952706,1.3,1.08,450.0
378508,3.219726,1.48442,0,183.91,0.437032300166066,1.3,1.08,450.0
378509,3.229492,1.35292,0,183.91,0.4519997476102801,1.3,1.08,450.0
378510,3.240234,1.14442,0,183.91,0.4684630202343192,1.3,1.08,450.0
378511,3.25,0.97265,0,183.91,0.48343046767862047,1.3,1.08,450.0
378512,3.259765,0.83676,0,183.91,0.49839638251515944,1.3,1.08,450.0
378513,3.269531,0.84596,0,183.91,0.5133638299594606,1.3,1.08,450.0
378514,3.280273,0.96611,0,183.91,0.5298271025834997,1.3,1.08,450.0
378515,3.285156,1.15323,0,183.91,0.5373108263056504,1.3,1.08,450.0
378516,3.294922,1.35624,0,183.91,0.5522782737498645,1.3,1.08,450.0
378517,3.304687,1.4511,0,183.91,0.5672441885864035,1.3,1.08,450.0
378518,3.314453,1.4176,0,183.91,0.5822116360307047,1.3,1.08,450.0
378519,3.325195,1.28255,0,183.91,0.5986749086547438,1.3,1.08,450.0
378520,3.334961,1.20312,0,183.91,0.613642356099045,1.3,1.08,450.0
378521,3.344726,1.19983,0,183.91,0.6286082709355839,1.3,1.08,450.0
378522,3.354492,1.29004,0,183.91,0.6435757183797981,1.3,1.08,450.0
378523,3.365234,1.42293,0,183.91,0.6600389910038372,1.3,1.08,450.0
378524,3.375,1.57651,0,183.91,0.6750064384481385,1.3,1.08,450.0
378525,3.384765,1.7555,0,183.91,0.6899723532846774,1.3,1.08,450.0
378526,3.394531,1.86723,0,183.91,0.7049398007289788,1.3,1.08,450.0
378527,3.399414,1.9348,0,183.91,0.7124235244511292,1.3,1.08,450.0
378528,3.410156,1.98385,0,183.91,0.7288867970751683,1.3,1.08,450.0
378529,3.419922,2.06938,0,183.91,0.7438542445193825,1.3,1.08,450.0
378530,3.429687,2.17949,0,183.91,0.7588201593559215,1.3,1.08,450.0
378531,3.439453,2.25231,0,183.91,0.7737876068002227,1.3,1.08,450.0
378532,3.450195,2.25422,0,183.91,0.7902508794242619,1.3,1.08,450.0
378533,3.459961,2.26043,0,183.91,0.805218326868563,1.3,1.08,450.0
378534,3.469726,2.2683,0,183.91,0.820184241705102,1.3,1.08,450.0
378535,3.479492,2.22012,0,183.91,0.8351516891493161,1.3,1.08,450.0
378536,3.490234,2.19424,0,183.91,0.8516149617733553,1.3,1.08,450.0
378537,3.495117,2.18277,0,183.91,0.8590986854955058,1.3,1.08,450.0
378538,3.504882,2.22569,0,183.91,0.8740646003320448,1.3,1.08,450.0
378539,3.514648,2.36536,0,183.91,0.8890320477763461,1.3,1.08,450.0
378540,3.524414,2.52157,0,183.91,0.9039994952206473,1.3,1.08,450.0
378541,3.535156,2.61019,0,183.91,0.9204627678446864,1.3,1.08,450.0
378542,3.544922,2.65072,0,183.91,0.9354302152889005,1.3,1.08,450.0
378543,3.554687,2.75304,0,183.91,0.9503961301254394,1.3,1.08,450.0
378544,3.564453,1.68987,0,183.91,0.9653635775697408,1.3,1.08,450.0
378545,3.575195,1.65878,0,183.91,0.9818268501937799,1.3,1.08,450.0
378546,3.584961,3.25301,0,183.91,0.996794297638081,1.3,1.08,450.0
378547,3.589843,1.61186,0,183.91,0.004276488752469332,1.3,1.08,450.0
378548,3.599609,0.45864,0,183.91,0.01924393619668341,1.3,1.08,450.0
378549,3.609375,1.69803,1,181.48,0.0,1.3,1.08,450.0
378550,3.620117,2.917,0,181.48,0.016245432695128573,1.3,1.08,450.0
378551,3.629882,2.37027,0,181.48,0.031013320450507916,1.3,1.08,450.0
378552,3.639648,1.56465,0,181.48,0.04578272053437862,1.3,1.08,450.0
378553,3.649414,1.72003,0,181.48,0.06055212061824932,1.3,1.08,450.0
378554,3.660156,1.51275,0,181.48,0.07679755331337788,1.3,1.08,450.0
378555,3.669922,1.40509,0,181.48,0.09156695339716261,1.3,1.08,450.0
378556,3.679687,1.23959,0,181.48,0.10633484115254196,1.3,1.08,450.0
378557,3.689453,1.05047,0,181.48,0.12110424123641267,1.3,1.08,450.0
378558,3.695312,1.09263,0,181.48,0.1299649738896059,1.3,1.08,450.0
378559,3.705078,1.10095,0,181.48,0.1447343739734766,1.3,1.08,450.0
378560,3.714843,1.07464,0,181.48,0.15950226172885593,1.3,1.08,450.0
378561,3.724609,1.15307,0,181.48,0.17427166181264067,1.3,1.08,450.0
378562,3.734375,1.13138,0,181.48,0.18904106189651138,1.3,1.08,450.0
378563,3.745117,1.16488,0,181.48,0.20528649459163992,1.3,1.08,450.0
378564,3.754882,1.07798,0,181.48,0.22005438234701927,1.3,1.08,450.0
378565,3.764648,1.09602,0,181.48,0.23482378243088997,1.3,1.08,450.0
378566,3.774414,1.11661,0,181.48,0.24959318251476068,1.3,1.08,450.0
378567,3.780273,1.11642,0,181.48,0.2584539151679539,1.3,1.08,450.0
378568,3.790039,1.12833,0,181.48,0.2732233152518246,1.3,1.08,450.0
378569,3.799804,1.1234,0,181.48,0.28799120300711795,1.3,1.08,450.0
378570,3.80957,1.06102,0,181.48,0.3027606030909887,1.3,1.08,450.0
378571,3.820312,1.01154,0,181.48,0.31900603578611725,1.3,1.08,450.0
378572,3.830078,1.05136,0,181.48,0.333775435869988,1.3,1.08,450.0
378573,3.839843,1.05143,0,181.48,0.34854332362536733,1.3,1.08,450.0
378574,3.849609,1.02822,0,181.48,0.363312723709152,1.3,1.08,450.0
378575,3.859375,1.08041,0,181.48,0.37808212379302275,1.3,1.08,450.0
378576,3.870117,0.94795,0,181.48,0.3943275564881513,1.3,1.08,450.0
378577,3.879882,1.10533,0,181.48,0.40909544424353067,1.3,1.08,450.0
378578,3.889648,0.93857,0,181.48,0.4238648443274014,1.3,1.08,450.0
378579,3.894531,1.06681,0,181.48,0.4312495443693367,1.3,1.08,450.0
378580,3.905273,1.0082,0,181.48,0.4474949770644653,1.3,1.08,450.0
378581,3.915039,0.98067,0,181.48,0.46226437714833596,1.3,1.08,450.0
378582,3.924804,0.94761,0,181.48,0.4770322649036293,1.3,1.08,450.0
378583,3.93457,0.95374,0,181.48,0.49180166498750005,1.3,1.08,450.0
378584,3.945312,0.95014,0,181.48,0.5080470976826287,1.3,1.08,450.0
378585,3.955078,0.97576,0,181.48,0.5228164977664993,1.3,1.08,450.0
378586,3.964843,1.01622,0,181.48,0.5375843855218786,1.3,1.08,450.0
378587,3.974609,1.03879,0,181.48,0.5523537856056635,1.3,1.08,450.0
378588,3.984375,1.01309,0,181.48,0.5671231856895341,1.3,1.08,450.0
378589,3.990234,1.01122,0,181.48,0.5759839183427273,1.3,1.08,450.0
378590,4.0,1.02662,0,181.48,0.5907533184265981,1.3,1.08,450.0
378591,4.009765,1.08404,0,181.48,0.6055212061819774,1.3,1.08,450.0
378592,4.019531,1.0262,0,181.48,0.6202906062658481,1.3,1.08,450.0
378593,4.030273,1.07786,0,181.48,0.6365360389609767,1.3,1.08,450.0
378594,4.040039,1.01801,0,181.48,0.6513054390448474,1.3,1.08,450.0
378595,4.049804,1.09196,0,181.48,0.6660733268001408,1.3,1.08,450.0
378596,4.05957,0.99039,0,181.48,0.6808427268840114,1.3,1.08,450.0
378597,4.070312,1.13304,0,181.48,0.6970881595791399,1.3,1.08,450.0
378598,4.080078,0.9728,0,181.48,0.7118575596630107,1.3,1.08,450.0
378599,4.084961,1.07818,0,181.48,0.719242259704946,1.3,1.08,450.0
378600,4.094726,1.03129,0,181.48,0.7340101474603254,1.3,1.08,450.0
378601,4.104492,1.03859,0,181.48,0.7487795475441101,1.3,1.08,450.0
378602,4.115234,1.02058,0,181.48,0.7650249802392387,1.3,1.08,450.0
378603,4.125,1.08984,0,181.48,0.7797943803231093,1.3,1.08,450.0
378604,4.134765,1.07031,0,181.48,0.7945622680784887,1.3,1.08,450.0
378605,4.144531,1.04769,0,181.48,0.8093316681623595,1.3,1.08,450.0
378606,4.155273,1.05516,0,181.48,0.825577100857488,1.3,1.08,450.0
378607,4.165039,1.06824,0,181.48,0.8403465009413587,1.3,1.08,450.0
378608,4.174804,1.05848,0,181.48,0.8551143886966521,1.3,1.08,450.0
378609,4.18457,1.03237,0,181.48,0.8698837887805229,1.3,1.08,450.0
378610,4.195312,1.05667,0,181.48,0.8861292214756513,1.3,1.08,450.0
378611,4.200195,1.03312,0,181.48,0.8935139215175867,1.3,1.08,450.0
378612,4.209961,1.01546,0,181.48,0.9082833216014574,1.3,1.08,450.0
378613,4.219726,0.99074,0,181.48,0.9230512093568367,1.3,1.08,450.0
378614,4.229492,1.03592,0,181.48,0.9378206094406215,1.3,1.08,450.0
378615,4.240234,1.26616,0,181.48,0.9540660421357501,1.3,1.08,450.0
378616,4.25,1.23702,0,181.48,0.9688354422196208,1.3,1.08,450.0
378617,4.259765,1.09289,0,181.48,0.9836033299750001,1.3,1.08,450.0
378618,4.269531,1.04605,0,181.48,0.9983727300588707,1.3,1.08,450.0
378619,4.280273,1.09743,0,181.48,0.014618162753999409,1.3,1.08,450.0
378620,4.285156,1.13961,0,181.48,0.022002862795934774,1.3,1.08,450.0
378621,4.294922,1.08242,0,181.48,0.036772262879719575,1.3,1.08,450.0
378622,4.304687,1.05642,0,181.48,0.05154015063509876,1.3,1.08,450.0
378623,4.314453,1.25616,0,181.48,0.06630955071896949,1.3,1.08,450.0
378624,4.325195,1.47705,1,175.94,0.0,1.3,1.08,450.0
378625,4.334961,1.85486,0,175.94,0.01431887790342133,1.3,1.08,450.0
378626,4.344726,2.48868,0,175.94,0.02863628961005101,1.3,1.08,450.0
378627,4.354492,2.66968,0,175.94,0.042955167513388993,1.3,1.08,450.0
378628,4.365234,2.66609,0,175.94,0.05870505348904413,1.3,1.08,450.0
378629,4.375,2.23962,0,175.94,0.07302393139246546,1.3,1.08,450.0
378630,4.384765,2.30167,0,175.94,0.08734134309909515,1.3,1.08,450.0
378631,4.394531,2.4093,0,175.94,0.10166022100251647,1.3,1.08,450.0
378632,4.399414,1.85451,0,175.94,0.10881965995422713,1.3,1.08,450.0
378633,4.410156,2.46675,0,175.94,0.12456954592988227,1.3,1.08,450.0
378634,4.419922,1.91104,0,175.94,0.13888842383322025,1.3,1.08,450.0
378635,4.429687,1.99818,0,175.94,0.15320583553984995,1.3,1.08,450.0
378636,4.439453,1.66164,0,175.94,0.16752471344327127,1.3,1.08,450.0
378637,4.450195,1.41625,0,175.94,0.1832745994189264,1.3,1.08,450.0
378638,4.459961,1.12391,0,175.94,0.19759347732234772,1.3,1.08,450.0
378639,4.469726,0.96827,0,175.94,0.21191088902897742,1.3,1.08,450.0
378640,4.479492,1.01079,0,175.94,0.2262297669323154,1.3,1.08,450.0
378641,4.490234,1.17919,0,175.94,0.24197965290797052,1.3,1.08,450.0
378642,4.495117,1.39217,0,175.94,0.2491390918596812,1.3,1.08,450.0
378643,4.504882,1.50168,0,175.94,0.2634565035663109,1.3,1.08,450.0
378644,4.514648,1.47506,0,175.94,0.27777538146973224,1.3,1.08,450.0
378645,4.524414,1.37751,0,175.94,0.29209425937315353,1.3,1.08,450.0
378646,4.535156,1.28151,0,175.94,0.30784414534880866,1.3,1.08,450.0
378647,4.544922,1.17451,0,175.94,0.32216302325214663,1.3,1.08,450.0
378648,4.554687,1.10827,0,175.94,0.33648043495877633,1.3,1.08,450.0
378649,4.564453,1.09464,0,175.94,0.3507993128621977,1.3,1.08,450.0
378650,4.575195,1.12401,0,175.94,0.3665491988378528,1.3,1.08,450.0
378651,4.584961,1.14812,0,175.94,0.38086807674127415,1.3,1.08,450.0
378652,4.589843,1.22577,0,175.94,0.3880260494961931,1.3,1.08,450.0
378653,4.599609,1.33477,0,175.94,0.4023449273995311,1.3,1.08,450.0
378654,4.609375,1.43002,0,175.94,0.41666380530295244,1.3,1.08,450.0
378655,4.620117,1.47648,0,175.94,0.43241369127860757,1.3,1.08,450.0
378656,4.629882,1.47257,0,175.94,0.44673110298523727,1.3,1.08,450.0
378657,4.639648,1.42243,0,175.94,0.4610499808886586,1.3,1.08,450.0
378658,4.649414,1.37087,0,175.94,0.4753688587920799,1.3,1.08,450.0
378659,4.660156,1.42311,0,175.94,0.49111874476773504,1.3,1.08,450.0
378660,4.669922,1.53039,0,175.94,0.5054376226710731,1.3,1.08,450.0
378661,4.679687,1.64486,0,175.94,0.5197550343777028,1.3,1.08,450.0
378662,4.689453,1.77853,0,175.94,0.5340739122811241,1.3,1.08,450.0
378663,4.695312,1.93834,0,175.94,0.5426643593050685,1.3,1.08,450.0
378664,4.705078,2.14378,0,175.94,0.5569832372084899,1.3,1.08,450.0
378665,4.714843,2.31224,0,175.94,0.5713006489151196,1.3,1.08,450.0
378666,4.724609,2.40851,0,175.94,0.5856195268184575,1.3,1.08,450.0
378667,4.734375,2.41161,0,175.94,0.5999384047218789,1.3,1.08,450.0
378668,4.745117,2.32992,0,175.94,0.6156882906975341,1.3,1.08,450.0
378669,4.754882,2.2158,0,175.94,0.6300057024041636,1.3,1.08,450.0
378670,4.764648,2.13586,0,175.94,0.644324580307585,1.3,1.08,450.0
378671,4.774414,2.0913,0,175.94,0.6586434582110063,1.3,1.08,450.0
378672,4.780273,2.04932,0,175.94,0.6672339052349509,1.3,1.08,450.0
378673,4.790039,2.00053,0,175.94,0.6815527831383721,1.3,1.08,450.0
378674,4.799804,1.99727,0,175.94,0.6958701948449184,1.3,1.08,450.0
378675,4.80957,2.13475,0,175.94,0.7101890727483399,1.3,1.08,450.0
378676,4.820312,2.33053,0,175.94,0.7259389587239949,1.3,1.08,450.0
378677,4.830078,2.42254,0,175.94,0.7402578366274163,1.3,1.08,450.0
378678,4.839843,2.37569,0,175.94,0.754575248334046,1.3,1.08,450.0
378679,4.849609,2.23919,0,175.94,0.768894126237384,1.3,1.08,450.0
378680,4.859375,2.17723,0,175.94,0.7832130041408053,1.3,1.08,450.0
378681,4.870117,1.4737,0,175.94,0.7989628901164604,1.3,1.08,450.0
378682,4.879882,1.26586,0,175.94,0.8132803018230901,1.3,1.08,450.0
378683,4.889648,2.79177,0,175.94,0.8275991797265114,1.3,1.08,450.0
378684,4.894531,1.86191,0,175.94,0.8347586186782221,1.3,1.08,450.0
378685,4.905273,0.73138,0,175.94,0.8505085046538772,1.3,1.08,450.0
378686,4.915039,1.14,0,175.94,0.8648273825572985,1.3,1.08,450.0
378687,4.924804,2.7262,1,185.62,0.0,1.3,1.08,450.0
378688,4.93457,2.48511,0,185.62,0.015106238959857054,1.3,1.08,450.0
378689,4.945312,1.58617,0,185.62,0.03172217372398402,1.3,1.08,450.0
378690,4.955078,1.0781,0,185.62,0.04682841268384107,1.3,1.08,450.0
378691,4.964843,1.3086,0,185.62,0.06193310482423041,1.3,1.08,450.0
378692,4.974609,2.08595,0,185.62,0.07703934378399954,1.3,1.08,450.0
378693,4.984375,1.48745,0,185.62,0.09214558274385659,1.3,1.08,450.0
378694,4.990234,1.24996,0,185.62,0.10120839802805502,1.3,1.08,450.0
378695,5.0,1.18692,0,185.62,0.11631463698791207,1.3,1.08,450.0
378696,5.009765,1.21404,0,185.62,0.13141932912830143,1.3,1.08,450.0
378697,5.019531,1.14467,0,185.62,0.14652556808815848,1.3,1.08,450.0
378698,5.030273,1.145,0,185.62,0.16314150285228543,1.3,1.08,450.0
378699,5.040039,1.16974,0,185.62,0.1782477418121425,1.3,1.08,450.0
378700,5.049804,1.19416,0,185.62,0.1933524339524439,1.3,1.08,450.0
378701,5.05957,1.07405,0,185.62,0.20845867291230094,1.3,1.08,450.0
378702,5.070312,1.09193,0,185.62,0.22507460767642792,1.3,1.08,450.0
378703,5.080078,1.09979,0,185.62,0.24018084663628497,1.3,1.08,450.0
378704,5.084961,1.22628,0,185.62,0.24773396611621348,1.3,1.08,450.0
378705,5.094726,1.04374,0,185.62,0.26283865825660285,1.3,1.08,450.0
378706,5.104492,1.10751,0,185.62,0.277944897216372,1.3,1.08,450.0
378707,5.115234,0.99691,0,185.62,0.2945608319804989,1.3,1.08,450.0
378708,5.125,1.03738,0,185.62,0.309667070940356,1.3,1.08,450.0
378709,5.134765,1.02357,0,185.62,0.32477176308074535,1.3,1.08,450.0
378710,5.144531,1.02637,0,185.62,0.33987800204060237,1.3,1.08,450.0
378711,5.155273,1.05325,0,185.62,0.35649393680472935,1.3,1.08,450.0
378712,5.165039,1.01225,0,185.62,0.3716001757645864,1.3,1.08,450.0
378713,5.174804,1.05333,0,185.62,0.3867048679048878,1.3,1.08,450.0
378714,5.18457,1.00927,0,185.62,0.40181110686474486,1.3,1.08,450.0
378715,5.195312,1.06359,0,185.62,0.41842704162887184,1.3,1.08,450.0
378716,5.200195,1.02981,0,185.62,0.4259801611088003,1.3,1.08,450.0
378717,5.209961,1.04065,0,185.62,0.4410864000686574,1.3,1.08,450.0
378718,5.219726,1.00637,0,185.62,0.45619109220904674,1.3,1.08,450.0
378719,5.229492,1.06385,0,185.62,0.4712973311688159,1.3,1.08,450.0
378720,5.240234,0.9179,0,185.62,0.4879132659329428,1.3,1.08,450.0
378721,5.25,1.04886,0,185.62,0.5030195048927999,1.3,1.08,450.0
378722,5.259765,0.9534,0,185.62,0.5181241970331892,1.3,1.08,450.0
378723,5.269531,1.0068,0,185.62,0.5332304359930463,1.3,1.08,450.0
378724,5.280273,0.99889,0,185.62,0.5498463707571732,1.3,1.08,450.0
378725,5.285156,1.01607,0,185.62,0.5573994902371017,1.3,1.08,450.0
378726,5.294922,1.00936,0,185.62,0.5725057291968709,1.3,1.08,450.0
378727,5.304687,1.07123,0,185.62,0.5876104213372603,1.3,1.08,450.0
378728,5.314453,1.02878,0,185.62,0.6027166602971173,1.3,1.08,450.0
378729,5.325195,1.04097,0,185.62,0.6193325950612443,1.3,1.08,450.0
378730,5.334961,1.05394,0,185.62,0.6344388340211012,1.3,1.08,450.0
378731,5.344726,1.01589,0,185.62,0.6495435261614907,1.3,1.08,450.0
378732,5.354492,1.03528,0,185.62,0.6646497651212597,1.3,1.08,450.0
378733,5.365234,0.96959,0,185.62,0.6812656998853868,1.3,1.08,450.0
378734,5.375,1.03063,0,185.62,0.6963719388452438,1.3,1.08,450.0
378735,5.384765,1.07694,0,185.62,0.7114766309856331,1.3,1.08,450.0
378736,5.389648,1.07352,0,185.62,0.7190297504655617,1.3,1.08,450.0
378737,5.399414,1.09984,0,185.62,0.7341359894254187,1.3,1.08,450.0
378738,5.410156,1.04278,0,185.62,0.7507519241895456,1.3,1.08,450.0
378739,5.419922,1.05171,0,185.62,0.7658581631493148,1.3,1.08,450.0
378740,5.429687,1.02851,0,185.62,0.7809628552897042,1.3,1.08,450.0
378741,5.439453,1.07546,0,185.62,0.7960690942495613,1.3,1.08,450.0
378742,5.450195,1.02562,0,185.62,0.8126850290136881,1.3,1.08,450.0
378743,5.459961,1.10474,0,185.62,0.8277912679735452,1.3,1.08,450.0
378744,5.469726,1.01564,0,185.62,0.8428959601139346,1.3,1.08,450.0
378745,5.479492,1.0625,0,185.62,0.8580021990737037,1.3,1.08,450.0
378746,5.490234,0.96601,0,185.62,0.8746181338378307,1.3,1.08,450.0
378747,5.495117,1.1201,0,185.62,0.8821712533177591,1.3,1.08,450.0
378748,5.504882,1.01908,0,185.62,0.8972759454581485,1.3,1.08,450.0
378749,5.514648,1.03635,0,185.62,0.9123821844180056,1.3,1.08,450.0
378750,5.524414,1.04954,0,185.62,0.9274884233778626,1.3,1.08,450.0
378751,5.535156,0.99113,0,185.62,0.9441043581419016,1.3,1.08,450.0
378752,5.544922,1.03459,0,185.62,0.9592105971017587,1.3,1.08,450.0
378753,5.554687,0.89915,0,185.62,0.974315289242148,1.3,1.08,450.0
378754,5.564453,1.01002,0,185.62,0.9894215282020051,1.3,1.08,450.0
378755,5.575195,1.05304,0,185.62,0.006037462966220097,1.3,1.08,450.0
378756,5.580078,1.30157,1,184.62,0.0,1.3,1.08,450.0
378757,5.589843,1.127,0,184.62,0.015023680510087517,1.3,1.08,450.0
378758,5.599609,1.06943,0,184.62,0.03004889954352087,1.3,1.08,450.0
378759,5.609375,1.02953,0,184.62,0.04507411857695423,1.3,1.08,450.0
378760,5.620117,1.17751,0,184.62,0.06160093639960098,1.3,1.08,450.0
378761,5.629882,1.21089,0,184.62,0.0766246169096885,1.3,1.08,450.0
378762,5.639648,1.10355,0,184.62,0.09164983594312186,1.3,1.08,450.0
378763,5.649414,1.18141,0,184.62,0.1066750549765552,1.3,1.08,450.0
378764,5.660156,1.35571,0,184.62,0.12320187279920196,1.3,1.08,450.0
378765,5.669922,1.59303,0,184.62,0.13822709183263532,1.3,1.08,450.0
378766,5.679687,1.96736,0,184.62,0.15325077234272286,1.3,1.08,450.0
378767,5.689453,2.31492,0,184.62,0.1682759913761562,1.3,1.08,450.0
378768,5.695312,2.79554,0,184.62,0.17729019968217372,1.3,1.08,450.0
378769,5.705078,2.75702,0,184.62,0.19231541871560706,1.3,1.08,450.0
378770,5.714843,2.53864,0,184.62,0.20733909922569457,1.3,1.08,450.0
378771,5.724609,2.1912,0,184.62,0.22236431825912797,1.3,1.08,450.0
378772,5.734375,2.19295,0,184.62,0.23738953729256132,1.3,1.08,450.0
378773,5.745117,1.81474,0,184.62,0.25391635511520805,1.3,1.08,450.0
378774,5.754882,2.1817,0,184.62,0.26894003562529556,1.3,1.08,450.0
378775,5.764648,1.92194,0,184.62,0.28396525465872896,1.3,1.08,450.0
378776,5.774414,2.63698,0,184.62,0.2989904736921623,1.3,1.08,450.0
378777,5.780273,1.41165,0,184.62,0.3080046819981798,1.3,1.08,450.0
378778,5.790039,1.16523,0,184.62,0.32302990103161316,1.3,1.08,450.0
378779,5.799804,0.88986,0,184.62,0.3380535815417007,1.3,1.08,450.0
378780,5.80957,0.772,0,184.62,0.3530788005751341,1.3,1.08,450.0
378781,5.820312,0.80739,0,184.62,0.3696056183977808,1.3,1.08,450.0
378782,5.830078,0.91783,0,184.62,0.3846308374312141,1.3,1.08,450.0
378783,5.839843,1.13453,0,184.62,0.39965451794130163,1.3,1.08,450.0
378784,5.849609,1.35397,0,184.62,0.41467973697473504,1.3,1.08,450.0
378785,5.859375,1.45339,0,184.62,0.4297049560081684,1.3,1.08,450.0
378786,5.870117,1.41763,0,184.62,0.44623177383081514,1.3,1.08,450.0
378787,5.879882,1.26491,0,184.62,0.4612554543409026,1.3,1.08,450.0
378788,5.884765,1.04294,0,184.62,0.46876806385753184,1.3,1.08,450.0
378789,5.894531,0.88658,0,184.62,0.48379328289096524,1.3,1.08,450.0
378790,5.905273,0.88415,0,184.62,0.5003201007137869,1.3,1.08,450.0
378791,5.915039,0.92407,0,184.62,0.5153453197472202,1.3,1.08,450.0
378792,5.924804,1.0925,0,184.62,0.5303690002573077,1.3,1.08,450.0
378793,5.93457,1.29515,0,184.62,0.5453942192907412,1.3,1.08,450.0
378794,5.945312,1.47285,0,184.62,0.5619210371133878,1.3,1.08,450.0
378795,5.955078,1.46843,0,184.62,0.5769462561468212,1.3,1.08,450.0
378796,5.964843,1.29978,0,184.62,0.5919699366569088,1.3,1.08,450.0
378797,5.974609,1.1565,0,184.62,0.6069951556903421,1.3,1.08,450.0
378798,5.984375,1.03576,0,184.62,0.6220203747237754,1.3,1.08,450.0
378799,5.990234,1.12819,0,184.62,0.631034583029793,1.3,1.08,450.0
378800,6.0,1.3025,0,184.62,0.6460598020632263,1.3,1.08,450.0
378801,6.009765,1.47283,0,184.62,0.6610834825731389,1.3,1.08,450.0
378802,6.019531,1.61325,0,184.62,0.6761087016065723,1.3,1.08,450.0
378803,6.030273,1.73215,0,184.62,0.692635519429394,1.3,1.08,450.0
378804,6.040039,1.85817,0,184.62,0.7076607384628273,1.3,1.08,450.0
378805,6.049804,2.00376,0,184.62,0.7226844189729148,1.3,1.08,450.0
378806,6.05957,2.14232,0,184.62,0.7377096380063483,1.3,1.08,450.0
378807,6.070312,2.19951,0,184.62,0.7542364558289949,1.3,1.08,450.0
378808,6.075195,2.20493,0,184.62,0.7617490653457991,1.3,1.08,450.0
378809,6.084961,2.12682,0,184.62,0.7767742843790575,1.3,1.08,450.0
378810,6.094726,2.07081,0,184.62,0.7917979648891451,1.3,1.08,450.0
378811,6.104492,2.07699,0,184.62,0.8068231839225783,1.3,1.08,450.0
378812,6.115234,2.09268,0,184.62,0.8233500017454001,1.3,1.08,450.0
378813,6.125,2.06979,0,184.62,0.8383752207788334,1.3,1.08,450.0
378814,6.134765,2.02768,0,184.62,0.853398901288746,1.3,1.08,450.0
378815,6.144531,2.01407,0,184.62,0.8684241203221794,1.3,1.08,450.0
378816,6.155273,2.07862,0,184.62,0.884950938145001,1.3,1.08,450.0
378817,6.165039,2.18046,0,184.62,0.8999761571784344,1.3,1.08,450.0
378818,6.174804,2.29719,0,184.62,0.9149998376885219,1.3,1.08,450.0
378819,6.18457,2.43275,0,184.62,0.9300250567219553,1.3,1.08,450.0
378820,6.195312,2.49268,0,184.62,0.946551874544602,1.3,1.08,450.0
378821,6.200195,2.4162,0,184.62,0.9540644840614062,1.3,1.08,450.0
378822,6.209961,2.27673,0,184.62,0.9690897030946647,1.3,1.08,450.0
378823,6.219726,0.85309,0,184.62,0.9841133836047521,1.3,1.08,450.0
378824,6.229492,1.79337,1,184.69,0.0,1.3,1.08,450.0
378825,6.240234,3.18944,0,184.69,0.01653251719515466,1.3,1.08,450.0
378826,6.25,1.64663,0,184.69,0.03156291776556473,1.3,1.08,450.0
378827,6.259765,1.02523,0,184.69,0.04659177928188499,1.3,1.08,450.0
378828,6.269531,0.8448,0,184.69,0.06162217985229506,1.3,1.08,450.0
378829,6.280273,2.57014,0,184.69,0.07815469704744972,1.3,1.08,450.0
378830,6.285156,2.56432,0,184.69,0.08566989733256727,1.3,1.08,450.0
378831,6.294922,1.41656,0,184.69,0.10070029790297735,1.3,1.08,450.0
378832,6.304687,0.92155,0,184.69,0.11572915941947257,1.3,1.08,450.0
378833,6.314453,1.76718,0,184.69,0.13075955998988265,1.3,1.08,450.0
378834,6.325195,1.79918,0,184.69,0.14729207718503728,1.3,1.08,450.0
378835,6.334961,1.35121,0,184.69,0.1623224777552724,1.3,1.08,450.0
378836,6.344726,1.18869,0,184.69,0.17735133927176763,1.3,1.08,450.0
378837,6.354492,1.26337,0,184.69,0.1923817398421777,1.3,1.08,450.0
378838,6.365234,1.31744,0,184.69,0.20891425703733235,1.3,1.08,450.0
378839,6.375,1.12098,0,184.69,0.22394465760774243,1.3,1.08,450.0
378840,6.384765,1.02107,0,184.69,0.23897351912406267,1.3,1.08,450.0
378841,6.389648,1.23166,0,184.69,0.24648871940935518,1.3,1.08,450.0
378842,6.399414,1.11805,0,184.69,0.2615191199797653,1.3,1.08,450.0
378843,6.410156,1.13601,0,184.69,0.27805163717474496,1.3,1.08,450.0
378844,6.419922,1.03927,0,184.69,0.293082037745155,1.3,1.08,450.0
378845,6.429687,1.10658,0,184.69,0.30811089926165025,1.3,1.08,450.0
378846,6.439453,1.09707,0,184.69,0.32314129983206036,1.3,1.08,450.0
378847,6.450195,1.05811,0,184.69,0.339673817027215,1.3,1.08,450.0
378848,6.459961,1.06359,0,184.69,0.35470421759745013,1.3,1.08,450.0
378849,6.469726,1.02916,0,184.69,0.3697330791139454,1.3,1.08,450.0
378850,6.479492,1.04143,0,184.69,0.3847634796843554,1.3,1.08,450.0
378851,6.490234,1.00896,0,184.69,0.40129599687951006,1.3,1.08,450.0
378852,6.495117,1.0131,0,184.69,0.4088111971646276,1.3,1.08,450.0
378853,6.504882,1.0437,0,184.69,0.4238400586811228,1.3,1.08,450.0
378854,6.514648,1.04418,0,184.69,0.43887045925153295,1.3,1.08,450.0
378855,6.524414,1.01236,0,184.69,0.453900859821943,1.3,1.08,450.0
378856,6.535156,0.9772,0,184.69,0.47043337701692267,1.3,1.08,450.0
378857,6.544922,1.04028,0,184.69,0.4854637775873327,1.3,1.08,450.0
378858,6.554687,1.0065,0,184.69,0.5004926391038279,1.3,1.08,450.0
378859,6.564453,0.96577,0,184.69,0.5155230396742381,1.3,1.08,450.0
378860,6.575195,1.00149,0,184.69,0.5320555568693927,1.3,1.08,450.0
378861,6.580078,0.99087,0,184.69,0.5395707571545103,1.3,1.08,450.0
378862,6.589843,1.03858,0,184.69,0.5545996186710055,1.3,1.08,450.0
378863,6.599609,1.01978,0,184.69,0.5696300192414155,1.3,1.08,450.0
378864,6.609375,1.04149,0,184.69,0.5846604198118256,1.3,1.08,450.0
378865,6.620117,1.01604,0,184.69,0.6011929370068053,1.3,1.08,450.0
378866,6.629882,1.05391,0,184.69,0.6162217985233005,1.3,1.08,450.0
378867,6.639648,1.07538,0,184.69,0.6312521990937106,1.3,1.08,450.0
378868,6.649414,1.08688,0,184.69,0.6462825996641207,1.3,1.08,450.0
378869,6.660156,1.05111,0,184.69,0.6628151168591003,1.3,1.08,450.0
378870,6.669922,1.06081,0,184.69,0.6778455174295105,1.3,1.08,450.0
378871,6.679687,1.05823,0,184.69,0.6928743789460057,1.3,1.08,450.0
378872,6.689453,1.04756,0,184.69,0.7079047795164157,1.3,1.08,450.0
378873,6.695312,1.04727,0,184.69,0.7169220964262778,1.3,1.08,450.0
378874,6.705078,1.0412,0,184.69,0.7319524969966879,1.3,1.08,450.0
378875,6.714843,1.03467,0,184.69,0.7469813585131831,1.3,1.08,450.0
378876,6.724609,0.99678,0,184.69,0.7620117590835933,1.3,1.08,450.0
378877,6.734375,1.0698,0,184.69,0.7770421596540034,1.3,1.08,450.0
378878,6.745117,1.02744,0,184.69,0.7935746768489831,1.3,1.08,450.0
378879,6.754882,1.03093,0,184.69,0.8086035383654783,1.3,1.08,450.0
378880,6.764648,1.02913,0,184.69,0.8236339389358883,1.3,1.08,450.0
378881,6.774414,1.02642,0,184.69,0.8386643395062984,1.3,1.08,450.0
378882,6.780273,1.01312,0,184.69,0.8476816564161606,1.3,1.08,450.0
378883,6.790039,1.04643,0,184.69,0.8627120569865706,1.3,1.08,450.0
378884,6.799804,0.96621,0,184.69,0.8777409185030659,1.3,1.08,450.0
378885,6.80957,1.07703,0,184.69,0.892771319073476,1.3,1.08,450.0
378886,6.820312,1.01152,0,184.69,0.9093038362684556,1.3,1.08,450.0
378887,6.830078,1.08672,0,184.69,0.9243342368388656,1.3,1.08,450.0
378888,6.839843,1.05766,0,184.69,0.9393630983553609,1.3,1.08,450.0
378889,6.849609,1.01451,0,184.69,0.954393498925771,1.3,1.08,450.0
378890,6.859375,1.04958,0,184.69,0.969423899496181,1.3,1.08,450.0
378891,6.870117,1.01389,0,184.69,0.9859564166911607,1.3,1.08,450.0
378892,6.879882,1.03331,0,184.69,0.0009852782076558153,1.3,1.08,450.0
378893,6.884765,1.01656,0,184.69,0.008500478492773578,1.3,1.08,450.0
378894,6.894531,0.93587,0,184.69,0.02353087906318363,1.3,1.08,450.0
378895,6.905273,0.99599,0,184.69,0.040063396258338324,1.3,1.08,450.0
378896,6.915039,1.18673,0,184.69,0.055093796828748376,1.3,1.08,450.0
378897,6.924804,1.43847,1,179.85,0.0,1.3,1.08,450.0
378898,6.93457,1.09717,0,179.85,0.014636437640732162,1.3,1.08,450.0
378899,6.945312,1.14263,0,179.85,0.03073561981722226,1.3,1.08,450.0
378900,6.955078,1.02679,0,179.85,0.045372057457954425,1.3,1.08,450.0
378901,6.964843,1.25596,0,179.85,0.060006996385026566,1.3,1.08,450.0
378902,6.974609,1.06833,0,179.85,0.07464343402575872,1.3,1.08,450.0
378903,6.984375,1.15373,0,179.85,0.08927987166649089,1.3,1.08,450.0
378904,6.990234,0.90708,0,179.85,0.09806083502270009,1.3,1.08,450.0
378905,7.0,1.32285,0,179.85,0.11269727266343225,1.3,1.08,450.0
378906,7.009765,1.36756,0,179.85,0.127332211590334,1.3,1.08,450.0
378907,7.019531,1.95833,0,179.85,0.14196864923106617,1.3,1.08,450.0
378908,7.030273,2.59066,0,179.85,0.15806783140772665,1.3,1.08,450.0
378909,7.040039,3.11439,0,179.85,0.17270426904845884,1.3,1.08,450.0
378910,7.049804,2.9692,0,179.85,0.18733920797553097,1.3,1.08,450.0
378911,7.05957,2.38801,0,179.85,0.2019756456162631,1.3,1.08,450.0
378912,7.070312,2.87296,0,179.85,0.2180748277927532,1.3,1.08,450.0
378913,7.075195,1.82705,0,179.85,0.22539304661320447,1.3,1.08,450.0
378914,7.084961,1.99447,0,179.85,0.24002948425376627,1.3,1.08,450.0
378915,7.094726,2.03724,0,179.85,0.25466442318083843,1.3,1.08,450.0
378916,7.104492,1.76353,0,179.85,0.26930086082157056,1.3,1.08,450.0
378917,7.115234,1.68796,0,179.85,0.285400042998231,1.3,1.08,450.0
378918,7.125,1.371,0,179.85,0.3000364806389632,1.3,1.08,450.0
378919,7.134765,1.06846,0,179.85,0.314671419565865,1.3,1.08,450.0
378920,7.144531,0.86852,0,179.85,0.32930785720659717,1.3,1.08,450.0
378921,7.155273,0.87172,0,179.85,0.3454070393832576,1.3,1.08,450.0
378922,7.165039,1.01365,0,179.85,0.3600434770239898,1.3,1.08,450.0
378923,7.174804,1.24053,0,179.85,0.37467841595106194,1.3,1.08,450.0
378924,7.18457,1.38291,0,179.85,0.3893148535917941,1.3,1.08,450.0
378925,7.189453,1.39057,0,179.85,0.39663307241207496,1.3,1.08,450.0
378926,7.200195,1.34981,0,179.85,0.4127322545887354,1.3,1.08,450.0
378927,7.209961,1.25488,0,179.85,0.42736869222929724,1.3,1.08,450.0
378928,7.219726,1.10468,0,179.85,0.44200363115636937,1.3,1.08,450.0
378929,7.229492,0.99243,0,179.85,0.4566400687971015,1.3,1.08,450.0
378930,7.240234,0.91627,0,179.85,0.47273925097376196,1.3,1.08,450.0
378931,7.25,0.93981,0,179.85,0.4873756886144942,1.3,1.08,450.0
378932,7.259765,1.08063,0,179.85,0.5020106275413959,1.3,1.08,450.0
378933,7.269531,1.25713,0,179.85,0.5166470651821281,1.3,1.08,450.0
378934,7.280273,1.37083,0,179.85,0.5327462473587886,1.3,1.08,450.0
378935,7.285156,1.38455,0,179.85,0.5400644661790694,1.3,1.08,450.0
378936,7.294922,1.30504,0,179.85,0.5547009038198016,1.3,1.08,450.0
378937,7.304687,1.25925,0,179.85,0.5693358427468738,1.3,1.08,450.0
378938,7.314453,1.2146,0,179.85,0.583972280387606,1.3,1.08,450.0
378939,7.325195,1.26892,0,179.85,0.6000714625642664,1.3,1.08,450.0
378940,7.334961,1.36368,0,179.85,0.6147079002048282,1.3,1.08,450.0
378941,7.344726,1.44614,0,179.85,0.6293428391319004,1.3,1.08,450.0
378942,7.354492,1.52118,0,179.85,0.6439792767726326,1.3,1.08,450.0
378943,7.365234,1.6341,0,179.85,0.660078458949293,1.3,1.08,450.0
378944,7.375,1.81241,0,179.85,0.6747148965900251,1.3,1.08,450.0
378945,7.379882,1.99784,0,179.85,0.682031616696646,1.3,1.08,450.0
378946,7.389648,2.0942,0,179.85,0.6966680543373781,1.3,1.08,450.0
378947,7.399414,2.11903,0,179.85,0.7113044919781103,1.3,1.08,450.0
378948,7.410156,2.09895,0,179.85,0.7274036741546005,1.3,1.08,450.0
378949,7.419922,2.04967,0,179.85,0.7420401117953326,1.3,1.08,450.0
378950,7.429687,1.99491,0,179.85,0.7566750507224047,1.3,1.08,450.0
378951,7.439453,1.94991,0,179.85,0.7713114883631369,1.3,1.08,450.0
378952,7.450195,1.96782,0,179.85,0.7874106705397974,1.3,1.08,450.0
378953,7.459961,1.98076,0,179.85,0.8020471081803591,1.3,1.08,450.0
378954,7.469726,1.97285,0,179.85,0.8166820471074313,1.3,1.08,450.0
378955,7.479492,2.05367,0,179.85,0.8313184847481634,1.3,1.08,450.0
378956,7.490234,2.11413,0,179.85,0.847417666924824,1.3,1.08,450.0
378957,7.495117,2.21196,0,179.85,0.8547358857451048,1.3,1.08,450.0
378958,7.504882,2.33991,0,179.85,0.869370824672177,1.3,1.08,450.0
378959,7.514648,2.41269,0,179.85,0.8840072623129092,1.3,1.08,450.0
378960,7.524414,2.48002,0,179.85,0.8986436999536412,1.3,1.08,450.0
378961,7.535156,2.50894,0,179.85,0.9147428821301313,1.3,1.08,450.0
378962,7.544922,2.53643,0,179.85,0.9293793197708635,1.3,1.08,450.0
378963,7.554687,2.43382,0,179.85,0.9440142586979356,1.3,1.08,450.0
378964,7.564453,0.65381,0,179.85,0.9586506963386678,1.3,1.08,450.0
378965,7.570312,2.33634,1,182.27,0.0,1.3,1.08,450.0
378966,7.580078,2.64067,0,182.27,0.014833530418154155,1.3,1.08,450.0
378967,7.589843,1.12314,0,182.27,0.029665541941122902,1.3,1.08,450.0
378968,7.599609,0.76699,0,182.27,0.04449907235927705,1.3,1.08,450.0
378969,7.609375,2.67837,0,182.27,0.05933260277743121,1.3,1.08,450.0
378970,7.620117,2.93787,0,182.27,0.07564857490016866,1.3,1.08,450.0
378971,7.629882,2.16691,0,182.27,0.09048058642313742,1.3,1.08,450.0
378972,7.639648,1.28085,0,182.27,0.10531411684129156,1.3,1.08,450.0
378973,7.649414,1.13608,0,182.27,0.12014764725944573,1.3,1.08,450.0
378974,7.660156,2.23975,0,182.27,0.13646361938218318,1.3,1.08,450.0
378975,7.669922,1.65527,0,182.27,0.15129714980033732,1.3,1.08,450.0
378976,7.679687,1.26761,0,182.27,0.16612916132330605,1.3,1.08,450.0
378977,7.68457,1.23909,0,182.27,0.1735459265324695,1.3,1.08,450.0
378978,7.695312,1.16262,0,182.27,0.18986189865520692,1.3,1.08,450.0
378979,7.705078,1.15495,0,182.27,0.20469542907336108,1.3,1.08,450.0
378980,7.714843,1.10935,0,182.27,0.21952744059632984,1.3,1.08,450.0
378981,7.724609,1.1859,0,182.27,0.234360971014484,1.3,1.08,450.0
378982,7.734375,1.08916,0,182.27,0.24919450143263813,1.3,1.08,450.0
378983,7.745117,1.06837,0,182.27,0.2655104735553756,1.3,1.08,450.0
378984,7.754882,1.07456,0,182.27,0.28034248507834436,1.3,1.08,450.0
378985,7.764648,1.17828,0,182.27,0.2951760154964985,1.3,1.08,450.0
378986,7.774414,1.06478,0,182.27,0.3100095459146527,1.3,1.08,450.0
378987,7.780273,1.17051,0,182.27,0.31890875282839937,1.3,1.08,450.0
378988,7.790039,1.06787,0,182.27,0.3337422832465535,1.3,1.08,450.0
378989,7.799804,1.05253,0,182.27,0.34857429476952223,1.3,1.08,450.0
378990,7.80957,1.08461,0,182.27,0.3634078251876764,1.3,1.08,450.0
378991,7.820312,1.00161,0,182.27,0.37972379731041384,1.3,1.08,450.0
378992,7.830078,1.01135,0,182.27,0.394557327728568,1.3,1.08,450.0
378993,7.839843,1.03234,0,182.27,0.40938933925153675,1.3,1.08,450.0
378994,7.849609,1.04249,0,182.27,0.4242228696696909,1.3,1.08,450.0
378995,7.859375,1.01956,0,182.27,0.4390564000878451,1.3,1.08,450.0
378996,7.870117,1.03095,0,182.27,0.4553723722105825,1.3,1.08,450.0
378997,7.875,1.03116,0,182.27,0.4627891374197459,1.3,1.08,450.0
378998,7.884765,1.05556,0,182.27,0.477621148942542,1.3,1.08,450.0
378999,7.894531,1.01681,0,182.27,0.49245467936069615,1.3,1.08,450.0
379000,7.905273,1.03585,0,182.27,0.5087706514836063,1.3,1.08,450.0
379001,7.915039,1.01969,0,182.27,0.5236041819017604,1.3,1.08,450.0
379002,7.924804,0.99747,0,182.27,0.5384361934247291,1.3,1.08,450.0
379003,7.93457,1.02074,0,182.27,0.5532697238428833,1.3,1.08,450.0
379004,7.945312,1.00455,0,182.27,0.5695856959656208,1.3,1.08,450.0
379005,7.955078,1.01656,0,182.27,0.5844192263837749,1.3,1.08,450.0
379006,7.964843,1.05229,0,182.27,0.5992512379067437,1.3,1.08,450.0
379007,7.974609,0.98221,0,182.27,0.6140847683248978,1.3,1.08,450.0
379008,7.984375,1.06773,0,182.27,0.628918298743052,1.3,1.08,450.0
379009,7.990234,1.01234,0,182.27,0.6378175056567987,1.3,1.08,450.0
379010,8.0,1.0231,0,182.27,0.6526510360749529,1.3,1.08,450.0
379011,8.009765,1.05991,0,182.27,0.6674830475977489,1.3,1.08,450.0
379012,8.019531,1.0514,0,182.27,0.6823165780159032,1.3,1.08,450.0
379013,8.030273,1.05496,0,182.27,0.6986325501388132,1.3,1.08,450.0
379014,8.040039,1.05663,0,182.27,0.7134660805569674,1.3,1.08,450.0
379015,8.049804,1.04997,0,182.27,0.728298092079936,1.3,1.08,450.0
379016,8.05957,1.05529,0,182.27,0.7431316224980903,1.3,1.08,450.0
379017,8.070312,1.05379,0,182.27,0.7594475946208277,1.3,1.08,450.0
379018,8.075195,1.03319,0,182.27,0.7668643598299911,1.3,1.08,450.0
379019,8.084961,1.05711,0,182.27,0.7816978902479726,1.3,1.08,450.0
379020,8.094726,1.05798,0,182.27,0.7965299017709414,1.3,1.08,450.0
379021,8.104492,1.01417,0,182.27,0.8113634321890955,1.3,1.08,450.0
379022,8.115234,1.07216,0,182.27,0.8276794043120057,1.3,1.08,450.0
379023,8.125,0.98051,0,182.27,0.8425129347301598,1.3,1.08,450.0
379024,8.134765,1.00769,0,182.27,0.8573449462529559,1.3,1.08,450.0
379025,8.144531,1.00286,0,182.27,0.87217847667111,1.3,1.08,450.0
379026,8.155273,1.05622,0,182.27,0.8884944487940202,1.3,1.08,450.0
379027,8.165039,1.03371,0,182.27,0.9033279792121742,1.3,1.08,450.0
379028,8.174804,1.12339,0,182.27,0.918159990735143,1.3,1.08,450.0
379029,8.18457,1.0069,0,182.27,0.9329935211532973,1.3,1.08,450.0
379030,8.189453,1.07891,0,182.27,0.940410286362288,1.3,1.08,450.0
379031,8.200195,0.93865,0,182.27,0.956726258485198,1.3,1.08,450.0
379032,8.209961,0.96667,0,182.27,0.9715597889031796,1.3,1.08,450.0
379033,8.219726,0.97635,0,182.27,0.9863918004261483,1.3,1.08,450.0
379034,8.229492,1.42391,1,182.18,0.0,1.3,1.08,450.0
379035,8.240234,1.18911,0,182.18,0.01630798492431214,1.3,1.08,450.0
379036,8.25,1.01983,0,182.18,0.03113425384725984,1.3,1.08,450.0
379037,8.259765,1.02319,0,182.18,0.045959004618398094,1.3,1.08,450.0
379038,8.269531,1.04403,0,182.18,0.060785273541345795,1.3,1.08,450.0
379039,8.280273,1.26285,0,182.18,0.07709325846565793,1.3,1.08,450.0
379040,8.285156,1.24821,0,182.18,0.0845063929270455,1.3,1.08,450.0
379041,8.294922,1.45455,0,182.18,0.09933266184999319,1.3,1.08,450.0
379042,8.304687,1.85686,0,182.18,0.11415741262130404,1.3,1.08,450.0
379043,8.314453,2.42217,0,182.18,0.12898368154425174,1.3,1.08,450.0
379044,8.325195,2.71469,0,182.18,0.14529166646856387,1.3,1.08,450.0
379045,8.334961,3.0041,0,182.18,0.160117935391339,1.3,1.08,450.0
379046,8.344726,2.6761,0,182.18,0.17494268616264985,1.3,1.08,450.0
379047,8.354492,2.09258,0,182.18,0.18976895508559755,1.3,1.08,450.0
379048,8.365234,3.16807,0,182.18,0.2060769400099097,1.3,1.08,450.0
379049,8.370117,2.22388,0,182.18,0.21349007447129723,1.3,1.08,450.0
379050,8.379882,2.51911,0,182.18,0.22831482524260807,1.3,1.08,450.0
379051,8.389648,2.274,0,182.18,0.2431410941655558,1.3,1.08,450.0
379052,8.399414,2.23044,0,182.18,0.2579673630885035,1.3,1.08,450.0
379053,8.410156,1.44217,0,182.18,0.274275348012643,1.3,1.08,450.0
379054,8.419922,1.20266,0,182.18,0.2891016169355908,1.3,1.08,450.0
379055,8.429687,1.04211,0,182.18,0.3039263677069016,1.3,1.08,450.0
379056,8.439453,1.05146,0,182.18,0.31875263662984926,1.3,1.08,450.0
379057,8.450195,1.1086,0,182.18,0.33506062155416144,1.3,1.08,450.0
379058,8.459961,1.18096,0,182.18,0.3498868904769365,1.3,1.08,450.0
379059,8.469726,1.22327,0,182.18,0.36471164124824734,1.3,1.08,450.0
379060,8.479492,1.20521,0,182.18,0.3795379101711951,1.3,1.08,450.0
379061,8.490234,1.20189,0,182.18,0.3958458950955072,1.3,1.08,450.0
379062,8.495117,1.26368,0,182.18,0.4032590295568948,1.3,1.08,450.0
379063,8.504882,1.28471,0,182.18,0.41808378032820565,1.3,1.08,450.0
379064,8.514648,1.26304,0,182.18,0.4329100492511533,1.3,1.08,450.0
379065,8.524414,1.20056,0,182.18,0.44773631817410103,1.3,1.08,450.0
379066,8.535156,1.11067,0,182.18,0.4640443030982405,1.3,1.08,450.0
379067,8.544922,1.03148,0,182.18,0.47887057202118827,1.3,1.08,450.0
379068,8.554687,1.04243,0,182.18,0.4936953227924991,1.3,1.08,450.0
379069,8.564453,1.15399,0,182.18,0.5085215917154469,1.3,1.08,450.0
379070,8.570312,1.27113,0,182.18,0.5174164421781988,1.3,1.08,450.0
379071,8.580078,1.34294,0,182.18,0.5322427111011465,1.3,1.08,450.0
379072,8.589843,1.32703,0,182.18,0.5470674618724574,1.3,1.08,450.0
379073,8.599609,1.26993,0,182.18,0.5618937307954052,1.3,1.08,450.0
379074,8.609375,1.23803,0,182.18,0.5767199997183527,1.3,1.08,450.0
379075,8.620117,1.2514,0,182.18,0.5930279846424924,1.3,1.08,450.0
379076,8.629882,1.3764,0,182.18,0.6078527354138032,1.3,1.08,450.0
379077,8.639648,1.52858,0,182.18,0.6226790043367508,1.3,1.08,450.0
379078,8.649414,1.61779,0,182.18,0.6375052732596985,1.3,1.08,450.0
379079,8.660156,1.71426,0,182.18,0.6538132581838381,1.3,1.08,450.0
379080,8.669922,1.92034,0,182.18,0.6686395271067858,1.3,1.08,450.0
379081,8.679687,2.20158,0,182.18,0.6834642778780966,1.3,1.08,450.0
379082,8.68457,2.37778,0,182.18,0.6908774123396567,1.3,1.08,450.0
379083,8.695312,2.36865,0,182.18,0.7071853972637964,1.3,1.08,450.0
379084,8.705078,2.20421,0,182.18,0.722011666186744,1.3,1.08,450.0
379085,8.714843,2.06321,0,182.18,0.7368364169580548,1.3,1.08,450.0
379086,8.724609,2.05295,0,182.18,0.7516626858810026,1.3,1.08,450.0
379087,8.734375,2.12761,0,182.18,0.7664889548039503,1.3,1.08,450.0
379088,8.745117,2.19664,0,182.18,0.7827969397280898,1.3,1.08,450.0
379089,8.754882,2.22117,0,182.18,0.7976216904994007,1.3,1.08,450.0
379090,8.764648,2.08237,0,182.18,0.8124479594223484,1.3,1.08,450.0
379091,8.774414,1.99152,0,182.18,0.8272742283452961,1.3,1.08,450.0
379092,8.780273,2.08889,0,182.18,0.8361690788080481,1.3,1.08,450.0
379093,8.790039,2.1875,0,182.18,0.8509953477309957,1.3,1.08,450.0
379094,8.799804,2.26638,0,182.18,0.8658200985023066,1.3,1.08,450.0
379095,8.80957,2.33175,0,182.18,0.8806463674252544,1.3,1.08,450.0
379096,8.820312,2.3203,0,182.18,0.8969543523493938,1.3,1.08,450.0
379097,8.830078,2.25467,0,182.18,0.9117806212723416,1.3,1.08,450.0
379098,8.839843,1.17009,0,182.18,0.9266053720436525,1.3,1.08,450.0
379099,8.849609,1.6324,0,182.18,0.9414316409666001,1.3,1.08,450.0
379100,8.859375,2.86021,0,182.18,0.9562579098895478,1.3,1.08,450.0
379101,8.865234,1.77741,0,182.18,0.9651527603522998,1.3,1.08,450.0
379102,8.875,1.13708,0,182.18,0.9799790292752475,1.3,1.08,450.0
379103,8.884765,1.36964,0,182.18,0.9948037800463858,1.3,1.08,450.0
379104,8.894531,2.81429,0,182.18,0.009630048969333505,1.3,1.08,450.0
379105,8.905273,2.50631,0,182.18,0.025938033893645684,1.3,1.08,450.0
379106,8.915039,1.56548,0,182.18,0.04076430281659338,1.3,1.08,450.0
379107,8.924804,1.2668,0,182.18,0.055589053587904225,1.3,1.08,450.0
379108,8.93457,2.31053,0,182.18,0.0704153225108517,1.3,1.08,450.0
379109,8.945312,1.8011,0,182.18,0.08672330743499135,1.3,1.08,450.0
379110,8.955078,1.28893,0,182.18,0.10154957635793904,1.3,1.08,450.0
379111,8.964843,1.29348,0,182.18,0.11637432712924989,1.3,1.08,450.0
379112,8.974609,1.07022,0,182.18,0.1312005960521978,1.3,1.08,450.0
379113,8.984375,1.19966,0,182.18,0.14602686497514528,1.3,1.08,450.0
379114,8.990234,1.06094,0,182.18,0.15492171543789746,1.3,1.08,450.0
379115,9.0,1.13258,0,182.18,0.16974798436084515,1.3,1.08,450.0
379116,9.009765,1.19464,0,182.18,0.18457273513198325,1.3,1.08,450.0
379117,9.019531,1.11169,0,182.18,0.19939900405493116,1.3,1.08,450.0
379118,9.030273,1.08201,0,182.18,0.21570698897924312,1.3,1.08,450.0
379119,9.040039,1.08713,0,182.18,0.2305332579021908,1.3,1.08,450.0
379120,9.049804,1.06997,0,182.18,0.24535800867350166,1.3,1.08,450.0
379121,9.05957,1.09304,0,182.18,0.26018427759644935,1.3,1.08,450.0
379122,9.070312,1.09043,0,182.18,0.2764922625205888,1.3,1.08,450.0
379123,9.075195,1.06169,0,182.18,0.2839053969821492,1.3,1.08,450.0
379124,9.084961,1.05172,0,182.18,0.29873166590492417,1.3,1.08,450.0
379125,9.094726,1.09758,0,182.18,0.313556416676235,1.3,1.08,450.0
379126,9.104492,0.98968,0,182.18,0.32838268559918293,1.3,1.08,450.0
379127,9.115234,1.07044,0,182.18,0.3446906705234949,1.3,1.08,450.0
379128,9.125,1.02295,0,182.18,0.3595169394464426,1.3,1.08,450.0
379129,9.134765,1.06144,0,182.18,0.3743416902175809,1.3,1.08,450.0
379130,9.144531,1.0862,0,182.18,0.3891679591405286,1.3,1.08,450.0
379131,9.155273,1.00526,0,182.18,0.40547594406484055,1.3,1.08,450.0
379132,9.165039,1.10093,0,182.18,0.42030221298778847,1.3,1.08,450.0
379133,9.174804,1.01016,0,182.18,0.4351269637590993,1.3,1.08,450.0
379134,9.179687,1.03614,0,182.18,0.4425400982204868,1.3,1.08,450.0
379135,9.189453,0.97665,0,182.18,0.4573663671434347,1.3,1.08,450.0
379136,9.200195,1.02112,0,182.18,0.47367435206774666,1.3,1.08,450.0
379137,9.209961,0.98331,0,182.18,0.4885006209905218,1.3,1.08,450.0
379138,9.219726,0.97704,0,182.18,0.5033253717618327,1.3,1.08,450.0
379139,9.229492,1.00022,0,182.18,0.5181516406847804,1.3,1.08,450.0
379140,9.240234,1.00225,0,182.18,0.5344596256090923,1.3,1.08,450.0
379141,9.25,1.02989,0,182.18,0.5492858945320402,1.3,1.08,450.0
379142,9.259765,1.01791,0,182.18,0.5641106453031783,1.3,1.08,450.0
379143,9.269531,1.02934,0,182.18,0.578936914226126,1.3,1.08,450.0
379144,9.280273,1.01823,0,182.18,0.5952448991504382,1.3,1.08,450.0
379145,9.285156,1.02764,0,182.18,0.6026580336118257,1.3,1.08,450.0
379146,9.294922,1.04686,0,182.18,0.6174843025347736,1.3,1.08,450.0
379147,9.304687,0.99881,0,182.18,0.6323090533060844,1.3,1.08,450.0
379148,9.314453,1.06956,0,182.18,0.6471353222290321,1.3,1.08,450.0
379149,9.325195,0.99196,0,182.18,0.6634433071533441,1.3,1.08,450.0
379150,9.334961,1.0523,0,182.18,0.6782695760761193,1.3,1.08,450.0
379151,9.344726,0.99204,0,182.18,0.6930943268474301,1.3,1.08,450.0
379152,9.354492,1.0985,0,182.18,0.7079205957703778,1.3,1.08,450.0
379153,9.365234,0.99169,0,182.18,0.72422858069469,1.3,1.08,450.0
379154,9.370117,1.13665,0,182.18,0.7316417151560775,1.3,1.08,450.0
379155,9.379882,1.04098,0,182.18,0.7464664659273883,1.3,1.08,450.0
379156,9.389648,1.08797,0,182.18,0.761292734850336,1.3,1.08,450.0
379157,9.399414,1.03539,0,182.18,0.7761190037732839,1.3,1.08,450.0
379158,9.410156,1.09128,0,182.18,0.7924269886974231,1.3,1.08,450.0
379159,9.419922,1.00238,0,182.18,0.807253257620371,1.3,1.08,450.0
379160,9.429687,1.01221,0,182.18,0.8220780083916819,1.3,1.08,450.0
379161,9.439453,1.08039,0,182.18,0.8369042773146296,1.3,1.08,450.0
379162,9.450195,1.03244,0,182.18,0.8532122622389418,1.3,1.08,450.0
379163,9.459961,1.01369,0,182.18,0.8680385311617167,1.3,1.08,450.0
379164,9.469726,1.00477,0,182.18,0.8828632819330275,1.3,1.08,450.0
379165,9.479492,1.02884,0,182.18,0.8976895508559755,1.3,1.08,450.0
379166,9.484375,1.0319,0,182.18,0.9051026853175357,1.3,1.08,450.0
379167,9.495117,0.99927,0,182.18,0.9214106702416749,1.3,1.08,450.0
379168,9.504882,1.04468,0,182.18,0.9362354210129857,1.3,1.08,450.0
379169,9.514648,0.86882,0,182.18,0.9510616899359337,1.3,1.08,450.0
379170,9.524414,0.93972,0,182.18,0.9658879588588813,1.3,1.08,450.0
379171,9.535156,1.24172,0,182.18,0.982195943783021,1.3,1.08,450.0
379172,9.544922,1.28068,0,182.18,0.9970222127059685,1.3,1.08,450.0
379173,9.554687,1.07025,0,182.18,0.011846963477279537,1.3,1.08,450.0
379174,9.564453,1.07697,0,182.18,0.02667323240022723,1.3,1.08,450.0
379175,9.570312,1.02111,0,182.18,0.03556808286297919,1.3,1.08,450.0
379176,9.580078,1.20459,0,182.18,0.05039435178592688,1.3,1.08,450.0
379177,9.589843,1.11016,0,182.18,0.06521910255723773,1.3,1.08,450.0
379178,9.599609,1.18584,0,182.18,0.08004537148018542,1.3,1.08,450.0
379179,9.609375,1.20261,0,182.18,0.09487164040313312,1.3,1.08,450.0
379180,9.620117,1.49921,1,143.82,0.0,1.3,1.08,450.0
379181,9.629882,2.07229,0,143.82,0.011703659451555097,1.3,1.08,450.0
379182,9.639648,2.65186,0,143.82,0.023408517434541018,1.3,1.08,450.0
379183,9.649414,2.83685,0,143.82,0.03511337541752693,1.3,1.08,450.0
379184,9.660156,2.30981,0,143.82,0.047988000079857575,1.3,1.08,450.0
379185,9.669922,2.32977,0,143.82,0.059692858062843496,1.3,1.08,450.0
379186,9.674804,1.82956,0,143.82,0.06554408852297376,1.3,1.08,450.0
379187,9.68457,1.77604,0,143.82,0.07724894650595968,1.3,1.08,450.0
379188,9.695312,2.31096,0,143.82,0.09012357116829033,1.3,1.08,450.0
379189,9.705078,2.30699,0,143.82,0.10182842915127624,1.3,1.08,450.0
379190,9.714843,2.3943,0,143.82,0.11353208860283133,1.3,1.08,450.0
379191,9.724609,0.9145,0,143.82,0.12523694658581727,1.3,1.08,450.0
379192,9.734375,4.6111,0,143.82,0.1369418045688032,1.3,1.08,450.0
379193,9.745117,1.91557,0,143.82,0.1498164292311338,1.3,1.08,450.0
379194,9.754882,1.20271,0,143.82,0.1615200886826889,1.3,1.08,450.0
379195,9.764648,0.7227,0,143.82,0.17322494666567484,1.3,1.08,450.0
379196,9.774414,0.64001,0,143.82,0.18492980464866077,1.3,1.08,450.0
379197,9.780273,0.58946,0,143.82,0.19195200031956658,1.3,1.08,450.0
379198,9.790039,0.59638,0,143.82,0.20365685830255248,1.3,1.08,450.0
379199,9.799804,0.88071,0,143.82,0.21536051775410758,1.3,1.08,450.0
379200,9.80957,1.26107,0,143.82,0.22706537573709348,1.3,1.08,450.0
379201,9.820312,1.54382,0,143.82,0.23994000039942415,1.3,1.08,450.0
379202,9.830078,1.72501,0,143.82,0.2516448583824101,1.3,1.08,450.0
379203,9.839843,1.63252,0,143.82,0.2633485178339651,1.3,1.08,450.0
379204,9.849609,1.32657,0,143.82,0.27505337581695105,1.3,1.08,450.0
379205,9.859375,0.99382,0,143.82,0.286758233799937,1.3,1.08,450.0
379206,9.865234,0.80247,0,143.82,0.2937804294708428,1.3,1.08,450.0
379207,9.875,0.73193,0,143.82,0.30548528745382875,1.3,1.08,450.0
379208,9.884765,0.84022,0,143.82,0.31718894690524757,1.3,1.08,450.0
379209,9.894531,1.05013,0,143.82,0.32889380488823344,1.3,1.08,450.0
379210,9.905273,1.27028,0,143.82,0.34176842955070036,1.3,1.08,450.0
379211,9.915039,1.39863,0,143.82,0.3534732875336863,1.3,1.08,450.0
379212,9.924804,1.41634,0,143.82,0.3651769469852414,1.3,1.08,450.0
379213,9.93457,1.32163,0,143.82,0.3768818049682273,1.3,1.08,450.0
379214,9.945312,1.25374,0,143.82,0.38975642963055795,1.3,1.08,450.0
379215,9.955078,1.21695,0,143.82,0.4014612876135439,1.3,1.08,450.0
379216,9.964843,1.33656,0,143.82,0.413164947065099,1.3,1.08,450.0
379217,9.974609,1.53756,0,143.82,0.4248698050480849,1.3,1.08,450.0
379218,9.984375,1.70495,0,143.82,0.43657466303107084,1.3,1.08,450.0
379219,9.990234,1.89761,0,143.82,0.4435968587019766,1.3,1.08,450.0
379220,10.0,2.06882,0,143.82,0.45530171668496255,1.3,1.08,450.0
379221,10.009765,2.20047,0,143.82,0.4670053761363814,1.3,1.08,450.0
379222,10.019531,2.24949,0,143.82,0.47871023411936725,1.3,1.08,450.0
379223,10.030273,2.2513,0,143.82,0.4915848587818342,1.3,1.08,450.0
379224,10.040039,2.26542,0,143.82,0.5032897167648201,1.3,1.08,450.0
379225,10.049804,2.28776,0,143.82,0.5149933762163752,1.3,1.08,450.0
379226,10.05957,2.24732,0,143.82,0.5266982341993611,1.3,1.08,450.0
379227,10.070312,2.13153,0,143.82,0.5395728588616918,1.3,1.08,450.0
379228,10.075195,2.01328,0,143.82,0.5454252878532528,1.3,1.08,450.0
379229,10.084961,1.92583,0,143.82,0.5571301458361025,1.3,1.08,450.0
379230,10.094726,1.90707,0,143.82,0.5688338052876577,1.3,1.08,450.0
379231,10.104492,2.04417,0,143.82,0.5805386632706436,1.3,1.08,450.0
379232,10.115234,2.24207,0,143.82,0.5934132879331104,1.3,1.08,450.0
379233,10.125,2.34843,0,143.82,0.6051181459160964,1.3,1.08,450.0
379234,10.134765,2.40703,0,143.82,0.6168218053675152,1.3,1.08,450.0
379235,10.144531,2.38578,0,143.82,0.6285266633505011,1.3,1.08,450.0
379236,10.155273,2.3723,0,143.82,0.641401288012968,1.3,1.08,450.0
379237,10.165039,1.66409,0,143.82,0.653106145995954,1.3,1.08,450.0
379238,10.169922,0.79766,0,143.82,0.6589585749873788,1.3,1.08,450.0
379239,10.179687,2.82807,1,172.07,0.0,1.3,1.08,450.0
379240,10.189453,2.15977,0,172.07,0.01400398954362977,1.3,1.08,450.0
379241,10.200195,0.77618,0,172.07,0.029407517669594322,1.3,1.08,450.0
379242,10.209961,1.0445,0,172.07,0.04341150721306107,1.3,1.08,450.0
379243,10.219726,2.44388,0,172.07,0.057414062803229006,1.3,1.08,450.0
379244,10.229492,2.61382,0,172.07,0.07141805234685877,1.3,1.08,450.0
379245,10.240234,1.82013,0,172.07,0.08682158047282333,1.3,1.08,450.0
379246,10.25,1.48401,0,172.07,0.10082557001645309,1.3,1.08,450.0
379247,10.259765,1.88793,0,172.07,0.11482812560645801,1.3,1.08,450.0
379248,10.269531,1.72499,0,172.07,0.1288321151500878,1.3,1.08,450.0
379249,10.280273,1.37429,0,172.07,0.14423564327605234,1.3,1.08,450.0
379250,10.285156,1.20939,0,172.07,0.15123763804778573,1.3,1.08,450.0
379251,10.294922,1.14717,0,172.07,0.1652416275914155,1.3,1.08,450.0
379252,10.304687,1.07963,0,172.07,0.17924418318158342,1.3,1.08,450.0
379253,10.314453,0.87443,0,172.07,0.1932481727252132,1.3,1.08,450.0
379254,10.325195,1.11735,0,172.07,0.20865170085117773,1.3,1.08,450.0
379255,10.334961,1.06653,0,172.07,0.2226556903946445,1.3,1.08,450.0
379256,10.344726,1.11452,0,172.07,0.23665824598481242,1.3,1.08,450.0
379257,10.354492,1.01505,0,172.07,0.2506622355284422,1.3,1.08,450.0
379258,10.365234,1.06839,0,172.07,0.26606576365440676,1.3,1.08,450.0
379259,10.370117,1.05017,0,172.07,0.2730677584261401,1.3,1.08,450.0
379260,10.379882,1.15641,0,172.07,0.28707031401630806,1.3,1.08,450.0
379261,10.389648,1.04945,0,172.07,0.3010743035599378,1.3,1.08,450.0
379262,10.399414,1.1171,0,172.07,0.3150782931035676,1.3,1.08,450.0
379263,10.410156,1.09294,0,172.07,0.3304818212293691,1.3,1.08,450.0
379264,10.419922,1.07519,0,172.07,0.3444858107729989,1.3,1.08,450.0
379265,10.429687,1.07596,0,172.07,0.35848836636316683,1.3,1.08,450.0
379266,10.439453,0.99794,0,172.07,0.37249235590679663,1.3,1.08,450.0
379267,10.450195,1.08384,0,172.07,0.38789588403276115,1.3,1.08,450.0
379268,10.459961,1.00567,0,172.07,0.40189987357622786,1.3,1.08,450.0
379269,10.469726,1.07399,0,172.07,0.41590242916639586,1.3,1.08,450.0
379270,10.479492,1.04197,0,172.07,0.4299064187100256,1.3,1.08,450.0
379271,10.484375,1.04671,0,172.07,0.436908413481922,1.3,1.08,450.0
379272,10.495117,0.96574,0,172.07,0.45231194160772353,1.3,1.08,450.0
379273,10.504882,1.01485,0,172.07,0.4663144971978915,1.3,1.08,450.0
379274,10.514648,0.92077,0,172.07,0.4803184867415212,1.3,1.08,450.0
379275,10.524414,1.06093,0,172.07,0.494322476285151,1.3,1.08,450.0
379276,10.535156,0.96951,0,172.07,0.5097260044109525,1.3,1.08,450.0
379277,10.544922,0.97711,0,172.07,0.5237299939545823,1.3,1.08,450.0
379278,10.554687,0.9842,0,172.07,0.5377325495447504,1.3,1.08,450.0
379279,10.564453,0.98499,0,172.07,0.5517365390883799,1.3,1.08,450.0
379280,10.570312,0.97861,0,172.07,0.5601380724424482,1.3,1.08,450.0
379281,10.580078,0.97738,0,172.07,0.574142061986078,1.3,1.08,450.0
379282,10.589843,0.98227,0,172.07,0.5881446175762459,1.3,1.08,450.0
379283,10.599609,0.96669,0,172.07,0.6021486071198756,1.3,1.08,450.0
379284,10.609375,0.98382,0,172.07,0.6161525966635054,1.3,1.08,450.0
379285,10.620117,1.04156,0,172.07,0.631556124789307,1.3,1.08,450.0
379286,10.629882,1.03224,0,172.07,0.6455586803794748,1.3,1.08,450.0
379287,10.639648,0.99674,0,172.07,0.6595626699231046,1.3,1.08,450.0
379288,10.649414,1.1121,0,172.07,0.6735666594667344,1.3,1.08,450.0
379289,10.660156,1.09585,0,172.07,0.688970187592536,1.3,1.08,450.0
379290,10.665039,1.02218,0,172.07,0.6959721823644324,1.3,1.08,450.0
379291,10.674804,1.06073,0,172.07,0.7099747379546002,1.3,1.08,450.0
379292,10.68457,1.07702,0,172.07,0.72397872749823,1.3,1.08,450.0
379293,10.695312,1.05023,0,172.07,0.7393822556240316,1.3,1.08,450.0
379294,10.705078,1.05779,0,172.07,0.7533862451676614,1.3,1.08,450.0
379295,10.714843,1.10859,0,172.07,0.7673888007578292,1.3,1.08,450.0
379296,10.724609,0.99442,0,172.07,0.781392790301459,1.3,1.08,450.0
379297,10.734375,1.08445,0,172.07,0.7953967798450888,1.3,1.08,450.0
379298,10.745117,1.02005,0,172.07,0.8108003079708903,1.3,1.08,450.0
379299,10.754882,1.08559,0,172.07,0.8248028635610584,1.3,1.08,450.0
379300,10.764648,1.07704,0,172.07,0.838806853104688,1.3,1.08,450.0
379301,10.774414,1.11034,0,172.07,0.8528108426483179,1.3,1.08,450.0
379302,10.780273,1.05748,0,172.07,0.8612123760023861,1.3,1.08,450.0
379303,10.790039,1.06239,0,172.07,0.8752163655460158,1.3,1.08,450.0
379304,10.799804,1.00543,0,172.07,0.8892189211361837,1.3,1.08,450.0
379305,10.80957,0.99991,0,172.07,0.9032229106798135,1.3,1.08,450.0
379306,10.820312,0.95156,0,172.07,0.918626438805615,1.3,1.08,450.0
379307,10.830078,1.03401,0,172.07,0.9326304283492448,1.3,1.08,450.0
379308,10.839843,0.96426,0,172.07,0.9466329839394128,1.3,1.08,450.0
379309,10.849609,0.97596,0,172.07,0.9606369734830424,1.3,1.08,450.0
379310,10.859375,1.1755,0,172.07,0.9746409630266722,1.3,1.08,450.0
379311,10.865234,1.22222,0,172.07,0.9830424963807404,1.3,1.08,450.0
379312,10.875,1.08282,0,172.07,0.9970464859243702,1.3,1.08,450.0
379313,10.884765,1.09758,0,172.07,0.011049041514375135,1.3,1.08,450.0
379314,10.894531,1.10871,0,172.07,0.025053031058004827,1.3,1.08,450.0
379315,10.905273,1.23446,0,172.07,0.0404565591839694,1.3,1.08,450.0
379316,10.915039,1.04284,0,172.07,0.05446054872759931,1.3,1.08,450.0
379317,10.924804,1.13163,0,172.07,0.06846310431776725,1.3,1.08,450.0
379318,10.93457,1.2114,0,172.07,0.08246709386139695,1.3,1.08,450.0
379319,10.945312,1.5779,1,165.94,0.0,1.3,1.08,450.0
379320,10.955078,2.16687,0,165.94,0.013504630460878669,1.3,1.08,450.0
379321,10.964843,2.84523,0,165.94,0.02700787810070197,1.3,1.08,450.0
379322,10.974609,2.87137,0,165.94,0.04051250856158064,1.3,1.08,450.0
379323,10.979492,2.53546,0,165.94,0.04726482379194137,1.3,1.08,450.0
379324,10.990234,2.09244,0,165.94,0.06211908760632185,1.3,1.08,450.0
379325,11.0,1.5204,0,165.94,0.07562371806720052,1.3,1.08,450.0
379326,11.009765,1.38617,0,165.94,0.0891269657068666,1.3,1.08,450.0
379327,11.019531,1.81561,0,165.94,0.10263159616774528,1.3,1.08,450.0
379328,11.030273,2.59921,0,165.94,0.11748585998212575,1.3,1.08,450.0
379329,11.040039,2.28076,0,165.94,0.13099049044300443,1.3,1.08,450.0
379330,11.049804,1.76722,0,165.94,0.1444937380828277,1.3,1.08,450.0
379331,11.05957,5.23189,0,165.94,0.15799836854370639,1.3,1.08,450.0
379332,11.070312,2.82231,0,165.94,0.17285263235792966,1.3,1.08,450.0
379333,11.075195,1.32705,0,165.94,0.17960494758844758,1.3,1.08,450.0
379334,11.084961,0.74054,0,165.94,0.19310957804916906,1.3,1.08,450.0
379335,11.094726,0.65448,0,165.94,0.20661282568899236,1.3,1.08,450.0
379336,11.104492,0.75603,0,165.94,0.22011745614987102,1.3,1.08,450.0
379337,11.115234,0.62724,0,165.94,0.2349717199642515,1.3,1.08,450.0
379338,11.125,0.49588,0,165.94,0.2484763504251302,1.3,1.08,450.0
379339,11.134765,0.75507,0,165.94,0.26197959806479626,1.3,1.08,450.0
379340,11.144531,1.2921,0,165.94,0.27548422852567495,1.3,1.08,450.0
379341,11.155273,1.74535,0,165.94,0.2903384923400554,1.3,1.08,450.0
379342,11.165039,1.8773,0,165.94,0.3038431228009341,1.3,1.08,450.0
379343,11.169922,1.86199,0,165.94,0.3105954380312948,1.3,1.08,450.0
379344,11.179687,1.36515,0,165.94,0.3240986856711181,1.3,1.08,450.0
379345,11.189453,1.01129,0,165.94,0.3376033161319968,1.3,1.08,450.0
379346,11.200195,0.84522,0,165.94,0.3524575799463773,1.3,1.08,450.0
379347,11.209961,0.80626,0,165.94,0.3659622104070987,1.3,1.08,450.0
379348,11.219726,0.8844,0,165.94,0.379465458046922,1.3,1.08,450.0
379349,11.229492,1.05088,0,165.94,0.39297008850780063,1.3,1.08,450.0
379350,11.240234,1.30047,0,165.94,0.4078243523221811,1.3,1.08,450.0
379351,11.25,1.4915,0,165.94,0.42132898278305986,1.3,1.08,450.0
379352,11.259765,1.57363,0,165.94,0.43483223042272595,1.3,1.08,450.0
379353,11.269531,1.56229,0,165.94,0.4483368608836046,1.3,1.08,450.0
379354,11.280273,1.43051,0,165.94,0.46319112469798507,1.3,1.08,450.0
379355,11.285156,1.36249,0,165.94,0.4699434399283458,1.3,1.08,450.0
379356,11.294922,1.48791,0,165.94,0.48344807038922444,1.3,1.08,450.0
379357,11.304687,1.67584,0,165.94,0.49695131802904774,1.3,1.08,450.0
379358,11.314453,1.85527,0,165.94,0.5104559484899265,1.3,1.08,450.0
379359,11.325195,1.99495,0,165.94,0.525310212304307,1.3,1.08,450.0
379360,11.334961,2.11741,0,165.94,0.5388148427650283,1.3,1.08,450.0
379361,11.344726,2.24921,0,165.94,0.5523180904048517,1.3,1.08,450.0
379362,11.354492,2.33567,0,165.94,0.5658227208657304,1.3,1.08,450.0
379363,11.365234,2.34017,0,165.94,0.5806769846801108,1.3,1.08,450.0
379364,11.370117,2.36949,0,165.94,0.5874292999104715,1.3,1.08,450.0
379365,11.379882,2.37824,0,165.94,0.6009325475502949,1.3,1.08,450.0
379366,11.389648,2.25614,0,165.94,0.6144371780111736,1.3,1.08,450.0
379367,11.399414,2.09167,0,165.94,0.6279418084720522,1.3,1.08,450.0
379368,11.410156,1.96752,0,165.94,0.6427960722862754,1.3,1.08,450.0
379369,11.419922,1.97834,0,165.94,0.6563007027471541,1.3,1.08,450.0
379370,11.429687,2.07346,0,165.94,0.6698039503869775,1.3,1.08,450.0
379371,11.439453,2.26274,0,165.94,0.6833085808478561,1.3,1.08,450.0
379372,11.450195,2.31538,0,165.94,0.6981628446622365,1.3,1.08,450.0
379373,11.459961,2.31787,0,165.94,0.711667475122958,1.3,1.08,450.0
379374,11.469726,2.28533,0,165.94,0.7251707227627814,1.3,1.08,450.0
379375,11.474609,2.30405,0,165.94,0.7319230379932993,1.3,1.08,450.0
379376,11.484375,1.82895,0,165.94,0.745427668454178,1.3,1.08,450.0
379377,11.495117,1.0079,0,165.94,0.7602819322684012,1.3,1.08,450.0
379378,11.504882,2.86587,1,185.34,0.0,1.3,1.08,450.0
379379,11.514648,2.32344,0,185.34,0.01508385303036542,1.3,1.08,450.0
379380,11.524414,0.9427,0,185.34,0.03016770606073084,1.3,1.08,450.0
379381,11.535156,1.0418,0,185.34,0.04675901767766795,1.3,1.08,450.0
379382,11.544922,2.32172,0,185.34,0.06184287070803337,1.3,1.08,450.0
379383,11.554687,2.56463,0,185.34,0.07692517921116224,1.3,1.08,450.0
379384,11.564453,1.74428,0,185.34,0.09200903224152765,1.3,1.08,450.0
379385,11.570312,1.03557,0,185.34,0.10105841734336986,1.3,1.08,450.0
379386,11.580078,1.12995,0,185.34,0.11614227037373527,1.3,1.08,450.0
379387,11.589843,1.5478,0,185.34,0.13122457887686412,1.3,1.08,450.0
379388,11.599609,1.70742,0,185.34,0.14630843190722953,1.3,1.08,450.0
379389,11.609375,1.54597,0,185.34,0.16139228493759497,1.3,1.08,450.0
379390,11.620117,1.42815,0,185.34,0.17798359655453208,1.3,1.08,450.0
379391,11.629882,1.01997,0,185.34,0.19306590505766094,1.3,1.08,450.0
379392,11.639648,0.98516,0,185.34,0.20814975808802635,1.3,1.08,450.0
379393,11.649414,1.12609,0,185.34,0.22323361111839177,1.3,1.08,450.0
379394,11.660156,1.15724,0,185.34,0.2398249227353289,1.3,1.08,450.0
379395,11.665039,1.18925,0,185.34,0.2473668492505994,1.3,1.08,450.0
379396,11.674804,0.92674,0,185.34,0.26244915775372823,1.3,1.08,450.0
379397,11.68457,1.1782,0,185.34,0.27753301078409365,1.3,1.08,450.0
379398,11.695312,0.9024,0,185.34,0.29412432240103076,1.3,1.08,450.0
379399,11.705078,1.10722,0,185.34,0.3092081754313962,1.3,1.08,450.0
379400,11.714843,1.06956,0,185.34,0.32429048393452503,1.3,1.08,450.0
379401,11.724609,1.05422,0,185.34,0.33937433696489044,1.3,1.08,450.0
379402,11.734375,1.0705,0,185.34,0.3544581899952559,1.3,1.08,450.0
379403,11.745117,1.10683,0,185.34,0.371049501612193,1.3,1.08,450.0
379404,11.754882,1.07397,0,185.34,0.3861318101153219,1.3,1.08,450.0
379405,11.764648,1.07861,0,185.34,0.4012156631456873,1.3,1.08,450.0
379406,11.774414,1.07196,0,185.34,0.4162995161760527,1.3,1.08,450.0
379407,11.780273,1.04503,0,185.34,0.4253489012778949,1.3,1.08,450.0
379408,11.790039,1.04238,0,185.34,0.44043275430826034,1.3,1.08,450.0
379409,11.799804,1.03018,0,185.34,0.45551506281138915,1.3,1.08,450.0
379410,11.80957,1.06708,0,185.34,0.47059891584175456,1.3,1.08,450.0
379411,11.820312,1.0202,0,185.34,0.4871902274586917,1.3,1.08,450.0
379412,11.830078,1.07379,0,185.34,0.5022740804890572,1.3,1.08,450.0
379413,11.839843,0.98123,0,185.34,0.517356388992186,1.3,1.08,450.0
379414,11.849609,1.05234,0,185.34,0.5324402420225514,1.3,1.08,450.0
379415,11.859375,0.96654,0,185.34,0.5475240950529169,1.3,1.08,450.0
379416,11.865234,1.06481,0,185.34,0.556573480154759,1.3,1.08,450.0
379417,11.875,0.90464,0,185.34,0.5716573331851245,1.3,1.08,450.0
379418,11.884765,1.13065,0,185.34,0.5867396416880778,1.3,1.08,450.0
379419,11.894531,0.94015,0,185.34,0.6018234947184432,1.3,1.08,450.0
379420,11.905273,1.07236,0,185.34,0.6184148063355559,1.3,1.08,450.0
379421,11.915039,1.00683,0,185.34,0.6334986593659212,1.3,1.08,450.0
379422,11.924804,1.04321,0,185.34,0.6485809678690501,1.3,1.08,450.0
379423,11.93457,1.01726,0,185.34,0.6636648208994155,1.3,1.08,450.0
379424,11.945312,1.04572,0,185.34,0.6802561325163526,1.3,1.08,450.0
379425,11.955078,1.02283,0,185.34,0.695339985546718,1.3,1.08,450.0
379426,11.964843,1.04825,0,185.34,0.7104222940498469,1.3,1.08,450.0
379427,11.969726,1.05293,0,185.34,0.7179642205649419,1.3,1.08,450.0
379428,11.979492,1.04384,0,185.34,0.7330480735953073,1.3,1.08,450.0
379429,11.990234,1.09919,0,185.34,0.74963938521242,1.3,1.08,450.0
379430,12.0,1.02151,0,185.34,0.7647232382427854,1.3,1.08,450.0
379431,12.009765,1.032,0,185.34,0.7798055467457387,1.3,1.08,450.0
379432,12.019531,1.1268,0,185.34,0.7948893997761041,1.3,1.08,450.0
379433,12.030273,1.05464,0,185.34,0.8114807113932169,1.3,1.08,450.0
379434,12.040039,1.08818,0,185.34,0.8265645644235822,1.3,1.08,450.0
379435,12.049804,1.03648,0,185.34,0.841646872926711,1.3,1.08,450.0
379436,12.05957,1.07883,0,185.34,0.8567307259570764,1.3,1.08,450.0
379437,12.070312,1.01535,0,185.34,0.8733220375740135,1.3,1.08,450.0
379438,12.075195,1.1209,0,185.34,0.8808639640892841,1.3,1.08,450.0
379439,12.084961,0.97222,0,185.34,0.8959478171194739,1.3,1.08,450.0
379440,12.094726,1.09598,0,185.34,0.9110301256226028,1.3,1.08,450.0
379441,12.104492,1.03057,0,185.34,0.9261139786529682,1.3,1.08,450.0
379442,12.115234,1.0861,0,185.34,0.9427052902700809,1.3,1.08,450.0
379443,12.125,0.98807,0,185.34,0.9577891433004464,1.3,1.08,450.0
379444,12.134765,1.06469,0,185.34,0.9728714518033996,1.3,1.08,450.0
379445,12.144531,0.98378,0,185.34,0.987955304833765,1.3,1.08,450.0
379446,12.155273,0.96033,0,185.34,0.004546616450877838,1.3,1.08,450.0
379447,12.165039,1.00195,0,185.34,0.01963046948124303,1.3,1.08,450.0
379448,12.169922,1.15476,0,185.34,0.027172395996337917,1.3,1.08,450.0
379449,12.179687,1.30812,1,182.34,0.0,1.3,1.08,450.0
379450,12.189453,1.05555,0,182.34,0.014839243435509214,1.3,1.08,450.0
379451,12.200195,1.08323,0,182.34,0.03116149952651562,1.3,1.08,450.0
379452,12.209961,1.03061,0,182.34,0.04600074296185209,1.3,1.08,450.0
379453,12.219726,1.12115,0,182.34,0.06083846691718539,1.3,1.08,450.0
379454,12.229492,1.10507,0,182.34,0.0756777103526946,1.3,1.08,450.0
379455,12.240234,1.05541,0,182.34,0.09199996644370101,1.3,1.08,450.0
379456,12.25,1.20582,0,182.34,0.10683920987921022,1.3,1.08,450.0
379457,12.259765,1.54195,0,182.34,0.12167693383437078,1.3,1.08,450.0
379458,12.269531,2.09673,0,182.34,0.13651617726988,1.3,1.08,450.0
379459,12.280273,2.70775,0,182.34,0.1528384333608864,1.3,1.08,450.0
379460,12.285156,2.80581,0,182.34,0.16025805507855465,1.3,1.08,450.0
379461,12.294922,2.7686,0,182.34,0.17509729851406383,1.3,1.08,450.0
379462,12.304687,2.78481,0,182.34,0.18993502246939714,1.3,1.08,450.0
379463,12.314453,2.05378,0,182.34,0.20477426590490636,1.3,1.08,450.0
379464,12.325195,3.05466,0,182.34,0.22109652199591276,1.3,1.08,450.0
379465,12.334961,2.90467,0,182.34,0.23593576543124922,1.3,1.08,450.0
379466,12.344726,2.39869,0,182.34,0.25077348938658256,1.3,1.08,450.0
379467,12.354492,1.64722,0,182.34,0.26561273282209175,1.3,1.08,450.0
379468,12.365234,3.3744,0,182.34,0.2819349889130981,1.3,1.08,450.0
379469,12.370117,1.48877,0,182.34,0.2893546106307664,1.3,1.08,450.0
379470,12.379882,1.51273,0,182.34,0.3041923345860997,1.3,1.08,450.0
379471,12.389648,1.15894,0,182.34,0.3190315780216089,1.3,1.08,450.0
379472,12.399414,0.94287,0,182.34,0.3338708214571181,1.3,1.08,450.0
379473,12.410156,0.89509,0,182.34,0.35019307754795176,1.3,1.08,450.0
379474,12.419922,0.98548,0,182.34,0.365032320983461,1.3,1.08,450.0
379475,12.429687,1.14475,0,182.34,0.3798700449387943,1.3,1.08,450.0
379476,12.439453,1.31358,0,182.34,0.3947092883743035,1.3,1.08,450.0
379477,12.450195,1.4272,0,182.34,0.4110315444653099,1.3,1.08,450.0
379478,12.459961,1.47486,0,182.34,0.42587078790064636,1.3,1.08,450.0
379479,12.464843,1.47928,0,182.34,0.43328889013831146,1.3,1.08,450.0
379480,12.474609,1.3773,0,182.34,0.44812813357382064,1.3,1.08,450.0
379481,12.484375,1.27895,0,182.34,0.46296737700932983,1.3,1.08,450.0
379482,12.495117,1.2092,0,182.34,0.47928963310016354,1.3,1.08,450.0
379483,12.504882,1.12903,0,182.34,0.4941273570554968,1.3,1.08,450.0
379484,12.514648,1.11728,0,182.34,0.5089666004910061,1.3,1.08,450.0
379485,12.524414,1.20363,0,182.34,0.5238058439265152,1.3,1.08,450.0
379486,12.535156,1.36193,0,182.34,0.5401281000173489,1.3,1.08,450.0
379487,12.544922,1.42323,0,182.34,0.5549673434528581,1.3,1.08,450.0
379488,12.554687,1.42,0,182.34,0.5698050674081915,1.3,1.08,450.0
379489,12.564453,1.43257,0,182.34,0.5846443108437006,1.3,1.08,450.0
379490,12.570312,1.42621,0,182.34,0.5935469452168661,1.3,1.08,450.0
379491,12.580078,1.45959,0,182.34,0.6083861886523753,1.3,1.08,450.0
379492,12.589843,1.57262,0,182.34,0.6232239126077085,1.3,1.08,450.0
379493,12.599609,1.72049,0,182.34,0.6380631560432178,1.3,1.08,450.0
379494,12.609375,1.87752,0,182.34,0.652902399478727,1.3,1.08,450.0
379495,12.620117,1.99107,0,182.34,0.6692246555695607,1.3,1.08,450.0
379496,12.629882,2.12435,0,182.34,0.684062379524894,1.3,1.08,450.0
379497,12.639648,2.24754,0,182.34,0.6989016229604031,1.3,1.08,450.0
379498,12.649414,2.30032,0,182.34,0.7137408663959124,1.3,1.08,450.0
379499,12.660156,2.27489,0,182.34,0.730063122486746,1.3,1.08,450.0
379500,12.665039,2.23769,0,182.34,0.737482744204587,1.3,1.08,450.0
379501,12.674804,2.26082,0,182.34,0.7523204681599204,1.3,1.08,450.0
379502,12.68457,2.33229,0,182.34,0.7671597115954295,1.3,1.08,450.0
379503,12.695312,2.44334,0,182.34,0.7834819676862632,1.3,1.08,450.0
379504,12.705078,2.49688,0,182.34,0.7983212111217723,1.3,1.08,450.0
379505,12.714843,2.43842,0,182.34,0.8131589350771057,1.3,1.08,450.0
379506,12.724609,2.35223,0,182.34,0.8279981785126149,1.3,1.08,450.0
379507,12.734375,2.25972,0,182.34,0.8428374219481242,1.3,1.08,450.0
379508,12.745117,2.18694,0,182.34,0.8591596780389579,1.3,1.08,450.0
379509,12.754882,2.13691,0,182.34,0.8739974019942911,1.3,1.08,450.0
379510,12.764648,2.13917,0,182.34,0.8888366454298002,1.3,1.08,450.0
379511,12.774414,1.33543,0,182.34,0.9036758888653096,1.3,1.08,450.0
379512,12.780273,1.35874,0,182.34,0.9125785232384749,1.3,1.08,450.0
379513,12.790039,2.41286,0,182.34,0.9274177666739842,1.3,1.08,450.0
379514,12.799804,1.81308,0,182.34,0.9422554906293175,1.3,1.08,450.0
379515,12.80957,1.02374,0,182.34,0.9570947340648267,1.3,1.08,450.0
379516,12.820312,1.09407,0,182.34,0.9734169901556604,1.3,1.08,450.0
379517,12.830078,2.1624,1,183.2,0.0,1.3,1.08,450.0
379518,12.839843,2.30396,0,183.2,0.014908252532132427,1.3,1.08,450.0
379519,12.849609,1.73055,0,183.2,0.029818031767029265,1.3,1.08,450.0
379520,12.859375,1.21097,0,183.2,0.044727811001926104,1.3,1.08,450.0
379521,12.865234,1.53597,0,183.2,0.05367276252117084,1.3,1.08,450.0
379522,12.875,1.48869,0,183.2,0.06858254175606768,1.3,1.08,450.0
379523,12.884765,1.26215,0,183.2,0.08349079428802654,1.3,1.08,450.0
379524,12.894531,1.21992,0,183.2,0.09840057352292339,1.3,1.08,450.0
379525,12.905273,1.12647,0,183.2,0.11480041465970332,1.3,1.08,450.0
379526,12.915039,1.12521,0,183.2,0.12971019389460017,1.3,1.08,450.0
379527,12.924804,1.04847,0,183.2,0.14461844642673258,1.3,1.08,450.0
379528,12.93457,1.11342,0,183.2,0.1595282256616294,1.3,1.08,450.0
379529,12.945312,1.11054,0,183.2,0.1759280667982358,1.3,1.08,450.0
379530,12.955078,1.10197,0,183.2,0.19083784603313264,1.3,1.08,450.0
379531,12.964843,1.07674,0,183.2,0.20574609856526507,1.3,1.08,450.0
379532,12.969726,1.01511,0,183.2,0.21320098818262673,1.3,1.08,450.0
379533,12.979492,1.11093,0,183.2,0.22811076741752354,1.3,1.08,450.0
379534,12.990234,1.02881,0,183.2,0.24451060855430348,1.3,1.08,450.0
379535,13.0,1.10077,0,183.2,0.25942038778920035,1.3,1.08,450.0
379536,13.009765,1.06197,0,183.2,0.2743286403211592,1.3,1.08,450.0
379537,13.019531,1.06969,0,183.2,0.289238419556056,1.3,1.08,450.0
379538,13.030273,1.034,0,183.2,0.305638260692836,1.3,1.08,450.0
379539,13.040039,1.12903,0,183.2,0.3205480399277328,1.3,1.08,450.0
379540,13.049804,0.95546,0,183.2,0.33545629245986525,1.3,1.08,450.0
379541,13.05957,1.15251,0,183.2,0.3503660716947621,1.3,1.08,450.0
379542,13.070312,1.00251,0,183.2,0.36676591283136845,1.3,1.08,450.0
379543,13.075195,1.08717,0,183.2,0.37422080244890366,1.3,1.08,450.0
379544,13.084961,1.04062,0,183.2,0.38913058168362696,1.3,1.08,450.0
379545,13.094726,1.01787,0,183.2,0.40403883421575937,1.3,1.08,450.0
379546,13.104492,1.01765,0,183.2,0.41894861345065615,1.3,1.08,450.0
379547,13.115234,1.01791,0,183.2,0.43534845458743615,1.3,1.08,450.0
379548,13.125,1.01802,0,183.2,0.450258233822333,1.3,1.08,450.0
379549,13.134765,0.97793,0,183.2,0.46516648635429186,1.3,1.08,450.0
379550,13.144531,0.99796,0,183.2,0.48007626558918864,1.3,1.08,450.0
379551,13.155273,1.01152,0,183.2,0.49647610672596865,1.3,1.08,450.0
379552,13.160156,1.03361,0,183.2,0.5039309963433303,1.3,1.08,450.0
379553,13.169922,1.02733,0,183.2,0.518840775578227,1.3,1.08,450.0
379554,13.179687,1.01086,0,183.2,0.5337490281103595,1.3,1.08,450.0
379555,13.189453,1.03954,0,183.2,0.5486588073452564,1.3,1.08,450.0
379556,13.200195,1.02311,0,183.2,0.5650586484820364,1.3,1.08,450.0
379557,13.209961,1.05064,0,183.2,0.5799684277167595,1.3,1.08,450.0
379558,13.219726,1.01375,0,183.2,0.594876680248892,1.3,1.08,450.0
379559,13.229492,1.06393,0,183.2,0.6097864594837888,1.3,1.08,450.0
379560,13.240234,1.00539,0,183.2,0.6261863006205688,1.3,1.08,450.0
379561,13.25,1.10028,0,183.2,0.6410960798554656,1.3,1.08,450.0
379562,13.259765,0.94858,0,183.2,0.6560043323874244,1.3,1.08,450.0
379563,13.269531,1.11933,0,183.2,0.6709141116223214,1.3,1.08,450.0
379564,13.274414,0.99285,0,183.2,0.6783690012398566,1.3,1.08,450.0
379565,13.285156,1.11179,0,183.2,0.694768842376463,1.3,1.08,450.0
379566,13.294922,1.01065,0,183.2,0.7096786216113598,1.3,1.08,450.0
379567,13.304687,1.11569,0,183.2,0.7245868741434922,1.3,1.08,450.0
379568,13.314453,1.06532,0,183.2,0.739496653378389,1.3,1.08,450.0
379569,13.325195,1.06844,0,183.2,0.7558964945151689,1.3,1.08,450.0
379570,13.334961,1.04128,0,183.2,0.7708062737498922,1.3,1.08,450.0
379571,13.344726,1.03128,0,183.2,0.7857145262820247,1.3,1.08,450.0
379572,13.354492,1.06945,0,183.2,0.8006243055169214,1.3,1.08,450.0
379573,13.365234,1.02589,0,183.2,0.8170241466537014,1.3,1.08,450.0
379574,13.370117,1.05232,0,183.2,0.824479036271063,1.3,1.08,450.0
379575,13.379882,1.01703,0,183.2,0.8393872888031955,1.3,1.08,450.0
379576,13.389648,1.04542,0,183.2,0.8542970680380922,1.3,1.08,450.0
379577,13.399414,1.06602,0,183.2,0.8692068472729892,1.3,1.08,450.0
379578,13.410156,1.03204,0,183.2,0.8856066884095956,1.3,1.08,450.0
379579,13.419922,1.03355,0,183.2,0.9005164676444923,1.3,1.08,450.0
379580,13.429687,1.0665,0,183.2,0.9154247201766249,1.3,1.08,450.0
379581,13.439453,0.89555,0,183.2,0.9303344994115217,1.3,1.08,450.0
379582,13.450195,0.91835,0,183.2,0.9467343405483016,1.3,1.08,450.0
379583,13.455078,1.17608,0,183.2,0.9541892301656633,1.3,1.08,450.0
379584,13.464843,1.32262,1,185.54,0.0,1.3,1.08,450.0
379585,13.474609,1.12843,0,185.54,0.015099956061895006,1.3,1.08,450.0
379586,13.484375,0.93803,0,185.54,0.030199912123790012,1.3,1.08,450.0
379587,13.495117,1.10759,0,185.54,0.04680893608607727,1.3,1.08,450.0
379588,13.504882,1.11475,0,185.54,0.06190734597184861,1.3,1.08,450.0
379589,13.514648,1.18598,0,185.54,0.07700730203374362,1.3,1.08,450.0
379590,13.524414,1.28998,0,185.54,0.09210725809563862,1.3,1.08,450.0
379591,13.535156,1.49166,0,185.54,0.10871628205792588,1.3,1.08,450.0
379592,13.544922,1.94223,0,185.54,0.12381623811982088,1.3,1.08,450.0
379593,13.554687,2.45336,0,185.54,0.13891464800559222,1.3,1.08,450.0
379594,13.564453,2.72684,0,185.54,0.15401460406748724,1.3,1.08,450.0
379595,13.570312,2.62659,0,185.54,0.16307364999891488,1.3,1.08,450.0
379596,13.580078,2.51095,0,185.54,0.17817360606080987,1.3,1.08,450.0
379597,13.589843,1.92863,0,185.54,0.19327201594658122,1.3,1.08,450.0
379598,13.599609,2.41436,0,185.54,0.2083719720084762,1.3,1.08,450.0
379599,13.609375,2.59757,0,185.54,0.22347192807037122,1.3,1.08,450.0
379600,13.620117,2.17784,0,185.54,0.24008095203265847,1.3,1.08,450.0
379601,13.629882,2.27396,0,185.54,0.2551793619184298,1.3,1.08,450.0
379602,13.639648,2.4695,0,185.54,0.27027931798032484,1.3,1.08,450.0
379603,13.649414,1.6655,0,185.54,0.28537927404221985,1.3,1.08,450.0
379604,13.655273,1.43054,0,185.54,0.29443831997364744,1.3,1.08,450.0
379605,13.665039,1.17166,0,185.54,0.3095382760355425,1.3,1.08,450.0
379606,13.674804,0.91206,0,185.54,0.3246366859213138,1.3,1.08,450.0
379607,13.68457,0.77129,0,185.54,0.33973664198320885,1.3,1.08,450.0
379608,13.695312,0.79338,0,185.54,0.3563456659454961,1.3,1.08,450.0
379609,13.705078,0.93859,0,185.54,0.37144562200739106,1.3,1.08,450.0
379610,13.714843,1.11739,0,185.54,0.38654403189316244,1.3,1.08,450.0
379611,13.724609,1.34987,0,185.54,0.40164398795505746,1.3,1.08,450.0
379612,13.734375,1.54313,0,185.54,0.4167439440169524,1.3,1.08,450.0
379613,13.745117,1.62192,0,185.54,0.4333529679792397,1.3,1.08,450.0
379614,13.754882,1.56053,0,185.54,0.44845137786501105,1.3,1.08,450.0
379615,13.764648,1.41459,0,185.54,0.46355133392690606,1.3,1.08,450.0
379616,13.769531,1.15162,0,185.54,0.47110131195776567,1.3,1.08,450.0
379617,13.780273,0.93629,0,185.54,0.48771033592022867,1.3,1.08,450.0
379618,13.790039,0.82862,0,185.54,0.5028102919821237,1.3,1.08,450.0
379619,13.799804,0.80105,0,185.54,0.5179087018678951,1.3,1.08,450.0
379620,13.80957,0.91581,0,185.54,0.53300865792979,1.3,1.08,450.0
379621,13.820312,1.122,0,185.54,0.5496176818920773,1.3,1.08,450.0
379622,13.830078,1.31572,0,185.54,0.5647176379539723,1.3,1.08,450.0
379623,13.839843,1.40259,0,185.54,0.5798160478397437,1.3,1.08,450.0
379624,13.849609,1.41495,0,185.54,0.5949160039016387,1.3,1.08,450.0
379625,13.859375,1.40414,0,185.54,0.6100159599635336,1.3,1.08,450.0
379626,13.865234,1.36345,0,185.54,0.6190750058949613,1.3,1.08,450.0
379627,13.875,1.40268,0,185.54,0.6341749619568564,1.3,1.08,450.0
379628,13.884765,1.51546,0,185.54,0.6492733718424518,1.3,1.08,450.0
379629,13.894531,1.62441,0,185.54,0.6643733279043469,1.3,1.08,450.0
379630,13.905273,1.71135,0,185.54,0.6809823518668099,1.3,1.08,450.0
379631,13.915039,1.83547,0,185.54,0.696082307928705,1.3,1.08,450.0
379632,13.924804,2.05534,0,185.54,0.7111807178144763,1.3,1.08,450.0
379633,13.93457,2.26868,0,185.54,0.7262806738763712,1.3,1.08,450.0
379634,13.945312,2.32926,0,185.54,0.7428896978386584,1.3,1.08,450.0
379635,13.955078,2.28195,0,185.54,0.7579896539005535,1.3,1.08,450.0
379636,13.964843,2.18438,0,185.54,0.7730880637863249,1.3,1.08,450.0
379637,13.969726,2.11885,0,185.54,0.7806380418171844,1.3,1.08,450.0
379638,13.979492,2.06579,0,185.54,0.7957379978790795,1.3,1.08,450.0
379639,13.990234,2.02778,0,185.54,0.8123470218415425,1.3,1.08,450.0
379640,14.0,1.97972,0,185.54,0.8274469779034376,1.3,1.08,450.0
379641,14.009765,1.96185,0,185.54,0.8425453877890331,1.3,1.08,450.0
379642,14.019531,2.00758,0,185.54,0.857645343850928,1.3,1.08,450.0
379643,14.030273,2.11875,0,185.54,0.8742543678133912,1.3,1.08,450.0
379644,14.040039,2.24516,0,185.54,0.8893543238752861,1.3,1.08,450.0
379645,14.049804,2.31595,0,185.54,0.9044527337610575,1.3,1.08,450.0
379646,14.05957,2.36852,0,185.54,0.9195526898229525,1.3,1.08,450.0
379647,14.070312,2.40516,0,185.54,0.9361617137852397,1.3,1.08,450.0
379648,14.075195,2.37314,0,185.54,0.9437116918162752,1.3,1.08,450.0
379649,14.084961,0.77572,0,185.54,0.9588116478779943,1.3,1.08,450.0
379650,14.094726,2.47199,1,187.53,0.0,1.3,1.08,450.0
379651,14.104492,2.84384,0,187.53,0.015261760318164458,1.3,1.08,450.0
379652,14.115234,1.28422,0,187.53,0.03204875902165271,1.3,1.08,450.0
379653,14.125,0.65122,0,187.53,0.04731051933981716,1.3,1.08,450.0
379654,14.134765,1.81329,0,187.53,0.06257071691356071,1.3,1.08,450.0
379655,14.144531,2.75035,0,187.53,0.07783247723172516,1.3,1.08,450.0
379656,14.155273,2.39386,0,187.53,0.09461947593521343,1.3,1.08,450.0
379657,14.160156,1.4847,0,187.53,0.10225035609420681,1.3,1.08,450.0
379658,14.169922,1.58574,0,187.53,0.11751211641237129,1.3,1.08,450.0
379659,14.179687,1.37221,0,187.53,0.1327723139862925,1.3,1.08,450.0
379660,14.189453,1.4413,0,187.53,0.14803407430445695,1.3,1.08,450.0
379661,14.200195,1.12001,0,187.53,0.1648210730079452,1.3,1.08,450.0
379662,14.209961,1.0909,0,187.53,0.18008283332593197,1.3,1.08,450.0
379663,14.219726,1.06296,0,187.53,0.1953430308998532,1.3,1.08,450.0
379664,14.229492,0.99289,0,187.53,0.21060479121801767,1.3,1.08,450.0
379665,14.240234,1.07211,0,187.53,0.2273917899215059,1.3,1.08,450.0
379666,14.25,1.20196,0,187.53,0.24265355023967036,1.3,1.08,450.0
379667,14.259765,1.1218,0,187.53,0.2579137478134139,1.3,1.08,450.0
379668,14.264648,1.06513,0,187.53,0.265544627972585,1.3,1.08,450.0
379669,14.274414,1.10688,0,187.53,0.2808063882907494,1.3,1.08,450.0
379670,14.285156,1.06935,0,187.53,0.29759338699406,1.3,1.08,450.0
379671,14.294922,1.12835,0,187.53,0.31285514731222447,1.3,1.08,450.0
379672,14.304687,1.10692,0,187.53,0.3281153448861457,1.3,1.08,450.0
379673,14.314453,1.14103,0,187.53,0.34337710520431014,1.3,1.08,450.0
379674,14.325195,1.07106,0,187.53,0.36016410390779835,1.3,1.08,450.0
379675,14.334961,1.04012,0,187.53,0.37542586422578517,1.3,1.08,450.0
379676,14.344726,1.02216,0,187.53,0.3906860617997064,1.3,1.08,450.0
379677,14.354492,1.02869,0,187.53,0.40594782211787084,1.3,1.08,450.0
379678,14.365234,1.05293,0,187.53,0.4227348208213591,1.3,1.08,450.0
379679,14.370117,1.00735,0,187.53,0.4303657009803525,1.3,1.08,450.0
379680,14.379882,1.06143,0,187.53,0.4456258985542737,1.3,1.08,450.0
379681,14.389648,0.99351,0,187.53,0.46088765887243816,1.3,1.08,450.0
379682,14.399414,1.05836,0,187.53,0.4761494191906026,1.3,1.08,450.0
379683,14.410156,0.99632,0,187.53,0.49293641789391324,1.3,1.08,450.0
379684,14.419922,1.04021,0,187.53,0.5081981782120777,1.3,1.08,450.0
379685,14.429687,0.9637,0,187.53,0.5234583757859989,1.3,1.08,450.0
379686,14.439453,1.03193,0,187.53,0.5387201361041634,1.3,1.08,450.0
379687,14.450195,0.9805,0,187.53,0.5555071348076516,1.3,1.08,450.0
379688,14.459961,1.06283,0,187.53,0.5707688951256384,1.3,1.08,450.0
379689,14.464843,1.00242,0,187.53,0.5783982125405662,1.3,1.08,450.0
379690,14.474609,1.05998,0,187.53,0.5936599728587306,1.3,1.08,450.0
379691,14.484375,1.01808,0,187.53,0.6089217331768951,1.3,1.08,450.0
379692,14.495117,1.05616,0,187.53,0.6257087318802057,1.3,1.08,450.0
379693,14.504882,1.02417,0,187.53,0.6409689294541269,1.3,1.08,450.0
379694,14.514648,1.04442,0,187.53,0.6562306897722914,1.3,1.08,450.0
379695,14.524414,1.05221,0,187.53,0.6714924500904559,1.3,1.08,450.0
379696,14.535156,1.02113,0,187.53,0.6882794487937663,1.3,1.08,450.0
379697,14.544922,1.06977,0,187.53,0.7035412091119309,1.3,1.08,450.0
379698,14.554687,1.02824,0,187.53,0.718801406685852,1.3,1.08,450.0
379699,14.564453,1.05985,0,187.53,0.7340631670040165,1.3,1.08,450.0
379700,14.570312,1.03997,0,187.53,0.7432192855483337,1.3,1.08,450.0
379701,14.580078,1.04343,0,187.53,0.7584810458664981,1.3,1.08,450.0
379702,14.589843,1.03237,0,187.53,0.7737412434404194,1.3,1.08,450.0
379703,14.599609,1.07628,0,187.53,0.7890030037585838,1.3,1.08,450.0
379704,14.609375,0.93514,0,187.53,0.8042647640767483,1.3,1.08,450.0
379705,14.620117,1.07501,0,187.53,0.8210517627800589,1.3,1.08,450.0
379706,14.629882,1.01525,0,187.53,0.83631196035398,1.3,1.08,450.0
379707,14.639648,1.05543,0,187.53,0.8515737206721445,1.3,1.08,450.0
379708,14.649414,1.01894,0,187.53,0.866835480990309,1.3,1.08,450.0
379709,14.655273,1.04479,0,187.53,0.8759915995346261,1.3,1.08,450.0
379710,14.665039,1.0456,0,187.53,0.8912533598527906,1.3,1.08,450.0
379711,14.674804,1.02285,0,187.53,0.9065135574267118,1.3,1.08,450.0
379712,14.68457,1.04682,0,187.53,0.9217753177448763,1.3,1.08,450.0
379713,14.695312,1.06221,0,187.53,0.938562316448187,1.3,1.08,450.0
379714,14.705078,1.03385,0,187.53,0.9538240767663513,1.3,1.08,450.0
379715,14.714843,1.07093,0,187.53,0.9690842743402726,1.3,1.08,450.0
379716,14.724609,0.9629,0,187.53,0.984346034658437,1.3,1.08,450.0
379717,14.734375,1.03122,0,187.53,0.9996077949766015,1.3,1.08,450.0
379718,14.745117,0.99847,0,187.53,0.016394793679912034,1.3,1.08,450.0
379719,14.754882,1.41823,1,185.23,0.0,1.3,1.08,450.0
379720,14.759765,1.15091,0,185.23,0.0075372227069421425,1.3,1.08,450.0
379721,14.769531,1.11158,0,185.23,0.02261166812100191,1.3,1.08,450.0
379722,14.780273,1.0282,0,185.23,0.03919263193816012,1.3,1.08,450.0
379723,14.790039,1.22281,0,185.23,0.05426707735221988,1.3,1.08,450.0
379724,14.799804,0.99695,0,185.23,0.069339979202346,1.3,1.08,450.0
379725,14.80957,1.27796,0,185.23,0.08441442461640578,1.3,1.08,450.0
379726,14.820312,0.88193,0,185.23,0.1009953884333885,1.3,1.08,450.0
379727,14.830078,1.37655,0,185.23,0.11606983384744826,1.3,1.08,450.0
379728,14.839843,1.65657,0,185.23,0.1311427356975744,1.3,1.08,450.0
379729,14.849609,2.21692,0,185.23,0.14621718111163415,1.3,1.08,450.0
379730,14.859375,2.9862,0,185.23,0.16129162652569393,1.3,1.08,450.0
379731,14.865234,3.10076,0,185.23,0.17033536763573448,1.3,1.08,450.0
379732,14.875,2.35751,0,185.23,0.18540981304979426,1.3,1.08,450.0
379733,14.884765,1.93856,0,185.23,0.2004827148997449,1.3,1.08,450.0
379734,14.894531,2.56071,0,185.23,0.21555716031380465,1.3,1.08,450.0
379735,14.905273,1.88611,0,185.23,0.23213812413096288,1.3,1.08,450.0
379736,14.915039,2.03185,0,185.23,0.24721256954502263,1.3,1.08,450.0
379737,14.924804,2.11351,0,185.23,0.2622854713951488,1.3,1.08,450.0
379738,14.93457,1.89047,0,185.23,0.2773599168092085,1.3,1.08,450.0
379739,14.945312,1.75381,0,185.23,0.2939408806261913,1.3,1.08,450.0
379740,14.955078,1.50749,0,185.23,0.30901532604025106,1.3,1.08,450.0
379741,14.959961,1.20582,0,185.23,0.3165525487471932,1.3,1.08,450.0
379742,14.969726,0.97661,0,185.23,0.3316254505973193,1.3,1.08,450.0
379743,14.979492,0.87249,0,185.23,0.34669989601137907,1.3,1.08,450.0
379744,14.990234,0.91721,0,185.23,0.36328085982853725,1.3,1.08,450.0
379745,15.0,1.08921,0,185.23,0.37835530524259703,1.3,1.08,450.0
379746,15.009765,1.29496,0,185.23,0.39342820709254767,1.3,1.08,450.0
379747,15.019531,1.42863,0,185.23,0.40850265250660744,1.3,1.08,450.0
379748,15.030273,1.43395,0,185.23,0.4250836163237656,1.3,1.08,450.0
379749,15.040039,1.32164,0,185.23,0.44015806173782546,1.3,1.08,450.0
379750,15.049804,1.14464,0,185.23,0.45523096358795156,1.3,1.08,450.0
379751,15.05957,0.96333,0,185.23,0.4703054090020113,1.3,1.08,450.0
379752,15.070312,0.85216,0,185.23,0.486886372818994,1.3,1.08,450.0
379753,15.075195,0.86587,0,185.23,0.49442359552611165,1.3,1.08,450.0
379754,15.084961,1.02299,0,185.23,0.509498040939996,1.3,1.08,450.0
379755,15.094726,1.12944,0,185.23,0.5245709427901221,1.3,1.08,450.0
379756,15.104492,1.21401,0,185.23,0.5396453882041818,1.3,1.08,450.0
379757,15.115234,1.24883,0,185.23,0.5562263520213401,1.3,1.08,450.0
379758,15.125,1.25514,0,185.23,0.5713007974353999,1.3,1.08,450.0
379759,15.134765,1.22503,0,185.23,0.5863736992853504,1.3,1.08,450.0
379760,15.144531,1.1998,0,185.23,0.6014481446994101,1.3,1.08,450.0
379761,15.155273,1.24409,0,185.23,0.6180291085165683,1.3,1.08,450.0
379762,15.160156,1.38077,0,185.23,0.6255663312235105,1.3,1.08,450.0
379763,15.169922,1.52457,0,185.23,0.6406407766375702,1.3,1.08,450.0
379764,15.179687,1.66772,0,185.23,0.6557136784876965,1.3,1.08,450.0
379765,15.189453,1.80109,0,185.23,0.6707881239017562,1.3,1.08,450.0
379766,15.200195,1.94064,0,185.23,0.6873690877189145,1.3,1.08,450.0
379767,15.209961,2.11469,0,185.23,0.7024435331327987,1.3,1.08,450.0
379768,15.219726,2.25518,0,185.23,0.7175164349829247,1.3,1.08,450.0
379769,15.229492,2.3233,0,185.23,0.7325908803969845,1.3,1.08,450.0
379770,15.240234,2.30321,0,185.23,0.7491718442141427,1.3,1.08,450.0
379771,15.25,2.22317,0,185.23,0.7642462896282025,1.3,1.08,450.0
379772,15.259765,2.12968,0,185.23,0.7793191914781532,1.3,1.08,450.0
379773,15.264648,2.05201,0,185.23,0.7868564141852709,1.3,1.08,450.0
379774,15.274414,1.97394,0,185.23,0.8019308595993306,1.3,1.08,450.0
379775,15.285156,1.92348,0,185.23,0.8185118234163133,1.3,1.08,450.0
379776,15.294922,1.90731,0,185.23,0.8335862688303731,1.3,1.08,450.0
379777,15.304687,1.92832,0,185.23,0.8486591706804991,1.3,1.08,450.0
379778,15.314453,2.08723,0,185.23,0.8637336160945589,1.3,1.08,450.0
379779,15.325195,2.27381,0,185.23,0.8803145799117171,1.3,1.08,450.0
379780,15.334961,2.32204,0,185.23,0.8953890253256014,1.3,1.08,450.0
379781,15.344726,2.28488,0,185.23,0.9104619271757276,1.3,1.08,450.0
379782,15.354492,2.21611,0,185.23,0.9255363725897874,1.3,1.08,450.0
379783,15.365234,2.18874,0,185.23,0.9421173364069456,1.3,1.08,450.0
379784,15.370117,1.99593,0,185.23,0.9496545591138877,1.3,1.08,450.0
379785,15.379882,0.5871,0,185.23,0.9647274609640137,1.3,1.08,450.0
379786,15.389648,2.59241,1,186.76,0.0,1.3,1.08,450.0
379787,15.399414,2.53711,0,186.76,0.015198746074342137,1.3,1.08,450.0
379788,15.410156,1.14695,0,186.76,0.03191643298089516,1.3,1.08,450.0
379789,15.419922,0.8238,0,186.76,0.047115179055237294,1.3,1.08,450.0
379790,15.429687,2.20375,0,186.76,0.062312368837746955,1.3,1.08,450.0
379791,15.439453,2.91833,0,186.76,0.07751111491208909,1.3,1.08,450.0
379792,15.450195,2.20412,0,186.76,0.09422880181881904,1.3,1.08,450.0
379793,15.455078,1.32048,0,186.76,0.10182817485590163,1.3,1.08,450.0
379794,15.464843,1.32095,0,186.76,0.11702536463841132,1.3,1.08,450.0
379795,15.474609,2.1534,0,186.76,0.13222411071275345,1.3,1.08,450.0
379796,15.484375,1.59233,0,186.76,0.1474228567870956,1.3,1.08,450.0
379797,15.495117,1.29817,0,186.76,0.16414054369364858,1.3,1.08,450.0
379798,15.504882,1.14233,0,186.76,0.17933773347615828,1.3,1.08,450.0
379799,15.514648,1.12112,0,186.76,0.1945364795505004,1.3,1.08,450.0
379800,15.524414,1.07202,0,186.76,0.20973522562484254,1.3,1.08,450.0
379801,15.535156,1.09016,0,186.76,0.22645291253139554,1.3,1.08,450.0
379802,15.544922,1.12454,0,186.76,0.2416516586057377,1.3,1.08,450.0
379803,15.554687,1.20726,0,186.76,0.25684884838824734,1.3,1.08,450.0
379804,15.564453,1.02745,0,186.76,0.27204759446258947,1.3,1.08,450.0
379805,15.570312,1.05516,0,186.76,0.2811659083320599,1.3,1.08,450.0
379806,15.580078,1.02611,0,186.76,0.2963646544064021,1.3,1.08,450.0
379807,15.589843,1.17424,0,186.76,0.3115618441889117,1.3,1.08,450.0
379808,15.599609,1.0387,0,186.76,0.3267605902632538,1.3,1.08,450.0
379809,15.609375,1.11552,0,186.76,0.341959336337596,1.3,1.08,450.0
379810,15.620117,1.05151,0,186.76,0.358677023244149,1.3,1.08,450.0
379811,15.629882,1.07214,0,186.76,0.37387421302665863,1.3,1.08,450.0
379812,15.639648,1.02747,0,186.76,0.3890729591010008,1.3,1.08,450.0
379813,15.649414,0.97669,0,186.76,0.40427170517534294,1.3,1.08,450.0
379814,15.655273,1.03175,0,186.76,0.4133900190448134,1.3,1.08,450.0
379815,15.665039,1.04989,0,186.76,0.42858876511915545,1.3,1.08,450.0
379816,15.674804,1.06738,0,186.76,0.44378595490166517,1.3,1.08,450.0
379817,15.68457,1.06344,0,186.76,0.4589847009760073,1.3,1.08,450.0
379818,15.695312,1.08844,0,186.76,0.4757023878825603,1.3,1.08,450.0
379819,15.705078,1.04461,0,186.76,0.49090113395690244,1.3,1.08,450.0
379820,15.714843,1.05925,0,186.76,0.5060983237394121,1.3,1.08,450.0
379821,15.724609,1.01637,0,186.76,0.5212970698137542,1.3,1.08,450.0
379822,15.734375,1.05556,0,186.76,0.5364958158880965,1.3,1.08,450.0
379823,15.745117,0.99371,0,186.76,0.5532135027946494,1.3,1.08,450.0
379824,15.75,1.04063,0,186.76,0.560812875831909,1.3,1.08,450.0
379825,15.759765,0.97175,0,186.76,0.5760100656142416,1.3,1.08,450.0
379826,15.769531,1.0655,0,186.76,0.5912088116885837,1.3,1.08,450.0
379827,15.780273,0.93475,0,186.76,0.6079264985953138,1.3,1.08,450.0
379828,15.790039,1.08841,0,186.76,0.6231252446696558,1.3,1.08,450.0
379829,15.799804,0.93331,0,186.76,0.6383224344521655,1.3,1.08,450.0
379830,15.80957,1.07831,0,186.76,0.6535211805265077,1.3,1.08,450.0
379831,15.820312,0.98804,0,186.76,0.6702388674330607,1.3,1.08,450.0
379832,15.830078,1.08446,0,186.76,0.6854376135074028,1.3,1.08,450.0
379833,15.839843,1.0041,0,186.76,0.7006348032899125,1.3,1.08,450.0
379834,15.849609,1.05272,0,186.76,0.7158335493642547,1.3,1.08,450.0
379835,15.859375,1.01298,0,186.76,0.7310322954385968,1.3,1.08,450.0
379836,15.865234,1.04666,0,186.76,0.7401506093080672,1.3,1.08,450.0
379837,15.875,1.04009,0,186.76,0.7553493553824093,1.3,1.08,450.0
379838,15.884765,1.00913,0,186.76,0.7705465451647421,1.3,1.08,450.0
379839,15.894531,1.05766,0,186.76,0.7857452912390842,1.3,1.08,450.0
379840,15.905273,1.02847,0,186.76,0.8024629781458141,1.3,1.08,450.0
379841,15.915039,1.07167,0,186.76,0.8176617242201564,1.3,1.08,450.0
379842,15.924804,1.0693,0,186.76,0.832858914002666,1.3,1.08,450.0
379843,15.93457,1.0316,0,186.76,0.8480576600770081,1.3,1.08,450.0
379844,15.945312,1.0704,0,186.76,0.8647753469835612,1.3,1.08,450.0
379845,15.955078,1.02906,0,186.76,0.8799740930579033,1.3,1.08,450.0
379846,15.959961,1.05558,0,186.76,0.8875734660949859,1.3,1.08,450.0
379847,15.969726,1.04874,0,186.76,0.9027706558774955,1.3,1.08,450.0
379848,15.979492,1.05201,0,186.76,0.9179694019518377,1.3,1.08,450.0
379849,15.990234,1.03484,0,186.76,0.9346870888585675,1.3,1.08,450.0
379850,16.0,1.02797,0,186.76,0.9498858349329098,1.3,1.08,450.0
379851,16.009765,1.05254,0,186.76,0.9650830247152425,1.3,1.08,450.0
379852,16.019531,1.03623,0,186.76,0.9802817707895847,1.3,1.08,450.0
379853,16.030273,0.99047,0,186.76,0.9969994576963146,1.3,1.08,450.0
379854,16.040039,0.96576,0,186.76,0.012198203770656724,1.3,1.08,450.0
379855,16.049804,0.98461,0,186.76,0.027395393553166336,1.3,1.08,450.0
379856,16.05957,1.29211,0,186.76,0.042594139627508465,1.3,1.08,450.0
379857,16.064453,1.2531,0,186.76,0.050193512664591156,1.3,1.08,450.0
379858,16.075195,1.06587,0,186.76,0.06691119957132119,1.3,1.08,450.0
379859,16.084961,1.09926,0,186.76,0.08210994564548613,1.3,1.08,450.0
379860,16.094726,1.01942,0,186.76,0.09730713542799596,1.3,1.08,450.0
379861,16.104492,1.22142,0,186.76,0.11250588150233787,1.3,1.08,450.0
379862,16.115234,1.05935,0,186.76,0.1292235684090679,1.3,1.08,450.0
379863,16.125,1.20728,0,186.76,0.14442231448341025,1.3,1.08,450.0
379864,16.134765,1.45554,1,176.47,0.0,1.3,1.08,450.0
379865,16.144531,1.85744,0,176.47,0.014361914232544678,1.3,1.08,450.0
379866,16.155273,2.52888,0,176.47,0.030159137526268465,1.3,1.08,450.0
379867,16.160156,2.95468,0,176.47,0.03734009464245721,1.3,1.08,450.0
379868,16.169922,2.44427,0,176.47,0.051702008875001884,1.3,1.08,450.0
379869,16.179687,2.47535,0,176.47,0.06606245250400404,1.3,1.08,450.0
379870,16.189453,1.84047,0,176.47,0.08042436673654872,1.3,1.08,450.0
379871,16.200195,2.03889,0,176.47,0.09622159003027252,1.3,1.08,450.0
379872,16.209961,2.94998,0,176.47,0.11058350426265,1.3,1.08,450.0
379873,16.219726,2.4357,0,176.47,0.12494394789165215,1.3,1.08,450.0
379874,16.229492,2.38342,0,176.47,0.13930586212419682,1.3,1.08,450.0
379875,16.240234,2.44546,0,176.47,0.15510308541792062,1.3,1.08,450.0
379876,16.245117,2.78391,0,176.47,0.16228404253410936,1.3,1.08,450.0
379877,16.259765,1.22569,0,176.47,0.18382544327930025,1.3,1.08,450.0
379878,16.264648,0.96589,0,176.47,0.19100640039565622,1.3,1.08,450.0
379879,16.274414,0.81808,0,176.47,0.20536831462820088,1.3,1.08,450.0
379880,16.285156,0.7472,0,176.47,0.22116553792175747,1.3,1.08,450.0
379881,16.294922,0.73464,0,176.47,0.23552745215430215,1.3,1.08,450.0
379882,16.304687,0.83444,0,176.47,0.2498878957833043,1.3,1.08,450.0
379883,16.314453,0.99775,0,176.47,0.26424981001584896,1.3,1.08,450.0
379884,16.325195,1.18836,0,176.47,0.28004703330957276,1.3,1.08,450.0
379885,16.334961,1.30975,0,176.47,0.2944089475419503,1.3,1.08,450.0
379886,16.344726,1.40093,0,176.47,0.3087693911709524,1.3,1.08,450.0
379887,16.354492,1.46732,0,176.47,0.3231313054034971,1.3,1.08,450.0
379888,16.365234,1.38293,0,176.47,0.3389285286972209,1.3,1.08,450.0
379889,16.370117,1.28273,0,176.47,0.3461094858134096,1.3,1.08,450.0
379890,16.379882,1.17054,0,176.47,0.3604699294424118,1.3,1.08,450.0
379891,16.389648,1.03149,0,176.47,0.3748318436749564,1.3,1.08,450.0
379892,16.399414,0.94942,0,176.47,0.3891937579075011,1.3,1.08,450.0
379893,16.410156,0.96912,0,176.47,0.40499098120105775,1.3,1.08,450.0
379894,16.419922,1.07649,0,176.47,0.41935289543360244,1.3,1.08,450.0
379895,16.429687,1.26715,0,176.47,0.43371333906260456,1.3,1.08,450.0
379896,16.439453,1.44142,0,176.47,0.4480752532951493,1.3,1.08,450.0
379897,16.450195,1.51132,0,176.47,0.46387247658887304,1.3,1.08,450.0
379898,16.455078,1.45544,0,176.47,0.47105343370506175,1.3,1.08,450.0
379899,16.464843,1.35216,0,176.47,0.485413877334064,1.3,1.08,450.0
379900,16.474609,1.38285,0,176.47,0.4997757915666086,1.3,1.08,450.0
379901,16.484375,1.52377,0,176.47,0.5141377057991533,1.3,1.08,450.0
379902,16.495117,1.65139,0,176.47,0.5299349290927099,1.3,1.08,450.0
379903,16.504882,1.84071,0,176.47,0.544295372721712,1.3,1.08,450.0
379904,16.514648,2.11349,0,176.47,0.5586572869542566,1.3,1.08,450.0
379905,16.524414,2.38172,0,176.47,0.5730192011868014,1.3,1.08,450.0
379906,16.535156,2.50275,0,176.47,0.588816424480358,1.3,1.08,450.0
379907,16.544922,2.46096,0,176.47,0.6031783387129027,1.3,1.08,450.0
379908,16.554687,2.35415,0,176.47,0.6175387823419048,1.3,1.08,450.0
379909,16.55957,2.27936,0,176.47,0.6247197394582608,1.3,1.08,450.0
379910,16.570312,2.2314,0,176.47,0.6405169627518174,1.3,1.08,450.0
379911,16.580078,2.20214,0,176.47,0.6548788769843621,1.3,1.08,450.0
379912,16.589843,2.1941,0,176.47,0.6692393206133642,1.3,1.08,450.0
379913,16.599609,2.23305,0,176.47,0.683601234845909,1.3,1.08,450.0
379914,16.609375,2.34911,0,176.47,0.6979631490784536,1.3,1.08,450.0
379915,16.620117,2.5434,0,176.47,0.7137603723720102,1.3,1.08,450.0
379916,16.629882,2.71527,0,176.47,0.7281208160010124,1.3,1.08,450.0
379917,16.639648,2.80502,0,176.47,0.7424827302335569,1.3,1.08,450.0
379918,16.649414,2.85965,0,176.47,0.7568446444661017,1.3,1.08,450.0
379919,16.655273,2.67349,0,176.47,0.7654609106434695,1.3,1.08,450.0
379920,16.665039,0.67207,0,176.47,0.7798228248760142,1.3,1.08,450.0
379921,16.674804,2.96638,1,194.77,0.0,1.3,1.08,450.0
379922,16.68457,2.92542,0,194.77,0.01585070019043468,1.3,1.08,450.0
379923,16.695312,0.87839,0,194.77,0.03328549657016148,1.3,1.08,450.0
379924,16.705078,0.48438,0,194.77,0.049136196760596156,1.3,1.08,450.0
379925,16.714843,2.33193,0,194.77,0.06498527390166053,1.3,1.08,450.0
379926,16.724609,2.67882,0,194.77,0.08083597409209521,1.3,1.08,450.0
379927,16.734375,2.01971,0,194.77,0.09668667428252989,1.3,1.08,450.0
379928,16.745117,1.3727,0,194.77,0.1141214706622567,1.3,1.08,450.0
379929,16.754882,1.6777,0,194.77,0.12997054780332107,1.3,1.08,450.0
379930,16.759765,1.66235,0,194.77,0.13789589789844614,1.3,1.08,450.0
379931,16.769531,1.55512,0,194.77,0.15374659808888083,1.3,1.08,450.0
379932,16.780273,1.13745,0,194.77,0.17118139446879216,1.3,1.08,450.0
379933,16.790039,1.18158,0,194.77,0.18703209465922685,1.3,1.08,450.0
379934,16.799804,1.06491,0,194.77,0.20288117180029122,1.3,1.08,450.0
379935,16.80957,1.04482,0,194.77,0.21873187199072588,1.3,1.08,450.0
379936,16.820312,1.05975,0,194.77,0.2361666683704527,1.3,1.08,450.0
379937,16.830078,1.07446,0,194.77,0.25201736856088736,1.3,1.08,450.0
379938,16.839843,1.10794,0,194.77,0.2678664457019517,1.3,1.08,450.0
379939,16.849609,1.09132,0,194.77,0.28371714589238645,1.3,1.08,450.0
379940,16.859375,1.05035,0,194.77,0.2995678460828211,1.3,1.08,450.0
379941,16.865234,1.1221,0,194.77,0.3090772923674228,1.3,1.08,450.0
379942,16.875,1.13368,0,194.77,0.32492799255785754,1.3,1.08,450.0
379943,16.884765,1.12524,0,194.77,0.3407770696987374,1.3,1.08,450.0
379944,16.894531,1.09212,0,194.77,0.35662776988917205,1.3,1.08,450.0
379945,16.905273,1.09319,0,194.77,0.37406256626908335,1.3,1.08,450.0
379946,16.915039,0.97748,0,194.77,0.38991326645951807,1.3,1.08,450.0
379947,16.924804,1.06199,0,194.77,0.40576234360058244,1.3,1.08,450.0
379948,16.93457,0.95025,0,194.77,0.4216130437910171,1.3,1.08,450.0
379949,16.945312,1.01709,0,194.77,0.4390478401707439,1.3,1.08,450.0
379950,16.950195,1.00837,0,194.77,0.4469731902660535,1.3,1.08,450.0
379951,16.959961,0.94291,0,194.77,0.4628238904563037,1.3,1.08,450.0
379952,16.969726,1.09185,0,194.77,0.47867296759736805,1.3,1.08,450.0
379953,16.979492,0.99004,0,194.77,0.4945236677878027,1.3,1.08,450.0
379954,16.990234,1.04797,0,194.77,0.5119584641677141,1.3,1.08,450.0
379955,17.0,1.02174,0,194.77,0.5278091643581487,1.3,1.08,450.0
379956,17.009765,1.02887,0,194.77,0.5436582414990286,1.3,1.08,450.0
379957,17.019531,1.01536,0,194.77,0.5595089416894633,1.3,1.08,450.0
379958,17.030273,1.04374,0,194.77,0.5769437380693746,1.3,1.08,450.0
379959,17.040039,1.02521,0,194.77,0.5927944382598092,1.3,1.08,450.0
379960,17.049804,1.0407,0,194.77,0.6086435154008736,1.3,1.08,450.0
379961,17.054687,1.00582,0,194.77,0.6165688654959988,1.3,1.08,450.0
379962,17.064453,1.03333,0,194.77,0.6324195656864334,1.3,1.08,450.0
379963,17.075195,1.03011,0,194.77,0.6498543620663447,1.3,1.08,450.0
379964,17.084961,1.0244,0,194.77,0.6657050622565949,1.3,1.08,450.0
379965,17.094726,1.03981,0,194.77,0.6815541393976593,1.3,1.08,450.0
379966,17.104492,1.0933,0,194.77,0.697404839588094,1.3,1.08,450.0
379967,17.115234,1.03853,0,194.77,0.7148396359680053,1.3,1.08,450.0
379968,17.125,1.08474,0,194.77,0.7306903361584399,1.3,1.08,450.0
379969,17.134765,1.03483,0,194.77,0.7465394132993198,1.3,1.08,450.0
379970,17.144531,1.07041,0,194.77,0.7623901134897545,1.3,1.08,450.0
379971,17.155273,1.01884,0,194.77,0.7798249098696658,1.3,1.08,450.0
379972,17.160156,1.07353,0,194.77,0.7877502599647908,1.3,1.08,450.0
379973,17.169922,0.99224,0,194.77,0.8036009601552255,1.3,1.08,450.0
379974,17.179687,1.06751,0,194.77,0.81945003729629,1.3,1.08,450.0
379975,17.189453,1.03703,0,194.77,0.8353007374867246,1.3,1.08,450.0
379976,17.200195,1.04931,0,194.77,0.8527355338666359,1.3,1.08,450.0
379977,17.209961,1.0496,0,194.77,0.8685862340568861,1.3,1.08,450.0
379978,17.219726,1.05387,0,194.77,0.8844353111979505,1.3,1.08,450.0
379979,17.229492,0.99462,0,194.77,0.9002860113883852,1.3,1.08,450.0
379980,17.240234,1.03669,0,194.77,0.9177208077682965,1.3,1.08,450.0
379981,17.25,1.06419,0,194.77,0.9335715079587311,1.3,1.08,450.0
379982,17.254882,1.04136,0,194.77,0.941495235004486,1.3,1.08,450.0
379983,17.264648,1.03932,0,194.77,0.9573459351949206,1.3,1.08,450.0
379984,17.274414,1.03933,0,194.77,0.9731966353853553,1.3,1.08,450.0
379985,17.285156,1.06703,0,194.77,0.9906314317650821,1.3,1.08,450.0
379986,17.294922,0.99826,0,194.77,0.006482131955516612,1.3,1.08,450.0
379987,17.304687,1.01665,0,194.77,0.02233120909658104,1.3,1.08,450.0
379988,17.314453,1.06225,0,194.77,0.038181909287015925,1.3,1.08,450.0
379989,17.325195,0.9979,0,194.77,0.055616705666927224,1.3,1.08,450.0
379990,17.334961,0.95384,0,194.77,0.07146740585717737,1.3,1.08,450.0
379991,17.344726,1.18716,0,194.77,0.08731648299824157,1.3,1.08,450.0
379992,17.354492,1.24503,0,194.77,0.10316718318867646,1.3,1.08,450.0
379993,17.365234,1.17685,0,194.77,0.12060197956858754,1.3,1.08,450.0
379994,17.370117,1.06486,0,194.77,0.1285273296637126,1.3,1.08,450.0
379995,17.379882,1.10742,0,194.77,0.14437640680477726,1.3,1.08,450.0
379996,17.389648,1.12911,0,194.77,0.1602271069952117,1.3,1.08,450.0
379997,17.399414,1.10967,0,194.77,0.17607780718564636,1.3,1.08,450.0
379998,17.410156,1.02151,0,194.77,0.19351260356537336,1.3,1.08,450.0
379999,17.419922,1.02121,0,194.77,0.20936330375580803,1.3,1.08,450.0
380000,17.429687,1.34798,1,180.45,0.0,1.3,1.08,450.0
380001,17.439453,1.62278,0,180.45,0.014685261778473098,1.3,1.08,450.0
380002,17.445312,2.00609,0,180.45,0.023495516617686927,1.3,1.08,450.0
380003,17.455078,2.58767,0,180.45,0.03818077839616003,1.3,1.08,450.0
380004,17.464843,2.68619,0,180.45,0.05286453646157339,1.3,1.08,450.0
380005,17.474609,2.90679,0,180.45,0.06754979824004649,1.3,1.08,450.0
380006,17.484375,2.23546,0,180.45,0.08223506001851957,1.3,1.08,450.0
380007,17.495117,1.95917,0,180.45,0.09838794574688449,1.3,1.08,450.0
380008,17.504882,2.63532,0,180.45,0.11307170381229785,1.3,1.08,450.0
380009,17.514648,2.1429,0,180.45,0.12775696559077093,1.3,1.08,450.0
380010,17.524414,2.41016,0,180.45,0.14244222736924403,1.3,1.08,450.0
380011,17.535156,1.92372,0,180.45,0.15859511309760896,1.3,1.08,450.0
380012,17.544922,2.28591,0,180.45,0.17328037487608203,1.3,1.08,450.0
380013,17.554687,1.45389,0,180.45,0.18796413294149542,1.3,1.08,450.0
380014,17.55957,1.18479,0,180.45,0.1953067638308174,1.3,1.08,450.0
380015,17.570312,0.90136,0,180.45,0.21145964955918234,1.3,1.08,450.0
380016,17.580078,0.74983,0,180.45,0.2261449113376554,1.3,1.08,450.0
380017,17.589843,0.80718,0,180.45,0.24082866940306877,1.3,1.08,450.0
380018,17.599609,0.96815,0,180.45,0.25551393118154186,1.3,1.08,450.0
380019,17.609375,1.20053,0,180.45,0.270199192960015,1.3,1.08,450.0
380020,17.620117,1.38417,0,180.45,0.2863520786883799,1.3,1.08,450.0
380021,17.629882,1.43109,0,180.45,0.30103583675379325,1.3,1.08,450.0
380022,17.639648,1.38899,0,180.45,0.3157210985322664,1.3,1.08,450.0
380023,17.649414,1.30512,0,180.45,0.33040636031073944,1.3,1.08,450.0
380024,17.655273,1.15765,0,180.45,0.33921661514995327,1.3,1.08,450.0
380025,17.665039,1.05036,0,180.45,0.35390187692842634,1.3,1.08,450.0
380026,17.674804,0.95198,0,180.45,0.3685856349938398,1.3,1.08,450.0
380027,17.68457,0.93878,0,180.45,0.38327089677231285,1.3,1.08,450.0
380028,17.695312,1.00159,0,180.45,0.3994237825006778,1.3,1.08,450.0
380029,17.705078,1.11475,0,180.45,0.41410904427915085,1.3,1.08,450.0
380030,17.714843,1.24716,0,180.45,0.42879280234456424,1.3,1.08,450.0
380031,17.724609,1.41047,0,180.45,0.4434780641230373,1.3,1.08,450.0
380032,17.734375,1.4927,0,180.45,0.4581633259015104,1.3,1.08,450.0
380033,17.745117,1.45984,0,180.45,0.4743162116298753,1.3,1.08,450.0
380034,17.75,1.34807,0,180.45,0.48165884251919727,1.3,1.08,450.0
380035,17.759765,1.30358,0,180.45,0.4963426005844397,1.3,1.08,450.0
380036,17.769531,1.40986,0,180.45,0.5110278623629128,1.3,1.08,450.0
380037,17.780273,1.56972,0,180.45,0.5271807480914487,1.3,1.08,450.0
380038,17.790039,1.69264,0,180.45,0.5418660098699218,1.3,1.08,450.0
380039,17.799804,1.84632,0,180.45,0.5565497679353352,1.3,1.08,450.0
380040,17.80957,2.01622,0,180.45,0.5712350297138082,1.3,1.08,450.0
380041,17.820312,2.19391,0,180.45,0.5873879154421732,1.3,1.08,450.0
380042,17.830078,2.39253,0,180.45,0.6020731772206462,1.3,1.08,450.0
380043,17.839843,2.4992,0,180.45,0.6167569352860596,1.3,1.08,450.0
380044,17.849609,2.45159,0,180.45,0.6314421970645328,1.3,1.08,450.0
380045,17.859375,2.32441,0,180.45,0.6461274588430058,1.3,1.08,450.0
380046,17.865234,2.17114,0,180.45,0.6549377136822196,1.3,1.08,450.0
380047,17.875,2.07785,0,180.45,0.6696229754606927,1.3,1.08,450.0
380048,17.884765,2.03538,0,180.45,0.6843067335259351,1.3,1.08,450.0
380049,17.894531,1.99457,0,180.45,0.6989919953044083,1.3,1.08,450.0
380050,17.905273,1.97608,0,180.45,0.7151448810329442,1.3,1.08,450.0
380051,17.915039,2.18479,0,180.45,0.7298301428114172,1.3,1.08,450.0
380052,17.924804,2.40206,0,180.45,0.7445139008768306,1.3,1.08,450.0
380053,17.93457,2.5407,0,180.45,0.7591991626553036,1.3,1.08,450.0
380054,17.945312,2.58481,0,180.45,0.7753520483836686,1.3,1.08,450.0
380055,17.950195,2.53631,0,180.45,0.7826946792729906,1.3,1.08,450.0
380056,17.959961,2.50135,0,180.45,0.7973799410512927,1.3,1.08,450.0
380057,17.969726,0.91317,0,180.45,0.8120636991167061,1.3,1.08,450.0
380058,17.979492,1.93998,1,195.57,0.0,1.3,1.08,450.0
380059,17.990234,2.84327,0,195.57,0.017506865893920098,1.3,1.08,450.0
380060,18.0,1.38425,0,195.57,0.03342308748389,1.3,1.08,450.0
380061,18.009765,0.78752,0,195.57,0.049337679315170656,1.3,1.08,450.0
380062,18.019531,2.24312,0,195.57,0.06525390090514056,1.3,1.08,450.0
380063,18.030273,3.13164,0,195.57,0.08276076679906065,1.3,1.08,450.0
380064,18.040039,2.35611,0,195.57,0.09867698838903056,1.3,1.08,450.0
380065,18.049804,1.40762,0,195.57,0.1145915802204965,1.3,1.08,450.0
380066,18.05957,1.55057,0,195.57,0.13050780181046642,1.3,1.08,450.0
380067,18.064453,1.59948,0,195.57,0.13846591260535873,1.3,1.08,450.0
380068,18.075195,1.47699,0,195.57,0.1559727784992788,1.3,1.08,450.0
380069,18.084961,1.17001,0,195.57,0.17188900008906344,1.3,1.08,450.0
380070,18.094726,1.18973,0,195.57,0.18780359192052937,1.3,1.08,450.0
380071,18.104492,1.12873,0,195.57,0.20371981351049928,1.3,1.08,450.0
380072,18.115234,1.07578,0,195.57,0.22122667940441937,1.3,1.08,450.0
380073,18.125,1.09271,0,195.57,0.23714290099438928,1.3,1.08,450.0
380074,18.134765,1.19457,0,195.57,0.2530574928256699,1.3,1.08,450.0
380075,18.144531,1.13367,0,195.57,0.26897371441563983,1.3,1.08,450.0
380076,18.155273,1.07185,0,195.57,0.2864805803095599,1.3,1.08,450.0
380077,18.160156,1.08553,0,195.57,0.29443869110445225,1.3,1.08,450.0
380078,18.169922,1.0697,0,195.57,0.31035491269442217,1.3,1.08,450.0
380079,18.179687,1.06294,0,195.57,0.32626950452588804,1.3,1.08,450.0
380080,18.189453,1.07676,0,195.57,0.34218572611585796,1.3,1.08,450.0
380081,18.200195,1.06801,0,195.57,0.3596925920097781,1.3,1.08,450.0
380082,18.209961,1.07345,0,195.57,0.3756088135995627,1.3,1.08,450.0
380083,18.219726,1.06385,0,195.57,0.39152340543102865,1.3,1.08,450.0
380084,18.229492,1.05738,0,195.57,0.40743962702099856,1.3,1.08,450.0
380085,18.240234,1.0707,0,195.57,0.42494649291491865,1.3,1.08,450.0
380086,18.25,1.11241,0,195.57,0.4408627145048885,1.3,1.08,450.0
380087,18.254882,1.04915,0,195.57,0.44881919554127686,1.3,1.08,450.0
380088,18.264648,1.03217,0,195.57,0.46473541713124683,1.3,1.08,450.0
380089,18.274414,1.03132,0,195.57,0.4806516387212167,1.3,1.08,450.0
380090,18.285156,1.05186,0,195.57,0.49815850461495154,1.3,1.08,450.0
380091,18.294922,1.05881,0,195.57,0.5140747262049215,1.3,1.08,450.0
380092,18.304687,1.02101,0,195.57,0.5299893180363874,1.3,1.08,450.0
380093,18.314453,1.00434,0,195.57,0.5459055396263572,1.3,1.08,450.0
380094,18.325195,1.08098,0,195.57,0.5634124055202773,1.3,1.08,450.0
380095,18.334961,0.93709,0,195.57,0.5793286271100619,1.3,1.08,450.0
380096,18.344726,1.07389,0,195.57,0.5952432189415279,1.3,1.08,450.0
380097,18.354492,0.93504,0,195.57,0.6111594405314978,1.3,1.08,450.0
380098,18.365234,1.06126,0,195.57,0.6286663064254179,1.3,1.08,450.0
380099,18.370117,0.99522,0,195.57,0.6366244172203103,1.3,1.08,450.0
380100,18.379882,1.01833,0,195.57,0.6525390090517761,1.3,1.08,450.0
380101,18.389648,1.0141,0,195.57,0.6684552306417461,1.3,1.08,450.0
380102,18.399414,1.03543,0,195.57,0.6843714522317159,1.3,1.08,450.0
380103,18.410156,1.03509,0,195.57,0.7018783181254508,1.3,1.08,450.0
380104,18.419922,1.04712,0,195.57,0.7177945397154207,1.3,1.08,450.0
380105,18.429687,1.03061,0,195.57,0.7337091315468867,1.3,1.08,450.0
380106,18.439453,1.03065,0,195.57,0.7496253531368565,1.3,1.08,450.0
380107,18.445312,1.05698,0,195.57,0.7591741082356991,1.3,1.08,450.0
380108,18.455078,1.02551,0,195.57,0.7750903298256689,1.3,1.08,450.0
380109,18.464843,1.01178,0,195.57,0.7910049216571349,1.3,1.08,450.0
380112,18.495117,1.07717,0,195.57,0.8403442307308094,1.3,1.08,450.0
380113,18.504882,1.00873,0,195.57,0.8562588225622754,1.3,1.08,450.0
380114,18.514648,1.08175,0,195.57,0.8721750441522453,1.3,1.08,450.0
380115,18.524414,1.02645,0,195.57,0.8880912657422152,1.3,1.08,450.0
380116,18.535156,1.11582,0,195.57,0.90559813163595,1.3,1.08,450.0
380117,18.544922,0.94723,0,195.57,0.92151435322592,1.3,1.08,450.0
380118,18.554687,1.09797,0,195.57,0.9374289450573859,1.3,1.08,450.0
380119,18.55957,1.02764,0,195.57,0.9453870558524635,1.3,1.08,450.0
380120,18.570312,1.05897,0,195.57,0.9628939217461984,1.3,1.08,450.0
380121,18.580078,1.0252,0,195.57,0.9788101433361682,1.3,1.08,450.0
380122,18.589843,1.08161,0,195.57,0.9947247351676342,1.3,1.08,450.0
380123,18.599609,1.02223,0,195.57,0.010640956757604014,1.3,1.08,450.0
380124,18.609375,1.02145,0,195.57,0.026557178347573984,1.3,1.08,450.0
380125,18.620117,1.01902,0,195.57,0.04406404424130872,1.3,1.08,450.0
380126,18.629882,0.95749,0,195.57,0.05997863607277476,1.3,1.08,450.0
380127,18.639648,0.98921,0,195.57,0.07589485766274473,1.3,1.08,450.0
380128,18.649414,1.00706,0,195.57,0.09181107925271448,1.3,1.08,450.0
380129,18.655273,1.30359,1,188.37,0.0,1.3,1.08,450.0
380130,18.665039,1.08914,0,188.37,0.015330303878593817,1.3,1.08,450.0
380131,18.674804,1.08655,0,188.37,0.030659037994353325,1.3,1.08,450.0
380132,18.68457,1.03312,0,188.37,0.04598934187294714,1.3,1.08,450.0
380133,18.695312,1.08063,0,188.37,0.06285173428157483,1.3,1.08,450.0
380134,18.705078,1.16759,0,188.37,0.07818203816016865,1.3,1.08,450.0
380135,18.714843,1.10939,0,188.37,0.09351077227592815,1.3,1.08,450.0
380136,18.724609,1.09152,0,188.37,0.10884107615452197,1.3,1.08,450.0
380137,18.734375,1.19833,0,188.37,0.1241713800331158,1.3,1.08,450.0
380138,18.745117,1.38053,0,188.37,0.1410337724417435,1.3,1.08,450.0
380139,18.75,1.89902,0,188.37,0.1486989243811296,1.3,1.08,450.0
380140,18.759765,2.38838,0,188.37,0.1640276584967107,1.3,1.08,450.0
380141,18.769531,2.88462,0,188.37,0.1793579623753045,1.3,1.08,450.0
380142,18.780273,3.10372,0,188.37,0.19622035478411065,1.3,1.08,450.0
380143,18.790039,2.70263,0,188.37,0.21155065866270445,1.3,1.08,450.0
380144,18.799804,2.65057,0,188.37,0.22687939277846395,1.3,1.08,450.0
380145,18.80957,2.68744,0,188.37,0.24220969665705777,1.3,1.08,450.0
380146,18.820312,1.98809,0,188.37,0.25907208906568546,1.3,1.08,450.0
380147,18.830078,2.35153,0,188.37,0.27440239294427926,1.3,1.08,450.0
380148,18.839843,1.64526,0,188.37,0.2897311270600388,1.3,1.08,450.0
380149,18.849609,2.7358,0,188.37,0.30506143093863264,1.3,1.08,450.0
380150,18.854492,1.45656,0,188.37,0.31272658287784033,1.3,1.08,450.0
380151,18.865234,1.31345,0,188.37,0.32958897528664644,1.3,1.08,450.0
380152,18.875,1.04412,0,188.37,0.3449192791652403,1.3,1.08,450.0
380153,18.884765,0.9375,0,188.37,0.3602480132808213,1.3,1.08,450.0
380154,18.894531,0.91478,0,188.37,0.37557831715941514,1.3,1.08,450.0
380155,18.905273,1.02883,0,188.37,0.3924407095682213,1.3,1.08,450.0
380156,18.915039,1.22444,0,188.37,0.40777101344681504,1.3,1.08,450.0
380157,18.924804,1.34822,0,188.37,0.42309974756257457,1.3,1.08,450.0
380158,18.93457,1.38682,0,188.37,0.4384300514411684,1.3,1.08,450.0
380159,18.945312,1.38184,0,188.37,0.4552924438497961,1.3,1.08,450.0
380160,18.950195,1.31699,0,188.37,0.4629575957891822,1.3,1.08,450.0
380161,18.959961,1.2078,0,188.37,0.4782878996675976,1.3,1.08,450.0
380162,18.969726,1.12004,0,188.37,0.4936166337833571,1.3,1.08,450.0
380163,18.979492,1.11094,0,188.37,0.508946937661951,1.3,1.08,450.0
380164,18.990234,1.14878,0,188.37,0.525809330070757,1.3,1.08,450.0
380165,19.0,1.15777,0,188.37,0.5411396339493509,1.3,1.08,450.0
380166,19.009765,1.14111,0,188.37,0.5564683680649319,1.3,1.08,450.0
380167,19.019531,1.16495,0,188.37,0.5717986719435257,1.3,1.08,450.0
380168,19.030273,1.2207,0,188.37,0.5886610643523319,1.3,1.08,450.0
380169,19.040039,1.34295,0,188.37,0.6039913682309257,1.3,1.08,450.0
380170,19.049804,1.40024,0,188.37,0.6193201023466853,1.3,1.08,450.0
380171,19.054687,1.37516,0,188.37,0.6269852542858929,1.3,1.08,450.0
380172,19.064453,1.34138,0,188.37,0.6423155581644867,1.3,1.08,450.0
380173,19.075195,1.41684,0,188.37,0.6591779505732929,1.3,1.08,450.0
380174,19.084961,1.55378,0,188.37,0.6745082544517083,1.3,1.08,450.0
380175,19.094726,1.68751,0,188.37,0.6898369885674678,1.3,1.08,450.0
380176,19.104492,1.88399,0,188.37,0.7051672924460616,1.3,1.08,450.0
380177,19.115234,2.12875,0,188.37,0.7220296848548677,1.3,1.08,450.0
380178,19.125,2.27318,0,188.37,0.7373599887334615,1.3,1.08,450.0
380179,19.134765,2.35185,0,188.37,0.7526887228490425,1.3,1.08,450.0
380180,19.144531,2.31009,0,188.37,0.7680190267276363,1.3,1.08,450.0
380181,19.155273,2.21503,0,188.37,0.7848814191364426,1.3,1.08,450.0
380182,19.160156,2.10021,0,188.37,0.7925465710756503,1.3,1.08,450.0
380183,19.169922,2.09282,0,188.37,0.8078768749542441,1.3,1.08,450.0
380184,19.179687,2.16697,0,188.37,0.8232056090700035,1.3,1.08,450.0
380185,19.189453,2.27955,0,188.37,0.8385359129485973,1.3,1.08,450.0
380186,19.200195,2.38359,0,188.37,0.8553983053574036,1.3,1.08,450.0
380187,19.209961,2.39425,0,188.37,0.8707286092358189,1.3,1.08,450.0
380188,19.219726,2.35972,0,188.37,0.8860573433515785,1.3,1.08,450.0
380189,19.229492,2.39271,0,188.37,0.9013876472301722,1.3,1.08,450.0
380190,19.240234,2.43999,0,188.37,0.9182500396389784,1.3,1.08,450.0
380191,19.245117,2.48898,0,188.37,0.925915191578186,1.3,1.08,450.0
380192,19.254882,2.53241,0,188.37,0.9412439256939457,1.3,1.08,450.0
380193,19.264648,2.25359,0,188.37,0.9565742295725393,1.3,1.08,450.0
380194,19.274414,0.5759,0,188.37,0.9719045334511331,1.3,1.08,450.0
380195,19.285156,2.72833,1,189.23,0.0,1.3,1.08,450.0
380196,19.294922,2.48167,0,189.23,0.015399969008183747,1.3,1.08,450.0
380197,19.304687,0.82175,0,189.23,0.030798361120097855,1.3,1.08,450.0
380198,19.314453,0.51522,0,189.23,0.046198330128281596,1.3,1.08,450.0
380199,19.325195,2.19666,0,189.23,0.06313734989957571,1.3,1.08,450.0
380200,19.334961,2.57345,0,189.23,0.0785373189075802,1.3,1.08,450.0
380201,19.344726,2.04966,0,189.23,0.0939357110194943,1.3,1.08,450.0
380202,19.349609,1.75513,0,189.23,0.10163569552367582,1.3,1.08,450.0
380203,19.359375,1.6602,0,189.23,0.11703566453185955,1.3,1.08,450.0
380204,19.370117,1.72215,0,189.23,0.1339746843029744,1.3,1.08,450.0
380205,19.379882,1.32858,0,189.23,0.1493730764148885,1.3,1.08,450.0
380206,19.389648,1.09873,0,189.23,0.16477304542307225,1.3,1.08,450.0
380207,19.399414,1.19969,0,189.23,0.18017301443125602,1.3,1.08,450.0
380208,19.410156,1.08362,0,189.23,0.19711203420237086,1.3,1.08,450.0
380209,19.419922,1.05903,0,189.23,0.2125120032105546,1.3,1.08,450.0
380210,19.429687,1.12965,0,189.23,0.2279103953224687,1.3,1.08,450.0
380211,19.439453,1.16366,0,189.23,0.24331036433065245,1.3,1.08,450.0
380212,19.445312,1.09708,0,189.23,0.25254939959776507,1.3,1.08,450.0
380213,19.455078,1.05162,0,189.23,0.2679493686059488,1.3,1.08,450.0
380214,19.464843,1.11546,0,189.23,0.28334776071786294,1.3,1.08,450.0
380215,19.474609,1.08531,0,189.23,0.29874772972604663,1.3,1.08,450.0
380216,19.484375,1.12192,0,189.23,0.31414769873423043,1.3,1.08,450.0
380217,19.495117,1.1584,0,189.23,0.33108671850534527,1.3,1.08,450.0
380218,19.504882,1.00492,0,189.23,0.3464851106172594,1.3,1.08,450.0
380219,19.514648,1.19084,0,189.23,0.36188507962544314,1.3,1.08,450.0
380220,19.524414,0.94208,0,189.23,0.37728504863362683,1.3,1.08,450.0
380221,19.535156,1.05555,0,189.23,0.3942240684047417,1.3,1.08,450.0
380222,19.544922,0.99695,0,189.23,0.40962403741292547,1.3,1.08,450.0
380223,19.549804,1.00748,0,189.23,0.4173224450208374,1.3,1.08,450.0
380224,19.55957,0.99979,0,189.23,0.43272241402902106,1.3,1.08,450.0
380225,19.570312,1.05695,0,189.23,0.44966143380013596,1.3,1.08,450.0
380226,19.580078,1.03242,0,189.23,0.46506140280831965,1.3,1.08,450.0
380227,19.589843,1.05406,0,189.23,0.4804597949202338,1.3,1.08,450.0
380228,19.599609,1.01672,0,189.23,0.4958597639284175,1.3,1.08,450.0
380229,19.609375,0.9713,0,189.23,0.5112597329366013,1.3,1.08,450.0
380230,19.620117,1.01332,0,189.23,0.5281987527077161,1.3,1.08,450.0
380231,19.629882,1.01471,0,189.23,0.5435971448196303,1.3,1.08,450.0
380232,19.639648,1.04138,0,189.23,0.558997113827814,1.3,1.08,450.0
380233,19.649414,1.00534,0,189.23,0.5743970828359977,1.3,1.08,450.0
380234,19.655273,1.04002,0,189.23,0.5836361181031103,1.3,1.08,450.0
380235,19.665039,1.05471,0,189.23,0.5990360871112941,1.3,1.08,450.0
380236,19.674804,1.00627,0,189.23,0.6144344792232082,1.3,1.08,450.0
380237,19.68457,0.95323,0,189.23,0.629834448231392,1.3,1.08,450.0
380238,19.695312,1.0969,0,189.23,0.6467734680025068,1.3,1.08,450.0
380239,19.705078,0.9782,0,189.23,0.6621734370106905,1.3,1.08,450.0
380240,19.714843,1.15267,0,189.23,0.6775718291226046,1.3,1.08,450.0
380241,19.724609,0.9743,0,189.23,0.6929717981307884,1.3,1.08,450.0
380242,19.734375,1.08585,0,189.23,0.7083717671389722,1.3,1.08,450.0
380243,19.740234,0.99118,0,189.23,0.7176108024060848,1.3,1.08,450.0
380244,19.75,1.01831,0,189.23,0.7330107714142684,1.3,1.08,450.0
380245,19.759765,1.02384,0,189.23,0.7484091635260034,1.3,1.08,450.0
380246,19.769531,1.08702,0,189.23,0.763809132534187,1.3,1.08,450.0
380247,19.780273,1.06839,0,189.23,0.7807481523054812,1.3,1.08,450.0
380248,19.790039,1.04658,0,189.23,0.796148121313665,1.3,1.08,450.0
380249,19.799804,1.02424,0,189.23,0.811546513425579,1.3,1.08,450.0
380250,19.80957,0.99809,0,189.23,0.8269464824337629,1.3,1.08,450.0
380251,19.820312,1.00944,0,189.23,0.8438855022048776,1.3,1.08,450.0
380252,19.830078,1.0371,0,189.23,0.8592854712130614,1.3,1.08,450.0
380253,19.839843,1.03746,0,189.23,0.8746838633249755,1.3,1.08,450.0
380254,19.849609,1.09299,0,189.23,0.8900838323331592,1.3,1.08,450.0
380255,19.859375,1.01962,0,189.23,0.9054838013413431,1.3,1.08,450.0
380256,19.865234,1.08873,0,189.23,0.9147228366084555,1.3,1.08,450.0
380257,19.875,1.02172,0,189.23,0.9301228056166393,1.3,1.08,450.0
380258,19.884765,1.09406,0,189.23,0.9455211977283742,1.3,1.08,450.0
380259,19.894531,1.01242,0,189.23,0.9609211667365579,1.3,1.08,450.0
380260,19.905273,1.11133,0,189.23,0.9778601865078521,1.3,1.08,450.0
380261,19.915039,0.98606,0,189.23,0.9932601555160357,1.3,1.08,450.0
380262,19.924804,0.94873,0,189.23,0.00865854762794993,1.3,1.08,450.0
380263,19.93457,0.94283,0,189.23,0.024058516636133787,1.3,1.08,450.0
380264,19.945312,1.13124,0,189.23,0.04099753640724857,1.3,1.08,450.0
380265,19.950195,1.20952,0,189.23,0.04869752091142998,1.3,1.08,450.0
380266,19.959961,1.17444,0,189.23,0.06409748991943442,1.3,1.08,450.0
380267,19.969726,1.00031,0,189.23,0.07949588203134872,1.3,1.08,450.0
380268,19.979492,1.04246,0,189.23,0.09489585103953235,1.3,1.08,450.0
380269,19.990234,1.15023,0,189.23,0.11183487081082655,1.3,1.08,450.0
380270,20.0,1.12892,0,189.23,0.12723483981901018,1.3,1.08,450.0
380271,20.009765,1.10254,0,189.23,0.14263323193074506,1.3,1.08,450.0
380272,20.019531,1.00526,0,189.23,0.1580332009389287,1.3,1.08,450.0
380273,20.030273,1.12929,0,189.23,0.1749722207102229,1.3,1.08,450.0
380274,20.040039,1.2511,0,189.23,0.19037218971840675,1.3,1.08,450.0
380275,20.049804,1.46336,1,176.31,0.0,1.3,1.08,450.0
380276,20.054687,1.98634,0,176.31,0.0071743686645221,1.3,1.08,450.0
380277,20.064453,2.40247,0,176.31,0.021523105993733336,1.3,1.08,450.0
380278,20.075195,2.69455,0,176.31,0.037305835503348136,1.3,1.08,450.0
380279,20.084961,2.75164,0,176.31,0.051654572832392345,1.3,1.08,450.0
380280,20.094726,1.89485,0,176.31,0.06600184090732414,1.3,1.08,450.0
380281,20.104492,2.2372,0,176.31,0.08035057823653538,1.3,1.08,450.0
380282,20.115234,2.80815,0,176.31,0.09613330774615018,1.3,1.08,450.0
380283,20.125,2.06777,0,176.31,0.11048204507536141,1.3,1.08,450.0
380284,20.134765,2.41358,0,176.31,0.12482931315012617,1.3,1.08,450.0
380285,20.144531,1.89773,0,176.31,0.1391780504793374,1.3,1.08,450.0
380286,20.155273,2.21936,0,176.31,0.15496077998895222,1.3,1.08,450.0
380287,20.160156,1.43046,0,176.31,0.1621351486534743,1.3,1.08,450.0
380288,20.169922,1.32328,0,176.31,0.17648388598268555,1.3,1.08,450.0
380289,20.179687,1.1573,0,176.31,0.19083115405761736,1.3,1.08,450.0
380290,20.189453,1.0816,0,176.31,0.20517989138682857,1.3,1.08,450.0
380291,20.200195,1.01697,0,176.31,0.2209626208964434,1.3,1.08,450.0
380292,20.209961,1.05881,0,176.31,0.2353113582254876,1.3,1.08,450.0
380293,20.219726,1.21995,0,176.31,0.24965862630041938,1.3,1.08,450.0
380294,20.229492,1.37854,0,176.31,0.2640073636296306,1.3,1.08,450.0
380295,20.240234,1.45585,0,176.31,0.27979009313924547,1.3,1.08,450.0
380296,20.245117,1.48798,0,176.31,0.28696446180376756,1.3,1.08,450.0
380297,20.254882,1.44136,0,176.31,0.3013117298786993,1.3,1.08,450.0
380298,20.264648,1.28136,0,176.31,0.3156604672079106,1.3,1.08,450.0
380299,20.274414,1.14557,0,176.31,0.3300092045371218,1.3,1.08,450.0
380300,20.285156,1.09345,0,176.31,0.34579193404656955,1.3,1.08,450.0
380301,20.294922,1.0339,0,176.31,0.3601406713757808,1.3,1.08,450.0
380302,20.304687,0.98917,0,176.31,0.3744879394507126,1.3,1.08,450.0
380303,20.314453,1.00331,0,176.31,0.38883667677992384,1.3,1.08,450.0
380304,20.325195,1.11072,0,176.31,0.40461940628953863,1.3,1.08,450.0
380305,20.334961,1.31325,0,176.31,0.41896814361858287,1.3,1.08,450.0
380306,20.344726,1.41098,0,176.31,0.4333154116935146,1.3,1.08,450.0
380307,20.354492,1.44279,0,176.31,0.4476641490227259,1.3,1.08,450.0
380308,20.359375,1.38045,0,176.31,0.454838517687415,1.3,1.08,450.0
380309,20.370117,1.38989,0,176.31,0.47062124719686277,1.3,1.08,450.0
380310,20.379882,1.46809,0,176.31,0.4849685152717946,1.3,1.08,450.0
380311,20.389648,1.56189,0,176.31,0.4993172526010058,1.3,1.08,450.0
380312,20.399414,1.66886,0,176.31,0.5136659899302171,1.3,1.08,450.0
380313,20.410156,1.82174,0,176.31,0.5294487194396649,1.3,1.08,450.0
380314,20.419922,1.99001,0,176.31,0.5437974567688761,1.3,1.08,450.0
380315,20.429687,2.15664,0,176.31,0.558144724843808,1.3,1.08,450.0
380316,20.439453,2.23394,0,176.31,0.5724934621730191,1.3,1.08,450.0
380317,20.445312,2.20554,0,176.31,0.5811018230179447,1.3,1.08,450.0
380318,20.455078,2.17383,0,176.31,0.595450560347156,1.3,1.08,450.0
380319,20.464843,2.19889,0,176.31,0.6097978284220879,1.3,1.08,450.0
380320,20.474609,2.21443,0,176.31,0.6241465657512991,1.3,1.08,450.0
380321,20.484375,2.15677,0,176.31,0.6384953030805103,1.3,1.08,450.0
380322,20.495117,2.09424,0,176.31,0.6542780325899581,1.3,1.08,450.0
380323,20.504882,2.05268,0,176.31,0.6686253006648898,1.3,1.08,450.0
380324,20.514648,2.06333,0,176.31,0.6829740379941012,1.3,1.08,450.0
380325,20.524414,2.1432,0,176.31,0.6973227753233123,1.3,1.08,450.0
380326,20.535156,2.2699,0,176.31,0.71310550483276,1.3,1.08,450.0
380327,20.544922,2.35161,0,176.31,0.7274542421619714,1.3,1.08,450.0
380328,20.549804,2.3909,0,176.31,0.734627141572381,1.3,1.08,450.0
380329,20.55957,2.43927,0,176.31,0.7489758789015923,1.3,1.08,450.0
380330,20.570312,2.26737,0,176.31,0.7647586084110399,1.3,1.08,450.0
380331,20.580078,0.5725,0,176.31,0.7791073457402512,1.3,1.08,450.0
380332,20.589843,2.57045,1,194.67,0.0,1.3,1.08,450.0
380333,20.599609,2.51376,0,194.67,0.015842794048436134,1.3,1.08,450.0
380334,20.609375,0.97385,0,194.67,0.03168558809687227,1.3,1.08,450.0
380335,20.620117,0.76086,0,194.67,0.04911168820613545,1.3,1.08,450.0
380336,20.629882,2.29569,0,194.67,0.06495286001475914,1.3,1.08,450.0
380337,20.639648,3.02521,0,194.67,0.08079565406319528,1.3,1.08,450.0
380338,20.649414,2.3707,0,194.67,0.0966384481116314,1.3,1.08,450.0
380339,20.655273,1.78391,0,194.67,0.10614315119676873,1.3,1.08,450.0
380340,20.665039,1.27457,0,194.67,0.12198594524520485,1.3,1.08,450.0
380341,20.674804,1.41314,0,194.67,0.13782711705382855,1.3,1.08,450.0
380342,20.68457,1.29567,0,194.67,0.1536699111022647,1.3,1.08,450.0
380343,20.695312,1.06974,0,194.67,0.17109601121152787,1.3,1.08,450.0
380344,20.705078,1.21501,0,194.67,0.186938805259964,1.3,1.08,450.0
380345,20.714843,1.02525,0,194.67,0.2027799770685877,1.3,1.08,450.0
380346,20.724609,1.06252,0,194.67,0.21862277111702383,1.3,1.08,450.0
380347,20.734375,1.11535,0,194.67,0.23446556516545994,1.3,1.08,450.0
380348,20.740234,1.16301,0,194.67,0.24397026825059728,1.3,1.08,450.0
380349,20.75,1.08396,0,194.67,0.25981306229903345,1.3,1.08,450.0
380350,20.759765,1.08198,0,194.67,0.27565423410747264,1.3,1.08,450.0
380351,20.769531,1.06394,0,194.67,0.2914970281559088,1.3,1.08,450.0
380352,20.780273,1.11817,0,194.67,0.3089231282653564,1.3,1.08,450.0
380353,20.790039,1.13052,0,194.67,0.32476592231379253,1.3,1.08,450.0
380354,20.799804,1.06745,0,194.67,0.3406070941224162,1.3,1.08,450.0
380355,20.80957,1.07518,0,194.67,0.3564498881708523,1.3,1.08,450.0
380356,20.820312,1.05248,0,194.67,0.37387598828011553,1.3,1.08,450.0
380357,20.830078,1.01456,0,194.67,0.38971878232855167,1.3,1.08,450.0
380358,20.839843,1.07469,0,194.67,0.4055599541371754,1.3,1.08,450.0
380359,20.849609,1.04128,0,194.67,0.4214027481856115,1.3,1.08,450.0
380360,20.854492,1.07944,0,194.67,0.42932414520973733,1.3,1.08,450.0
380361,20.865234,1.11794,0,194.67,0.44675024531918495,1.3,1.08,450.0
380362,20.875,0.97096,0,194.67,0.4625930393676211,1.3,1.08,450.0
380363,20.884765,1.158,0,194.67,0.4784342111760604,1.3,1.08,450.0
380364,20.894531,0.93156,0,194.67,0.49427700522449647,1.3,1.08,450.0
380365,20.905273,1.08717,0,194.67,0.5117031053339441,1.3,1.08,450.0
380366,20.915039,0.99877,0,194.67,0.5275458993823803,1.3,1.08,450.0
380367,20.924804,0.99378,0,194.67,0.5433870711910039,1.3,1.08,450.0
380368,20.93457,0.98441,0,194.67,0.55922986523944,1.3,1.08,450.0
380369,20.945312,1.01045,0,194.67,0.5766559653487032,1.3,1.08,450.0
380370,20.950195,0.98319,0,194.67,0.5845773623730135,1.3,1.08,450.0
380371,20.959961,0.97607,0,194.67,0.6004201564212652,1.3,1.08,450.0
380372,20.969726,0.9781,0,194.67,0.6162613282298889,1.3,1.08,450.0
380373,20.979492,0.99552,0,194.67,0.632104122278325,1.3,1.08,450.0
380374,20.990234,1.05021,0,194.67,0.6495302223877726,1.3,1.08,450.0
380375,21.0,0.98543,0,194.67,0.6653730164362088,1.3,1.08,450.0
380376,21.009765,1.0448,0,194.67,0.681214188244648,1.3,1.08,450.0
380377,21.019531,1.09135,0,194.67,0.6970569822930841,1.3,1.08,450.0
380378,21.030273,1.03459,0,194.67,0.7144830824025318,1.3,1.08,450.0
380379,21.040039,1.08317,0,194.67,0.7303258764509679,1.3,1.08,450.0
380380,21.044922,1.00775,0,194.67,0.7382472734750938,1.3,1.08,450.0
380381,21.054687,1.07037,0,194.67,0.7540884452837174,1.3,1.08,450.0
380382,21.064453,1.01122,0,194.67,0.7699312393321536,1.3,1.08,450.0
380383,21.075195,1.11732,0,194.67,0.7873573394416012,1.3,1.08,450.0
380384,21.084961,0.96747,0,194.67,0.8032001334898529,1.3,1.08,450.0
380385,21.094726,1.07654,0,194.67,0.8190413052984766,1.3,1.08,450.0
380386,21.104492,0.98644,0,194.67,0.8348840993469128,1.3,1.08,450.0
380387,21.115234,1.0456,0,194.67,0.8523101994563603,1.3,1.08,450.0
380388,21.125,1.022,0,194.67,0.8681529935047965,1.3,1.08,450.0
380389,21.134765,1.07864,0,194.67,0.8839941653132357,1.3,1.08,450.0
380390,21.144531,1.01086,0,194.67,0.8998369593616719,1.3,1.08,450.0
380391,21.155273,1.06365,0,194.67,0.9172630594711194,1.3,1.08,450.0
380392,21.160156,1.0587,0,194.67,0.9251844564952453,1.3,1.08,450.0
380393,21.169922,1.0481,0,194.67,0.9410272505436814,1.3,1.08,450.0
380394,21.179687,1.05389,0,194.67,0.9568684223523051,1.3,1.08,450.0
380395,21.189453,1.01877,0,194.67,0.9727112164007412,1.3,1.08,450.0
380396,21.200195,1.07619,0,194.67,0.9901373165101889,1.3,1.08,450.0
380397,21.209961,1.01863,0,194.67,0.005980110558440499,1.3,1.08,450.0
380398,21.219726,1.05031,0,194.67,0.021821282367064265,1.3,1.08,450.0
380399,21.229492,0.96634,0,194.67,0.03766407641550029,1.3,1.08,450.0
380400,21.240234,0.99413,0,194.67,0.055090176524948076,1.3,1.08,450.0
380401,21.245117,1.04232,0,194.67,0.06301157354907372,1.3,1.08,450.0
380402,21.254882,1.26551,0,194.67,0.07885274535769748,1.3,1.08,450.0
380403,21.264648,1.16622,0,194.67,0.09469553940613351,1.3,1.08,450.0
380404,21.274414,1.08259,0,194.67,0.11053833345456976,1.3,1.08,450.0
380405,21.285156,1.08972,0,194.67,0.12796443356383302,1.3,1.08,450.0
380406,21.294922,1.12467,0,194.67,0.14380722761226905,1.3,1.08,450.0
380407,21.304687,1.13267,0,194.67,0.15964839942089282,1.3,1.08,450.0
380408,21.314453,1.04603,0,194.67,0.17549119346932907,1.3,1.08,450.0
380409,21.325195,1.14558,0,194.67,0.19291729357877663,1.3,1.08,450.0
380410,21.334961,1.15625,0,194.67,0.20876008762702813,1.3,1.08,450.0
380411,21.344726,1.54086,1,180.39,0.0,1.3,1.08,450.0
380412,21.349609,2.067,0,180.39,0.007340259046722434,1.3,1.08,450.0
380413,21.359375,2.6432,0,180.39,0.022020777139996405,1.3,1.08,450.0
380414,21.370117,3.17085,0,180.39,0.038168445106083124,1.3,1.08,450.0
380415,21.379882,2.985,0,180.39,0.05284745997203208,1.3,1.08,450.0
380416,21.389648,2.36802,0,180.39,0.06752797806530604,1.3,1.08,450.0
380417,21.399414,2.31136,0,180.39,0.08220849615858002,1.3,1.08,450.0
380418,21.410156,2.35313,0,180.39,0.09835616412466673,1.3,1.08,450.0
380419,21.419922,1.86609,0,180.39,0.1130366822179407,1.3,1.08,450.0
380420,21.429687,2.30098,0,180.39,0.12771569708388966,1.3,1.08,450.0
380421,21.439453,1.94789,0,180.39,0.14239621517716364,1.3,1.08,450.0
380422,21.445312,2.39289,0,180.39,0.15120362409669882,1.3,1.08,450.0
380423,21.455078,1.53322,0,180.39,0.1658841421899728,1.3,1.08,450.0
380424,21.464843,1.3289,0,180.39,0.18056315705592174,1.3,1.08,450.0
380425,21.474609,1.04249,0,180.39,0.1952436751491957,1.3,1.08,450.0
380426,21.484375,0.88581,0,180.39,0.20992419324246966,1.3,1.08,450.0
380427,21.495117,0.89058,0,180.39,0.2260718612085564,1.3,1.08,450.0
380428,21.504882,1.01892,0,180.39,0.24075087607450532,1.3,1.08,450.0
380429,21.514648,1.15183,0,180.39,0.2554313941677793,1.3,1.08,450.0
380430,21.524414,1.25727,0,180.39,0.2701119122610533,1.3,1.08,450.0
380431,21.535156,1.33951,0,180.39,0.28625958022714004,1.3,1.08,450.0
380432,21.540039,1.42494,0,180.39,0.29359983927386246,1.3,1.08,450.0
380433,21.549804,1.45323,0,180.39,0.30827885413981143,1.3,1.08,450.0
380434,21.55957,1.3155,0,180.39,0.32295937223308535,1.3,1.08,450.0
380435,21.570312,1.18341,0,180.39,0.3391070401991721,1.3,1.08,450.0
380436,21.580078,1.06882,0,180.39,0.353787558292446,1.3,1.08,450.0
380437,21.589843,0.99693,0,180.39,0.368466573158395,1.3,1.08,450.0
380438,21.599609,0.9961,0,180.39,0.38314709125166896,1.3,1.08,450.0
380439,21.609375,1.06096,0,180.39,0.39782760934494293,1.3,1.08,450.0
380440,21.620117,1.19824,0,180.39,0.4139752773110297,1.3,1.08,450.0
380441,21.629882,1.37733,0,180.39,0.4286542921769786,1.3,1.08,450.0
380442,21.639648,1.51407,0,180.39,0.44333481027025257,1.3,1.08,450.0
380443,21.649414,1.51295,0,180.39,0.45801532836352654,1.3,1.08,450.0
380444,21.655273,1.40139,0,180.39,0.46682273728306173,1.3,1.08,450.0
380445,21.665039,1.33427,0,180.39,0.48150325537633576,1.3,1.08,450.0
380446,21.674804,1.41782,0,180.39,0.4961822702422847,1.3,1.08,450.0
380447,21.68457,1.56244,0,180.39,0.5108627883355586,1.3,1.08,450.0
380448,21.695312,1.68685,0,180.39,0.5270104563016453,1.3,1.08,450.0
380449,21.705078,1.85788,0,180.39,0.5416909743949193,1.3,1.08,450.0
380450,21.714843,2.07762,0,180.39,0.5563699892608683,1.3,1.08,450.0
380451,21.724609,2.27603,0,180.39,0.5710505073541422,1.3,1.08,450.0
380452,21.734375,2.39276,0,180.39,0.5857310254474162,1.3,1.08,450.0
380453,21.740234,2.4308,0,180.39,0.5945384343669514,1.3,1.08,450.0
380454,21.75,2.43173,0,180.39,0.6092189524602253,1.3,1.08,450.0
380455,21.759765,2.37823,0,180.39,0.6238979673260034,1.3,1.08,450.0
380456,21.769531,2.2872,0,180.39,0.6385784854192774,1.3,1.08,450.0
380457,21.780273,2.19373,0,180.39,0.6547261533855351,1.3,1.08,450.0
380458,21.790039,2.16539,0,180.39,0.669406671478809,1.3,1.08,450.0
380459,21.799804,2.13975,0,180.39,0.684085686344758,1.3,1.08,450.0
380460,21.80957,2.15394,0,180.39,0.6987662044380318,1.3,1.08,450.0
380461,21.820312,2.33932,0,180.39,0.7149138724041185,1.3,1.08,450.0
380462,21.830078,2.53136,0,180.39,0.7295943904973926,1.3,1.08,450.0
380463,21.839843,2.57938,0,180.39,0.7442734053633415,1.3,1.08,450.0
380464,21.849609,2.58028,0,180.39,0.7589539234566155,1.3,1.08,450.0
380465,21.854492,2.50506,0,180.39,0.766294182503167,1.3,1.08,450.0
380466,21.865234,2.42184,0,180.39,0.7824418504694247,1.3,1.08,450.0
380467,21.875,1.19121,0,180.39,0.7971223685626986,1.3,1.08,450.0
380468,21.884765,1.68972,0,180.39,0.8118013834284767,1.3,1.08,450.0
380469,21.894531,3.2049,0,180.39,0.8264819015217507,1.3,1.08,450.0
380470,21.905273,1.62974,0,180.39,0.8426295694880083,1.3,1.08,450.0
380471,21.915039,1.10513,0,180.39,0.8573100875812822,1.3,1.08,450.0
380472,21.924804,1.3044,0,180.39,0.8719891024472312,1.3,1.08,450.0
380473,21.93457,3.08951,0,180.39,0.8866696205405051,1.3,1.08,450.0
380474,21.945312,2.96783,0,180.39,0.9028172885065918,1.3,1.08,450.0
380475,21.950195,1.79084,0,180.39,0.9101575475533143,1.3,1.08,450.0
380476,21.959961,1.51199,0,180.39,0.9248380656464174,1.3,1.08,450.0
380477,21.969726,1.69905,0,180.39,0.9395170805123664,1.3,1.08,450.0
380478,21.979492,1.77579,0,180.39,0.9541975986056404,1.3,1.08,450.0
380479,21.990234,1.24646,0,180.39,0.970345266571898,1.3,1.08,450.0
380480,22.0,1.11349,0,180.39,0.9850257846651719,1.3,1.08,450.0
380481,22.009765,1.00857,0,180.39,0.9997047995309499,1.3,1.08,450.0
380482,22.019531,1.02455,0,180.39,0.014385317624223903,1.3,1.08,450.0
380483,22.030273,1.19279,0,180.39,0.030532985590481676,1.3,1.08,450.0
380484,22.040039,1.12554,0,180.39,0.04521350368375554,1.3,1.08,450.0
380485,22.044922,1.1222,0,180.39,0.05255376273030721,1.3,1.08,450.0
380486,22.054687,1.08232,0,180.39,0.06723277759625601,1.3,1.08,450.0
380487,22.064453,1.09729,0,180.39,0.0819132956895301,1.3,1.08,450.0
380488,22.075195,1.09255,0,180.39,0.09806096365578743,1.3,1.08,450.0
380489,22.084961,1.11541,0,180.39,0.11274148174889076,1.3,1.08,450.0
380490,22.094726,1.07556,0,180.39,0.12742049661483956,1.3,1.08,450.0
380491,22.104492,1.10311,0,180.39,0.14210101470811365,1.3,1.08,450.0
380492,22.115234,1.13551,0,180.39,0.1582486826743712,1.3,1.08,450.0
380493,22.125,1.05882,0,180.39,0.17292920076764506,1.3,1.08,450.0
380494,22.134765,1.00452,0,180.39,0.18760821563342334,1.3,1.08,450.0
380495,22.139648,1.03018,0,180.39,0.19494847468014576,1.3,1.08,450.0
380496,22.155273,0.99824,0,180.39,0.21843640169295475,1.3,1.08,450.0
380497,22.160156,1.03484,0,180.39,0.2257766607395062,1.3,1.08,450.0
380498,22.169922,0.99578,0,180.39,0.24045717883278028,1.3,1.08,450.0
380499,22.179687,1.04195,0,180.39,0.2551361936987293,1.3,1.08,450.0
380500,22.189453,0.96889,0,180.39,0.26981671179200317,1.3,1.08,450.0
380501,22.200195,1.02331,0,180.39,0.28596437975826094,1.3,1.08,450.0
380502,22.209961,0.98714,0,180.39,0.30064489785136383,1.3,1.08,450.0
380503,22.219726,1.00255,0,180.39,0.31532391271731286,1.3,1.08,450.0
380504,22.229492,0.97562,0,180.39,0.3300044308105867,1.3,1.08,450.0
380505,22.240234,1.08412,0,180.39,0.3461520987768445,1.3,1.08,450.0
380506,22.245117,0.94355,0,180.39,0.35349235782339594,1.3,1.08,450.0
380507,22.254882,1.12266,0,180.39,0.36817137268934497,1.3,1.08,450.0
380508,22.264648,0.97957,0,180.39,0.38285189078261883,1.3,1.08,450.0
380509,22.274414,1.0763,0,180.39,0.3975324088758929,1.3,1.08,450.0
380510,22.285156,1.01689,0,180.39,0.4136800768419797,1.3,1.08,450.0
380511,22.294922,1.02715,0,180.39,0.4283605949352536,1.3,1.08,450.0
380512,22.304687,1.02277,0,180.39,0.4430396098012026,1.3,1.08,450.0
380513,22.314453,1.03682,0,180.39,0.45772012789447647,1.3,1.08,450.0
380514,22.325195,1.03662,0,180.39,0.473867795860734,1.3,1.08,450.0
380515,22.334961,1.0419,0,180.39,0.48854831395383735,1.3,1.08,450.0
380516,22.344726,0.95638,0,180.39,0.5032273288197862,1.3,1.08,450.0
380517,22.349609,1.00675,0,180.39,0.5105675878665086,1.3,1.08,450.0
380518,22.359375,0.99216,0,180.39,0.5252481059597827,1.3,1.08,450.0
380519,22.370117,1.0873,0,180.39,0.5413957739258695,1.3,1.08,450.0
380520,22.379882,1.02839,0,180.39,0.5560747887918183,1.3,1.08,450.0
380521,22.389648,1.07926,0,180.39,0.5707553068850924,1.3,1.08,450.0
380522,22.399414,1.01494,0,180.39,0.585435824978366,1.3,1.08,450.0
380523,22.410156,1.07136,0,180.39,0.6015834929444528,1.3,1.08,450.0
380524,22.419922,1.10645,0,180.39,0.6162640110377269,1.3,1.08,450.0
380525,22.429687,1.08959,0,180.39,0.6309430259036759,1.3,1.08,450.0
380526,22.439453,1.02358,0,180.39,0.6456235439969498,1.3,1.08,450.0
380527,22.445312,1.14311,0,180.39,0.6544309529164849,1.3,1.08,450.0
380528,22.455078,1.02094,0,180.39,0.669111471009759,1.3,1.08,450.0
380529,22.464843,1.07332,0,180.39,0.6837904858757078,1.3,1.08,450.0
380530,22.474609,1.0531,0,180.39,0.6984710039689819,1.3,1.08,450.0
380531,22.484375,1.05455,0,180.39,0.7131515220622557,1.3,1.08,450.0
380532,22.495117,1.0563,0,180.39,0.7292991900283425,1.3,1.08,450.0
380533,22.504882,0.93847,0,180.39,0.7439782048942913,1.3,1.08,450.0
380534,22.514648,0.97036,0,180.39,0.7586587229875654,1.3,1.08,450.0
380535,22.524414,1.05575,0,180.39,0.7733392410808395,1.3,1.08,450.0
380536,22.535156,1.35496,1,148.55,0.0,1.3,1.08,450.0
380537,22.540039,1.17497,0,148.55,0.006044907089219253,1.3,1.08,450.0
380538,22.549804,1.07632,0,148.55,0.01813348331808555,1.3,1.08,450.0
380539,22.55957,0.97066,0,148.55,0.030223297496383316,1.3,1.08,450.0
380540,22.570312,1.15601,0,148.55,0.04352135032275346,1.3,1.08,450.0
380541,22.580078,1.18048,0,148.55,0.055611164501051226,1.3,1.08,450.0
380542,22.589843,0.98693,0,148.55,0.06769974072991752,1.3,1.08,450.0
380543,22.599609,1.03346,0,148.55,0.0797895549082153,1.3,1.08,450.0
380544,22.609375,1.12582,0,148.55,0.09187936908651305,1.3,1.08,450.0
380545,22.620117,1.20959,0,148.55,0.10517742191288319,1.3,1.08,450.0
380546,22.629882,1.40032,0,148.55,0.1172659981417495,1.3,1.08,450.0
380547,22.639648,1.82146,0,148.55,0.12935581232004725,1.3,1.08,450.0
380548,22.649414,2.39892,0,148.55,0.14144562649834505,1.3,1.08,450.0
380549,22.655273,2.81635,0,148.55,0.14869877223563666,1.3,1.08,450.0
380550,22.665039,2.90995,0,148.55,0.16078858641393443,1.3,1.08,450.0
380551,22.674804,2.22019,0,148.55,0.17287716264280073,1.3,1.08,450.0
380552,22.68457,2.50952,0,148.55,0.1849669768210985,1.3,1.08,450.0
380553,22.695312,2.45458,0,148.55,0.19826502964746864,1.3,1.08,450.0
380554,22.705078,1.94152,0,148.55,0.21035484382576639,1.3,1.08,450.0
380555,22.714843,2.40744,0,148.55,0.2224434200546327,1.3,1.08,450.0
380556,22.724609,1.77015,0,148.55,0.23453323423293046,1.3,1.08,450.0
380557,22.734375,1.80312,0,148.55,0.24662304841122826,1.3,1.08,450.0
380558,22.740234,1.34937,0,148.55,0.25387619414851986,1.3,1.08,450.0
380559,22.75,1.12037,0,148.55,0.26596600832681766,1.3,1.08,450.0
380560,22.759765,0.99033,0,148.55,0.2780545845555432,1.3,1.08,450.0
380561,22.769531,0.99702,0,148.55,0.29014439873384096,1.3,1.08,450.0
380562,22.780273,1.06587,0,148.55,0.3034424515603519,1.3,1.08,450.0
380563,22.790039,1.23204,0,148.55,0.3155322657386496,1.3,1.08,450.0
380564,22.799804,1.37763,0,148.55,0.3276208419675159,1.3,1.08,450.0
380565,22.80957,1.41296,0,148.55,0.33971065614581364,1.3,1.08,450.0
380566,22.820312,1.34939,0,148.55,0.35300870897218384,1.3,1.08,450.0
380567,22.830078,1.21,0,148.55,0.3650985231504816,1.3,1.08,450.0
380568,22.839843,1.06996,0,148.55,0.37718709937934786,1.3,1.08,450.0
380569,22.844726,0.96207,0,148.55,0.38323200646842637,1.3,1.08,450.0
380570,22.854492,0.90298,0,148.55,0.39532182064672416,1.3,1.08,450.0
380571,22.865234,0.89987,0,148.55,0.40861987347323503,1.3,1.08,450.0
380572,22.875,0.96739,0,148.55,0.42070968765153277,1.3,1.08,450.0
380573,22.884765,1.09224,0,148.55,0.4327982638802583,1.3,1.08,450.0
380574,22.894531,1.29117,0,148.55,0.4448880780585561,1.3,1.08,450.0
380575,22.905273,1.40346,0,148.55,0.458186130885067,1.3,1.08,450.0
380576,22.915039,1.39228,0,148.55,0.4702759450633648,1.3,1.08,450.0
380577,22.924804,1.34123,0,148.55,0.48236452129223106,1.3,1.08,450.0
380578,22.93457,1.24562,0,148.55,0.49445433547052886,1.3,1.08,450.0
380579,22.945312,1.19299,0,148.55,0.507752388296899,1.3,1.08,450.0
380580,22.950195,1.26603,0,148.55,0.5137972953861182,1.3,1.08,450.0
380581,22.959961,1.39554,0,148.55,0.5258871095642753,1.3,1.08,450.0
380582,22.969726,1.5222,0,148.55,0.5379756857931415,1.3,1.08,450.0
380583,22.979492,1.64993,0,148.55,0.5500654999714393,1.3,1.08,450.0
380584,22.990234,1.81494,0,148.55,0.5633635527979503,1.3,1.08,450.0
380585,23.0,1.94984,0,148.55,0.5754533669762479,1.3,1.08,450.0
380586,23.009765,2.05337,0,148.55,0.5875419432049735,1.3,1.08,450.0
380587,23.019531,2.11282,0,148.55,0.5996317573832713,1.3,1.08,450.0
380588,23.030273,2.12871,0,148.55,0.6129298102097821,1.3,1.08,450.0
380589,23.035156,2.07524,0,148.55,0.6189747172988607,1.3,1.08,450.0
380590,23.044922,2.03087,0,148.55,0.6310645314771585,1.3,1.08,450.0
380591,23.054687,2.05429,0,148.55,0.6431531077060249,1.3,1.08,450.0
380592,23.064453,2.14818,0,148.55,0.6552429218843225,1.3,1.08,450.0
380593,23.075195,2.16935,0,148.55,0.6685409747108334,1.3,1.08,450.0
380594,23.084961,2.1275,0,148.55,0.6806307888889904,1.3,1.08,450.0
380595,23.094726,2.08042,0,148.55,0.6927193651178567,1.3,1.08,450.0
380596,23.104492,2.06622,0,148.55,0.7048091792961545,1.3,1.08,450.0
380597,23.115234,2.16685,0,148.55,0.7181072321226655,1.3,1.08,450.0
380598,23.125,2.29663,0,148.55,0.7301970463009632,1.3,1.08,450.0
380599,23.134765,2.37368,0,148.55,0.7422856225296888,1.3,1.08,450.0
380600,23.144531,2.43093,0,148.55,0.7543754367079865,1.3,1.08,450.0
380601,23.149414,2.68288,0,148.55,0.7604203437972057,1.3,1.08,450.0
380602,23.160156,1.90623,0,148.55,0.7737183966235759,1.3,1.08,450.0
380603,23.169922,1.14469,0,148.55,0.7858082108018736,1.3,1.08,450.0
380604,23.179687,3.21221,0,148.55,0.79789678703074,1.3,1.08,450.0
380605,23.189453,2.02265,0,148.55,0.8099866012090378,1.3,1.08,450.0
380606,23.200195,0.71166,0,148.55,0.8232846540355486,1.3,1.08,450.0
380607,23.209961,1.22075,0,148.55,0.8353744682137056,1.3,1.08,450.0
380608,23.219726,2.53864,1,159.25,0.0,1.3,1.08,450.0
380609,23.229492,2.20972,0,159.25,0.012960244321585289,1.3,1.08,450.0
380610,23.240234,1.82345,0,159.25,0.02721571682854114,1.3,1.08,450.0
380611,23.245117,1.6887,0,159.25,0.03369583898925835,1.3,1.08,450.0
380612,23.254882,1.59849,0,159.25,0.04665475623278825,1.3,1.08,450.0
380613,23.264648,1.43132,0,159.25,0.05961500055437354,1.3,1.08,450.0
380614,23.274414,1.12883,0,159.25,0.07257524487595884,1.3,1.08,450.0
380615,23.285156,1.16905,0,159.25,0.08683071738276381,1.3,1.08,450.0
380616,23.294922,1.10002,0,159.25,0.0997909617043491,1.3,1.08,450.0
380617,23.304687,1.07543,0,159.25,0.11274987894787901,1.3,1.08,450.0
380618,23.314453,1.09623,0,159.25,0.1257101232694643,1.3,1.08,450.0
380619,23.325195,1.19207,0,159.25,0.13996559577642015,1.3,1.08,450.0
380620,23.334961,1.14,0,159.25,0.15292584009785457,1.3,1.08,450.0
380621,23.339843,1.04751,0,159.25,0.15940463518066725,1.3,1.08,450.0
380622,23.349609,1.12236,0,159.25,0.17236487950225257,1.3,1.08,450.0
380623,23.359375,1.06451,0,159.25,0.18532512382383787,1.3,1.08,450.0
380624,23.370117,1.08929,0,159.25,0.19958059633064282,1.3,1.08,450.0
380625,23.379882,1.10048,0,159.25,0.21253951357417272,1.3,1.08,450.0
380626,23.389648,1.08569,0,159.25,0.22549975789575802,1.3,1.08,450.0
380627,23.399414,1.01232,0,159.25,0.2384600022173433,1.3,1.08,450.0
380628,23.410156,1.11575,0,159.25,0.2527154747241483,1.3,1.08,450.0
380629,23.419922,0.92555,0,159.25,0.26567571904573356,1.3,1.08,450.0
380630,23.429687,1.15895,0,159.25,0.2786346362892635,1.3,1.08,450.0
380631,23.439453,0.92883,0,159.25,0.29159488061084876,1.3,1.08,450.0
380632,23.445312,1.10452,0,159.25,0.29937023095693654,1.3,1.08,450.0
380633,23.455078,1.00699,0,159.25,0.3123304752785218,1.3,1.08,450.0
380634,23.464843,1.0482,0,159.25,0.32528939252205175,1.3,1.08,450.0
380635,23.474609,1.03534,0,159.25,0.338249636843637,1.3,1.08,450.0
380636,23.484375,1.08728,0,159.25,0.35120988116522234,1.3,1.08,450.0
380637,23.495117,1.01612,0,159.25,0.36546535367202726,1.3,1.08,450.0
380638,23.504882,1.0207,0,159.25,0.3784242709155572,1.3,1.08,450.0
380639,23.514648,1.0379,0,159.25,0.39138451523714246,1.3,1.08,450.0
380640,23.524414,0.99326,0,159.25,0.4043447595587278,1.3,1.08,450.0
380641,23.530273,1.01231,0,159.25,0.41212010990481557,1.3,1.08,450.0
380642,23.540039,0.98985,0,159.25,0.42508035422640084,1.3,1.08,450.0
380643,23.549804,1.05648,0,159.25,0.43803927146993077,1.3,1.08,450.0
380644,23.55957,0.99823,0,159.25,0.45099951579151604,1.3,1.08,450.0
380645,23.570312,1.06126,0,159.25,0.465254988298321,1.3,1.08,450.0
380646,23.580078,1.04737,0,159.25,0.4782152326199063,1.3,1.08,450.0
380647,23.589843,1.04104,0,159.25,0.4911741498634362,1.3,1.08,450.0
380648,23.599609,1.01916,0,159.25,0.5041343941850215,1.3,1.08,450.0
380649,23.609375,1.07745,0,159.25,0.5170946385066068,1.3,1.08,450.0
380650,23.620117,0.97778,0,159.25,0.5313501110134118,1.3,1.08,450.0
380651,23.629882,1.10133,0,159.25,0.5443090282569417,1.3,1.08,450.0
380652,23.639648,0.9913,0,159.25,0.557269272578527,1.3,1.08,450.0
380653,23.644531,1.06016,0,159.25,0.5637493947392441,1.3,1.08,450.0
380654,23.655273,1.00744,0,159.25,0.5780048672462,1.3,1.08,450.0
380655,23.665039,1.03607,0,159.25,0.5909651115677853,1.3,1.08,450.0
380656,23.674804,1.03387,0,159.25,0.6039240288113152,1.3,1.08,450.0
380657,23.68457,1.03242,0,159.25,0.6168842731329005,1.3,1.08,450.0
380658,23.695312,1.04936,0,159.25,0.6311397456397055,1.3,1.08,450.0
380659,23.705078,1.01987,0,159.25,0.6440999899612908,1.3,1.08,450.0
380660,23.714843,1.03203,0,159.25,0.6570589072048207,1.3,1.08,450.0
380661,23.724609,1.01236,0,159.25,0.6700191515264059,1.3,1.08,450.0
380662,23.734375,1.04593,0,159.25,0.6829793958479912,1.3,1.08,450.0
380663,23.740234,1.06967,0,159.25,0.6907547461940791,1.3,1.08,450.0
380664,23.75,1.01668,0,159.25,0.7037149905156643,1.3,1.08,450.0
380665,23.759765,1.06948,0,159.25,0.7166739077590434,1.3,1.08,450.0
380666,23.769531,1.03408,0,159.25,0.7296341520806287,1.3,1.08,450.0
380667,23.780273,1.04116,0,159.25,0.7438896245875845,1.3,1.08,450.0
380668,23.790039,1.03351,0,159.25,0.7568498689091697,1.3,1.08,450.0
380669,23.799804,1.06026,0,159.25,0.7698087861526997,1.3,1.08,450.0
380670,23.80957,0.99423,0,159.25,0.7827690304742849,1.3,1.08,450.0
380671,23.820312,1.01672,0,159.25,0.79702450298109,1.3,1.08,450.0
380672,23.830078,0.9086,0,159.25,0.8099847473026752,1.3,1.08,450.0
380673,23.839843,1.10513,0,159.25,0.8229436645462052,1.3,1.08,450.0
380674,23.844726,1.24844,0,159.25,0.8294237867069223,1.3,1.08,450.0
380675,23.854492,1.11039,0,159.25,0.8423840310285076,1.3,1.08,450.0
380676,23.865234,1.03511,0,159.25,0.8566395035354635,1.3,1.08,450.0
380677,23.875,1.11987,0,159.25,0.8695997478570487,1.3,1.08,450.0
380678,23.884765,1.09748,0,159.25,0.8825586651004278,1.3,1.08,450.0
380679,23.894531,1.21189,0,159.25,0.8955189094220131,1.3,1.08,450.0
380680,23.905273,1.11972,0,159.25,0.909774381928969,1.3,1.08,450.0
380681,23.915039,1.14724,0,159.25,0.9227346262505542,1.3,1.08,450.0
380682,23.924804,1.29065,0,159.25,0.9356935434940842,1.3,1.08,450.0
380683,23.93457,1.66979,1,162.7,0.0,1.3,1.08,450.0
380684,23.945312,2.27662,0,162.7,0.014564105445617226,1.3,1.08,450.0
380685,23.950195,2.78082,0,162.7,0.021184523141790527,1.3,1.08,450.0
380686,23.959961,2.92501,0,162.7,0.03442535853382886,1.3,1.08,450.0
380687,23.969726,2.88118,0,162.7,0.04766483811654367,1.3,1.08,450.0
380688,23.979492,2.55222,0,162.7,0.06090567350873613,1.3,1.08,450.0
380689,23.990234,2.43218,0,162.7,0.0754697789545075,1.3,1.08,450.0
380690,24.0,2.57274,0,162.7,0.08871061434669997,1.3,1.08,450.0
380691,24.009765,2.08445,0,162.7,0.10195009392926063,1.3,1.08,450.0
380692,24.019531,2.32993,0,162.7,0.1151909293214531,1.3,1.08,450.0
380693,24.030273,2.26819,0,162.7,0.12975503476722447,1.3,1.08,450.0
380694,24.035156,2.52706,0,162.7,0.13637545246324362,1.3,1.08,450.0
380695,24.044922,1.34506,0,162.7,0.1496162878554361,1.3,1.08,450.0
380696,24.054687,1.14205,0,162.7,0.16285576743815092,1.3,1.08,450.0
380697,24.064453,0.9152,0,162.7,0.17609660283034337,1.3,1.08,450.0
380698,24.075195,0.84736,0,162.7,0.19066070827611475,1.3,1.08,450.0
380699,24.084961,0.91748,0,162.7,0.20390154366815308,1.3,1.08,450.0
380700,24.094726,1.10922,0,162.7,0.21714102325086787,1.3,1.08,450.0
380701,24.104492,1.32302,0,162.7,0.23038185864306035,1.3,1.08,450.0
380702,24.115234,1.47979,0,162.7,0.24494596408883174,1.3,1.08,450.0
380703,24.125,1.53602,0,162.7,0.2581867994810242,1.3,1.08,450.0
380704,24.134765,1.44419,0,162.7,0.27142627906358485,1.3,1.08,450.0
380705,24.144531,1.28598,0,162.7,0.2846671144557773,1.3,1.08,450.0
380706,24.149414,1.09371,0,162.7,0.29128753215195063,1.3,1.08,450.0
380707,24.160156,0.97456,0,162.7,0.3058516375975679,1.3,1.08,450.0
380708,24.169922,0.9397,0,162.7,0.31909247298976035,1.3,1.08,450.0
380709,24.179687,0.97835,0,162.7,0.3323319525724751,1.3,1.08,450.0
380710,24.189453,1.11005,0,162.7,0.3455727879646676,1.3,1.08,450.0
380711,24.200195,1.29013,0,162.7,0.3601368934104389,1.3,1.08,450.0
380712,24.209961,1.4071,0,162.7,0.3733777288024773,1.3,1.08,450.0
380713,24.219726,1.48258,0,162.7,0.3866172083851921,1.3,1.08,450.0
380714,24.229492,1.47237,0,162.7,0.39985804377738454,1.3,1.08,450.0
380715,24.240234,1.42449,0,162.7,0.4144221492231559,1.3,1.08,450.0
380716,24.245117,1.41572,0,162.7,0.42104256691917513,1.3,1.08,450.0
380717,24.254882,1.51632,0,162.7,0.4342820465018899,1.3,1.08,450.0
380718,24.264648,1.63011,0,162.7,0.4475228818940824,1.3,1.08,450.0
380719,24.274414,1.77554,0,162.7,0.46076371728627485,1.3,1.08,450.0
380720,24.285156,1.98559,0,162.7,0.4753278227318921,1.3,1.08,450.0
380721,24.294922,2.17758,0,162.7,0.48856865812408456,1.3,1.08,450.0
380722,24.304687,2.31807,0,162.7,0.5018081377067993,1.3,1.08,450.0
380723,24.314453,2.37605,0,162.7,0.5150489730989919,1.3,1.08,450.0
380724,24.325195,2.39459,0,162.7,0.5296130785447631,1.3,1.08,450.0
380725,24.334961,2.37097,0,162.7,0.5428539139368015,1.3,1.08,450.0
380726,24.339843,2.34388,0,162.7,0.5494729758234971,1.3,1.08,450.0
380727,24.349609,2.31124,0,162.7,0.5627138112156895,1.3,1.08,450.0
380728,24.359375,2.29441,0,162.7,0.5759546466078821,1.3,1.08,450.0
380729,24.370117,2.29004,0,162.7,0.5905187520534994,1.3,1.08,450.0
380730,24.379882,2.30408,0,162.7,0.6037582316362141,1.3,1.08,450.0
380731,24.389648,2.32158,0,162.7,0.6169990670284066,1.3,1.08,450.0
380732,24.399414,2.35728,0,162.7,0.630239902420599,1.3,1.08,450.0
380733,24.410156,2.39696,0,162.7,0.6448040078662163,1.3,1.08,450.0
380734,24.419922,2.42502,0,162.7,0.6580448432584087,1.3,1.08,450.0
380735,24.429687,2.52608,0,162.7,0.6712843228411235,1.3,1.08,450.0
380736,24.439453,1.48282,0,162.7,0.684525158233316,1.3,1.08,450.0
380737,24.445312,1.57827,0,162.7,0.692468845982914,1.3,1.08,450.0
380738,24.455078,2.90897,0,162.7,0.7057096813751066,1.3,1.08,450.0
380739,24.464843,1.8096,0,162.7,0.7189491609578214,1.3,1.08,450.0
380740,24.474609,0.86631,0,162.7,0.7321899963500138,1.3,1.08,450.0
380741,24.484375,0.86845,0,162.7,0.7454308317422064,1.3,1.08,450.0
380742,24.495117,2.45459,1,183.25,0.0,1.3,1.08,450.0
380743,24.504882,2.47308,0,183.25,0.014911881317709376,1.3,1.08,450.0
380744,24.514648,1.81576,0,183.25,0.029825289709794586,1.3,1.08,450.0
380745,24.524414,1.62972,0,183.25,0.0447386981018798,1.3,1.08,450.0
380746,24.530273,1.38455,0,183.25,0.0536858268924707,1.3,1.08,450.0
380747,24.540039,1.4517,0,183.25,0.06859923528455592,1.3,1.08,450.0
380748,24.549804,1.38675,0,183.25,0.08351111660226529,1.3,1.08,450.0
380749,24.55957,1.23241,0,183.25,0.0984245249943505,1.3,1.08,450.0
380750,24.570312,1.13587,0,183.25,0.11482835798089722,1.3,1.08,450.0
380751,24.580078,1.07153,0,183.25,0.1297417663729824,1.3,1.08,450.0
380752,24.589843,1.00377,0,183.25,0.14465364769069178,1.3,1.08,450.0
380753,24.599609,1.27283,0,183.25,0.15956705608277702,1.3,1.08,450.0
380754,24.609375,1.04181,0,183.25,0.1744804644748622,1.3,1.08,450.0
380755,24.620117,1.13911,0,183.25,0.19088429746140892,1.3,1.08,450.0
380756,24.629882,1.03689,0,183.25,0.20579617877911832,1.3,1.08,450.0
380757,24.639648,1.0615,0,183.25,0.2207095871712035,1.3,1.08,450.0
380758,24.644531,1.0836,0,183.25,0.2281662913671593,1.3,1.08,450.0
380759,24.655273,1.09054,0,183.25,0.24457012435387962,1.3,1.08,450.0
380760,24.665039,1.05454,0,183.25,0.2594835327459648,1.3,1.08,450.0
380761,24.674804,1.0494,0,183.25,0.2743954140636742,1.3,1.08,450.0
380762,24.68457,1.05927,0,183.25,0.28930882245575945,1.3,1.08,450.0
380763,24.695312,1.01152,0,183.25,0.30571265544230614,1.3,1.08,450.0
380764,24.705078,1.03283,0,183.25,0.3206260638343913,1.3,1.08,450.0
380765,24.714843,0.99825,0,183.25,0.3355379451521007,1.3,1.08,450.0
380766,24.724609,1.04845,0,183.25,0.3504513535441859,1.3,1.08,450.0
380767,24.734375,0.98608,0,183.25,0.36536476193627115,1.3,1.08,450.0
380768,24.740234,1.06848,0,183.25,0.374311890726862,1.3,1.08,450.0
380769,24.75,1.03204,0,183.25,0.38922529911894727,1.3,1.08,450.0
380770,24.759765,1.04159,0,183.25,0.404137180436483,1.3,1.08,450.0
380771,24.769531,0.9926,0,183.25,0.41905058882856827,1.3,1.08,450.0
380772,24.780273,1.0799,0,183.25,0.43545442181528854,1.3,1.08,450.0
380773,24.790039,0.9882,0,183.25,0.45036783020737375,1.3,1.08,450.0
380774,24.799804,1.1113,0,183.25,0.46527971152508313,1.3,1.08,450.0
380775,24.80957,0.97221,0,183.25,0.48019311991716834,1.3,1.08,450.0
380776,24.820312,1.06193,0,183.25,0.4965969529037151,1.3,1.08,450.0
380777,24.830078,1.01419,0,183.25,0.5115103612958003,1.3,1.08,450.0
380778,24.834961,1.05571,0,183.25,0.5189670654917561,1.3,1.08,450.0
380779,24.844726,1.04526,0,183.25,0.5338789468094655,1.3,1.08,450.0
380780,24.854492,1.06007,0,183.25,0.5487923552015507,1.3,1.08,450.0
380781,24.865234,1.01824,0,183.25,0.5651961881882709,1.3,1.08,450.0
380782,24.875,1.02087,0,183.25,0.5801095965803562,1.3,1.08,450.0
380783,24.884765,1.01234,0,183.25,0.5950214778978918,1.3,1.08,450.0
380784,24.894531,1.028,0,183.25,0.6099348862899772,1.3,1.08,450.0
380785,24.905273,1.04164,0,183.25,0.6263387192766975,1.3,1.08,450.0
380786,24.915039,1.01191,0,183.25,0.6412521276687826,1.3,1.08,450.0
380787,24.924804,1.05052,0,183.25,0.6561640089864921,1.3,1.08,450.0
380788,24.93457,1.0066,0,183.25,0.6710774173785772,1.3,1.08,450.0
380789,24.945312,1.02195,0,183.25,0.687481250365124,1.3,1.08,450.0
380790,24.950195,1.0279,0,183.25,0.6949379545612533,1.3,1.08,450.0
380791,24.959961,1.02815,0,183.25,0.709851362953165,1.3,1.08,450.0
380792,24.969726,1.03792,0,183.25,0.7247632442708744,1.3,1.08,450.0
380793,24.979492,1.07071,0,183.25,0.7396766526629596,1.3,1.08,450.0
380794,24.990234,0.99143,0,183.25,0.7560804856496799,1.3,1.08,450.0
380795,25.0,1.0882,0,183.25,0.7709938940417651,1.3,1.08,450.0
380796,25.009765,1.04697,0,183.25,0.785905775359301,1.3,1.08,450.0
380797,25.019531,1.04804,0,183.25,0.800819183751386,1.3,1.08,450.0
380798,25.030273,1.05284,0,183.25,0.8172230167381064,1.3,1.08,450.0
380799,25.035156,1.02913,0,183.25,0.8246797209340622,1.3,1.08,450.0
380800,25.044922,1.01224,0,183.25,0.8395931293261474,1.3,1.08,450.0
380801,25.054687,1.00794,0,183.25,0.8545050106438568,1.3,1.08,450.0
380802,25.064453,1.07348,0,183.25,0.869418419035942,1.3,1.08,450.0
380803,25.075195,1.04164,0,183.25,0.8858222520226623,1.3,1.08,450.0
380804,25.084961,0.96506,0,183.25,0.9007356604145739,1.3,1.08,450.0
380805,25.094726,1.01395,0,183.25,0.9156475417322834,1.3,1.08,450.0
380806,25.104492,1.01579,0,183.25,0.9305609501243685,1.3,1.08,450.0
380807,25.115234,1.23025,0,183.25,0.9469647831110888,1.3,1.08,450.0
380808,25.125,1.12611,0,183.25,0.9618781915031741,1.3,1.08,450.0
380809,25.134765,1.10478,0,183.25,0.9767900728207098,1.3,1.08,450.0
380810,25.139648,1.06433,0,183.25,0.9842467770168392,1.3,1.08,450.0
380811,25.149414,1.08866,0,183.25,0.9991601854089244,1.3,1.08,450.0
380812,25.160156,1.11329,0,183.25,0.015564018395471058,1.3,1.08,450.0
380813,25.169922,1.20384,0,183.25,0.030477426787556272,1.3,1.08,450.0
380814,25.179687,0.87533,0,183.25,0.04538930810526565,1.3,1.08,450.0
380815,25.189453,1.32718,1,179.08,0.0,1.3,1.08,450.0
380816,25.200195,1.23315,0,179.08,0.01603065816610462,1.3,1.08,450.0
380817,25.209961,1.77811,0,179.08,0.030604797772121755,1.3,1.08,450.0
380818,25.219726,2.19132,0,179.08,0.04517744504372229,1.3,1.08,450.0
380819,25.229492,2.54777,0,179.08,0.05975158464990908,1.3,1.08,450.0
380820,25.240234,2.59308,0,179.08,0.0757822428160137,1.3,1.08,450.0
380821,25.245117,2.56418,0,179.08,0.08306931261902227,1.3,1.08,450.0
380822,25.254882,2.38399,0,179.08,0.09764195989062281,1.3,1.08,450.0
380823,25.264648,2.27669,0,179.08,0.1122160994968096,1.3,1.08,450.0
380824,25.274414,2.05048,0,179.08,0.1267902391029964,1.3,1.08,450.0
380825,25.285156,1.94503,0,179.08,0.14282089726893138,1.3,1.08,450.0
380826,25.294922,2.20962,0,179.08,0.15739503687511816,1.3,1.08,450.0
380827,25.304687,1.87158,0,179.08,0.1719676841467187,1.3,1.08,450.0
380828,25.314453,3.32303,0,179.08,0.18654182375290548,1.3,1.08,450.0
380829,25.325195,1.71794,0,179.08,0.2025724819190101,1.3,1.08,450.0
380830,25.330078,1.26905,0,179.08,0.20985955172201867,1.3,1.08,450.0
380831,25.339843,0.90544,0,179.08,0.2244321989936192,1.3,1.08,450.0
380832,25.349609,0.66382,0,179.08,0.239006338599806,1.3,1.08,450.0
380833,25.359375,0.63375,0,179.08,0.2535804782059928,1.3,1.08,450.0
380834,25.370117,0.77297,0,179.08,0.26961113637192774,1.3,1.08,450.0
380835,25.379882,1.06278,0,179.08,0.2841837836435283,1.3,1.08,450.0
380836,25.389648,1.3031,0,179.08,0.29875792324971506,1.3,1.08,450.0
380837,25.399414,1.44248,0,179.08,0.31333206285590187,1.3,1.08,450.0
380838,25.410156,1.44089,0,179.08,0.32936272102183684,1.3,1.08,450.0
380839,25.419922,1.32997,0,179.08,0.3439368606280236,1.3,1.08,450.0
380840,25.429687,1.24175,0,179.08,0.35850950789962416,1.3,1.08,450.0
380841,25.439453,1.11635,0,179.08,0.37308364750581097,1.3,1.08,450.0
380842,25.445312,1.03529,0,179.08,0.38182723586873735,1.3,1.08,450.0
380843,25.455078,1.0138,0,179.08,0.39640137547492416,1.3,1.08,450.0
380844,25.464843,1.01183,0,179.08,0.4109740227465247,1.3,1.08,450.0
380845,25.474609,1.07719,0,179.08,0.4255481623527115,1.3,1.08,450.0
380846,25.484375,1.19743,0,179.08,0.4401223019588983,1.3,1.08,450.0
380847,25.495117,1.30895,0,179.08,0.45615296012483325,1.3,1.08,450.0
380848,25.504882,1.3622,0,179.08,0.47072560739643377,1.3,1.08,450.0
380849,25.514648,1.38363,0,179.08,0.4852997470026205,1.3,1.08,450.0
380850,25.524414,1.38402,0,179.08,0.4998738866088074,1.3,1.08,450.0
380851,25.530273,1.40902,0,179.08,0.5086174749717337,1.3,1.08,450.0
380852,25.540039,1.48552,0,179.08,0.5231916145779205,1.3,1.08,450.0
380853,25.549804,1.58648,0,179.08,0.5377642618495211,1.3,1.08,450.0
380854,25.55957,1.65573,0,179.08,0.5523384014557079,1.3,1.08,450.0
380855,25.570312,1.81616,0,179.08,0.5683690596216429,1.3,1.08,450.0
380856,25.580078,2.03152,0,179.08,0.5829431992278296,1.3,1.08,450.0
380857,25.589843,2.23938,0,179.08,0.5975158464994301,1.3,1.08,450.0
380858,25.599609,2.37122,0,179.08,0.612089986105617,1.3,1.08,450.0
380859,25.609375,2.41877,0,179.08,0.6266641257118037,1.3,1.08,450.0
380860,25.620117,2.39309,0,179.08,0.6426947838777387,1.3,1.08,450.0
380861,25.629882,2.36588,0,179.08,0.6572674311493393,1.3,1.08,450.0
380862,25.639648,2.35356,0,179.08,0.671841570755526,1.3,1.08,450.0
380863,25.644531,2.37247,0,179.08,0.6791286405585346,1.3,1.08,450.0
380864,25.655273,2.38097,0,179.08,0.6951592987246393,1.3,1.08,450.0
380865,25.665039,2.37924,0,179.08,0.709733438330826,1.3,1.08,450.0
380866,25.674804,2.38618,0,179.08,0.7243060856024266,1.3,1.08,450.0
380867,25.68457,2.46546,0,179.08,0.7388802252086133,1.3,1.08,450.0
380868,25.695312,2.56689,0,179.08,0.7549108833745483,1.3,1.08,450.0
380869,25.705078,2.64149,0,179.08,0.7694850229807351,1.3,1.08,450.0
380870,25.714843,2.81442,0,179.08,0.7840576702523356,1.3,1.08,450.0
380871,25.724609,2.538,0,179.08,0.7986318098585224,1.3,1.08,450.0
380872,25.734375,0.38931,0,179.08,0.8132059494647093,1.3,1.08,450.0
380873,25.740234,2.95416,1,194.6,0.0,1.3,1.08,450.0
380874,25.75,2.66978,0,194.6,0.015836957904986196,1.3,1.08,450.0
380875,25.759765,1.05322,0,194.6,0.031672294167573715,1.3,1.08,450.0
380876,25.769531,0.83263,0,194.6,0.04750925207255991,1.3,1.08,450.0
380877,25.780273,2.17341,0,194.6,0.06492893278277144,1.3,1.08,450.0
380878,25.790039,3.87697,0,194.6,0.08076589068775765,1.3,1.08,450.0
380879,25.799804,2.34155,0,194.6,0.09660122695052951,1.3,1.08,450.0
380880,25.80957,0.90931,0,194.6,0.11243818485551572,1.3,1.08,450.0
380881,25.820312,1.24356,0,194.6,0.12985786556554288,1.3,1.08,450.0
380882,25.830078,1.31071,0,194.6,0.14569482347052906,1.3,1.08,450.0
380883,25.834961,1.39306,0,194.6,0.15361330242292998,1.3,1.08,450.0
380884,25.844726,1.1436,0,194.6,0.16944863868570187,1.3,1.08,450.0
380885,25.854492,0.99344,0,194.6,0.18528559659068805,1.3,1.08,450.0
380886,25.865234,1.09336,0,194.6,0.2027052773008996,1.3,1.08,450.0
380887,25.875,1.17504,0,194.6,0.21854223520588578,1.3,1.08,450.0
380888,25.884765,1.16324,0,194.6,0.23437757146847332,1.3,1.08,450.0
380889,25.894531,1.10596,0,194.6,0.2502145293734595,1.3,1.08,450.0
380890,25.905273,1.06896,0,194.6,0.267634210083671,1.3,1.08,450.0
380891,25.915039,1.11911,0,194.6,0.28347116798865724,1.3,1.08,450.0
380892,25.924804,1.09228,0,194.6,0.2993065042514291,1.3,1.08,450.0
380893,25.93457,1.11272,0,194.6,0.3151434621564153,1.3,1.08,450.0
380894,25.945312,1.00363,0,194.6,0.3325631428664425,1.3,1.08,450.0
380895,25.950195,1.13809,0,194.6,0.3404816218190278,1.3,1.08,450.0
380896,25.959961,0.97305,0,194.6,0.35631857972382963,1.3,1.08,450.0
380897,25.969726,1.16851,0,194.6,0.37215391598660147,1.3,1.08,450.0
380898,25.979492,0.94124,0,194.6,0.3879908738915877,1.3,1.08,450.0
380899,25.990234,1.12272,0,194.6,0.4054105546017992,1.3,1.08,450.0
380900,26.0,0.99533,0,194.6,0.42124751250678544,1.3,1.08,450.0
380901,26.009765,1.04259,0,194.6,0.4370828487693729,1.3,1.08,450.0
380902,26.019531,1.0205,0,194.6,0.4529198066743591,1.3,1.08,450.0
380903,26.030273,1.02619,0,194.6,0.47033948738457065,1.3,1.08,450.0
380904,26.035156,1.0059,0,194.6,0.4782579663369716,1.3,1.08,450.0
380905,26.044922,1.04999,0,194.6,0.4940949242419578,1.3,1.08,450.0
380906,26.054687,1.01285,0,194.6,0.5099302605047297,1.3,1.08,450.0
380907,26.064453,1.02468,0,194.6,0.5257672184097159,1.3,1.08,450.0
380908,26.075195,1.02198,0,194.6,0.5431868991199273,1.3,1.08,450.0
380909,26.084961,1.00598,0,194.6,0.5590238570247291,1.3,1.08,450.0
380910,26.094726,1.02756,0,194.6,0.5748591932875011,1.3,1.08,450.0
380911,26.104492,1.00875,0,194.6,0.5906961511924873,1.3,1.08,450.0
380912,26.115234,1.06412,0,194.6,0.6081158319026988,1.3,1.08,450.0
380913,26.125,1.03073,0,194.6,0.623952789807685,1.3,1.08,450.0
380914,26.134765,1.04039,0,194.6,0.6397881260702725,1.3,1.08,450.0
380915,26.139648,1.00961,0,194.6,0.6477066050228578,1.3,1.08,450.0
380916,26.149414,1.06189,0,194.6,0.663543562927844,1.3,1.08,450.0
380917,26.160156,0.98503,0,194.6,0.6809632436378712,1.3,1.08,450.0
380918,26.169922,1.09774,0,194.6,0.6968002015428574,1.3,1.08,450.0
380919,26.179687,0.96926,0,194.6,0.7126355378056293,1.3,1.08,450.0
380920,26.189453,1.06034,0,194.6,0.7284724957106155,1.3,1.08,450.0
380921,26.200195,1.01216,0,194.6,0.7458921764208271,1.3,1.08,450.0
380922,26.209961,1.02136,0,194.6,0.7617291343256288,1.3,1.08,450.0
380923,26.219726,1.00669,0,194.6,0.7775644705884006,1.3,1.08,450.0
380924,26.229492,1.06115,0,194.6,0.7934014284933869,1.3,1.08,450.0
380925,26.240234,1.03799,0,194.6,0.8108211092035984,1.3,1.08,450.0
380926,26.245117,1.04328,0,194.6,0.8187395881559993,1.3,1.08,450.0
380927,26.254882,1.06537,0,194.6,0.8345749244187712,1.3,1.08,450.0
380928,26.264648,1.04769,0,194.6,0.8504118823237575,1.3,1.08,450.0
380929,26.274414,1.0464,0,194.6,0.8662488402287436,1.3,1.08,450.0
380930,26.285156,1.01632,0,194.6,0.8836685209387708,1.3,1.08,450.0
380931,26.294922,1.03471,0,194.6,0.899505478843757,1.3,1.08,450.0
380932,26.304687,1.03653,0,194.6,0.9153408151065289,1.3,1.08,450.0
380933,26.314453,1.03166,0,194.6,0.931177773011515,1.3,1.08,450.0
380934,26.325195,1.03236,0,194.6,0.9485974537217265,1.3,1.08,450.0
380935,26.330078,1.03725,0,194.6,0.9565159326741275,1.3,1.08,450.0
380936,26.339843,1.01617,0,194.6,0.9723512689368994,1.3,1.08,450.0
380937,26.349609,1.08873,0,194.6,0.9881882268418856,1.3,1.08,450.0
380938,26.359375,1.02972,0,194.6,0.004025184746871746,1.3,1.08,450.0
380939,26.370117,0.94915,0,194.6,0.021444865456899054,1.3,1.08,450.0
380940,26.379882,0.96763,0,194.6,0.037280201719670725,1.3,1.08,450.0
380941,26.389648,1.04492,0,194.6,0.05311715962465713,1.3,1.08,450.0
380942,26.399414,1.36204,1,189.58,0.0,1.3,1.08,450.0
380943,26.410156,1.16831,0,189.58,0.016970210076513382,1.3,1.08,450.0
380944,26.419922,1.0606,0,189.58,0.032398535491560305,1.3,1.08,450.0
380945,26.429687,1.03666,0,189.58,0.047825281106753034,1.3,1.08,450.0
380946,26.439453,1.09596,0,189.58,0.06325360652179997,1.3,1.08,450.0
380947,26.445312,1.16168,0,189.58,0.07250965389087967,1.3,1.08,450.0
380948,26.455078,1.0106,0,189.58,0.0879379793059266,1.3,1.08,450.0
380949,26.464843,1.16773,0,189.58,0.10336472492111934,1.3,1.08,450.0
380950,26.474609,1.24129,0,189.58,0.11879305033616626,1.3,1.08,450.0
380951,26.484375,1.723,0,189.58,0.1342213757512132,1.3,1.08,450.0
380952,26.495117,2.02821,0,189.58,0.15119158582772657,1.3,1.08,450.0
380953,26.504882,2.54975,0,189.58,0.16661833144291932,1.3,1.08,450.0
380954,26.514648,2.51106,0,189.58,0.18204665685796623,1.3,1.08,450.0
380955,26.524414,2.38437,0,189.58,0.19747498227301316,1.3,1.08,450.0
380956,26.530273,2.3604,0,189.58,0.20673102964209286,1.3,1.08,450.0
380957,26.540039,2.03694,0,189.58,0.2221593550571398,1.3,1.08,450.0
380958,26.549804,2.19185,0,189.58,0.23758610067233252,1.3,1.08,450.0
380959,26.55957,2.31807,0,189.58,0.25301442608737945,1.3,1.08,450.0
380960,26.570312,2.10324,0,189.58,0.26998463616389284,1.3,1.08,450.0
380961,26.580078,2.16729,0,189.58,0.28541296157893975,1.3,1.08,450.0
380962,26.589843,2.71642,0,189.58,0.3008397071941325,1.3,1.08,450.0
380963,26.599609,2.1713,0,189.58,0.3162680326091794,1.3,1.08,450.0
380964,26.609375,1.32329,0,189.58,0.3316963580242263,1.3,1.08,450.0
380965,26.620117,1.01612,0,189.58,0.3486665681007397,1.3,1.08,450.0
380966,26.629882,0.77569,0,189.58,0.36409331371593245,1.3,1.08,450.0
380967,26.634765,0.68104,0,189.58,0.3718074764233661,1.3,1.08,450.0
380968,26.644531,0.72088,0,189.58,0.38723580183841305,1.3,1.08,450.0
380969,26.655273,0.93631,0,189.58,0.404206011915106,1.3,1.08,450.0
380970,26.665039,1.20896,0,189.58,0.41963433733015293,1.3,1.08,450.0
380971,26.674804,1.48532,0,189.58,0.4350610829453457,1.3,1.08,450.0
380972,26.68457,1.65844,0,189.58,0.45048940836039264,1.3,1.08,450.0
380973,26.695312,1.56045,0,189.58,0.467459618436906,1.3,1.08,450.0
380974,26.705078,1.40158,0,189.58,0.4828879438519529,1.3,1.08,450.0
380975,26.714843,1.13123,0,189.58,0.49831468946714563,1.3,1.08,450.0
380976,26.724609,0.90572,0,189.58,0.5137430148821925,1.3,1.08,450.0
380977,26.734375,0.81873,0,189.58,0.5291713402972394,1.3,1.08,450.0
380978,26.740234,0.81682,0,189.58,0.5384273876663191,1.3,1.08,450.0
380979,26.75,0.89474,0,189.58,0.5538557130813662,1.3,1.08,450.0
380980,26.759765,1.06972,0,189.58,0.5692824586963793,1.3,1.08,450.0
380981,26.769531,1.26309,0,189.58,0.5847107841114262,1.3,1.08,450.0
380982,26.780273,1.32333,0,189.58,0.6016809941881192,1.3,1.08,450.0
380983,26.790039,1.36048,0,189.58,0.6171093196031661,1.3,1.08,450.0
380984,26.799804,1.3151,0,189.58,0.6325360652183588,1.3,1.08,450.0
380985,26.80957,1.26556,0,189.58,0.6479643906334058,1.3,1.08,450.0
380986,26.820312,1.26697,0,189.58,0.6649346007099192,1.3,1.08,450.0
380987,26.825195,1.4037,0,189.58,0.6726487634175324,1.3,1.08,450.0
380988,26.834961,1.54042,0,189.58,0.6880770888323997,1.3,1.08,450.0
380989,26.844726,1.65425,0,189.58,0.7035038344475925,1.3,1.08,450.0
380990,26.854492,1.74702,0,189.58,0.7189321598626394,1.3,1.08,450.0
380991,26.865234,1.87716,0,189.58,0.7359023699393323,1.3,1.08,450.0
380992,26.875,2.06764,0,189.58,0.7513306953543794,1.3,1.08,450.0
380993,26.884765,2.24143,0,189.58,0.7667574409693925,1.3,1.08,450.0
380994,26.894531,2.30727,0,189.58,0.7821857663844393,1.3,1.08,450.0
380995,26.905273,2.31091,0,189.58,0.7991559764611323,1.3,1.08,450.0
380996,26.915039,2.2387,0,189.58,0.8145843018761793,1.3,1.08,450.0
380997,26.924804,2.10537,0,189.58,0.830011047491372,1.3,1.08,450.0
380998,26.93457,2.03918,0,189.58,0.8454393729064189,1.3,1.08,450.0
380999,26.939453,2.02564,0,189.58,0.8531535356138525,1.3,1.08,450.0
381000,26.950195,2.0311,0,189.58,0.8701237456905455,1.3,1.08,450.0
381001,26.959961,2.00718,0,189.58,0.8855520711054129,1.3,1.08,450.0
381002,26.969726,2.01477,0,189.58,0.9009788167206056,1.3,1.08,450.0
381003,26.979492,2.10341,0,189.58,0.9164071421356526,1.3,1.08,450.0
381004,26.990234,2.19352,0,189.58,0.9333773522123454,1.3,1.08,450.0
381005,27.0,2.22636,0,189.58,0.9488056776273924,1.3,1.08,450.0
381006,27.009765,2.22192,0,189.58,0.9642324232424055,1.3,1.08,450.0
381007,27.019531,2.18512,0,189.58,0.9796607486574526,1.3,1.08,450.0
381008,27.030273,2.16211,0,189.58,0.9966309587341455,1.3,1.08,450.0
381009,27.035156,0.39488,0,189.58,0.0043451214415790584,1.3,1.08,450.0
381010,27.044922,2.37592,1,188.11,0.0,1.3,1.08,450.0
381011,27.054687,2.52167,0,188.11,0.015307095535841104,1.3,1.08,450.0
381012,27.064453,1.24921,0,188.11,0.030615758618584118,1.3,1.08,450.0
381013,27.075195,0.96898,0,188.11,0.04745434748151375,1.3,1.08,450.0
381014,27.084961,2.23553,0,188.11,0.06276301056407856,1.3,1.08,450.0
381015,27.094726,2.7724,0,188.11,0.07807010609991966,1.3,1.08,450.0
381016,27.104492,1.94542,0,188.11,0.09337876918266266,1.3,1.08,450.0
381017,27.115234,1.17923,0,188.11,0.1102173580455923,1.3,1.08,450.0
381018,27.125,1.24241,0,188.11,0.1255260211283353,1.3,1.08,450.0
381019,27.129882,1.72872,0,188.11,0.1331787851227158,1.3,1.08,450.0
381020,27.139648,1.49998,0,188.11,0.1484874482054588,1.3,1.08,450.0
381021,27.149414,1.38197,0,188.11,0.16379611128820185,1.3,1.08,450.0
381022,27.160156,1.2368,0,188.11,0.18063470015095326,1.3,1.08,450.0
381023,27.169922,1.16558,0,188.11,0.19594336323369627,1.3,1.08,450.0
381024,27.179687,1.08034,0,188.11,0.21125045876953735,1.3,1.08,450.0
381025,27.189453,1.09303,0,188.11,0.2265591218522804,1.3,1.08,450.0
381026,27.200195,1.13349,0,188.11,0.24339771071521002,1.3,1.08,450.0
381027,27.209961,1.0609,0,188.11,0.25870637379777484,1.3,1.08,450.0
381028,27.219726,1.08604,0,188.11,0.2740134693336159,1.3,1.08,450.0
381029,27.229492,1.10794,0,188.11,0.28932213241635896,1.3,1.08,450.0
381030,27.240234,1.08945,0,188.11,0.3061607212792886,1.3,1.08,450.0
381031,27.245117,1.14551,0,188.11,0.313815052820571,1.3,1.08,450.0
381032,27.254882,1.09824,0,188.11,0.32912214835641207,1.3,1.08,450.0
381033,27.264648,1.06368,0,188.11,0.3444308114391551,1.3,1.08,450.0
381034,27.274414,1.00013,0,188.11,0.35973947452189814,1.3,1.08,450.0
381035,27.285156,1.0536,0,188.11,0.37657806338464955,1.3,1.08,450.0
381036,27.294922,1.04048,0,188.11,0.39188672646739253,1.3,1.08,450.0
381037,27.304687,1.09298,0,188.11,0.4071938220032337,1.3,1.08,450.0
381038,27.314453,1.04656,0,188.11,0.42250248508597665,1.3,1.08,450.0
381039,27.320312,1.09906,0,188.11,0.4316867424074457,1.3,1.08,450.0
381040,27.330078,1.02286,0,188.11,0.4469954054901887,1.3,1.08,450.0
381041,27.339843,1.04639,0,188.11,0.46230250102602977,1.3,1.08,450.0
381042,27.349609,1.00644,0,188.11,0.47761116410877286,1.3,1.08,450.0
381043,27.359375,0.99916,0,188.11,0.49291982719151584,1.3,1.08,450.0
381044,27.370117,0.99948,0,188.11,0.5097584160542673,1.3,1.08,450.0
381045,27.379882,1.01992,0,188.11,0.5250655115901083,1.3,1.08,450.0
381046,27.389648,1.00318,0,188.11,0.5403741746728514,1.3,1.08,450.0
381047,27.399414,1.00743,0,188.11,0.5556828377555943,1.3,1.08,450.0
381048,27.410156,0.98436,0,188.11,0.5725214266183458,1.3,1.08,450.0
381049,27.419922,1.0059,0,188.11,0.5878300897010889,1.3,1.08,450.0
381050,27.429687,0.9966,0,188.11,0.6031371852369299,1.3,1.08,450.0
381051,27.43457,0.99493,0,188.11,0.6107915167783905,1.3,1.08,450.0
381052,27.445312,0.99957,0,188.11,0.627630105641142,1.3,1.08,450.0
381053,27.455078,1.00384,0,188.11,0.642938768723885,1.3,1.08,450.0
381054,27.464843,1.04328,0,188.11,0.6582458642597261,1.3,1.08,450.0
381055,27.474609,0.9888,0,188.11,0.6735545273424691,1.3,1.08,450.0
381056,27.484375,1.09622,0,188.11,0.6888631904252122,1.3,1.08,450.0
381057,27.495117,1.01262,0,188.11,0.7057017792879635,1.3,1.08,450.0
381058,27.504882,1.01939,0,188.11,0.7210088748238046,1.3,1.08,450.0
381059,27.514648,1.04369,0,188.11,0.7363175379065476,1.3,1.08,450.0
381060,27.524414,1.09228,0,188.11,0.7516262009892907,1.3,1.08,450.0
381061,27.530273,0.96716,0,188.11,0.7608104583107597,1.3,1.08,450.0
381062,27.540039,1.1423,0,188.11,0.7761191213935027,1.3,1.08,450.0
381063,27.549804,1.05593,0,188.11,0.7914262169293438,1.3,1.08,450.0
381064,27.55957,1.03263,0,188.11,0.8067348800120868,1.3,1.08,450.0
381065,27.570312,1.01563,0,188.11,0.8235734688748383,1.3,1.08,450.0
381066,27.580078,1.02953,0,188.11,0.8388821319575812,1.3,1.08,450.0
381067,27.589843,1.04437,0,188.11,0.8541892274934224,1.3,1.08,450.0
381068,27.599609,1.07649,0,188.11,0.8694978905761653,1.3,1.08,450.0
381069,27.609375,1.06401,0,188.11,0.8848065536589084,1.3,1.08,450.0
381070,27.620117,1.07451,0,188.11,0.9016451425216598,1.3,1.08,450.0
381071,27.629882,1.04581,0,188.11,0.9169522380575009,1.3,1.08,450.0
381072,27.634765,1.04842,0,188.11,0.9246065695987833,1.3,1.08,450.0
381073,27.644531,1.00432,0,188.11,0.9399152326815263,1.3,1.08,450.0
381074,27.655273,1.06497,0,188.11,0.956753821544456,1.3,1.08,450.0
381075,27.665039,1.00023,0,188.11,0.9720624846271989,1.3,1.08,450.0
381076,27.674804,1.03017,0,188.11,0.9873695801630401,1.3,1.08,450.0
381077,27.68457,0.93092,0,188.11,0.0026782432457830296,1.3,1.08,450.0
381078,27.695312,0.98611,0,188.11,0.01951683210853461,1.3,1.08,450.0
381079,27.705078,1.04371,0,188.11,0.03482549519127742,1.3,1.08,450.0
381080,27.714843,1.40649,1,184.51,0.0,1.3,1.08,450.0
381081,27.724609,1.0041,0,184.51,0.015016333162623076,1.3,1.08,450.0
381082,27.734375,1.22265,0,184.51,0.030032666325246152,1.3,1.08,450.0
381083,27.740234,0.94966,0,184.51,0.03904154365470447,1.3,1.08,450.0
381084,27.75,1.26621,0,184.51,0.05405787681732755,1.3,1.08,450.0
381085,27.759765,1.16327,0,184.51,0.06907267236630821,1.3,1.08,450.0
381086,27.769531,1.19286,0,184.51,0.0840890055289313,1.3,1.08,450.0
381087,27.780273,1.10688,0,184.51,0.10060604943978854,1.3,1.08,450.0
381088,27.790039,1.33441,0,184.51,0.11562238260241162,1.3,1.08,450.0
381089,27.799804,1.73518,0,184.51,0.13063717815156708,1.3,1.08,450.0
381090,27.80957,2.30088,0,184.51,0.1456535113141902,1.3,1.08,450.0
381091,27.820312,2.70111,0,184.51,0.16217055522487261,1.3,1.08,450.0
381092,27.825195,3.1534,0,184.51,0.16967872180627155,1.3,1.08,450.0
381093,27.834961,2.98369,0,184.51,0.18469505496871982,1.3,1.08,450.0
381094,27.844726,2.48434,0,184.51,0.1997098505178753,1.3,1.08,450.0
381095,27.854492,2.36153,0,184.51,0.2147261836804984,1.3,1.08,450.0
381096,27.865234,2.21067,0,184.51,0.23124322759135563,1.3,1.08,450.0
381097,27.875,2.05923,0,184.51,0.2462595607539787,1.3,1.08,450.0
381098,27.884765,2.01718,0,184.51,0.26127435630295937,1.3,1.08,450.0
381099,27.894531,2.63539,0,184.51,0.27629068946558244,1.3,1.08,450.0
381100,27.905273,1.53809,0,184.51,0.29280773337643967,1.3,1.08,450.0
381101,27.915039,1.18691,0,184.51,0.30782406653906275,1.3,1.08,450.0
381102,27.924804,0.93382,0,184.51,0.32283886208821827,1.3,1.08,450.0
381103,27.93457,0.79398,0,184.51,0.33785519525084134,1.3,1.08,450.0
381104,27.939453,0.78542,0,184.51,0.34536336183206545,1.3,1.08,450.0
381105,27.950195,0.85186,0,184.51,0.36188040574292274,1.3,1.08,450.0
381106,27.959961,0.98876,0,184.51,0.376896738905371,1.3,1.08,450.0
381107,27.969726,1.16078,0,184.51,0.3919115344545264,1.3,1.08,450.0
381108,27.979492,1.30254,0,184.51,0.4069278676171495,1.3,1.08,450.0
381109,27.990234,1.38075,0,184.51,0.4234449115280068,1.3,1.08,450.0
381110,28.0,1.3505,0,184.51,0.43846124469062986,1.3,1.08,450.0
381111,28.009765,1.25058,0,184.51,0.45347604023961047,1.3,1.08,450.0
381112,28.019531,1.12207,0,184.51,0.4684923734022336,1.3,1.08,450.0
381113,28.030273,1.02695,0,184.51,0.48500941731309083,1.3,1.08,450.0
381114,28.035156,0.98307,0,184.51,0.49251758389431505,1.3,1.08,450.0
381115,28.044922,0.97328,0,184.51,0.5075339170569381,1.3,1.08,450.0
381116,28.054687,1.04143,0,184.51,0.5225487126060935,1.3,1.08,450.0
381117,28.064453,1.1484,0,184.51,0.5375650457687166,1.3,1.08,450.0
381118,28.075195,1.28051,0,184.51,0.5540820896795738,1.3,1.08,450.0
381119,28.084961,1.40468,0,184.51,0.5690984228420221,1.3,1.08,450.0
381120,28.094726,1.41777,0,184.51,0.5841132183911776,1.3,1.08,450.0
381121,28.104492,1.36761,0,184.51,0.5991295515538008,1.3,1.08,450.0
381122,28.115234,1.31455,0,184.51,0.615646595464658,1.3,1.08,450.0
381123,28.125,1.36825,0,184.51,0.630662928627281,1.3,1.08,450.0
381124,28.129882,1.54475,0,184.51,0.6381695575950376,1.3,1.08,450.0
381125,28.139648,1.71634,0,184.51,0.6531858907576606,1.3,1.08,450.0
381126,28.149414,1.89462,0,184.51,0.6682022239202837,1.3,1.08,450.0
381127,28.160156,2.06652,0,184.51,0.6847192678309661,1.3,1.08,450.0
381128,28.169922,2.24842,0,184.51,0.6997356009935892,1.3,1.08,450.0
381129,28.179687,2.41011,0,184.51,0.7147503965427446,1.3,1.08,450.0
381130,28.189453,2.45542,0,184.51,0.7297667297053678,1.3,1.08,450.0
381131,28.200195,2.3992,0,184.51,0.746283773616225,1.3,1.08,450.0
381132,28.209961,2.34305,0,184.51,0.7613001067786733,1.3,1.08,450.0
381133,28.219726,2.36187,0,184.51,0.7763149023278288,1.3,1.08,450.0
381134,28.229492,2.35298,0,184.51,0.7913312354904518,1.3,1.08,450.0
381135,28.240234,2.29692,0,184.51,0.8078482794013091,1.3,1.08,450.0
381136,28.245117,2.27404,0,184.51,0.8153564459825333,1.3,1.08,450.0
381137,28.254882,2.27109,0,184.51,0.8303712415316887,1.3,1.08,450.0
381138,28.264648,2.37694,0,184.51,0.8453875746943118,1.3,1.08,450.0
381139,28.274414,2.5746,0,184.51,0.8604039078569348,1.3,1.08,450.0
381140,28.285156,2.79197,0,184.51,0.8769209517676173,1.3,1.08,450.0
381141,28.294922,2.92803,0,184.51,0.8919372849302404,1.3,1.08,450.0
381142,28.304687,2.91643,0,184.51,0.9069520804793959,1.3,1.08,450.0
381143,28.314453,1.49469,0,184.51,0.9219684136420189,1.3,1.08,450.0
381144,28.320312,1.70037,0,184.51,0.9309772909714772,1.3,1.08,450.0
381145,28.330078,3.34552,0,184.51,0.9459936241341004,1.3,1.08,450.0
381146,28.339843,1.55909,0,184.51,0.9610084196832557,1.3,1.08,450.0
381147,28.349609,0.54653,0,184.51,0.9760247528458789,1.3,1.08,450.0
381148,28.359375,1.62716,1,185.18,0.0,1.3,1.08,450.0
381149,28.370117,2.60635,0,185.18,0.016576768891968782,1.3,1.08,450.0
381150,28.379882,2.07758,0,185.18,0.03164585735140775,1.3,1.08,450.0
381151,28.389648,1.3729,0,185.18,0.046716488984264164,1.3,1.08,450.0
381152,28.399414,1.85513,0,185.18,0.06178712061712058,1.3,1.08,450.0
381153,28.410156,1.85457,0,185.18,0.07836388950908937,1.3,1.08,450.0
381154,28.419922,1.55056,0,185.18,0.09343452114194578,1.3,1.08,450.0
381155,28.429687,1.18328,0,185.18,0.10850360960138475,1.3,1.08,450.0
381156,28.43457,1.1634,0,185.18,0.11603892541790067,1.3,1.08,450.0
381157,28.445312,1.15836,0,185.18,0.13261569430986944,1.3,1.08,450.0
381158,28.455078,1.06008,0,185.18,0.14768632594272588,1.3,1.08,450.0
381159,28.464843,1.11201,0,185.18,0.16275541440216484,1.3,1.08,450.0
381160,28.474609,1.17209,0,185.18,0.17782604603502125,1.3,1.08,450.0
381161,28.484375,1.10519,0,185.18,0.19289667766787766,1.3,1.08,450.0
381162,28.495117,1.16651,0,185.18,0.20947344655984645,1.3,1.08,450.0
381163,28.504882,0.95481,0,185.18,0.22454253501928542,1.3,1.08,450.0
381164,28.514648,1.22261,0,185.18,0.23961316665214183,1.3,1.08,450.0
381165,28.524414,0.96643,0,185.18,0.25468379828499826,1.3,1.08,450.0
381166,28.530273,1.12696,0,185.18,0.2637252513606266,1.3,1.08,450.0
381167,28.540039,1.04071,0,185.18,0.27879588299348296,1.3,1.08,450.0
381168,28.549804,1.05883,0,185.18,0.2938649714529219,1.3,1.08,450.0
381169,28.55957,1.00089,0,185.18,0.30893560308577833,1.3,1.08,450.0
381170,28.570312,1.05427,0,185.18,0.32551237197774713,1.3,1.08,450.0
381171,28.580078,1.0157,0,185.18,0.34058300361060356,1.3,1.08,450.0
381172,28.589843,1.03218,0,185.18,0.3556520920700425,1.3,1.08,450.0
381173,28.599609,1.03455,0,185.18,0.37072272370289894,1.3,1.08,450.0
381174,28.609375,1.01705,0,185.18,0.3857933553357553,1.3,1.08,450.0
381175,28.620117,1.00504,0,185.18,0.4023701242277241,1.3,1.08,450.0
381176,28.625,0.95839,0,185.18,0.40990544004424007,1.3,1.08,450.0
381177,28.634765,1.02723,0,185.18,0.4249745285035036,1.3,1.08,450.0
381178,28.644531,0.98966,0,185.18,0.44004516013635997,1.3,1.08,450.0
381179,28.655273,1.02435,0,185.18,0.4566219290285042,1.3,1.08,450.0
381180,28.665039,0.98051,0,185.18,0.4716925606613606,1.3,1.08,450.0
381181,28.674804,1.05294,0,185.18,0.48676164912079956,1.3,1.08,450.0
381182,28.68457,1.03742,0,185.18,0.5018322807536559,1.3,1.08,450.0
381183,28.695312,1.10329,0,185.18,0.5184090496456248,1.3,1.08,450.0
381184,28.705078,0.98847,0,185.18,0.5334796812784811,1.3,1.08,450.0
381185,28.714843,1.15686,0,185.18,0.5485487697379201,1.3,1.08,450.0
381186,28.724609,0.99285,0,185.18,0.5636194013707765,1.3,1.08,450.0
381187,28.734375,1.09751,0,185.18,0.578690033003633,1.3,1.08,450.0
381188,28.740234,1.04489,0,185.18,0.5877314860792613,1.3,1.08,450.0
381189,28.75,1.05335,0,185.18,0.6028021177121177,1.3,1.08,450.0
381190,28.759765,1.03365,0,185.18,0.6178712061713812,1.3,1.08,450.0
381191,28.769531,1.03466,0,185.18,0.6329418378042376,1.3,1.08,450.0
381192,28.780273,1.03635,0,185.18,0.649518606696382,1.3,1.08,450.0
381193,28.790039,1.00773,0,185.18,0.6645892383292383,1.3,1.08,450.0
381194,28.799804,1.03656,0,185.18,0.6796583267886773,1.3,1.08,450.0
381195,28.80957,1.05174,0,185.18,0.6947289584215337,1.3,1.08,450.0
381196,28.820312,1.037,0,185.18,0.7113057273135025,1.3,1.08,450.0
381197,28.825195,1.00845,0,185.18,0.7188410431300184,1.3,1.08,450.0
381198,28.834961,1.04287,0,185.18,0.7339116747626994,1.3,1.08,450.0
381199,28.844726,1.09189,0,185.18,0.7489807632221382,1.3,1.08,450.0
381200,28.854492,1.01591,0,185.18,0.7640513948549947,1.3,1.08,450.0
381201,28.865234,1.0781,0,185.18,0.780628163747139,1.3,1.08,450.0
381202,28.875,1.03593,0,185.18,0.7956987953799953,1.3,1.08,450.0
381203,28.884765,1.10346,0,185.18,0.8107678838392588,1.3,1.08,450.0
381204,28.894531,0.99044,0,185.18,0.8258385154721154,1.3,1.08,450.0
381205,28.905273,1.08694,0,185.18,0.8424152843642595,1.3,1.08,450.0
381206,28.915039,0.94058,0,185.18,0.8574859159971159,1.3,1.08,450.0
381207,28.924804,1.09496,0,185.18,0.8725550044565549,1.3,1.08,450.0
381208,28.929687,1.02259,0,185.18,0.8800903202728954,1.3,1.08,450.0
381209,28.939453,1.0426,0,185.18,0.8951609519057518,1.3,1.08,450.0
381210,28.950195,1.04292,0,185.18,0.9117377207978961,1.3,1.08,450.0
381211,28.959961,0.941,0,185.18,0.926808352430577,1.3,1.08,450.0
381212,28.969726,0.92409,0,185.18,0.941877440890016,1.3,1.08,450.0
381213,28.979492,1.04028,0,185.18,0.9569480725228724,1.3,1.08,450.0
381214,28.990234,1.37864,1,187.2,0.0,1.3,1.08,450.0
381215,29.0,1.18233,0,187.2,0.015234570895824084,1.3,1.08,450.0
381216,29.009765,1.10067,0,187.2,0.030467581831317498,1.3,1.08,450.0
381217,29.019531,0.98674,0,187.2,0.045702152727141586,1.3,1.08,450.0
381218,29.030273,1.23022,0,187.2,0.06245924473650929,1.3,1.08,450.0
381219,29.035156,1.12572,0,187.2,0.07007653018433266,1.3,1.08,450.0
381220,29.044922,1.11094,0,187.2,0.08531110108015674,1.3,1.08,450.0
381221,29.054687,1.1923,0,187.2,0.1005441120158275,1.3,1.08,450.0
381222,29.064453,1.3922,0,187.2,0.1157786829116516,1.3,1.08,450.0
381223,29.075195,1.91006,0,187.2,0.13253577492101928,1.3,1.08,450.0
381224,29.084961,2.39147,0,187.2,0.14777034581666604,1.3,1.08,450.0
381225,29.094726,2.77798,0,187.2,0.1630033567523368,1.3,1.08,450.0
381226,29.104492,3.34914,0,187.2,0.17823792764816088,1.3,1.08,450.0
381227,29.115234,2.87005,0,187.2,0.19499501965752858,1.3,1.08,450.0
381228,29.120117,2.40605,0,187.2,0.20261230510535194,1.3,1.08,450.0
381229,29.129882,2.47108,0,187.2,0.21784531604102272,1.3,1.08,450.0
381230,29.139648,1.9296,0,187.2,0.23307988693684678,1.3,1.08,450.0
381231,29.149414,2.12789,0,187.2,0.2483144578326709,1.3,1.08,450.0
381232,29.160156,1.95929,0,187.2,0.26507154984186126,1.3,1.08,450.0
381233,29.169922,2.64748,0,187.2,0.2803061207376853,1.3,1.08,450.0
381234,29.179687,1.52595,0,187.2,0.2955391316733561,1.3,1.08,450.0
381235,29.189453,1.26981,0,187.2,0.31077370256918013,1.3,1.08,450.0
381236,29.200195,0.96274,0,187.2,0.3275307945785479,1.3,1.08,450.0
381237,29.209961,0.85654,0,187.2,0.3427653654741946,1.3,1.08,450.0
381238,29.219726,0.88816,0,187.2,0.35799837640986537,1.3,1.08,450.0
381239,29.229492,1.04895,0,187.2,0.37323294730568946,1.3,1.08,450.0
381240,29.234375,1.24033,0,187.2,0.3808502327536902,1.3,1.08,450.0
381241,29.245117,1.36497,0,187.2,0.3976073247628805,1.3,1.08,450.0
381242,29.254882,1.39532,0,187.2,0.41284033569855133,1.3,1.08,450.0
381243,29.264648,1.3604,0,187.2,0.42807490659437536,1.3,1.08,450.0
381244,29.274414,1.27642,0,187.2,0.44330947749019944,1.3,1.08,450.0
381245,29.285156,1.13543,0,187.2,0.46006656949938984,1.3,1.08,450.0
381246,29.294922,1.02508,0,187.2,0.4753011403952139,1.3,1.08,450.0
381247,29.304687,1.00191,0,187.2,0.4905341513308847,1.3,1.08,450.0
381248,29.314453,1.01261,0,187.2,0.5057687222267088,1.3,1.08,450.0
381249,29.320312,1.07143,0,187.2,0.5149085287880758,1.3,1.08,450.0
381250,29.330078,1.1492,0,187.2,0.5301430996838998,1.3,1.08,450.0
381251,29.339843,1.24789,0,187.2,0.5453761106195706,1.3,1.08,450.0
381252,29.349609,1.36323,0,187.2,0.5606106815153946,1.3,1.08,450.0
381253,29.359375,1.37412,0,187.2,0.5758452524112188,1.3,1.08,450.0
381254,29.370117,1.38079,0,187.2,0.5926023444204092,1.3,1.08,450.0
381255,29.379882,1.39834,0,187.2,0.6078353553560799,1.3,1.08,450.0
381256,29.389648,1.49058,0,187.2,0.623069926251904,1.3,1.08,450.0
381257,29.399414,1.58877,0,187.2,0.638304497147728,1.3,1.08,450.0
381258,29.410156,1.67492,0,187.2,0.6550615891569185,1.3,1.08,450.0
381259,29.419922,1.83287,0,187.2,0.6702961600527425,1.3,1.08,450.0
381260,29.424804,2.05055,0,187.2,0.6779118855405899,1.3,1.08,450.0
381261,29.43457,2.29092,0,187.2,0.693146456436414,1.3,1.08,450.0
381262,29.445312,2.4313,0,187.2,0.7099035484456043,1.3,1.08,450.0
381263,29.455078,2.4727,0,187.2,0.7251381193414285,1.3,1.08,450.0
381264,29.464843,2.42088,0,187.2,0.7403711302770991,1.3,1.08,450.0
381265,29.474609,2.34056,0,187.2,0.7556057011729232,1.3,1.08,450.0
381266,29.484375,2.32408,0,187.2,0.7708402720687474,1.3,1.08,450.0
381267,29.495117,2.37562,0,187.2,0.7875973640779377,1.3,1.08,450.0
381268,29.504882,2.34362,0,187.2,0.8028303750136084,1.3,1.08,450.0
381269,29.514648,2.28989,0,187.2,0.8180649459094326,1.3,1.08,450.0
381270,29.524414,2.24778,0,187.2,0.8332995168052566,1.3,1.08,450.0
381271,29.530273,2.27452,0,187.2,0.8424393233666235,1.3,1.08,450.0
381272,29.540039,2.39116,0,187.2,0.8576738942624477,1.3,1.08,450.0
381273,29.549804,2.48666,0,187.2,0.8729069051981184,1.3,1.08,450.0
381274,29.55957,2.54548,0,187.2,0.8881414760939426,1.3,1.08,450.0
381275,29.570312,2.57909,0,187.2,0.904898568103133,1.3,1.08,450.0
381276,29.580078,2.53366,0,187.2,0.920133138998957,1.3,1.08,450.0
381277,29.589843,1.85322,0,187.2,0.9353661499346277,1.3,1.08,450.0
381278,29.599609,1.37209,0,187.2,0.9506007208304518,1.3,1.08,450.0
381279,29.609375,3.31013,0,187.2,0.9658352917262759,1.3,1.08,450.0
381280,29.620117,2.15623,0,187.2,0.9825923837354663,1.3,1.08,450.0
381281,29.625,1.79892,0,187.2,0.9902096691834671,1.3,1.08,450.0
381282,29.634765,1.49329,0,187.2,0.00544268011896043,1.3,1.08,450.0
381283,29.644531,2.77198,0,187.2,0.02067725101478457,1.3,1.08,450.0
381284,29.655273,2.81535,0,187.2,0.03743434302415216,1.3,1.08,450.0
381285,29.665039,2.06932,0,187.2,0.0526689139199763,1.3,1.08,450.0
381286,29.674804,1.60341,0,187.2,0.06790192485564717,1.3,1.08,450.0
381287,29.68457,1.74343,0,187.2,0.08313649575147108,1.3,1.08,450.0
381288,29.695312,1.51879,0,187.2,0.09989358776066148,1.3,1.08,450.0
381289,29.705078,1.20926,0,187.2,0.11512815865648562,1.3,1.08,450.0
381290,29.714843,1.13404,0,187.2,0.13036116959215627,1.3,1.08,450.0
381291,29.724609,1.05106,0,187.2,0.1455957404879804,1.3,1.08,450.0
381292,29.734375,1.04765,0,187.2,0.16083031138380455,1.3,1.08,450.0
381293,29.740234,1.14371,0,187.2,0.16997011794517158,1.3,1.08,450.0
381294,29.75,1.17866,0,187.2,0.18520468884099572,1.3,1.08,450.0
381295,29.759765,1.17675,0,187.2,0.20043769977648895,1.3,1.08,450.0
381296,29.769531,1.1105,0,187.2,0.2156722706723131,1.3,1.08,450.0
381297,29.780273,1.0278,0,187.2,0.2324293626816809,1.3,1.08,450.0
381298,29.790039,1.06579,0,187.2,0.24766393357750505,1.3,1.08,450.0
381299,29.799804,1.07476,0,187.2,0.2628969445131757,1.3,1.08,450.0
381300,29.80957,1.14297,0,187.2,0.27813151540899983,1.3,1.08,450.0
381301,29.820312,1.08176,0,187.2,0.29488860741819,1.3,1.08,450.0
381302,29.825195,1.06737,0,187.2,0.3025058928661908,1.3,1.08,450.0
381303,29.834961,1.00247,0,187.2,0.3177404637618375,1.3,1.08,450.0
381304,29.844726,1.04427,0,187.2,0.33297347469750815,1.3,1.08,450.0
381305,29.854492,0.99249,0,187.2,0.3482080455933323,1.3,1.08,450.0
381306,29.865234,1.10536,0,187.2,0.3649651376026999,1.3,1.08,450.0
381307,29.875,0.97265,0,187.2,0.380199708498524,1.3,1.08,450.0
381308,29.884765,1.13868,0,187.2,0.3954327194340175,1.3,1.08,450.0
381309,29.894531,1.02443,0,187.2,0.4106672903298416,1.3,1.08,450.0
381310,29.905273,1.13188,0,187.2,0.4274243823392092,1.3,1.08,450.0
381311,29.915039,1.02277,0,187.2,0.44265895323503335,1.3,1.08,450.0
381312,29.924804,1.06876,0,187.2,0.45789196417070444,1.3,1.08,450.0
381313,29.929687,1.02173,0,187.2,0.4655092496185276,1.3,1.08,450.0
381314,29.939453,1.01103,0,187.2,0.4807438205143517,1.3,1.08,450.0
381315,29.950195,0.95568,0,187.2,0.4975009125237193,1.3,1.08,450.0
381316,29.959961,1.03994,0,187.2,0.512735483419366,1.3,1.08,450.0
381317,29.969726,1.05119,0,187.2,0.5279684943550369,1.3,1.08,450.0
381318,29.979492,1.03962,0,187.2,0.543203065250861,1.3,1.08,450.0
381319,29.990234,1.02349,0,187.2,0.5599601572602286,1.3,1.08,450.0
381320,30.0,1.02183,0,187.2,0.5751947281560528,1.3,1.08,450.0
381321,30.009765,1.02194,0,187.2,0.590427739091546,1.3,1.08,450.0
381322,30.019531,1.03004,0,187.2,0.6056623099873701,1.3,1.08,450.0
381323,30.030273,1.03025,0,187.2,0.622419401996738,1.3,1.08,450.0
381324,30.035156,1.02467,0,187.2,0.6300366874445613,1.3,1.08,450.0
381325,30.044922,1.03212,0,187.2,0.6452712583403855,1.3,1.08,450.0
381326,30.054687,0.98532,0,187.2,0.6605042692760563,1.3,1.08,450.0
381327,30.064453,1.05366,0,187.2,0.6757388401718802,1.3,1.08,450.0
381328,30.075195,0.91795,0,187.2,0.692495932181248,1.3,1.08,450.0
381329,30.084961,1.05847,0,187.2,0.7077305030768948,1.3,1.08,450.0
381330,30.094726,0.94078,0,187.2,0.7229635140125654,1.3,1.08,450.0
381331,30.104492,1.00351,0,187.2,0.7381980849083896,1.3,1.08,450.0
381332,30.115234,0.99687,0,187.2,0.7549551769177574,1.3,1.08,450.0
381333,30.120117,1.01726,0,187.2,0.7625724623655805,1.3,1.08,450.0
381334,30.129882,0.98661,0,187.2,0.7778054733012512,1.3,1.08,450.0
381335,30.139648,1.05261,0,187.2,0.7930400441970753,1.3,1.08,450.0
381336,30.149414,1.05646,0,187.2,0.8082746150928994,1.3,1.08,450.0
381337,30.160156,1.04755,0,187.2,0.8250317071020901,1.3,1.08,450.0
381338,30.169922,1.10957,0,187.2,0.840266277997914,1.3,1.08,450.0
381339,30.179687,1.05635,0,187.2,0.8554992889335848,1.3,1.08,450.0
381340,30.189453,1.0523,0,187.2,0.8707338598294088,1.3,1.08,450.0
381341,30.200195,1.08795,0,187.2,0.8874909518387766,1.3,1.08,450.0
381342,30.209961,1.05678,0,187.2,0.9027255227344233,1.3,1.08,450.0
381343,30.219726,1.10089,0,187.2,0.9179585336700942,1.3,1.08,450.0
381344,30.229492,1.01614,0,187.2,0.9331931045659183,1.3,1.08,450.0
381345,30.234375,1.01091,0,187.2,0.9408103900139189,1.3,1.08,450.0
381346,30.245117,0.87779,0,187.2,0.9575674820231093,1.3,1.08,450.0
381347,30.254882,0.96506,0,187.2,0.9728004929587799,1.3,1.08,450.0
381348,30.264648,1.09112,0,187.2,0.988035063854604,1.3,1.08,450.0
381349,30.274414,1.39533,1,149.7,0.0,1.3,1.08,450.0
381350,30.285156,0.97034,0,149.7,0.013400203592792195,1.3,1.08,450.0
381351,30.294922,1.23265,0,149.7,0.025582887291187243,1.3,1.08,450.0
381352,30.304687,1.00684,0,149.7,0.03776432353067715,1.3,1.08,450.0
381353,30.314453,1.21474,0,149.7,0.04994700722907219,1.3,1.08,450.0
381354,30.320312,1.11699,0,149.7,0.05725586897273778,1.3,1.08,450.0
381355,30.330078,1.18232,0,149.7,0.06943855267113282,1.3,1.08,450.0
381356,30.339843,1.17754,0,149.7,0.08161998891062273,1.3,1.08,450.0
381357,30.349609,1.35806,0,149.7,0.09380267260901777,1.3,1.08,450.0
381358,30.359375,1.87947,0,149.7,0.10598535630741283,1.3,1.08,450.0
381359,30.370117,2.53082,0,149.7,0.11938555990020501,1.3,1.08,450.0
381360,30.379882,2.8257,0,149.7,0.13156699613969491,1.3,1.08,450.0
381361,30.389648,2.62202,0,149.7,0.14374967983808998,1.3,1.08,450.0
381362,30.399414,2.11584,0,149.7,0.155932363536485,1.3,1.08,450.0
381363,30.410156,1.64994,0,149.7,0.16933256712927722,1.3,1.08,450.0
381364,30.419922,1.75327,0,149.7,0.18151525082767225,1.3,1.08,450.0
381365,30.424804,1.51526,0,149.7,0.18760534521803554,1.3,1.08,450.0
381366,30.43457,1.73516,0,149.7,0.1997880289164306,1.3,1.08,450.0
381367,30.445312,1.61177,0,149.7,0.21318823250922278,1.3,1.08,450.0
381368,30.455078,1.54655,0,149.7,0.22537091620761787,1.3,1.08,450.0
381369,30.464843,1.9436,0,149.7,0.23755235244710776,1.3,1.08,450.0
381370,30.474609,4.30253,0,149.7,0.2497350361455028,1.3,1.08,450.0
381371,30.484375,2.28419,0,149.7,0.26191771984389783,1.3,1.08,450.0
381372,30.495117,1.55168,0,149.7,0.27531792343669004,1.3,1.08,450.0
381373,30.504882,0.87368,0,149.7,0.28749935967617996,1.3,1.08,450.0
381374,30.514648,0.74593,0,149.7,0.299682043374575,1.3,1.08,450.0
381375,30.524414,0.55608,0,149.7,0.31186472707297,1.3,1.08,450.0
381376,30.530273,0.48414,0,149.7,0.3191735888166356,1.3,1.08,450.0
381377,30.540039,0.59947,0,149.7,0.33135627251503064,1.3,1.08,450.0
381378,30.549804,0.85669,0,149.7,0.34353770875452055,1.3,1.08,450.0
381379,30.55957,1.24923,0,149.7,0.3557203924529156,1.3,1.08,450.0
381380,30.570312,1.45489,0,149.7,0.3691205960457078,1.3,1.08,450.0
381381,30.580078,1.40347,0,149.7,0.38130327974410283,1.3,1.08,450.0
381382,30.589843,1.10116,0,149.7,0.39348471598359275,1.3,1.08,450.0
381383,30.599609,0.84495,0,149.7,0.40566739968198784,1.3,1.08,450.0
381384,30.609375,0.75323,0,149.7,0.4178500833803829,1.3,1.08,450.0
381385,30.615234,0.82278,0,149.7,0.42515894512404845,1.3,1.08,450.0
381386,30.625,1.01917,0,149.7,0.43734162882244354,1.3,1.08,450.0
381387,30.634765,1.1862,0,149.7,0.44952306506179157,1.3,1.08,450.0
381388,30.644531,1.26124,0,149.7,0.4617057487601866,1.3,1.08,450.0
381389,30.655273,1.22317,0,149.7,0.47510595235312064,1.3,1.08,450.0
381390,30.665039,1.1668,0,149.7,0.4872886360515157,1.3,1.08,450.0
381391,30.674804,1.23977,0,149.7,0.4994700722910056,1.3,1.08,450.0
381392,30.68457,1.33217,0,149.7,0.5116527559894006,1.3,1.08,450.0
381393,30.695312,1.39399,0,149.7,0.5250529595821928,1.3,1.08,450.0
381394,30.705078,1.55324,0,149.7,0.5372356432805879,1.3,1.08,450.0
381395,30.714843,1.75207,0,149.7,0.5494170795200778,1.3,1.08,450.0
381396,30.724609,1.90534,0,149.7,0.5615997632184728,1.3,1.08,450.0
381397,30.729492,2.07646,0,149.7,0.5676911050675995,1.3,1.08,450.0
381398,30.740234,2.23648,0,149.7,0.5810913086605335,1.3,1.08,450.0
381399,30.75,2.33903,0,149.7,0.5932739923589285,1.3,1.08,450.0
381400,30.759765,2.36871,0,149.7,0.6054554285982766,1.3,1.08,450.0
381401,30.769531,2.36371,0,149.7,0.6176381122966716,1.3,1.08,450.0
381402,30.780273,2.32358,0,149.7,0.6310383158896057,1.3,1.08,450.0
381403,30.790039,2.28323,0,149.7,0.6432209995880007,1.3,1.08,450.0
381404,30.799804,2.31158,0,149.7,0.6554024358274906,1.3,1.08,450.0
381405,30.80957,2.33318,0,149.7,0.6675851195258856,1.3,1.08,450.0
381406,30.820312,2.33747,0,149.7,0.6809853231186779,1.3,1.08,450.0
381407,30.825195,2.38937,0,149.7,0.6870766649679463,1.3,1.08,450.0
381408,30.834961,2.5003,0,149.7,0.6992593486661995,1.3,1.08,450.0
381409,30.844726,2.65001,0,149.7,0.7114407849056895,1.3,1.08,450.0
381410,30.854492,2.80248,0,149.7,0.7236234686040846,1.3,1.08,450.0
381411,30.865234,2.83379,0,149.7,0.7370236721970185,1.3,1.08,450.0
381412,30.875,2.7905,0,149.7,0.7492063558954135,1.3,1.08,450.0
381413,30.884765,1.45785,0,149.7,0.7613877921347617,1.3,1.08,450.0
381414,30.894531,1.36268,0,149.7,0.7735704758331567,1.3,1.08,450.0
381415,30.905273,3.336,0,149.7,0.7869706794260907,1.3,1.08,450.0
381416,30.915039,1.9281,0,149.7,0.7991533631244857,1.3,1.08,450.0
381417,30.919922,0.78598,0,149.7,0.8052447049736123,1.3,1.08,450.0
381418,30.929687,0.67541,0,149.7,0.8174261412131023,1.3,1.08,450.0
381419,30.939453,2.58452,1,161.99,0.0,1.3,1.08,450.0
381420,30.950195,2.5486,0,161.99,0.014501096624957284,1.3,1.08,450.0
381421,30.959961,1.51324,0,161.99,0.027684648071355965,1.3,1.08,450.0
381422,30.969726,1.45775,0,161.99,0.040866849574081245,1.3,1.08,450.0
381423,30.979492,1.78584,0,161.99,0.054050401020633396,1.3,1.08,450.0
381424,30.990234,1.63704,0,161.99,0.06855149764559068,1.3,1.08,450.0
381425,31.0,1.26049,0,161.99,0.08173504909214284,1.3,1.08,450.0
381426,31.009765,1.2047,0,161.99,0.09491725059471465,1.3,1.08,450.0
381427,31.019531,1.05045,0,161.99,0.10810080204126679,1.3,1.08,450.0
381428,31.030273,1.1959,0,161.99,0.12260189866622408,1.3,1.08,450.0
381429,31.035156,1.14732,0,161.99,0.12919367438942342,1.3,1.08,450.0
381430,31.044922,1.27909,0,161.99,0.14237722583597556,1.3,1.08,450.0
381431,31.054687,1.05178,0,161.99,0.15555942733870085,1.3,1.08,450.0
381432,31.064453,1.04914,0,161.99,0.168742978785253,1.3,1.08,450.0
381433,31.075195,1.07666,0,161.99,0.1832440754102103,1.3,1.08,450.0
381434,31.084961,1.13868,0,161.99,0.19642762685660894,1.3,1.08,450.0
381435,31.094726,1.13901,0,161.99,0.20960982835933425,1.3,1.08,450.0
381436,31.104492,1.07918,0,161.99,0.2227933798058864,1.3,1.08,450.0
381437,31.115234,1.08824,0,161.99,0.23729447643084367,1.3,1.08,450.0
381438,31.120117,1.05729,0,161.99,0.243886252154043,1.3,1.08,450.0
381439,31.129882,1.04424,0,161.99,0.2570684536567683,1.3,1.08,450.0
381440,31.139648,1.0945,0,161.99,0.2702520051033205,1.3,1.08,450.0
381441,31.149414,1.05397,0,161.99,0.2834355565498726,1.3,1.08,450.0
381442,31.160156,1.07373,0,161.99,0.2979366531746764,1.3,1.08,450.0
381443,31.169922,0.99742,0,161.99,0.3111202046212286,1.3,1.08,450.0
381444,31.179687,1.06064,0,161.99,0.32430240612395383,1.3,1.08,450.0
381445,31.189453,1.05037,0,161.99,0.337485957570506,1.3,1.08,450.0
381446,31.200195,1.08909,0,161.99,0.3519870541954633,1.3,1.08,450.0
381447,31.209961,1.01828,0,161.99,0.365170605641862,1.3,1.08,450.0
381448,31.219726,0.99371,0,161.99,0.37835280714458724,1.3,1.08,450.0
381449,31.224609,0.86462,0,161.99,0.38494458286794003,1.3,1.08,450.0
381450,31.234375,0.96301,0,161.99,0.3981281343144922,1.3,1.08,450.0
381451,31.245117,0.86477,0,161.99,0.41262923093929604,1.3,1.08,450.0
381452,31.254882,0.99831,0,161.99,0.4258114324420213,1.3,1.08,450.0
381453,31.264648,0.90863,0,161.99,0.43899498388857344,1.3,1.08,450.0
381454,31.274414,0.91023,0,161.99,0.4521785353351256,1.3,1.08,450.0
381455,31.285156,0.8961,0,161.99,0.46667963195992945,1.3,1.08,450.0
381456,31.294922,0.9716,0,161.99,0.4798631834064816,1.3,1.08,450.0
381457,31.304687,1.03409,0,161.99,0.49304538490920685,1.3,1.08,450.0
381458,31.314453,1.10566,0,161.99,0.506228936355759,1.3,1.08,450.0
381459,31.320312,1.10942,0,161.99,0.5141382572573635,1.3,1.08,450.0
381460,31.330078,1.07267,0,161.99,0.5273218087039157,1.3,1.08,450.0
381461,31.339843,1.09302,0,161.99,0.540504010206641,1.3,1.08,450.0
381462,31.349609,1.11047,0,161.99,0.5536875616531931,1.3,1.08,450.0
381463,31.359375,1.08868,0,161.99,0.5668711130997452,1.3,1.08,450.0
381464,31.370117,1.11271,0,161.99,0.5813722097245491,1.3,1.08,450.0
381465,31.379882,1.04827,0,161.99,0.5945544112272744,1.3,1.08,450.0
381466,31.389648,1.11884,0,161.99,0.6077379626738265,1.3,1.08,450.0
381467,31.399414,1.05256,0,161.99,0.6209215141203787,1.3,1.08,450.0
381468,31.410156,1.06407,0,161.99,0.6354226107451825,1.3,1.08,450.0
381469,31.415039,1.03026,0,161.99,0.6420143864685353,1.3,1.08,450.0
381470,31.424804,1.09121,0,161.99,0.6551965879712606,1.3,1.08,450.0
381471,31.43457,0.94942,0,161.99,0.6683801394178127,1.3,1.08,450.0
381472,31.445312,1.1461,0,161.99,0.6828812360426165,1.3,1.08,450.0
381473,31.455078,0.99014,0,161.99,0.6960647874891687,1.3,1.08,450.0
381474,31.464843,1.09505,0,161.99,0.7092469889918939,1.3,1.08,450.0
381475,31.474609,1.05604,0,161.99,0.722430540438446,1.3,1.08,450.0
381476,31.484375,1.04553,0,161.99,0.7356140918849982,1.3,1.08,450.0
381477,31.495117,1.02045,0,161.99,0.7501151885098021,1.3,1.08,450.0
381478,31.504882,1.04769,0,161.99,0.7632973900125273,1.3,1.08,450.0
381479,31.514648,1.0191,0,161.99,0.7764809414590794,1.3,1.08,450.0
381480,31.524414,0.94478,0,161.99,0.7896644929056316,1.3,1.08,450.0
381481,31.530273,0.95949,0,161.99,0.7975738138072361,1.3,1.08,450.0
381482,31.540039,0.9561,0,161.99,0.8107573652537883,1.3,1.08,450.0
381483,31.549804,1.32166,1,175.84,0.0,1.3,1.08,450.0
381484,31.55957,1.21704,0,175.84,0.014310382526411525,1.3,1.08,450.0
381485,31.570312,1.06914,0,175.84,0.03005092410920852,1.3,1.08,450.0
381486,31.580078,1.04678,0,175.84,0.04436130663562004,1.3,1.08,450.0
381487,31.589843,1.08832,0,175.84,0.058670223835133116,1.3,1.08,450.0
381488,31.599609,1.24322,0,175.84,0.07298060636154464,1.3,1.08,450.0
381489,31.609375,1.03955,0,175.84,0.08729098888795615,1.3,1.08,450.0
381490,31.615234,1.2224,0,175.84,0.0958763392076307,1.3,1.08,450.0
381491,31.625,1.14898,0,175.84,0.11018672173404222,1.3,1.08,450.0
381492,31.634765,1.69332,0,175.84,0.1244956389333887,1.3,1.08,450.0
381493,31.644531,2.00996,0,175.84,0.13880602145980023,1.3,1.08,450.0
381494,31.655273,2.71401,0,175.84,0.15454656304276382,1.3,1.08,450.0
381495,31.665039,2.79958,0,175.84,0.16885694556917533,1.3,1.08,450.0
381496,31.674804,2.54671,0,175.84,0.1831658627686884,1.3,1.08,450.0
381497,31.68457,2.7737,0,175.84,0.1974762452950999,1.3,1.08,450.0
381498,31.695312,2.3417,0,175.84,0.21321678687789694,1.3,1.08,450.0
381499,31.705078,2.39065,0,175.84,0.22752716940430848,1.3,1.08,450.0
381500,31.714843,2.40703,0,175.84,0.24183608660382153,1.3,1.08,450.0
381501,31.724609,2.0549,0,175.84,0.25614646913023303,1.3,1.08,450.0
381502,31.729492,1.68245,0,175.84,0.2633016603933555,1.3,1.08,450.0
381503,31.740234,3.277,0,175.84,0.27904220197631907,1.3,1.08,450.0
381504,31.75,1.27827,0,175.84,0.2933525845027306,1.3,1.08,450.0
381505,31.759765,1.13747,0,175.84,0.30766150170207707,1.3,1.08,450.0
381506,31.769531,0.85134,0,175.84,0.3219718842284886,1.3,1.08,450.0
381507,31.780273,0.69518,0,175.84,0.3377124258114522,1.3,1.08,450.0
381508,31.790039,0.685,0,175.84,0.35202280833786376,1.3,1.08,450.0
381509,31.799804,0.79481,0,175.84,0.3663317255373768,1.3,1.08,450.0
381510,31.80957,0.98158,0,175.84,0.38064210806378834,1.3,1.08,450.0
381511,31.820312,1.17766,0,175.84,0.39638264964658537,1.3,1.08,450.0
381512,31.825195,1.34842,0,175.84,0.4035378409098744,1.3,1.08,450.0
381513,31.834961,1.43228,0,175.84,0.4178482234361193,1.3,1.08,450.0
381514,31.844726,1.38234,0,175.84,0.4321571406356324,1.3,1.08,450.0
381515,31.854492,1.29634,0,175.84,0.4464675231620439,1.3,1.08,450.0
381516,31.865234,1.17708,0,175.84,0.4622080647450075,1.3,1.08,450.0
381517,31.875,1.04153,0,175.84,0.47651844727141907,1.3,1.08,450.0
381518,31.884765,0.95838,0,175.84,0.4908273644707655,1.3,1.08,450.0
381519,31.894531,0.908,0,175.84,0.5051377469971771,1.3,1.08,450.0
381520,31.905273,0.92733,0,175.84,0.5208782885801406,1.3,1.08,450.0
381521,31.915039,1.02633,0,175.84,0.5351886711065521,1.3,1.08,450.0
381522,31.919922,1.20377,0,175.84,0.5423438623696747,1.3,1.08,450.0
381523,31.929687,1.36381,0,175.84,0.5566527795691877,1.3,1.08,450.0
381524,31.939453,1.4906,0,175.84,0.5709631620955993,1.3,1.08,450.0
381525,31.950195,1.52486,0,175.84,0.5867037036785628,1.3,1.08,450.0
381526,31.959961,1.47396,0,175.84,0.6010140862048078,1.3,1.08,450.0
381527,31.969726,1.4512,0,175.84,0.6153230034043208,1.3,1.08,450.0
381528,31.979492,1.57198,0,175.84,0.6296333859307324,1.3,1.08,450.0
381529,31.990234,1.73908,0,175.84,0.6453739275136959,1.3,1.08,450.0
381530,32.0,1.9426,0,175.84,0.6596843100401074,1.3,1.08,450.0
381531,32.009765,2.12858,0,175.84,0.6739932272394539,1.3,1.08,450.0
381532,32.019531,2.27671,0,175.84,0.6883036097658655,1.3,1.08,450.0
381533,32.030273,2.3981,0,175.84,0.704044151348829,1.3,1.08,450.0
381534,32.035156,2.49616,0,175.84,0.7111993426119515,1.3,1.08,450.0
381535,32.044922,2.50525,0,175.84,0.725509725138363,1.3,1.08,450.0
381536,32.054687,2.46117,0,175.84,0.7398186423378762,1.3,1.08,450.0
381537,32.064453,2.41572,0,175.84,0.7541290248642876,1.3,1.08,450.0
381538,32.075195,2.3778,0,175.84,0.7698695664472512,1.3,1.08,450.0
381539,32.084961,2.34493,0,175.84,0.7841799489734961,1.3,1.08,450.0
381540,32.094726,2.33088,0,175.84,0.7984888661730093,1.3,1.08,450.0
381541,32.104492,2.39617,0,175.84,0.8127992486994208,1.3,1.08,450.0
381542,32.115234,2.57981,0,175.84,0.8285397902823843,1.3,1.08,450.0
381543,32.120117,2.75688,0,175.84,0.8356949815455068,1.3,1.08,450.0
381544,32.129882,2.85086,0,175.84,0.8500038987450199,1.3,1.08,450.0
381545,32.139648,2.91258,0,175.84,0.8643142812714314,1.3,1.08,450.0
381546,32.149414,2.17466,0,175.84,0.878624663797843,1.3,1.08,450.0
381547,32.160156,0.73509,0,175.84,0.8943652053806399,1.3,1.08,450.0
381548,32.169922,3.04949,1,182.91,0.0,1.3,1.08,450.0
381549,32.179687,2.12723,0,182.91,0.014884151515620125,1.3,1.08,450.0
381550,32.189453,0.66895,0,182.91,0.029769827265902618,1.3,1.08,450.0
381551,32.200195,1.22832,0,182.91,0.046143156050467926,1.3,1.08,450.0
381552,32.209961,2.76282,0,182.91,0.06102883180057714,1.3,1.08,450.0
381553,32.219726,2.62658,0,182.91,0.07591298331619727,1.3,1.08,450.0
381554,32.224609,1.62345,0,182.91,0.08335582119142515,1.3,1.08,450.0
381555,32.234375,1.5862,0,182.91,0.09824149694170764,1.3,1.08,450.0
381556,32.245117,1.67408,0,182.91,0.11461482572609967,1.3,1.08,450.0
381557,32.254882,1.70904,0,182.91,0.1294989772417198,1.3,1.08,450.0
381558,32.264648,1.23736,0,182.91,0.1443846529920023,1.3,1.08,450.0
381559,32.274414,1.09738,0,182.91,0.15927032874228478,1.3,1.08,450.0
381560,32.285156,1.14883,0,182.91,0.1756436575266768,1.3,1.08,450.0
381561,32.294922,1.10902,0,182.91,0.19052933327695928,1.3,1.08,450.0
381562,32.304687,1.18967,0,182.91,0.20541348479257943,1.3,1.08,450.0
381563,32.314453,1.24672,0,182.91,0.22029916054286192,1.3,1.08,450.0
381564,32.320312,1.17558,0,182.91,0.22922965145219934,1.3,1.08,450.0
381565,32.330078,1.06296,0,182.91,0.24411532720248183,1.3,1.08,450.0
381566,32.339843,1.10252,0,182.91,0.25899947871810197,1.3,1.08,450.0
381567,32.349609,1.08187,0,182.91,0.27388515446838446,1.3,1.08,450.0
381568,32.359375,1.11529,0,182.91,0.28877083021866695,1.3,1.08,450.0
381569,32.370117,1.11788,0,182.91,0.30514415900305897,1.3,1.08,450.0
381570,32.379882,1.11174,0,182.91,0.3200283105186791,1.3,1.08,450.0
381571,32.389648,1.05262,0,182.91,0.3349139862689616,1.3,1.08,450.0
381572,32.399414,1.08844,0,182.91,0.34979966201924406,1.3,1.08,450.0
381573,32.410156,1.03269,0,182.91,0.36617299080363613,1.3,1.08,450.0
381574,32.415039,1.00554,0,182.91,0.373615828678864,1.3,1.08,450.0
381575,32.424804,1.00424,0,182.91,0.3884999801944841,1.3,1.08,450.0
381576,32.43457,1.04716,0,182.91,0.40338565594476666,1.3,1.08,450.0
381577,32.445312,1.05679,0,182.91,0.4197589847291586,1.3,1.08,450.0
381578,32.455078,1.05771,0,182.91,0.43464466047944117,1.3,1.08,450.0
381579,32.464843,1.04159,0,182.91,0.4495288119950613,1.3,1.08,450.0
381580,32.474609,1.01811,0,182.91,0.4644144877453437,1.3,1.08,450.0
381581,32.484375,1.01623,0,182.91,0.47930016349562626,1.3,1.08,450.0
381582,32.495117,1.01603,0,182.91,0.4956734922800183,1.3,1.08,450.0
381583,32.504882,0.98142,0,182.91,0.5105576437956384,1.3,1.08,450.0
381584,32.514648,1.01334,0,182.91,0.5254433195459209,1.3,1.08,450.0
381585,32.524414,1.01342,0,182.91,0.5403289952962034,1.3,1.08,450.0
381586,32.530273,1.019,0,182.91,0.5492594862055408,1.3,1.08,450.0
381587,32.540039,1.01023,0,182.91,0.5641451619558233,1.3,1.08,450.0
381588,32.549804,1.02433,0,182.91,0.5790293134714434,1.3,1.08,450.0
381589,32.55957,1.03788,0,182.91,0.5939149892217259,1.3,1.08,450.0
381590,32.570312,1.00701,0,182.91,0.6102883180061179,1.3,1.08,450.0
381591,32.580078,1.03582,0,182.91,0.6251739937564004,1.3,1.08,450.0
381592,32.589843,1.00378,0,182.91,0.6400581452720205,1.3,1.08,450.0
381593,32.599609,1.03627,0,182.91,0.6549438210223031,1.3,1.08,450.0
381594,32.609375,1.00379,0,182.91,0.6698294967725855,1.3,1.08,450.0
381595,32.615234,1.07873,0,182.91,0.678759987681923,1.3,1.08,450.0
381596,32.625,0.96756,0,182.91,0.6936456634322055,1.3,1.08,450.0
381597,32.634765,1.04373,0,182.91,0.7085298149476523,1.3,1.08,450.0
381598,32.644531,1.01522,0,182.91,0.7234154906979348,1.3,1.08,450.0
381599,32.655273,1.1079,0,182.91,0.7397888194825001,1.3,1.08,450.0
381600,32.665039,1.04923,0,182.91,0.7546744952327826,1.3,1.08,450.0
381601,32.674804,1.11446,0,182.91,0.7695586467484027,1.3,1.08,450.0
381602,32.68457,1.01794,0,182.91,0.7844443224986851,1.3,1.08,450.0
381603,32.695312,1.05772,0,182.91,0.8008176512830772,1.3,1.08,450.0
381604,32.705078,1.03511,0,182.91,0.8157033270333597,1.3,1.08,450.0
381605,32.714843,1.02842,0,182.91,0.8305874785489799,1.3,1.08,450.0
381606,32.719726,1.07225,0,182.91,0.8380303164240345,1.3,1.08,450.0
381607,32.729492,1.03338,0,182.91,0.852915992174317,1.3,1.08,450.0
381608,32.740234,1.07785,0,182.91,0.8692893209588823,1.3,1.08,450.0
381609,32.75,0.98319,0,182.91,0.8841749967091648,1.3,1.08,450.0
381610,32.759765,1.05337,0,182.91,0.8990591482246116,1.3,1.08,450.0
381611,32.769531,1.06795,0,182.91,0.9139448239748941,1.3,1.08,450.0
381612,32.780273,1.07614,0,182.91,0.9303181527594594,1.3,1.08,450.0
381613,32.790039,1.03958,0,182.91,0.9452038285097419,1.3,1.08,450.0
381614,32.799804,1.10659,0,182.91,0.960087980025362,1.3,1.08,450.0
381615,32.80957,0.98107,0,182.91,0.9749736557756444,1.3,1.08,450.0
381616,32.820312,0.97207,0,182.91,0.9913469845600366,1.3,1.08,450.0
381617,32.825195,0.97668,0,182.91,0.9987898224352645,1.3,1.08,450.0
381618,32.834961,1.11805,0,182.91,0.013675498185373725,1.3,1.08,450.0
381619,32.844726,1.23621,0,182.91,0.028559649700993672,1.3,1.08,450.0
381620,32.854492,1.06348,0,182.91,0.04344532545127633,1.3,1.08,450.0
381621,32.865234,1.01694,0,182.91,0.05981865423584165,1.3,1.08,450.0
381622,32.875,1.0145,0,182.91,0.07470432998612386,1.3,1.08,450.0
381623,32.884765,1.20593,0,182.91,0.08958848150157106,1.3,1.08,450.0
381624,32.894531,1.42488,1,175.99,0.0,1.3,1.08,450.0
381625,32.905273,1.31723,0,175.99,0.015753815972991244,1.3,1.08,450.0
381626,32.910156,1.83109,0,175.99,0.02291504138678436,1.3,1.08,450.0
381627,32.919922,2.36352,0,175.99,0.037237492214537316,1.3,1.08,450.0
381628,32.929687,2.91876,0,175.99,0.051558476479645225,1.3,1.08,450.0
381629,32.939453,2.53026,0,175.99,0.06588092730739818,1.3,1.08,450.0
381630,32.950195,2.18147,0,175.99,0.08163474328038943,1.3,1.08,450.0
381631,32.959961,1.98223,0,175.99,0.09595719410797567,1.3,1.08,450.0
381632,32.969726,2.07892,0,175.99,0.11027817837308357,1.3,1.08,450.0
381633,32.979492,2.83348,0,175.99,0.12460062920083653,1.3,1.08,450.0
381634,32.990234,2.58928,0,175.99,0.14035444517382778,1.3,1.08,450.0
381635,33.0,1.97434,0,175.99,0.15467689600158074,1.3,1.08,450.0
381636,33.009765,2.03607,0,175.99,0.1689978802665219,1.3,1.08,450.0
381637,33.019531,3.13244,0,175.99,0.18332033109427487,1.3,1.08,450.0
381638,33.024414,1.33018,0,175.99,0.19048155650823473,1.3,1.08,450.0
381639,33.035156,1.02933,0,175.99,0.20623537248105925,1.3,1.08,450.0
381640,33.044922,0.70863,0,175.99,0.22055782330881218,1.3,1.08,450.0
381641,33.054687,0.66824,0,175.99,0.23487880757392007,1.3,1.08,450.0
381642,33.064453,0.89383,0,175.99,0.24920125840167306,1.3,1.08,450.0
381643,33.075195,0.98232,0,175.99,0.2649550743746643,1.3,1.08,450.0
381644,33.084961,0.95277,0,175.99,0.2792775252022505,1.3,1.08,450.0
381645,33.094726,0.86813,0,175.99,0.29359850946735844,1.3,1.08,450.0
381646,33.104492,0.91839,0,175.99,0.3079209602951114,1.3,1.08,450.0
381647,33.115234,1.13925,0,175.99,0.32367477626810265,1.3,1.08,450.0
381648,33.120117,1.30932,0,175.99,0.3308360016818958,1.3,1.08,450.0
381649,33.129882,1.37322,0,175.99,0.34515698594700367,1.3,1.08,450.0
381650,33.139648,1.34055,0,175.99,0.3594794367747566,1.3,1.08,450.0
381651,33.149414,1.21804,0,175.99,0.3738018876025096,1.3,1.08,450.0
381652,33.160156,1.08163,0,175.99,0.38955570357533414,1.3,1.08,450.0
381653,33.169922,0.99564,0,175.99,0.4038781544030871,1.3,1.08,450.0
381654,33.179687,0.99149,0,175.99,0.41819913866819497,1.3,1.08,450.0
381655,33.189453,1.07347,0,175.99,0.43252158949594793,1.3,1.08,450.0
381656,33.200195,1.14964,0,175.99,0.4482754054689392,1.3,1.08,450.0
381657,33.209961,1.2163,0,175.99,0.46259785629652544,1.3,1.08,450.0
381658,33.214843,1.24862,0,175.99,0.46975761514784015,1.3,1.08,450.0
381659,33.224609,1.26408,0,175.99,0.48408006597559317,1.3,1.08,450.0
381660,33.234375,1.3101,0,175.99,0.49840251680334613,1.3,1.08,450.0
381661,33.245117,1.33827,0,175.99,0.5141563327761707,1.3,1.08,450.0
381662,33.254882,1.45818,0,175.99,0.5284773170412785,1.3,1.08,450.0
381663,33.264648,1.60804,0,175.99,0.5427997678690315,1.3,1.08,450.0
381664,33.274414,1.71944,0,175.99,0.5571222186967845,1.3,1.08,450.0
381665,33.285156,1.85316,0,175.99,0.5728760346696089,1.3,1.08,450.0
381666,33.294922,1.99531,0,175.99,0.587198485497362,1.3,1.08,450.0
381667,33.304687,2.17738,0,175.99,0.6015194697624698,1.3,1.08,450.0
381668,33.314453,2.25756,0,175.99,0.6158419205902228,1.3,1.08,450.0
381669,33.320312,2.23951,0,175.99,0.6244345111492542,1.3,1.08,450.0
381670,33.330078,2.21861,0,175.99,0.6387569619770072,1.3,1.08,450.0
381671,33.339843,2.19151,0,175.99,0.6530779462421151,1.3,1.08,450.0
381672,33.349609,2.14624,0,175.99,0.667400397069868,1.3,1.08,450.0
381673,33.359375,2.10823,0,175.99,0.681722847897621,1.3,1.08,450.0
381674,33.370117,2.11599,0,175.99,0.6974766638704455,1.3,1.08,450.0
381675,33.379882,2.08013,0,175.99,0.7117976481355534,1.3,1.08,450.0
381676,33.389648,2.05089,0,175.99,0.7261200989633064,1.3,1.08,450.0
381677,33.399414,2.08577,0,175.99,0.7404425497910593,1.3,1.08,450.0
381678,33.405273,2.17027,0,175.99,0.7490351403500907,1.3,1.08,450.0
381679,33.415039,2.29233,0,175.99,0.7633575911778437,1.3,1.08,450.0
381680,33.424804,2.36182,0,175.99,0.7776785754429516,1.3,1.08,450.0
381681,33.43457,2.36778,0,175.99,0.7920010262707046,1.3,1.08,450.0
381682,33.445312,2.31291,0,175.99,0.8077548422435291,1.3,1.08,450.0
381683,33.455078,1.48425,0,175.99,0.822077293071282,1.3,1.08,450.0
381684,33.464843,1.15517,0,175.99,0.8363982773363899,1.3,1.08,450.0
381685,33.474609,3.03786,0,175.99,0.8507207281641429,1.3,1.08,450.0
381686,33.484375,2.00357,0,175.99,0.8650431789918959,1.3,1.08,450.0
381687,33.495117,0.91892,0,175.99,0.8807969949647204,1.3,1.08,450.0
381688,33.504882,0.83634,0,175.99,0.8951179792298283,1.3,1.08,450.0
381689,33.514648,2.60753,1,183.0,0.0,1.3,1.08,450.0
381690,33.524414,2.64625,0,183.0,0.01489292688956632,1.3,1.08,450.0
381691,33.530273,1.69522,0,183.0,0.02382776803698113,1.3,1.08,450.0
381692,33.540039,1.19876,0,183.0,0.03872069492654746,1.3,1.08,450.0
381693,33.549804,1.60819,0,183.0,0.05361209683896326,1.3,1.08,450.0
381694,33.55957,2.16194,0,183.0,0.06850502372852958,1.3,1.08,450.0
381695,33.570312,1.63576,0,183.0,0.08488632832064087,1.3,1.08,450.0
381696,33.580078,1.26234,0,183.0,0.09977925521020718,1.3,1.08,450.0
381697,33.589843,1.05494,0,183.0,0.11467065712262299,1.3,1.08,450.0
381698,33.599609,1.28544,0,183.0,0.12956358401218931,1.3,1.08,450.0
381699,33.609375,1.02134,0,183.0,0.14445651090175562,1.3,1.08,450.0
381700,33.615234,1.13517,0,183.0,0.15339135204917043,1.3,1.08,450.0
381701,33.625,1.12542,0,183.0,0.16828427893873676,1.3,1.08,450.0
381702,33.634765,1.11189,0,183.0,0.18317568085097918,1.3,1.08,450.0
381703,33.644531,1.0462,0,183.0,0.19806860774054552,1.3,1.08,450.0
381704,33.655273,1.09898,0,183.0,0.21444991233283017,1.3,1.08,450.0
381705,33.665039,1.12164,0,183.0,0.22934283922239648,1.3,1.08,450.0
381706,33.674804,1.13027,0,183.0,0.2442342411348123,1.3,1.08,450.0
381707,33.68457,1.06716,0,183.0,0.25912716802437863,1.3,1.08,450.0
381708,33.695312,0.99895,0,183.0,0.2755084726164899,1.3,1.08,450.0
381709,33.705078,1.07699,0,183.0,0.2904013995060562,1.3,1.08,450.0
381710,33.714843,0.96867,0,183.0,0.30529280141847204,1.3,1.08,450.0
381711,33.719726,1.02759,0,183.0,0.3127392648631685,1.3,1.08,450.0
381712,33.729492,0.97747,0,183.0,0.32763219175273484,1.3,1.08,450.0
381713,33.740234,1.05434,0,183.0,0.3440134963450195,1.3,1.08,450.0
381714,33.75,0.99258,0,183.0,0.3589064232345858,1.3,1.08,450.0
381715,33.759765,1.04801,0,183.0,0.37379782514682824,1.3,1.08,450.0
381716,33.769531,1.01735,0,183.0,0.3886907520363946,1.3,1.08,450.0
381717,33.780273,1.09833,0,183.0,0.40507205662867923,1.3,1.08,450.0
381718,33.790039,0.95581,0,183.0,0.41996498351824557,1.3,1.08,450.0
381719,33.799804,1.04221,0,183.0,0.43485638543066135,1.3,1.08,450.0
381720,33.80957,0.9656,0,183.0,0.4497493123202277,1.3,1.08,450.0
381721,33.820312,0.98054,0,183.0,0.4661306169123389,1.3,1.08,450.0
381722,33.825195,0.97603,0,183.0,0.4735770803572088,1.3,1.08,450.0
381723,33.834961,0.97881,0,183.0,0.4884700072466018,1.3,1.08,450.0
381724,33.844726,0.96443,0,183.0,0.5033614091590175,1.3,1.08,450.0
381725,33.854492,1.01595,0,183.0,0.5182543360485838,1.3,1.08,450.0
381726,33.865234,1.02776,0,183.0,0.5346356406408685,1.3,1.08,450.0
381727,33.875,1.08669,0,183.0,0.5495285675304349,1.3,1.08,450.0
381728,33.884765,1.11159,0,183.0,0.5644199694426774,1.3,1.08,450.0
381729,33.894531,1.08111,0,183.0,0.5793128963322436,1.3,1.08,450.0
381730,33.905273,1.09681,0,183.0,0.5956942009245283,1.3,1.08,450.0
381731,33.910156,1.05741,0,183.0,0.6031406643692248,1.3,1.08,450.0
381732,33.919922,1.08711,0,183.0,0.6180335912587911,1.3,1.08,450.0
381733,33.929687,1.07014,0,183.0,0.6329249931712069,1.3,1.08,450.0
381734,33.939453,1.08679,0,183.0,0.6478179200607731,1.3,1.08,450.0
381738,33.979492,1.01977,0,183.0,0.7088764803444328,1.3,1.08,450.0
381739,33.990234,0.96654,0,183.0,0.7252577849367176,1.3,1.08,450.0
381740,34.0,1.0097,0,183.0,0.7401507118262839,1.3,1.08,450.0
381741,34.009765,1.01005,0,183.0,0.7550421137385263,1.3,1.08,450.0
381742,34.019531,1.04112,0,183.0,0.7699350406280927,1.3,1.08,450.0
381743,34.024414,1.03741,0,183.0,0.7773815040729625,1.3,1.08,450.0
381744,34.035156,1.01758,0,183.0,0.7937628086650738,1.3,1.08,450.0
381745,34.044922,1.08,0,183.0,0.8086557355546401,1.3,1.08,450.0
381746,34.054687,1.06282,0,183.0,0.8235471374670559,1.3,1.08,450.0
381747,34.064453,1.07263,0,183.0,0.8384400643566222,1.3,1.08,450.0
381748,34.075195,1.05707,0,183.0,0.8548213689489068,1.3,1.08,450.0
381749,34.084961,1.09554,0,183.0,0.8697142958382998,1.3,1.08,450.0
381750,34.094726,1.07303,0,183.0,0.8846056977507157,1.3,1.08,450.0
381751,34.104492,1.00311,0,183.0,0.899498624640282,1.3,1.08,450.0
381752,34.115234,1.00564,0,183.0,0.9158799292325667,1.3,1.08,450.0
381753,34.120117,0.889,0,183.0,0.923326392677263,1.3,1.08,450.0
381754,34.129882,0.95249,0,183.0,0.9382177945896789,1.3,1.08,450.0
381755,34.139648,1.19189,0,183.0,0.9531107214792451,1.3,1.08,450.0
381756,34.149414,1.18684,0,183.0,0.9680036483688116,1.3,1.08,450.0
381757,34.160156,1.03988,0,183.0,0.9843849529609229,1.3,1.08,450.0
381758,34.169922,1.16664,0,183.0,0.9992778798504891,1.3,1.08,450.0
381759,34.179687,0.99035,0,183.0,0.014169281762904884,1.3,1.08,450.0
381760,34.189453,1.30694,1,180.93,0.0,1.3,1.08,450.0
381761,34.200195,1.15718,0,180.93,0.01619625187610958,1.3,1.08,450.0
381762,34.209961,1.21227,0,180.93,0.03092093962696792,1.3,1.08,450.0
381763,34.214843,1.08303,0,180.93,0.03828177575244421,1.3,1.08,450.0
381764,34.224609,1.43167,0,180.93,0.05300646350347397,1.3,1.08,450.0
381765,34.234375,1.8362,0,180.93,0.06773115125450373,1.3,1.08,450.0
381766,34.245117,2.51989,0,180.93,0.08392740313044188,1.3,1.08,450.0
381767,34.254882,2.71245,0,180.93,0.09865058313134735,1.3,1.08,450.0
381768,34.264648,2.87466,0,180.93,0.11337527088237712,1.3,1.08,450.0
381769,34.274414,2.73052,0,180.93,0.12809995863340687,1.3,1.08,450.0
381770,34.285156,2.38852,0,180.93,0.14429621050934502,1.3,1.08,450.0
381771,34.294922,2.03719,0,180.93,0.1590208982603748,1.3,1.08,450.0
381772,34.304687,1.91575,0,180.93,0.17374407826128024,1.3,1.08,450.0
381773,34.314453,1.73995,0,180.93,0.18846876601231,1.3,1.08,450.0
381774,34.320312,2.20268,0,180.93,0.197302674012819,1.3,1.08,450.0
381775,34.330078,2.37652,0,180.93,0.21202736176384876,1.3,1.08,450.0
381776,34.339843,2.46342,0,180.93,0.22675054176475423,1.3,1.08,450.0
381777,34.349609,1.24338,0,180.93,0.24147522951578398,1.3,1.08,450.0
381778,34.359375,0.92228,0,180.93,0.25619991726681374,1.3,1.08,450.0
381779,34.370117,0.67994,0,180.93,0.2723961691427519,1.3,1.08,450.0
381780,34.379882,0.57309,0,180.93,0.2871193491436574,1.3,1.08,450.0
381781,34.389648,0.62432,0,180.93,0.30184403689468714,1.3,1.08,450.0
381782,34.399414,0.82686,0,180.93,0.3165687246457169,1.3,1.08,450.0
381783,34.405273,1.13264,0,180.93,0.3254026326462258,1.3,1.08,450.0
381784,34.415039,1.3691,0,180.93,0.3401273203972556,1.3,1.08,450.0
381785,34.424804,1.45956,0,180.93,0.3548505003981611,1.3,1.08,450.0
381786,34.43457,1.44634,0,180.93,0.3695751881491908,1.3,1.08,450.0
381787,34.445312,1.33527,0,180.93,0.38577144002512903,1.3,1.08,450.0
381788,34.455078,1.14915,0,180.93,0.4004961277761588,1.3,1.08,450.0
381789,34.464843,0.99616,0,180.93,0.4152193077770642,1.3,1.08,450.0
381790,34.474609,0.90498,0,180.93,0.429943995528094,1.3,1.08,450.0
381791,34.484375,0.8693,0,180.93,0.44466868327912373,1.3,1.08,450.0
381792,34.495117,0.9348,0,180.93,0.4608649351550619,1.3,1.08,450.0
381793,34.504882,1.06577,0,180.93,0.4755881151559674,1.3,1.08,450.0
381794,34.514648,1.19199,0,180.93,0.49031280290699714,1.3,1.08,450.0
381795,34.519531,1.29408,0,180.93,0.4976751467824263,1.3,1.08,450.0
381796,34.530273,1.34134,0,180.93,0.5138713986585358,1.3,1.08,450.0
381797,34.540039,1.3149,0,180.93,0.5285960864095656,1.3,1.08,450.0
381798,34.549804,1.29613,0,180.93,0.5433192664104711,1.3,1.08,450.0
381799,34.55957,1.32831,0,180.93,0.5580439541615009,1.3,1.08,450.0
381800,34.570312,1.48729,0,180.93,0.574240206037439,1.3,1.08,450.0
381801,34.580078,1.67521,0,180.93,0.5889648937884687,1.3,1.08,450.0
381802,34.589843,1.85953,0,180.93,0.6036880737893743,1.3,1.08,450.0
381803,34.599609,1.99804,0,180.93,0.6184127615404039,1.3,1.08,450.0
381804,34.609375,2.06974,0,180.93,0.6331374492914338,1.3,1.08,450.0
381805,34.615234,2.09033,0,180.93,0.6419713572919428,1.3,1.08,450.0
381806,34.625,2.1072,0,180.93,0.6566960450429725,1.3,1.08,450.0
381807,34.634765,2.13472,0,180.93,0.6714192250437065,1.3,1.08,450.0
381808,34.644531,2.13008,0,180.93,0.6861439127947363,1.3,1.08,450.0
381809,34.655273,2.07985,0,180.93,0.7023401646708458,1.3,1.08,450.0
381810,34.665039,2.00459,0,180.93,0.7170648524218757,1.3,1.08,450.0
381811,34.674804,1.91782,0,180.93,0.7317880324227811,1.3,1.08,450.0
381812,34.68457,1.94105,0,180.93,0.7465127201738109,1.3,1.08,450.0
381813,34.695312,2.01017,0,180.93,0.762708972049749,1.3,1.08,450.0
381814,34.705078,2.03183,0,180.93,0.7774336598007788,1.3,1.08,450.0
381815,34.709961,2.06381,0,180.93,0.7847960036762079,1.3,1.08,450.0
381816,34.719726,2.19106,0,180.93,0.7995191836771134,1.3,1.08,450.0
381817,34.729492,2.28408,0,180.93,0.8142438714281431,1.3,1.08,450.0
381818,34.740234,2.2937,0,180.93,0.8304401233042528,1.3,1.08,450.0
381819,34.75,2.30911,0,180.93,0.8451648110552825,1.3,1.08,450.0
381820,34.759765,2.40206,0,180.93,0.8598879910560165,1.3,1.08,450.0
381821,34.769531,0.87466,0,180.93,0.8746126788070463,1.3,1.08,450.0
381822,34.780273,1.97283,1,189.8,0.0,1.3,1.08,450.0
381823,34.790039,2.9062,0,189.8,0.015446640280023178,1.3,1.08,450.0
381824,34.799804,1.38291,0,189.8,0.030891698884822006,1.3,1.08,450.0
381825,34.80957,0.64507,0,189.8,0.046338339164845185,1.3,1.08,450.0
381826,34.820312,1.74864,0,189.8,0.0633286944676102,1.3,1.08,450.0
381827,34.825195,2.64668,0,189.8,0.07105201460771168,1.3,1.08,450.0
381828,34.834961,1.97388,0,189.8,0.08649865488755505,1.3,1.08,450.0
381829,34.844726,1.19848,0,189.8,0.1019437134923539,1.3,1.08,450.0
381830,34.854492,1.19399,0,189.8,0.11739035377237707,1.3,1.08,450.0
381831,34.865234,1.75738,0,189.8,0.13438070907532187,1.3,1.08,450.0
381832,34.875,1.51222,0,189.8,0.14982734935534509,1.3,1.08,450.0
381833,34.884765,1.23648,0,189.8,0.16527240795996406,1.3,1.08,450.0
381834,34.894531,1.13809,0,189.8,0.18071904823998727,1.3,1.08,450.0
381835,34.905273,1.15393,0,189.8,0.1977094035429321,1.3,1.08,450.0
381836,34.910156,1.10095,0,189.8,0.20543272368285376,1.3,1.08,450.0
381837,34.919922,1.15871,0,189.8,0.22087936396287694,1.3,1.08,450.0
381838,34.929687,1.07035,0,189.8,0.23632442256767577,1.3,1.08,450.0
381839,34.939453,1.21273,0,189.8,0.25177106284769896,1.3,1.08,450.0
381840,34.950195,0.88731,0,189.8,0.26876141815064375,1.3,1.08,450.0
381841,34.959961,1.19687,0,189.8,0.2842080584304872,1.3,1.08,450.0
381842,34.969726,0.93606,0,189.8,0.29965311703528597,1.3,1.08,450.0
381843,34.979492,1.17802,0,189.8,0.31509975731530915,1.3,1.08,450.0
381844,34.990234,1.04904,0,189.8,0.332090112618254,1.3,1.08,450.0
381845,35.0,1.11812,0,189.8,0.3475367528982771,1.3,1.08,450.0
381846,35.009765,1.02544,0,189.8,0.3629818115028962,1.3,1.08,450.0
381847,35.014648,1.08067,0,189.8,0.3707051316429977,1.3,1.08,450.0
381848,35.024414,1.02723,0,189.8,0.38615177192302086,1.3,1.08,450.0
381849,35.035156,1.05573,0,189.8,0.4031421272257859,1.3,1.08,450.0
381850,35.044922,1.07225,0,189.8,0.41858876750580903,1.3,1.08,450.0
381851,35.054687,1.08215,0,189.8,0.43403382611060787,1.3,1.08,450.0
381852,35.064453,1.08019,0,189.8,0.44948046639063105,1.3,1.08,450.0
381853,35.075195,1.0387,0,189.8,0.46647082169357584,1.3,1.08,450.0
381854,35.084961,1.09394,0,189.8,0.4819174619734193,1.3,1.08,450.0
381855,35.094726,1.01789,0,189.8,0.49736252057821806,1.3,1.08,450.0
381856,35.104492,1.04449,0,189.8,0.5128091608582412,1.3,1.08,450.0
381857,35.115234,1.03788,0,189.8,0.529799516161186,1.3,1.08,450.0
381858,35.120117,1.02218,0,189.8,0.5375228363011078,1.3,1.08,450.0
381859,35.129882,1.0175,0,189.8,0.5529678949059066,1.3,1.08,450.0
381860,35.139648,1.06193,0,189.8,0.5684145351859298,1.3,1.08,450.0
381861,35.149414,0.93699,0,189.8,0.583861175465953,1.3,1.08,450.0
381862,35.160156,1.10239,0,189.8,0.600851530768718,1.3,1.08,450.0
381863,35.169922,0.93217,0,189.8,0.6162981710487412,1.3,1.08,450.0
381864,35.179687,1.02728,0,189.8,0.63174322965354,1.3,1.08,450.0
381865,35.189453,0.99676,0,189.8,0.6471898699335631,1.3,1.08,450.0
381866,35.200195,1.05078,0,189.8,0.664180225236508,1.3,1.08,450.0
381867,35.205078,1.02096,0,189.8,0.6719035453764296,1.3,1.08,450.0
381868,35.214843,1.04989,0,189.8,0.6873486039812284,1.3,1.08,450.0
381869,35.224609,1.02277,0,189.8,0.7027952442612516,1.3,1.08,450.0
381870,35.234375,1.01812,0,189.8,0.7182418845412748,1.3,1.08,450.0
381871,35.245117,1.04202,0,189.8,0.7352322398440398,1.3,1.08,450.0
381872,35.254882,1.0284,0,189.8,0.7506772984488387,1.3,1.08,450.0
381873,35.264648,1.03031,0,189.8,0.7661239387288619,1.3,1.08,450.0
381874,35.274414,1.02697,0,189.8,0.781570579008885,1.3,1.08,450.0
381875,35.285156,1.04558,0,189.8,0.7985609343116501,1.3,1.08,450.0
381876,35.294922,1.05051,0,189.8,0.8140075745916733,1.3,1.08,450.0
381877,35.304687,1.05599,0,189.8,0.8294526331964721,1.3,1.08,450.0
381878,35.314453,1.03987,0,189.8,0.8448992734764952,1.3,1.08,450.0
381879,35.320312,1.04538,0,189.8,0.8541663086393386,1.3,1.08,450.0
381880,35.330078,1.06503,0,189.8,0.8696129489193617,1.3,1.08,450.0
381881,35.339843,1.05658,0,189.8,0.8850580075241605,1.3,1.08,450.0
381882,35.349609,1.09226,0,189.8,0.9005046478041837,1.3,1.08,450.0
381883,35.359375,0.9743,0,189.8,0.9159512880842069,1.3,1.08,450.0
381884,35.370117,1.06723,0,189.8,0.9329416433869719,1.3,1.08,450.0
381885,35.379882,1.02223,0,189.8,0.9483867019917708,1.3,1.08,450.0
381886,35.389648,1.01375,0,189.8,0.963833342271794,1.3,1.08,450.0
381887,35.399414,1.05152,0,189.8,0.9792799825518171,1.3,1.08,450.0
381888,35.405273,1.01932,0,189.8,0.9885470177146605,1.3,1.08,450.0
381889,35.415039,0.97947,0,189.8,0.0039936579946835415,1.3,1.08,450.0
381890,35.424804,0.95686,0,189.8,0.019438716599482486,1.3,1.08,450.0
381891,35.43457,1.31784,1,187.24,0.0,1.3,1.08,450.0
381892,35.445312,1.20684,0,187.24,0.016761261479258313,1.3,1.08,450.0
381893,35.455078,1.12011,0,187.24,0.03199962301413322,1.3,1.08,450.0
381894,35.464843,1.02291,0,187.24,0.047236424200708275,1.3,1.08,450.0
381895,35.474609,1.08668,0,187.24,0.06247478573558318,1.3,1.08,450.0
381896,35.484375,1.04878,0,187.24,0.0777131472704581,1.3,1.08,450.0
381897,35.495117,1.08588,0,187.24,0.09447440874971641,1.3,1.08,450.0
381898,35.504882,1.01264,0,187.24,0.10971120993629145,1.3,1.08,450.0
381899,35.514648,1.3206,0,187.24,0.12494957147116637,1.3,1.08,450.0
381900,35.519531,1.65864,0,187.24,0.13256875223851514,1.3,1.08,450.0
381901,35.530273,2.35319,0,187.24,0.14933001371795082,1.3,1.08,450.0
381902,35.540039,2.75343,0,187.24,0.16456837525282572,1.3,1.08,450.0
381903,35.549804,2.90383,0,187.24,0.17980517643940078,1.3,1.08,450.0
381904,35.55957,2.20677,0,187.24,0.1950435379742757,1.3,1.08,450.0
381905,35.570312,1.74906,0,187.24,0.211804799453534,1.3,1.08,450.0
381906,35.580078,1.32226,0,187.24,0.2270431609884089,1.3,1.08,450.0
381907,35.589843,1.25132,0,187.24,0.24227996217498396,1.3,1.08,450.0
381908,35.599609,1.03545,0,187.24,0.2575183237098589,1.3,1.08,450.0
381909,35.609375,1.30305,0,187.24,0.2727566852447338,1.3,1.08,450.0
381910,35.615234,1.65268,0,187.24,0.2818987659566433,1.3,1.08,450.0
381911,35.625,1.68199,0,187.24,0.2971371274915182,1.3,1.08,450.0
381912,35.634765,3.30011,0,187.24,0.3123739286779159,1.3,1.08,450.0
381913,35.644531,3.25284,0,187.24,0.3276122902127908,1.3,1.08,450.0
381914,35.655273,2.56814,0,187.24,0.3443735516922265,1.3,1.08,450.0
381915,35.665039,1.80055,0,187.24,0.3596119132271014,1.3,1.08,450.0
381916,35.674804,1.21421,0,187.24,0.3748487144136765,1.3,1.08,450.0
381917,35.68457,0.89312,0,187.24,0.3900870759485514,1.3,1.08,450.0
381918,35.695312,0.74214,0,187.24,0.4068483374278097,1.3,1.08,450.0
381919,35.705078,0.59711,0,187.24,0.4220866989626846,1.3,1.08,450.0
381920,35.709961,0.56341,0,187.24,0.4297058797300333,1.3,1.08,450.0
381921,35.719726,0.65538,0,187.24,0.44494268091660844,1.3,1.08,450.0
381922,35.729492,0.75849,0,187.24,0.46018104245148334,1.3,1.08,450.0
381923,35.740234,1.00051,0,187.24,0.476942303930919,1.3,1.08,450.0
381924,35.75,1.17755,0,187.24,0.4921806654657939,1.3,1.08,450.0
381925,35.759765,1.2043,0,187.24,0.5074174666521916,1.3,1.08,450.0
381926,35.769531,1.13075,0,187.24,0.5226558281870665,1.3,1.08,450.0
381927,35.780273,0.94435,0,187.24,0.5394170896665021,1.3,1.08,450.0
381928,35.790039,0.85523,0,187.24,0.5546554512013772,1.3,1.08,450.0
381929,35.799804,0.83677,0,187.24,0.5698922523879522,1.3,1.08,450.0
381930,35.80957,0.89427,0,187.24,0.5851306139228271,1.3,1.08,450.0
381931,35.820312,0.99779,0,187.24,0.6018918754020853,1.3,1.08,450.0
381932,35.825195,1.09211,0,187.24,0.6095110561696114,1.3,1.08,450.0
381933,35.834961,1.13976,0,187.24,0.6247494177043091,1.3,1.08,450.0
381934,35.844726,1.20095,0,187.24,0.6399862188908841,1.3,1.08,450.0
381935,35.854492,1.29566,0,187.24,0.655224580425759,1.3,1.08,450.0
381936,35.865234,1.37986,0,187.24,0.6719858419051946,1.3,1.08,450.0
381937,35.875,1.46251,0,187.24,0.6872242034400696,1.3,1.08,450.0
381938,35.884765,1.62604,0,187.24,0.7024610046264673,1.3,1.08,450.0
381939,35.894531,1.77972,0,187.24,0.7176993661613422,1.3,1.08,450.0
381940,35.905273,1.92134,0,187.24,0.7344606276407778,1.3,1.08,450.0
381941,35.910156,1.99671,0,187.24,0.7420798084081267,1.3,1.08,450.0
381942,35.919922,2.00766,0,187.24,0.7573181699430016,1.3,1.08,450.0
381943,35.929687,2.00548,0,187.24,0.7725549711295766,1.3,1.08,450.0
381944,35.939453,2.00759,0,187.24,0.7877933326644515,1.3,1.08,450.0
381945,35.950195,2.0598,0,187.24,0.8045545941438872,1.3,1.08,450.0
381946,35.959961,2.18998,0,187.24,0.8197929556785848,1.3,1.08,450.0
381947,35.969726,2.23747,0,187.24,0.8350297568651598,1.3,1.08,450.0
381948,35.979492,2.20965,0,187.24,0.8502681184000347,1.3,1.08,450.0
381949,35.990234,2.09963,0,187.24,0.8670293798794704,1.3,1.08,450.0
381950,36.0,1.93117,0,187.24,0.8822677414143454,1.3,1.08,450.0
381951,36.009765,1.78704,0,187.24,0.897504542600743,1.3,1.08,450.0
381952,36.014648,1.78046,0,187.24,0.9051237233682692,1.3,1.08,450.0
381953,36.024414,1.86446,0,187.24,0.9203620849031441,1.3,1.08,450.0
381954,36.035156,1.93253,0,187.24,0.9371233463824024,1.3,1.08,450.0
381955,36.044922,1.94554,0,187.24,0.9523617079172773,1.3,1.08,450.0
381956,36.054687,1.89776,0,187.24,0.9675985091038524,1.3,1.08,450.0
381957,36.064453,1.8136,0,187.24,0.9828368706387273,1.3,1.08,450.0
381958,36.075195,1.77552,0,187.24,0.9995981321181628,1.3,1.08,450.0
381959,36.084961,1.47023,0,187.24,0.014836493652860439,1.3,1.08,450.0
381960,36.094726,1.07505,0,187.24,0.03007329483943555,1.3,1.08,450.0
381961,36.104492,2.52141,1,184.0,0.0,1.3,1.08,450.0
381962,36.115234,2.09586,0,184.0,0.016470637906676387,1.3,1.08,450.0
381963,36.120117,1.33424,0,184.0,0.023957709671440664,1.3,1.08,450.0
381964,36.129882,1.19601,0,184.0,0.03893031990772843,1.3,1.08,450.0
381965,36.139648,2.25778,0,184.0,0.05390446343743129,1.3,1.08,450.0
381966,36.149414,2.49828,0,184.0,0.06887860696713416,1.3,1.08,450.0
381967,36.160156,1.85878,0,184.0,0.08534924487363622,1.3,1.08,450.0
381968,36.169922,1.34497,0,184.0,0.10032338840333911,1.3,1.08,450.0
381969,36.179687,1.59699,0,184.0,0.11529599863962688,1.3,1.08,450.0
381970,36.189453,1.87769,0,184.0,0.13027014216932972,1.3,1.08,450.0
381971,36.200195,1.45692,0,184.0,0.14674078007600613,1.3,1.08,450.0
381972,36.205078,1.19135,0,184.0,0.1542278518407704,1.3,1.08,450.0
381973,36.214843,1.08849,0,184.0,0.16920046207705816,1.3,1.08,450.0
381974,36.224609,1.07344,0,184.0,0.18417460560676105,1.3,1.08,450.0
381975,36.234375,1.12362,0,184.0,0.1991487491364639,1.3,1.08,450.0
381976,36.245117,1.10142,0,184.0,0.21561938704296596,1.3,1.08,450.0
381977,36.254882,1.02489,0,184.0,0.23059199727925375,1.3,1.08,450.0
381978,36.264648,1.05234,0,184.0,0.2455661408089566,1.3,1.08,450.0
381979,36.274414,1.04988,0,184.0,0.26054028433865944,1.3,1.08,450.0
381980,36.285156,1.14601,0,184.0,0.27701092224516155,1.3,1.08,450.0
381981,36.294922,1.07663,0,184.0,0.2919850657748644,1.3,1.08,450.0
381982,36.304687,1.10668,0,184.0,0.3069576760111522,1.3,1.08,450.0
381983,36.314453,1.12767,0,184.0,0.32193181954085504,1.3,1.08,450.0
381984,36.320312,0.97377,0,184.0,0.3309153856825928,1.3,1.08,450.0
381985,36.330078,1.15259,0,184.0,0.3458895292122957,1.3,1.08,450.0
381986,36.339843,1.03654,0,184.0,0.3608621394485835,1.3,1.08,450.0
381987,36.349609,1.12987,0,184.0,0.37583628297828636,1.3,1.08,450.0
381988,36.359375,1.05744,0,184.0,0.3908104265079892,1.3,1.08,450.0
381989,36.370117,1.04811,0,184.0,0.40728106441449125,1.3,1.08,450.0
381990,36.379882,1.01407,0,184.0,0.42225367465077907,1.3,1.08,450.0
381991,36.389648,1.03547,0,184.0,0.4372278181804819,1.3,1.08,450.0
381992,36.399414,1.05195,0,184.0,0.4522019617101848,1.3,1.08,450.0
381993,36.405273,1.01964,0,184.0,0.46118552785192257,1.3,1.08,450.0
381994,36.415039,1.0152,0,184.0,0.47615967138162546,1.3,1.08,450.0
381995,36.424804,1.01285,0,184.0,0.4911322816179132,1.3,1.08,450.0
381996,36.43457,1.01369,0,184.0,0.5061064251476161,1.3,1.08,450.0
381997,36.445312,1.01341,0,184.0,0.5225770630541181,1.3,1.08,450.0
381998,36.455078,1.00495,0,184.0,0.537551206583821,1.3,1.08,450.0
381999,36.464843,1.0625,0,184.0,0.5525238168201088,1.3,1.08,450.0
382000,36.474609,1.01631,0,184.0,0.5674979603498116,1.3,1.08,450.0
382001,36.484375,1.04173,0,184.0,0.5824721038795145,1.3,1.08,450.0
382002,36.495117,1.0061,0,184.0,0.5989427417860166,1.3,1.08,450.0
382003,36.504882,1.05722,0,184.0,0.6139153520223044,1.3,1.08,450.0
382004,36.509765,1.03492,0,184.0,0.6214024237870687,1.3,1.08,450.0
382005,36.519531,1.05905,0,184.0,0.6363765673167715,1.3,1.08,450.0
382006,36.530273,1.00779,0,184.0,0.652847205223448,1.3,1.08,450.0
382007,36.540039,1.07634,0,184.0,0.6678213487531508,1.3,1.08,450.0
382008,36.549804,1.01298,0,184.0,0.6827939589894385,1.3,1.08,450.0
382009,36.55957,1.0399,0,184.0,0.6977681025191413,1.3,1.08,450.0
382010,36.570312,1.06017,0,184.0,0.7142387404256435,1.3,1.08,450.0
382011,36.580078,1.02789,0,184.0,0.7292128839553463,1.3,1.08,450.0
382012,36.589843,1.06078,0,184.0,0.744185494191634,1.3,1.08,450.0
382013,36.599609,1.0696,0,184.0,0.759159637721337,1.3,1.08,450.0
382014,36.609375,1.03578,0,184.0,0.7741337812510398,1.3,1.08,450.0
382015,36.615234,1.03273,0,184.0,0.7831173473927777,1.3,1.08,450.0
382016,36.625,1.04995,0,184.0,0.7980914909224806,1.3,1.08,450.0
382017,36.634765,1.0302,0,184.0,0.8130641011585938,1.3,1.08,450.0
382018,36.644531,1.08618,0,184.0,0.8280382446882968,1.3,1.08,450.0
382019,36.655273,1.03172,0,184.0,0.8445088825949731,1.3,1.08,450.0
382020,36.665039,1.03429,0,184.0,0.8594830261246761,1.3,1.08,450.0
382021,36.674804,1.0386,0,184.0,0.8744556363609638,1.3,1.08,450.0
382022,36.68457,1.0543,0,184.0,0.8894297798906667,1.3,1.08,450.0
382023,36.695312,1.03692,0,184.0,0.9059004177971688,1.3,1.08,450.0
382024,36.700195,1.09262,0,184.0,0.9133874895621074,1.3,1.08,450.0
382025,36.709961,0.94747,0,184.0,0.928361633091636,1.3,1.08,450.0
382026,36.719726,1.14162,0,184.0,0.9433342433279236,1.3,1.08,450.0
382027,36.729492,0.9027,0,184.0,0.9583083868576264,1.3,1.08,450.0
382028,36.740234,0.99049,0,184.0,0.9747790247643029,1.3,1.08,450.0
382029,36.75,1.16289,0,184.0,0.9897531682940058,1.3,1.08,450.0
382030,36.759765,1.24382,0,184.0,0.004725778530119351,1.3,1.08,450.0
382031,36.769531,1.04482,0,184.0,0.019699922059822184,1.3,1.08,450.0
382032,36.780273,1.05576,0,184.0,0.03617055996649854,1.3,1.08,450.0
382033,36.790039,1.05053,0,184.0,0.05114470349620137,1.3,1.08,450.0
382034,36.799804,1.15854,0,184.0,0.06611731373248908,1.3,1.08,450.0
382035,36.80957,1.13039,0,184.0,0.08109145726219213,1.3,1.08,450.0
382036,36.814453,1.22334,0,184.0,0.08857852902695629,1.3,1.08,450.0
382037,36.825195,1.34449,1,177.0,0.0,1.3,1.08,450.0
382038,36.834961,1.80528,0,177.0,0.014404749388384024,1.3,1.08,450.0
382039,36.844726,2.29224,0,177.0,0.02880802378724168,1.3,1.08,450.0
382040,36.854492,2.7523,0,177.0,0.04321277317579339,1.3,1.08,450.0
382041,36.865234,2.57072,0,177.0,0.05905711250943414,1.3,1.08,450.0
382042,36.875,2.22379,0,177.0,0.07346186189798586,1.3,1.08,450.0
382043,36.884765,1.85075,0,177.0,0.08786513629667582,1.3,1.08,450.0
382044,36.894531,1.3639,0,177.0,0.10226988568522753,1.3,1.08,450.0
382045,36.905273,1.2128,0,177.0,0.11811422501886829,1.3,1.08,450.0
382046,36.910156,1.25885,0,177.0,0.1253165997130603,1.3,1.08,450.0
382047,36.919922,1.76572,0,177.0,0.139721349101612,1.3,1.08,450.0
382048,36.929687,2.16663,0,177.0,0.15412462350046968,1.3,1.08,450.0
382049,36.939453,1.85275,0,177.0,0.1685293728890214,1.3,1.08,450.0
382050,36.950195,3.91868,0,177.0,0.18437371222266213,1.3,1.08,450.0
382051,36.959961,2.6998,0,177.0,0.19877846161104618,1.3,1.08,450.0
382052,36.969726,1.97621,0,177.0,0.2131817360099038,1.3,1.08,450.0
382053,36.979492,1.38228,0,177.0,0.22758648539845555,1.3,1.08,450.0
382054,36.990234,0.94538,0,177.0,0.2434308247320963,1.3,1.08,450.0
382055,36.995117,0.67102,0,177.0,0.2506331994262883,1.3,1.08,450.0
382056,37.004882,0.54068,0,177.0,0.26503647382514595,1.3,1.08,450.0
382057,37.014648,0.47313,0,177.0,0.27944122321369763,1.3,1.08,450.0
382058,37.024414,0.4696,0,177.0,0.2938459726022494,1.3,1.08,450.0
382059,37.035156,0.53589,0,177.0,0.30969031193572244,1.3,1.08,450.0
382060,37.044922,0.73513,0,177.0,0.3240950613242742,1.3,1.08,450.0
382061,37.054687,1.0066,0,177.0,0.3384983357231318,1.3,1.08,450.0
382062,37.064453,1.17639,0,177.0,0.3529030851116835,1.3,1.08,450.0
382063,37.075195,1.25314,0,177.0,0.36874742444532427,1.3,1.08,450.0
382064,37.084961,1.23423,0,177.0,0.3831521738337083,1.3,1.08,450.0
382065,37.094726,1.12574,0,177.0,0.397555448232566,1.3,1.08,450.0
382066,37.104492,1.063,0,177.0,0.41196019762111763,1.3,1.08,450.0
382067,37.115234,0.97581,0,177.0,0.4278045369547584,1.3,1.08,450.0
382068,37.120117,0.9518,0,177.0,0.43500691164895045,1.3,1.08,450.0
382069,37.129882,0.96403,0,177.0,0.4494101860478081,1.3,1.08,450.0
382070,37.139648,1.07564,0,177.0,0.46381493543635977,1.3,1.08,450.0
382071,37.149414,1.31779,0,177.0,0.4782196848249115,1.3,1.08,450.0
382072,37.160156,1.4953,0,177.0,0.4940640241583846,1.3,1.08,450.0
382073,37.169922,1.54583,0,177.0,0.5084687735469363,1.3,1.08,450.0
382074,37.179687,1.52827,0,177.0,0.522872047945794,1.3,1.08,450.0
382075,37.189453,1.57719,0,177.0,0.5372767973343457,1.3,1.08,450.0
382076,37.195312,1.72532,0,177.0,0.5459187619736267,1.3,1.08,450.0
382077,37.205078,1.90225,0,177.0,0.5603235113621784,1.3,1.08,450.0
382078,37.214843,2.03999,0,177.0,0.5747267857610361,1.3,1.08,450.0
382079,37.224609,2.14763,0,177.0,0.5891315351495877,1.3,1.08,450.0
382080,37.234375,2.22396,0,177.0,0.6035362845381395,1.3,1.08,450.0
382081,37.245117,2.27115,0,177.0,0.6193806238716125,1.3,1.08,450.0
382082,37.254882,2.31982,0,177.0,0.6337838982704702,1.3,1.08,450.0
382083,37.264648,2.37499,0,177.0,0.648188647659022,1.3,1.08,450.0
382084,37.274414,2.36892,0,177.0,0.6625933970475736,1.3,1.08,450.0
382085,37.285156,2.27068,0,177.0,0.6784377363810468,1.3,1.08,450.0
382086,37.294922,2.18202,0,177.0,0.6928424857695984,1.3,1.08,450.0
382087,37.304687,2.11728,0,177.0,0.7072457601684561,1.3,1.08,450.0
382088,37.30957,2.11217,0,177.0,0.7144481348628158,1.3,1.08,450.0
382089,37.320312,2.2252,0,177.0,0.730292474196289,1.3,1.08,450.0
382090,37.330078,2.34923,0,177.0,0.7446972235848405,1.3,1.08,450.0
382091,37.339843,2.38541,0,177.0,0.7591004979836983,1.3,1.08,450.0
382092,37.349609,2.35268,0,177.0,0.77350524737225,1.3,1.08,450.0
382093,37.359375,2.27878,0,177.0,0.7879099967608016,1.3,1.08,450.0
382094,37.370117,2.06341,0,177.0,0.8037543360942746,1.3,1.08,450.0
382095,37.379882,0.44503,0,177.0,0.8181576104931324,1.3,1.08,450.0
382096,37.389648,2.24484,1,191.24,0.0,1.3,1.08,450.0
382097,37.399414,2.5947,0,191.24,0.015563532134606966,1.3,1.08,450.0
382098,37.405273,1.18751,0,191.24,0.024900695228640544,1.3,1.08,450.0
382099,37.415039,0.80397,0,191.24,0.040464227363247514,1.3,1.08,450.0
382100,37.424804,1.54021,0,191.24,0.05602616585336387,1.3,1.08,450.0
382101,37.43457,2.42892,0,191.24,0.07158969798797084,1.3,1.08,450.0
382102,37.445312,2.19495,0,191.24,0.0887086271492173,1.3,1.08,450.0
382103,37.455078,1.35014,0,191.24,0.10427215928382427,1.3,1.08,450.0
382104,37.464843,1.72223,0,191.24,0.11983409777394063,1.3,1.08,450.0
382105,37.474609,1.55423,0,191.24,0.13539762990854762,1.3,1.08,450.0
382106,37.484375,1.53481,0,191.24,0.15096116204315457,1.3,1.08,450.0
382107,37.495117,1.21036,0,191.24,0.16808009120440104,1.3,1.08,450.0
382108,37.504882,1.23211,0,191.24,0.1836420296945174,1.3,1.08,450.0
382109,37.509765,1.1147,0,191.24,0.1914237957617303,1.3,1.08,450.0
382110,37.519531,1.19282,0,191.24,0.20698732789633728,1.3,1.08,450.0
382111,37.530273,1.16346,0,191.24,0.2241062570577649,1.3,1.08,450.0
382112,37.540039,1.1352,0,191.24,0.2396697891923719,1.3,1.08,450.0
382113,37.549804,1.08534,0,191.24,0.2552317276824882,1.3,1.08,450.0
382114,37.55957,1.10809,0,191.24,0.27079525981709524,1.3,1.08,450.0
382115,37.570312,1.11097,0,191.24,0.2879141889783417,1.3,1.08,450.0
382116,37.580078,1.10269,0,191.24,0.3034777211129487,1.3,1.08,450.0
382117,37.589843,1.12532,0,191.24,0.31903965960306496,1.3,1.08,450.0
382118,37.599609,1.09342,0,191.24,0.334603191737672,1.3,1.08,450.0
382119,37.609375,1.10814,0,191.24,0.35016672387227893,1.3,1.08,450.0
382120,37.615234,1.04169,0,191.24,0.35950388696631247,1.3,1.08,450.0
382121,37.625,1.04886,0,191.24,0.3750674191009195,1.3,1.08,450.0
382122,37.634765,1.01795,0,191.24,0.39062935759085465,1.3,1.08,450.0
382123,37.644531,1.01458,0,191.24,0.4061928897254616,1.3,1.08,450.0
382124,37.655273,1.04636,0,191.24,0.42331181888688924,1.3,1.08,450.0
382125,37.665039,1.01613,0,191.24,0.4388753510214963,1.3,1.08,450.0
382126,37.674804,0.94567,0,191.24,0.4544372895116126,1.3,1.08,450.0
382127,37.68457,1.0306,0,191.24,0.47000082164621954,1.3,1.08,450.0
382128,37.695312,0.89123,0,191.24,0.48711975080746606,1.3,1.08,450.0
382129,37.700195,1.1025,0,191.24,0.4949015168748601,1.3,1.08,450.0
382130,37.709961,0.90327,0,191.24,0.5104650490092859,1.3,1.08,450.0
382131,37.719726,1.05915,0,191.24,0.5260269874994022,1.3,1.08,450.0
382132,37.729492,0.9634,0,191.24,0.5415905196340093,1.3,1.08,450.0
382133,37.740234,1.02129,0,191.24,0.5587094487954368,1.3,1.08,450.0
382134,37.75,0.97162,0,191.24,0.5742729809300439,1.3,1.08,450.0
382135,37.759765,1.00043,0,191.24,0.5898349194199791,1.3,1.08,450.0
382136,37.769531,1.01987,0,191.24,0.605398451554586,1.3,1.08,450.0
382137,37.780273,1.02798,0,191.24,0.6225173807160136,1.3,1.08,450.0
382138,37.790039,1.02394,0,191.24,0.6380809128506206,1.3,1.08,450.0
382139,37.799804,1.0397,0,191.24,0.653642851340737,1.3,1.08,450.0
382140,37.80957,1.04609,0,191.24,0.669206383475344,1.3,1.08,450.0
382141,37.814453,1.07603,0,191.24,0.6769881495425569,1.3,1.08,450.0
382142,37.825195,1.0031,0,191.24,0.6941070787039845,1.3,1.08,450.0
382143,37.834961,1.09296,0,191.24,0.7096706108384102,1.3,1.08,450.0
382144,37.844726,1.02197,0,191.24,0.7252325493285265,1.3,1.08,450.0
382145,37.854492,1.04866,0,191.24,0.7407960814631337,1.3,1.08,450.0
382146,37.865234,1.00213,0,191.24,0.7579150106245612,1.3,1.08,450.0
382147,37.875,1.10877,0,191.24,0.7734785427591682,1.3,1.08,450.0
382148,37.884765,1.01611,0,191.24,0.7890404812491033,1.3,1.08,450.0
382149,37.894531,1.12088,0,191.24,0.8046040133837103,1.3,1.08,450.0
382150,37.905273,0.93368,0,191.24,0.821722942545138,1.3,1.08,450.0
382151,37.910156,1.09189,0,191.24,0.8295047086123509,1.3,1.08,450.0
382152,37.919922,1.03318,0,191.24,0.8450682407469579,1.3,1.08,450.0
382153,37.929687,1.11791,0,191.24,0.8606301792370742,1.3,1.08,450.0
382154,37.939453,1.04584,0,191.24,0.8761937113716811,1.3,1.08,450.0
382155,37.950195,1.10139,0,191.24,0.8933126405331089,1.3,1.08,450.0
382156,37.959961,1.0466,0,191.24,0.9088761726675346,1.3,1.08,450.0
382157,37.969726,1.0236,0,191.24,0.924438111157651,1.3,1.08,450.0
382158,37.979492,1.01058,0,191.24,0.9400016432922579,1.3,1.08,450.0
382159,37.990234,1.03895,0,191.24,0.9571205724536856,1.3,1.08,450.0
382160,38.0,1.0507,0,191.24,0.9726841045882926,1.3,1.08,450.0
382161,38.004882,0.95007,0,191.24,0.9804642770110148,1.3,1.08,450.0
382162,38.014648,0.98632,0,191.24,0.9960278091456218,1.3,1.08,450.0
382163,38.024414,0.98952,0,191.24,0.011591341280228873,1.3,1.08,450.0
382164,38.035156,1.17838,0,191.24,0.028710270441475227,1.3,1.08,450.0
382165,38.044922,1.22127,0,191.24,0.044273802576082266,1.3,1.08,450.0
382166,38.054687,1.08198,0,191.24,0.05983574106619871,1.3,1.08,450.0
382167,38.064453,1.06735,0,191.24,0.07539927320080553,1.3,1.08,450.0
382168,38.075195,1.07686,0,191.24,0.09251820236223307,1.3,1.08,450.0
382169,38.084961,1.25518,0,191.24,0.10808173449665892,1.3,1.08,450.0
382170,38.094726,1.03799,0,191.24,0.12364367298677537,1.3,1.08,450.0
382171,38.104492,1.15003,0,191.24,0.1392072051213824,1.3,1.08,450.0
382172,38.115234,1.25563,0,191.24,0.15632613428280995,1.3,1.08,450.0
382173,38.120117,1.50175,1,180.45,0.0,1.3,1.08,450.0
382174,38.129882,1.95345,0,180.45,0.01468441260090237,1.3,1.08,450.0
382175,38.139648,2.52405,0,180.45,0.0293703289818932,1.3,1.08,450.0
382176,38.149414,2.7149,0,180.45,0.04405624536288403,1.3,1.08,450.0
382177,38.160156,2.39824,0,180.45,0.06020985111380119,1.3,1.08,450.0
382178,38.169922,2.07107,0,180.45,0.07489576749479203,1.3,1.08,450.0
382179,38.179687,1.71528,0,180.45,0.08958018009569439,1.3,1.08,450.0
382180,38.189453,1.59698,0,180.45,0.10426609647668524,1.3,1.08,450.0
382181,38.195312,1.49013,0,180.45,0.11307674403719246,1.3,1.08,450.0
382182,38.205078,1.85723,0,180.45,0.1277626604181833,1.3,1.08,450.0
382183,38.214843,2.31478,0,180.45,0.14244707301908566,1.3,1.08,450.0
382184,38.224609,2.214,0,180.45,0.15713298940007647,1.3,1.08,450.0
382185,38.234375,3.76132,0,180.45,0.17181890578106734,1.3,1.08,450.0
382186,38.245117,2.43126,0,180.45,0.1879725115319845,1.3,1.08,450.0
382187,38.254882,1.56407,0,180.45,0.20265692413288686,1.3,1.08,450.0
382188,38.264648,0.84558,0,180.45,0.21734284051387767,1.3,1.08,450.0
382189,38.274414,0.47655,0,180.45,0.23202875689486854,1.3,1.08,450.0
382190,38.285156,0.49797,0,180.45,0.2481823626457857,1.3,1.08,450.0
382191,38.294922,0.49562,0,180.45,0.2628682790267765,1.3,1.08,450.0
382192,38.304687,0.5485,0,180.45,0.27755269162767887,1.3,1.08,450.0
382193,38.30957,0.69791,0,180.45,0.2848956498182598,1.3,1.08,450.0
382194,38.320312,1.05583,0,180.45,0.30104925556917694,1.3,1.08,450.0
382195,38.330078,1.48625,0,180.45,0.3157351719501678,1.3,1.08,450.0
382196,38.339843,1.82797,0,180.45,0.3304195845510701,1.3,1.08,450.0
382197,38.349609,1.75566,0,180.45,0.345105500932061,1.3,1.08,450.0
382198,38.359375,1.51281,0,180.45,0.3597914173130518,1.3,1.08,450.0
382199,38.370117,1.13243,0,180.45,0.375945023063969,1.3,1.08,450.0
382200,38.379882,0.85287,0,180.45,0.39062943566487135,1.3,1.08,450.0
382201,38.389648,0.75407,0,180.45,0.4053153520458622,1.3,1.08,450.0
382202,38.399414,0.77653,0,180.45,0.42000126842685304,1.3,1.08,450.0
382203,38.405273,0.90859,0,180.45,0.42881191598736024,1.3,1.08,450.0
382204,38.415039,1.12731,0,180.45,0.44349783236835105,1.3,1.08,450.0
382205,38.424804,1.37912,0,180.45,0.45818224496925347,1.3,1.08,450.0
382206,38.43457,1.48995,0,180.45,0.4728681613502443,1.3,1.08,450.0
382207,38.445312,1.48275,0,180.45,0.4890217671011614,1.3,1.08,450.0
382208,38.455078,1.36881,0,180.45,0.5037076834821523,1.3,1.08,450.0
382209,38.464843,1.31337,0,180.45,0.5183920960830546,1.3,1.08,450.0
382210,38.474609,1.38994,0,180.45,0.5330780124640454,1.3,1.08,450.0
382211,38.484375,1.59047,0,180.45,0.5477639288450363,1.3,1.08,450.0
382212,38.495117,1.76147,0,180.45,0.5639175345959534,1.3,1.08,450.0
382213,38.5,1.92505,0,180.45,0.5712604927865343,1.3,1.08,450.0
382214,38.509765,2.05338,0,180.45,0.5859449053872657,1.3,1.08,450.0
382215,38.519531,2.19907,0,180.45,0.6006308217682566,1.3,1.08,450.0
382216,38.530273,2.31511,0,180.45,0.6167844275193448,1.3,1.08,450.0
382217,38.540039,2.32591,0,180.45,0.6314703439003356,1.3,1.08,450.0
382218,38.549804,2.26484,0,180.45,0.6461547565012379,1.3,1.08,450.0
382219,38.55957,2.25043,0,180.45,0.6608406728822287,1.3,1.08,450.0
382220,38.570312,2.22666,0,180.45,0.6769942786331459,1.3,1.08,450.0
382221,38.580078,2.18803,0,180.45,0.6916801950141367,1.3,1.08,450.0
382222,38.589843,2.1817,0,180.45,0.7063646076150392,1.3,1.08,450.0
382223,38.599609,2.11366,0,180.45,0.72105052399603,1.3,1.08,450.0
382224,38.609375,2.05896,0,180.45,0.7357364403770208,1.3,1.08,450.0
382225,38.615234,2.1178,0,180.45,0.744547087937528,1.3,1.08,450.0
382226,38.625,2.28957,0,180.45,0.7592330043185188,1.3,1.08,450.0
382227,38.634765,2.42139,0,180.45,0.7739174169192502,1.3,1.08,450.0
382228,38.644531,2.47198,0,180.45,0.7886033333002411,1.3,1.08,450.0
382229,38.655273,2.48796,0,180.45,0.8047569390513292,1.3,1.08,450.0
382230,38.665039,1.71748,0,180.45,0.81944285543232,1.3,1.08,450.0
382231,38.674804,1.11477,0,180.45,0.8341272680332225,1.3,1.08,450.0
382232,38.68457,2.90503,0,180.45,0.8488131844142133,1.3,1.08,450.0
382233,38.695312,1.93746,0,180.45,0.8649667901651305,1.3,1.08,450.0
382234,38.700195,0.80034,0,180.45,0.8723097483557113,1.3,1.08,450.0
382235,38.709961,1.33939,1,189.65,0.0,1.3,1.08,450.0
382236,38.719726,2.45999,0,189.65,0.01543273746907064,1.3,1.08,450.0
382237,38.729492,2.15375,0,189.65,0.030867055351600583,1.3,1.08,450.0
382238,38.740234,1.41345,0,189.65,0.04784385677436184,1.3,1.08,450.0
382239,38.75,1.32955,0,189.65,0.06327817465689178,1.3,1.08,450.0
382240,38.759765,1.97648,0,189.65,0.07871091212578275,1.3,1.08,450.0
382241,38.769531,1.6273,0,189.65,0.0941452300083127,1.3,1.08,450.0
382242,38.780273,1.17887,0,189.65,0.11112203143107395,1.3,1.08,450.0
382243,38.790039,1.02641,0,189.65,0.12655634931360388,1.3,1.08,450.0
382244,38.799804,1.25926,0,189.65,0.14198908678267452,1.3,1.08,450.0
382245,38.804687,1.29809,0,189.65,0.1497062457238497,1.3,1.08,450.0
382246,38.814453,1.18531,0,189.65,0.1651405636063796,1.3,1.08,450.0
382247,38.825195,1.17112,0,189.65,0.1821173650291409,1.3,1.08,450.0
382248,38.834961,1.1424,0,189.65,0.19755168291149114,1.3,1.08,450.0
382249,38.844726,1.18271,0,189.65,0.21298442038056178,1.3,1.08,450.0
382250,38.854492,0.9947,0,189.65,0.2284187382630917,1.3,1.08,450.0
382251,38.865234,1.22487,0,189.65,0.24539553968585298,1.3,1.08,450.0
382252,38.875,0.98106,0,189.65,0.2608298575683829,1.3,1.08,450.0
382253,38.884765,1.1503,0,189.65,0.27626259503727385,1.3,1.08,450.0
382254,38.894531,1.05144,0,189.65,0.2916969129198038,1.3,1.08,450.0
382255,38.905273,1.08277,0,189.65,0.3086737143425651,1.3,1.08,450.0
382256,38.910156,1.03155,0,189.65,0.31639087328374027,1.3,1.08,450.0
382257,38.919922,1.05415,0,189.65,0.33182519116627013,1.3,1.08,450.0
382258,38.929687,1.02928,0,189.65,0.34725792863534083,1.3,1.08,450.0
382259,38.939453,1.03448,0,189.65,0.36269224651787074,1.3,1.08,450.0
382260,38.950195,1.00759,0,189.65,0.379669047940632,1.3,1.08,450.0
382261,38.959961,1.01594,0,189.65,0.3951033658229823,1.3,1.08,450.0
382262,38.969726,1.01506,0,189.65,0.4105361032920529,1.3,1.08,450.0
382263,38.979492,0.99574,0,189.65,0.42597042117458284,1.3,1.08,450.0
382264,38.990234,1.00847,0,189.65,0.44294722259734415,1.3,1.08,450.0
382265,38.995117,0.99067,0,189.65,0.4506643815385193,1.3,1.08,450.0
382266,39.004882,1.04399,0,189.65,0.4660971190075899,1.3,1.08,450.0
382267,39.014648,1.03153,0,189.65,0.48153143689011985,1.3,1.08,450.0
382268,39.024414,1.0368,0,189.65,0.4969657547726498,1.3,1.08,450.0
382269,39.035156,1.00764,0,189.65,0.5139425561952314,1.3,1.08,450.0
382270,39.044922,1.06519,0,189.65,0.5293768740777612,1.3,1.08,450.0
382271,39.054687,1.00652,0,189.65,0.5448096115468319,1.3,1.08,450.0
382272,39.064453,1.08985,0,189.65,0.5602439294293619,1.3,1.08,450.0
382273,39.075195,0.97768,0,189.65,0.5772207308521231,1.3,1.08,450.0
382274,39.084961,1.07195,0,189.65,0.5926550487344734,1.3,1.08,450.0
382275,39.094726,0.97445,0,189.65,0.6080877862035441,1.3,1.08,450.0
382276,39.104492,1.00557,0,189.65,0.623522104086074,1.3,1.08,450.0
382277,39.109375,0.99776,0,189.65,0.6312392630274287,1.3,1.08,450.0
382278,39.120117,1.06947,0,189.65,0.6482160644500105,1.3,1.08,450.0
382279,39.129882,1.03029,0,189.65,0.663648801919081,1.3,1.08,450.0
382280,39.139648,1.0597,0,189.65,0.679083119801611,1.3,1.08,450.0
382281,39.149414,0.99876,0,189.65,0.6945174376841409,1.3,1.08,450.0
382282,39.160156,0.98844,0,189.65,0.7114942391067225,1.3,1.08,450.0
382283,39.169922,1.04041,0,189.65,0.7269285569892524,1.3,1.08,450.0
382284,39.179687,1.00259,0,189.65,0.7423612944583231,1.3,1.08,450.0
382285,39.189453,1.08877,0,189.65,0.757795612340853,1.3,1.08,450.0
382286,39.195312,1.07973,0,189.65,0.7670552548222596,1.3,1.08,450.0
382287,39.205078,1.03666,0,189.65,0.7824895727047895,1.3,1.08,450.0
382288,39.214843,1.08086,0,189.65,0.7979223101738601,1.3,1.08,450.0
382289,39.224609,1.02985,0,189.65,0.81335662805639,1.3,1.08,450.0
382290,39.234375,1.06802,0,189.65,0.8287909459389199,1.3,1.08,450.0
382291,39.245117,1.07721,0,189.65,0.8457677473615015,1.3,1.08,450.0
382292,39.254882,1.06994,0,189.65,0.8612004848305722,1.3,1.08,450.0
382293,39.264648,1.02212,0,189.65,0.8766348027131021,1.3,1.08,450.0
382294,39.274414,1.07139,0,189.65,0.892069120595632,1.3,1.08,450.0
382295,39.285156,1.00905,0,189.65,0.9090459220182137,1.3,1.08,450.0
382296,39.294922,1.02301,0,189.65,0.9244802399007436,1.3,1.08,450.0
382297,39.299804,0.93661,0,189.65,0.9321958184286391,1.3,1.08,450.0
382298,39.30957,1.02246,0,189.65,0.947630136311169,1.3,1.08,450.0
382299,39.320312,1.05285,0,189.65,0.9646069377337506,1.3,1.08,450.0
382300,39.330078,1.23942,0,189.65,0.9800412556162805,1.3,1.08,450.0
382301,39.339843,1.17713,0,189.65,0.9954739930853512,1.3,1.08,450.0
382302,39.349609,1.05526,0,189.65,0.01090831096788114,1.3,1.08,450.0
382303,39.359375,1.09466,0,189.65,0.026342628850410943,1.3,1.08,450.0
382304,39.370117,1.07298,0,189.65,0.043319430272992676,1.3,1.08,450.0
382305,39.379882,1.19131,0,189.65,0.058752167742063266,1.3,1.08,450.0
382306,39.389648,0.97483,0,189.65,0.07418648562459329,1.3,1.08,450.0
382307,39.399414,1.14097,0,189.65,0.08962080350712331,1.3,1.08,450.0
382308,39.405273,1.19276,0,189.65,0.09888044598852974,1.3,1.08,450.0
382309,39.415039,1.6402,1,181.87,0.0,1.3,1.08,450.0
382310,39.424804,2.03898,0,181.87,0.014799455097927256,1.3,1.08,450.0
382311,39.43457,2.63889,0,181.87,0.029600425757048625,1.3,1.08,450.0
382312,39.445312,2.48934,0,181.87,0.045880584145245054,1.3,1.08,450.0
382313,39.455078,2.47019,0,181.87,0.060681554804366426,1.3,1.08,450.0
382314,39.464843,2.0089,0,181.87,0.07548100990229369,1.3,1.08,450.0
382315,39.474609,1.76336,0,181.87,0.09028198056141505,1.3,1.08,450.0
382316,39.484375,1.773,0,181.87,0.10508295122053643,1.3,1.08,450.0
382317,39.495117,2.12687,0,181.87,0.12136310960873285,1.3,1.08,450.0
382318,39.5,2.4784,0,181.87,0.1287635949383797,1.3,1.08,450.0
382319,39.509765,2.3163,0,181.87,0.14356305003613465,1.3,1.08,450.0
382320,39.519531,1.96411,0,181.87,0.158364020695256,1.3,1.08,450.0
382321,39.530273,4.03674,0,181.87,0.17464417908362473,1.3,1.08,450.0
382322,39.540039,1.6391,0,181.87,0.18944514974274612,1.3,1.08,450.0
382323,39.549804,1.2168,0,181.87,0.20424460484067336,1.3,1.08,450.0
382324,39.55957,0.86492,0,181.87,0.21904557549979475,1.3,1.08,450.0
382325,39.570312,0.76355,0,181.87,0.23532573388799116,1.3,1.08,450.0
382326,39.580078,0.59986,0,181.87,0.25012670454711255,1.3,1.08,450.0
382327,39.589843,0.61324,0,181.87,0.2649261596450398,1.3,1.08,450.0
382328,39.599609,0.84229,0,181.87,0.2797271303041612,1.3,1.08,450.0
382329,39.609375,1.18585,0,181.87,0.2945281009632825,1.3,1.08,450.0
382330,39.615234,1.61632,0,181.87,0.3034077740220044,1.3,1.08,450.0
382331,39.625,1.76573,0,181.87,0.3182087446811258,1.3,1.08,450.0
382332,39.634765,1.6749,0,181.87,0.33300819977888074,1.3,1.08,450.0
382333,39.644531,1.40744,0,181.87,0.34780917043800214,1.3,1.08,450.0
382334,39.655273,1.07086,0,181.87,0.36408932882637085,1.3,1.08,450.0
382335,39.665039,0.8938,0,181.87,0.37889029948549224,1.3,1.08,450.0
382336,39.674804,0.81684,0,181.87,0.3936897545834194,1.3,1.08,450.0
382337,39.68457,0.79209,0,181.87,0.4084907252425409,1.3,1.08,450.0
382338,39.695312,0.86773,0,181.87,0.4247708836307373,1.3,1.08,450.0
382339,39.700195,1.02482,0,181.87,0.4321713689603841,1.3,1.08,450.0
382340,39.709961,1.24002,0,181.87,0.4469723396193332,1.3,1.08,450.0
382341,39.719726,1.43434,0,181.87,0.46177179471726043,1.3,1.08,450.0
382342,39.729492,1.55347,0,181.87,0.4765727653763818,1.3,1.08,450.0
382343,39.740234,1.55811,0,181.87,0.4928529237647505,1.3,1.08,450.0
382344,39.75,1.51142,0,181.87,0.5076538944238719,1.3,1.08,450.0
382345,39.759765,1.52787,0,181.87,0.5224533495216268,1.3,1.08,450.0
382346,39.769531,1.64386,0,181.87,0.5372543201807483,1.3,1.08,450.0
382347,39.780273,1.79414,0,181.87,0.553534478569117,1.3,1.08,450.0
382348,39.790039,1.90421,0,181.87,0.5683354492282383,1.3,1.08,450.0
382349,39.799804,2.01015,0,181.87,0.5831349043261655,1.3,1.08,450.0
382350,39.804687,2.0988,0,181.87,0.5905353896556401,1.3,1.08,450.0
382351,39.814453,2.14617,0,181.87,0.6053363603147616,1.3,1.08,450.0
382352,39.825195,2.22356,0,181.87,0.6216165187031302,1.3,1.08,450.0
382353,39.834961,2.29344,0,181.87,0.6364174893620793,1.3,1.08,450.0
382354,39.844726,2.29571,0,181.87,0.6512169444600066,1.3,1.08,450.0
382355,39.854492,2.19243,0,181.87,0.6660179151191279,1.3,1.08,450.0
382356,39.865234,2.06245,0,181.87,0.6822980735074966,1.3,1.08,450.0
382357,39.875,1.95512,0,181.87,0.697099044166618,1.3,1.08,450.0
382358,39.884765,1.91039,0,181.87,0.711898499264373,1.3,1.08,450.0
382359,39.894531,1.87359,0,181.87,0.7266994699234943,1.3,1.08,450.0
382360,39.905273,1.90525,0,181.87,0.742979628311863,1.3,1.08,450.0
382361,39.910156,2.00151,0,181.87,0.7503801136413376,1.3,1.08,450.0
382362,39.919922,2.01614,0,181.87,0.765181084300459,1.3,1.08,450.0
382363,39.929687,1.97536,0,181.87,0.7799805393983862,1.3,1.08,450.0
382364,39.939453,1.89956,0,181.87,0.7947815100575076,1.3,1.08,450.0
382365,39.950195,1.86294,0,181.87,0.8110616684458763,1.3,1.08,450.0
382366,39.959961,1.83607,0,181.87,0.8258626391048254,1.3,1.08,450.0
382367,39.969726,1.2582,0,181.87,0.8406620942027526,1.3,1.08,450.0
382368,39.979492,1.46089,0,181.87,0.8554630648618741,1.3,1.08,450.0
382369,39.990234,2.46318,0,181.87,0.8717432232502428,1.3,1.08,450.0
382370,39.995117,1.71605,0,181.87,0.8791437085797172,1.3,1.08,450.0
382371,40.004882,1.17136,0,181.87,0.8939431636776445,1.3,1.08,450.0
382372,40.014648,1.42145,0,181.87,0.9087441343367659,1.3,1.08,450.0
382373,40.024414,2.65294,0,181.87,0.9235451049958873,1.3,1.08,450.0
382374,40.035156,2.54511,0,181.87,0.9398252633840837,1.3,1.08,450.0
382375,40.044922,1.70339,0,181.87,0.9546262340432051,1.3,1.08,450.0
382376,40.054687,0.99605,0,181.87,0.9694256891411324,1.3,1.08,450.0
382377,40.064453,1.13109,0,181.87,0.9842266598002537,1.3,1.08,450.0
382378,40.075195,1.96375,1,181.83,0.0,1.3,1.08,450.0
382379,40.084961,1.36234,0,181.83,0.014797971618461648,1.3,1.08,450.0
382380,40.094726,1.39992,0,181.83,0.0295944279829914,1.3,1.08,450.0
382381,40.099609,1.25776,0,181.83,0.03699341379239449,1.3,1.08,450.0
382382,40.109375,1.08582,0,181.83,0.05179138541102841,1.3,1.08,450.0
382383,40.120117,1.15116,0,181.83,0.06806824503894263,1.3,1.08,450.0
382384,40.129882,1.08829,0,181.83,0.08286470140347238,1.3,1.08,450.0
382385,40.139648,1.11679,0,181.83,0.09766267302210628,1.3,1.08,450.0
382386,40.149414,1.0244,0,181.83,0.1124606446407402,1.3,1.08,450.0
382387,40.160156,1.10493,0,181.83,0.12873750426865443,1.3,1.08,450.0
382388,40.169922,1.10342,0,181.83,0.14353547588728832,1.3,1.08,450.0
382389,40.179687,1.13138,0,181.83,0.15833193225181807,1.3,1.08,450.0
382390,40.189453,1.14141,0,181.83,0.17312990387045202,1.3,1.08,450.0
382391,40.195312,1.08341,0,181.83,0.1820077776891354,1.3,1.08,450.0
382392,40.205078,0.9664,0,181.83,0.1968057493077693,1.3,1.08,450.0
382393,40.214843,1.14432,0,181.83,0.21160220567229907,1.3,1.08,450.0
382394,40.224609,0.94692,0,181.83,0.22640017729093298,1.3,1.08,450.0
382395,40.234375,1.15878,0,181.83,0.24119814890956687,1.3,1.08,450.0
382396,40.245117,0.93827,0,181.83,0.2574750085374811,1.3,1.08,450.0
382397,40.254882,1.0864,0,181.83,0.2722714649020109,1.3,1.08,450.0
382398,40.264648,1.0278,0,181.83,0.2870694365206448,1.3,1.08,450.0
382399,40.274414,0.96984,0,181.83,0.3018674081392787,1.3,1.08,450.0
382400,40.285156,0.97894,0,181.83,0.3181442677671929,1.3,1.08,450.0
382401,40.294922,1.03844,0,181.83,0.33294223938582684,1.3,1.08,450.0
382402,40.299804,0.98831,0,181.83,0.3403397099411257,1.3,1.08,450.0
382403,40.30957,0.96844,0,181.83,0.35513768155975967,1.3,1.08,450.0
382404,40.320312,1.01707,0,181.83,0.37141454118767386,1.3,1.08,450.0
382405,40.330078,0.97674,0,181.83,0.3862125128063078,1.3,1.08,450.0
382406,40.339843,1.00344,0,181.83,0.40100896917083756,1.3,1.08,450.0
382407,40.349609,0.97311,0,181.83,0.41580694078947145,1.3,1.08,450.0
382408,40.359375,1.01926,0,181.83,0.4306049124081054,1.3,1.08,450.0
382409,40.370117,1.07361,0,181.83,0.4468817720360196,1.3,1.08,450.0
382410,40.379882,1.02276,0,181.83,0.46167822840054934,1.3,1.08,450.0
382411,40.389648,1.04637,0,181.83,0.4764762000191833,1.3,1.08,450.0
382412,40.399414,0.99425,0,181.83,0.4912741716378172,1.3,1.08,450.0
382413,40.405273,1.07659,0,181.83,0.5001520454565006,1.3,1.08,450.0
382414,40.415039,1.0543,0,181.83,0.5149500170751344,1.3,1.08,450.0
382415,40.424804,1.11592,0,181.83,0.5297464734396642,1.3,1.08,450.0
382416,40.43457,0.95487,0,181.83,0.5445444450582981,1.3,1.08,450.0
382417,40.445312,1.06278,0,181.83,0.5608213046862124,1.3,1.08,450.0
382418,40.455078,1.05152,0,181.83,0.5756192763048463,1.3,1.08,450.0
382419,40.464843,1.13848,0,181.83,0.5904157326693761,1.3,1.08,450.0
382420,40.474609,1.03732,0,181.83,0.6052137042880099,1.3,1.08,450.0
382421,40.484375,1.06682,0,181.83,0.6200116759066439,1.3,1.08,450.0
382422,40.490234,1.07979,0,181.83,0.6288895497253273,1.3,1.08,450.0
382423,40.5,1.05995,0,181.83,0.6436875213439612,1.3,1.08,450.0
382424,40.509765,1.04162,0,181.83,0.6584839777083187,1.3,1.08,450.0
382425,40.519531,1.06621,0,181.83,0.6732819493269526,1.3,1.08,450.0
382426,40.530273,1.09202,0,181.83,0.6895588089550391,1.3,1.08,450.0
382427,40.540039,1.0406,0,181.83,0.7043567805736729,1.3,1.08,450.0
382428,40.549804,1.05892,0,181.83,0.7191532369382028,1.3,1.08,450.0
382429,40.55957,0.99975,0,181.83,0.7339512085568367,1.3,1.08,450.0
382430,40.570312,1.05574,0,181.83,0.7502280681847509,1.3,1.08,450.0
382431,40.580078,1.01963,0,181.83,0.7650260398033848,1.3,1.08,450.0
382432,40.589843,1.07341,0,181.83,0.7798224961679145,1.3,1.08,450.0
382433,40.599609,1.01575,0,181.83,0.7946204677865485,1.3,1.08,450.0
382434,40.604492,1.0793,0,181.83,0.8020194535957793,1.3,1.08,450.0
382435,40.615234,0.85894,0,181.83,0.8182963132238658,1.3,1.08,450.0
382436,40.625,1.07718,0,181.83,0.8330942848424996,1.3,1.08,450.0
382437,40.634765,1.26504,0,181.83,0.8478907412068571,1.3,1.08,450.0
382438,40.644531,1.263,0,181.83,0.8626887128254911,1.3,1.08,450.0
382439,40.655273,1.05278,0,181.83,0.8789655724535775,1.3,1.08,450.0
382440,40.665039,1.01752,0,181.83,0.8937635440722115,1.3,1.08,450.0
382441,40.674804,1.04232,0,181.83,0.9085600004367412,1.3,1.08,450.0
382442,40.68457,1.1341,0,181.83,0.9233579720553752,1.3,1.08,450.0
382443,40.695312,1.13337,0,181.83,0.9396348316832893,1.3,1.08,450.0
382444,40.700195,1.23898,0,181.83,0.9470338174926926,1.3,1.08,450.0
382445,40.709961,1.58373,1,184.72,0.0,1.3,1.08,450.0
382446,40.719726,2.18384,0,184.72,0.015031322491152943,1.3,1.08,450.0
382447,40.729492,2.80598,0,184.72,0.030064184288240668,1.3,1.08,450.0
382448,40.740234,2.88077,0,184.72,0.0465994086815288,1.3,1.08,450.0
382449,40.75,2.52173,0,184.72,0.061632270478616524,1.3,1.08,450.0
382450,40.759765,2.51929,0,184.72,0.07666359296959446,1.3,1.08,450.0
382451,40.769531,1.89102,0,184.72,0.09169645476668219,1.3,1.08,450.0
382452,40.780273,2.86047,0,184.72,0.10823167915997031,1.3,1.08,450.0
382453,40.790039,3.00462,0,184.72,0.12326454095705805,1.3,1.08,450.0
382454,40.794922,2.48723,0,184.72,0.13078097185551443,1.3,1.08,450.0
382455,40.804687,1.96055,0,184.72,0.14581229434666734,1.3,1.08,450.0
382456,40.814453,3.21823,0,184.72,0.16084515614375508,1.3,1.08,450.0
382457,40.825195,1.37898,0,184.72,0.17738038053704322,1.3,1.08,450.0
382458,40.834961,1.28804,0,184.72,0.19241324233395593,1.3,1.08,450.0
382459,40.844726,1.05742,0,184.72,0.2074445648251089,1.3,1.08,450.0
382460,40.854492,0.90108,0,184.72,0.2224774266221966,1.3,1.08,450.0
382461,40.865234,0.79664,0,184.72,0.23901265101548475,1.3,1.08,450.0
382462,40.875,0.84178,0,184.72,0.2540455128125725,1.3,1.08,450.0
382463,40.884765,0.93289,0,184.72,0.26907683530355037,1.3,1.08,450.0
382464,40.894531,1.03908,0,184.72,0.28410969710063816,1.3,1.08,450.0
382465,40.905273,1.18159,0,184.72,0.3006449214939263,1.3,1.08,450.0
382466,40.910156,1.31879,0,184.72,0.3081613523923826,1.3,1.08,450.0
382467,40.919922,1.50732,0,184.72,0.32319421418947036,1.3,1.08,450.0
382468,40.929687,1.6098,0,184.72,0.3382255366806233,1.3,1.08,450.0
382469,40.939453,1.50006,0,184.72,0.353258398477711,1.3,1.08,450.0
382470,40.950195,1.33216,0,184.72,0.36979362287099915,1.3,1.08,450.0
382471,40.959961,1.11337,0,184.72,0.38482648466791186,1.3,1.08,450.0
382472,40.969726,0.98228,0,184.72,0.3998578071590648,1.3,1.08,450.0
382473,40.979492,0.95262,0,184.72,0.41489066895615256,1.3,1.08,450.0
382474,40.990234,1.04102,0,184.72,0.4314258933494407,1.3,1.08,450.0
382475,40.995117,1.18084,0,184.72,0.43894232424789703,1.3,1.08,450.0
382476,41.004882,1.3343,0,184.72,0.45397364673905,1.3,1.08,450.0
382477,41.014648,1.42867,0,184.72,0.46900650853613773,1.3,1.08,450.0
382478,41.024414,1.48867,0,184.72,0.48403937033322547,1.3,1.08,450.0
382479,41.035156,1.4853,0,184.72,0.5005745947263386,1.3,1.08,450.0
382480,41.044922,1.51539,0,184.72,0.5156074565234263,1.3,1.08,450.0
382481,41.054687,1.60158,0,184.72,0.5306387790145792,1.3,1.08,450.0
382482,41.064453,1.74071,0,184.72,0.545671640811667,1.3,1.08,450.0
382483,41.075195,1.94909,0,184.72,0.5622068652049551,1.3,1.08,450.0
382484,41.084961,2.20213,0,184.72,0.5772397270018678,1.3,1.08,450.0
382485,41.094726,2.39849,0,184.72,0.5922710494930208,1.3,1.08,450.0
382486,41.099609,2.51878,0,184.72,0.5997874803916522,1.3,1.08,450.0
382487,41.109375,2.52813,0,184.72,0.6148203421887398,1.3,1.08,450.0
382488,41.120117,2.42827,0,184.72,0.631355566581853,1.3,1.08,450.0
382489,41.129882,2.36581,0,184.72,0.6463868890730059,1.3,1.08,450.0
382490,41.139648,2.35269,0,184.72,0.6614197508700936,1.3,1.08,450.0
382491,41.149414,2.2876,0,184.72,0.6764526126671815,1.3,1.08,450.0
382492,41.160156,2.20481,0,184.72,0.6929878370602945,1.3,1.08,450.0
382493,41.169922,2.17718,0,184.72,0.7080206988573823,1.3,1.08,450.0
382494,41.179687,2.27048,0,184.72,0.7230520213485352,1.3,1.08,450.0
382495,41.189453,2.4443,0,184.72,0.7380848831456229,1.3,1.08,450.0
382496,41.195312,2.54908,0,184.72,0.7471036766402797,1.3,1.08,450.0
382497,41.205078,2.53515,0,184.72,0.7621365384373674,1.3,1.08,450.0
382498,41.214843,2.46655,0,184.72,0.7771678609285203,1.3,1.08,450.0
382499,41.224609,2.26004,0,184.72,0.7922007227256082,1.3,1.08,450.0
382500,41.234375,0.66908,0,184.72,0.8072335845226958,1.3,1.08,450.0
382501,41.245117,2.39909,1,200.52,0.0,1.3,1.08,450.0
382502,41.254882,2.71194,0,200.52,0.016317599824072552,1.3,1.08,450.0
382503,41.264648,1.16336,0,200.52,0.03263687067730873,1.3,1.08,450.0
382504,41.274414,0.56085,0,200.52,0.048956141530544915,1.3,1.08,450.0
382505,41.285156,1.79649,0,200.52,0.06690633685147354,1.3,1.08,450.0
382506,41.290039,2.54254,0,200.52,0.07506597227818662,1.3,1.08,450.0
382507,41.299804,1.87798,0,200.52,0.09138357210225917,1.3,1.08,450.0
382508,41.30957,1.22542,0,200.52,0.10770284295549536,1.3,1.08,450.0
382509,41.320312,1.15889,0,200.52,0.125653038276424,1.3,1.08,450.0
382510,41.330078,1.40418,0,200.52,0.14197230912966016,1.3,1.08,450.0
382511,41.339843,1.63174,0,200.52,0.1582899089537327,1.3,1.08,450.0
382512,41.349609,1.92971,0,200.52,0.1746091798069689,1.3,1.08,450.0
382513,41.359375,0.95771,0,200.52,0.19092845066020508,1.3,1.08,450.0
382514,41.370117,1.19166,0,200.52,0.20887864598113373,1.3,1.08,450.0
382515,41.379882,1.19821,0,200.52,0.22519624580520628,1.3,1.08,450.0
382516,41.389648,1.24007,0,200.52,0.24151551665844245,1.3,1.08,450.0
382517,41.399414,0.91712,0,200.52,0.25783478751167865,1.3,1.08,450.0
382518,41.405273,1.21954,0,200.52,0.2676253474060842,1.3,1.08,450.0
382519,41.415039,1.02443,0,200.52,0.2839446182593203,1.3,1.08,450.0
382520,41.424804,1.19515,0,200.52,0.30026221808339293,1.3,1.08,450.0
382521,41.43457,1.22086,0,200.52,0.3165814889366291,1.3,1.08,450.0
382522,41.445312,1.10364,0,200.52,0.3345316842575577,1.3,1.08,450.0
382523,41.455078,1.16671,0,200.52,0.35085095511079395,1.3,1.08,450.0
382524,41.464843,1.09223,0,200.52,0.36716855493486644,1.3,1.08,450.0
382525,41.474609,1.05682,0,200.52,0.38348782578810264,1.3,1.08,450.0
382526,41.484375,1.0525,0,200.52,0.3998070966413388,1.3,1.08,450.0
382527,41.490234,1.02865,0,200.52,0.40959765653574437,1.3,1.08,450.0
382528,41.5,1.0558,0,200.52,0.4259169273889805,1.3,1.08,450.0
382529,41.509765,1.10564,0,200.52,0.4422345272128631,1.3,1.08,450.0
382530,41.519531,1.01185,0,200.52,0.4585537980660993,1.3,1.08,450.0
382531,41.530273,1.00762,0,200.52,0.4765039933872179,1.3,1.08,450.0
382532,41.540039,1.01551,0,200.52,0.4928232642404541,1.3,1.08,450.0
382533,41.549804,1.05902,0,200.52,0.5091408640645266,1.3,1.08,450.0
382534,41.55957,0.97831,0,200.52,0.5254601349177628,1.3,1.08,450.0
382535,41.570312,1.05316,0,200.52,0.5434103302386915,1.3,1.08,450.0
382536,41.580078,0.99245,0,200.52,0.5597296010919276,1.3,1.08,450.0
382537,41.589843,1.00705,0,200.52,0.5760472009160001,1.3,1.08,450.0
382538,41.599609,1.0124,0,200.52,0.5923664717692364,1.3,1.08,450.0
382539,41.604492,1.00668,0,200.52,0.6005261071957595,1.3,1.08,450.0
382540,41.615234,1.00001,0,200.52,0.6184763025168781,1.3,1.08,450.0
382541,41.625,1.07282,0,200.52,0.6347955733701143,1.3,1.08,450.0
382542,41.634765,0.97504,0,200.52,0.6511131731939969,1.3,1.08,450.0
382543,41.644531,1.05332,0,200.52,0.667432444047233,1.3,1.08,450.0
382544,41.655273,1.01381,0,200.52,0.6853826393683515,1.3,1.08,450.0
382545,41.665039,1.05631,0,200.52,0.7017019102215879,1.3,1.08,450.0
382546,41.674804,1.04845,0,200.52,0.7180195100456603,1.3,1.08,450.0
382547,41.68457,1.01011,0,200.52,0.7343387808988966,1.3,1.08,450.0
382548,41.695312,1.01776,0,200.52,0.7522889762198252,1.3,1.08,450.0
382549,41.700195,0.99343,0,200.52,0.7604486116465382,1.3,1.08,450.0
382550,41.709961,1.04987,0,200.52,0.7767678824995844,1.3,1.08,450.0
382551,41.719726,1.02737,0,200.52,0.7930854823236569,1.3,1.08,450.0
382552,41.729492,1.09947,0,200.52,0.8094047531768932,1.3,1.08,450.0
382553,41.740234,0.98077,0,200.52,0.8273549484980118,1.3,1.08,450.0
382554,41.75,1.06143,0,200.52,0.843674219351248,1.3,1.08,450.0
382555,41.759765,1.02223,0,200.52,0.8599918191751306,1.3,1.08,450.0
382556,41.769531,1.0123,0,200.52,0.8763110900283667,1.3,1.08,450.0
382557,41.780273,1.03603,0,200.52,0.8942612853494853,1.3,1.08,450.0
382558,41.790039,1.0822,0,200.52,0.9105805562027215,1.3,1.08,450.0
382559,41.794922,1.01385,0,200.52,0.9187401916292447,1.3,1.08,450.0
382560,41.804687,1.14331,0,200.52,0.9350577914533172,1.3,1.08,450.0
382561,41.814453,1.06052,0,200.52,0.9513770623065534,1.3,1.08,450.0
382562,41.825195,1.07094,0,200.52,0.969327257627672,1.3,1.08,450.0
382563,41.834961,1.07155,0,200.52,0.9856465284807182,1.3,1.08,450.0
382564,41.844726,1.043,0,200.52,0.0019641283047906466,1.3,1.08,450.0
382565,41.854492,1.0573,0,200.52,0.018283399158026903,1.3,1.08,450.0
382566,41.865234,0.98998,0,200.52,0.036233594479145426,1.3,1.08,450.0
382567,41.875,1.02134,0,200.52,0.05255286533238168,1.3,1.08,450.0
382568,41.884765,0.94499,0,200.52,0.06887046515626438,1.3,1.08,450.0
382569,41.894531,0.99247,0,200.52,0.08518973600950042,1.3,1.08,450.0
382570,41.905273,1.08216,0,200.52,0.10313993133061916,1.3,1.08,450.0
382571,41.910156,1.18993,0,200.52,0.11129956675714214,1.3,1.08,450.0
382572,41.919922,1.13863,0,200.52,0.1276188376103784,1.3,1.08,450.0
382573,41.929687,1.02059,0,200.52,0.14393643743445095,1.3,1.08,450.0
382574,41.939453,1.09965,0,200.52,0.16025570828768698,1.3,1.08,450.0
382575,41.950195,1.07747,0,200.52,0.17820590360880573,1.3,1.08,450.0
382576,41.959961,1.16378,0,200.52,0.1945251744618519,1.3,1.08,450.0
382577,41.969726,1.0198,0,200.52,0.21084277428592446,1.3,1.08,450.0
382578,41.979492,1.37684,1,185.68,0.0,1.3,1.08,450.0
382579,41.990234,1.46692,0,185.68,0.016621078894826176,1.3,1.08,450.0
382580,41.995117,2.63744,0,185.68,0.02417653674645737,1.3,1.08,450.0
382581,42.004882,3.05309,0,185.68,0.0392859051515478,1.3,1.08,450.0
382582,42.014648,3.09733,0,185.68,0.054396820854986094,1.3,1.08,450.0
382583,42.024414,2.45661,0,185.68,0.06950773655842439,1.3,1.08,450.0
382584,42.035156,2.21703,0,185.68,0.08612881545307466,1.3,1.08,450.0
382585,42.044922,1.55403,0,185.68,0.10123973115651295,1.3,1.08,450.0
382586,42.054687,1.44585,0,185.68,0.11634909956160339,1.3,1.08,450.0
382587,42.064453,2.52271,0,185.68,0.13146001526504167,1.3,1.08,450.0
382588,42.075195,2.79456,0,185.68,0.14808109415986784,1.3,1.08,450.0
382589,42.084961,2.25542,0,185.68,0.16319200986313023,1.3,1.08,450.0
382590,42.094726,3.65842,0,185.68,0.17830137826822065,1.3,1.08,450.0
382591,42.099609,3.32006,0,185.68,0.18585683612002776,1.3,1.08,450.0
382592,42.109375,1.28808,0,185.68,0.20096775182346607,1.3,1.08,450.0
382593,42.120117,0.91101,0,185.68,0.21758883071811633,1.3,1.08,450.0
382594,42.129882,0.87158,0,185.68,0.23269819912320677,1.3,1.08,450.0
382595,42.139648,0.73191,0,185.68,0.24780911482664505,1.3,1.08,450.0
382596,42.149414,0.52815,0,185.68,0.26292003053008334,1.3,1.08,450.0
382597,42.160156,0.57071,0,185.68,0.2795411094247336,1.3,1.08,450.0
382598,42.169922,0.81916,0,185.68,0.2946520251281719,1.3,1.08,450.0
382599,42.179687,1.14058,0,185.68,0.3097613935332623,1.3,1.08,450.0
382600,42.189453,1.44297,0,185.68,0.32487230923670063,1.3,1.08,450.0
382601,42.195312,1.59407,0,185.68,0.3339379302797197,1.3,1.08,450.0
382602,42.205078,1.55769,0,185.68,0.349048845983158,1.3,1.08,450.0
382603,42.214843,1.39501,0,185.68,0.3641582143882484,1.3,1.08,450.0
382604,42.224609,1.18394,0,185.68,0.3792691300916867,1.3,1.08,450.0
382605,42.234375,1.06884,0,185.68,0.39438004579512503,1.3,1.08,450.0
382606,42.245117,1.01023,0,185.68,0.4110011246897753,1.3,1.08,450.0
382607,42.254882,0.99092,0,185.68,0.4261104930948657,1.3,1.08,450.0
382608,42.264648,1.00921,0,185.68,0.441221408798304,1.3,1.08,450.0
382609,42.274414,1.10468,0,185.68,0.4563323245017423,1.3,1.08,450.0
382610,42.285156,1.25901,0,185.68,0.4729534033963926,1.3,1.08,450.0
382611,42.290039,1.44094,0,185.68,0.48050886124819964,1.3,1.08,450.0
382612,42.299804,1.52874,0,185.68,0.4956182296532901,1.3,1.08,450.0
382613,42.30957,1.52693,0,185.68,0.5107291453567284,1.3,1.08,450.0
382614,42.320312,1.43875,0,185.68,0.5273502242513787,1.3,1.08,450.0
382615,42.330078,1.45955,0,185.68,0.5424611399548169,1.3,1.08,450.0
382616,42.339843,1.65318,0,185.68,0.5575705083599074,1.3,1.08,450.0
382617,42.349609,1.87778,0,185.68,0.5726814240633457,1.3,1.08,450.0
382618,42.359375,2.06007,0,185.68,0.587792339766784,1.3,1.08,450.0
382619,42.370117,2.29299,0,185.68,0.6044134186614342,1.3,1.08,450.0
382620,42.379882,2.46824,0,185.68,0.6195227870665246,1.3,1.08,450.0
382621,42.389648,2.56626,0,185.68,0.6346337027699629,1.3,1.08,450.0
382622,42.399414,2.57317,0,185.68,0.6497446184734013,1.3,1.08,450.0
382623,42.405273,2.39332,0,185.68,0.6588102395164204,1.3,1.08,450.0
382624,42.415039,2.18802,0,185.68,0.6739211552198586,1.3,1.08,450.0
382625,42.424804,2.0882,0,185.68,0.689030523624949,1.3,1.08,450.0
382626,42.43457,2.00128,0,185.68,0.7041414393283874,1.3,1.08,450.0
382627,42.445312,1.96848,0,185.68,0.7207625182230377,1.3,1.08,450.0
382628,42.455078,1.99145,0,185.68,0.735873433926476,1.3,1.08,450.0
382629,42.464843,2.09399,0,185.68,0.7509828023315664,1.3,1.08,450.0
382630,42.474609,2.30972,0,185.68,0.7660937180350047,1.3,1.08,450.0
382631,42.484375,2.44906,0,185.68,0.781204633738443,1.3,1.08,450.0
382632,42.490234,2.44903,0,185.68,0.790270254781462,1.3,1.08,450.0
382633,42.5,2.42084,0,185.68,0.8053811704849003,1.3,1.08,450.0
382634,42.509765,1.89691,0,185.68,0.8204905388898148,1.3,1.08,450.0
382635,42.519531,0.77455,0,185.68,0.8356014545932531,1.3,1.08,450.0
382636,42.530273,2.7618,1,198.55,0.0,1.3,1.08,450.0
382637,42.540039,2.18645,0,198.55,0.016159023563337094,1.3,1.08,450.0
382638,42.549804,0.92533,0,198.55,0.03231639250620291,1.3,1.08,450.0
382639,42.55957,1.20261,0,198.55,0.04847541606954,1.3,1.08,450.0
382640,42.570312,2.48659,0,198.55,0.06624934921679636,1.3,1.08,450.0
382641,42.580078,2.28317,0,198.55,0.08240837278013345,1.3,1.08,450.0
382642,42.589843,1.63074,0,198.55,0.09856574172299927,1.3,1.08,450.0
382643,42.594726,1.10226,0,198.55,0.10664525350457375,1.3,1.08,450.0
382644,42.604492,1.27932,0,198.55,0.12280427706791085,1.3,1.08,450.0
382645,42.615234,1.67863,0,198.55,0.14057821021535533,1.3,1.08,450.0
382646,42.625,1.99439,0,198.55,0.15673723377869242,1.3,1.08,450.0
382647,42.634765,1.17006,0,198.55,0.1728946027213701,1.3,1.08,450.0
382648,42.644531,1.18519,0,198.55,0.1890536262847072,1.3,1.08,450.0
382649,42.655273,1.10365,0,198.55,0.2068275594321517,1.3,1.08,450.0
382650,42.665039,1.12855,0,198.55,0.2229865829954888,1.3,1.08,450.0
382651,42.674804,1.14519,0,198.55,0.2391439519383546,1.3,1.08,450.0
382652,42.68457,1.16534,0,198.55,0.2553029755016917,1.3,1.08,450.0
382653,42.695312,1.12035,0,198.55,0.273076908648948,1.3,1.08,450.0
382654,42.700195,1.18245,0,198.55,0.28115642043071065,1.3,1.08,450.0
382655,42.709961,1.12598,0,198.55,0.2973154439938596,1.3,1.08,450.0
382656,42.719726,1.18613,0,198.55,0.3134728129367254,1.3,1.08,450.0
382657,42.729492,1.12125,0,198.55,0.3296318365000625,1.3,1.08,450.0
382658,42.740234,1.12449,0,198.55,0.347405769647507,1.3,1.08,450.0
382659,42.75,1.01734,0,198.55,0.3635647932108441,1.3,1.08,450.0
382660,42.759765,1.13582,0,198.55,0.37972216215352184,1.3,1.08,450.0
382661,42.769531,0.96212,0,198.55,0.39588118571685893,1.3,1.08,450.0
382662,42.780273,1.18331,0,198.55,0.4136551188643034,1.3,1.08,450.0
382663,42.785156,0.93941,0,198.55,0.42173463064587785,1.3,1.08,450.0
382664,42.794922,1.08019,0,198.55,0.43789365420921494,1.3,1.08,450.0
382665,42.804687,0.97102,0,198.55,0.4540510231520808,1.3,1.08,450.0
382666,42.814453,1.01003,0,198.55,0.4702100467154179,1.3,1.08,450.0
382667,42.825195,1.00977,0,198.55,0.48798397986286235,1.3,1.08,450.0
382668,42.834961,1.03583,0,198.55,0.5041430034260113,1.3,1.08,450.0
382669,42.844726,1.01921,0,198.55,0.5203003723688772,1.3,1.08,450.0
382670,42.854492,1.00257,0,198.55,0.5364593959322143,1.3,1.08,450.0
382671,42.865234,0.99775,0,198.55,0.5542333290796587,1.3,1.08,450.0
382672,42.875,0.97968,0,198.55,0.5703923526429958,1.3,1.08,450.0
382673,42.884765,1.01148,0,198.55,0.5865497215856734,1.3,1.08,450.0
382674,42.894531,0.98215,0,198.55,0.6027087451490106,1.3,1.08,450.0
382675,42.899414,1.05469,0,198.55,0.6107882569307732,1.3,1.08,450.0
382676,42.910156,1.02129,0,198.55,0.6285621900780296,1.3,1.08,450.0
382677,42.919922,1.07431,0,198.55,0.6447212136413667,1.3,1.08,450.0
382678,42.929687,1.04552,0,198.55,0.6608785825842324,1.3,1.08,450.0
382679,42.939453,1.04536,0,198.55,0.6770376061475696,1.3,1.08,450.0
382680,42.950195,1.07051,0,198.55,0.694811539295014,1.3,1.08,450.0
382681,42.959961,1.07995,0,198.55,0.7109705628581631,1.3,1.08,450.0
382682,42.969726,0.99963,0,198.55,0.7271279318010289,1.3,1.08,450.0
382683,42.979492,1.11192,0,198.55,0.743286955364366,1.3,1.08,450.0
382684,42.990234,1.01388,0,198.55,0.7610608885118104,1.3,1.08,450.0
382685,42.995117,1.04089,0,198.55,0.7691404002933848,1.3,1.08,450.0
382686,43.004882,1.04958,0,198.55,0.7852977692362507,1.3,1.08,450.0
382687,43.014648,1.04035,0,198.55,0.8014567927995878,1.3,1.08,450.0
382688,43.024414,1.04721,0,198.55,0.8176158163629249,1.3,1.08,450.0
382689,43.035156,1.03509,0,198.55,0.8353897495101813,1.3,1.08,450.0
382690,43.044922,1.05399,0,198.55,0.8515487730735184,1.3,1.08,450.0
382691,43.054687,1.06785,0,198.55,0.8677061420163842,1.3,1.08,450.0
382692,43.064453,1.03246,0,198.55,0.8838651655797212,1.3,1.08,450.0
382693,43.075195,1.05892,0,198.55,0.9016390987271657,1.3,1.08,450.0
382694,43.084961,1.05871,0,198.55,0.9177981222903147,1.3,1.08,450.0
382695,43.089843,1.05517,0,198.55,0.925875979451606,1.3,1.08,450.0
382696,43.099609,0.99269,0,198.55,0.9420350030149431,1.3,1.08,450.0
382697,43.109375,1.11426,0,198.55,0.9581940265782802,1.3,1.08,450.0
382698,43.120117,1.06966,0,198.55,0.9759679597255366,1.3,1.08,450.0
382699,43.129882,1.04667,0,198.55,0.9921253286684024,1.3,1.08,450.0
382700,43.139648,0.99882,0,198.55,0.008284352231739511,1.3,1.08,450.0
382701,43.149414,1.05813,0,198.55,0.024443375795076605,1.3,1.08,450.0
382702,43.160156,1.00566,0,198.55,0.042217308942333,1.3,1.08,450.0
382703,43.169922,0.98065,0,198.55,0.05837633250567009,1.3,1.08,450.0
382704,43.179687,0.89028,0,198.55,0.07453370144853588,1.3,1.08,450.0
382705,43.189453,1.33109,1,191.95,0.0,1.3,1.08,450.0
382706,43.195312,1.22897,0,191.95,0.009371979133913083,1.3,1.08,450.0
382707,43.205078,1.12822,0,191.95,0.02499354394397055,1.3,1.08,450.0
382708,43.214843,1.00398,0,191.95,0.04061350916721964,1.3,1.08,450.0
382709,43.224609,1.14814,0,191.95,0.0562350739772771,1.3,1.08,450.0
382710,43.234375,1.15787,0,191.95,0.07185663878733457,1.3,1.08,450.0
382711,43.245117,1.06167,0,191.95,0.08903940032618546,1.3,1.08,450.0
382712,43.254882,1.00391,0,191.95,0.10465936554943456,1.3,1.08,450.0
382713,43.264648,1.11512,0,191.95,0.12028093035949201,1.3,1.08,450.0
382714,43.274414,1.47124,0,191.95,0.1359024951695495,1.3,1.08,450.0
382715,43.280273,1.73521,0,191.95,0.14527447430346255,1.3,1.08,450.0
382716,43.290039,2.27194,0,191.95,0.16089603911352005,1.3,1.08,450.0
382717,43.299804,2.61515,0,191.95,0.17651600433676912,1.3,1.08,450.0
382718,43.30957,2.93462,0,191.95,0.1921375691468266,1.3,1.08,450.0
382719,43.320312,2.71041,0,191.95,0.20932033068567749,1.3,1.08,450.0
382720,43.330078,1.94741,0,191.95,0.22494189549573493,1.3,1.08,450.0
382721,43.339843,2.49399,0,191.95,0.24056186071898403,1.3,1.08,450.0
382722,43.349609,2.694,0,191.95,0.2561834255290415,1.3,1.08,450.0
382723,43.359375,2.21255,0,191.95,0.271804990339099,1.3,1.08,450.0
382724,43.370117,2.14023,0,191.95,0.28898775187794984,1.3,1.08,450.0
382725,43.379882,2.36121,0,191.95,0.30460771710119894,1.3,1.08,450.0
382726,43.389648,1.51221,0,191.95,0.32022928191125644,1.3,1.08,450.0
382727,43.399414,1.3262,0,191.95,0.3358508467213139,1.3,1.08,450.0
382728,43.405273,1.13352,0,191.95,0.34522282585522696,1.3,1.08,450.0
382729,43.415039,1.01374,0,191.95,0.3608443906652844,1.3,1.08,450.0
382730,43.424804,0.94843,0,191.95,0.3764643558885335,1.3,1.08,450.0
382731,43.43457,0.982,0,191.95,0.392085920698591,1.3,1.08,450.0
382732,43.445312,1.11203,0,191.95,0.40926868223744184,1.3,1.08,450.0
382733,43.455078,1.24505,0,191.95,0.42489024704749934,1.3,1.08,450.0
382734,43.464843,1.28898,0,191.95,0.44051021227074844,1.3,1.08,450.0
382735,43.474609,1.32004,0,191.95,0.4561317770808059,1.3,1.08,450.0
382736,43.484375,1.32933,0,191.95,0.4717533418908634,1.3,1.08,450.0
382737,43.490234,1.25899,0,191.95,0.4811253210247764,1.3,1.08,450.0
382738,43.5,1.17269,0,191.95,0.4967468858348339,1.3,1.08,450.0
382739,43.509765,1.08619,0,191.95,0.5123668510579011,1.3,1.08,450.0
382740,43.519531,1.00913,0,191.95,0.5279884158679586,1.3,1.08,450.0
382741,43.530273,1.02349,0,191.95,0.5451711774069914,1.3,1.08,450.0
382742,43.540039,1.093,0,191.95,0.5607927422170488,1.3,1.08,450.0
382743,43.549804,1.21063,0,191.95,0.5764127074402979,1.3,1.08,450.0
382744,43.55957,1.35346,0,191.95,0.5920342722503554,1.3,1.08,450.0
382745,43.570312,1.439,0,191.95,0.6092170337892063,1.3,1.08,450.0
382746,43.580078,1.47201,0,191.95,0.6248385985992637,1.3,1.08,450.0
382747,43.589843,1.40527,0,191.95,0.6404585638225129,1.3,1.08,450.0
382748,43.594726,1.33401,0,191.95,0.6482693462274507,1.3,1.08,450.0
382749,43.604492,1.40481,0,191.95,0.6638909110375082,1.3,1.08,450.0
382750,43.615234,1.57329,0,191.95,0.6810736725765408,1.3,1.08,450.0
382751,43.625,1.70323,0,191.95,0.6966952373865982,1.3,1.08,450.0
382752,43.634765,1.84843,0,191.95,0.7123152026096656,1.3,1.08,450.0
382753,43.644531,1.97924,0,191.95,0.7279367674197229,1.3,1.08,450.0
382754,43.655273,2.09367,0,191.95,0.7451195289587557,1.3,1.08,450.0
382755,43.665039,2.23009,0,191.95,0.7607410937688132,1.3,1.08,450.0
382756,43.674804,2.33203,0,191.95,0.7763610589920623,1.3,1.08,450.0
382757,43.68457,2.34876,0,191.95,0.7919826238021198,1.3,1.08,450.0
382758,43.695312,2.27478,0,191.95,0.8091653853409706,1.3,1.08,450.0
382759,43.700195,2.19233,0,191.95,0.8169761677460904,1.3,1.08,450.0
382760,43.709961,2.12391,0,191.95,0.8325977325559659,1.3,1.08,450.0
382761,43.719726,2.04323,0,191.95,0.8482176977792151,1.3,1.08,450.0
382762,43.729492,1.99112,0,191.95,0.8638392625892725,1.3,1.08,450.0
382763,43.740234,2.00111,0,191.95,0.8810220241283052,1.3,1.08,450.0
382764,43.75,2.08848,0,191.95,0.8966435889383627,1.3,1.08,450.0
382765,43.759765,2.20148,0,191.95,0.91226355416143,1.3,1.08,450.0
382766,43.769531,2.29175,0,191.95,0.9278851189714874,1.3,1.08,450.0
382767,43.780273,2.30595,0,191.95,0.9450678805105202,1.3,1.08,450.0
382768,43.785156,2.27814,0,191.95,0.952878662915458,1.3,1.08,450.0
382769,43.794922,2.22491,0,191.95,0.9685002277255155,1.3,1.08,450.0
382770,43.804687,1.60297,0,191.95,0.9841201929487645,1.3,1.08,450.0
382771,43.814453,0.85203,0,191.95,0.9997417577588219,1.3,1.08,450.0
382772,43.825195,2.57138,1,190.67,0.0,1.3,1.08,450.0
382773,43.834961,1.98478,0,190.67,0.015517569883970994,1.3,1.08,450.0
382774,43.844726,0.81447,0,190.67,0.03103355082998573,1.3,1.08,450.0
382775,43.854492,0.97534,0,190.67,0.04655112071413736,1.3,1.08,450.0
382776,43.865234,2.22807,0,190.67,0.06361949422387621,1.3,1.08,450.0
382777,43.875,2.4829,0,190.67,0.07913706410802784,1.3,1.08,450.0
382778,43.884765,2.04522,0,190.67,0.09465304505386193,1.3,1.08,450.0
382779,43.894531,1.90669,0,190.67,0.11017061493801357,1.3,1.08,450.0
382780,43.899414,1.61678,0,190.67,0.11792939988017972,1.3,1.08,450.0
382781,43.910156,1.51155,0,190.67,0.13499777338973792,1.3,1.08,450.0
382782,43.919922,1.28998,0,190.67,0.15051534327388957,1.3,1.08,450.0
382783,43.929687,1.2848,0,190.67,0.16603132421990427,1.3,1.08,450.0
382784,43.939453,1.18318,0,190.67,0.18154889410405592,1.3,1.08,450.0
382785,43.950195,1.23061,0,190.67,0.19861726761379478,1.3,1.08,450.0
382786,43.959961,1.0011,0,190.67,0.21413483749776577,1.3,1.08,450.0
382787,43.969726,1.20753,0,190.67,0.22965081844378052,1.3,1.08,450.0
382788,43.979492,1.13216,0,190.67,0.24516838832793214,1.3,1.08,450.0
382789,43.990234,1.13426,0,190.67,0.26223676183767103,1.3,1.08,450.0
382790,43.995117,1.07691,0,190.67,0.26999554677965654,1.3,1.08,450.0
382791,44.004882,1.08615,0,190.67,0.2855115277256712,1.3,1.08,450.0
382792,44.014648,1.09844,0,190.67,0.3010290976098229,1.3,1.08,450.0
382793,44.024414,1.09704,0,190.67,0.3165466674939745,1.3,1.08,450.0
382794,44.035156,1.12858,0,190.67,0.33361504100353273,1.3,1.08,450.0
382795,44.044922,1.06191,0,190.67,0.3491326108876843,1.3,1.08,450.0
382796,44.054687,1.04676,0,190.67,0.3646485918336991,1.3,1.08,450.0
382797,44.064453,1.01045,0,190.67,0.3801661617178507,1.3,1.08,450.0
382798,44.075195,1.06392,0,190.67,0.39723453522758956,1.3,1.08,450.0
382799,44.084961,0.97818,0,190.67,0.4127521051115606,1.3,1.08,450.0
382800,44.089843,1.04925,0,190.67,0.42050930111558976,1.3,1.08,450.0
382801,44.099609,1.04393,0,190.67,0.43602687099974147,1.3,1.08,450.0
382802,44.109375,1.03841,0,190.67,0.45154444088389306,1.3,1.08,450.0
382803,44.120117,1.02602,0,190.67,0.4686128143934513,1.3,1.08,450.0
382804,44.129882,1.07713,0,190.67,0.484128795339466,1.3,1.08,450.0
382805,44.139648,0.98207,0,190.67,0.49964636522361766,1.3,1.08,450.0
382806,44.149414,1.12216,0,190.67,0.5151639351077693,1.3,1.08,450.0
382807,44.160156,0.97153,0,190.67,0.5322323086173275,1.3,1.08,450.0
382808,44.169922,1.06707,0,190.67,0.5477498785014792,1.3,1.08,450.0
382809,44.179687,1.00845,0,190.67,0.5632658594474939,1.3,1.08,450.0
382810,44.189453,1.01441,0,190.67,0.5787834293316455,1.3,1.08,450.0
382811,44.195312,1.00099,0,190.67,0.5880930178992182,1.3,1.08,450.0
382812,44.205078,1.0203,0,190.67,0.6036105877833698,1.3,1.08,450.0
382813,44.214843,0.99909,0,190.67,0.6191265687293847,1.3,1.08,450.0
382814,44.224609,1.01941,0,190.67,0.6346441386135362,1.3,1.08,450.0
382815,44.234375,1.04503,0,190.67,0.6501617084976878,1.3,1.08,450.0
382816,44.245117,1.01795,0,190.67,0.667230082007246,1.3,1.08,450.0
382817,44.254882,1.05541,0,190.67,0.6827460629532608,1.3,1.08,450.0
382818,44.264648,0.98629,0,190.67,0.6982636328374123,1.3,1.08,450.0
382819,44.274414,1.05402,0,190.67,0.7137812027215641,1.3,1.08,450.0
382820,44.280273,1.01674,0,190.67,0.7230907912891368,1.3,1.08,450.0
382821,44.290039,1.01615,0,190.67,0.7386083611732884,1.3,1.08,450.0
382822,44.299804,1.02198,0,190.67,0.7541243421193031,1.3,1.08,450.0
382823,44.30957,1.00012,0,190.67,0.7696419120034548,1.3,1.08,450.0
382824,44.320312,1.02346,0,190.67,0.786710285513013,1.3,1.08,450.0
382825,44.330078,1.03118,0,190.67,0.8022278553971647,1.3,1.08,450.0
382826,44.339843,1.04521,0,190.67,0.8177438363431794,1.3,1.08,450.0
382827,44.349609,1.05281,0,190.67,0.833261406227331,1.3,1.08,450.0
382828,44.359375,1.03897,0,190.67,0.8487789761114827,1.3,1.08,450.0
382829,44.370117,1.07782,0,190.67,0.8658473496210408,1.3,1.08,450.0
382830,44.379882,1.08303,0,190.67,0.8813633305670555,1.3,1.08,450.0
382831,44.389648,1.05608,0,190.67,0.8968809004512072,1.3,1.08,450.0
382832,44.394531,1.09814,0,190.67,0.9046396853931927,1.3,1.08,450.0
382833,44.405273,1.01123,0,190.67,0.9217080589029315,1.3,1.08,450.0
382834,44.415039,1.04729,0,190.67,0.9372256287870832,1.3,1.08,450.0
382835,44.424804,1.05451,0,190.67,0.9527416097330978,1.3,1.08,450.0
382836,44.43457,1.01852,0,190.67,0.9682591796172495,1.3,1.08,450.0
382837,44.445312,1.03696,0,190.67,0.9853275531268078,1.3,1.08,450.0
382838,44.455078,1.00285,0,190.67,0.0008451230109594032,1.3,1.08,450.0
382839,44.464843,1.01932,0,190.67,0.01636110395697421,1.3,1.08,450.0
382840,44.474609,0.92915,0,190.67,0.03187867384112564,1.3,1.08,450.0
382841,44.484375,1.30909,1,187.22,0.0,1.3,1.08,450.0
382842,44.490234,1.2245,0,187.22,0.00914107945504759,1.3,1.08,450.0
382843,44.5,1.12537,0,187.22,0.02437777205759378,1.3,1.08,450.0
382844,44.509765,1.03146,0,187.22,0.03961290448255485,1.3,1.08,450.0
382845,44.519531,1.21498,0,187.22,0.05484959708510104,1.3,1.08,450.0
382846,44.530273,1.02071,0,187.22,0.07160902284151041,1.3,1.08,450.0
382847,44.540039,1.21765,0,187.22,0.08684571544405659,1.3,1.08,450.0
382848,44.549804,0.93793,0,187.22,0.10208084786919504,1.3,1.08,450.0
382849,44.55957,1.20835,0,187.22,0.11731754047174123,1.3,1.08,450.0
382850,44.570312,1.42508,0,187.22,0.13407696622797322,1.3,1.08,450.0
382851,44.580078,1.87069,0,187.22,0.14931365883051942,1.3,1.08,450.0
382852,44.584961,2.37128,0,187.22,0.15693200513170383,1.3,1.08,450.0
382853,44.594726,2.69301,0,187.22,0.17216713755684226,1.3,1.08,450.0
382854,44.604492,2.91272,0,187.22,0.18740383015938847,1.3,1.08,450.0
382855,44.615234,2.56112,0,187.22,0.20416325591579781,1.3,1.08,450.0
382856,44.625,1.92493,0,187.22,0.21939994851834402,1.3,1.08,450.0
382857,44.634765,2.59589,0,187.22,0.23463508094330507,1.3,1.08,450.0
382858,44.644531,2.32792,0,187.22,0.24987177354585127,1.3,1.08,450.0
382859,44.655273,2.14617,0,187.22,0.26663119930226065,1.3,1.08,450.0
382860,44.665039,2.08779,0,187.22,0.2818678919048068,1.3,1.08,450.0
382861,44.674804,2.31528,0,187.22,0.29710302432994523,1.3,1.08,450.0
382862,44.68457,1.43582,0,187.22,0.31233971693249146,1.3,1.08,450.0
382863,44.695312,1.29909,0,187.22,0.3290991426887234,1.3,1.08,450.0
382864,44.700195,1.07721,0,187.22,0.33671748899008525,1.3,1.08,450.0
382865,44.709961,0.88896,0,187.22,0.35195418159245406,1.3,1.08,450.0
382866,44.719726,0.8327,0,187.22,0.36718931401759247,1.3,1.08,450.0
382867,44.729492,0.93104,0,187.22,0.3824260066201387,1.3,1.08,450.0
382868,44.740234,1.12995,0,187.22,0.3991854323765481,1.3,1.08,450.0
382869,44.75,1.26922,0,187.22,0.4144221249790942,1.3,1.08,450.0
382870,44.759765,1.32428,0,187.22,0.4296572574040553,1.3,1.08,450.0
382871,44.769531,1.36397,0,187.22,0.44489395000660154,1.3,1.08,450.0
382872,44.780273,1.40562,0,187.22,0.4616533757630109,1.3,1.08,450.0
382873,44.785156,1.37131,0,187.22,0.46927172206419526,1.3,1.08,450.0
382874,44.794922,1.26809,0,187.22,0.4845084146667415,1.3,1.08,450.0
382875,44.804687,1.14606,0,187.22,0.4997435470918799,1.3,1.08,450.0
382876,44.814453,1.03,0,187.22,0.5149802396944261,1.3,1.08,450.0
382877,44.825195,1.01428,0,187.22,0.5317396654508355,1.3,1.08,450.0
382878,44.834961,1.08054,0,187.22,0.5469763580532042,1.3,1.08,450.0
382879,44.844726,1.19973,0,187.22,0.5622114904783427,1.3,1.08,450.0
382880,44.854492,1.32519,0,187.22,0.577448183080889,1.3,1.08,450.0
382881,44.865234,1.40441,0,187.22,0.5942076088372983,1.3,1.08,450.0
382882,44.875,1.38384,0,187.22,0.6094443014398444,1.3,1.08,450.0
382883,44.884765,1.33436,0,187.22,0.6246794338648056,1.3,1.08,450.0
382884,44.889648,1.34819,0,187.22,0.6322977801661673,1.3,1.08,450.0
382885,44.899414,1.44071,0,187.22,0.6475344727687135,1.3,1.08,450.0
382886,44.910156,1.5715,0,187.22,0.6642938985249456,1.3,1.08,450.0
382887,44.919922,1.69579,0,187.22,0.6795305911274917,1.3,1.08,450.0
382888,44.929687,1.80319,0,187.22,0.6947657235526301,1.3,1.08,450.0
382889,44.939453,1.93178,0,187.22,0.7100024161551762,1.3,1.08,450.0
382890,44.950195,2.09972,0,187.22,0.7267618419115857,1.3,1.08,450.0
382891,44.959961,2.22175,0,187.22,0.7419985345139545,1.3,1.08,450.0
382892,44.969726,2.24317,0,187.22,0.757233666939093,1.3,1.08,450.0
382893,44.979492,2.2114,0,187.22,0.7724703595416391,1.3,1.08,450.0
382894,44.990234,2.23039,0,187.22,0.7892297852980484,1.3,1.08,450.0
382895,44.995117,2.22421,0,187.22,0.796848131599233,1.3,1.08,450.0
382896,45.004882,2.21788,0,187.22,0.8120832640243714,1.3,1.08,450.0
382897,45.014648,2.1627,0,187.22,0.8273199566269176,1.3,1.08,450.0
382898,45.024414,2.13498,0,187.22,0.8425566492294637,1.3,1.08,450.0
382899,45.035156,2.14443,0,187.22,0.8593160749856957,1.3,1.08,450.0
382900,45.044922,2.17722,0,187.22,0.8745527675882419,1.3,1.08,450.0
382901,45.054687,2.25388,0,187.22,0.8897879000133805,1.3,1.08,450.0
382902,45.064453,2.37641,0,187.22,0.9050245926159266,1.3,1.08,450.0
382903,45.075195,2.47257,0,187.22,0.9217840183723359,1.3,1.08,450.0
382904,45.080078,2.53455,0,187.22,0.9294023646735204,1.3,1.08,450.0
382905,45.089843,2.53537,0,187.22,0.9446374970986589,1.3,1.08,450.0
382906,45.099609,1.48717,0,187.22,0.959874189701205,1.3,1.08,450.0
382907,45.109375,1.67084,0,187.22,0.9751108823037512,1.3,1.08,450.0
382908,45.120117,2.92654,0,187.22,0.9918703080599832,1.3,1.08,450.0
382909,45.129882,1.64344,0,187.22,0.007105440485121628,1.3,1.08,450.0
382910,45.139648,0.60162,0,187.22,0.02234213308766786,1.3,1.08,450.0
382911,45.149414,1.58867,1,184.51,0.0,1.3,1.08,450.0
382912,45.160156,2.7011,0,184.51,0.016516629922867697,1.3,1.08,450.0
382913,45.169922,2.26165,0,184.51,0.03153258671191054,1.3,1.08,450.0
382914,45.179687,1.47353,0,184.51,0.04654700592602493,1.3,1.08,450.0
382915,45.189453,1.13845,0,184.51,0.061562962715067775,1.3,1.08,450.0
382916,45.195312,1.43249,0,184.51,0.07057161424350146,1.3,1.08,450.0
382917,45.205078,2.04168,0,184.51,0.08558757103254429,1.3,1.08,450.0
382918,45.214843,1.44855,0,184.51,0.1006019902466587,1.3,1.08,450.0
382919,45.224609,1.2015,0,184.51,0.11561794703570154,1.3,1.08,450.0
382920,45.234375,1.13615,0,184.51,0.13063390382474435,1.3,1.08,450.0
382921,45.245117,1.24912,0,184.51,0.14715053374761208,1.3,1.08,450.0
382922,45.254882,1.17349,0,184.51,0.16216495296172648,1.3,1.08,450.0
382923,45.264648,1.15353,0,184.51,0.1771809097507693,1.3,1.08,450.0
382924,45.274414,1.16045,0,184.51,0.19219686653981213,1.3,1.08,450.0
382925,45.280273,1.11219,0,184.51,0.20120551806824583,1.3,1.08,450.0
382926,45.290039,1.02955,0,184.51,0.21622147485728865,1.3,1.08,450.0
382927,45.299804,1.16834,0,184.51,0.23123589407140308,1.3,1.08,450.0
382928,45.30957,1.08424,0,184.51,0.2462518508604459,1.3,1.08,450.0
382929,45.320312,1.2138,0,184.51,0.2627684807833136,1.3,1.08,450.0
382930,45.330078,0.99702,0,184.51,0.27778443757235644,1.3,1.08,450.0
382931,45.339843,1.09444,0,184.51,0.29279885678647083,1.3,1.08,450.0
382932,45.349609,1.02275,0,184.51,0.3078148135755137,1.3,1.08,450.0
382933,45.359375,1.02605,0,184.51,0.32283077036455654,1.3,1.08,450.0
382934,45.370117,1.01408,0,184.51,0.3393474002874242,1.3,1.08,450.0
382935,45.379882,1.00514,0,184.51,0.3543618195015386,1.3,1.08,450.0
382936,45.389648,0.98967,0,184.51,0.36937777629058144,1.3,1.08,450.0
382937,45.394531,1.02967,0,184.51,0.37688575468501545,1.3,1.08,450.0
382938,45.405273,1.01191,0,184.51,0.393402384608058,1.3,1.08,450.0
382939,45.415039,1.0232,0,184.51,0.4084183413971008,1.3,1.08,450.0
382940,45.424804,1.06595,0,184.51,0.4234327606112152,1.3,1.08,450.0
382941,45.43457,1.05715,0,184.51,0.4384487174002581,1.3,1.08,450.0
382942,45.445312,1.05834,0,184.51,0.4549653473231257,1.3,1.08,450.0
382943,45.455078,1.02127,0,184.51,0.4699813041121686,1.3,1.08,450.0
382944,45.464843,1.07803,0,184.51,0.484995723326283,1.3,1.08,450.0
382945,45.474609,1.03081,0,184.51,0.5000116801153258,1.3,1.08,450.0
382946,45.484375,1.0538,0,184.51,0.5150276369043687,1.3,1.08,450.0
382947,45.490234,1.03359,0,184.51,0.5240362884328024,1.3,1.08,450.0
382948,45.5,1.06149,0,184.51,0.5390522452218451,1.3,1.08,450.0
382949,45.509765,0.98216,0,184.51,0.5540666644357848,1.3,1.08,450.0
382950,45.519531,1.08507,0,184.51,0.5690826212248277,1.3,1.08,450.0
382951,45.530273,0.94865,0,184.51,0.5855992511478701,1.3,1.08,450.0
382952,45.540039,1.05866,0,184.51,0.600615207936913,1.3,1.08,450.0
382953,45.549804,0.9979,0,184.51,0.6156296271510274,1.3,1.08,450.0
382954,45.55957,1.05923,0,184.51,0.6306455839400702,1.3,1.08,450.0
382955,45.570312,1.02261,0,184.51,0.6471622138629379,1.3,1.08,450.0
382956,45.580078,1.04649,0,184.51,0.6621781706519807,1.3,1.08,450.0
382957,45.584961,1.02145,0,184.51,0.6696861490464148,1.3,1.08,450.0
382958,45.594726,1.02347,0,184.51,0.6847005682605292,1.3,1.08,450.0
382959,45.604492,1.04227,0,184.51,0.699716525049572,1.3,1.08,450.0
382960,45.615234,1.05762,0,184.51,0.7162331549726145,1.3,1.08,450.0
382961,45.625,1.06147,0,184.51,0.7312491117616573,1.3,1.08,450.0
382962,45.634765,1.00381,0,184.51,0.746263530975597,1.3,1.08,450.0
382963,45.644531,1.06611,0,184.51,0.7612794877646397,1.3,1.08,450.0
382964,45.655273,1.06204,0,184.51,0.7777961176876823,1.3,1.08,450.0
382965,45.665039,1.03826,0,184.51,0.7928120744767251,1.3,1.08,450.0
382966,45.674804,1.03916,0,184.51,0.8078264936908395,1.3,1.08,450.0
382967,45.68457,1.03039,0,184.51,0.8228424504798824,1.3,1.08,450.0
382968,45.695312,1.04276,0,184.51,0.83935908040275,1.3,1.08,450.0
382969,45.700195,1.07616,0,184.51,0.8468670587973589,1.3,1.08,450.0
382970,45.709961,1.00768,0,184.51,0.8618830155862268,1.3,1.08,450.0
382971,45.719726,1.01594,0,184.51,0.8768974348003413,1.3,1.08,450.0
382972,45.729492,1.06628,0,184.51,0.8919133915893841,1.3,1.08,450.0
382973,45.740234,1.05235,0,184.51,0.9084300215124267,1.3,1.08,450.0
382974,45.75,1.06421,0,184.51,0.9234459783014695,1.3,1.08,450.0
382975,45.759765,0.9393,0,184.51,0.938460397515409,1.3,1.08,450.0
382976,45.769531,0.99118,0,184.51,0.953476354304452,1.3,1.08,450.0
382977,45.780273,1.03962,0,184.51,0.9699929842274944,1.3,1.08,450.0
382978,45.785156,1.26262,0,184.51,0.9775009626219284,1.3,1.08,450.0
382979,45.794922,1.17407,0,184.51,0.9925169194109712,1.3,1.08,450.0
382980,45.804687,1.07657,0,184.51,0.007531338625085704,1.3,1.08,450.0
382981,45.814453,1.05057,0,184.51,0.022547295414128588,1.3,1.08,450.0
382982,45.825195,1.0654,0,184.51,0.03906392533717096,1.3,1.08,450.0
382983,45.834961,1.16149,0,184.51,0.05407988212603909,1.3,1.08,450.0
382984,45.844726,1.00763,0,184.51,0.06909430134015349,1.3,1.08,450.0
382985,45.854492,1.17116,0,184.51,0.08411025812919637,1.3,1.08,450.0
382986,45.865234,1.37794,1,177.76,0.0,1.3,1.08,450.0
382987,45.875,1.86011,0,177.76,0.014466811926524614,1.3,1.08,450.0
382988,45.884765,2.27622,0,177.76,0.028932142508226916,1.3,1.08,450.0
382989,45.889648,2.72177,0,177.76,0.036165548471573425,1.3,1.08,450.0
382990,45.899414,2.46506,0,177.76,0.05063236039809804,1.3,1.08,450.0
382991,45.910156,2.46876,0,177.76,0.06654496471036489,1.3,1.08,450.0
382992,45.919922,1.93407,0,177.76,0.0810117766368895,1.3,1.08,450.0
382993,45.929687,1.63221,0,177.76,0.09547710721876021,1.3,1.08,450.0
382994,45.939453,1.90649,0,177.76,0.10994391914528484,1.3,1.08,450.0
382995,45.950195,1.68274,0,177.76,0.12585652345772008,1.3,1.08,450.0
382996,45.959961,1.61419,0,177.76,0.14032333538407632,1.3,1.08,450.0
382997,45.969726,2.27113,0,177.76,0.154788665965947,1.3,1.08,450.0
382998,45.979492,3.5444,0,177.76,0.1692554778924716,1.3,1.08,450.0
382999,45.990234,2.59659,0,177.76,0.18516808220490688,1.3,1.08,450.0
383000,45.995117,1.7366,0,177.76,0.19240148816808497,1.3,1.08,450.0
383001,46.004882,1.10583,0,177.76,0.2068668187499557,1.3,1.08,450.0
383002,46.014648,0.79599,0,177.76,0.22133363067648032,1.3,1.08,450.0
383003,46.024414,0.63845,0,177.76,0.23580044260300495,1.3,1.08,450.0
383004,46.035156,0.61787,0,177.76,0.2517130469152718,1.3,1.08,450.0
383005,46.044922,0.61705,0,177.76,0.2661798588417964,1.3,1.08,450.0
383006,46.054687,0.73389,0,177.76,0.28064518942366706,1.3,1.08,450.0
383007,46.064453,0.97623,0,177.76,0.2951120013501917,1.3,1.08,450.0
383008,46.075195,1.33961,0,177.76,0.311024605662627,1.3,1.08,450.0
383009,46.080078,1.57461,0,177.76,0.3182580116258051,1.3,1.08,450.0
383010,46.089843,1.59927,0,177.76,0.3327233422076758,1.3,1.08,450.0
383011,46.099609,1.43247,0,177.76,0.34719015413420046,1.3,1.08,450.0
383012,46.109375,1.18939,0,177.76,0.361656966060725,1.3,1.08,450.0
383013,46.120117,1.00058,0,177.76,0.3775695703729919,1.3,1.08,450.0
383014,46.129882,0.93733,0,177.76,0.3920349009548626,1.3,1.08,450.0
383015,46.139648,0.93324,0,177.76,0.4065017128813872,1.3,1.08,450.0
383016,46.149414,0.92764,0,177.76,0.4209685248079118,1.3,1.08,450.0
383017,46.160156,0.99401,0,177.76,0.4368811291201787,1.3,1.08,450.0
383018,46.169922,1.14107,0,177.76,0.4513479410467032,1.3,1.08,450.0
383019,46.179687,1.28303,0,177.76,0.46581327162857394,1.3,1.08,450.0
383020,46.189453,1.36479,0,177.76,0.4802800835550986,1.3,1.08,450.0
383021,46.195312,1.31442,0,177.76,0.48895928190418736,1.3,1.08,450.0
383022,46.205078,1.27828,0,177.76,0.5034260938307119,1.3,1.08,450.0
383023,46.214843,1.36586,0,177.76,0.5178914244125826,1.3,1.08,450.0
383024,46.224609,1.52239,0,177.76,0.5323582363391073,1.3,1.08,450.0
383025,46.234375,1.65831,0,177.76,0.5468250482656318,1.3,1.08,450.0
383026,46.245117,1.8183,0,177.76,0.5627376525778988,1.3,1.08,450.0
383027,46.254882,1.98032,0,177.76,0.5772029831597695,1.3,1.08,450.0
383028,46.264648,2.09178,0,177.76,0.591669795086294,1.3,1.08,450.0
383029,46.274414,2.12606,0,177.76,0.6061366070128187,1.3,1.08,450.0
383030,46.280273,2.09391,0,177.76,0.6148158053619074,1.3,1.08,450.0
383031,46.290039,2.07709,0,177.76,0.629282617288432,1.3,1.08,450.0
383032,46.299804,2.08658,0,177.76,0.6437479478703028,1.3,1.08,450.0
383033,46.30957,2.09384,0,177.76,0.6582147597968274,1.3,1.08,450.0
383034,46.320312,2.10159,0,177.76,0.6741273641090941,1.3,1.08,450.0
383035,46.330078,2.05346,0,177.76,0.6885941760356188,1.3,1.08,450.0
383036,46.339843,2.00124,0,177.76,0.7030595066174895,1.3,1.08,450.0
383037,46.349609,1.97998,0,177.76,0.7175263185440142,1.3,1.08,450.0
383038,46.359375,1.97847,0,177.76,0.7319931304705387,1.3,1.08,450.0
383039,46.370117,2.06076,0,177.76,0.7479057347828056,1.3,1.08,450.0
383040,46.379882,2.15321,0,177.76,0.7623710653646764,1.3,1.08,450.0
383041,46.384765,2.23849,0,177.76,0.7696044713278545,1.3,1.08,450.0
383042,46.394531,2.28426,0,177.76,0.784071283254379,1.3,1.08,450.0
383043,46.405273,2.30729,0,177.76,0.7999838875668143,1.3,1.08,450.0
383044,46.415039,2.28856,0,177.76,0.8144506994933389,1.3,1.08,450.0
383045,46.424804,0.69861,0,177.76,0.8289160300752096,1.3,1.08,450.0
383046,46.43457,2.43953,1,190.97,0.0,1.3,1.08,450.0
383047,46.445312,2.68968,0,190.97,0.01709459983772624,1.3,1.08,450.0
383048,46.455078,1.24443,0,190.97,0.032636013170108266,1.3,1.08,450.0
383049,46.464843,0.78903,0,190.97,0.04817583512287805,1.3,1.08,450.0
383050,46.474609,1.81815,0,190.97,0.06371724845526007,1.3,1.08,450.0
383051,46.484375,2.56954,0,190.97,0.0792586617876421,1.3,1.08,450.0
383052,46.490234,2.05427,0,190.97,0.08858255495926778,1.3,1.08,450.0
383053,46.5,1.4347,0,190.97,0.1041239682916498,1.3,1.08,450.0
383054,46.509765,1.66726,0,190.97,0.11966379024423866,1.3,1.08,450.0
383055,46.519531,1.55976,0,190.97,0.13520520357662072,1.3,1.08,450.0
383056,46.530273,1.43629,0,190.97,0.15229980341452787,1.3,1.08,450.0
383057,46.540039,1.17293,0,190.97,0.16784121674690988,1.3,1.08,450.0
383058,46.549804,1.12864,0,190.97,0.18338103869967967,1.3,1.08,450.0
383059,46.55957,1.09378,0,190.97,0.1989224520320617,1.3,1.08,450.0
383060,46.570312,1.00771,0,190.97,0.21601705186978792,1.3,1.08,450.0
383061,46.575195,1.11005,0,190.97,0.2237877585360694,1.3,1.08,450.0
383062,46.584961,1.16985,0,190.97,0.2393291718682705,1.3,1.08,450.0
383063,46.594726,1.09949,0,190.97,0.2548689938210403,1.3,1.08,450.0
383064,46.604492,1.08891,0,190.97,0.2704104071534223,1.3,1.08,450.0
383065,46.615234,1.14544,0,190.97,0.28750500699132947,1.3,1.08,450.0
383066,46.625,1.07265,0,190.97,0.3030464203237115,1.3,1.08,450.0
383067,46.634765,1.13989,0,190.97,0.31858624227630034,1.3,1.08,450.0
383068,46.644531,1.10244,0,190.97,0.3341276556086824,1.3,1.08,450.0
383069,46.655273,1.11246,0,190.97,0.3512222554465895,1.3,1.08,450.0
383070,46.665039,1.01143,0,190.97,0.36676366877897154,1.3,1.08,450.0
383071,46.674804,1.09238,0,190.97,0.38230349073174136,1.3,1.08,450.0
383072,46.68457,0.99755,0,190.97,0.3978449040641234,1.3,1.08,450.0
383073,46.689453,1.10314,0,190.97,0.40561561073022395,1.3,1.08,450.0
383074,46.700195,1.0316,0,190.97,0.42271021056813113,1.3,1.08,450.0
383075,46.709961,1.05942,0,190.97,0.43825162390033223,1.3,1.08,450.0
383076,46.719726,1.01252,0,190.97,0.453791445853102,1.3,1.08,450.0
383077,46.729492,0.98395,0,190.97,0.469332859185484,1.3,1.08,450.0
383078,46.740234,1.04052,0,190.97,0.48642745902339113,1.3,1.08,450.0
383079,46.75,1.01113,0,190.97,0.5019688723557733,1.3,1.08,450.0
383080,46.759765,1.02691,0,190.97,0.517508694308362,1.3,1.08,450.0
383081,46.769531,1.03165,0,190.97,0.5330501076407441,1.3,1.08,450.0
383082,46.780273,1.03409,0,190.97,0.5501447074786512,1.3,1.08,450.0
383083,46.785156,1.00582,0,190.97,0.5579154141447518,1.3,1.08,450.0
383084,46.794922,1.03533,0,190.97,0.5734568274771339,1.3,1.08,450.0
383085,46.804687,1.01027,0,190.97,0.5889966494299036,1.3,1.08,450.0
383086,46.814453,1.0503,0,190.97,0.6045380627622856,1.3,1.08,450.0
383087,46.825195,0.99662,0,190.97,0.6216326626001928,1.3,1.08,450.0
383088,46.834961,1.06127,0,190.97,0.637174075932394,1.3,1.08,450.0
383089,46.844726,0.99854,0,190.97,0.6527138978851637,1.3,1.08,450.0
383090,46.854492,1.05821,0,190.97,0.6682553112175458,1.3,1.08,450.0
383091,46.865234,1.00881,0,190.97,0.685349911055453,1.3,1.08,450.0
383092,46.875,1.09422,0,190.97,0.7008913243878349,1.3,1.08,450.0
383093,46.879882,0.96641,0,190.97,0.7086604396743232,1.3,1.08,450.0
383094,46.889648,1.11565,0,190.97,0.7242018530067053,1.3,1.08,450.0
383095,46.899414,0.91175,0,190.97,0.7397432663390872,1.3,1.08,450.0
383096,46.910156,1.05203,0,190.97,0.7568378661768135,1.3,1.08,450.0
383097,46.919922,0.98465,0,190.97,0.7723792795091955,1.3,1.08,450.0
383098,46.929687,1.04216,0,190.97,0.7879191014619653,1.3,1.08,450.0
383099,46.939453,1.05014,0,190.97,0.8034605147943473,1.3,1.08,450.0
383100,46.950195,1.06003,0,190.97,0.8205551146322545,1.3,1.08,450.0
383101,46.959961,1.01326,0,190.97,0.8360965279644555,1.3,1.08,450.0
383102,46.969726,1.03685,0,190.97,0.8516363499172254,1.3,1.08,450.0
383103,46.979492,1.05592,0,190.97,0.8671777632496074,1.3,1.08,450.0
383104,46.990234,1.02406,0,190.97,0.8842723630875146,1.3,1.08,450.0
383105,46.995117,1.12789,0,190.97,0.8920430697536151,1.3,1.08,450.0
383106,47.004882,1.0108,0,190.97,0.9075828917063848,1.3,1.08,450.0
383107,47.014648,1.05001,0,190.97,0.923124305038767,1.3,1.08,450.0
383108,47.024414,1.07135,0,190.97,0.938665718371149,1.3,1.08,450.0
383109,47.035156,1.04313,0,190.97,0.9557603182088752,1.3,1.08,450.0
383110,47.044922,1.07429,0,190.97,0.9713017315412572,1.3,1.08,450.0
383111,47.054687,1.03921,0,190.97,0.986841553494027,1.3,1.08,450.0
383112,47.064453,1.0295,0,190.97,0.0023829668264090387,1.3,1.08,450.0
383113,47.070312,0.99499,0,190.97,0.01170685999803478,1.3,1.08,450.0
383114,47.080078,1.00806,0,190.97,0.027248273330416684,1.3,1.08,450.0
383115,47.089843,0.924,0,190.97,0.0427880952831865,1.3,1.08,450.0
383116,47.099609,1.05338,0,190.97,0.058329508615568626,1.3,1.08,450.0
383117,47.109375,1.28163,0,190.97,0.07387092194795053,1.3,1.08,450.0
383118,47.120117,1.20054,0,190.97,0.09096552178567685,1.3,1.08,450.0
383119,47.129882,1.06714,0,190.97,0.10650534373844667,1.3,1.08,450.0
383120,47.139648,1.07835,0,190.97,0.12204675707082879,1.3,1.08,450.0
383121,47.149414,1.10013,0,190.97,0.13758817040321047,1.3,1.08,450.0
383122,47.160156,1.17965,0,190.97,0.1546827702409368,1.3,1.08,450.0
383123,47.169922,1.1029,0,190.97,0.17022418357331892,1.3,1.08,450.0
383124,47.179687,1.10748,0,190.97,0.18576400552608874,1.3,1.08,450.0
383125,47.18457,1.21317,0,190.97,0.19353471219237028,1.3,1.08,450.0
383126,47.195312,1.38518,1,177.68,0.0,1.3,1.08,450.0
383127,47.205078,1.96685,0,177.68,0.014459834630909574,1.3,1.08,450.0
383128,47.214843,2.50874,0,177.68,0.02891818863161288,1.3,1.08,450.0
383129,47.224609,2.86598,0,177.68,0.04337802326252246,1.3,1.08,450.0
383130,47.234375,3.24423,0,177.68,0.05783785789343203,1.3,1.08,450.0
383131,47.245117,2.50594,0,177.68,0.07374278760919097,1.3,1.08,450.0
383132,47.254882,2.09442,0,177.68,0.08820114160989427,1.3,1.08,450.0
383133,47.264648,2.58198,0,177.68,0.10266097624080386,1.3,1.08,450.0
383134,47.274414,1.97714,0,177.68,0.11712081087171343,1.3,1.08,450.0
383135,47.280273,2.26592,0,177.68,0.12579582327210176,1.3,1.08,450.0
383136,47.290039,1.94314,0,177.68,0.14025565790301134,1.3,1.08,450.0
383137,47.299804,2.28936,0,177.68,0.15471401190371464,1.3,1.08,450.0
383138,47.30957,1.42498,0,177.68,0.16917384653462422,1.3,1.08,450.0
383139,47.320312,1.2517,0,177.68,0.18507877625038313,1.3,1.08,450.0
383140,47.330078,1.07585,0,177.68,0.1995386108812927,1.3,1.08,450.0
383141,47.339843,0.97595,0,177.68,0.21399696488199602,1.3,1.08,450.0
383142,47.349609,0.98508,0,177.68,0.2284567995129056,1.3,1.08,450.0
383143,47.359375,1.08988,0,177.68,0.24291663414381517,1.3,1.08,450.0
383144,47.370117,1.21918,0,177.68,0.2588215638595741,1.3,1.08,450.0
383145,47.379882,1.315,0,177.68,0.2732799178602774,1.3,1.08,450.0
383146,47.384765,1.35741,0,177.68,0.28050983517564804,1.3,1.08,450.0
383147,47.394531,1.32751,0,177.68,0.29496966980655764,1.3,1.08,450.0
383148,47.405273,1.28037,0,177.68,0.3108745995224849,1.3,1.08,450.0
383149,47.415039,1.21653,0,177.68,0.32533443415339447,1.3,1.08,450.0
383150,47.424804,1.1614,0,177.68,0.33979278815409775,1.3,1.08,450.0
383151,47.43457,1.15432,0,177.68,0.35425262278500735,1.3,1.08,450.0
383152,47.445312,1.14304,0,177.68,0.37015755250076626,1.3,1.08,450.0
383153,47.455078,1.12566,0,177.68,0.38461738713167587,1.3,1.08,450.0
383154,47.464843,1.1006,0,177.68,0.3990757411323792,1.3,1.08,450.0
383155,47.474609,1.09543,0,177.68,0.41353557576328875,1.3,1.08,450.0
383156,47.484375,1.17156,0,177.68,0.42799541039419836,1.3,1.08,450.0
383157,47.490234,1.25698,0,177.68,0.4366704227945866,1.3,1.08,450.0
383158,47.5,1.27228,0,177.68,0.45113025742549623,1.3,1.08,450.0
383159,47.509765,1.31561,0,177.68,0.4655886114260312,1.3,1.08,450.0
383160,47.519531,1.33797,0,177.68,0.48004844605694075,1.3,1.08,450.0
383161,47.530273,1.4185,0,177.68,0.495953375772868,1.3,1.08,450.0
383162,47.540039,1.55071,0,177.68,0.5104132104037776,1.3,1.08,450.0
383163,47.549804,1.66186,0,177.68,0.5248715644044809,1.3,1.08,450.0
383164,47.55957,1.78112,0,177.68,0.5393313990353905,1.3,1.08,450.0
383165,47.570312,1.92827,0,177.68,0.5552363287511495,1.3,1.08,450.0
383166,47.575195,2.11907,0,177.68,0.5624662460666884,1.3,1.08,450.0
383167,47.584961,2.23285,0,177.68,0.5769260806974296,1.3,1.08,450.0
383168,47.594726,2.22323,0,177.68,0.591384434698133,1.3,1.08,450.0
383169,47.604492,2.17876,0,177.68,0.6058442693290425,1.3,1.08,450.0
383170,47.615234,2.14016,0,177.68,0.6217491990449698,1.3,1.08,450.0
383171,47.625,2.11578,0,177.68,0.6362090336758793,1.3,1.08,450.0
383172,47.634765,2.06732,0,177.68,0.6506673876764143,1.3,1.08,450.0
383173,47.644531,2.00704,0,177.68,0.6651272223073239,1.3,1.08,450.0
383174,47.655273,1.98325,0,177.68,0.6810321520232512,1.3,1.08,450.0
383175,47.665039,1.97851,0,177.68,0.6954919866541608,1.3,1.08,450.0
383176,47.674804,2.04235,0,177.68,0.7099503406548641,1.3,1.08,450.0
383177,47.68457,2.20001,0,177.68,0.7244101752857737,1.3,1.08,450.0
383178,47.689453,2.35253,0,177.68,0.7316400926011443,1.3,1.08,450.0
383179,47.700195,2.43049,0,177.68,0.7475450223170715,1.3,1.08,450.0
383180,47.709961,2.42956,0,177.68,0.7620048569478128,1.3,1.08,450.0
383181,47.719726,2.29349,0,177.68,0.776463210948516,1.3,1.08,450.0
383182,47.729492,2.1383,0,177.68,0.7909230455794257,1.3,1.08,450.0
383183,47.740234,1.40566,0,177.68,0.8068279752953529,1.3,1.08,450.0
383184,47.75,1.04031,0,177.68,0.8212878099262625,1.3,1.08,450.0
383185,47.759765,2.91991,1,191.64,0.0,1.3,1.08,450.0
383186,47.769531,2.06692,0,191.64,0.015596583280021685,1.3,1.08,450.0
383187,47.780273,1.06301,0,191.64,0.03275186667082124,1.3,1.08,450.0
383188,47.785156,0.93165,0,191.64,0.040550158310741304,1.3,1.08,450.0
383189,47.794922,2.3387,0,191.64,0.05614674159076299,1.3,1.08,450.0
383190,47.804687,2.58283,0,191.64,0.07174172784198674,1.3,1.08,450.0
383191,47.814453,1.70632,0,191.64,0.08733831112200843,1.3,1.08,450.0
383192,47.825195,1.11073,0,191.64,0.10449359451280799,1.3,1.08,450.0
383193,47.834961,1.65237,0,191.64,0.1200901777926481,1.3,1.08,450.0
383194,47.844726,1.60743,0,191.64,0.13568516404387185,1.3,1.08,450.0
383195,47.854492,1.30421,0,191.64,0.15128174732389355,1.3,1.08,450.0
383196,47.865234,1.37394,0,191.64,0.1684370307146931,1.3,1.08,450.0
383197,47.875,1.04658,0,191.64,0.1840336139947148,1.3,1.08,450.0
383198,47.879882,1.17533,0,191.64,0.1918303086058369,1.3,1.08,450.0
383199,47.889648,1.09874,0,191.64,0.20742689188585858,1.3,1.08,450.0
383200,47.899414,1.1574,0,191.64,0.22302347516588028,1.3,1.08,450.0
383201,47.910156,1.08602,0,191.64,0.24017875855649828,1.3,1.08,450.0
383202,47.919922,1.13295,0,191.64,0.25577534183651995,1.3,1.08,450.0
383203,47.929687,1.07436,0,191.64,0.2713703280877437,1.3,1.08,450.0
383204,47.939453,1.10761,0,191.64,0.2869669113677654,1.3,1.08,450.0
383205,47.950195,1.13156,0,191.64,0.304122194758565,1.3,1.08,450.0
383206,47.959961,1.12284,0,191.64,0.3197187780384051,1.3,1.08,450.0
383207,47.969726,1.07149,0,191.64,0.33531376428962884,1.3,1.08,450.0
383208,47.979492,1.03553,0,191.64,0.3509103475696505,1.3,1.08,450.0
383209,47.990234,1.04799,0,191.64,0.36806563096045003,1.3,1.08,450.0
383210,47.995117,1.02514,0,191.64,0.37586392260037016,1.3,1.08,450.0
383211,48.004882,1.08353,0,191.64,0.3914589088515939,1.3,1.08,450.0
383212,48.014648,1.06791,0,191.64,0.4070554921316155,1.3,1.08,450.0
383213,48.024414,1.04778,0,191.64,0.42265207541163724,1.3,1.08,450.0
383214,48.035156,0.96519,0,191.64,0.43980735880225524,1.3,1.08,450.0
383215,48.044922,1.05064,0,191.64,0.4554039420822769,1.3,1.08,450.0
383216,48.054687,0.98242,0,191.64,0.47099892833350065,1.3,1.08,450.0
383217,48.064453,1.03117,0,191.64,0.4865955116135224,1.3,1.08,450.0
383218,48.070312,0.97713,0,191.64,0.4959525033642203,1.3,1.08,450.0
383219,48.080078,0.99916,0,191.64,0.511549086644242,1.3,1.08,450.0
383220,48.089843,0.98614,0,191.64,0.5271440728954657,1.3,1.08,450.0
383221,48.099609,1.00418,0,191.64,0.5427406561754874,1.3,1.08,450.0
383222,48.109375,0.99487,0,191.64,0.5583372394555092,1.3,1.08,450.0
383223,48.120117,1.03527,0,191.64,0.5754925228461272,1.3,1.08,450.0
383224,48.129882,0.99031,0,191.64,0.5910875090973509,1.3,1.08,450.0
383225,48.139648,0.97061,0,191.64,0.6066840923773725,1.3,1.08,450.0
383226,48.149414,0.95211,0,191.64,0.6222806756573943,1.3,1.08,450.0
383227,48.160156,0.95537,0,191.64,0.6394359590480122,1.3,1.08,450.0
383228,48.169922,1.04893,0,191.64,0.6550325423280339,1.3,1.08,450.0
383229,48.179687,1.06211,0,191.64,0.6706275285792577,1.3,1.08,450.0
383230,48.18457,1.09201,0,191.64,0.6784258202193593,1.3,1.08,450.0
383231,48.195312,1.02673,0,191.64,0.6955811036099774,1.3,1.08,450.0
383232,48.205078,0.99924,0,191.64,0.7111776868899989,1.3,1.08,450.0
383233,48.214843,1.05111,0,191.64,0.7267726731412227,1.3,1.08,450.0
383234,48.224609,1.03722,0,191.64,0.7423692564212444,1.3,1.08,450.0
383235,48.234375,1.08602,0,191.64,0.7579658397012661,1.3,1.08,450.0
383236,48.245117,1.1063,0,191.64,0.7751211230918841,1.3,1.08,450.0
383237,48.254882,1.05502,0,191.64,0.7907161093431079,1.3,1.08,450.0
383238,48.264648,1.04053,0,191.64,0.8063126926231294,1.3,1.08,450.0
383239,48.274414,1.06621,0,191.64,0.8219092759031512,1.3,1.08,450.0
383240,48.280273,1.02214,0,191.64,0.8312662676538491,1.3,1.08,450.0
383241,48.290039,1.04743,0,191.64,0.8468628509338708,1.3,1.08,450.0
383242,48.299804,1.03631,0,191.64,0.8624578371850945,1.3,1.08,450.0
383243,48.30957,1.0889,0,191.64,0.8780544204651162,1.3,1.08,450.0
383244,48.320312,1.04397,0,191.64,0.8952097038557343,1.3,1.08,450.0
383245,48.330078,1.06431,0,191.64,0.910806287135756,1.3,1.08,450.0
383246,48.339843,1.02365,0,191.64,0.9264012733869796,1.3,1.08,450.0
383247,48.349609,1.02163,0,191.64,0.9419978566670013,1.3,1.08,450.0
383248,48.359375,1.02572,0,191.64,0.9575944399470231,1.3,1.08,450.0
383249,48.370117,1.05811,0,191.64,0.9747497233376411,1.3,1.08,450.0
383250,48.375,1.06136,0,191.64,0.9825480149777427,1.3,1.08,450.0
383251,48.384765,0.89194,0,191.64,0.9981430012287849,1.3,1.08,450.0
383252,48.394531,0.97488,0,191.64,0.013739584508806413,1.3,1.08,450.0
383253,48.405273,1.06255,0,191.64,0.03089486789960616,1.3,1.08,450.0
383254,48.415039,1.27885,0,191.64,0.04649145117962772,1.3,1.08,450.0
383255,48.424804,1.12237,0,191.64,0.062086437430851626,1.3,1.08,450.0
383256,48.43457,1.14485,0,191.64,0.07768302071087319,1.3,1.08,450.0
383257,48.445312,1.00213,0,191.64,0.09483830410149108,1.3,1.08,450.0
383258,48.455078,1.2291,0,191.64,0.11043488738151286,1.3,1.08,450.0
383259,48.464843,1.1388,0,191.64,0.12602987363273654,1.3,1.08,450.0
383260,48.474609,1.18665,0,191.64,0.14162645691275833,1.3,1.08,450.0
383261,48.484375,1.07657,0,191.64,0.15722304019277988,1.3,1.08,450.0
383262,48.490234,1.24292,0,191.64,0.16658003194347804,1.3,1.08,450.0
383263,48.5,1.5038,1,179.83,0.0,1.3,1.08,450.0
383264,48.509765,1.92935,0,179.83,0.014633694419318803,1.3,1.08,450.0
383265,48.519531,2.52739,0,179.83,0.02926888742502226,1.3,1.08,450.0
383266,48.530273,2.76882,0,179.83,0.0453667005796186,1.3,1.08,450.0
383267,48.540039,2.91235,0,179.83,0.06000189358532206,1.3,1.08,450.0
383268,48.549804,2.6215,0,179.83,0.07463558800481124,1.3,1.08,450.0
383269,48.55957,2.18162,0,179.83,0.0892707810105147,1.3,1.08,450.0
383270,48.570312,2.55753,0,179.83,0.10536859416494067,1.3,1.08,450.0
383271,48.575195,2.09089,0,179.83,0.11268619066787758,1.3,1.08,450.0
383272,48.584961,2.1417,0,179.83,0.12732138367341067,1.3,1.08,450.0
383273,48.594726,1.96706,0,179.83,0.14195507809289984,1.3,1.08,450.0
383274,48.604492,2.52279,0,179.83,0.1565902710986033,1.3,1.08,450.0
383275,48.615234,1.40695,0,179.83,0.17268808425319965,1.3,1.08,450.0
383276,48.625,1.27248,0,179.83,0.1873232772589031,1.3,1.08,450.0
383277,48.634765,1.01529,0,179.83,0.2019569716782219,1.3,1.08,450.0
383278,48.644531,0.83445,0,179.83,0.21659216468392536,1.3,1.08,450.0
383279,48.655273,0.78132,0,179.83,0.23268997783852172,1.3,1.08,450.0
383280,48.665039,0.84242,0,179.83,0.24732517084422517,1.3,1.08,450.0
383281,48.674804,1.0014,0,179.83,0.2619588652637143,1.3,1.08,450.0
383282,48.679687,1.17011,0,179.83,0.26927646176648085,1.3,1.08,450.0
383283,48.689453,1.38543,0,179.83,0.2839116547721844,1.3,1.08,450.0
383284,48.700195,1.50049,0,179.83,0.30000946792678074,1.3,1.08,450.0
383285,48.709961,1.46368,0,179.83,0.31464466093231375,1.3,1.08,450.0
383286,48.719726,1.31463,0,179.83,0.32927835535180294,1.3,1.08,450.0
383287,48.729492,1.08169,0,179.83,0.3439135483575064,1.3,1.08,450.0
383288,48.740234,0.8817,0,179.83,0.3600113615121028,1.3,1.08,450.0
383289,48.75,0.79508,0,179.83,0.3746465545178062,1.3,1.08,450.0
383290,48.759765,0.84825,0,179.83,0.38928024893712504,1.3,1.08,450.0
383291,48.769531,1.03606,0,179.83,0.40391544194282847,1.3,1.08,450.0
383292,48.780273,1.25189,0,179.83,0.4200132550974248,1.3,1.08,450.0
383293,48.785156,1.35233,0,179.83,0.4273308516001914,1.3,1.08,450.0
383294,48.794922,1.34762,0,179.83,0.44196604460589484,1.3,1.08,450.0
383295,48.804687,1.29555,0,179.83,0.456599739025384,1.3,1.08,450.0
383296,48.814453,1.27649,0,179.83,0.47123493203108746,1.3,1.08,450.0
383297,48.825195,1.27684,0,179.83,0.4873327451856838,1.3,1.08,450.0
383298,48.834961,1.35717,0,179.83,0.5019679381912169,1.3,1.08,450.0
383299,48.844726,1.48793,0,179.83,0.516601632610706,1.3,1.08,450.0
383300,48.854492,1.61314,0,179.83,0.5312368256164095,1.3,1.08,450.0
383301,48.865234,1.77707,0,179.83,0.5473346387710059,1.3,1.08,450.0
383302,48.870117,1.94543,0,179.83,0.5546522352737724,1.3,1.08,450.0
383303,48.879882,2.12056,0,179.83,0.5692859296932616,1.3,1.08,450.0
383304,48.889648,2.28273,0,179.83,0.5839211226989651,1.3,1.08,450.0
383305,48.899414,2.31389,0,179.83,0.5985563157046685,1.3,1.08,450.0
383306,48.910156,2.24708,0,179.83,0.6146541288590944,1.3,1.08,450.0
383307,48.919922,2.20672,0,179.83,0.6292893218647979,1.3,1.08,450.0
383308,48.929687,2.16566,0,179.83,0.643923016284287,1.3,1.08,450.0
383309,48.939453,2.16077,0,179.83,0.6585582092899905,1.3,1.08,450.0
383310,48.950195,2.13647,0,179.83,0.6746560224445869,1.3,1.08,450.0
383311,48.959961,2.09458,0,179.83,0.6892912154501201,1.3,1.08,450.0
383312,48.969726,2.03535,0,179.83,0.7039249098696092,1.3,1.08,450.0
383313,48.979492,1.98857,0,179.83,0.7185601028753126,1.3,1.08,450.0
383314,48.984375,2.03569,0,179.83,0.7258776993782495,1.3,1.08,450.0
383315,48.995117,2.16795,0,179.83,0.7419755125326756,1.3,1.08,450.0
383316,49.004882,2.25377,0,179.83,0.7566092069521647,1.3,1.08,450.0
383317,49.014648,2.27978,0,179.83,0.7712443999578682,1.3,1.08,450.0
383318,49.024414,2.26483,0,179.83,0.7858795929635716,1.3,1.08,450.0
383319,49.035156,2.22954,0,179.83,0.8019774061179975,1.3,1.08,450.0
383320,49.044922,1.63013,0,179.83,0.816612599123701,1.3,1.08,450.0
383321,49.054687,1.18143,0,179.83,0.8312462935431901,1.3,1.08,450.0
383322,49.064453,2.79891,0,179.83,0.8458814865488937,1.3,1.08,450.0
383323,49.070312,2.15745,0,179.83,0.8546617032005531,1.3,1.08,450.0
383324,49.080078,0.91191,0,179.83,0.8692968962062565,1.3,1.08,450.0
383325,49.089843,0.74916,0,179.83,0.8839305906257456,1.3,1.08,450.0
383326,49.099609,2.43211,1,187.95,0.0,1.3,1.08,450.0
383327,49.109375,2.69726,0,187.95,0.015296028021226333,1.3,1.08,450.0
383328,49.120117,1.8057,0,187.95,0.032120719092577875,1.3,1.08,450.0
383329,49.129882,1.05337,0,187.95,0.04741518086068291,1.3,1.08,450.0
383330,49.139648,1.15793,0,187.95,0.06271120888190924,1.3,1.08,450.0
383331,49.149414,1.93196,0,187.95,0.07800723690313557,1.3,1.08,450.0
383332,49.160156,1.40364,0,187.95,0.09483192797448711,1.3,1.08,450.0
383333,49.169922,1.31476,0,187.95,0.11012795599571344,1.3,1.08,450.0
383334,49.174804,1.17097,0,187.95,0.11777440375329434,1.3,1.08,450.0
383335,49.18457,1.22184,0,187.95,0.1330704317745207,1.3,1.08,450.0
383336,49.195312,1.11777,0,187.95,0.1498951228458722,1.3,1.08,450.0
383337,49.205078,1.23058,0,187.95,0.16519115086709854,1.3,1.08,450.0
383338,49.214843,1.07162,0,187.95,0.18048561263520357,1.3,1.08,450.0
383339,49.224609,1.17339,0,187.95,0.19578164065642992,1.3,1.08,450.0
383340,49.234375,1.01284,0,187.95,0.21107766867765626,1.3,1.08,450.0
383341,49.245117,1.16176,0,187.95,0.2279023597490078,1.3,1.08,450.0
383342,49.254882,1.05552,0,187.95,0.24319682151711283,1.3,1.08,450.0
383343,49.264648,1.11411,0,187.95,0.2584928495383391,1.3,1.08,450.0
383344,49.274414,1.1067,0,187.95,0.2737888775595655,1.3,1.08,450.0
383345,49.280273,1.09966,0,187.95,0.2829655546203929,1.3,1.08,450.0
383346,49.290039,1.06092,0,187.95,0.2982615826416192,1.3,1.08,450.0
383347,49.299804,1.08463,0,187.95,0.31355604440972423,1.3,1.08,450.0
383348,49.30957,1.02279,0,187.95,0.3288520724309506,1.3,1.08,450.0
383349,49.320312,1.01103,0,187.95,0.34567676350230214,1.3,1.08,450.0
383350,49.330078,0.9879,0,187.95,0.3609727915235285,1.3,1.08,450.0
383351,49.339843,1.05434,0,187.95,0.3762672532916335,1.3,1.08,450.0
383352,49.349609,0.98203,0,187.95,0.39156328131285983,1.3,1.08,450.0
383353,49.359375,1.04359,0,187.95,0.40685930933408615,1.3,1.08,450.0
383354,49.365234,0.97815,0,187.95,0.41603598639491357,1.3,1.08,450.0
383355,49.375,1.01009,0,187.95,0.4313320144161399,1.3,1.08,450.0
383356,49.384765,0.9882,0,187.95,0.44662647618406687,1.3,1.08,450.0
383357,49.394531,0.96336,0,187.95,0.4619225042052932,1.3,1.08,450.0
383358,49.405273,0.97249,0,187.95,0.4787471952768228,1.3,1.08,450.0
383359,49.415039,1.02203,0,187.95,0.4940432232980491,1.3,1.08,450.0
383360,49.424804,0.96562,0,187.95,0.5093376850661542,1.3,1.08,450.0
383361,49.43457,1.02142,0,187.95,0.5246337130873805,1.3,1.08,450.0
383362,49.445312,0.97404,0,187.95,0.541458404158732,1.3,1.08,450.0
383363,49.455078,1.06766,0,187.95,0.5567544321799585,1.3,1.08,450.0
383364,49.464843,1.09703,0,187.95,0.5720488939480634,1.3,1.08,450.0
383365,49.474609,1.03903,0,187.95,0.5873449219692898,1.3,1.08,450.0
383366,49.484375,1.04258,0,187.95,0.6026409499905161,1.3,1.08,450.0
383367,49.490234,1.01514,0,187.95,0.6118176270513435,1.3,1.08,450.0
383368,49.5,1.04151,0,187.95,0.6271136550725699,1.3,1.08,450.0
383369,49.509765,1.06241,0,187.95,0.6424081168404967,1.3,1.08,450.0
383370,49.519531,1.04738,0,187.95,0.6577041448617231,1.3,1.08,450.0
383371,49.530273,1.04694,0,187.95,0.6745288359332526,1.3,1.08,450.0
383372,49.540039,1.01288,0,187.95,0.6898248639544791,1.3,1.08,450.0
383373,49.549804,1.09056,0,187.95,0.7051193257225842,1.3,1.08,450.0
383374,49.55957,1.05507,0,187.95,0.7204153537438104,1.3,1.08,450.0
383375,49.570312,1.08058,0,187.95,0.7372400448151619,1.3,1.08,450.0
383376,49.575195,1.0486,0,187.95,0.7448880588258642,1.3,1.08,450.0
383377,49.584961,1.06418,0,187.95,0.7601840868469124,1.3,1.08,450.0
383378,49.594726,1.02594,0,187.95,0.7754785486150175,1.3,1.08,450.0
383379,49.604492,1.04702,0,187.95,0.7907745766362438,1.3,1.08,450.0
383380,49.615234,0.98378,0,187.95,0.8075992677077735,1.3,1.08,450.0
383381,49.625,1.16736,0,187.95,0.8228952957289998,1.3,1.08,450.0
383382,49.634765,1.00661,0,187.95,0.8381897574969267,1.3,1.08,450.0
383383,49.644531,1.04527,0,187.95,0.853485785518153,1.3,1.08,450.0
383384,49.655273,1.05428,0,187.95,0.8703104765896826,1.3,1.08,450.0
383385,49.665039,1.04355,0,187.95,0.885606504610909,1.3,1.08,450.0
383386,49.674804,1.00342,0,187.95,0.9009009663790141,1.3,1.08,450.0
383387,49.679687,0.99642,0,187.95,0.9085489803895381,1.3,1.08,450.0
383388,49.689453,1.02962,0,187.95,0.9238450084107644,1.3,1.08,450.0
383389,49.700195,1.04899,0,187.95,0.9406696994822941,1.3,1.08,450.0
383390,49.709961,0.95507,0,187.95,0.9559657275033423,1.3,1.08,450.0
383391,49.719726,0.94822,0,187.95,0.9712601892714474,1.3,1.08,450.0
383392,49.729492,0.9872,0,187.95,0.9865562172926737,1.3,1.08,450.0
383393,49.740234,1.22106,0,187.95,0.00338090836420335,1.3,1.08,450.0
383394,49.75,1.199,0,187.95,0.018676936385429777,1.3,1.08,450.0
383395,49.759765,1.1522,0,187.95,0.03397139815335648,1.3,1.08,450.0
383396,49.769531,1.0674,0,187.95,0.04926742617458291,1.3,1.08,450.0
383397,49.780273,1.10059,0,187.95,0.06609211724611241,1.3,1.08,450.0
383398,49.785156,1.15629,0,187.95,0.07374013125663681,1.3,1.08,450.0
383399,49.794922,1.21079,0,187.95,0.08903615927786301,1.3,1.08,450.0
383400,49.804687,0.93101,0,187.95,0.10433062104596802,1.3,1.08,450.0
383401,49.814453,1.40483,1,179.92,0.0,1.3,1.08,450.0
383402,49.825195,1.41589,0,179.92,0.01610563658451657,1.3,1.08,450.0
383403,49.834961,2.11589,0,179.92,0.03074794219632408,1.3,1.08,450.0
383404,49.844726,2.63491,0,179.92,0.04538874849378484,1.3,1.08,450.0
383405,49.854492,2.93216,0,179.92,0.0600310541057628,1.3,1.08,450.0
383406,49.865234,2.4734,0,179.92,0.07613669069027937,1.3,1.08,450.0
383407,49.870117,2.47808,0,179.92,0.08345784349618311,1.3,1.08,450.0
383408,49.879882,2.21773,0,179.92,0.09809864979364388,1.3,1.08,450.0
383409,49.889648,2.1452,0,179.92,0.11274095540562185,1.3,1.08,450.0
383410,49.899414,2.34383,0,179.92,0.1273832610175998,1.3,1.08,450.0
383411,49.910156,2.09986,0,179.92,0.14348889760194591,1.3,1.08,450.0
383412,49.919922,2.03978,0,179.92,0.15813120321392388,1.3,1.08,450.0
383413,49.929687,2.78388,0,179.92,0.17277200951138466,1.3,1.08,450.0
383414,49.939453,2.30159,0,179.92,0.1874143151233626,1.3,1.08,450.0
383415,49.950195,1.19477,0,179.92,0.20351995170787918,1.3,1.08,450.0
383416,49.959961,0.93367,0,179.92,0.2181622573196867,1.3,1.08,450.0
383417,49.969726,0.67472,0,179.92,0.23280306361714745,1.3,1.08,450.0
383418,49.979492,0.62573,0,179.92,0.2474453692291254,1.3,1.08,450.0
383419,49.984375,0.67805,0,179.92,0.2547665220351996,1.3,1.08,450.0
383420,49.995117,0.86157,0,179.92,0.2708721586195457,1.3,1.08,450.0
383421,50.004882,1.14714,0,179.92,0.2855129649170065,1.3,1.08,450.0
383422,50.014648,1.42164,0,179.92,0.30015527052898444,1.3,1.08,450.0
383423,50.024414,1.53608,0,179.92,0.3147975761409624,1.3,1.08,450.0
383424,50.035156,1.47371,0,179.92,0.33090321272530854,1.3,1.08,450.0
383425,50.044922,1.28688,0,179.92,0.3455455183372865,1.3,1.08,450.0
383426,50.054687,1.07937,0,179.92,0.36018632463474726,1.3,1.08,450.0
383427,50.064453,0.96328,0,179.92,0.3748286302467252,1.3,1.08,450.0
383428,50.070312,0.97112,0,179.92,0.38361311402516757,1.3,1.08,450.0
383429,50.080078,0.95381,0,179.92,0.3982554196371455,1.3,1.08,450.0
383430,50.089843,0.9773,0,179.92,0.4128962259346063,1.3,1.08,450.0
383431,50.099609,1.07231,0,179.92,0.4275385315465842,1.3,1.08,450.0
383432,50.109375,1.21071,0,179.92,0.4421808371585622,1.3,1.08,450.0
383433,50.120117,1.34045,0,179.92,0.4582864737429083,1.3,1.08,450.0
383434,50.129882,1.37185,0,179.92,0.4729272800403691,1.3,1.08,450.0
383435,50.139648,1.364,0,179.92,0.48756958565234704,1.3,1.08,450.0
383436,50.149414,1.3311,0,179.92,0.502211891264325,1.3,1.08,450.0
383437,50.160156,1.33226,0,179.92,0.5183175278486711,1.3,1.08,450.0
383438,50.169922,1.44966,0,179.92,0.5329598334606491,1.3,1.08,450.0
383439,50.174804,1.61805,0,179.92,0.5402794869522061,1.3,1.08,450.0
383440,50.18457,1.76711,0,179.92,0.5549217925641841,1.3,1.08,450.0
383441,50.195312,1.91287,0,179.92,0.5710274291485302,1.3,1.08,450.0
383442,50.205078,2.03369,0,179.92,0.5856697347605081,1.3,1.08,450.0
383443,50.214843,2.17234,0,179.92,0.6003105410579689,1.3,1.08,450.0
383444,50.224609,2.32258,0,179.92,0.6149528466699469,1.3,1.08,450.0
383445,50.234375,2.42169,0,179.92,0.6295951522819248,1.3,1.08,450.0
383446,50.245117,2.4121,0,179.92,0.645700788866271,1.3,1.08,450.0
383447,50.254882,2.38393,0,179.92,0.6603415951637317,1.3,1.08,450.0
383448,50.264648,2.39751,0,179.92,0.6749839007757096,1.3,1.08,450.0
383449,50.274414,2.39287,0,179.92,0.6896262063876877,1.3,1.08,450.0
383450,50.280273,2.31031,0,179.92,0.69841069016613,1.3,1.08,450.0
383451,50.290039,2.2072,0,179.92,0.713052995778108,1.3,1.08,450.0
383452,50.299804,2.20631,0,179.92,0.7276938020755687,1.3,1.08,450.0
383453,50.30957,2.34831,0,179.92,0.7423361076875467,1.3,1.08,450.0
383454,50.320312,2.55142,0,179.92,0.7584417442718928,1.3,1.08,450.0
383455,50.330078,2.63343,0,179.92,0.7730840498838707,1.3,1.08,450.0
383456,50.339843,2.65934,0,179.92,0.7877248561813315,1.3,1.08,450.0
383457,50.349609,2.60272,0,179.92,0.8023671617933095,1.3,1.08,450.0
383458,50.359375,2.08857,0,179.92,0.8170094674052873,1.3,1.08,450.0
383459,50.365234,0.77025,0,179.92,0.8257939511837298,1.3,1.08,450.0
383460,50.375,2.9459,1,193.58,0.0,1.3,1.08,450.0
383461,50.384765,2.47921,0,193.58,0.015752677346372132,1.3,1.08,450.0
383462,50.394531,0.81386,0,193.58,0.03150696787032723,1.3,1.08,450.0
383463,50.405273,0.49465,0,193.58,0.048835719540293115,1.3,1.08,450.0
383464,50.415039,2.39984,0,193.58,0.06459001006424821,1.3,1.08,450.0
383465,50.424804,2.68799,0,193.58,0.08034268741080373,1.3,1.08,450.0
383466,50.43457,1.69079,0,193.58,0.09609697793475884,1.3,1.08,450.0
383467,50.445312,1.20266,0,193.58,0.11342572960454132,1.3,1.08,450.0
383468,50.455078,1.63623,0,193.58,0.12918002012849641,1.3,1.08,450.0
383469,50.464843,2.08298,0,193.58,0.14493269747505194,1.3,1.08,450.0
383470,50.474609,1.38631,0,193.58,0.16068698799900705,1.3,1.08,450.0
383471,50.479492,1.11892,0,193.58,0.1685641332608929,1.3,1.08,450.0
383472,50.490234,0.99845,0,193.58,0.1858928849308588,1.3,1.08,450.0
383473,50.5,1.1293,0,193.58,0.20164717545481387,1.3,1.08,450.0
383474,50.509765,1.11923,0,193.58,0.217399852801186,1.3,1.08,450.0
383475,50.519531,1.17284,0,193.58,0.2331541433251411,1.3,1.08,450.0
383476,50.530273,1.05353,0,193.58,0.250482894995107,1.3,1.08,450.0
383477,50.540039,1.13735,0,193.58,0.26623718551906206,1.3,1.08,450.0
383478,50.549804,1.06888,0,193.58,0.2819898628656176,1.3,1.08,450.0
383479,50.55957,1.10378,0,193.58,0.2977441533895727,1.3,1.08,450.0
383480,50.570312,1.11333,0,193.58,0.3150729050593552,1.3,1.08,450.0
383481,50.575195,1.19724,0,193.58,0.3229500503214245,1.3,1.08,450.0
383482,50.584961,0.98294,0,193.58,0.3387043408451962,1.3,1.08,450.0
383483,50.594726,1.26134,0,193.58,0.3544570181917516,1.3,1.08,450.0
383484,50.604492,0.94032,0,193.58,0.3702113087157068,1.3,1.08,450.0
383485,50.615234,1.14022,0,193.58,0.3875400603856727,1.3,1.08,450.0
383486,50.625,1.04117,0,193.58,0.40329435090962773,1.3,1.08,450.0
383487,50.634765,1.05925,0,193.58,0.4190470282559999,1.3,1.08,450.0
383488,50.644531,1.01587,0,193.58,0.434801318779955,1.3,1.08,450.0
383489,50.655273,0.99696,0,193.58,0.4521300704499209,1.3,1.08,450.0
383490,50.665039,1.01087,0,193.58,0.467884360973876,1.3,1.08,450.0
383491,50.669922,1.01305,0,193.58,0.47576150623576186,1.3,1.08,450.0
383492,50.679687,0.97265,0,193.58,0.4915141835823173,1.3,1.08,450.0
383493,50.689453,0.97279,0,193.58,0.5072684741062724,1.3,1.08,450.0
383494,50.700195,0.98737,0,193.58,0.5245972257762384,1.3,1.08,450.0
383495,50.709961,0.99818,0,193.58,0.54035151630001,1.3,1.08,450.0
383496,50.719726,1.04959,0,193.58,0.5561041936465655,1.3,1.08,450.0
383497,50.729492,0.96762,0,193.58,0.5718584841705207,1.3,1.08,450.0
383498,50.740234,1.01572,0,193.58,0.5891872358404865,1.3,1.08,450.0
383499,50.75,0.951,0,193.58,0.6049415263644417,1.3,1.08,450.0
383500,50.759765,1.02892,0,193.58,0.6206942037108137,1.3,1.08,450.0
383501,50.769531,0.93405,0,193.58,0.6364484942347688,1.3,1.08,450.0
383502,50.780273,1.07527,0,193.58,0.6537772459047347,1.3,1.08,450.0
383503,50.785156,0.93642,0,193.58,0.6616543911666206,1.3,1.08,450.0
383504,50.794922,1.13556,0,193.58,0.6774086816905757,1.3,1.08,450.0
383505,50.804687,0.88987,0,193.58,0.6931613590371312,1.3,1.08,450.0
383506,50.814453,1.04425,0,193.58,0.7089156495610863,1.3,1.08,450.0
383507,50.825195,1.03625,0,193.58,0.7262444012310522,1.3,1.08,450.0
383508,50.834961,1.10354,0,193.58,0.7419986917548239,1.3,1.08,450.0
383509,50.844726,1.04414,0,193.58,0.7577513691013794,1.3,1.08,450.0
383510,50.854492,1.05942,0,193.58,0.7735056596253345,1.3,1.08,450.0
383511,50.865234,1.08608,0,193.58,0.7908344112953004,1.3,1.08,450.0
383512,50.870117,1.10237,0,193.58,0.7987115565571863,1.3,1.08,450.0
383513,50.879882,1.07682,0,193.58,0.8144642339037418,1.3,1.08,450.0
383514,50.889648,1.0374,0,193.58,0.8302185244276968,1.3,1.08,450.0
383515,50.899414,1.0438,0,193.58,0.845972814951652,1.3,1.08,450.0
383516,50.910156,1.04487,0,193.58,0.8633015666214344,1.3,1.08,450.0
383517,50.919922,1.12087,0,193.58,0.8790558571453896,1.3,1.08,450.0
383518,50.929687,1.06871,0,193.58,0.8948085344919451,1.3,1.08,450.0
383519,50.939453,1.04962,0,193.58,0.9105628250159001,1.3,1.08,450.0
383520,50.950195,1.08022,0,193.58,0.9278915766858661,1.3,1.08,450.0
383521,50.959961,1.01739,0,193.58,0.9436458672096377,1.3,1.08,450.0
383522,50.969726,1.09462,0,193.58,0.9593985445561933,1.3,1.08,450.0
383523,50.974609,1.01853,0,193.58,0.9672756898182625,1.3,1.08,450.0
383524,50.984375,1.09555,0,193.58,0.9830299803422177,1.3,1.08,450.0
383525,50.995117,0.96198,0,193.58,0.0003587320120002069,1.3,1.08,450.0
383526,51.004882,1.01745,0,193.58,0.016111409358555706,1.3,1.08,450.0
383527,51.014648,0.98885,0,193.58,0.031865699882510645,1.3,1.08,450.0
383528,51.024414,0.99363,0,193.58,0.047619990406465806,1.3,1.08,450.0
383529,51.035156,1.13367,0,193.58,0.06494874207624823,1.3,1.08,450.0
383530,51.044922,1.28847,0,193.58,0.08070303260020362,1.3,1.08,450.0
383531,51.054687,1.07672,0,193.58,0.09645570994675912,1.3,1.08,450.0
383532,51.064453,1.06502,0,193.58,0.11221000047071406,1.3,1.08,450.0
383533,51.070312,1.06851,0,193.58,0.12166160687861072,1.3,1.08,450.0
383534,51.080078,1.1591,0,193.58,0.13741589740256588,1.3,1.08,450.0
383535,51.089843,1.11274,0,193.58,0.15316857474912116,1.3,1.08,450.0
383536,51.099609,0.99654,0,193.58,0.16892286527307632,1.3,1.08,450.0
383537,51.109375,1.11857,0,193.58,0.1846771557970317,1.3,1.08,450.0
383538,51.120117,1.20812,0,193.58,0.2020059074668139,1.3,1.08,450.0
383539,51.129882,1.46176,1,179.73,0.0,1.3,1.08,450.0
383540,51.139648,2.02545,0,179.73,0.014627422833751652,1.3,1.08,450.0
383541,51.149414,2.73335,0,179.73,0.029254845667503304,1.3,1.08,450.0
383542,51.160156,3.24701,0,179.73,0.04534411211016339,1.3,1.08,450.0
383543,51.165039,2.76529,0,179.73,0.05265782352712435,1.3,1.08,450.0
383544,51.174804,2.34625,0,179.73,0.06728374857029677,1.3,1.08,450.0
383545,51.18457,2.93981,0,179.73,0.08191117140404842,1.3,1.08,450.0
383546,51.195312,2.13571,0,179.73,0.0980004378467085,1.3,1.08,450.0
383547,51.205078,1.91901,0,179.73,0.11262786068046014,1.3,1.08,450.0
383548,51.214843,2.27998,0,179.73,0.12725378572363258,1.3,1.08,450.0
383549,51.224609,1.8833,0,179.73,0.14188120855738423,1.3,1.08,450.0
383550,51.234375,1.70017,0,179.73,0.15650863139113588,1.3,1.08,450.0
383551,51.245117,1.49385,0,179.73,0.17259789783379595,1.3,1.08,450.0
383552,51.254882,1.24325,0,179.73,0.18722382287696837,1.3,1.08,450.0
383553,51.264648,1.02387,0,179.73,0.20185124571072005,1.3,1.08,450.0
383554,51.274414,0.9099,0,179.73,0.21647866854447168,1.3,1.08,450.0
383555,51.280273,0.96263,0,179.73,0.22525422357034108,1.3,1.08,450.0
383556,51.290039,1.1489,0,179.73,0.23988164640409274,1.3,1.08,450.0
383557,51.299804,1.31248,0,179.73,0.25450757144726516,1.3,1.08,450.0
383558,51.30957,1.4129,0,179.73,0.2691349942810168,1.3,1.08,450.0
383559,51.320312,1.44634,0,179.73,0.2852242607236769,1.3,1.08,450.0
383560,51.330078,1.39662,0,179.73,0.2998516835574285,1.3,1.08,450.0
383561,51.339843,1.23758,0,179.73,0.314477608600601,1.3,1.08,450.0
383562,51.349609,1.11982,0,179.73,0.3291050314343526,1.3,1.08,450.0
383563,51.359375,0.99454,0,179.73,0.3437324542681042,1.3,1.08,450.0
383564,51.365234,0.89577,0,179.73,0.3525080092939737,1.3,1.08,450.0
383565,51.375,0.92661,0,179.73,0.36713543212772526,1.3,1.08,450.0
383566,51.384765,1.00131,0,179.73,0.38176135717072746,1.3,1.08,450.0
383567,51.394531,1.1656,0,179.73,0.3963887800044791,1.3,1.08,450.0
383568,51.405273,1.32204,0,179.73,0.41247804644730945,1.3,1.08,450.0
383569,51.415039,1.39422,0,179.73,0.42710546928106113,1.3,1.08,450.0
383570,51.424804,1.32914,0,179.73,0.44173139432423353,1.3,1.08,450.0
383571,51.43457,1.21013,0,179.73,0.4563588171579852,1.3,1.08,450.0
383572,51.445312,1.13754,0,179.73,0.4724480836006453,1.3,1.08,450.0
383573,51.455078,1.20375,0,179.73,0.4870755064343969,1.3,1.08,450.0
383574,51.464843,1.36595,0,179.73,0.5017014314775693,1.3,1.08,450.0
383575,51.474609,1.54579,0,179.73,0.516328854311321,1.3,1.08,450.0
383576,51.479492,1.72036,0,179.73,0.5236425657281116,1.3,1.08,450.0
383577,51.490234,1.86969,0,179.73,0.539731832170942,1.3,1.08,450.0
383578,51.5,1.96286,0,179.73,0.5543592550046937,1.3,1.08,450.0
383579,51.509765,2.0178,0,179.73,0.5689851800476958,1.3,1.08,450.0
383580,51.519531,2.04868,0,179.73,0.5836126028814476,1.3,1.08,450.0
383581,51.530273,2.06291,0,179.73,0.5997018693242778,1.3,1.08,450.0
383582,51.540039,2.06236,0,179.73,0.6143292921580294,1.3,1.08,450.0
383583,51.549804,2.08527,0,179.73,0.628955217201202,1.3,1.08,450.0
383584,51.55957,2.1578,0,179.73,0.6435826400349536,1.3,1.08,450.0
383585,51.570312,2.27014,0,179.73,0.6596719064776136,1.3,1.08,450.0
383586,51.575195,2.35295,0,179.73,0.6669856178945747,1.3,1.08,450.0
383587,51.584961,2.25783,0,179.73,0.681613040728156,1.3,1.08,450.0
383588,51.594726,2.09411,0,179.73,0.6962389657713284,1.3,1.08,450.0
383589,51.604492,2.02046,0,179.73,0.71086638860508,1.3,1.08,450.0
383590,51.615234,2.09263,0,179.73,0.7269556550479105,1.3,1.08,450.0
383591,51.625,2.25358,0,179.73,0.7415830778816621,1.3,1.08,450.0
383592,51.634765,2.38614,0,179.73,0.7562090029246643,1.3,1.08,450.0
383593,51.644531,2.47108,0,179.73,0.7708364257584158,1.3,1.08,450.0
383594,51.655273,2.44595,0,179.73,0.7869256922012462,1.3,1.08,450.0
383595,51.660156,2.37525,0,179.73,0.7942394036180368,1.3,1.08,450.0
383596,51.669922,1.01075,0,179.73,0.8088668264517885,1.3,1.08,450.0
383597,51.679687,1.88774,1,195.14,0.0,1.3,1.08,450.0
383598,51.689453,3.11552,0,195.14,0.015881518223137034,1.3,1.08,450.0
383599,51.700195,1.56876,0,195.14,0.03335021254563384,1.3,1.08,450.0
383600,51.709961,0.6815,0,195.14,0.049231730768585995,1.3,1.08,450.0
383601,51.719726,1.36287,0,195.14,0.06511162278670736,1.3,1.08,450.0
383602,51.729492,2.60475,0,195.14,0.0809931410098444,1.3,1.08,450.0
383603,51.740234,2.15723,0,195.14,0.0984618353323412,1.3,1.08,450.0
383604,51.75,1.40886,0,195.14,0.11434335355547824,1.3,1.08,450.0
383605,51.759765,1.26221,0,195.14,0.13022324557341472,1.3,1.08,450.0
383606,51.769531,1.93996,0,195.14,0.14610476379655174,1.3,1.08,450.0
383607,51.780273,1.67662,0,195.14,0.16357345811904855,1.3,1.08,450.0
383608,51.785156,1.27351,0,195.14,0.17151421723052465,1.3,1.08,450.0
383609,51.794922,1.17708,0,195.14,0.18739573545366167,1.3,1.08,450.0
383610,51.804687,1.14708,0,195.14,0.20327562747178304,1.3,1.08,450.0
383611,51.814453,1.07943,0,195.14,0.2191571456949201,1.3,1.08,450.0
383612,51.825195,1.05141,0,195.14,0.23662584001741688,1.3,1.08,450.0
383613,51.834961,1.10542,0,195.14,0.2525073582403691,1.3,1.08,450.0
383614,51.844726,1.16114,0,195.14,0.26838725025849036,1.3,1.08,450.0
383615,51.854492,1.11603,0,195.14,0.28426876848162747,1.3,1.08,450.0
383616,51.865234,1.06163,0,195.14,0.3017374628041242,1.3,1.08,450.0
383617,51.870117,1.09569,0,195.14,0.30967822191560035,1.3,1.08,450.0
383618,51.879882,1.16021,0,195.14,0.3255581139337217,1.3,1.08,450.0
383619,51.889648,1.19646,0,195.14,0.34143963215685874,1.3,1.08,450.0
383620,51.899414,1.05755,0,195.14,0.35732115037999573,1.3,1.08,450.0
383621,51.910156,1.09293,0,195.14,0.3747898447023077,1.3,1.08,450.0
383622,51.919922,1.04053,0,195.14,0.3906713629254447,1.3,1.08,450.0
383623,51.929687,1.07816,0,195.14,0.4065512549435661,1.3,1.08,450.0
383624,51.939453,0.99471,0,195.14,0.4224327731667031,1.3,1.08,450.0
383625,51.950195,1.10957,0,195.14,0.43990146748919995,1.3,1.08,450.0
383626,51.959961,0.97241,0,195.14,0.4557829857121521,1.3,1.08,450.0
383627,51.969726,1.1083,0,195.14,0.47166287773027343,1.3,1.08,450.0
383628,51.974609,0.89699,0,195.14,0.4796036368419344,1.3,1.08,450.0
383629,51.984375,1.05814,0,195.14,0.49548515506507146,1.3,1.08,450.0
383630,51.995117,0.97208,0,195.14,0.5129538493873834,1.3,1.08,450.0
383631,52.004882,0.99729,0,195.14,0.5288337414055048,1.3,1.08,450.0
383632,52.014648,0.95502,0,195.14,0.5447152596286418,1.3,1.08,450.0
383633,52.024414,1.00398,0,195.14,0.5605967778517787,1.3,1.08,450.0
383634,52.035156,0.96988,0,195.14,0.5780654721740908,1.3,1.08,450.0
383635,52.044922,1.00262,0,195.14,0.5939469903972278,1.3,1.08,450.0
383636,52.054687,1.01829,0,195.14,0.6098268824153491,1.3,1.08,450.0
383637,52.064453,1.01868,0,195.14,0.6257084006384861,1.3,1.08,450.0
383638,52.070312,1.04949,0,195.14,0.635236335849322,1.3,1.08,450.0
383639,52.080078,1.00627,0,195.14,0.651117854072459,1.3,1.08,450.0
383640,52.089843,1.07369,0,195.14,0.6669977460905804,1.3,1.08,450.0
383641,52.099609,1.01193,0,195.14,0.6828792643137175,1.3,1.08,450.0
383642,52.109375,1.07249,0,195.14,0.6987607825368545,1.3,1.08,450.0
383643,52.120117,1.02933,0,195.14,0.7162294768591664,1.3,1.08,450.0
383644,52.129882,1.04542,0,195.14,0.7321093688772877,1.3,1.08,450.0
383645,52.139648,1.00493,0,195.14,0.7479908871004248,1.3,1.08,450.0
383646,52.149414,1.08612,0,195.14,0.7638724053235618,1.3,1.08,450.0
383647,52.155273,1.01229,0,195.14,0.7734003405343977,1.3,1.08,450.0
383648,52.165039,1.14079,0,195.14,0.7892818587575348,1.3,1.08,450.0
383649,52.174804,1.07468,0,195.14,0.8051617507756561,1.3,1.08,450.0
383650,52.18457,1.09171,0,195.14,0.8210432689987931,1.3,1.08,450.0
383651,52.195312,1.06994,0,195.14,0.838511963321105,1.3,1.08,450.0
383652,52.205078,1.02337,0,195.14,0.8543934815442421,1.3,1.08,450.0
383653,52.214843,1.04586,0,195.14,0.8702733735623635,1.3,1.08,450.0
383654,52.224609,1.02097,0,195.14,0.8861548917855004,1.3,1.08,450.0
383655,52.234375,1.12337,0,195.14,0.9020364100086375,1.3,1.08,450.0
383656,52.245117,1.02703,0,195.14,0.9195051043309495,1.3,1.08,450.0
383657,52.254882,1.00565,0,195.14,0.9353849963490709,1.3,1.08,450.0
383658,52.264648,1.00245,0,195.14,0.9512665145722078,1.3,1.08,450.0
383659,52.274414,1.03369,0,195.14,0.9671480327953449,1.3,1.08,450.0
383660,52.280273,1.0439,0,195.14,0.9766759680061807,1.3,1.08,450.0
383661,52.290039,0.97713,0,195.14,0.9925574862293177,1.3,1.08,450.0
383662,52.299804,1.03441,0,195.14,0.008437378247439176,1.3,1.08,450.0
383663,52.30957,1.00707,0,195.14,0.024318896470576057,1.3,1.08,450.0
383664,52.320312,1.04576,0,195.14,0.041787590792888185,1.3,1.08,450.0
383665,52.330078,1.01669,0,195.14,0.057669109016025066,1.3,1.08,450.0
383666,52.339843,1.08519,0,195.14,0.07354900103414641,1.3,1.08,450.0
383667,52.349609,0.94014,0,195.14,0.08943051925728351,1.3,1.08,450.0
383668,52.359375,1.05523,0,195.14,0.10531203748042062,1.3,1.08,450.0
383669,52.365234,0.89682,0,195.14,0.11483997269125656,1.3,1.08,450.0
383670,52.375,1.07718,0,195.14,0.13072149091439345,1.3,1.08,450.0
383671,52.384765,1.26627,0,195.14,0.14660138293233005,1.3,1.08,450.0
383672,52.394531,1.19528,0,195.14,0.16248290115546693,1.3,1.08,450.0
383673,52.405273,1.07906,0,195.14,0.1799515954779638,1.3,1.08,450.0
383674,52.415039,1.0489,0,195.14,0.1958331137011009,1.3,1.08,450.0
383675,52.424804,1.15202,0,195.14,0.21171300571922225,1.3,1.08,450.0
383676,52.43457,1.17507,0,195.14,0.22759452394235913,1.3,1.08,450.0
383677,52.445312,1.12835,0,195.14,0.24506321826467126,1.3,1.08,450.0
383678,52.455078,1.26883,0,195.14,0.26094473648780814,1.3,1.08,450.0
383679,52.464843,1.39894,1,178.22,0.0,1.3,1.08,450.0
383680,52.469726,1.97462,0,178.22,0.007252113970393031,1.3,1.08,450.0
383681,52.479492,2.38698,0,178.22,0.021756341911347937,1.3,1.08,450.0
383682,52.490234,2.96917,0,178.22,0.037710101540905004,1.3,1.08,450.0
383683,52.5,3.11383,0,178.22,0.0522143294818599,1.3,1.08,450.0
383684,52.509765,2.82637,0,178.22,0.06671707224673933,1.3,1.08,450.0
383685,52.519531,2.29659,0,178.22,0.08122130018769423,1.3,1.08,450.0
383686,52.530273,2.19084,0,178.22,0.09717505981725129,1.3,1.08,450.0
383687,52.540039,1.85815,0,178.22,0.1116792877582062,1.3,1.08,450.0
383688,52.549804,1.91294,0,178.22,0.12618203052325444,1.3,1.08,450.0
383689,52.55957,1.81679,0,178.22,0.14068625846420935,1.3,1.08,450.0
383690,52.570312,2.85528,0,178.22,0.15664001809359757,1.3,1.08,450.0
383691,52.575195,1.66545,0,178.22,0.16389213206415945,1.3,1.08,450.0
383692,52.584961,1.36376,0,178.22,0.17839636000494552,1.3,1.08,450.0
383693,52.594726,0.97888,0,178.22,0.19289910276999375,1.3,1.08,450.0
383694,52.604492,0.77654,0,178.22,0.20740333071094869,1.3,1.08,450.0
383695,52.615234,0.75245,0,178.22,0.22335709034050574,1.3,1.08,450.0
383696,52.625,0.81899,0,178.22,0.23786131828146065,1.3,1.08,450.0
383697,52.634765,1.00382,0,178.22,0.25236406104634007,1.3,1.08,450.0
383698,52.644531,1.19512,0,178.22,0.266868288987295,1.3,1.08,450.0
383699,52.655273,1.31736,0,178.22,0.28282204861685206,1.3,1.08,450.0
383700,52.660156,1.36625,0,178.22,0.29007416258724505,1.3,1.08,450.0
383701,52.669922,1.33272,0,178.22,0.30457839052819996,1.3,1.08,450.0
383702,52.679687,1.1782,0,178.22,0.3190811332932482,1.3,1.08,450.0
383703,52.689453,0.95063,0,178.22,0.3335853612342031,1.3,1.08,450.0
383704,52.700195,0.76092,0,178.22,0.34953912086376016,1.3,1.08,450.0
383705,52.709961,0.68475,0,178.22,0.3640433488045462,1.3,1.08,450.0
383706,52.719726,0.7992,0,178.22,0.3785460915695945,1.3,1.08,450.0
383707,52.729492,1.01809,0,178.22,0.3930503195105494,1.3,1.08,450.0
383708,52.740234,1.29948,0,178.22,0.40900407914010645,1.3,1.08,450.0
383709,52.75,1.46647,0,178.22,0.42350830708106135,1.3,1.08,450.0
383710,52.759765,1.419,0,178.22,0.4380110498459408,1.3,1.08,450.0
383711,52.769531,1.2291,0,178.22,0.4525152777868957,1.3,1.08,450.0
383712,52.774414,1.07626,0,178.22,0.4597673917574576,1.3,1.08,450.0
383713,52.785156,1.04929,0,178.22,0.47572115138684584,1.3,1.08,450.0
383714,52.794922,1.15759,0,178.22,0.4902253793278007,1.3,1.08,450.0
383715,52.804687,1.40642,0,178.22,0.504728122092849,1.3,1.08,450.0
383716,52.814453,1.63661,0,178.22,0.5192323500338039,1.3,1.08,450.0
383717,52.825195,1.77248,0,178.22,0.5351861096633609,1.3,1.08,450.0
383718,52.834961,1.90773,0,178.22,0.549690337604147,1.3,1.08,450.0
383719,52.844726,2.06863,0,178.22,0.5641930803691952,1.3,1.08,450.0
383720,52.854492,2.21529,0,178.22,0.5786973083101502,1.3,1.08,450.0
383721,52.865234,2.29695,0,178.22,0.5946510679397072,1.3,1.08,450.0
383722,52.870117,2.31098,0,178.22,0.6019031819101002,1.3,1.08,450.0
383723,52.879882,2.30301,0,178.22,0.6164059246751485,1.3,1.08,450.0
383724,52.889648,2.27246,0,178.22,0.6309101526161034,1.3,1.08,450.0
383725,52.899414,2.25476,0,178.22,0.6454143805570584,1.3,1.08,450.0
383726,52.910156,2.25453,0,178.22,0.6613681401864465,1.3,1.08,450.0
383727,52.919922,2.26446,0,178.22,0.6758723681274014,1.3,1.08,450.0
383728,52.929687,2.23307,0,178.22,0.6903751108924497,1.3,1.08,450.0
383729,52.939453,2.19456,0,178.22,0.7048793388334046,1.3,1.08,450.0
383730,52.950195,2.21529,0,178.22,0.7208330984629616,1.3,1.08,450.0
383731,52.959961,2.29733,0,178.22,0.7353373264037477,1.3,1.08,450.0
383732,52.964843,2.43032,0,178.22,0.7425879551984029,1.3,1.08,450.0
383733,52.974609,2.50552,0,178.22,0.7570921831393579,1.3,1.08,450.0
383734,52.984375,2.57393,0,178.22,0.7715964110803128,1.3,1.08,450.0
383735,52.995117,2.56468,0,178.22,0.7875501707097009,1.3,1.08,450.0
383736,53.004882,1.76281,0,178.22,0.8020529134747493,1.3,1.08,450.0
383737,53.014648,1.31649,0,178.22,0.8165571414157041,1.3,1.08,450.0
383738,53.024414,3.15735,0,178.22,0.8310613693566591,1.3,1.08,450.0
383739,53.035156,2.08272,0,178.22,0.8470151289860472,1.3,1.08,450.0
383740,53.044922,1.23969,0,178.22,0.8615193569270022,1.3,1.08,450.0
383741,53.054687,0.86657,0,178.22,0.8760220996920505,1.3,1.08,450.0
383742,53.064453,2.55092,1,186.98,0.0,1.3,1.08,450.0
383743,53.070312,2.48675,0,186.98,0.00912952794674675,1.3,1.08,450.0
383744,53.080078,1.5436,0,186.98,0.024346966063874535,1.3,1.08,450.0
383745,53.089843,1.24828,0,186.98,0.03956284597517817,1.3,1.08,450.0
383746,53.099609,2.28117,0,186.98,0.05478028409230595,1.3,1.08,450.0
383747,53.109375,1.74877,0,186.98,0.06999772220943373,1.3,1.08,450.0
383748,53.120117,1.46705,0,186.98,0.0867359692146558,1.3,1.08,450.0
383749,53.129882,0.96036,0,186.98,0.10195184912595943,1.3,1.08,450.0
383750,53.139648,1.22376,0,186.98,0.11716928724308721,1.3,1.08,450.0
383751,53.149414,1.14434,0,186.98,0.132386725360215,1.3,1.08,450.0
383752,53.155273,1.21409,0,186.98,0.14151625330696177,1.3,1.08,450.0
383753,53.165039,1.11317,0,186.98,0.15673369142408955,1.3,1.08,450.0
383754,53.174804,1.16003,0,186.98,0.17194957133539318,1.3,1.08,450.0
383755,53.18457,1.09477,0,186.98,0.18716700945252096,1.3,1.08,450.0
383756,53.195312,1.09399,0,186.98,0.20390525645774302,1.3,1.08,450.0
383757,53.205078,1.07346,0,186.98,0.21912269457487082,1.3,1.08,450.0
383758,53.214843,1.11882,0,186.98,0.23433857448617443,1.3,1.08,450.0
383759,53.224609,1.05782,0,186.98,0.2495560126033022,1.3,1.08,450.0
383760,53.234375,1.09677,0,186.98,0.26477345072043,1.3,1.08,450.0
383761,53.245117,1.06519,0,186.98,0.2815116977256521,1.3,1.08,450.0
383762,53.254882,1.00859,0,186.98,0.29672757763695573,1.3,1.08,450.0
383763,53.264648,1.03649,0,186.98,0.31194501575408345,1.3,1.08,450.0
383764,53.274414,1.0088,0,186.98,0.3271624538712113,1.3,1.08,450.0
383765,53.280273,0.98904,0,186.98,0.336291981817958,1.3,1.08,450.0
383766,53.290039,1.03667,0,186.98,0.35150941993508583,1.3,1.08,450.0
383767,53.299804,1.01552,0,186.98,0.36672529984638946,1.3,1.08,450.0
383768,53.30957,1.01879,0,186.98,0.38194273796351724,1.3,1.08,450.0
383769,53.320312,1.10821,0,186.98,0.39868098496873927,1.3,1.08,450.0
383770,53.330078,0.93802,0,186.98,0.4138984230858671,1.3,1.08,450.0
383771,53.339843,1.13944,0,186.98,0.42911430299717074,1.3,1.08,450.0
383772,53.349609,0.97423,0,186.98,0.4443317411142985,1.3,1.08,450.0
383773,53.359375,1.08188,0,186.98,0.4595491792314263,1.3,1.08,450.0
383774,53.365234,1.02994,0,186.98,0.468678707178173,1.3,1.08,450.0
383775,53.375,1.04662,0,186.98,0.48389614529530084,1.3,1.08,450.0
383776,53.384765,1.02457,0,186.98,0.49911202520642733,1.3,1.08,450.0
383777,53.394531,1.05565,0,186.98,0.5143294633235551,1.3,1.08,450.0
383778,53.405273,1.04037,0,186.98,0.5310677103289543,1.3,1.08,450.0
383779,53.415039,1.03328,0,186.98,0.546285148446082,1.3,1.08,450.0
383780,53.424804,1.05421,0,186.98,0.5615010283573857,1.3,1.08,450.0
383781,53.43457,1.03172,0,186.98,0.5767184664745135,1.3,1.08,450.0
383782,53.445312,1.04792,0,186.98,0.5934567134797356,1.3,1.08,450.0
383783,53.455078,1.001,0,186.98,0.6086741515968633,1.3,1.08,450.0
383784,53.464843,1.02691,0,186.98,0.6238900315081669,1.3,1.08,450.0
383785,53.469726,1.03277,0,186.98,0.6314987505666423,1.3,1.08,450.0
383786,53.479492,1.01528,0,186.98,0.6467161886837701,1.3,1.08,450.0
383787,53.490234,1.01974,0,186.98,0.6634544356891694,1.3,1.08,450.0
383788,53.5,1.04174,0,186.98,0.678671873806297,1.3,1.08,450.0
383789,53.509765,1.04173,0,186.98,0.6938877537174235,1.3,1.08,450.0
383790,53.519531,1.05981,0,186.98,0.7091051918345513,1.3,1.08,450.0
383791,53.530273,1.01722,0,186.98,0.7258434388399506,1.3,1.08,450.0
383792,53.540039,1.02398,0,186.98,0.7410608769570783,1.3,1.08,450.0
383793,53.549804,1.05808,0,186.98,0.756276756868382,1.3,1.08,450.0
383794,53.55957,1.04024,0,186.98,0.7714941949855098,1.3,1.08,450.0
383795,53.570312,1.05207,0,186.98,0.788232441990732,1.3,1.08,450.0
383796,53.575195,1.04902,0,186.98,0.7958411610493844,1.3,1.08,450.0
383797,53.584961,1.05024,0,186.98,0.8110585991663349,1.3,1.08,450.0
383798,53.594726,1.01648,0,186.98,0.8262744790776385,1.3,1.08,450.0
383799,53.604492,1.04365,0,186.98,0.8414919171947663,1.3,1.08,450.0
383800,53.615234,1.02581,0,186.98,0.8582301642001656,1.3,1.08,450.0
383801,53.625,1.02722,0,186.98,0.8734476023172933,1.3,1.08,450.0
383802,53.634765,1.04848,0,186.98,0.8886634822284198,1.3,1.08,450.0
383803,53.644531,1.07237,0,186.98,0.9038809203455477,1.3,1.08,450.0
383804,53.655273,0.9803,0,186.98,0.920619167350947,1.3,1.08,450.0
383805,53.660156,0.94448,0,186.98,0.9282278864094222,1.3,1.08,450.0
383806,53.669922,1.0307,0,186.98,0.9434453245265499,1.3,1.08,450.0
383807,53.679687,1.24219,0,186.98,0.9586612044378536,1.3,1.08,450.0
383808,53.689453,1.21778,0,186.98,0.9738786425549814,1.3,1.08,450.0
383809,53.700195,0.99836,0,186.98,0.9906168895603806,1.3,1.08,450.0
383810,53.709961,1.12799,0,186.98,0.005834327677331164,1.3,1.08,450.0
383811,53.719726,0.95541,0,186.98,0.02105020758863474,1.3,1.08,450.0
383812,53.729492,1.33088,1,184.37,0.0,1.3,1.08,450.0
383813,53.740234,0.96139,0,184.37,0.016503922672436406,1.3,1.08,450.0
383814,53.75,1.18908,0,184.37,0.031508326770228204,1.3,1.08,450.0
383815,53.759765,1.13456,0,184.37,0.046511194475867046,1.3,1.08,450.0
383816,53.769531,1.61718,0,184.37,0.06151559857365884,1.3,1.08,450.0
383817,53.774414,1.98365,0,184.37,0.06901780062264208,1.3,1.08,450.0
383818,53.785156,2.53129,0,184.37,0.0855217232949038,1.3,1.08,450.0
383819,53.794922,2.60813,0,184.37,0.1005261273926956,1.3,1.08,450.0
383820,53.804687,2.52249,0,184.37,0.11552899509850913,1.3,1.08,450.0
383821,53.814453,2.55365,0,184.37,0.13053339919630091,1.3,1.08,450.0
383822,53.825195,2.08176,0,184.37,0.14703732186873733,1.3,1.08,450.0
383823,53.834961,2.31736,0,184.37,0.16204172596635447,1.3,1.08,450.0
383824,53.844726,2.33562,0,184.37,0.17704459367216796,1.3,1.08,450.0
383825,53.854492,2.18252,0,184.37,0.19204899776995976,1.3,1.08,450.0
383826,53.865234,2.1871,0,184.37,0.20855292044239618,1.3,1.08,450.0
383827,53.870117,2.68328,0,184.37,0.21605512249120473,1.3,1.08,450.0
383828,53.879882,1.8884,0,184.37,0.23105799019701825,1.3,1.08,450.0
383829,53.889648,1.27907,0,184.37,0.24606239429481003,1.3,1.08,450.0
383830,53.899414,0.9835,0,184.37,0.26106679839260183,1.3,1.08,450.0
383831,53.910156,0.78831,0,184.37,0.2775707210648636,1.3,1.08,450.0
383832,53.919922,0.71332,0,184.37,0.2925751251626554,1.3,1.08,450.0
383833,53.929687,0.74041,0,184.37,0.3075779928684689,1.3,1.08,450.0
383834,53.939453,0.92163,0,184.37,0.3225823969662607,1.3,1.08,450.0
383835,53.950195,1.13511,0,184.37,0.33908631963869706,1.3,1.08,450.0
383836,53.959961,1.28805,0,184.37,0.3540907237363142,1.3,1.08,450.0
383837,53.964843,1.37143,0,184.37,0.36159138939331914,1.3,1.08,450.0
383838,53.974609,1.37136,0,184.37,0.37659579349111094,1.3,1.08,450.0
383839,53.984375,1.3141,0,184.37,0.39160019758890274,1.3,1.08,450.0
383840,53.995117,1.16832,0,184.37,0.4081041202611645,1.3,1.08,450.0
383841,54.004882,1.04034,0,184.37,0.42310698796697804,1.3,1.08,450.0
383842,54.014648,0.9875,0,184.37,0.43811139206476984,1.3,1.08,450.0
383843,54.024414,0.99806,0,184.37,0.45311579616256165,1.3,1.08,450.0
383844,54.035156,1.0452,0,184.37,0.46961971883482334,1.3,1.08,450.0
383845,54.044922,1.09162,0,184.37,0.48462412293261514,1.3,1.08,450.0
383846,54.054687,1.14761,0,184.37,0.49962699063842864,1.3,1.08,450.0
383847,54.064453,1.18217,0,184.37,0.5146313947362204,1.3,1.08,450.0
383848,54.070312,1.20019,0,184.37,0.5236331153596736,1.3,1.08,450.0
383849,54.080078,1.24136,0,184.37,0.5386375194574654,1.3,1.08,450.0
383850,54.089843,1.28388,0,184.37,0.5536403871632789,1.3,1.08,450.0
383851,54.099609,1.39374,0,184.37,0.5686447912610707,1.3,1.08,450.0
383852,54.109375,1.52372,0,184.37,0.5836491953588625,1.3,1.08,450.0
383853,54.120117,1.65651,0,184.37,0.6001531180311243,1.3,1.08,450.0
383854,54.129882,1.83615,0,184.37,0.6151559857369377,1.3,1.08,450.0
383855,54.139648,2.02517,0,184.37,0.6301603898347296,1.3,1.08,450.0
383856,54.149414,2.183,0,184.37,0.6451647939325214,1.3,1.08,450.0
383857,54.155273,2.28576,0,184.37,0.6541665145559745,1.3,1.08,450.0
383858,54.165039,2.26864,0,184.37,0.6691709186537663,1.3,1.08,450.0
383859,54.174804,2.19989,0,184.37,0.6841737863595798,1.3,1.08,450.0
383860,54.18457,2.16022,0,184.37,0.6991781904573717,1.3,1.08,450.0
383861,54.195312,2.16267,0,184.37,0.7156821131296334,1.3,1.08,450.0
383862,54.205078,2.14032,0,184.37,0.7306865172274252,1.3,1.08,450.0
383863,54.214843,2.0773,0,184.37,0.7456893849332388,1.3,1.08,450.0
383864,54.224609,2.01169,0,184.37,0.7606937890310305,1.3,1.08,450.0
383865,54.234375,1.98736,0,184.37,0.7756981931288223,1.3,1.08,450.0
383866,54.245117,1.96772,0,184.37,0.792202115801084,1.3,1.08,450.0
383867,54.254882,1.97059,0,184.37,0.8072049835068975,1.3,1.08,450.0
383868,54.264648,2.01758,0,184.37,0.8222093876046893,1.3,1.08,450.0
383869,54.269531,2.09331,0,184.37,0.8297115896534979,1.3,1.08,450.0
383870,54.280273,2.15076,0,184.37,0.8462155123259343,1.3,1.08,450.0
383871,54.290039,2.16285,0,184.37,0.8612199164237261,1.3,1.08,450.0
383872,54.299804,2.3708,0,184.37,0.8762227841295397,1.3,1.08,450.0
383873,54.30957,1.08139,0,184.37,0.8912271882273314,1.3,1.08,450.0
383874,54.320312,1.53704,0,184.37,0.9077311108995931,1.3,1.08,450.0
383875,54.330078,2.78118,0,184.37,0.9227355149973849,1.3,1.08,450.0
383876,54.339843,1.91551,0,184.37,0.9377383827031984,1.3,1.08,450.0
383877,54.349609,1.27816,0,184.37,0.9527427868009902,1.3,1.08,450.0
383878,54.359375,1.45861,0,184.37,0.967747190898782,1.3,1.08,450.0
383879,54.365234,2.32931,0,184.37,0.9767489115222353,1.3,1.08,450.0
383880,54.375,2.18623,0,184.37,0.991753315620027,1.3,1.08,450.0
383881,54.384765,1.38666,0,184.37,0.006756183325665965,1.3,1.08,450.0
383882,54.394531,1.01253,0,184.37,0.021760587423457656,1.3,1.08,450.0
383883,54.405273,1.72713,1,181.65,0.0,1.3,1.08,450.0
383884,54.415039,1.55726,0,181.65,0.01478321338328695,1.3,1.08,450.0
383885,54.424804,1.28253,0,181.65,0.029564913023655003,1.3,1.08,450.0
383886,54.43457,1.20203,0,181.65,0.044348126406941954,1.3,1.08,450.0
383887,54.445312,1.14484,0,181.65,0.060608752882685794,1.3,1.08,450.0
383888,54.455078,1.09672,0,181.65,0.07539196626597275,1.3,1.08,450.0
383889,54.459961,1.0783,0,181.65,0.08278357295753018,1.3,1.08,450.0
383890,54.469726,1.17006,0,181.65,0.09756527259789823,1.3,1.08,450.0
383891,54.479492,1.15196,0,181.65,0.11234848598118519,1.3,1.08,450.0
383892,54.490234,1.19185,0,181.65,0.1286091124571011,1.3,1.08,450.0
383893,54.5,0.96879,0,181.65,0.14339232584038805,1.3,1.08,450.0
383894,54.509765,1.21932,0,181.65,0.15817402548058404,1.3,1.08,450.0
383895,54.519531,1.02091,0,181.65,0.172957238863871,1.3,1.08,450.0
383896,54.530273,1.1661,0,181.65,0.18921786533978693,1.3,1.08,450.0
383897,54.540039,1.06538,0,181.65,0.20400107872307385,1.3,1.08,450.0
383898,54.549804,1.0831,0,181.65,0.21878277836344193,1.3,1.08,450.0
383899,54.55957,1.01856,0,181.65,0.23356599174672887,1.3,1.08,450.0
383900,54.570312,1.04593,0,181.65,0.24982661822247273,1.3,1.08,450.0
383901,54.575195,1.02898,0,181.65,0.2572182249142022,1.3,1.08,450.0
383902,54.584961,1.04723,0,181.65,0.2720014382973171,1.3,1.08,450.0
383903,54.594726,1.10927,0,181.65,0.2867831379376852,1.3,1.08,450.0
383904,54.604492,1.05834,0,181.65,0.30156635132097215,1.3,1.08,450.0
383905,54.615234,1.06744,0,181.65,0.31782697779688807,1.3,1.08,450.0
383906,54.625,1.02682,0,181.65,0.332610191180175,1.3,1.08,450.0
383907,54.634765,1.05231,0,181.65,0.347391890820371,1.3,1.08,450.0
383908,54.644531,0.95942,0,181.65,0.3621751042036579,1.3,1.08,450.0
383909,54.655273,1.01196,0,181.65,0.37843573067957387,1.3,1.08,450.0
383910,54.660156,0.9972,0,181.65,0.38582733737113123,1.3,1.08,450.0
383911,54.669922,0.99776,0,181.65,0.40061055075441826,1.3,1.08,450.0
383912,54.679687,0.95729,0,181.65,0.4153922503947863,1.3,1.08,450.0
383913,54.689453,1.08027,0,181.65,0.4301754637780732,1.3,1.08,450.0
383914,54.700195,0.94684,0,181.65,0.44643609025398917,1.3,1.08,450.0
383915,54.709961,1.13955,0,181.65,0.461219303637104,1.3,1.08,450.0
383916,54.719726,0.99687,0,181.65,0.4760010032774721,1.3,1.08,450.0
383917,54.729492,1.08457,0,181.65,0.49078421666075905,1.3,1.08,450.0
383918,54.740234,1.02414,0,181.65,0.507044843136675,1.3,1.08,450.0
383919,54.75,1.03891,0,181.65,0.5218280565199619,1.3,1.08,450.0
383920,54.759765,1.02983,0,181.65,0.5366097561601578,1.3,1.08,450.0
383921,54.764648,1.06102,0,181.65,0.5440013628518874,1.3,1.08,450.0
383922,54.774414,1.03716,0,181.65,0.5587845762351743,1.3,1.08,450.0
383923,54.785156,1.02599,0,181.65,0.5750452027109182,1.3,1.08,450.0
383924,54.794922,1.01196,0,181.65,0.5898284160942051,1.3,1.08,450.0
383925,54.804687,1.02349,0,181.65,0.6046101157345732,1.3,1.08,450.0
383926,54.814453,1.05026,0,181.65,0.6193933291178602,1.3,1.08,450.0
383927,54.825195,1.06438,0,181.65,0.6356539555937761,1.3,1.08,450.0
383928,54.834961,1.00982,0,181.65,0.650437168976891,1.3,1.08,450.0
383929,54.844726,1.05772,0,181.65,0.665218868617259,1.3,1.08,450.0
383930,54.854492,0.99965,0,181.65,0.680002082000546,1.3,1.08,450.0
383931,54.865234,1.04806,0,181.65,0.6962627084764619,1.3,1.08,450.0
383932,54.870117,1.01621,0,181.65,0.7036543151680194,1.3,1.08,450.0
383933,54.879882,1.09689,0,181.65,0.7184360148083874,1.3,1.08,450.0
383934,54.889648,1.00527,0,181.65,0.7332192281916743,1.3,1.08,450.0
383935,54.899414,1.12154,0,181.65,0.7480024415749612,1.3,1.08,450.0
383936,54.910156,0.96612,0,181.65,0.7642630680507051,1.3,1.08,450.0
383937,54.919922,1.09068,0,181.65,0.779046281433992,1.3,1.08,450.0
383938,54.929687,1.02773,0,181.65,0.7938279810743601,1.3,1.08,450.0
383939,54.939453,1.05533,0,181.65,0.8086111944576471,1.3,1.08,450.0
383940,54.950195,1.0248,0,181.65,0.824871820933563,1.3,1.08,450.0
383941,54.955078,1.02043,0,181.65,0.8322634276251204,1.3,1.08,450.0
383942,54.964843,0.98275,0,181.65,0.8470451272654885,1.3,1.08,450.0
383943,54.974609,1.06159,0,181.65,0.8618283406487754,1.3,1.08,450.0
383944,54.984375,1.30515,1,191.88,0.0,1.3,1.08,450.0
383945,54.995117,1.14512,0,191.88,0.01717613958851477,1.3,1.08,450.0
383946,55.004882,1.05372,0,191.88,0.03279008513711922,1.3,1.08,450.0
383947,55.014648,1.04677,0,191.88,0.04840562965607791,1.3,1.08,450.0
383948,55.024414,1.14187,0,191.88,0.06402117417503661,1.3,1.08,450.0
383949,55.035156,1.09139,0,191.88,0.08119731376355138,1.3,1.08,450.0
383950,55.044922,1.12052,0,191.88,0.09681285828251007,1.3,1.08,450.0
383951,55.054687,1.15716,0,191.88,0.11242680383111453,1.3,1.08,450.0
383952,55.064453,1.3596,0,191.88,0.12804234835007322,1.3,1.08,450.0
383953,55.070312,1.83156,0,191.88,0.13741071567919955,1.3,1.08,450.0
383954,55.080078,2.3053,0,191.88,0.15302626019815824,1.3,1.08,450.0
383955,55.089843,2.74505,0,191.88,0.1686402057467627,1.3,1.08,450.0
383956,55.099609,2.77182,0,191.88,0.18425575026572139,1.3,1.08,450.0
383957,55.109375,2.56648,0,191.88,0.19987129478468008,1.3,1.08,450.0
383958,55.120117,1.94548,0,191.88,0.21704743437319485,1.3,1.08,450.0
383959,55.129882,2.13336,0,191.88,0.23266137992179928,1.3,1.08,450.0
383960,55.139648,2.66904,0,191.88,0.248276924440758,1.3,1.08,450.0
383961,55.149414,2.23139,0,191.88,0.2638924689597167,1.3,1.08,450.0
383962,55.155273,2.44764,0,191.88,0.273260836288843,1.3,1.08,450.0
383963,55.165039,2.32686,0,191.88,0.2888763808078017,1.3,1.08,450.0
383964,55.174804,2.87467,0,191.88,0.30449032635640616,1.3,1.08,450.0
383965,55.18457,1.36406,0,191.88,0.3201058708753648,1.3,1.08,450.0
383966,55.195312,1.14951,0,191.88,0.3372820104638796,1.3,1.08,450.0
383967,55.205078,0.93471,0,191.88,0.35289755498283826,1.3,1.08,450.0
383968,55.214843,0.85603,0,191.88,0.36851150053144277,1.3,1.08,450.0
383969,55.224609,0.80778,0,191.88,0.3841270450504014,1.3,1.08,450.0
383970,55.234375,0.85814,0,191.88,0.39974258956936015,1.3,1.08,450.0
383971,55.245117,0.96922,0,191.88,0.4169187291578749,1.3,1.08,450.0
383972,55.254882,1.09925,0,191.88,0.4325326747064794,1.3,1.08,450.0
383973,55.264648,1.24125,0,191.88,0.44814821922543807,1.3,1.08,450.0
383974,55.269531,1.37597,0,191.88,0.4559559914848265,1.3,1.08,450.0
383975,55.280273,1.50894,0,191.88,0.4731321310735231,1.3,1.08,450.0
383976,55.290039,1.5222,0,191.88,0.4887476755924818,1.3,1.08,450.0
383977,55.299804,1.48468,0,191.88,0.5043616211410862,1.3,1.08,450.0
383978,55.30957,1.33782,0,191.88,0.5199771656600449,1.3,1.08,450.0
383979,55.320312,1.14771,0,191.88,0.5371533052485596,1.3,1.08,450.0
383980,55.330078,1.02566,0,191.88,0.5527688497675184,1.3,1.08,450.0
383981,55.339843,0.97961,0,191.88,0.5683827953161228,1.3,1.08,450.0
383982,55.349609,0.95249,0,191.88,0.5839983398350815,1.3,1.08,450.0
383983,55.359375,1.06669,0,191.88,0.5996138843540403,1.3,1.08,450.0
383984,55.365234,1.26099,0,191.88,0.6089822516831666,1.3,1.08,450.0
383985,55.375,1.42645,0,191.88,0.6245977962021253,1.3,1.08,450.0
383986,55.384765,1.58261,0,191.88,0.6402117417505478,1.3,1.08,450.0
383987,55.394531,1.61853,0,191.88,0.6558272862695066,1.3,1.08,450.0
383988,55.405273,1.68926,0,191.88,0.6730034258582032,1.3,1.08,450.0
383989,55.415039,1.77013,0,191.88,0.6886189703771618,1.3,1.08,450.0
383990,55.424804,1.85298,0,191.88,0.7042329159257663,1.3,1.08,450.0
383991,55.43457,1.91951,0,191.88,0.719848460444725,1.3,1.08,450.0
383992,55.445312,1.98927,0,191.88,0.7370246000332397,1.3,1.08,450.0
383993,55.455078,2.08248,0,191.88,0.7526401445521985,1.3,1.08,450.0
383994,55.459961,2.14834,0,191.88,0.760447916811587,1.3,1.08,450.0
383995,55.469726,2.19983,0,191.88,0.7760618623601914,1.3,1.08,450.0
383996,55.479492,2.2318,0,191.88,0.7916774068791501,1.3,1.08,450.0
383997,55.490234,2.23323,0,191.88,0.8088535464678466,1.3,1.08,450.0
383998,55.5,2.13154,0,191.88,0.8244690909868052,1.3,1.08,450.0
383999,55.509765,1.98548,0,191.88,0.840083036535228,1.3,1.08,450.0
384000,55.519531,1.93155,0,191.88,0.8556985810541866,1.3,1.08,450.0
384001,55.530273,1.92412,0,191.88,0.8728747206428832,1.3,1.08,450.0
384002,55.540039,1.93095,0,191.88,0.8884902651618419,1.3,1.08,450.0
384003,55.549804,1.97969,0,191.88,0.9041042107104463,1.3,1.08,450.0
384004,55.55957,2.07809,0,191.88,0.9197197552294051,1.3,1.08,450.0
384005,55.570312,2.10787,0,191.88,0.9368958948179198,1.3,1.08,450.0
384006,55.575195,2.10643,0,191.88,0.9447036670774901,1.3,1.08,450.0
384007,55.584961,2.051,0,191.88,0.960319211596267,1.3,1.08,450.0
384008,55.594726,2.03504,0,191.88,0.9759331571448714,1.3,1.08,450.0
384009,55.604492,1.98723,0,191.88,0.9915487016638301,1.3,1.08,450.0
384010,55.615234,0.70413,0,191.88,0.008724841252526705,1.3,1.08,450.0
384011,55.625,2.18603,1,190.05,0.0,1.3,1.08,450.0
384012,55.634765,2.69277,0,190.05,0.015465538060699792,1.3,1.08,450.0
384013,55.644531,1.4585,0,190.05,0.030932659894034507,1.3,1.08,450.0
384014,55.655273,0.91015,0,190.05,0.04794554364728379,1.3,1.08,450.0
384015,55.660156,1.41817,0,190.05,0.055679104563861125,1.3,1.08,450.0
384016,55.669922,2.50244,0,190.05,0.07114622639719584,1.3,1.08,450.0
384017,55.679687,2.08694,0,190.05,0.08661176445807568,1.3,1.08,450.0
384018,55.689453,1.4053,0,190.05,0.1020788862914104,1.3,1.08,450.0
384019,55.700195,1.06621,0,190.05,0.11909177004465968,1.3,1.08,450.0
384020,55.709961,2.04519,0,190.05,0.13455889187781436,1.3,1.08,450.0
384021,55.719726,1.61996,0,190.05,0.1500244299386942,1.3,1.08,450.0
384022,55.729492,1.3788,0,190.05,0.1654915517720289,1.3,1.08,450.0
384023,55.740234,1.26547,0,190.05,0.1825044355252782,1.3,1.08,450.0
384024,55.75,1.15853,0,190.05,0.1979715573586129,1.3,1.08,450.0
384025,55.759765,1.09282,0,190.05,0.21343709541931272,1.3,1.08,450.0
384026,55.764648,1.0983,0,190.05,0.22117065633607008,1.3,1.08,450.0
384027,55.774414,1.10943,0,190.05,0.23663777816940482,1.3,1.08,450.0
384028,55.785156,1.12348,0,190.05,0.25365066192247404,1.3,1.08,450.0
384029,55.794922,1.04058,0,190.05,0.2691177837558087,1.3,1.08,450.0
384030,55.804687,1.13018,0,190.05,0.2845833218166886,1.3,1.08,450.0
384031,55.814453,1.03564,0,190.05,0.3000504436500233,1.3,1.08,450.0
384032,55.825195,1.14011,0,190.05,0.3170633274032726,1.3,1.08,450.0
384033,55.834961,1.10861,0,190.05,0.3325304492364272,1.3,1.08,450.0
384034,55.844726,1.10534,0,190.05,0.3479959872973071,1.3,1.08,450.0
384035,55.854492,1.02022,0,190.05,0.36346310913064184,1.3,1.08,450.0
384036,55.865234,1.08288,0,190.05,0.3804759928838911,1.3,1.08,450.0
384037,55.870117,0.97675,0,190.05,0.38820955380046845,1.3,1.08,450.0
384038,55.879882,1.15846,0,190.05,0.4036750918613483,1.3,1.08,450.0
384039,55.889648,0.95713,0,190.05,0.419142213694683,1.3,1.08,450.0
384040,55.899414,1.12088,0,190.05,0.4346093355280177,1.3,1.08,450.0
384041,55.910156,0.98359,0,190.05,0.4516222192810869,1.3,1.08,450.0
384042,55.919922,1.04325,0,190.05,0.46708934111442163,1.3,1.08,450.0
384043,55.929687,1.02825,0,190.05,0.48255487917530154,1.3,1.08,450.0
384044,55.939453,1.04322,0,190.05,0.49802200100863625,1.3,1.08,450.0
384045,55.950195,0.99425,0,190.05,0.5150348847618855,1.3,1.08,450.0
384046,55.955078,1.03306,0,190.05,0.5227684456784628,1.3,1.08,450.0
384047,55.964843,1.03387,0,190.05,0.5382339837393426,1.3,1.08,450.0
384048,55.974609,0.97962,0,190.05,0.5537011055726774,1.3,1.08,450.0
384049,55.984375,1.0086,0,190.05,0.569168227406012,1.3,1.08,450.0
384050,55.995117,0.9746,0,190.05,0.5861811111590813,1.3,1.08,450.0
384051,56.004882,0.98218,0,190.05,0.6016466492199612,1.3,1.08,450.0
384052,56.014648,0.92815,0,190.05,0.6171137710532959,1.3,1.08,450.0
384053,56.024414,1.06365,0,190.05,0.6325808928866307,1.3,1.08,450.0
384054,56.035156,1.023,0,190.05,0.6495937766396999,1.3,1.08,450.0
384055,56.044922,1.02015,0,190.05,0.6650608984730346,1.3,1.08,450.0
384056,56.054687,1.02132,0,190.05,0.6805264365339144,1.3,1.08,450.0
384057,56.064453,1.11324,0,190.05,0.6959935583672491,1.3,1.08,450.0
384058,56.070312,0.98425,0,190.05,0.7052728812037411,1.3,1.08,450.0
384059,56.079101,1.10095,0,190.05,0.7191926573447063,1.3,1.08,450.0
384060,56.089843,1.03518,0,190.05,0.7362055410979556,1.3,1.08,450.0
384061,56.099609,1.10431,0,190.05,0.7516726629312902,1.3,1.08,450.0
384062,56.109375,1.07933,0,190.05,0.767139784764625,1.3,1.08,450.0
384063,56.120117,1.05603,0,190.05,0.7841526685176942,1.3,1.08,450.0
384064,56.129882,1.06164,0,190.05,0.7996182065785741,1.3,1.08,450.0
384065,56.139648,1.04197,0,190.05,0.8150853284119088,1.3,1.08,450.0
384066,56.149414,1.07526,0,190.05,0.8305524502452435,1.3,1.08,450.0
384067,56.155273,1.01471,0,190.05,0.8398317730817354,1.3,1.08,450.0
384068,56.165039,1.05495,0,190.05,0.85529889491507,1.3,1.08,450.0
384069,56.174804,1.05748,0,190.05,0.87076443297595,1.3,1.08,450.0
384070,56.18457,1.04317,0,190.05,0.8862315548092847,1.3,1.08,450.0
384071,56.195312,1.05205,0,190.05,0.9032444385623539,1.3,1.08,450.0
384072,56.205078,1.01231,0,190.05,0.9187115603956887,1.3,1.08,450.0
384073,56.214843,1.08834,0,190.05,0.9341770984565685,1.3,1.08,450.0
384074,56.224609,0.98526,0,190.05,0.9496442202899031,1.3,1.08,450.0
384075,56.234375,1.06132,0,190.05,0.9651113421232379,1.3,1.08,450.0
384076,56.245117,0.99698,0,190.05,0.9821242258763071,1.3,1.08,450.0
384077,56.254882,1.07253,0,190.05,0.997589763937187,1.3,1.08,450.0
384078,56.259765,0.99432,0,190.05,0.0053233248537643,1.3,1.08,450.0
384079,56.269531,0.96849,0,190.05,0.02079044668709895,1.3,1.08,450.0
384080,56.280273,0.95521,0,190.05,0.037803330440348226,1.3,1.08,450.0
384081,56.290039,1.19281,0,190.05,0.0532704522736831,1.3,1.08,450.0
384082,56.299804,1.2778,0,190.05,0.06873599033456279,1.3,1.08,450.0
384083,56.30957,1.08165,0,190.05,0.08420311216789766,1.3,1.08,450.0
384084,56.320312,1.04087,0,190.05,0.10121599592096686,1.3,1.08,450.0
384085,56.330078,1.08216,0,190.05,0.11668311775430151,1.3,1.08,450.0
384086,56.339843,1.14558,0,190.05,0.13214865581518143,1.3,1.08,450.0
384087,56.349609,1.12678,0,190.05,0.14761577764851608,1.3,1.08,450.0
384088,56.359375,1.1784,0,190.05,0.16308289948185073,1.3,1.08,450.0
384089,56.365234,1.19358,0,190.05,0.17236222231834253,1.3,1.08,450.0
384090,56.375,1.58065,1,178.03,0.0,1.3,1.08,450.0
384091,56.384765,1.93229,0,178.03,0.014487322836367663,1.3,1.08,450.0
384092,56.394531,2.56395,0,178.03,0.028976129269708897,1.3,1.08,450.0
384093,56.405273,2.5951,0,178.03,0.044912926188351916,1.3,1.08,450.0
384094,56.415039,2.3501,0,178.03,0.05940173262169315,1.3,1.08,450.0
384095,56.424804,2.35129,0,178.03,0.07388905545822948,1.3,1.08,450.0
384096,56.43457,1.9086,0,178.03,0.08837786189157071,1.3,1.08,450.0
384097,56.445312,2.10059,0,178.03,0.10431465881004506,1.3,1.08,450.0
384098,56.450195,2.44785,0,178.03,0.11155906202680002,1.3,1.08,450.0
384099,56.459961,2.24929,0,178.03,0.12604786845997257,1.3,1.08,450.0
384100,56.469726,2.3328,0,178.03,0.1405351912965089,1.3,1.08,450.0
384101,56.479492,2.51099,0,178.03,0.15502399772985015,1.3,1.08,450.0
384102,56.490234,2.52474,0,178.03,0.17096079464849318,1.3,1.08,450.0
384103,56.5,1.29022,0,178.03,0.1854496010818344,1.3,1.08,450.0
384104,56.509765,1.07517,0,178.03,0.19993692391820206,1.3,1.08,450.0
384105,56.519531,0.84921,0,178.03,0.21442573035154328,1.3,1.08,450.0
384106,56.530273,0.75445,0,178.03,0.2303625272701863,1.3,1.08,450.0
384107,56.540039,0.72748,0,178.03,0.24485133370352755,1.3,1.08,450.0
384108,56.549804,0.83503,0,178.03,0.2593386565400639,1.3,1.08,450.0
384109,56.55957,1.00833,0,178.03,0.2738274629734051,1.3,1.08,450.0
384110,56.564453,1.19136,0,178.03,0.2810718661899914,1.3,1.08,450.0
384111,56.575195,1.38765,0,178.03,0.29700866310863444,1.3,1.08,450.0
384112,56.584961,1.53761,0,178.03,0.311497469541807,1.3,1.08,450.0
384113,56.594726,1.61982,0,178.03,0.3259847923783433,1.3,1.08,450.0
384114,56.604492,1.49555,0,178.03,0.3404735988116846,1.3,1.08,450.0
384115,56.615234,1.29522,0,178.03,0.35641039573032757,1.3,1.08,450.0
384116,56.625,1.08992,0,178.03,0.3708992021636688,1.3,1.08,450.0
384117,56.634765,0.95266,0,178.03,0.3853865250000365,1.3,1.08,450.0
384118,56.644531,0.93201,0,178.03,0.39987533143337767,1.3,1.08,450.0
384119,56.655273,0.9706,0,178.03,0.4158121283520207,1.3,1.08,450.0
384120,56.660156,1.05928,0,178.03,0.423056531568607,1.3,1.08,450.0
384121,56.669922,1.19968,0,178.03,0.4375453380019482,1.3,1.08,450.0
384122,56.679687,1.28846,0,178.03,0.45203266083848453,1.3,1.08,450.0
384123,56.689453,1.31231,0,178.03,0.4665214672718258,1.3,1.08,450.0
384124,56.700195,1.33815,0,178.03,0.48245826419046883,1.3,1.08,450.0
384125,56.709961,1.34969,0,178.03,0.4969470706236414,1.3,1.08,450.0
384126,56.719726,1.46047,0,178.03,0.5114343934601777,1.3,1.08,450.0
384127,56.729492,1.61977,0,178.03,0.525923199893519,1.3,1.08,450.0
384128,56.740234,1.72589,0,178.03,0.541859996812162,1.3,1.08,450.0
384129,56.75,1.81837,0,178.03,0.5563488032455032,1.3,1.08,450.0
384130,56.754882,1.9669,0,178.03,0.5635917228652846,1.3,1.08,450.0
384131,56.764648,2.19001,0,178.03,0.5780805292986259,1.3,1.08,450.0
384132,56.774414,2.34262,0,178.03,0.5925693357319671,1.3,1.08,450.0
384133,56.785156,2.41266,0,178.03,0.6085061326504414,1.3,1.08,450.0
384134,56.794922,2.41559,0,178.03,0.6229949390837827,1.3,1.08,450.0
384135,56.804687,2.35271,0,178.03,0.637482261920319,1.3,1.08,450.0
384136,56.814453,2.25901,0,178.03,0.6519710683536601,1.3,1.08,450.0
384137,56.825195,2.23475,0,178.03,0.6679078652723032,1.3,1.08,450.0
384138,56.834961,2.2481,0,178.03,0.6823966717054758,1.3,1.08,450.0
384139,56.844726,2.22215,0,178.03,0.6968839945420121,1.3,1.08,450.0
384140,56.854492,2.18009,0,178.03,0.7113728009753533,1.3,1.08,450.0
384141,56.865234,2.26279,0,178.03,0.7273095978939963,1.3,1.08,450.0
384142,56.870117,2.46843,0,178.03,0.7345540011105827,1.3,1.08,450.0
384143,56.879882,2.58302,0,178.03,0.7490413239471189,1.3,1.08,450.0
384144,56.889648,2.62315,0,178.03,0.7635301303804601,1.3,1.08,450.0
384145,56.899414,2.62153,0,178.03,0.7780189368138014,1.3,1.08,450.0
384146,56.910156,2.46948,0,178.03,0.7939557337322758,1.3,1.08,450.0
384147,56.919922,0.56613,0,178.03,0.8084445401656171,1.3,1.08,450.0
384148,56.929687,2.40756,1,193.35,0.0,1.3,1.08,450.0
384149,56.939453,2.93861,0,193.35,0.015735814151873303,1.3,1.08,450.0
384150,56.945312,1.14663,0,193.35,0.02517633587166562,1.3,1.08,450.0
384151,56.955078,0.62696,0,193.35,0.04091215002353892,1.3,1.08,450.0
384152,56.964843,1.74113,0,193.35,0.05664635288992051,1.3,1.08,450.0
384153,56.974609,2.80478,0,193.35,0.07238216704179382,1.3,1.08,450.0
384154,56.984375,2.28436,0,193.35,0.08811798119366712,1.3,1.08,450.0
384155,56.995117,1.33902,0,193.35,0.1054264099893045,1.3,1.08,450.0
384156,57.004882,1.17938,0,193.35,0.12116061285568608,1.3,1.08,450.0
384157,57.014648,2.41298,0,193.35,0.13689642700755938,1.3,1.08,450.0
384158,57.024414,1.78161,0,193.35,0.15263224115943266,1.3,1.08,450.0
384159,57.035156,1.3044,0,193.35,0.16994066995507007,1.3,1.08,450.0
384160,57.044922,1.10939,0,193.35,0.18567648410694337,1.3,1.08,450.0
384161,57.054687,1.31417,0,193.35,0.20141068697332495,1.3,1.08,450.0
384162,57.05957,1.23924,0,193.35,0.2092785940493532,1.3,1.08,450.0
384163,57.070312,1.15272,0,193.35,0.22658702284499058,1.3,1.08,450.0
384164,57.080078,1.12434,0,193.35,0.24232283699686388,1.3,1.08,450.0
384165,57.089843,1.1172,0,193.35,0.25805703986324546,1.3,1.08,450.0
384166,57.099609,1.05394,0,193.35,0.27379285401511877,1.3,1.08,450.0
384167,57.109375,1.09099,0,193.35,0.2895286681669921,1.3,1.08,450.0
384168,57.120117,1.09998,0,193.35,0.30683709696262945,1.3,1.08,450.0
384169,57.129882,1.14809,0,193.35,0.32257129982901106,1.3,1.08,450.0
384170,57.139648,1.12047,0,193.35,0.33830711398088437,1.3,1.08,450.0
384171,57.149414,1.08809,0,193.35,0.3540429281327577,1.3,1.08,450.0
384172,57.155273,1.10432,0,193.35,0.36348344985255,1.3,1.08,450.0
384173,57.165039,1.02848,0,193.35,0.3792192640044233,1.3,1.08,450.0
384174,57.174804,1.05735,0,193.35,0.39495346687080485,1.3,1.08,450.0
384175,57.18457,1.01534,0,193.35,0.41068928102267815,1.3,1.08,450.0
384176,57.195312,1.06564,0,193.35,0.42799770981831553,1.3,1.08,450.0
384177,57.205078,0.99638,0,193.35,0.44373352397018884,1.3,1.08,450.0
384178,57.214843,1.04235,0,193.35,0.45946772683657044,1.3,1.08,450.0
384179,57.224609,1.00577,0,193.35,0.47520354098844375,1.3,1.08,450.0
384180,57.234375,1.05258,0,193.35,0.49093935514031706,1.3,1.08,450.0
384181,57.245117,0.9848,0,193.35,0.5082477839359544,1.3,1.08,450.0
384182,57.254882,1.06722,0,193.35,0.523981986802336,1.3,1.08,450.0
384183,57.259765,0.9733,0,193.35,0.531849893878181,1.3,1.08,450.0
384184,57.269531,1.07217,0,193.35,0.5475857080300544,1.3,1.08,450.0
384185,57.280273,1.02509,0,193.35,0.564894136825875,1.3,1.08,450.0
384186,57.290039,1.03564,0,193.35,0.5806299509777482,1.3,1.08,450.0
384187,57.299804,1.01869,0,193.35,0.5963641538441298,1.3,1.08,450.0
384188,57.30957,1.02156,0,193.35,0.6120999679960032,1.3,1.08,450.0
384189,57.320312,0.99048,0,193.35,0.6294083967916405,1.3,1.08,450.0
384190,57.330078,1.04463,0,193.35,0.6451442109435137,1.3,1.08,450.0
384191,57.339843,1.05012,0,193.35,0.6608784138098953,1.3,1.08,450.0
384192,57.349609,1.04189,0,193.35,0.6766142279617687,1.3,1.08,450.0
384193,57.359375,1.04156,0,193.35,0.6923500421136419,1.3,1.08,450.0
384194,57.365234,0.97336,0,193.35,0.7017905638334343,1.3,1.08,450.0
384195,57.375,1.01249,0,193.35,0.7175263779853076,1.3,1.08,450.0
384196,57.384765,0.92886,0,193.35,0.7332605808515059,1.3,1.08,450.0
384197,57.394531,1.03072,0,193.35,0.7489963950033793,1.3,1.08,450.0
384198,57.405273,0.99963,0,193.35,0.7663048237991998,1.3,1.08,450.0
384199,57.415039,1.02706,0,193.35,0.7820406379510731,1.3,1.08,450.0
384200,57.424804,1.0039,0,193.35,0.7977748408174548,1.3,1.08,450.0
384201,57.43457,1.08436,0,193.35,0.8135106549693281,1.3,1.08,450.0
384202,57.445312,0.93577,0,193.35,0.8308190837649654,1.3,1.08,450.0
384203,57.450195,1.152,0,193.35,0.8386869908409937,1.3,1.08,450.0
384204,57.459961,1.00502,0,193.35,0.8544228049926837,1.3,1.08,450.0
384205,57.469726,1.10385,0,193.35,0.8701570078590654,1.3,1.08,450.0
384206,57.479492,1.1272,0,193.35,0.8858928220109388,1.3,1.08,450.0
384207,57.490234,1.04248,0,193.35,0.9032012508067593,1.3,1.08,450.0
384208,57.5,1.05948,0,193.35,0.9189370649586325,1.3,1.08,450.0
384209,57.509765,1.06035,0,193.35,0.9346712678248309,1.3,1.08,450.0
384210,57.519531,1.07686,0,193.35,0.9504070819767043,1.3,1.08,450.0
384211,57.530273,1.05757,0,193.35,0.9677155107725248,1.3,1.08,450.0
384212,57.540039,1.01847,0,193.35,0.983451324924398,1.3,1.08,450.0
384213,57.549804,0.94598,0,193.35,0.9991855277907796,1.3,1.08,450.0
384214,57.55957,0.99168,0,193.35,0.014921341942653044,1.3,1.08,450.0
384215,57.564453,1.11832,0,193.35,0.022789249018497992,1.3,1.08,450.0
384216,57.575195,1.32863,1,190.37,0.0,1.3,1.08,450.0
384217,57.584961,1.24836,0,190.37,0.015493156324657415,1.3,1.08,450.0
384218,57.594726,1.0354,0,190.37,0.030984726211210758,1.3,1.08,450.0
384219,57.604492,1.12592,0,190.37,0.04647788253604854,1.3,1.08,450.0
384220,57.615234,1.11644,0,190.37,0.06351940263045354,1.3,1.08,450.0
384221,57.625,1.17278,0,190.37,0.0790125589552913,1.3,1.08,450.0
384222,57.634765,0.86857,0,190.37,0.0945041288416643,1.3,1.08,450.0
384223,57.644531,1.25567,0,190.37,0.10999728516650206,1.3,1.08,450.0
384224,57.655273,1.03937,0,190.37,0.12703880526090708,1.3,1.08,450.0
384225,57.660156,1.68369,0,190.37,0.13478538342323576,1.3,1.08,450.0
384226,57.669922,2.06115,0,190.37,0.15027853974807354,1.3,1.08,450.0
384227,57.679687,2.65374,0,190.37,0.16577010963462688,1.3,1.08,450.0
384228,57.689453,2.62998,0,190.37,0.18126326595946465,1.3,1.08,450.0
384229,57.700195,2.91249,0,190.37,0.19830478605386967,1.3,1.08,450.0
384230,57.709961,2.05292,0,190.37,0.2137979423785271,1.3,1.08,450.0
384231,57.719726,2.01261,0,190.37,0.2292895122650804,1.3,1.08,450.0
384232,57.729492,3.24644,0,190.37,0.2447826685899182,1.3,1.08,450.0
384233,57.740234,2.23742,0,190.37,0.2618241886843232,1.3,1.08,450.0
384234,57.75,2.42547,0,190.37,0.27731734500916094,1.3,1.08,450.0
384235,57.754882,1.88263,0,190.37,0.2850623367332052,1.3,1.08,450.0
384236,57.764648,1.76737,0,190.37,0.300555493058043,1.3,1.08,450.0
384237,57.774414,1.25966,0,190.37,0.3160486493828808,1.3,1.08,450.0
384238,57.785156,1.15771,0,190.37,0.33309016947710546,1.3,1.08,450.0
384239,57.794922,1.06375,0,190.37,0.34858332580194323,1.3,1.08,450.0
384240,57.804687,1.00894,0,190.37,0.36407489568849655,1.3,1.08,450.0
384241,57.814453,1.01925,0,190.37,0.3795680520133343,1.3,1.08,450.0
384242,57.825195,1.02489,0,190.37,0.39660957210773934,1.3,1.08,450.0
384243,57.834961,1.02822,0,190.37,0.41210272843239676,1.3,1.08,450.0
384244,57.844726,1.052,0,190.37,0.4275942983189501,1.3,1.08,450.0
384245,57.854492,1.17364,0,190.37,0.44308745464378785,1.3,1.08,450.0
384246,57.865234,1.33374,0,190.37,0.4601289747381928,1.3,1.08,450.0
384247,57.870117,1.40689,0,190.37,0.4678755529005215,1.3,1.08,450.0
384248,57.879882,1.40481,0,190.37,0.4833671227870749,1.3,1.08,450.0
384249,57.889648,1.32415,0,190.37,0.49886027911191266,1.3,1.08,450.0
384250,57.899414,1.20314,0,190.37,0.5143534354367504,1.3,1.08,450.0
384251,57.910156,1.08687,0,190.37,0.5313949555309752,1.3,1.08,450.0
384252,57.919922,1.00717,0,190.37,0.5468881118558129,1.3,1.08,450.0
384253,57.929687,1.02384,0,190.37,0.5623796817423662,1.3,1.08,450.0
384254,57.939453,1.12865,0,190.37,0.577872838067204,1.3,1.08,450.0
384255,57.945312,1.2205,0,190.37,0.5871677799990999,1.3,1.08,450.0
384256,57.955078,1.25471,0,190.37,0.6026609363239377,1.3,1.08,450.0
384257,57.964843,1.23386,0,190.37,0.618152506210491,1.3,1.08,450.0
384258,57.974609,1.1742,0,190.37,0.6336456625353288,1.3,1.08,450.0
384259,57.984375,1.1551,0,190.37,0.6491388188601666,1.3,1.08,450.0
384260,57.995117,1.22069,0,190.37,0.6661803389543912,1.3,1.08,450.0
384261,58.004882,1.3841,0,190.37,0.6816719088409446,1.3,1.08,450.0
384262,58.014648,1.50627,0,190.37,0.6971650651657824,1.3,1.08,450.0
384263,58.024414,1.62361,0,190.37,0.7126582214906202,1.3,1.08,450.0
384264,58.035156,1.80314,0,190.37,0.7296997415848447,1.3,1.08,450.0
384265,58.044922,2.05207,0,190.37,0.7451928979096825,1.3,1.08,450.0
384266,58.054687,2.20892,0,190.37,0.7606844677962358,1.3,1.08,450.0
384267,58.05957,2.26652,0,190.37,0.768431045958745,1.3,1.08,450.0
384268,58.070312,2.23147,0,190.37,0.7854725660529697,1.3,1.08,450.0
384269,58.080078,2.14527,0,190.37,0.8009657223778073,1.3,1.08,450.0
384270,58.089843,2.08072,0,190.37,0.8164572922643607,1.3,1.08,450.0
384271,58.099609,2.06178,0,190.37,0.8319504485891984,1.3,1.08,450.0
384272,58.109375,2.08203,0,190.37,0.8474436049140361,1.3,1.08,450.0
384273,58.120117,2.10429,0,190.37,0.8644851250082609,1.3,1.08,450.0
384274,58.129882,2.10597,0,190.37,0.8799766948948142,1.3,1.08,450.0
384275,58.139648,2.14156,0,190.37,0.895469851219652,1.3,1.08,450.0
384276,58.149414,2.13089,0,190.37,0.9109630075444898,1.3,1.08,450.0
384277,58.155273,2.12207,0,190.37,0.9202579494763856,1.3,1.08,450.0
384278,58.165039,2.14548,0,190.37,0.9357511058012234,1.3,1.08,450.0
384279,58.174804,2.21168,0,190.37,0.9512426756877768,1.3,1.08,450.0
384280,58.18457,2.24313,0,190.37,0.9667358320126146,1.3,1.08,450.0
384281,58.195312,2.2243,0,190.37,0.9837773521068393,1.3,1.08,450.0
384282,58.205078,2.13136,0,190.37,0.999270508431677,1.3,1.08,450.0
384283,58.214843,0.61291,0,190.37,0.014762078318230287,1.3,1.08,450.0
384284,58.224609,2.37174,1,188.14,0.0,1.3,1.08,450.0
384285,58.234375,2.76134,0,188.14,0.015311162945252723,1.3,1.08,450.0
384286,58.245117,1.3063,0,188.14,0.03215250150317915,1.3,1.08,450.0
384287,58.25,0.74435,0,188.14,0.03980808297589463,1.3,1.08,450.0
384288,58.259765,1.65256,0,188.14,0.05511767811809111,1.3,1.08,450.0
384289,58.269531,2.60636,0,188.14,0.07042884106334384,1.3,1.08,450.0
384290,58.280273,2.13496,0,188.14,0.08727017962144851,1.3,1.08,450.0
384291,58.290039,1.35817,0,188.14,0.10258134256670122,1.3,1.08,450.0
384292,58.299804,1.22166,0,188.14,0.11789093770907595,1.3,1.08,450.0
384293,58.30957,1.92607,0,188.14,0.13320210065432866,1.3,1.08,450.0
384294,58.320312,1.88434,0,188.14,0.1500434392122551,1.3,1.08,450.0
384295,58.330078,1.40394,0,188.14,0.1653546021575078,1.3,1.08,450.0
384296,58.339843,1.1552,0,188.14,0.18066419729988253,1.3,1.08,450.0
384297,58.349609,1.10113,0,188.14,0.19597536024513526,1.3,1.08,450.0
384298,58.359375,1.23273,0,188.14,0.21128652319038796,1.3,1.08,450.0
384299,58.365234,1.13944,0,188.14,0.22047228027577717,1.3,1.08,450.0
384300,58.375,1.12113,0,188.14,0.23578344322102987,1.3,1.08,450.0
384301,58.384765,1.16689,0,188.14,0.2510930383632264,1.3,1.08,450.0
384302,58.394531,1.12548,0,188.14,0.2664042013084791,1.3,1.08,450.0
384303,58.405273,1.13854,0,188.14,0.28324553986658374,1.3,1.08,450.0
384304,58.415039,1.13869,0,188.14,0.2985567028118365,1.3,1.08,450.0
384305,58.424804,1.10085,0,188.14,0.3138662979542112,1.3,1.08,450.0
384306,58.43457,1.18,0,188.14,0.3291774608994639,1.3,1.08,450.0
384307,58.445312,0.99745,0,188.14,0.34601879945739034,1.3,1.08,450.0
384308,58.450195,1.09989,0,188.14,0.35367438093010584,1.3,1.08,450.0
384309,58.459961,1.03406,0,188.14,0.3689855438751803,1.3,1.08,450.0
384310,58.469726,1.05323,0,188.14,0.384295139017555,1.3,1.08,450.0
384311,58.479492,0.98437,0,188.14,0.3996063019628078,1.3,1.08,450.0
384312,58.490234,1.10067,0,188.14,0.41644764052091243,1.3,1.08,450.0
384313,58.5,1.00923,0,188.14,0.43175880346616513,1.3,1.08,450.0
384314,58.509765,1.01496,0,188.14,0.4470683986083616,1.3,1.08,450.0
384315,58.519531,0.99552,0,188.14,0.46237956155361437,1.3,1.08,450.0
384316,58.530273,0.98546,0,188.14,0.47922090011171903,1.3,1.08,450.0
384317,58.540039,0.96961,0,188.14,0.4945320630569717,1.3,1.08,450.0
384318,58.549804,0.98277,0,188.14,0.5098416581993465,1.3,1.08,450.0
384319,58.554687,1.02372,0,188.14,0.5174972396718837,1.3,1.08,450.0
384320,58.564453,0.99596,0,188.14,0.5328084026171365,1.3,1.08,450.0
384321,58.575195,1.05325,0,188.14,0.5496497411752411,1.3,1.08,450.0
384322,58.584961,1.01747,0,188.14,0.5649609041203156,1.3,1.08,450.0
384323,58.594726,1.02285,0,188.14,0.5802704992626903,1.3,1.08,450.0
384324,58.604492,0.96527,0,188.14,0.595581662207943,1.3,1.08,450.0
384325,58.615234,1.0681,0,188.14,0.6124230007660477,1.3,1.08,450.0
384326,58.625,0.93019,0,188.14,0.6277341637113004,1.3,1.08,450.0
384327,58.634765,1.12006,0,188.14,0.6430437588534968,1.3,1.08,450.0
384328,58.644531,0.96719,0,188.14,0.6583549217987497,1.3,1.08,450.0
384329,58.655273,1.08615,0,188.14,0.6751962603568542,1.3,1.08,450.0
384330,58.660156,1.01904,0,188.14,0.6828518418293915,1.3,1.08,450.0
384331,58.669922,1.04908,0,188.14,0.6981630047746442,1.3,1.08,450.0
384332,58.679687,1.01911,0,188.14,0.713472599917019,1.3,1.08,450.0
384333,58.689453,1.04436,0,188.14,0.7287837628622716,1.3,1.08,450.0
384334,58.700195,1.04241,0,188.14,0.7456251014203764,1.3,1.08,450.0
384335,58.709961,1.06069,0,188.14,0.7609362643654509,1.3,1.08,450.0
384336,58.719726,1.06586,0,188.14,0.7762458595078255,1.3,1.08,450.0
384337,58.729492,1.03846,0,188.14,0.7915570224530782,1.3,1.08,450.0
384338,58.740234,1.02295,0,188.14,0.8083983610111829,1.3,1.08,450.0
384339,58.745117,1.04175,0,188.14,0.8160539424837201,1.3,1.08,450.0
384340,58.754882,1.05022,0,188.14,0.8313635376260948,1.3,1.08,450.0
384341,58.764648,1.10484,0,188.14,0.8466747005713475,1.3,1.08,450.0
384342,58.774414,0.98855,0,188.14,0.8619858635166004,1.3,1.08,450.0
384343,58.785156,1.07447,0,188.14,0.8788272020745268,1.3,1.08,450.0
384344,58.794922,1.0121,0,188.14,0.8941383650197795,1.3,1.08,450.0
384345,58.804687,1.1006,0,188.14,0.9094479601621542,1.3,1.08,450.0
384346,58.814453,1.00927,0,188.14,0.9247591231074069,1.3,1.08,450.0
384347,58.825195,1.11679,0,188.14,0.9416004616655117,1.3,1.08,450.0
384348,58.834961,0.96791,0,188.14,0.9569116246105861,1.3,1.08,450.0
384349,58.844726,1.08808,0,188.14,0.9722212197529607,1.3,1.08,450.0
384350,58.854492,1.01535,0,188.14,0.9875323826982135,1.3,1.08,450.0
384351,58.859375,1.06158,0,188.14,0.995187964170929,1.3,1.08,450.0
384352,58.870117,0.93592,0,188.14,0.012029302728855384,1.3,1.08,450.0
384353,58.879882,0.98139,0,188.14,0.027338897871230117,1.3,1.08,450.0
384354,58.889648,1.00978,0,188.14,0.042650060816482815,1.3,1.08,450.0
384355,58.899414,1.3489,1,184.01,0.0,1.3,1.08,450.0
384356,58.910156,1.1526,0,184.01,0.016472272255427252,1.3,1.08,450.0
384357,58.919922,0.99362,0,184.01,0.031447901639868846,1.3,1.08,450.0
384358,58.929687,1.0723,0,184.01,0.04642199757874966,1.3,1.08,450.0
384359,58.939453,1.08684,0,184.01,0.06139762696319125,1.3,1.08,450.0
384360,58.945312,1.15954,0,184.01,0.07038208452648487,1.3,1.08,450.0
384361,58.955078,1.14929,0,184.01,0.08535771391092647,1.3,1.08,450.0
384362,58.964843,1.24267,0,184.01,0.10033180984980729,1.3,1.08,450.0
384363,58.974609,1.7138,0,184.01,0.11530743923424887,1.3,1.08,450.0
384364,58.984375,2.36489,0,184.01,0.13028306861869046,1.3,1.08,450.0
384365,58.995117,2.99833,0,184.01,0.1467553408741177,1.3,1.08,450.0
384366,59.004882,2.95918,0,184.01,0.16172943681299853,1.3,1.08,450.0
384367,59.014648,2.34618,0,184.01,0.1767050661974401,1.3,1.08,450.0
384368,59.024414,2.08552,0,184.01,0.19168069558188172,1.3,1.08,450.0
384369,59.035156,1.33425,0,184.01,0.20815296783730897,1.3,1.08,450.0
384370,59.044922,1.292,0,184.01,0.22312859722175057,1.3,1.08,450.0
384371,59.049804,1.6825,0,184.01,0.23061487846849774,1.3,1.08,450.0
384372,59.05957,2.16499,0,184.01,0.24559050785293934,1.3,1.08,450.0
384373,59.070312,1.94785,0,184.01,0.2620627801083666,1.3,1.08,450.0
384374,59.080078,2.06071,0,184.01,0.27703840949280817,1.3,1.08,450.0
384375,59.089843,4.03065,0,184.01,0.292012505431689,1.3,1.08,450.0
384376,59.099609,2.07211,0,184.01,0.3069881348161306,1.3,1.08,450.0
384377,59.109375,1.47872,0,184.01,0.3219637642005722,1.3,1.08,450.0
384378,59.120117,0.87387,0,184.01,0.33843603645599946,1.3,1.08,450.0
384379,59.129882,0.62936,0,184.01,0.3534101323948802,1.3,1.08,450.0
384380,59.139648,0.42774,0,184.01,0.36838576177932186,1.3,1.08,450.0
384381,59.149414,0.37265,0,184.01,0.38336139116376344,1.3,1.08,450.0
384382,59.155273,0.39006,0,184.01,0.3923458487270571,1.3,1.08,450.0
384383,59.165039,0.38981,0,184.01,0.40732147811149866,1.3,1.08,450.0
384384,59.174804,0.56759,0,184.01,0.4222955740503795,1.3,1.08,450.0
384385,59.18457,0.98218,0,184.01,0.43727120343482107,1.3,1.08,450.0
384386,59.195312,1.37093,0,184.01,0.4537434756902483,1.3,1.08,450.0
384387,59.205078,1.43957,0,184.01,0.4687191050746899,1.3,1.08,450.0
384388,59.214843,1.3217,0,184.01,0.4836932010135707,1.3,1.08,450.0
384389,59.224609,1.08991,0,184.01,0.4986688303980123,1.3,1.08,450.0
384390,59.234375,0.90152,0,184.01,0.5136444597824539,1.3,1.08,450.0
384391,59.245117,0.81457,0,184.01,0.5301167320378811,1.3,1.08,450.0
384392,59.25,0.85686,0,184.01,0.5376045467301892,1.3,1.08,450.0
384393,59.259765,0.93849,0,184.01,0.5525786426688957,1.3,1.08,450.0
384394,59.269531,1.02343,0,184.01,0.5675542720533372,1.3,1.08,450.0
384395,59.280273,1.14695,0,184.01,0.5840265443089387,1.3,1.08,450.0
384396,59.290039,1.29849,0,184.01,0.5990021736933804,1.3,1.08,450.0
384397,59.299804,1.5212,0,184.01,0.6139762696322612,1.3,1.08,450.0
384398,59.30957,1.62311,0,184.01,0.6289518990167028,1.3,1.08,450.0
384399,59.320312,1.54395,0,184.01,0.6454241712721301,1.3,1.08,450.0
384400,59.330078,1.47864,0,184.01,0.6603998006565717,1.3,1.08,450.0
384401,59.339843,1.54579,0,184.01,0.6753738965954524,1.3,1.08,450.0
384402,59.349609,1.71361,0,184.01,0.6903495259798941,1.3,1.08,450.0
384403,59.359375,1.93304,0,184.01,0.7053251553643356,1.3,1.08,450.0
384404,59.365234,2.09286,0,184.01,0.7143096129276292,1.3,1.08,450.0
384405,59.375,2.18296,0,184.01,0.7292852423120709,1.3,1.08,450.0
384406,59.384765,2.22195,0,184.01,0.7442593382507774,1.3,1.08,450.0
384407,59.394531,2.18786,0,184.01,0.7592349676352189,1.3,1.08,450.0
384408,59.405273,2.08254,0,184.01,0.7757072398908205,1.3,1.08,450.0
384409,59.415039,2.03873,0,184.01,0.7906828692752621,1.3,1.08,450.0
384410,59.424804,2.05839,0,184.01,0.8056569652141429,1.3,1.08,450.0
384411,59.43457,2.07615,0,184.01,0.8206325945985845,1.3,1.08,450.0
384412,59.445312,2.07259,0,184.01,0.8371048668540119,1.3,1.08,450.0
384413,59.450195,2.05655,0,184.01,0.8445926815463197,1.3,1.08,450.0
384414,59.459961,2.07178,0,184.01,0.859568310930587,1.3,1.08,450.0
384415,59.469726,2.15428,0,184.01,0.8745424068694678,1.3,1.08,450.0
384416,59.479492,2.24407,0,184.01,0.8895180362539093,1.3,1.08,450.0
384417,59.490234,2.21291,0,184.01,0.9059903085095109,1.3,1.08,450.0
384418,59.5,2.15355,0,184.01,0.9209659378939526,1.3,1.08,450.0
384419,59.509765,2.0801,0,184.01,0.9359400338326591,1.3,1.08,450.0
384420,59.519531,1.70489,0,184.01,0.9509156632171006,1.3,1.08,450.0
384421,59.530273,0.70941,0,184.01,0.9673879354727022,1.3,1.08,450.0
384422,59.540039,2.50192,1,185.33,0.0,1.3,1.08,450.0
384423,59.549804,2.27862,0,185.33,0.015081628295045663,1.3,1.08,450.0
384424,59.554687,0.89137,0,185.33,0.0226232146712701,1.3,1.08,450.0
384425,59.564453,0.55771,0,185.33,0.03770638742389456,1.3,1.08,450.0
384426,59.575195,1.7424,0,185.33,0.05429695077728686,1.3,1.08,450.0
384427,59.584961,2.47794,0,185.33,0.06938012352973574,1.3,1.08,450.0
384428,59.594726,2.12305,0,185.33,0.0844617518247814,1.3,1.08,450.0
384429,59.604492,1.36392,0,185.33,0.09954492457740585,1.3,1.08,450.0
384430,59.615234,1.21742,0,185.33,0.11613548793079816,1.3,1.08,450.0
384431,59.625,1.41729,0,185.33,0.1312186606834226,1.3,1.08,450.0
384432,59.634765,2.02538,0,185.33,0.1463002889782927,1.3,1.08,450.0
384433,59.644531,1.27537,0,185.33,0.16138346173091717,1.3,1.08,450.0
384434,59.655273,1.13182,0,185.33,0.17797402508430948,1.3,1.08,450.0
384435,59.660156,1.02645,0,185.33,0.18551561146053389,1.3,1.08,450.0
384436,59.669922,1.06159,0,185.33,0.20059878421315835,1.3,1.08,450.0
384437,59.679687,1.11755,0,185.33,0.21568041250820402,1.3,1.08,450.0
384438,59.689453,1.1214,0,185.33,0.23076358526082846,1.3,1.08,450.0
384439,59.700195,1.08968,0,185.33,0.2473541486142208,1.3,1.08,450.0
384440,59.709961,1.09145,0,185.33,0.26243732136666964,1.3,1.08,450.0
384441,59.719726,1.10331,0,185.33,0.2775189496617153,1.3,1.08,450.0
384442,59.729492,1.12257,0,185.33,0.29260212241433975,1.3,1.08,450.0
384443,59.740234,1.13613,0,185.33,0.30919268576773207,1.3,1.08,450.0
384444,59.745117,1.07012,0,185.33,0.3167342721439565,1.3,1.08,450.0
384445,59.754882,1.04558,0,185.33,0.33181590043900216,1.3,1.08,450.0
384446,59.764648,1.00512,0,185.33,0.34689907319162666,1.3,1.08,450.0
384447,59.774414,1.06295,0,185.33,0.3619822459442511,1.3,1.08,450.0
384448,59.785156,1.08618,0,185.33,0.3785728092974678,1.3,1.08,450.0
384449,59.794922,1.05226,0,185.33,0.3936559820500923,1.3,1.08,450.0
384450,59.804687,1.07533,0,185.33,0.40873761034513795,1.3,1.08,450.0
384451,59.814453,1.05459,0,185.33,0.42382078309776244,1.3,1.08,450.0
384452,59.825195,1.0485,0,185.33,0.4404113464511547,1.3,1.08,450.0
384453,59.834961,1.04925,0,185.33,0.45549451920360357,1.3,1.08,450.0
384454,59.844726,1.02194,0,185.33,0.47057614749864923,1.3,1.08,450.0
384455,59.854492,1.00827,0,185.33,0.4856593202512737,1.3,1.08,450.0
384456,59.859375,1.0147,0,185.33,0.49320090662767374,1.3,1.08,450.0
384457,59.870117,1.00904,0,185.33,0.5097914699808904,1.3,1.08,450.0
384458,59.879882,0.99745,0,185.33,0.5248730982759361,1.3,1.08,450.0
384459,59.889648,1.00436,0,185.33,0.5399562710285605,1.3,1.08,450.0
384460,59.899414,0.99486,0,185.33,0.555039443781185,1.3,1.08,450.0
384461,59.910156,1.02616,0,185.33,0.5716300071344018,1.3,1.08,450.0
384462,59.919922,1.03969,0,185.33,0.5867131798870262,1.3,1.08,450.0
384463,59.929687,1.02145,0,185.33,0.6017948081820719,1.3,1.08,450.0
384464,59.939453,1.04642,0,185.33,0.6168779809346963,1.3,1.08,450.0
384465,59.945312,1.02483,0,185.33,0.6259269579116886,1.3,1.08,450.0
384466,59.955078,1.06069,0,185.33,0.641010130664313,1.3,1.08,450.0
384467,59.964843,1.00719,0,185.33,0.6560917589593588,1.3,1.08,450.0
384468,59.974609,1.08629,0,185.33,0.6711749317119832,1.3,1.08,450.0
384469,59.984375,1.02606,0,185.33,0.6862581044646077,1.3,1.08,450.0
