sequence,time_s,gyro_axis,gyro_raw_dps,gyro_filtered_dps,acceleration_magnitude_g,stride_event,cadence_spm
378170,0.0,y,-10.255,-10.255,1.03998,0,0
378171,0.009765,y,-10.535,-10.3157,1.001,0,0
378172,0.019531,y,-12.915,-10.8787,1.04798,0,0
378173,0.030273,y,-14.0,-11.6138,1.03887,0,0
378174,0.040039,y,-14.245,-12.1838,1.0293,0,0
378175,0.049804,y,-14.35,-12.653,1.02831,0,0
378176,0.05957,y,-15.435,-13.2557,1.03166,0,0
378177,0.070312,y,-15.995,-13.9008,1.01593,0,0
378178,0.080078,y,-17.78,-14.7412,1.02446,0,0
378179,0.089843,y,-18.97,-15.6572,1.08388,0,0
378180,0.099609,y,-18.62,-16.299,1.06178,0,0
378181,0.104492,y,-19.18,-16.6301,1.03751,0,0
378182,0.115234,y,-20.405,-17.5191,1.06138,0,0
378183,0.125,y,-20.3,-18.1216,1.02396,0,0
378184,0.134765,y,-22.575,-19.0862,1.04021,0,0
378185,0.144531,y,-22.89,-19.9102,1.01694,0,0
378186,0.155273,y,-26.635,-21.494,1.10264,0,0
378187,0.165039,y,-25.55,-22.3726,0.99822,0,0
378188,0.174804,y,-31.535,-24.3573,1.09403,0,0
378189,0.18457,y,-36.085,-26.8979,1.014,0,0
378190,0.195312,y,-45.465,-31.2707,1.05208,0,0
378191,0.200195,y,-53.41,-33.8149,0.98911,0,0
378192,0.209961,y,-64.715,-40.5088,1.03807,0,0
378193,0.219726,y,-75.18,-48.0189,1.01127,0,0
378194,0.229492,y,-89.39,-56.9811,1.02031,0,0
378195,0.240234,y,-104.475,-68.1665,0.93595,0,0
378196,0.25,y,-124.355,-80.3386,0.95439,0,0
378197,0.259765,y,-141.575,-93.6031,1.27583,0,0
378198,0.269531,y,-154.0,-106.6868,1.20196,0,0
378199,0.280273,y,-171.78,-122.0171,1.14826,0,0
378200,0.290039,y,-195.93,-138.0289,1.04087,0,0
378201,0.299804,y,-220.185,-155.8247,1.06078,0,0
378202,0.304687,y,-250.18,-166.6678,1.23712,0,0
378203,0.314453,y,-277.55,-190.6882,1.1511,0,0
378204,0.325195,y,-313.6,-219.6355,1.09345,0,0
378205,0.334961,y,-348.18,-247.4821,1.20089,0,0
378206,0.344726,y,-374.01,-274.8893,1.3627,0,0
378207,0.354492,y,-390.005,-299.8268,1.77254,0,0
378208,0.365234,y,-393.715,-321.9387,2.05727,0,0
378209,0.375,y,-390.11,-336.7066,2.57982,0,0
378210,0.384765,y,-359.87,-341.7241,3.03025,0,0
378211,0.394531,y,-315.385,-336.0182,2.71096,0,0
378212,0.405273,y,-277.76,-322.2977,2.22973,0,0
378213,0.410156,y,-247.485,-313.7004,2.39729,0,0
378214,0.419922,y,-192.955,-287.5433,1.89785,0,0
378215,0.429687,y,-137.41,-255.0229,2.00489,0,0
378216,0.439453,y,-88.27,-218.8992,2.17732,0,0
378217,0.450195,y,-38.745,-176.4706,2.06548,0,0
378218,0.459961,y,5.985,-136.9453,1.66969,0,0
378219,0.469726,y,38.675,-98.9041,1.2556,0,0
378220,0.479492,y,41.405,-68.509,1.02013,0,0
378221,0.490234,y,34.335,-44.2879,0.87748,0,0
378222,0.495117,y,26.005,-36.21,0.84533,0,0
378223,0.504882,y,26.635,-22.5971,0.87333,0,0
378224,0.514648,y,31.85,-10.8022,1.00903,0,0
378225,0.524414,y,42.91,0.8334,1.19841,0,0
378226,0.535156,y,63.42,15.5734,1.30994,0,0
378227,0.544922,y,90.79,31.8675,1.34223,0,0
378228,0.554687,y,121.485,51.2796,1.31137,1,0
378229,0.564453,y,152.635,73.2362,1.1924,0,0
378230,0.575195,y,179.69,98.3074,1.05656,0,0
378231,0.584961,y,200.55,120.4562,0.95193,0,0
378232,0.594726,y,214.48,140.8228,0.8957,0,0
378233,0.604492,y,223.23,158.6746,0.92562,0,0
378234,0.609375,y,230.335,166.9097,1.03682,0,0
378235,0.620117,y,239.12,183.9161,1.1995,0,0
378236,0.629882,y,251.79,198.6183,1.37306,0,0
378237,0.639648,y,267.645,213.5716,1.35954,0,0
378238,0.649414,y,279.685,227.8937,1.28478,0,0
378239,0.660156,y,284.97,241.3359,1.19548,0,0
378240,0.669922,y,284.27,250.6367,1.18513,0,0
378241,0.679687,y,281.225,257.2625,1.22961,0,0
378242,0.689453,y,277.2,261.5815,1.33833,0,0
378243,0.695312,y,274.19,263.2995,1.47376,0,0
378244,0.705078,y,273.035,265.4085,1.62951,0,0
378245,0.714843,y,273.49,267.159,1.7544,0,0
378246,0.724609,y,274.75,268.8034,1.87873,0,0
378247,0.734375,y,276.465,270.4632,2.0479,0,0
378248,0.745117,y,279.44,272.5773,2.18294,0,0
378249,0.754882,y,282.17,274.6552,2.20543,0,0
378250,0.764648,y,281.96,276.2376,2.18978,0,0
378251,0.774414,y,277.445,276.4992,2.13299,0,0
378252,0.785156,y,267.225,274.315,2.07082,0,0
378253,0.794922,y,251.195,269.3065,2.03497,0,0
378254,0.799804,y,229.74,264.7605,2.0229,0,0
378255,0.80957,y,204.785,251.768,2.01744,0,0
378256,0.820312,y,178.535,234.5207,2.0106,0,0
378257,0.830078,y,152.915,216.8425,2.03002,0,0
378258,0.839843,y,128.38,197.6806,2.05982,0,0
378259,0.849609,y,103.25,177.2241,2.09657,0,0
378260,0.859375,y,75.67,155.2244,2.17433,0,0
378261,0.870117,y,44.485,129.1439,2.25665,0,0
378262,0.879882,y,6.125,102.4967,2.31995,0,0
378263,0.889648,y,-38.045,72.0512,2.34457,0,0
378264,0.899414,y,-92.645,36.3731,2.33547,0,0
378265,0.905273,y,-160.265,9.5806,0.70731,0,0
378266,0.915039,y,-183.295,-32.202,2.18592,0,0
378267,0.924804,y,-170.73,-62.2086,2.90382,0,0
378268,0.93457,y,-148.925,-80.994,1.31416,0,0
378269,0.945312,y,-170.59,-102.095,0.50174,0,0
378270,0.955078,y,-215.285,-126.6153,1.62925,0,0
378271,0.964843,y,-198.24,-142.13,2.64299,0,0
378272,0.974609,y,-140.0,-141.6685,2.16028,0,0
378273,0.984375,y,-101.395,-132.9441,1.56262,0,0
378274,0.990234,y,-89.11,-126.9716,1.88603,0,0
378275,1.0,y,-59.43,-112.3401,1.6233,0,0
378276,1.009765,y,-47.46,-98.2864,1.36817,0,0
378277,1.019531,y,-44.905,-86.7224,1.2353,0,0
378278,1.030273,y,-38.325,-75.3242,1.28961,0,0
378279,1.040039,y,-25.97,-64.6326,1.23938,0,0
378280,1.049804,y,-19.39,-54.8326,1.06269,0,0
378281,1.05957,y,-23.065,-47.9508,1.08357,0,0
378282,1.070312,y,-23.24,-42.1311,1.13068,0,0
378283,1.080078,y,-18.34,-36.9772,1.12581,0,0
378284,1.089843,y,-15.05,-32.2276,1.07804,0,0
378285,1.099609,y,-15.155,-28.5291,1.06872,0,0
378286,1.104492,y,-16.205,-27.1129,1.08653,0,0
378287,1.115234,y,-12.95,-23.7773,1.18878,0,0
378288,1.125,y,-9.59,-20.7039,1.01346,0,0
378289,1.134765,y,-8.82,-18.1297,1.15154,0,0
378290,1.144531,y,-7.91,-15.9158,0.99811,0,0
378291,1.155273,y,-8.715,-14.22,1.07097,0,0
378292,1.165039,y,-7.035,-12.6635,1.00021,0,0
378293,1.174804,y,-7.7,-11.5883,1.04625,0,0
378294,1.18457,y,-7.665,-10.7384,0.98298,0,0
378295,1.195312,y,-9.205,-10.3773,1.05908,0,0
378296,1.200195,y,-9.17,-10.2385,1.01944,0,0
378297,1.209961,y,-9.205,-10.0146,1.05324,0,0
378298,1.219726,y,-8.645,-9.718,1.04967,0,0
378299,1.229492,y,-8.33,-9.4173,1.04456,0,0
378300,1.240234,y,-7.35,-8.9304,1.06739,0,0
378301,1.25,y,-5.635,-8.2165,1.02733,0,0
378302,1.259765,y,-5.25,-7.574,1.05435,0,0
378303,1.269531,y,-4.48,-6.9037,1.014,0,0
378304,1.280273,y,-3.71,-6.1515,1.06664,0,0
378305,1.290039,y,-2.45,-5.3497,1.00568,0,0
378306,1.294922,y,-3.185,-5.1009,1.02165,0,0
378307,1.304687,y,-4.41,-4.9513,1.00321,0,0
378308,1.314453,y,-5.88,-5.1525,1.05612,0,0
378309,1.325195,y,-5.425,-5.2166,0.99693,0,0
378310,1.334961,y,-6.825,-5.5651,1.10397,0,0
378311,1.344726,y,-6.475,-5.7622,0.99132,0,0
378312,1.354492,y,-7.63,-6.1668,1.06842,0,0
378313,1.365234,y,-7.35,-6.4455,1.01159,0,0
378314,1.375,y,-8.12,-6.8082,1.03719,0,0
378315,1.384765,y,-8.785,-7.2364,1.01911,0,0
378316,1.394531,y,-9.695,-7.769,1.04751,0,0
378317,1.405273,y,-9.59,-8.1979,1.01925,0,0
378318,1.410156,y,-10.535,-8.4665,1.01467,0,0
378319,1.419922,y,-12.075,-9.2482,1.04839,0,0
378320,1.429687,y,-12.74,-10.0045,1.0284,0,0
378321,1.439453,y,-13.51,-10.7639,1.06379,0,0
378322,1.450195,y,-14.245,-11.5838,1.01913,0,0
378323,1.459961,y,-15.75,-12.4863,1.03386,0,0
378324,1.469726,y,-17.115,-13.4889,1.00618,0,0
378325,1.479492,y,-18.13,-14.4943,1.02137,0,0
378326,1.490234,y,-19.005,-15.5566,1.04061,0,0
378327,1.495117,y,-20.125,-16.0816,1.024,0,0
378328,1.504882,y,-22.89,-17.5564,1.04836,0,0
378329,1.514648,y,-24.115,-18.9772,1.0651,0,0
378330,1.524414,y,-27.51,-20.8256,1.02133,0,0
378331,1.535156,y,-30.835,-23.183,1.02834,0,0
378332,1.544922,y,-36.05,-25.9704,1.06443,0,0
378333,1.554687,y,-41.58,-29.3516,1.01812,0,0
378334,1.564453,y,-51.905,-34.2373,1.05511,0,0
378335,1.575195,y,-61.775,-40.7228,0.99881,0,0
378336,1.584961,y,-75.075,-48.1645,0.97786,0,0
378337,1.594726,y,-90.335,-57.2991,0.92637,0,0
378338,1.599609,y,-106.995,-63.01,1.17036,0,0
378339,1.609375,y,-119.735,-75.2984,1.23759,0,0
378340,1.620117,y,-133.175,-88.929,1.03955,0,0
378341,1.629882,y,-158.34,-103.9642,1.07782,0,0
378342,1.639648,y,-180.985,-120.6492,1.04948,0,0
378343,1.649414,y,-205.065,-138.9362,1.20617,0,0
378344,1.660156,y,-227.745,-159.8518,1.09209,0,0
378345,1.669922,y,-256.97,-180.8905,1.09809,0,0
378346,1.679687,y,-291.725,-204.8984,1.14677,0,0
378347,1.689453,y,-324.1,-230.721,1.17595,0,0
378348,1.695312,y,-351.26,-247.1448,1.18611,0,0
378349,1.705078,y,-374.745,-274.7868,1.59808,0,0
378350,1.714843,y,-386.19,-298.9179,1.65559,0,0
378351,1.724609,y,-389.41,-318.5212,2.57148,0,0
378352,1.734375,y,-365.365,-328.6689,2.91203,0,0
378353,1.745117,y,-317.205,-325.969,3.22702,0,0
378354,1.754882,y,-260.855,-311.8647,2.27741,0,0
378355,1.764648,y,-233.73,-294.9384,2.75801,0,0
378356,1.774414,y,-167.51,-267.3336,1.98763,0,0
378357,1.785156,y,-107.17,-229.613,2.23956,0,0
378358,1.790039,y,-52.745,-209.2877,2.25978,0,0
378359,1.799804,y,-6.51,-165.3639,1.85924,0,0
378360,1.80957,y,29.12,-123.2329,1.41571,0,0
378361,1.820312,y,51.1,-82.1753,1.07871,0,0
378362,1.830078,y,50.26,-53.4858,0.93952,0,0
378363,1.839843,y,38.675,-33.5229,0.91968,0,0
378364,1.849609,y,30.415,-19.672,0.94179,0,0
378365,1.859375,y,32.095,-8.4577,1.00438,0,0
378366,1.870117,y,37.66,2.4036,1.11856,0,0
378367,1.879882,y,49.49,12.603,1.28041,0,0
378368,1.889648,y,69.16,24.8549,1.41047,0,0
378369,1.899414,y,94.745,39.9952,1.42025,0,0
378370,1.905273,y,121.695,51.127,1.337,1,88.85
378371,1.915039,y,146.265,71.7368,1.14019,0,88.85
378372,1.924804,y,165.27,91.997,0.99406,0,88.85
378373,1.93457,y,180.53,111.1759,0.93776,0,88.85
378374,1.945312,y,193.025,130.4524,1.00265,0,88.85
378375,1.955078,y,205.485,146.7067,1.1053,0,88.85
378376,1.964843,y,218.75,162.312,1.182,0,88.85
378377,1.974609,y,232.54,177.5255,1.26278,0,88.85
378378,1.984375,y,247.205,192.6202,1.3043,0,88.85
378379,1.990234,y,260.33,201.8458,1.29589,0,88.85
378380,2.0,y,270.06,216.623,1.33182,0,88.85
378381,2.009765,y,277.34,229.775,1.36081,0,88.85
378382,2.019531,y,282.17,241.1253,1.39107,0,88.85
378383,2.030273,y,284.9,251.4348,1.45609,0,88.85
378384,2.040039,y,286.265,258.9801,1.53592,0,88.85
378385,2.049804,y,285.81,264.7917,1.6293,0,88.85
378386,2.05957,y,283.745,268.8976,1.73389,0,88.85
378387,2.070312,y,281.295,271.8173,1.86824,0,88.85
378388,2.080078,y,279.335,273.4459,2.01239,0,88.85
378389,2.089843,y,277.62,274.35,2.10249,0,88.85
378390,2.094726,y,274.085,274.3196,2.11929,0,88.85
378391,2.104492,y,266.35,272.5931,2.12691,0,88.85
378392,2.115234,y,254.8,268.4026,2.16443,0,88.85
378393,2.125,y,241.325,262.5368,2.25022,0,88.85
378394,2.134765,y,226.94,254.8262,2.27791,0,88.85
378395,2.144531,y,209.055,244.9108,2.22279,0,88.85
378396,2.155273,y,186.97,231.265,2.14022,0,88.85
378397,2.165039,y,161.945,216.2482,2.11192,0,88.85
378398,2.174804,y,134.47,198.5342,2.10837,0,88.85
378399,2.18457,y,105.35,178.3477,2.21285,0,88.85
378400,2.195312,y,78.05,154.7263,2.39508,0,88.85
378401,2.200195,y,54.04,143.1556,2.50845,0,88.85
378402,2.209961,y,25.865,117.747,2.5202,0,88.85
378403,2.219726,y,-13.3,89.3609,2.51614,0,88.85
378404,2.229492,y,-70.84,54.6566,2.55498,0,88.85
378405,2.240234,y,-145.145,7.6007,0.87223,0,88.85
378406,2.25,y,-169.505,-30.7657,2.17486,0,88.85
378407,2.259765,y,-162.82,-59.37,3.0688,0,88.85
378408,2.269531,y,-136.85,-76.1545,1.17226,0,88.85
378409,2.280273,y,-170.66,-98.4117,0.43763,0,88.85
378410,2.290039,y,-220.92,-124.9507,1.74589,0,88.85
378411,2.294922,y,-203.21,-133.9441,3.01357,0,88.85
378412,2.304687,y,-133.63,-133.8761,2.44776,0,88.85
378413,2.314453,y,-84.945,-123.2761,2.07637,0,88.85
378414,2.325195,y,-56.735,-107.6048,1.14429,0,88.85
378415,2.334961,y,-47.005,-94.4771,1.42503,0,88.85
378416,2.344726,y,-37.975,-82.2382,1.26083,0,88.85
378417,2.354492,y,-33.215,-71.6183,1.18544,0,88.85
378418,2.365234,y,-23.555,-60.2988,1.28176,0,88.85
378419,2.375,y,-13.475,-50.1553,1.19633,0,88.85
378420,2.384765,y,-10.745,-41.6187,1.13695,0,88.85
378421,2.394531,y,-12.6,-35.3323,1.03739,0,88.85
378422,2.405273,y,-13.545,-30.2011,1.10592,0,88.85
378423,2.410156,y,-10.885,-27.9814,1.0924,0,88.85
378424,2.419922,y,-8.26,-23.7091,1.07067,0,88.85
378425,2.429687,y,-7.105,-20.1125,1.05644,0,88.85
378426,2.439453,y,-7.56,-17.3933,1.05843,0,88.85
378427,2.450195,y,-8.015,-15.1846,1.0988,0,88.85
378428,2.459961,y,-6.265,-13.2523,1.10548,0,88.85
378429,2.469726,y,-4.48,-11.3521,1.06874,0,88.85
378430,2.479492,y,-5.145,-10.0075,1.02859,0,88.85
378431,2.490234,y,-5.425,-8.9283,1.12579,0,88.85
378432,2.495117,y,-4.655,-8.4372,0.93364,0,88.85
378433,2.504882,y,-5.355,-7.7695,1.12589,0,88.85
378434,2.514648,y,-4.585,-7.0797,0.95143,0,88.85
378435,2.524414,y,-7.07,-7.0776,1.08807,0,88.85
378436,2.535156,y,-5.775,-6.7708,1.01972,0,88.85
378437,2.544922,y,-6.44,-6.6991,1.03893,0,88.85
378438,2.554687,y,-7.035,-6.7719,1.02676,0,88.85
378439,2.564453,y,-7.035,-6.8289,1.0607,0,88.85
378440,2.575195,y,-6.755,-6.8115,0.99966,0,88.85
378441,2.584961,y,-6.93,-6.8372,1.02906,0,88.85
378442,2.594726,y,-6.16,-6.6905,1.00564,0,88.85
378443,2.599609,y,-6.545,-6.6738,1.00024,0,88.85
378444,2.609375,y,-7.245,-6.7975,1.00696,0,88.85
378445,2.620117,y,-8.715,-7.2491,0.99067,0,88.85
378446,2.629882,y,-10.01,-7.8471,1.03505,0,88.85
378447,2.639648,y,-11.13,-8.5583,0.99712,0,88.85
378448,2.649414,y,-12.705,-9.4566,1.00717,0,88.85
378449,2.660156,y,-13.79,-10.4772,1.05663,0,88.85
378450,2.669922,y,-12.775,-10.975,1.04735,0,88.85
378451,2.679687,y,-12.81,-11.3724,1.03941,0,88.85
378452,2.689453,y,-12.88,-11.699,1.06078,0,88.85
378453,2.695312,y,-13.965,-12.0078,1.0111,0,88.85
378454,2.705078,y,-12.845,-12.1891,1.04789,0,88.85
378455,2.714843,y,-13.3,-12.4298,1.04835,0,88.85
378456,2.724609,y,-13.79,-12.7244,1.0404,0,88.85
378457,2.734375,y,-13.545,-12.9022,1.06256,0,88.85
378458,2.745117,y,-12.6,-12.831,1.03119,0,88.85
378459,2.754882,y,-12.18,-12.69,1.03867,0,88.85
378460,2.764648,y,-12.32,-12.6098,0.9967,0,88.85
378461,2.774414,y,-14.385,-12.9944,1.056,0,88.85
378462,2.785156,y,-14.98,-13.462,1.02874,0,88.85
378463,2.790039,y,-16.17,-13.7732,1.00495,0,88.85
378464,2.799804,y,-18.76,-14.8534,1.02153,0,88.85
378465,2.80957,y,-18.55,-15.6542,1.01546,0,88.85
378466,2.820312,y,-20.86,-16.8802,1.08532,0,88.85
378467,2.830078,y,-22.925,-18.1897,1.01273,0,88.85
378468,2.839843,y,-26.32,-19.9508,1.07133,0,88.85
378469,2.849609,y,-29.89,-22.1039,1.0464,0,88.85
378470,2.859375,y,-35.105,-24.9204,1.0465,0,88.85
378471,2.870117,y,-43.155,-29.2149,1.03067,0,88.85
378472,2.879882,y,-52.71,-34.3041,1.06156,0,88.85
378473,2.889648,y,-62.825,-40.4826,0.96874,0,88.85
378474,2.899414,y,-77.28,-48.454,1.12776,0,88.85
378475,2.905273,y,-91.21,-54.2796,0.93805,0,88.85
378476,2.915039,y,-112.07,-66.7988,0.99048,0,88.85
378477,2.924804,y,-131.81,-80.8809,1.11204,0,88.85
378478,2.93457,y,-148.54,-95.5379,1.3419,0,88.85
378479,2.945312,y,-162.715,-111.3589,1.12327,0,88.85
378480,2.955078,y,-185.815,-127.4883,1.06906,0,88.85
378481,2.964843,y,-210.91,-145.5583,1.07577,0,88.85
378482,2.974609,y,-236.425,-165.2428,1.16395,0,88.85
378483,2.984375,y,-262.675,-186.3495,1.08745,0,88.85
378484,2.990234,y,-291.69,-200.7024,1.03797,0,88.85
378485,3.0,y,-322.875,-227.1687,1.05115,0,88.85
378486,3.009765,y,-355.18,-254.8972,1.20814,0,88.85
378487,3.019531,y,-376.775,-281.2996,1.39295,0,88.85
378488,3.030273,y,-387.415,-306.2911,1.83989,0,88.85
378489,3.040039,y,-385.035,-323.3494,2.32492,0,88.85
378490,3.049804,y,-370.09,-333.4739,2.75441,0,88.85
378491,3.05957,y,-331.485,-333.043,2.8023,0,88.85
378492,3.070312,y,-294.49,-323.9633,2.28341,0,88.85
378493,3.080078,y,-275.205,-313.4008,2.00293,0,88.85
378494,3.089843,y,-250.32,-299.7369,2.56398,0,88.85
378495,3.094726,y,-185.01,-286.5527,2.02552,0,88.85
378496,3.104492,y,-120.295,-250.5363,2.21305,0,88.85
378497,3.115234,y,-60.2,-205.7097,2.2104,0,88.85
378498,3.125,y,-12.845,-163.9294,2.11596,0,88.85
378499,3.134765,y,28.7,-122.2039,1.70593,0,88.85
378500,3.144531,y,45.08,-85.9652,1.46506,0,88.85
378501,3.155273,y,39.2,-56.4872,1.17687,0,88.85
378502,3.165039,y,23.73,-39.1098,0.99545,0,88.85
378503,3.174804,y,14.28,-27.545,0.97613,0,88.85
378504,3.18457,y,14.84,-18.3631,1.08162,0,88.85
378505,3.195312,y,20.09,-9.3069,1.30916,0,88.85
378506,3.200195,y,33.495,-4.3882,1.49402,0,88.85
378507,3.209961,y,58.45,9.2244,1.5469,0,88.85
378508,3.219726,y,91.315,27.0061,1.48442,0,88.85
378509,3.229492,y,127.715,48.8226,1.35292,1,89.56
378510,3.240234,y,161.63,75.3902,1.14442,0,89.56
378511,3.25,y,186.41,99.4404,0.97265,0,89.56
378512,3.259765,y,201.705,121.592,0.83676,0,89.56
378513,3.269531,y,209.195,140.5694,0.84596,0,89.56
378514,3.280273,y,214.48,157.9763,0.96611,0,89.56
378515,3.285156,y,222.635,165.4068,1.15323,0,89.56
378516,3.294922,y,236.145,180.7308,1.35624,0,89.56
378517,3.304687,y,254.345,196.6764,1.4511,0,89.56
378518,3.314453,y,272.125,213.0208,1.4176,0,89.56
378519,3.325195,y,284.55,229.8668,1.28255,0,89.56
378520,3.334961,y,289.52,242.7895,1.20312,0,89.56
378521,3.344726,y,289.24,252.8512,1.19983,0,89.56
378522,3.354492,y,286.335,260.1048,1.29004,0,89.56
378523,3.365234,y,283.465,265.6064,1.42293,0,89.56
378524,3.375,y,281.995,269.1567,1.57651,0,89.56
378525,3.384765,y,282.065,271.9527,1.7555,0,89.56
378526,3.394531,y,283.955,274.5528,1.86723,0,89.56
378527,3.399414,y,285.46,275.8062,1.9348,0,89.56
378528,3.410156,y,284.83,277.9314,1.98385,0,89.56
378529,3.419922,y,281.295,278.6601,2.06938,0,89.56
378530,3.429687,y,275.94,278.0709,2.17949,0,89.56
378531,3.439453,y,269.395,276.1914,2.25231,0,89.56
378532,3.450195,y,260.995,272.6125,2.25422,0,89.56
378533,3.459961,y,249.41,267.5861,2.26043,0,89.56
378534,3.469726,y,234.22,260.3587,2.2683,0,89.56
378535,3.479492,y,214.06,250.329,2.22012,0,89.56
378536,3.490234,y,190.995,236.3551,2.19424,0,89.56
378537,3.495117,y,164.08,228.0494,2.18277,0,89.56
378538,3.504882,y,134.715,207.8322,2.22569,0,89.56
378539,3.514648,y,103.845,185.3055,2.36536,0,89.56
378540,3.524414,y,71.715,160.6984,2.52157,0,89.56
378541,3.535156,y,35.735,131.2679,2.61019,0,89.56
378542,3.544922,y,-9.135,100.8524,2.65072,0,89.56
378543,3.554687,y,-68.32,64.2079,2.75304,0,89.56
378544,3.564453,y,-153.335,17.0816,1.68987,0,89.56
378545,3.575195,y,-182.175,-29.8458,1.65878,0,89.56
378546,3.584961,y,-183.96,-63.2316,3.25301,0,89.56
378547,3.589843,y,-153.93,-73.6525,1.61186,0,89.56
378548,3.599609,y,-174.825,-95.5695,0.45864,0,89.56
378549,3.609375,y,-219.8,-122.4815,1.69803,0,89.56
378550,3.620117,y,-203.21,-141.4941,2.917,0,89.56
378551,3.629882,y,-137.97,-140.7307,2.37027,0,89.56
378552,3.639648,y,-92.26,-130.2305,1.56465,0,89.56
378553,3.649414,y,-81.095,-119.5863,1.72003,0,89.56
378554,3.660156,y,-57.435,-104.9489,1.51275,0,89.56
378555,3.669922,y,-41.65,-91.2364,1.40509,0,89.56
378556,3.679687,y,-35.315,-79.1233,1.23959,0,89.56
378557,3.689453,y,-31.43,-68.7915,1.05047,0,89.56
378558,3.695312,y,-27.755,-63.2002,1.09263,0,89.56
378559,3.705078,y,-23.905,-54.6877,1.10095,0,89.56
378560,3.714843,y,-23.625,-47.9592,1.07464,0,89.56
378561,3.724609,y,-22.12,-42.3616,1.15307,0,89.56
378562,3.734375,y,-18.095,-37.1048,1.13138,0,89.56
378563,3.745117,y,-13.405,-31.5232,1.16488,0,89.56
378564,3.754882,y,-10.815,-27.0376,1.07798,0,89.56
378565,3.764648,y,-10.99,-23.5612,1.09602,0,89.56
378566,3.774414,y,-10.5,-20.7317,1.11661,0,89.56
378567,3.780273,y,-8.435,-19.0563,1.11642,0,89.56
378568,3.790039,y,-6.685,-16.3763,1.12833,0,89.56
378569,3.799804,y,-3.815,-13.6554,1.1234,0,89.56
378570,3.80957,y,-0.875,-10.8868,1.06102,0,89.56
378571,3.820312,y,-0.21,-8.3723,1.01154,0,89.56
378572,3.830078,y,-1.05,-6.786,1.05136,0,89.56
378573,3.839843,y,-0.42,-5.4071,1.05143,0,89.56
378574,3.849609,y,0.14,-4.2054,1.02822,0,89.56
378575,3.859375,y,0.805,-3.12,1.08041,0,89.56
378576,3.870117,y,0.07,-2.3687,0.94795,0,89.56
378577,3.879882,y,-1.47,-2.1741,1.10533,0,89.56
378578,3.889648,y,-0.105,-1.7258,0.93857,0,89.56
378579,3.894531,y,-2.38,-1.801,1.06681,0,89.56
378580,3.905273,y,-0.98,-1.6077,1.0082,0,89.56
378581,3.915039,y,-1.295,-1.5399,0.98067,0,89.56
378582,3.924804,y,-2.835,-1.8204,0.94761,0,89.56
378583,3.93457,y,-5.74,-2.6695,0.95374,0,89.56
378584,3.945312,y,-9.52,-4.2829,0.95014,0,89.56
378585,3.955078,y,-13.93,-6.3728,0.97576,0,89.56
378586,3.964843,y,-17.465,-8.7755,1.01622,0,89.56
378587,3.974609,y,-17.99,-10.7716,1.03879,0,89.56
378588,3.984375,y,-17.85,-12.305,1.01309,0,89.56
378589,3.990234,y,-19.845,-13.3323,1.01122,0,89.56
378590,4.0,y,-20.93,-14.9782,1.02662,0,89.56
378591,4.009765,y,-21.665,-16.4266,1.08404,0,89.56
378592,4.019531,y,-20.615,-17.334,1.0262,0,89.56
378593,4.030273,y,-21.035,-18.2056,1.07786,0,89.56
378594,4.040039,y,-20.58,-18.72,1.01801,0,89.56
378595,4.049804,y,-21.21,-19.2593,1.09196,0,89.56
378596,4.05957,y,-19.32,-19.2725,0.99039,0,89.56
378597,4.070312,y,-19.915,-19.4238,1.13304,0,89.56
378598,4.080078,y,-16.765,-18.8478,0.9728,0,89.56
378599,4.084961,y,-18.76,-18.8377,1.07818,0,89.56
378600,4.094726,y,-18.34,-18.7299,1.03129,0,89.56
378601,4.104492,y,-19.075,-18.8047,1.03859,0,89.56
378602,4.115234,y,-21.455,-19.4289,1.02058,0,89.56
378603,4.125,y,-25.235,-20.6866,1.08984,0,89.56
378604,4.134765,y,-27.125,-22.0813,1.07031,0,89.56
378605,4.144531,y,-30.345,-23.8714,1.04769,0,89.56
378606,4.155273,y,-35.385,-26.583,1.05516,0,89.56
378607,4.165039,y,-41.58,-29.8318,1.06824,0,89.56
378608,4.174804,y,-48.055,-33.7791,1.05848,0,89.56
378609,4.18457,y,-57.61,-38.9416,1.03237,0,89.56
378610,4.195312,y,-69.65,-46.1738,1.05667,0,89.56
378611,4.200195,y,-82.355,-50.3317,1.03312,0,89.56
378612,4.209961,y,-97.615,-60.5747,1.01546,0,89.56
378613,4.219726,y,-115.15,-72.3963,0.99074,0,89.56
378614,4.229492,y,-135.8,-86.1314,1.03592,0,89.56
378615,4.240234,y,-154.315,-102.1895,1.26616,0,89.56
378616,4.25,y,-165.515,-115.9077,1.23702,0,89.56
378617,4.259765,y,-185.71,-131.0276,1.09289,0,89.56
378618,4.269531,y,-210.21,-148.1809,1.04605,0,89.56
378619,4.280273,y,-235.06,-168.642,1.09743,0,89.56
378620,4.285156,y,-263.515,-179.5446,1.13961,0,89.56
378621,4.294922,y,-288.54,-203.1563,1.08242,0,89.56
378622,4.304687,y,-318.92,-228.2319,1.05642,0,89.56
378623,4.314453,y,-348.215,-254.2238,1.25616,0,89.56
378624,4.325195,y,-366.835,-280.7452,1.47705,0,89.56
378625,4.334961,y,-372.925,-300.7141,1.85486,0,89.56
378626,4.344726,y,-369.215,-315.5521,2.48868,0,89.56
378627,4.354492,y,-343.7,-321.6498,2.66968,0,89.56
378628,4.365234,y,-308.28,-318.501,2.66609,0,89.56
378629,4.375,y,-279.65,-310.0847,2.23962,0,89.56
378630,4.384765,y,-263.06,-299.8987,2.30167,0,89.56
378631,4.394531,y,-219.625,-282.509,2.4093,0,89.56
378632,4.399414,y,-154.35,-267.7812,1.85451,0,89.56
378633,4.410156,y,-100.415,-228.3643,2.46675,0,89.56
378634,4.419922,y,-35.805,-186.6502,1.91104,0,89.56
378635,4.429687,y,-0.63,-146.3563,1.99818,0,89.56
378636,4.439453,y,35.525,-106.9554,1.66164,0,89.56
378637,4.450195,y,43.89,-71.4294,1.41625,0,89.56
378638,4.459961,y,37.415,-47.8504,1.12391,0,89.56
378639,4.469726,y,22.785,-32.5501,0.96827,0,89.56
378640,4.479492,y,17.5,-21.7077,1.01079,0,89.56
378641,4.490234,y,20.58,-11.7484,1.17919,0,89.56
378642,4.495117,y,27.825,-7.2007,1.39217,0,89.56
378643,4.504882,y,43.295,3.7372,1.50168,0,89.56
378644,4.514648,y,66.675,17.3714,1.47506,0,89.56
378645,4.524414,y,94.185,34.0115,1.37751,0,89.56
378646,4.535156,y,124.04,55.2144,1.28151,1,90.5
378647,4.544922,y,152.25,76.2352,1.17451,0,90.5
378648,4.554687,y,175.42,97.7196,1.10827,0,90.5
378649,4.564453,y,193.76,118.5249,1.09464,0,90.5
378650,4.575195,y,209.265,139.8953,1.12401,0,90.5
378651,4.584961,y,223.44,157.9936,1.14812,0,90.5
378652,4.589843,y,236.145,166.9729,1.22577,0,90.5
378653,4.599609,y,248.955,184.7326,1.33477,0,90.5
378654,4.609375,y,263.235,201.7386,1.43002,0,90.5
378655,4.620117,y,277.9,219.6756,1.47648,0,90.5
378656,4.629882,y,290.43,235.0017,1.47257,0,90.5
378657,4.639648,y,299.18,248.9047,1.42243,0,90.5
378658,4.649414,y,302.855,260.5919,1.37087,0,90.5
378659,4.660156,y,301.56,270.2404,1.42311,0,90.5
378660,4.669922,y,298.725,276.411,1.53039,0,90.5
378661,4.679687,y,295.61,280.5697,1.64486,0,90.5
378662,4.689453,y,292.005,283.0469,1.77853,0,90.5
378663,4.695312,y,288.365,283.7715,1.93834,0,90.5
378664,4.705078,y,286.23,284.3041,2.14378,0,90.5
378665,4.714843,y,286.755,284.835,2.31224,0,90.5
378666,4.724609,y,288.435,285.6149,2.40851,0,90.5
378667,4.734375,y,289.17,286.385,2.41161,0,90.5
378668,4.745117,y,285.635,286.2084,2.32992,0,90.5
378669,4.754882,y,274.785,283.734,2.2158,0,90.5
378670,4.764648,y,255.01,277.5115,2.13586,0,90.5
378671,4.774414,y,227.885,266.7609,2.0913,0,90.5
378672,4.780273,y,197.54,257.3294,2.04932,0,90.5
378673,4.790039,y,167.09,237.7808,2.00053,0,90.5
378674,4.799804,y,135.695,215.668,1.99727,0,90.5
378675,4.80957,y,102.725,191.2012,2.13475,0,90.5
378676,4.820312,y,71.12,162.9205,2.33053,0,90.5
378677,4.830078,y,41.055,136.5208,2.42254,0,90.5
378678,4.839843,y,7.56,108.5866,2.37569,0,90.5
378679,4.849609,y,-32.795,77.9591,2.23919,0,90.5
378680,4.859375,y,-83.09,43.071,2.17723,0,90.5
378681,4.870117,y,-134.505,1.2496,1.4737,0,90.5
378682,4.879882,y,-170.135,-35.8741,1.26586,0,90.5
378683,4.889648,y,-172.97,-65.5731,2.79177,0,90.5
378684,4.894531,y,-155.75,-75.9361,1.86191,0,90.5
378685,4.905273,y,-171.01,-98.3272,0.73138,0,90.5
378686,4.915039,y,-209.615,-122.4355,1.14,0,90.5
378687,4.924804,y,-216.79,-142.8736,2.7262,0,90.5
378688,4.93457,y,-159.635,-146.5046,2.48511,0,90.5
378689,4.945312,y,-107.835,-137.3974,1.58617,0,90.5
378690,4.955078,y,-93.555,-127.8999,1.0781,0,90.5
378691,4.964843,y,-99.015,-121.6431,1.3086,0,90.5
378692,4.974609,y,-89.635,-114.7092,2.08595,0,90.5
378693,4.984375,y,-55.86,-101.9607,1.48745,0,90.5
378694,4.990234,y,-37.52,-93.1805,1.24996,0,90.5
378695,5.0,y,-31.325,-79.7807,1.18692,0,90.5
378696,5.009765,y,-31.955,-69.4212,1.21404,0,90.5
378697,5.019531,y,-31.5,-61.2063,1.14467,0,90.5
378698,5.030273,y,-28.98,-53.6166,1.145,0,90.5
378699,5.040039,y,-25.55,-47.5365,1.16974,0,90.5
378700,5.049804,y,-18.06,-41.1516,1.19416,0,90.5
378701,5.05957,y,-12.355,-34.9134,1.07405,0,90.5
378702,5.070312,y,-12.705,-29.683,1.09193,0,90.5
378703,5.080078,y,-12.6,-25.9823,1.09979,0,90.5
378704,5.084961,y,-11.025,-24.2635,1.22628,0,90.5
378705,5.094726,y,-6.615,-20.4406,1.04374,0,90.5
378706,5.104492,y,-5.215,-17.1423,1.10751,0,90.5
378707,5.115234,y,-4.305,-14.119,0.99691,0,90.5
378708,5.125,y,-5.11,-12.1673,1.03738,0,90.5
378709,5.134765,y,-4.62,-10.5325,1.02357,0,90.5
378710,5.144531,y,-5.495,-9.4412,1.02637,0,90.5
378711,5.155273,y,-5.845,-8.5943,1.05325,0,90.5
378712,5.165039,y,-5.46,-7.9153,1.01225,0,90.5
378713,5.174804,y,-5.285,-7.3456,1.05333,0,90.5
378714,5.18457,y,-5.215,-6.884,1.00927,0,90.5
378715,5.195312,y,-5.215,-6.4909,1.06359,0,90.5
378716,5.200195,y,-4.095,-6.2156,1.02981,0,90.5
378717,5.209961,y,-2.94,-5.506,1.04065,0,90.5
378718,5.219726,y,-2.625,-4.882,1.00637,0,90.5
378719,5.229492,y,-2.73,-4.4158,1.06385,0,90.5
378720,5.240234,y,-1.365,-3.6973,0.9179,0,90.5
378721,5.25,y,-3.71,-3.7,1.04886,0,90.5
378722,5.259765,y,-6.3,-4.2632,0.9534,0,90.5
378723,5.269531,y,-8.365,-5.1518,1.0068,0,90.5
378724,5.280273,y,-10.99,-6.5268,0.99889,0,90.5
378725,5.285156,y,-11.725,-7.1241,1.01607,0,90.5
378726,5.294922,y,-13.615,-8.5302,1.00936,0,90.5
378727,5.304687,y,-15.295,-9.9956,1.07123,0,90.5
378728,5.314453,y,-15.19,-11.1208,1.02878,0,90.5
378729,5.325195,y,-16.03,-12.277,1.04097,0,90.5
378730,5.334961,y,-15.995,-13.0824,1.05394,0,90.5
378731,5.344726,y,-16.38,-13.7967,1.01589,0,90.5
378732,5.354492,y,-17.29,-14.5535,1.03528,0,90.5
378733,5.365234,y,-18.48,-15.4782,0.96959,0,90.5
378734,5.375,y,-22.54,-17.008,1.03063,0,90.5
378735,5.384765,y,-25.795,-18.9114,1.07694,0,90.5
378736,5.389648,y,-26.355,-19.7668,1.07352,0,90.5
378737,5.399414,y,-25.06,-20.9134,1.09984,0,90.5
378738,5.410156,y,-24.045,-21.651,1.04278,0,90.5
378739,5.419922,y,-25.025,-22.3819,1.05171,0,90.5
378740,5.429687,y,-24.29,-22.7952,1.02851,0,90.5
378741,5.439453,y,-28.105,-23.9455,1.07546,0,90.5
378742,5.450195,y,-28.7,-25.0652,1.02562,0,90.5
378743,5.459961,y,-31.115,-26.3758,1.10474,0,90.5
378744,5.469726,y,-31.675,-27.5236,1.01564,0,90.5
378745,5.479492,y,-34.72,-29.0826,1.0625,0,90.5
378746,5.490234,y,-38.43,-31.284,0.96601,0,90.5
378747,5.495117,y,-47.915,-33.1952,1.1201,0,90.5
378748,5.504882,y,-52.92,-37.4678,1.01908,0,90.5
378749,5.514648,y,-60.865,-42.5363,1.03635,0,90.5
378750,5.524414,y,-69.37,-48.3493,1.04954,0,90.5
378751,5.535156,y,-78.785,-55.5173,0.99113,0,90.5
378752,5.544922,y,-90.965,-63.1963,1.03459,0,90.5
378753,5.554687,y,-103.845,-72.0013,0.89915,0,90.5
378754,5.564453,y,-120.75,-82.5617,1.01002,0,90.5
378755,5.575195,y,-137.55,-95.5121,1.05304,0,90.5
378756,5.580078,y,-153.02,-102.1208,1.30157,0,90.5
378757,5.589843,y,-164.15,-115.557,1.127,0,90.5
378758,5.599609,y,-183.925,-130.3675,1.06943,0,90.5
378759,5.609375,y,-206.78,-146.9208,1.02953,0,90.5
378760,5.620117,y,-230.475,-166.5989,1.17751,0,90.5
378761,5.629882,y,-258.37,-186.4774,1.21089,0,90.5
378762,5.639648,y,-285.215,-207.8669,1.10355,0,90.5
378763,5.649414,y,-317.625,-231.6438,1.18141,0,90.5
378764,5.660156,y,-345.73,-258.5126,1.35571,0,90.5
378765,5.669922,y,-364.49,-281.4704,1.59303,0,90.5
378766,5.679687,y,-375.83,-301.9097,1.96736,0,90.5
378767,5.689453,y,-375.62,-317.8776,2.31492,0,90.5
378768,5.695312,y,-361.41,-323.809,2.79554,0,90.5
378769,5.705078,y,-326.83,-324.4634,2.75702,0,90.5
378770,5.714843,y,-286.51,-316.2423,2.53864,0,90.5
378771,5.724609,y,-255.395,-303.061,2.1912,0,90.5
378772,5.734375,y,-222.88,-285.6914,2.19295,0,90.5
378773,5.745117,y,-165.865,-257.4707,1.81474,0,90.5
378774,5.754882,y,-108.885,-225.2855,2.1817,0,90.5
378775,5.764648,y,-58.24,-189.0985,1.92194,0,90.5
378776,5.774414,y,-20.23,-152.5165,2.63698,0,90.5
378777,5.780273,y,38.815,-126.4471,1.41165,0,90.5
378778,5.790039,y,58.73,-86.3322,1.16523,0,90.5
378779,5.799804,y,58.1,-55.0467,0.88986,0,90.5
378780,5.80957,y,44.135,-33.561,0.772,0,90.5
378781,5.820312,y,36.61,-17.0348,0.80739,0,90.5
378782,5.830078,y,38.15,-5.0801,0.91783,0,90.5
378783,5.839843,y,45.01,5.7699,1.13453,0,90.5
378784,5.849609,y,60.025,17.5232,1.35397,0,90.5
378785,5.859375,y,84.35,31.9999,1.45339,0,90.5
378786,5.870117,y,114.555,51.4427,1.41763,1,90.25
378787,5.879882,y,145.355,71.785,1.26491,0,90.25
378788,5.884765,y,172.025,83.3044,1.04294,0,90.25
378789,5.894531,y,192.115,106.876,0.88658,0,90.25
378790,5.905273,y,206.325,130.2975,0.88415,0,90.25
378791,5.915039,y,217.525,149.1936,0.92407,0,90.25
378792,5.924804,y,226.94,166.0343,1.0925,0,90.25
378793,5.93457,y,239.4,181.9275,1.29515,0,90.25
378794,5.945312,y,256.83,199.568,1.47285,0,90.25
378795,5.955078,y,277.41,216.4309,1.46843,0,90.25
378796,5.964843,y,294.07,233.2483,1.29978,0,90.25
378797,5.974609,y,300.825,247.8875,1.1565,0,90.25
378798,5.984375,y,298.655,258.8852,1.03576,0,90.25
378799,5.990234,y,290.255,263.1594,1.12819,0,90.25
378800,6.0,y,282.38,267.3232,1.3025,0,90.25
378801,6.009765,y,277.83,269.5991,1.47283,0,90.25
378802,6.019531,y,275.415,270.859,1.61325,0,90.25
378803,6.030273,y,273.245,271.4209,1.73215,0,90.25
378804,6.040039,y,271.6,271.4597,1.85817,0,90.25
378805,6.049804,y,270.48,271.2475,2.00376,0,90.25
378806,6.05957,y,270.795,271.1495,2.14232,0,90.25
378807,6.070312,y,272.615,271.4946,2.19951,0,90.25
378808,6.075195,y,273.42,271.7159,2.20493,0,90.25
378809,6.084961,y,270.725,271.5012,2.12682,0,90.25
378810,6.094726,y,261.345,269.3013,2.07081,0,90.25
378811,6.104492,y,245.28,264.0976,2.07699,0,90.25
378812,6.115234,y,224.07,254.6706,2.09268,0,90.25
378813,6.125,y,199.15,242.6431,2.06979,0,90.25
378814,6.134765,y,171.43,227.2176,2.02768,0,90.25
378815,6.144531,y,141.645,208.6801,2.01407,0,90.25
378816,6.155273,y,110.53,185.5645,2.07862,0,90.25
378817,6.165039,y,79.345,162.5541,2.18046,0,90.25
378818,6.174804,y,48.825,137.9192,2.29719,0,90.25
378819,6.18457,y,19.04,112.1664,2.43275,0,90.25
378820,6.195312,y,-7.735,83.9281,2.49268,0,90.25
378821,6.200195,y,-33.565,70.426,2.4162,0,90.25
378822,6.209961,y,-69.72,40.0662,2.27673,0,90.25
378823,6.219726,y,-113.505,6.8011,0.85309,0,90.25
378824,6.229492,y,-139.895,-24.9776,1.79337,0,90.25
378825,6.240234,y,-132.09,-50.204,3.18944,0,90.25
378826,6.25,y,-98.875,-60.7476,1.64663,0,90.25
378827,6.259765,y,-125.58,-74.7909,1.02523,0,90.25
378828,6.269531,y,-183.435,-98.3265,0.8448,0,90.25
378829,6.280273,y,-199.15,-122.0717,2.57014,0,90.25
378830,6.285156,y,-143.08,-124.486,2.56432,0,90.25
378831,6.294922,y,-86.52,-116.2614,1.41656,0,90.25
378832,6.304687,y,-77.735,-107.9162,0.92155,0,90.25
378833,6.314453,y,-89.46,-103.918,1.76718,0,90.25
378834,6.325195,y,-70.945,-96.1525,1.79918,0,90.25
378835,6.334961,y,-44.38,-84.937,1.35121,0,90.25
378836,6.344726,y,-31.115,-73.2786,1.18869,0,90.25
378837,6.354492,y,-28.07,-63.4851,1.26337,0,90.25
378838,6.365234,y,-26.775,-54.8394,1.31744,0,90.25
378839,6.375,y,-21.665,-47.6528,1.12098,0,90.25
378840,6.384765,y,-19.46,-41.546,1.02107,0,90.25
378841,6.389648,y,-17.78,-38.8148,1.23166,0,90.25
378842,6.399414,y,-8.505,-32.2488,1.11805,0,90.25
378843,6.410156,y,-4.06,-25.61,1.13601,0,90.25
378844,6.419922,y,-3.255,-20.7672,1.03927,0,90.25
378845,6.429687,y,-3.255,-16.9739,1.10658,0,90.25
378846,6.439453,y,-2.59,-13.8579,1.09707,0,90.25
378847,6.450195,y,-1.505,-10.9486,1.05811,0,90.25
378848,6.459961,y,-1.365,-8.8725,1.06359,0,90.25
378849,6.469726,y,-1.26,-7.2236,1.02916,0,90.25
378850,6.479492,y,-2.87,-6.2805,1.04143,0,90.25
378851,6.490234,y,-3.92,-5.7245,1.00896,0,90.25
378852,6.495117,y,-4.76,-5.6137,1.0131,0,90.25
378853,6.504882,y,-5.88,-5.6714,1.0437,0,90.25
378854,6.514648,y,-5.95,-5.7317,1.04418,0,90.25
378855,6.524414,y,-5.95,-5.779,1.01236,0,90.25
378856,6.535156,y,-8.435,-6.4045,0.9772,0,90.25
378857,6.544922,y,-11.13,-7.4282,1.04028,0,90.25
378858,6.554687,y,-10.535,-8.1012,1.0065,0,90.25
378859,6.564453,y,-11.795,-8.9014,0.96577,0,90.25
378860,6.575195,y,-13.545,-9.995,1.00149,0,90.25
378861,6.580078,y,-14.42,-10.5035,0.99087,0,90.25
378862,6.589843,y,-14.84,-11.4428,1.03858,0,90.25
378863,6.599609,y,-13.72,-11.9361,1.01978,0,90.25
378864,6.609375,y,-15.26,-12.6562,1.04149,0,90.25
378865,6.620117,y,-14.875,-13.1787,1.01604,0,90.25
378866,6.629882,y,-14.84,-13.5386,1.05391,0,90.25
378867,6.639648,y,-14.7,-13.7902,1.07538,0,90.25
378868,6.649414,y,-12.88,-13.593,1.08688,0,90.25
378869,6.660156,y,-11.34,-13.0624,1.05111,0,90.25
378870,6.669922,y,-11.445,-12.712,1.06081,0,90.25
378871,6.679687,y,-11.55,-12.4603,1.05823,0,90.25
378872,6.689453,y,-11.2,-12.1873,1.04756,0,90.25
378873,6.695312,y,-11.585,-12.1052,1.04727,0,90.25
378874,6.705078,y,-11.97,-12.0759,1.0412,0,90.25
378875,6.714843,y,-12.285,-12.1212,1.03467,0,90.25
378876,6.724609,y,-12.705,-12.2477,0.99678,0,90.25
378877,6.734375,y,-14.0,-12.6273,1.0698,0,90.25
378878,6.745117,y,-13.65,-12.8682,1.02744,0,90.25
378879,6.754882,y,-13.125,-12.9238,1.03093,0,90.25
378880,6.764648,y,-13.895,-13.1342,1.02913,0,90.25
378881,6.774414,y,-15.12,-13.5644,1.02642,0,90.25
378882,6.780273,y,-17.115,-14.0482,1.01312,0,90.25
378883,6.790039,y,-17.675,-14.8338,1.04643,0,90.25
378884,6.799804,y,-18.69,-15.6691,0.96621,0,90.25
378885,6.80957,y,-20.335,-16.6799,1.07703,0,90.25
378886,6.820312,y,-20.23,-17.516,1.01152,0,90.25
378887,6.830078,y,-25.06,-19.1502,1.08672,0,90.25
378888,6.839843,y,-27.055,-20.8625,1.05766,0,90.25
378889,6.849609,y,-30.73,-23.0001,1.01451,0,90.25
378890,6.859375,y,-38.325,-26.3199,1.04958,0,90.25
378891,6.870117,y,-44.345,-30.5651,1.01389,0,90.25
378892,6.879882,y,-53.515,-35.5363,1.03331,0,90.25
378893,6.884765,y,-64.225,-38.8331,1.01656,0,90.25
378894,6.894531,y,-77.07,-47.1164,0.93587,0,90.25
378895,6.905273,y,-96.46,-58.7374,0.99599,0,90.25
378896,6.915039,y,-113.995,-70.7079,1.18673,0,90.25
378897,6.924804,y,-127.89,-83.0941,1.43847,0,90.25
378898,6.93457,y,-141.19,-95.6794,1.09717,0,90.25
378899,6.945312,y,-172.375,-113.7422,1.14263,0,90.25
378900,6.955078,y,-199.885,-132.4033,1.02679,0,90.25
378901,6.964843,y,-232.995,-154.1925,1.25596,0,90.25
378902,6.974609,y,-264.88,-178.1707,1.06833,0,90.25
378903,6.984375,y,-305.025,-205.6511,1.15373,0,90.25
378904,6.990234,y,-343.56,-224.4416,0.90708,0,90.25
378905,7.0,y,-384.825,-259.1854,1.32285,0,90.25
378906,7.009765,y,-407.89,-291.3964,1.36756,0,90.25
378907,7.019531,y,-417.76,-318.7705,1.95833,0,90.25
378908,7.030273,y,-410.62,-340.4022,2.59066,0,90.25
378909,7.040039,y,-379.225,-348.8124,3.11439,0,90.25
378910,7.049804,y,-324.66,-343.5808,2.9692,0,90.25
378911,7.05957,y,-285.705,-331.0431,2.38801,0,90.25
378912,7.070312,y,-252.35,-312.5099,2.87296,0,90.25
378913,7.075195,y,-176.435,-296.8724,1.82705,0,90.25
378914,7.084961,y,-116.62,-257.8244,1.99447,0,90.25
378915,7.094726,y,-66.01,-216.2754,2.03724,0,90.25
378916,7.104492,y,-17.43,-173.1995,1.76353,0,90.25
378917,7.115234,y,19.46,-127.8258,1.68796,0,90.25
378918,7.125,y,41.44,-91.1577,1.371,0,90.25
378919,7.134765,y,34.265,-63.9899,1.06846,0,90.25
378920,7.144531,y,18.935,-46.0259,0.86852,0,90.25
378921,7.155273,y,10.255,-32.771,0.87172,0,90.25
378922,7.165039,y,12.075,-23.056,1.01365,0,90.25
378923,7.174804,y,18.06,-14.1499,1.24053,0,90.25
378924,7.18457,y,31.535,-4.2532,1.38291,0,90.25
378925,7.189453,y,53.725,2.4096,1.39057,0,90.25
378926,7.200195,y,81.62,21.0646,1.34981,0,90.25
378927,7.209961,y,112.56,40.8853,1.25488,1,89.98
378928,7.219726,y,140.875,62.5441,1.10468,0,89.98
378929,7.229492,y,162.435,84.1834,0.99243,0,89.98
378930,7.240234,y,177.73,106.2148,0.91627,0,89.98
378931,7.25,y,188.23,123.9818,0.93981,0,89.98
378932,7.259765,y,197.75,139.9607,1.08063,0,89.98
378933,7.269531,y,210.49,155.2395,1.25713,0,89.98
378934,7.280273,y,227.01,172.1424,1.37083,0,89.98
378935,7.285156,y,244.895,180.5029,1.38455,0,89.98
378936,7.294922,y,260.085,197.7428,1.30504,0,89.98
378937,7.304687,y,269.36,213.2558,1.25925,0,89.98
378938,7.314453,y,273.56,226.3195,1.2146,0,89.98
378939,7.325195,y,273.525,237.437,1.26892,0,89.98
378940,7.334961,y,272.23,244.9742,1.36368,0,89.98
378941,7.344726,y,271.215,250.6582,1.44614,0,89.98
378942,7.354492,y,270.2,254.8916,1.52118,0,89.98
378943,7.365234,y,268.87,258.1837,1.6341,0,89.98
378944,7.375,y,268.52,260.4228,1.81241,0,89.98
378945,7.379882,y,270.795,261.6145,1.99784,0,89.98
378946,7.389648,y,275.59,264.642,2.0942,0,89.98
378947,7.399414,y,280.7,268.1207,2.11903,0,89.98
378948,7.410156,y,283.325,271.7015,2.09895,0,89.98
378949,7.419922,y,280.945,273.7039,2.04967,0,89.98
378950,7.429687,y,273.14,273.5818,1.99491,0,89.98
378951,7.439453,y,260.47,270.7414,1.94991,0,89.98
378952,7.450195,y,243.53,264.3327,1.96782,0,89.98
378953,7.459961,y,223.265,255.4362,1.98076,0,89.98
378954,7.469726,y,199.955,243.4184,1.97285,0,89.98
378955,7.479492,y,175.42,228.6879,2.05367,0,89.98
378956,7.490234,y,152.705,210.793,2.11413,0,89.98
378957,7.495117,y,131.005,201.6239,2.21196,0,89.98
378958,7.504882,y,108.5,181.4523,2.33991,0,89.98
378959,7.514648,y,81.13,159.7195,2.41269,0,89.98
378960,7.524414,y,44.135,134.6804,2.48002,0,89.98
378961,7.535156,y,0.385,103.0521,2.50894,0,89.98
378962,7.544922,y,-50.33,69.825,2.53643,0,89.98
378963,7.554687,y,-102.445,32.5095,2.43382,0,89.98
378964,7.564453,y,-162.54,-9.744,0.65381,0,89.98
378965,7.570312,y,-186.095,-33.7723,2.33634,0,89.98
378966,7.580078,y,-181.23,-65.7161,2.64067,0,89.98
378967,7.589843,y,-183.33,-91.1924,1.12314,0,89.98
378968,7.599609,y,-219.24,-118.9314,0.76699,0,89.98
378969,7.609375,y,-241.29,-145.4379,2.67837,0,89.98
378970,7.620117,y,-188.65,-155.6149,2.93787,0,89.98
378971,7.629882,y,-122.22,-148.3812,2.16691,0,89.98
378972,7.639648,y,-90.23,-135.7839,1.28085,0,89.98
378973,7.649414,y,-94.745,-126.8937,1.13608,0,89.98
378974,7.660156,y,-89.88,-118.1765,2.23975,0,89.98
378975,7.669922,y,-55.615,-104.6238,1.65527,0,89.98
378976,7.679687,y,-39.41,-90.4978,1.26761,0,89.98
378977,7.68457,y,-34.055,-84.0115,1.23909,0,89.98
378978,7.695312,y,-28.07,-70.8366,1.16262,0,89.98
378979,7.705078,y,-25.97,-61.1171,1.15495,0,89.98
378980,7.714843,y,-26.915,-53.7086,1.10935,0,89.98
378981,7.724609,y,-24.675,-47.4191,1.1859,0,89.98
378982,7.734375,y,-18.235,-41.0969,1.08916,0,89.98
378983,7.745117,y,-15.575,-35.0862,1.06837,0,89.98
378984,7.754882,y,-16.8,-31.1252,1.07456,0,89.98
378985,7.764648,y,-15.96,-27.84,1.17828,0,89.98
378986,7.774414,y,-14.175,-24.8797,1.06478,0,89.98
378987,7.780273,y,-10.71,-22.9491,1.17051,0,89.98
378988,7.790039,y,-7.665,-19.6381,1.06787,0,89.98
378989,7.799804,y,-8.68,-17.2644,1.05253,0,89.98
378990,7.80957,y,-8.785,-15.4275,1.08461,0,89.98
378991,7.820312,y,-8.295,-13.7477,1.00161,0,89.98
378992,7.830078,y,-8.68,-12.6499,1.01135,0,89.98
378993,7.839843,y,-9.03,-11.8658,1.03234,0,89.98
378994,7.849609,y,-8.68,-11.1757,1.04249,0,89.98
378995,7.859375,y,-7.665,-10.4151,1.01956,0,89.98
378996,7.870117,y,-8.12,-9.8746,1.03095,0,89.98
378997,7.875,y,-9.135,-9.7896,1.03116,0,89.98
378998,7.884765,y,-9.59,-9.7464,1.05556,0,89.98
378999,7.894531,y,-9.24,-9.6367,1.01681,0,89.98
379000,7.905273,y,-9.345,-9.568,1.03585,0,89.98
379001,7.915039,y,-10.185,-9.7017,1.01969,0,89.98
379002,7.924804,y,-10.29,-9.8291,0.99747,0,89.98
379003,7.93457,y,-10.85,-10.0503,1.02074,0,89.98
379004,7.945312,y,-11.585,-10.4117,1.00455,0,89.98
379005,7.955078,y,-13.475,-11.0753,1.01656,0,89.98
379006,7.964843,y,-14.35,-11.7846,1.05229,0,89.98
379007,7.974609,y,-15.68,-12.6285,0.98221,0,89.98
379008,7.984375,y,-16.485,-13.4639,1.06773,0,89.98
379009,7.990234,y,-16.31,-13.8517,1.01234,0,89.98
379010,8.0,y,-17.99,-14.7482,1.0231,0,89.98
379011,8.009765,y,-18.62,-15.5869,1.05991,0,89.98
379012,8.019531,y,-19.39,-16.4107,1.0514,0,89.98
379013,8.030273,y,-20.02,-17.2608,1.05496,0,89.98
379014,8.040039,y,-20.475,-17.9571,1.05663,0,89.98
379015,8.049804,y,-20.965,-18.6086,1.04997,0,89.98
379016,8.05957,y,-22.12,-19.3693,1.05529,0,89.98
379017,8.070312,y,-23.345,-20.3056,1.05379,0,89.98
379018,8.075195,y,-24.745,-20.8158,1.03319,0,89.98
379019,8.084961,y,-26.355,-22.0157,1.05711,0,89.98
379020,8.094726,y,-28.595,-23.4409,1.05798,0,89.98
379021,8.104492,y,-30.765,-25.0275,1.01417,0,89.98
379022,8.115234,y,-35.77,-27.5575,1.07216,0,89.98
379023,8.125,y,-39.41,-30.1251,0.98051,0,89.98
379024,8.134765,y,-46.97,-33.7739,1.00769,0,89.98
379025,8.144531,y,-55.65,-38.5129,1.00286,0,89.98
379026,8.155273,y,-66.43,-45.0877,1.05622,0,89.98
379027,8.165039,y,-75.635,-51.7052,1.03371,0,89.98
379028,8.174804,y,-88.55,-59.6862,1.12339,0,89.98
379029,8.18457,y,-97.23,-67.8193,1.0069,0,89.98
379030,8.189453,y,-113.085,-73.0211,1.07891,0,89.98
379031,8.200195,y,-126.175,-85.5395,0.93865,0,89.98
379032,8.209961,y,-145.775,-98.5883,0.96667,0,89.98
379033,8.219726,y,-167.615,-113.5402,0.97635,0,89.98
379034,8.229492,y,-186.97,-129.4473,1.42391,0,89.98
379035,8.240234,y,-201.005,-146.3001,1.18911,0,89.98
379036,8.25,y,-226.03,-163.5719,1.01983,0,89.98
379037,8.259765,y,-260.19,-184.5004,1.02319,0,89.98
379038,8.269531,y,-291.515,-207.683,1.04403,0,89.98
379039,8.280273,y,-325.85,-235.5128,1.26285,0,89.98
379040,8.285156,y,-356.965,-249.4699,1.24821,0,89.98
379041,8.294922,y,-383.705,-278.5492,1.45455,0,89.98
379042,8.304687,y,-403.165,-305.5423,1.85686,0,89.98
379043,8.314453,y,-410.9,-328.3659,2.42217,0,89.98
379044,8.325195,y,-398.475,-344.8775,2.71469,0,89.98
379045,8.334961,y,-367.43,-349.763,3.0041,0,89.98
379046,8.344726,y,-321.51,-343.6431,2.6761,0,89.98
379047,8.354492,y,-292.215,-332.5023,2.09258,0,89.98
379048,8.365234,y,-269.22,-317.5985,3.16807,0,89.98
379049,8.370117,y,-180.495,-301.8428,2.22388,0,89.98
379050,8.379882,y,-105.56,-259.3259,2.51911,0,89.98
379051,8.389648,y,-26.6,-208.9105,2.274,0,89.98
379052,8.399414,y,23.87,-158.4833,2.23044,0,89.98
379053,8.410156,y,72.345,-104.1203,1.44217,0,89.98
379054,8.419922,y,82.355,-63.7242,1.20266,0,89.98
379055,8.429687,y,80.325,-32.5216,1.04211,0,89.98
379056,8.439453,y,70.56,-10.1911,1.05146,0,89.98
379057,8.450195,y,67.445,8.0932,1.1086,0,89.98
379058,8.459961,y,64.26,20.2606,1.18096,0,89.98
379059,8.469726,y,61.285,29.1469,1.22327,0,89.98
379060,8.479492,y,63.84,36.6625,1.20521,0,89.98
379061,8.490234,y,74.655,45.6102,1.20189,1,91.48
379062,8.495117,y,96.985,51.5141,1.26368,0,91.48
379063,8.504882,y,128.205,68.1261,1.28471,0,91.48
379064,8.514648,y,161.735,88.4046,1.26304,0,91.48
379065,8.524414,y,192.115,110.8714,1.20056,0,91.48
379066,8.535156,y,216.055,135.6435,1.11067,0,91.48
379067,8.544922,y,232.785,156.6872,1.03148,0,91.48
379068,8.554687,y,243.565,175.5058,1.04243,0,91.48
379069,8.564453,y,252.735,192.236,1.15399,0,91.48
379070,8.570312,y,263.515,201.9479,1.27113,0,91.48
379071,8.580078,y,275.45,217.8707,1.34294,0,91.48
379072,8.589843,y,286.37,232.7083,1.32703,0,91.48
379073,8.599609,y,292.46,245.6523,1.26993,0,91.48
379074,8.609375,y,292.495,255.7999,1.23803,0,91.48
379075,8.620117,y,288.715,263.5518,1.2514,0,91.48
379076,8.629882,y,283.465,267.8652,1.3764,0,91.48
379077,8.639648,y,280.175,270.5319,1.52858,0,91.48
379078,8.649414,y,278.88,272.3403,1.61779,0,91.48
379079,8.660156,y,277.165,273.4766,1.71426,0,91.48
379080,8.669922,y,275.45,273.9041,1.92034,0,91.48
379081,8.679687,y,277.515,274.6863,2.20158,0,91.48
379082,8.68457,y,284.27,275.7876,2.37778,0,91.48
379083,8.695312,y,291.48,279.4834,2.36865,0,91.48
379084,8.705078,y,293.23,282.4613,2.20421,0,91.48
379085,8.714843,y,285.215,283.0578,2.06321,0,91.48
379086,8.724609,y,268.625,279.9312,2.05295,0,91.48
379087,8.734375,y,247.135,272.8266,2.12761,0,91.48
379088,8.745117,y,224.315,261.4015,2.19664,0,91.48
379089,8.754882,y,203.14,248.7814,2.22117,0,91.48
379090,8.764648,y,183.82,234.7088,2.08237,0,91.48
379091,8.774414,y,159.95,218.5138,1.99152,0,91.48
379092,8.780273,y,129.36,206.3664,2.08889,0,91.48
379093,8.790039,y,95.235,182.292,2.1875,0,91.48
379094,8.799804,y,56.84,155.1178,2.26638,0,91.48
379095,8.80957,y,13.02,124.3352,2.33175,0,91.48
379096,8.820312,y,-33.845,87.0817,2.3203,0,91.48
379097,8.830078,y,-86.03,49.5806,2.25467,0,91.48
379098,8.839843,y,-136.535,9.266,1.17009,0,91.48
379099,8.849609,y,-166.985,-28.9152,1.6324,0,91.48
379100,8.859375,y,-165.13,-58.4234,2.86021,0,91.48
379101,8.865234,y,-154.21,-71.4746,1.77741,0,91.48
379102,8.875,y,-187.46,-96.6005,1.13708,0,91.48
379103,8.884765,y,-232.785,-126.0995,1.36964,0,91.48
379104,8.894531,y,-232.575,-149.1652,2.81429,0,91.48
379105,8.905273,y,-169.645,-153.9885,2.50631,0,91.48
379106,8.915039,y,-118.265,-146.2497,1.56548,0,91.48
379107,8.924804,y,-106.19,-137.5724,1.2668,0,91.48
379108,8.93457,y,-103.95,-130.2888,2.31053,0,91.48
379109,8.945312,y,-63.56,-114.5733,1.8011,0,91.48
379110,8.955078,y,-42.875,-99.0413,1.28893,0,91.48
379111,8.964843,y,-37.625,-85.7379,1.29348,0,91.48
379112,8.974609,y,-33.355,-74.3902,1.07022,0,91.48
379113,8.984375,y,-30.52,-64.8866,1.19966,0,91.48
379114,8.990234,y,-23.975,-59.3123,1.06094,0,91.48
379115,9.0,y,-22.575,-51.3539,1.13258,0,91.48
379116,9.009765,y,-17.5,-44.0208,1.19464,0,91.48
379117,9.019531,y,-11.025,-36.8729,1.11169,0,91.48
379118,9.030273,y,-8.89,-30.2826,1.08201,0,91.48
379119,9.040039,y,-9.59,-25.7999,1.08713,0,91.48
379120,9.049804,y,-9.87,-22.3494,1.06997,0,91.48
379121,9.05957,y,-9.38,-19.5398,1.09304,0,91.48
379122,9.070312,y,-7.84,-16.7844,1.09043,0,91.48
379123,9.075195,y,-7.14,-15.676,1.06169,0,91.48
379124,9.084961,y,-7.14,-13.8269,1.05172,0,91.48
379125,9.094726,y,-7.28,-12.4088,1.09758,0,91.48
379126,9.104492,y,-6.3,-11.0854,0.98968,0,91.48
379127,9.115234,y,-7.28,-10.1892,1.07044,0,91.48
379128,9.125,y,-6.16,-9.3164,1.02295,0,91.48
379129,9.134765,y,-7.245,-8.8677,1.06144,0,91.48
379130,9.144531,y,-5.46,-8.1295,1.0862,0,91.48
379131,9.155273,y,-5.88,-7.5997,1.00526,0,91.48
379132,9.165039,y,-5.04,-7.0452,1.10093,0,91.48
379133,9.174804,y,-3.255,-6.2242,1.01016,0,91.48
379134,9.179687,y,-3.535,-5.9152,1.03614,0,91.48
379135,9.189453,y,-2.8,-5.2403,0.97665,0,91.48
379136,9.200195,y,-3.605,-4.8552,1.02112,0,91.48
379137,9.209961,y,-3.5,-4.5616,0.98331,0,91.48
379138,9.219726,y,-3.99,-4.4378,0.97704,0,91.48
379139,9.229492,y,-6.02,-4.7805,1.00022,0,91.48
379140,9.240234,y,-8.575,-5.6742,1.00225,0,91.48
379141,9.25,y,-8.89,-6.3708,1.02989,0,91.48
379142,9.259765,y,-8.645,-6.8634,1.01791,0,91.48
379143,9.269531,y,-9.66,-7.4693,1.02934,0,91.48
379144,9.280273,y,-10.99,-8.2984,1.01823,0,91.48
379145,9.285156,y,-10.815,-8.5876,1.02764,0,91.48
379146,9.294922,y,-12.215,-9.3734,1.04686,0,91.48
379147,9.304687,y,-14.14,-10.4059,0.99881,0,91.48
379148,9.314453,y,-16.1,-11.6394,1.06956,0,91.48
379149,9.325195,y,-15.4,-12.5251,0.99196,0,91.48
379150,9.334961,y,-17.325,-13.5649,1.0523,0,91.48
379151,9.344726,y,-16.73,-14.2505,0.99204,0,91.48
379152,9.354492,y,-20.58,-15.6216,1.0985,0,91.48
379153,9.365234,y,-19.145,-16.4514,0.99169,0,91.48
379154,9.370117,y,-22.26,-17.119,1.13665,0,91.48
379155,9.379882,y,-21.0,-17.9596,1.04098,0,91.48
379156,9.389648,y,-23.625,-19.1869,1.08797,0,91.48
379157,9.399414,y,-24.57,-20.3531,1.03539,0,91.48
379158,9.410156,y,-26.075,-21.7006,1.09128,0,91.48
379159,9.419922,y,-26.915,-22.8302,1.00238,0,91.48
379160,9.429687,y,-30.66,-24.5262,1.01221,0,91.48
379161,9.439453,y,-35.42,-26.8862,1.08039,0,91.48
379162,9.450195,y,-39.55,-29.8687,1.03244,0,91.48
379163,9.459961,y,-46.48,-33.4672,1.01369,0,91.48
379164,9.469726,y,-57.96,-38.7726,1.00477,0,91.48
379165,9.479492,y,-67.865,-45.0749,1.02884,0,91.48
379166,9.484375,y,-79.065,-48.9809,1.0319,0,91.48
379167,9.495117,y,-91.245,-58.9347,0.99927,0,91.48
379168,9.504882,y,-105.7,-69.0645,1.04468,0,91.48
379169,9.514648,y,-119.455,-79.9806,0.86882,0,91.48
379170,9.524414,y,-141.015,-93.2025,0.93972,0,91.48
379171,9.535156,y,-159.95,-108.9224,1.24172,0,91.48
379172,9.544922,y,-176.4,-123.54,1.28068,0,91.48
379173,9.554687,y,-189.385,-137.8027,1.07025,0,91.48
379174,9.564453,y,-215.775,-154.6939,1.07697,0,91.48
379175,9.570312,y,-243.425,-166.7837,1.02111,0,91.48
379176,9.580078,y,-275.66,-190.3696,1.20459,0,91.48
379177,9.589843,y,-307.23,-215.6827,1.11016,0,91.48
379178,9.599609,y,-342.44,-243.1422,1.18584,0,91.48
379179,9.609375,y,-375.375,-271.7877,1.20261,0,91.48
379180,9.620117,y,-403.83,-302.8854,1.49921,0,91.48
379181,9.629882,y,-423.255,-328.9587,2.07229,0,91.48
379182,9.639648,y,-426.965,-350.1898,2.65186,0,91.48
379183,9.649414,y,-410.165,-363.1822,2.83685,0,91.48
379184,9.660156,y,-381.465,-367.488,2.30981,0,91.48
379185,9.669922,y,-355.775,-364.9506,2.32977,0,91.48
379186,9.674804,y,-323.26,-360.1606,1.82956,0,91.48
379187,9.68457,y,-300.825,-347.3067,1.77604,0,91.48
379188,9.695312,y,-266.525,-328.2816,2.31096,0,91.48
379189,9.705078,y,-187.635,-297.8133,2.30699,0,91.48
379190,9.714843,y,-118.755,-259.0274,2.3943,0,91.48
379191,9.724609,y,-73.955,-218.9352,0.9145,0,91.48
379192,9.734375,y,-33.915,-178.8543,4.6111,0,91.48
379193,9.745117,y,104.545,-112.1102,1.91557,0,91.48
379194,9.754882,y,150.885,-55.1427,1.20271,0,91.48
379195,9.764648,y,132.125,-14.5749,0.7227,0,91.48
379196,9.774414,y,113.085,13.08,0.64001,0,91.48
379197,9.780273,y,94.255,24.1403,0.58946,0,91.48
379198,9.790039,y,81.62,36.5922,0.59638,0,91.48
379199,9.799804,y,75.18,44.9507,0.88071,1,91.54
379200,9.80957,y,81.515,52.8716,1.26107,0,91.54
379201,9.820312,y,100.835,64.1676,1.54382,0,91.54
379202,9.830078,y,132.3,78.9271,1.72501,0,91.54
379203,9.839843,y,176.19,99.9953,1.63252,0,91.54
379204,9.849609,y,219.135,125.8045,1.32657,0,91.54
379205,9.859375,y,252.175,153.1801,0.99382,0,91.54
379206,9.865234,y,271.215,169.2627,0.80247,0,91.54
379207,9.875,y,277.795,192.774,0.73193,0,91.54
379208,9.884765,y,278.495,211.3421,0.84022,0,91.54
379209,9.894531,y,280.175,226.2533,1.05013,0,91.54
379210,9.905273,y,286.51,240.4446,1.27028,0,91.54
379211,9.915039,y,297.815,252.8727,1.39863,0,91.54
379212,9.924804,y,310.485,265.3521,1.41634,0,91.54
379213,9.93457,y,319.095,276.9944,1.32163,0,91.54
379214,9.945312,y,319.48,287.0003,1.25374,0,91.54
379215,9.955078,y,313.355,292.7095,1.21695,0,91.54
379216,9.964843,y,302.54,294.8389,1.33656,0,91.54
379217,9.974609,y,292.04,294.2326,1.53756,0,91.54
379218,9.984375,y,284.41,292.1047,1.70495,0,91.54
379219,9.990234,y,277.795,290.155,1.89761,0,91.54
379220,10.0,y,273.56,286.56,2.06882,0,91.54
379221,10.009765,y,272.545,283.5242,2.20047,0,91.54
379222,10.019531,y,273.245,281.2974,2.24949,0,91.54
379223,10.030273,y,273.07,279.3598,2.2513,0,91.54
379224,10.040039,y,269.815,277.2921,2.26542,0,91.54
379225,10.049804,y,264.18,274.4519,2.28776,0,91.54
379226,10.05957,y,256.375,270.5359,2.24732,0,91.54
379227,10.070312,y,243.075,264.0685,2.13153,0,91.54
379228,10.075195,y,222.285,259.2668,2.01328,0,91.54
379229,10.084961,y,195.755,245.5083,1.92583,0,91.54
379230,10.094726,y,166.355,228.3628,1.90707,0,91.54
379231,10.104492,y,134.68,208.0683,2.04417,0,91.54
379232,10.115234,y,106.225,184.0829,2.24207,0,91.54
379233,10.125,y,79.625,161.4542,2.34843,0,91.54
379234,10.134765,y,47.005,136.6633,2.40703,0,91.54
379235,10.144531,y,5.04,108.1498,2.38578,0,91.54
379236,10.155273,y,-45.01,72.0787,2.3723,0,91.54
379237,10.165039,y,-110.355,32.5581,1.66409,0,91.54
379238,10.169922,y,-156.695,10.8095,0.79766,0,91.54
379239,10.179687,y,-167.615,-27.8391,2.82807,0,91.54
379240,10.189453,y,-146.44,-53.5316,2.15977,0,91.54
379241,10.200195,y,-158.62,-78.2812,0.77618,0,91.54
379242,10.209961,y,-196.175,-103.8206,1.0445,0,91.54
379243,10.219726,y,-204.295,-125.5844,2.44388,0,91.54
379244,10.229492,y,-154.91,-131.9372,2.61382,0,91.54
379245,10.240234,y,-100.45,-124.5215,1.82013,0,91.54
379246,10.25,y,-80.85,-115.061,1.48401,0,91.54
379247,10.259765,y,-72.31,-105.8007,1.88793,0,91.54
379248,10.269531,y,-42.28,-92.0402,1.72499,0,91.54
379249,10.280273,y,-25.83,-76.4468,1.37429,0,91.54
379250,10.285156,y,-16.275,-69.532,1.20939,0,91.54
379251,10.294922,y,-11.97,-57.0624,1.14717,0,91.54
379252,10.304687,y,-5.39,-45.8696,1.07963,0,91.54
379253,10.314453,y,-3.885,-36.7745,0.87443,0,91.54
379254,10.325195,y,-6.335,-29.6056,1.11735,0,91.54
379255,10.334961,y,-3.15,-23.8745,1.06653,0,91.54
379256,10.344726,y,0.0,-18.7031,1.11452,0,91.54
379257,10.354492,y,1.19,-14.3936,1.01505,0,91.54
379258,10.365234,y,-3.01,-11.7126,1.06839,0,91.54
379259,10.370117,y,-5.6,-11.0102,1.05017,0,91.54
379260,10.379882,y,-6.65,-10.0657,1.15641,0,91.54
379261,10.389648,y,-4.27,-8.8102,1.04945,0,91.54
379262,10.399414,y,-3.675,-7.6978,1.1171,0,91.54
379263,10.410156,y,-2.73,-6.5278,1.09294,0,91.54
379264,10.419922,y,-2.1,-5.5686,1.07519,0,91.54
379265,10.429687,y,-0.21,-4.4079,1.07596,0,91.54
379266,10.439453,y,0.91,-3.2559,0.99794,0,91.54
379267,10.450195,y,-0.28,-2.555,1.08384,0,91.54
379268,10.459961,y,0.315,-1.9333,1.00567,0,91.54
379269,10.469726,y,-0.49,-1.6206,1.07399,0,91.54
379270,10.479492,y,0.35,-1.1937,1.04197,0,91.54
379271,10.484375,y,1.26,-0.9118,1.04671,0,91.54
379272,10.495117,y,1.435,-0.3591,0.96574,0,91.54
379273,10.504882,y,0.14,-0.251,1.01485,0,91.54
379274,10.514648,y,-0.21,-0.2421,0.92077,0,91.54
379275,10.524414,y,-1.89,-0.5991,1.06093,0,91.54
379276,10.535156,y,-1.995,-0.9278,0.96951,0,91.54
379277,10.544922,y,-3.325,-1.4471,0.97711,0,91.54
379278,10.554687,y,-7.35,-2.7258,0.9842,0,91.54
379279,10.564453,y,-9.24,-4.1369,0.98499,0,91.54
379280,10.570312,y,-12.25,-5.2424,0.97861,0,91.54
379281,10.580078,y,-14.56,-7.2608,0.97738,0,91.54
379282,10.589843,y,-18.06,-9.6001,0.98227,0,91.54
379283,10.599609,y,-19.915,-11.8346,0.96669,0,91.54
379284,10.609375,y,-22.925,-14.2371,0.98382,0,91.54
379285,10.620117,y,-26.88,-17.2147,1.04156,0,91.54
379286,10.629882,y,-26.95,-19.3234,1.03224,0,91.54
379287,10.639648,y,-28.035,-21.2106,0.99674,0,91.54
379288,10.649414,y,-31.955,-23.5382,1.1121,0,91.54
379289,10.660156,y,-30.835,-25.2567,1.09585,0,91.54
379290,10.665039,y,-27.93,-25.5639,1.02218,0,91.54
379291,10.674804,y,-28.945,-26.2963,1.06073,0,91.54
379292,10.68457,y,-29.26,-26.9383,1.07702,0,91.54
379293,10.695312,y,-28.595,-27.3285,1.05023,0,91.54
379294,10.705078,y,-28.105,-27.4967,1.05779,0,91.54
379295,10.714843,y,-29.54,-27.9393,1.10859,0,91.54
379296,10.724609,y,-26.425,-27.6113,0.99442,0,91.54
379297,10.734375,y,-27.51,-27.5893,1.08445,0,91.54
379298,10.745117,y,-26.53,-27.3398,1.02005,0,91.54
379299,10.754882,y,-29.645,-27.8392,1.08559,0,91.54
379300,10.764648,y,-31.01,-28.5261,1.07704,0,91.54
379301,10.774414,y,-33.25,-29.5494,1.11034,0,91.54
379302,10.780273,y,-36.26,-30.4637,1.05748,0,91.54
379303,10.790039,y,-41.755,-32.9098,1.06239,0,91.54
379304,10.799804,y,-49.035,-36.4027,1.00543,0,91.54
379305,10.80957,y,-61.915,-41.9294,0.99991,0,91.54
379306,10.820312,y,-78.05,-50.4363,0.95156,0,91.54
379307,10.830078,y,-93.52,-59.7695,1.03401,0,91.54
379308,10.839843,y,-111.965,-71.0756,0.96426,0,91.54
379309,10.849609,y,-135.975,-85.1347,0.97596,0,91.54
379310,10.859375,y,-155.12,-100.2956,1.1755,0,91.54
379311,10.865234,y,-175.945,-110.6031,1.22222,0,91.54
379312,10.875,y,-198.1,-129.5575,1.08282,0,91.54
379313,10.884765,y,-225.89,-150.4241,1.09758,0,91.54
379314,10.894531,y,-249.515,-171.8902,1.10871,0,91.54
379315,10.905273,y,-285.67,-198.6868,1.23446,0,91.54
379316,10.915039,y,-318.43,-224.6267,1.04284,0,91.54
379317,10.924804,y,-356.825,-253.2622,1.13163,0,91.54
379318,10.93457,y,-394.555,-283.8705,1.2114,0,91.54
379319,10.945312,y,-423.745,-316.8127,1.5779,0,91.54
379320,10.955078,y,-445.725,-344.739,2.16687,0,91.54
379321,10.964843,y,-450.485,-367.6446,2.84523,0,91.54
379322,10.974609,y,-433.44,-381.8979,2.87137,0,91.54
379323,10.979492,y,-406.84,-384.7642,2.53546,0,91.54
379324,10.990234,y,-377.86,-383.1382,2.09244,0,91.54
379325,11.0,y,-358.085,-377.7109,1.5204,0,91.54
379326,11.009765,y,-345.485,-370.7304,1.38617,0,91.54
379327,11.019531,y,-322.735,-360.3332,1.81561,0,91.54
379328,11.030273,y,-271.88,-339.5013,2.59921,0,91.54
379329,11.040039,y,-188.475,-306.7845,2.28076,0,91.54
379330,11.049804,y,-123.69,-267.1244,1.76722,0,91.54
379331,11.05957,y,-82.005,-227.022,5.23189,0,91.54
379332,11.070312,y,74.935,-155.9072,2.82231,0,91.54
379333,11.075195,y,160.23,-119.5774,1.32705,0,91.54
379334,11.084961,y,173.705,-56.0437,0.74054,0,91.54
379335,11.094726,y,160.79,-9.0752,0.65448,0,91.54
379336,11.104492,y,136.57,22.4759,0.75603,0,91.54
379337,11.115234,y,114.45,44.137,0.62724,1,91.41
379338,11.125,y,95.585,55.2821,0.49588,0,91.41
379339,11.134765,y,83.965,61.4951,0.75507,0,91.41
379340,11.144531,y,87.675,67.1665,1.2921,0,91.41
379341,11.155273,y,112.035,77.7336,1.74535,0,91.41
379342,11.165039,y,152.775,93.9898,1.8773,0,91.41
379343,11.169922,y,201.74,106.3722,1.86199,0,91.41
379344,11.179687,y,253.015,138.1366,1.36515,0,91.41
379345,11.189453,y,284.935,169.9375,1.01129,0,91.41
379346,11.200195,y,302.05,201.0517,0.84522,0,91.41
379347,11.209961,y,307.86,224.1896,0.80626,0,91.41
379348,11.219726,y,307.37,242.2073,0.8844,0,91.41
379349,11.229492,y,307.09,256.2628,1.05088,0,91.41
379350,11.240234,y,309.26,268.7443,1.30047,0,91.41
379351,11.25,y,316.855,279.1665,1.4915,0,91.41
379352,11.259765,y,328.265,289.8018,1.57363,0,91.41
379353,11.269531,y,338.905,300.439,1.56229,0,91.41
379354,11.280273,y,344.295,310.7677,1.43051,0,91.41
379355,11.285156,y,339.71,314.0936,1.36249,0,91.41
379356,11.294922,y,326.9,316.8679,1.48791,0,91.41
379357,11.304687,y,314.09,316.2662,1.67584,0,91.41
379358,11.314453,y,303.94,313.596,1.85527,0,91.41
379359,11.325195,y,294.14,309.0138,1.99495,0,91.41
379360,11.334961,y,283.325,303.4489,2.11741,0,91.41
379361,11.344726,y,272.615,296.7699,2.24921,0,91.41
379362,11.354492,y,264.215,289.7176,2.33567,0,91.41
379363,11.365234,y,256.935,281.9968,2.34017,0,91.41
379364,11.370117,y,248.255,278.1193,2.36949,0,91.41
379365,11.379882,y,239.54,269.7626,2.37824,0,91.41
379366,11.389648,y,229.915,261.1304,2.25614,0,91.41
379367,11.399414,y,214.55,251.0397,2.09167,0,91.41
379368,11.410156,y,192.115,237.1622,1.96752,0,91.41
379369,11.419922,y,165.41,221.6185,1.97834,0,91.41
379370,11.429687,y,137.83,203.4691,2.07346,0,91.41
379371,11.439453,y,111.825,183.6162,2.26274,0,91.41
379372,11.450195,y,86.24,160.6829,2.31538,0,91.41
379373,11.459961,y,52.885,137.3306,2.31787,0,91.41
379374,11.469726,y,8.435,109.4105,2.28533,0,91.41
379375,11.474609,y,-43.4,91.8498,2.30405,0,91.41
379376,11.484375,y,-98.595,50.5938,1.82895,0,91.41
379377,11.495117,y,-143.185,4.9564,1.0079,0,91.41
379378,11.504882,y,-148.4,-28.2622,2.86587,0,91.41
379379,11.514648,y,-120.12,-48.1613,2.32344,0,91.41
379380,11.524414,y,-121.345,-64.0151,0.9427,0,91.41
379381,11.535156,y,-148.435,-83.8971,1.0418,0,91.41
379382,11.544922,y,-163.03,-101.0396,2.32172,0,91.41
379383,11.554687,y,-120.715,-105.3015,2.56463,0,91.41
379384,11.564453,y,-70.63,-97.7906,1.74428,0,91.41
379385,11.570312,y,-56.21,-92.1252,1.03557,0,91.41
379386,11.580078,y,-66.255,-86.5209,1.12995,0,91.41
379387,11.589843,y,-62.86,-81.3957,1.5478,0,91.41
379388,11.599609,y,-52.92,-75.227,1.70742,0,91.41
379389,11.609375,y,-47.005,-69.1133,1.54597,0,91.41
379390,11.620117,y,-41.055,-62.5052,1.42815,0,91.41
379391,11.629882,y,-31.78,-55.8498,1.01997,0,91.41
379392,11.639648,y,-28.14,-49.847,0.98516,0,91.41
379393,11.649414,y,-28.595,-45.2432,1.12609,0,91.41
379394,11.660156,y,-22.19,-39.8139,1.15724,0,91.41
379395,11.665039,y,-14.105,-36.8595,1.18925,0,91.41
379396,11.674804,y,-11.34,-31.3317,0.92674,0,91.41
379397,11.68457,y,-14.035,-27.5847,1.1782,0,91.41
379398,11.695312,y,-14.35,-24.4678,0.9024,0,91.41
379399,11.705078,y,-18.865,-23.254,1.10722,0,91.41
379400,11.714843,y,-18.935,-22.3185,1.06956,0,91.41
379401,11.724609,y,-19.005,-21.6007,1.05422,0,91.41
379402,11.734375,y,-19.775,-21.2052,1.0705,0,91.41
379403,11.745117,y,-19.04,-20.6953,1.10683,0,91.41
379404,11.754882,y,-17.675,-20.041,1.07397,0,91.41
379405,11.764648,y,-16.87,-19.3541,1.07861,0,91.41
379406,11.774414,y,-16.24,-18.6795,1.07196,0,91.41
379407,11.780273,y,-15.505,-18.247,1.04503,0,91.41
379408,11.790039,y,-15.75,-17.706,1.04238,0,91.41
379409,11.799804,y,-16.485,-17.4416,1.03018,0,91.41
379410,11.80957,y,-16.66,-17.2722,1.06708,0,91.41
379411,11.820312,y,-16.24,-17.0291,1.0202,0,91.41
379412,11.830078,y,-15.33,-16.6611,1.07379,0,91.41
379413,11.839843,y,-14.49,-16.1908,0.98123,0,91.41
379414,11.849609,y,-15.47,-16.0346,1.05234,0,91.41
379415,11.859375,y,-15.26,-15.8668,0.96654,0,91.41
379416,11.865234,y,-16.03,-15.8891,1.06481,0,91.41
379417,11.875,y,-16.24,-15.9651,0.90464,0,91.41
379418,11.884765,y,-19.32,-16.6918,1.13065,0,91.41
379419,11.894531,y,-18.13,-17.0034,0.94015,0,91.41
379420,11.905273,y,-19.495,-17.5902,1.07236,0,91.41
379421,11.915039,y,-18.445,-17.7753,1.00683,0,91.41
379422,11.924804,y,-19.18,-18.0796,1.04321,0,91.41
379423,11.93457,y,-19.635,-18.4166,1.01726,0,91.41
379424,11.945312,y,-19.53,-18.6788,1.04572,0,91.41
379425,11.955078,y,-20.51,-19.0755,1.02283,0,91.41
379426,11.964843,y,-22.855,-19.8942,1.04825,0,91.41
379427,11.969726,y,-21.77,-20.1097,1.05293,0,91.41
379428,11.979492,y,-22.295,-20.5831,1.04384,0,91.41
379429,11.990234,y,-22.785,-21.1017,1.09919,0,91.41
379430,12.0,y,-21.175,-21.1176,1.02151,0,91.41
379431,12.009765,y,-21.49,-21.1982,1.032,0,91.41
379432,12.019531,y,-24.5,-21.9135,1.1268,0,91.41
379433,12.030273,y,-22.89,-22.1435,1.05464,0,91.41
379434,12.040039,y,-24.255,-22.6009,1.08818,0,91.41
379435,12.049804,y,-23.87,-22.8758,1.03648,0,91.41
379436,12.05957,y,-25.55,-23.4551,1.07883,0,91.41
379437,12.070312,y,-25.165,-23.8578,1.01535,0,91.41
379438,12.075195,y,-31.325,-24.7159,1.1209,0,91.41
379439,12.084961,y,-30.835,-26.0415,0.97222,0,91.41
379440,12.094726,y,-37.52,-28.5279,1.09598,0,91.41
379441,12.104492,y,-42.735,-31.6056,1.03057,0,91.41
379442,12.115234,y,-50.995,-36.172,1.0861,0,91.41
379443,12.125,y,-59.115,-41.1422,0.98807,0,91.41
379444,12.134765,y,-73.465,-48.1436,1.06469,0,91.41
379445,12.144531,y,-85.645,-56.2675,0.98378,0,91.41
379446,12.155273,y,-104.825,-67.7034,0.96033,0,91.41
379447,12.165039,y,-125.335,-80.1882,1.00195,0,91.41
379448,12.169922,y,-146.195,-87.7735,1.15476,0,91.41
379449,12.179687,y,-164.115,-104.3099,1.30812,0,91.41
379450,12.189453,y,-181.825,-121.102,1.05555,0,91.41
379451,12.200195,y,-211.68,-142.4343,1.08323,0,91.41
379452,12.209961,y,-242.76,-164.1678,1.03061,0,91.41
379453,12.219726,y,-276.64,-188.5304,1.12115,0,91.41
379454,12.229492,y,-311.01,-215.0632,1.10507,0,91.41
379455,12.240234,y,-348.775,-246.554,1.05541,0,91.41
379456,12.25,y,-390.635,-277.7663,1.20582,0,91.41
379457,12.259765,y,-418.88,-308.333,1.54195,0,91.41
379458,12.269531,y,-435.05,-335.7837,2.09673,0,91.41
379459,12.280273,y,-437.36,-359.7062,2.70775,0,91.41
379460,12.285156,y,-421.925,-366.8562,2.80581,0,91.41
379461,12.294922,y,-397.67,-373.5314,2.7686,0,91.41
379462,12.304687,y,-358.19,-370.2083,2.78481,0,91.41
379463,12.314453,y,-322.735,-359.9242,2.05378,0,91.41
379464,12.325195,y,-302.785,-346.4672,3.05466,0,91.41
379465,12.334961,y,-208.04,-316.4797,2.90467,0,91.41
379466,12.344726,y,-103.355,-270.3147,2.39869,0,91.41
379467,12.354492,y,-41.055,-220.6502,1.64722,0,91.41
379468,12.365234,y,-1.54,-169.0469,3.3744,0,91.41
379469,12.370117,y,81.795,-140.2207,1.48877,0,91.41
379470,12.379882,y,87.255,-90.9471,1.51273,0,91.41
379471,12.389648,y,65.94,-56.9607,1.15894,0,91.41
379472,12.399414,y,45.955,-34.6661,0.94287,0,91.41
379473,12.410156,y,38.185,-17.5087,0.89509,0,91.41
379474,12.419922,y,44.1,-4.1624,0.98548,0,91.41
379475,12.429687,y,53.375,8.3008,1.14475,0,91.41
379476,12.439453,y,70.875,21.8562,1.31358,0,91.41
379477,12.450195,y,100.03,40.2671,1.4272,1,90.8
379478,12.459961,y,136.675,61.152,1.47486,0,90.8
379479,12.464843,y,176.225,74.3734,1.47928,0,90.8
379480,12.474609,y,214.655,104.7626,1.3773,0,90.8
379481,12.484375,y,246.365,135.4379,1.27895,0,90.8
379482,12.495117,y,270.865,167.3327,1.2092,0,90.8
379483,12.504882,y,288.435,193.5647,1.12903,0,90.8
379484,12.514648,y,298.76,216.3532,1.11728,0,90.8
379485,12.524414,y,304.605,235.4711,1.20363,0,90.8
379486,12.535156,y,310.45,253.1296,1.36193,0,90.8
379487,12.544922,y,319.2,267.4424,1.42323,0,90.8
379488,12.554687,y,326.55,280.2457,1.42,0,90.8
379489,12.564453,y,329.805,290.9818,1.43257,0,90.8
379490,12.570312,y,329.21,296.1905,1.42621,0,90.8
379491,12.580078,y,323.89,302.191,1.45959,0,90.8
379492,12.589843,y,315.175,305.0035,1.57262,0,90.8
379493,12.599609,y,307.65,305.5768,1.72049,0,90.8
379494,12.609375,y,302.155,304.8355,1.87752,0,90.8
379495,12.620117,y,296.345,302.8359,1.99107,0,90.8
379496,12.629882,y,287.28,299.4663,2.12435,0,90.8
379497,12.639648,y,275.835,294.3471,2.24754,0,90.8
379498,12.649414,y,262.535,287.4556,2.30032,0,90.8
379499,12.660156,y,245.875,277.6629,2.27489,0,90.8
379500,12.665039,y,223.79,271.4719,2.23769,0,90.8
379501,12.674804,y,197.4,255.4272,2.26082,0,90.8
379502,12.68457,y,169.225,236.7532,2.33229,0,90.8
379503,12.695312,y,141.26,214.2633,2.44334,0,90.8
379504,12.705078,y,117.145,193.2246,2.49688,0,90.8
379505,12.714843,y,96.355,172.2416,2.43842,0,90.8
379506,12.724609,y,74.41,151.0484,2.35223,0,90.8
379507,12.734375,y,50.085,129.1767,2.25972,0,90.8
379508,12.745117,y,21.84,103.8975,2.18694,0,90.8
379509,12.754882,y,-13.16,78.5417,2.13691,0,90.8
379510,12.764648,y,-54.005,49.8281,2.13917,0,90.8
379511,12.774414,y,-101.5,17.0459,1.33543,0,90.8
379512,12.780273,y,-142.52,-4.6954,1.35874,0,90.8
379513,12.790039,y,-137.795,-33.5287,2.41286,0,90.8
379514,12.799804,y,-115.675,-51.3225,1.81308,0,90.8
379515,12.80957,y,-127.365,-67.7955,1.02374,0,90.8
379516,12.820312,y,-162.715,-90.1503,1.09407,0,90.8
379517,12.830078,y,-173.11,-108.1218,2.1624,0,90.8
379518,12.839843,y,-136.99,-114.375,2.30396,0,90.8
379519,12.849609,y,-94.15,-109.9936,1.73055,0,90.8
379520,12.859375,y,-74.235,-102.2473,1.21097,0,90.8
379521,12.865234,y,-70.91,-97.9775,1.53597,0,90.8
379522,12.875,y,-52.92,-88.2167,1.48869,0,90.8
379523,12.884765,y,-34.055,-76.4847,1.26215,0,90.8
379524,12.894531,y,-24.605,-65.246,1.21992,0,90.8
379525,12.905273,y,-20.055,-54.6029,1.12647,0,90.8
379526,12.915039,y,-18.585,-46.8004,1.12521,0,90.8
379527,12.924804,y,-16.625,-40.2641,1.04847,0,90.8
379528,12.93457,y,-15.96,-34.9991,1.11342,0,90.8
379529,12.945312,y,-13.545,-29.9464,1.11054,0,90.8
379530,12.955078,y,-10.395,-25.711,1.10197,0,90.8
379531,12.964843,y,-7.945,-21.8627,1.07674,0,90.8
379532,12.969726,y,-7.525,-20.215,1.01511,0,90.8
379533,12.979492,y,-8.225,-17.6176,1.11093,0,90.8
379534,12.990234,y,-7.98,-15.3478,1.02881,0,90.8
379535,13.0,y,-8.47,-13.8579,1.10077,0,90.8
379536,13.009765,y,-6.965,-12.3648,1.06197,0,90.8
379537,13.019531,y,-6.475,-11.0889,1.06969,0,90.8
379538,13.030273,y,-7.735,-10.299,1.034,0,90.8
379539,13.040039,y,-8.12,-9.827,1.12903,0,90.8
379540,13.049804,y,-6.79,-9.1691,0.95546,0,90.8
379541,13.05957,y,-7.42,-8.7902,1.15251,0,90.8
379542,13.070312,y,-5.985,-8.1296,1.00251,0,90.8
379543,13.075195,y,-7.315,-8.0359,1.08717,0,90.8
379544,13.084961,y,-5.915,-7.5765,1.04062,0,90.8
379545,13.094726,y,-6.475,-7.3379,1.01787,0,90.8
379546,13.104492,y,-7.98,-7.477,1.01765,0,90.8
379547,13.115234,y,-8.54,-7.7273,1.01791,0,90.8
379548,13.125,y,-8.96,-7.9944,1.01802,0,90.8
379549,13.134765,y,-8.89,-8.1884,0.97793,0,90.8
379550,13.144531,y,-10.045,-8.5906,0.99796,0,90.8
379551,13.155273,y,-12.04,-9.403,1.01152,0,90.8
379552,13.160156,y,-11.55,-9.6497,1.03361,0,90.8
379553,13.169922,y,-11.165,-9.978,1.02733,0,90.8
379554,13.179687,y,-10.535,-10.0986,1.01086,0,90.8
379555,13.189453,y,-11.27,-10.3524,1.03954,0,90.8
379556,13.200195,y,-11.13,-10.5355,1.02311,0,90.8
379557,13.209961,y,-11.515,-10.7477,1.05064,0,90.8
379558,13.219726,y,-11.375,-10.8836,1.01375,0,90.8
379559,13.229492,y,-13.615,-11.4753,1.06393,0,90.8
379560,13.240234,y,-11.83,-11.5588,1.00539,0,90.8
379561,13.25,y,-14.875,-12.2772,1.10028,0,90.8
379562,13.259765,y,-14.07,-12.6655,0.94858,0,90.8
379563,13.269531,y,-19.145,-14.0692,1.11933,0,90.8
379564,13.274414,y,-17.85,-14.5037,0.99285,0,90.8
379565,13.285156,y,-19.74,-15.7369,1.11179,0,90.8
379566,13.294922,y,-18.795,-16.3994,1.01065,0,90.8
379567,13.304687,y,-24.675,-18.192,1.11569,0,90.8
379568,13.314453,y,-25.48,-19.7708,1.06532,0,90.8
379569,13.325195,y,-28.385,-21.7995,1.06844,0,90.8
379570,13.334961,y,-30.8,-23.7493,1.04128,0,90.8
379571,13.344726,y,-34.86,-26.156,1.03128,0,90.8
379572,13.354492,y,-39.165,-28.9741,1.06945,0,90.8
379573,13.365234,y,-43.12,-32.3057,1.02589,0,90.8
379574,13.370117,y,-49.77,-34.3126,1.05232,0,90.8
379575,13.379882,y,-58.975,-39.6548,1.01703,0,90.8
379576,13.389648,y,-67.585,-45.7053,1.04542,0,90.8
379577,13.399414,y,-79.45,-53.0154,1.06602,0,90.8
379578,13.410156,y,-89.32,-61.5656,1.03204,0,90.8
379579,13.419922,y,-102.165,-70.3606,1.03355,0,90.8
379580,13.429687,y,-114.065,-79.8275,1.0665,0,90.8
379581,13.439453,y,-129.5,-90.588,0.89555,0,90.8
379582,13.450195,y,-148.085,-104.1293,0.91835,0,90.8
379583,13.455078,y,-167.825,-111.4491,1.17608,0,90.8
379584,13.464843,y,-183.435,-127.042,1.32262,0,90.8
379585,13.474609,y,-197.96,-142.4049,1.12843,0,90.8
379586,13.484375,y,-226.835,-160.695,0.93803,0,90.8
379587,13.495117,y,-256.76,-183.3195,1.10759,0,90.8
379588,13.504882,y,-286.44,-205.6565,1.11475,0,90.8
379589,13.514648,y,-320.005,-230.4278,1.18598,0,90.8
379590,13.524414,y,-350.105,-256.3535,1.28998,0,90.8
379591,13.535156,y,-374.99,-284.2939,1.49166,0,90.8
379592,13.544922,y,-388.745,-306.9211,1.94223,0,90.8
379593,13.554687,y,-388.92,-324.6829,2.45336,0,90.8
379594,13.564453,y,-375.69,-335.7326,2.72684,0,90.8
379595,13.570312,y,-348.88,-337.5239,2.62659,0,90.8
379596,13.580078,y,-318.045,-333.3042,2.51095,0,90.8
379597,13.589843,y,-288.645,-323.6306,1.92863,0,90.8
379598,13.599609,y,-272.44,-312.5412,2.41436,0,90.8
379599,13.609375,y,-217.525,-291.9578,2.59757,0,90.8
379600,13.620117,y,-135.065,-255.0076,2.17784,0,90.8
379601,13.629882,y,-67.655,-214.4251,2.27396,0,90.8
379602,13.639648,y,-10.22,-170.1881,2.4695,0,90.8
379603,13.649414,y,47.11,-123.1149,1.6655,0,90.8
379604,13.655273,y,72.485,-96.4639,1.43054,0,90.8
379605,13.665039,y,61.705,-62.1998,1.17166,0,90.8
379606,13.674804,y,41.685,-39.6973,0.91206,0,90.8
379607,13.68457,y,23.59,-25.9873,0.77129,0,90.8
379608,13.695312,y,16.625,-15.9516,0.79338,0,90.8
379609,13.705078,y,13.055,-9.6679,0.93859,0,90.8
379610,13.714843,y,17.045,-3.8816,1.11739,0,90.8
379611,13.724609,y,34.545,4.4427,1.34987,0,90.8
379612,13.734375,y,66.5,17.8862,1.54313,0,90.8
379613,13.745117,y,108.92,39.3258,1.62192,0,90.8
379614,13.754882,y,154.63,64.3019,1.56053,1,91.27
379615,13.764648,y,195.125,92.6421,1.41459,0,91.27
379616,13.769531,y,226.345,108.007,1.15162,0,91.27
379617,13.780273,y,244.72,140.2046,0.93629,0,91.27
379618,13.790039,y,252.105,164.4456,0.82862,0,91.27
379619,13.799804,y,253.085,183.6458,0.80105,0,91.27
379620,13.80957,y,250.985,198.2335,0.91581,0,91.27
379621,13.820312,y,251.23,210.7148,1.122,0,91.27
379622,13.830078,y,257.53,220.8564,1.31572,0,91.27
379623,13.839843,y,269.01,231.287,1.40259,0,91.27
379624,13.849609,y,280.805,242.0141,1.41495,0,91.27
379625,13.859375,y,289.8,252.3659,1.40414,0,91.27
379626,13.865234,y,294.63,258.1245,1.36345,0,91.27
379627,13.875,y,294.385,265.9796,1.40268,0,91.27
379628,13.884765,y,291.935,271.6018,1.51546,0,91.27
379629,13.894531,y,289.66,275.5138,1.62441,0,91.27
379630,13.905273,y,287.175,278.2601,1.71135,0,91.27
379631,13.915039,y,283.29,279.3498,1.83547,0,91.27
379632,13.924804,y,279.055,279.2859,2.05534,0,91.27
379633,13.93457,y,277.76,278.9553,2.26868,0,91.27
379634,13.945312,y,279.265,279.0283,2.32926,0,91.27
379635,13.955078,y,278.915,279.0037,2.28195,0,91.27
379636,13.964843,y,272.685,277.635,2.18438,0,91.27
379637,13.969726,y,258.72,275.4614,2.11885,0,91.27
379638,13.979492,y,237.86,267.3158,2.06579,0,91.27
379639,13.990234,y,212.275,254.353,2.02778,0,91.27
379640,14.0,y,184.485,239.2175,1.97972,0,91.27
379641,14.009765,y,155.925,221.1755,1.96185,0,91.27
379642,14.019531,y,126.945,200.7623,2.00758,0,91.27
379643,14.030273,y,97.16,176.3627,2.11875,0,91.27
379644,14.040039,y,66.675,152.601,2.24516,0,91.27
379645,14.049804,y,32.725,126.6347,2.31595,0,91.27
379646,14.05957,y,-8.365,97.3897,2.36852,0,91.27
379647,14.070312,y,-54.845,61.5365,2.40516,0,91.27
379648,14.075195,y,-113.12,41.4653,2.37314,0,91.27
379649,14.084961,y,-173.88,-5.1849,0.77572,0,91.27
379650,14.094726,y,-192.36,-45.729,2.47199,0,91.27
379651,14.104492,y,-171.745,-73.0278,2.84384,0,91.27
379652,14.115234,y,-151.13,-91.4219,1.28422,0,91.27
379653,14.125,y,-171.64,-108.7995,0.65122,0,91.27
379654,14.134765,y,-202.195,-129.0299,1.81329,0,91.27
379655,14.144531,y,-178.29,-139.7011,2.75035,0,91.27
379656,14.155273,y,-117.6,-134.496,2.39386,0,91.27
379657,14.160156,y,-72.555,-127.3779,1.4847,0,91.27
379658,14.169922,y,-58.94,-112.5522,1.58574,0,91.27
379659,14.179687,y,-42.35,-97.3457,1.37221,0,91.27
379660,14.189453,y,-31.675,-83.1195,1.4413,0,91.27
379661,14.200195,y,-29.085,-70.3936,1.12001,0,91.27
379662,14.209961,y,-26.74,-60.937,1.0909,0,91.27
379663,14.219726,y,-21.28,-52.3469,1.06296,0,91.27
379664,14.229492,y,-16.835,-44.6539,0.99289,0,91.27
379665,14.240234,y,-19.74,-38.7864,1.07211,0,91.27
379666,14.25,y,-20.44,-34.812,1.20196,0,91.27
379667,14.259765,y,-13.615,-30.2205,1.1218,0,91.27
379668,14.264648,y,-10.85,-27.9945,1.06513,0,91.27
379669,14.274414,y,-11.2,-24.3563,1.10688,0,91.27
379670,14.285156,y,-11.55,-21.3403,1.06935,0,91.27
379671,14.294922,y,-12.11,-19.3407,1.12835,0,91.27
379672,14.304687,y,-11.76,-17.6986,1.10692,0,91.27
379673,14.314453,y,-10.185,-16.071,1.14103,0,91.27
379674,14.325195,y,-8.19,-14.2149,1.07106,0,91.27
379675,14.334961,y,-7.98,-12.8642,1.04012,0,91.27
379676,14.344726,y,-9.345,-12.1019,1.02216,0,91.27
379677,14.354492,y,-10.01,-11.6488,1.02869,0,91.27
379678,14.365234,y,-10.465,-11.37,1.05293,0,91.27
379679,14.370117,y,-10.99,-11.3263,1.00735,0,91.27
379680,14.379882,y,-12.25,-11.5264,1.06143,0,91.27
379681,14.389648,y,-11.725,-11.5694,0.99351,0,91.27
379682,14.399414,y,-12.845,-11.8457,1.05836,0,91.27
379683,14.410156,y,-11.27,-11.7101,0.99632,0,91.27
379684,14.419922,y,-12.88,-11.9636,1.04021,0,91.27
379685,14.429687,y,-10.99,-11.7527,0.9637,0,91.27
379686,14.439453,y,-11.69,-11.7391,1.03193,0,91.27
379687,14.450195,y,-12.46,-11.9089,0.9805,0,91.27
379688,14.459961,y,-14.21,-12.4074,1.06283,0,91.27
379689,14.464843,y,-12.075,-12.3692,1.00242,0,91.27
379690,14.474609,y,-11.655,-12.2145,1.05998,0,91.27
379691,14.484375,y,-10.15,-11.7672,1.01808,0,91.27
379692,14.495117,y,-9.975,-11.3451,1.05616,0,91.27
379693,14.504882,y,-8.47,-10.7224,1.02417,0,91.27
379694,14.514648,y,-8.925,-10.333,1.04442,0,91.27
379695,14.524414,y,-8.96,-10.0356,1.05221,0,91.27
379696,14.535156,y,-8.225,-9.6092,1.02113,0,91.27
379697,14.544922,y,-9.31,-9.5443,1.06977,0,91.27
379698,14.554687,y,-8.575,-9.3344,1.02824,0,91.27
379699,14.564453,y,-9.765,-9.4277,1.05985,0,91.27
379700,14.570312,y,-10.535,-9.5785,1.03997,0,91.27
379701,14.580078,y,-12.075,-10.1193,1.04343,0,91.27
379702,14.589843,y,-13.51,-10.8538,1.03237,0,91.27
379703,14.599609,y,-14.735,-11.6946,1.07628,0,91.27
379704,14.609375,y,-14.91,-12.3911,0.93514,0,91.27
379705,14.620117,y,-18.585,-13.8499,1.07501,0,91.27
379706,14.629882,y,-19.355,-15.0423,1.01525,0,91.27
379707,14.639648,y,-22.4,-16.6362,1.05543,0,91.27
379708,14.649414,y,-23.38,-18.0971,1.01894,0,91.27
379709,14.655273,y,-28.84,-19.5609,1.04479,0,91.27
379710,14.665039,y,-32.34,-22.3292,1.0456,0,91.27
379711,14.674804,y,-36.855,-25.4757,1.02285,0,91.27
379712,14.68457,y,-44.31,-29.5557,1.04682,0,91.27
379713,14.695312,y,-53.235,-35.1325,1.06221,0,91.27
379714,14.705078,y,-62.51,-41.0633,1.03385,0,91.27
379715,14.714843,y,-77.315,-48.9158,1.07093,0,91.27
379716,14.724609,y,-92.715,-58.404,0.9629,0,91.27
379717,14.734375,y,-114.59,-70.5756,1.03122,0,91.27
379718,14.745117,y,-133.91,-85.4916,0.99847,0,91.27
379719,14.754882,y,-155.47,-100.6497,1.41823,0,91.27
379720,14.759765,y,-167.16,-108.2929,1.15091,0,91.27
379721,14.769531,y,-191.695,-126.3603,1.11158,0,91.27
379722,14.780273,y,-223.3,-149.1908,1.0282,0,91.27
379723,14.790039,y,-255.255,-172.1675,1.22281,0,91.27
379724,14.799804,y,-287.945,-197.2461,0.99695,0,91.27
379725,14.80957,y,-325.36,-224.9994,1.27796,0,91.27
379726,14.820312,y,-359.38,-256.6478,0.88193,0,91.27
379727,14.830078,y,-400.715,-287.857,1.37655,0,91.27
379728,14.839843,y,-418.74,-316.2076,1.65657,0,91.27
379729,14.849609,y,-424.095,-339.5793,2.21692,0,91.27
379730,14.859375,y,-415.065,-355.9317,2.9862,0,91.27
379731,14.865234,y,-371.385,-358.0373,3.10076,0,91.27
379732,14.875,y,-324.17,-350.7006,2.35751,0,91.27
379733,14.884765,y,-301.665,-340.079,1.93856,0,91.27
379734,14.894531,y,-276.5,-326.3059,2.56071,0,91.27
379735,14.905273,y,-205.835,-297.9334,1.88611,0,91.27
379736,14.915039,y,-142.03,-264.1601,2.03185,0,91.27
379737,14.924804,y,-87.045,-225.7951,2.11351,0,91.27
379738,14.93457,y,-33.915,-184.2282,1.89047,0,91.27
379739,14.945312,y,9.205,-138.6722,1.75381,0,91.27
379740,14.955078,y,40.145,-99.935,1.50749,0,91.27
379741,14.959961,y,45.045,-83.2742,1.20582,0,91.27
379742,14.969726,y,36.96,-57.2303,0.97661,0,91.27
379743,14.979492,y,28.98,-38.5545,0.87249,0,91.27
379744,14.990234,y,29.505,-22.5256,0.91721,0,91.27
379745,15.0,y,35.875,-9.8743,1.08921,0,91.27
379746,15.009765,y,51.205,3.3561,1.29496,0,91.27
379747,15.019531,y,77.14,19.3399,1.42863,0,91.27
379748,15.030273,y,112.21,41.212,1.43395,1,92.4
379749,15.040039,y,150.78,64.9477,1.32164,0,92.4
379750,15.049804,y,185.64,91.0909,1.14464,0,92.4
379751,15.05957,y,211.26,117.1231,0.96333,0,92.4
379752,15.070312,y,226.625,142.9122,0.85216,0,92.4
379753,15.075195,y,234.815,153.4735,0.86587,0,92.4
379754,15.084961,y,241.29,172.4972,1.02299,0,92.4
379755,15.094726,y,250.95,189.4909,1.12944,0,92.4
379756,15.104492,y,262.57,205.322,1.21401,0,92.4
379757,15.115234,y,274.47,221.6072,1.24883,0,92.4
379758,15.125,y,284.095,235.1439,1.25514,0,92.4
379759,15.134765,y,289.695,246.9603,1.22503,0,92.4
379760,15.144531,y,290.29,256.3468,1.1998,0,92.4
379761,15.155273,y,286.79,263.5165,1.24409,0,92.4
379762,15.160156,y,281.505,265.5837,1.38077,0,92.4
379763,15.169922,y,277.515,268.1684,1.52457,0,92.4
379764,15.179687,y,274.575,269.5561,1.66772,0,92.4
379765,15.189453,y,272.475,270.1885,1.80109,0,92.4
379766,15.200195,y,270.725,270.3148,1.94064,0,92.4
379767,15.209961,y,270.095,270.2672,2.11469,0,92.4
379768,15.219726,y,271.88,270.6165,2.25518,0,92.4
379769,15.229492,y,275.065,271.5802,2.3233,0,92.4
379770,15.240234,y,277.585,272.9944,2.30321,0,92.4
379771,15.25,y,276.15,273.678,2.22317,0,92.4
379772,15.259765,y,268.555,272.5683,2.12968,0,92.4
379773,15.264648,y,253.575,270.3856,2.05201,0,92.4
379774,15.274414,y,231.98,262.0658,1.97394,0,92.4
379775,15.285156,y,206.745,249.0371,1.92348,0,92.4
379776,15.294922,y,180.215,234.1282,1.90731,0,92.4
379777,15.304687,y,152.565,216.4607,1.92832,0,92.4
379778,15.314453,y,123.83,196.3941,2.08723,0,92.4
379779,15.325195,y,98.105,173.2458,2.27381,0,92.4
379780,15.334961,y,73.045,151.5393,2.32204,0,92.4
379781,15.344726,y,40.11,127.4026,2.28488,0,92.4
379782,15.354492,y,-2.905,99.1741,2.21611,0,92.4
379783,15.365234,y,-54.25,63.0407,2.18874,0,92.4
379784,15.370117,y,-108.745,43.2995,1.99593,0,92.4
379785,15.379882,y,-155.12,0.3198,0.5871,0,92.4
379786,15.389648,y,-170.87,-36.7651,2.59241,0,92.4
379787,15.399414,y,-151.865,-61.6991,2.53711,0,92.4
379788,15.410156,y,-154.385,-83.5279,1.14695,0,92.4
379789,15.419922,y,-196.0,-107.8927,0.8238,0,92.4
379790,15.429687,y,-231.56,-134.6803,2.20375,0,92.4
379791,15.439453,y,-194.495,-147.6379,2.91833,0,92.4
379792,15.450195,y,-128.1,-143.0365,2.20412,0,92.4
379793,15.455078,y,-91.455,-137.1089,1.32048,0,92.4
379794,15.464843,y,-90.58,-127.0302,1.32095,0,92.4
379795,15.474609,y,-81.48,-117.1627,2.1534,0,92.4
379796,15.484375,y,-46.375,-101.828,1.59233,0,92.4
379797,15.495117,y,-36.19,-86.3694,1.29817,0,92.4
379798,15.504882,y,-32.375,-74.6736,1.14233,0,92.4
379799,15.514648,y,-29.505,-64.8888,1.12112,0,92.4
379800,15.524414,y,-25.585,-56.3744,1.07202,0,92.4
379801,15.535156,y,-23.485,-48.6285,1.09016,0,92.4
379802,15.544922,y,-21.595,-42.7723,1.12454,0,92.4
379803,15.554687,y,-15.015,-36.7597,1.20726,0,92.4
379804,15.564453,y,-8.855,-30.7147,1.02745,0,92.4
379805,15.570312,y,-9.905,-27.8794,1.05516,0,92.4
379806,15.580078,y,-11.13,-24.2509,1.02611,0,92.4
379807,15.589843,y,-13.02,-21.8182,1.17424,0,92.4
379808,15.599609,y,-8.82,-19.0024,1.0387,0,92.4
379809,15.609375,y,-8.4,-16.7056,1.11552,0,92.4
379810,15.620117,y,-7.525,-14.5435,1.05151,0,92.4
379811,15.629882,y,-8.26,-13.1824,1.07214,0,92.4
379812,15.639648,y,-8.715,-12.2146,1.02747,0,92.4
379813,15.649414,y,-10.57,-11.8584,0.97669,0,92.4
379814,15.655273,y,-12.495,-11.9451,1.03175,0,92.4
379815,15.665039,y,-12.6,-12.087,1.04989,0,92.4
379816,15.674804,y,-13.37,-12.3649,1.06738,0,92.4
379817,15.68457,y,-13.23,-12.5523,1.06344,0,92.4
379818,15.695312,y,-13.125,-12.6872,1.08844,0,92.4
379819,15.705078,y,-11.515,-12.4332,1.04461,0,92.4
379820,15.714843,y,-11.41,-12.2116,1.05925,0,92.4
379821,15.724609,y,-10.29,-11.7953,1.01637,0,92.4
379822,15.734375,y,-9.975,-11.401,1.05556,0,92.4
379823,15.745117,y,-8.89,-10.8096,0.99371,0,92.4
379824,15.75,y,-9.065,-10.6091,1.04063,0,92.4
379825,15.759765,y,-8.68,-10.1913,0.97175,0,92.4
379826,15.769531,y,-10.745,-10.3112,1.0655,0,92.4
379827,15.780273,y,-9.135,-10.0342,0.93475,0,92.4
379828,15.790039,y,-12.95,-10.6659,1.08841,0,92.4
379829,15.799804,y,-11.795,-10.9104,0.93331,0,92.4
379830,15.80957,y,-14.28,-11.6404,1.07831,0,92.4
379831,15.820312,y,-11.9,-11.7015,0.98804,0,92.4
379832,15.830078,y,-13.055,-11.9947,1.08446,0,92.4
379833,15.839843,y,-11.165,-11.815,1.0041,0,92.4
379834,15.849609,y,-12.425,-11.9471,1.05272,0,92.4
379835,15.859375,y,-12.565,-12.081,1.01298,0,92.4
379836,15.865234,y,-13.58,-12.2852,1.04666,0,92.4
379837,15.875,y,-13.895,-12.634,1.04009,0,92.4
379838,15.884765,y,-14.525,-13.0436,1.00913,0,92.4
379839,15.894531,y,-16.38,-13.7663,1.05766,0,92.4
379840,15.905273,y,-17.115,-14.555,1.02847,0,92.4
379841,15.915039,y,-19.32,-15.5872,1.07167,0,92.4
379842,15.924804,y,-21.455,-16.8583,1.0693,0,92.4
379843,15.93457,y,-22.82,-18.1497,1.0316,0,92.4
379844,15.945312,y,-25.55,-19.8926,1.0704,0,92.4
379845,15.955078,y,-28.665,-21.793,1.02906,0,92.4
379846,15.959961,y,-33.705,-23.1619,1.05558,0,92.4
379847,15.969726,y,-36.82,-26.1204,1.04874,0,92.4
379848,15.979492,y,-44.905,-30.1897,1.05201,0,92.4
379849,15.990234,y,-50.33,-34.933,1.03484,0,92.4
379850,16.0,y,-59.64,-40.2853,1.02797,0,92.4
379851,16.009765,y,-73.22,-47.4193,1.05254,0,92.4
379852,16.019531,y,-85.89,-55.7532,1.03623,0,92.4
379853,16.030273,y,-101.22,-66.4612,0.99047,0,92.4
379854,16.040039,y,-120.785,-78.2294,0.96576,0,92.4
379855,16.049804,y,-142.66,-92.1857,0.98461,0,92.4
379856,16.05957,y,-161.21,-107.1384,1.29211,0,92.4
379857,16.064453,y,-177.135,-115.1823,1.2531,0,92.4
379858,16.075195,y,-197.19,-134.4962,1.06587,0,92.4
379859,16.084961,y,-229.215,-155.0151,1.09926,0,92.4
379860,16.094726,y,-259.0,-177.5393,1.01942,0,92.4
379861,16.104492,y,-295.855,-203.17,1.22142,0,92.4
379862,16.115234,y,-330.295,-233.1096,1.05935,0,92.4
379863,16.125,y,-369.74,-262.7078,1.20728,0,92.4
379864,16.134765,y,-401.765,-292.829,1.45554,0,92.4
379865,16.144531,y,-422.135,-320.8406,1.85744,0,92.4
379866,16.155273,y,-433.195,-347.3015,2.52888,0,92.4
379867,16.160156,y,-423.045,-356.0058,2.95468,0,92.4
379868,16.169922,y,-391.51,-363.697,2.44427,0,92.4
379869,16.179687,y,-366.975,-364.4071,2.47535,0,92.4
379870,16.189453,y,-333.935,-357.8059,1.84047,0,92.4
379871,16.200195,y,-318.78,-348.6148,2.03889,0,92.4
379872,16.209961,y,-282.135,-334.2133,2.94998,0,92.4
379873,16.219726,y,-188.58,-302.6676,2.4357,0,92.4
379874,16.229492,y,-102.34,-259.2707,2.38342,0,92.4
379875,16.240234,y,-32.27,-205.8091,2.44546,0,92.4
379876,16.245117,y,36.61,-177.9508,2.78391,0,92.4
379877,16.259765,y,110.915,-89.3742,1.22569,0,92.4
379878,16.264648,y,104.23,-67.1256,0.96589,0,92.4
379879,16.274414,y,89.67,-33.159,0.81808,0,92.4
379880,16.285156,y,68.425,-9.2346,0.7472,0,92.4
379881,16.294922,y,55.65,4.8213,0.73464,0,92.4
379882,16.304687,y,49.49,14.497,0.83444,0,92.4
379883,16.314453,y,48.93,21.9562,0.99775,0,92.4
379884,16.325195,y,58.24,30.5015,1.18836,0,92.4
379885,16.334961,y,79.695,41.1583,1.30975,1,92.23
379886,16.344726,y,110.11,56.0939,1.40093,0,92.23
379887,16.354492,y,147.805,75.9613,1.46732,0,92.23
379888,16.365234,y,188.16,102.3855,1.38293,0,92.23
379889,16.370117,y,223.09,116.2566,1.28273,0,92.23
379890,16.379882,y,250.635,145.3644,1.17054,0,92.23
379891,16.389648,y,269.955,172.3544,1.03149,0,92.23
379892,16.399414,y,280.42,195.7647,0.94942,0,92.23
379893,16.410156,y,284.76,216.7242,0.96912,0,92.23
379894,16.419922,y,287.035,231.9556,1.07649,0,92.23
379895,16.429687,y,290.43,244.6218,1.26715,0,92.23
379896,16.439453,y,297.185,256.0085,1.44142,0,92.23
379897,16.450195,y,306.425,267.8823,1.51132,0,92.23
379898,16.455078,y,314.545,273.2447,1.45544,0,92.23
379899,16.464843,y,316.89,282.6987,1.35216,0,92.23
379900,16.474609,y,311.465,288.9303,1.38285,0,92.23
379901,16.484375,y,303.065,291.9923,1.52377,0,92.23
379902,16.495117,y,295.47,292.8114,1.65139,0,92.23
379903,16.504882,y,287.805,291.7269,1.84071,0,92.23
379904,16.514648,y,281.47,289.505,2.11349,0,92.23
379905,16.524414,y,279.825,287.408,2.38172,0,92.23
379906,16.535156,y,283.57,286.5041,2.50275,0,92.23
379907,16.544922,y,287.28,286.6722,2.46096,0,92.23
379908,16.554687,y,285.355,286.3869,2.35415,0,92.23
379909,16.55957,y,275.065,285.0858,2.27936,0,92.23
379910,16.570312,y,255.815,278.1921,2.2314,0,92.23
379911,16.580078,y,229.215,267.5822,2.20214,0,92.23
379912,16.589843,y,199.185,252.7667,2.1941,0,92.23
379913,16.599609,y,168.91,234.6008,2.23305,0,92.23
379914,16.609375,y,138.425,213.7663,2.34911,0,92.23
379915,16.620117,y,107.905,188.8346,2.5434,0,92.23
379916,16.629882,y,76.72,164.5494,2.71527,0,92.23
379917,16.639648,y,38.675,137.2813,2.80502,0,92.23
379918,16.649414,y,-12.355,104.8656,2.85965,0,92.23
379919,16.655273,y,-75.88,80.2385,2.67349,0,92.23
379920,16.665039,y,-144.725,31.5047,0.67207,0,92.23
379921,16.674804,y,-152.95,-8.4501,2.96638,0,92.23
379922,16.68457,y,-137.095,-36.3184,2.92542,0,92.23
379923,16.695312,y,-132.93,-59.0717,0.87839,0,92.23
379924,16.705078,y,-183.82,-86.0959,0.48438,0,92.23
379925,16.714843,y,-218.505,-114.7771,2.33193,0,92.23
379926,16.724609,y,-176.4,-128.1264,2.67882,0,92.23
379927,16.734375,y,-116.55,-125.6186,2.01971,0,92.23
379928,16.745117,y,-90.23,-117.2842,1.3727,0,92.23
379929,16.754882,y,-85.12,-110.3171,1.6777,0,92.23
379930,16.759765,y,-63.455,-104.9318,1.66235,0,92.23
379931,16.769531,y,-41.195,-91.1245,1.55512,0,92.23
379932,16.780273,y,-33.18,-77.4778,1.13745,0,92.23
379933,16.790039,y,-30.135,-67.2219,1.18158,0,92.23
379934,16.799804,y,-25.48,-58.1802,1.06491,0,92.23
379935,16.80957,y,-22.575,-50.4671,1.04482,0,92.23
379936,16.820312,y,-19.775,-43.2387,1.05975,0,92.23
379937,16.830078,y,-16.625,-37.4734,1.07446,0,92.23
379938,16.839843,y,-13.93,-32.3736,1.10794,0,92.23
379939,16.849609,y,-12.495,-28.0673,1.09132,0,92.23
379940,16.859375,y,-11.865,-24.5574,1.05035,0,92.23
379941,16.865234,y,-12.425,-22.9043,1.1221,0,92.23
379942,16.875,y,-10.71,-20.2627,1.13368,0,92.23
379943,16.884765,y,-7.175,-17.4278,1.12524,0,92.23
379944,16.894531,y,-4.585,-14.6456,1.09212,0,92.23
379945,16.905273,y,-4.27,-12.202,1.09319,0,92.23
379946,16.915039,y,-2.87,-10.1804,0.97748,0,92.23
379947,16.924804,y,-3.185,-8.6652,1.06199,0,92.23
379948,16.93457,y,-2.52,-7.3339,0.95025,0,92.23
379949,16.945312,y,-5.005,-6.7854,1.01709,0,92.23
379950,16.950195,y,-4.865,-6.5647,1.00837,0,92.23
379951,16.959961,y,-8.4,-6.9623,0.94291,0,92.23
379952,16.969726,y,-9.835,-7.5846,1.09185,0,92.23
379953,16.979492,y,-10.29,-8.1706,0.99004,0,92.23
379954,16.990234,y,-13.335,-9.3869,1.04797,0,92.23
379955,17.0,y,-13.055,-10.1815,1.02174,0,92.23
379956,17.009765,y,-13.895,-10.9859,1.02887,0,92.23
379957,17.019531,y,-13.86,-11.6085,1.01536,0,92.23
379958,17.030273,y,-14.735,-12.3448,1.04374,0,92.23
379959,17.040039,y,-15.365,-12.9991,1.02521,0,92.23
379960,17.049804,y,-17.15,-13.8982,1.0407,0,92.23
379961,17.054687,y,-17.01,-14.2558,1.00582,0,92.23
379962,17.064453,y,-19.25,-15.3377,1.03333,0,92.23
379963,17.075195,y,-19.95,-16.424,1.03011,0,92.23
379964,17.084961,y,-20.86,-17.3849,1.0244,0,92.23
379965,17.094726,y,-21.735,-18.3272,1.03981,0,92.23
379966,17.104492,y,-21.385,-18.9896,1.0933,0,92.23
379967,17.115234,y,-19.355,-19.0757,1.03853,0,92.23
379968,17.125,y,-17.92,-18.8253,1.08474,0,92.23
379969,17.134765,y,-15.33,-18.0682,1.03483,0,92.23
379970,17.144531,y,-14.805,-17.3613,1.07041,0,92.23
379971,17.155273,y,-12.6,-16.2399,1.01884,0,92.23
379972,17.160156,y,-14.0,-15.9825,1.07353,0,92.23
379973,17.169922,y,-11.655,-15.0451,0.99224,0,92.23
379974,17.179687,y,-13.72,-14.758,1.06751,0,92.23
379975,17.189453,y,-13.335,-14.4498,1.03703,0,92.23
379976,17.200195,y,-14.35,-14.4263,1.04931,0,92.23
379977,17.209961,y,-15.365,-14.6296,1.0496,0,92.23
379978,17.219726,y,-15.925,-14.9102,1.05387,0,92.23
379979,17.229492,y,-16.87,-15.3348,0.99462,0,92.23
379980,17.240234,y,-20.195,-16.4794,1.03669,0,92.23
379981,17.25,y,-23.205,-17.9364,1.06419,0,92.23
379982,17.254882,y,-26.705,-18.9439,1.04136,0,92.23
379983,17.264648,y,-33.075,-22.0051,1.03932,0,92.23
379984,17.274414,y,-39.655,-25.8286,1.03933,0,92.23
379985,17.285156,y,-46.06,-30.5933,1.06703,0,92.23
379986,17.294922,y,-53.865,-35.6347,0.99826,0,92.23
379987,17.304687,y,-65.52,-42.1081,1.01665,0,92.23
379988,17.314453,y,-77.595,-49.7957,1.06225,0,92.23
379989,17.325195,y,-93.275,-60.0356,0.9979,0,92.23
379990,17.334961,y,-110.215,-70.906,0.95384,0,92.23
379991,17.344726,y,-130.48,-83.8103,1.18716,0,92.23
379992,17.354492,y,-146.65,-97.4233,1.24503,0,92.23
379993,17.365234,y,-160.58,-112.2975,1.17685,0,92.23
379994,17.370117,y,-185.815,-120.746,1.06486,0,92.23
379995,17.379882,y,-214.165,-140.9815,1.10742,0,92.23
379996,17.389648,y,-242.025,-162.8705,1.12911,0,92.23
379997,17.399414,y,-274.19,-186.9857,1.10967,0,92.23
379998,17.410156,y,-307.79,-215.4366,1.02151,0,92.23
379999,17.419922,y,-348.25,-244.208,1.02121,0,92.23
380000,17.429687,y,-387.52,-275.2508,1.34798,0,92.23
380001,17.439453,y,-405.195,-303.4006,1.62278,0,92.23
380002,17.445312,y,-410.41,-317.9809,2.00609,0,92.23
380003,17.455078,y,-405.055,-336.8438,2.58767,0,92.23
380004,17.464843,y,-381.99,-346.6229,2.68619,0,92.23
380005,17.474609,y,-349.895,-347.3317,2.90679,0,92.23
380006,17.484375,y,-303.835,-337.9091,2.23546,0,92.23
380007,17.495117,y,-281.645,-324.6581,1.95917,0,92.23
380008,17.504882,y,-250.39,-308.5709,2.63532,0,92.23
380009,17.514648,y,-172.655,-279.1275,2.1429,0,92.23
380010,17.524414,y,-106.47,-241.7247,2.41016,0,92.23
380011,17.535156,y,-40.46,-194.3243,1.92372,0,92.23
380012,17.544922,y,3.325,-151.5075,2.28591,0,92.23
380013,17.554687,y,52.255,-107.3705,1.45389,0,92.23
380014,17.55957,y,50.575,-89.2197,1.18479,0,92.23
380015,17.570312,y,40.32,-58.7114,0.90136,0,92.23
380016,17.580078,y,22.75,-41.0645,0.74983,0,92.23
380017,17.589843,y,17.885,-28.2954,0.80718,0,92.23
380018,17.599609,y,20.58,-17.7075,0.96815,0,92.23
380019,17.609375,y,29.925,-7.3889,1.20053,0,92.23
380020,17.620117,y,50.365,6.2129,1.38417,0,92.23
380021,17.629882,y,81.585,22.5393,1.43109,0,92.23
380022,17.639648,y,118.195,43.2612,1.38899,1,92.13
380023,17.649414,y,154.84,67.4325,1.30512,0,92.13
380024,17.655273,y,186.97,83.7198,1.15765,0,92.13
380025,17.665039,y,211.225,111.3412,1.05036,0,92.13
380026,17.674804,y,228.97,136.8208,0.95198,0,92.13
380027,17.68457,y,240.52,159.2852,0.93878,0,92.13
380028,17.695312,y,248.955,180.4036,1.00159,0,92.13
380029,17.705078,y,257.425,197.0887,1.11475,0,92.13
380030,17.714843,y,267.75,212.3947,1.24716,0,92.13
380031,17.724609,y,280.07,227.0552,1.41047,0,92.13
380032,17.734375,y,295.19,241.8152,1.4927,0,92.13
380033,17.745117,y,309.68,257.7982,1.45984,0,92.13
380034,17.75,y,319.095,264.8423,1.34807,0,92.13
380035,17.759765,y,320.425,276.8821,1.30358,0,92.13
380036,17.769531,y,315.49,285.2457,1.40986,0,92.13
380037,17.780273,y,309.89,291.0498,1.56972,0,92.13
380038,17.790039,y,304.955,294.0621,1.69264,0,92.13
380039,17.799804,y,299.215,295.1782,1.84632,0,92.13
380040,17.80957,y,293.615,294.8396,2.01622,0,92.13
380041,17.820312,y,288.75,293.4054,2.19391,0,92.13
380042,17.830078,y,285.425,291.6766,2.39253,0,92.13
380043,17.839843,y,284.865,290.2012,2.4992,0,92.13
380044,17.849609,y,284.235,288.9087,2.45159,0,92.13
380045,17.859375,y,278.845,286.7286,2.32441,0,92.13
380046,17.865234,y,264.6,283.7135,2.17114,0,92.13
380047,17.875,y,240.135,274.2731,2.07785,0,92.13
380048,17.884765,y,208.74,260.078,2.03538,0,92.13
380049,17.894531,y,177.1,242.1025,1.99457,0,92.13
380050,17.905273,y,143.92,218.9792,1.97608,0,92.13
380051,17.915039,y,110.32,195.4404,2.18479,0,92.13
380052,17.924804,y,79.87,170.4067,2.40206,0,92.13
380053,17.93457,y,50.33,144.3945,2.5407,0,92.13
380054,17.945312,y,14.7,113.8498,2.58481,0,92.13
380055,17.950195,y,-30.45,97.2671,2.53631,0,92.13
380056,17.959961,y,-87.115,57.3244,2.50135,0,92.13
380057,17.969726,y,-162.295,9.7526,0.91317,0,92.13
380058,17.979492,y,-190.05,-33.5306,1.93998,0,92.13
380059,17.990234,y,-192.605,-70.9947,2.84327,0,92.13
380060,18.0,y,-183.575,-95.3829,1.38425,0,92.13
380061,18.009765,y,-206.22,-119.3914,0.78752,0,92.13
380062,18.019531,y,-234.115,-144.2439,2.24312,0,92.13
380063,18.030273,y,-196.07,-156.4496,3.13164,0,92.13
380064,18.040039,y,-122.85,-149.171,2.35611,0,92.13
380065,18.049804,y,-80.675,-134.334,1.40762,0,92.13
380066,18.05957,y,-79.695,-122.4976,1.55057,0,92.13
380067,18.064453,y,-65.24,-115.9177,1.59948,0,92.13
380068,18.075195,y,-49.42,-100.2566,1.47699,0,92.13
380069,18.084961,y,-41.79,-87.591,1.17001,0,92.13
380070,18.094726,y,-36.225,-76.4646,1.18973,0,92.13
380071,18.104492,y,-29.19,-66.2235,1.12873,0,92.13
380072,18.115234,y,-26.11,-56.7763,1.07578,0,92.13
380073,18.125,y,-26.425,-50.2013,1.09271,0,92.13
380074,18.134765,y,-25.34,-44.8161,1.19457,0,92.13
380075,18.144531,y,-18.375,-39.0881,1.13367,0,92.13
380076,18.155273,y,-14.385,-33.2702,1.07185,0,92.13
380077,18.160156,y,-13.72,-31.0236,1.08553,0,92.13
380078,18.169922,y,-12.845,-27.0855,1.0697,0,92.13
380079,18.179687,y,-13.895,-24.2283,1.06294,0,92.13
380080,18.189453,y,-15.575,-22.3538,1.07676,0,92.13
380081,18.200195,y,-15.575,-20.7573,1.06801,0,92.13
380082,18.209961,y,-14.315,-19.3617,1.07345,0,92.13
380083,18.219726,y,-13.685,-18.1321,1.06385,0,92.13
380084,18.229492,y,-12.88,-16.9943,1.05738,0,92.13
380085,18.240234,y,-11.655,-15.7368,1.0707,0,92.13
380086,18.25,y,-9.24,-14.3294,1.11241,0,92.13
380087,18.254882,y,-6.23,-13.3988,1.04915,0,92.13
380088,18.264648,y,-4.935,-11.5653,1.03217,0,92.13
380089,18.274414,y,-5.39,-10.2276,1.03132,0,92.13
380090,18.285156,y,-5.95,-9.2201,1.05186,0,92.13
380091,18.294922,y,-5.635,-8.4435,1.05881,0,92.13
380092,18.304687,y,-5.46,-7.7972,1.02101,0,92.13
380093,18.314453,y,-5.95,-7.3971,1.00434,0,92.13
380094,18.325195,y,-5.285,-6.8996,1.08098,0,92.13
380095,18.334961,y,-4.69,-6.421,0.93709,0,92.13
380096,18.344726,y,-6.335,-6.4024,1.07389,0,92.13
380097,18.354492,y,-6.51,-6.4257,0.93504,0,92.13
380098,18.365234,y,-9.87,-7.2369,1.06126,0,92.13
380099,18.370117,y,-9.275,-7.4711,0.99522,0,92.13
380100,18.379882,y,-10.43,-8.112,1.01833,0,92.13
380101,18.389648,y,-11.795,-8.9099,1.0141,0,92.13
380102,18.399414,y,-12.215,-9.6258,1.03543,0,92.13
380103,18.410156,y,-11.9,-10.1614,1.03509,0,92.13
380104,18.419922,y,-12.355,-10.6366,1.04712,0,92.13
380105,18.429687,y,-11.76,-10.88,1.03061,0,92.13
380106,18.439453,y,-12.04,-11.1313,1.03065,0,92.13
380107,18.445312,y,-12.04,-11.2551,1.05698,0,92.13
380108,18.455078,y,-12.6,-11.5464,1.02551,0,92.13
380109,18.464843,y,-13.545,-11.9793,1.01178,0,92.13
380112,18.495117,y,-16.765,-14.5198,1.07717,0,92.13
380113,18.504882,y,-15.715,-14.7787,1.00873,0,92.13
380114,18.514648,y,-18.585,-15.6033,1.08175,0,92.13
380115,18.524414,y,-17.885,-16.0976,1.02645,0,92.13
380116,18.535156,y,-21.63,-17.4005,1.11582,0,92.13
380117,18.544922,y,-20.685,-18.112,0.94723,0,92.13
380118,18.554687,y,-26.04,-19.8293,1.09797,0,92.13
380119,18.55957,y,-26.95,-20.6476,1.02764,0,92.13
380120,18.570312,y,-31.465,-23.1952,1.05897,0,92.13
380121,18.580078,y,-37.8,-26.3591,1.0252,0,92.13
380122,18.589843,y,-46.165,-30.6492,1.08161,0,92.13
380123,18.599609,y,-53.305,-35.5572,1.02223,0,92.13
380124,18.609375,y,-63.245,-41.5552,1.02145,0,92.13
380125,18.620117,y,-76.125,-49.6968,1.01902,0,92.13
380126,18.629882,y,-91.735,-58.8027,0.95749,0,92.13
380127,18.639648,y,-109.34,-69.7506,0.98921,0,92.13
380128,18.649414,y,-128.835,-82.55,1.00706,0,92.13
380129,18.655273,y,-147.665,-91.4221,1.30359,0,92.13
380130,18.665039,y,-163.38,-107.0104,1.08914,0,92.13
380131,18.674804,y,-184.485,-123.7922,1.08655,0,92.13
380132,18.68457,y,-208.635,-142.1717,1.03312,0,92.13
380133,18.695312,y,-233.52,-163.6854,1.08063,0,92.13
380134,18.705078,y,-265.3,-185.6981,1.16759,0,92.13
380135,18.714843,y,-294.805,-209.3318,1.10939,0,92.13
380136,18.724609,y,-332.745,-236.0668,1.09152,0,92.13
380137,18.734375,y,-366.275,-264.2738,1.19833,0,92.13
380138,18.745117,y,-392.7,-294.5198,1.38053,0,92.13
380139,18.75,y,-412.16,-308.0388,1.89902,0,92.13
380140,18.759765,y,-414.33,-331.0625,2.38838,0,92.13
380141,18.769531,y,-402.115,-346.4546,2.88462,0,92.13
380142,18.780273,y,-365.75,-350.9989,3.10372,0,92.13
380143,18.790039,y,-317.975,-343.845,2.70263,0,92.13
380144,18.799804,y,-281.82,-330.4097,2.65057,0,92.13
380145,18.80957,y,-231.77,-309.0414,2.68744,0,92.13
380146,18.820312,y,-154.91,-272.7415,1.98809,0,92.13
380147,18.830078,y,-98.77,-235.0541,2.35153,0,92.13
380148,18.839843,y,-43.225,-193.5019,1.64526,0,92.13
380149,18.849609,y,-12.53,-154.298,2.7358,0,92.13
380150,18.854492,y,50.4,-130.7745,1.45656,0,92.13
380151,18.865234,y,60.445,-85.7399,1.31345,0,92.13
380152,18.875,y,54.6,-55.3381,1.04412,0,92.13
380153,18.884765,y,43.47,-33.9352,0.9375,0,92.13
380154,18.894531,y,41.755,-17.5385,0.91478,0,92.13
380155,18.905273,y,44.625,-2.8982,1.02883,0,92.13
380156,18.915039,y,48.65,8.2687,1.22444,0,92.13
380157,18.924804,y,58.835,19.2219,1.34822,0,92.13
380158,18.93457,y,79.17,32.2084,1.38682,0,92.13
380159,18.945312,y,105.875,49.5579,1.38184,1,92.04
380160,18.950195,y,136.955,59.6014,1.31699,0,92.04
380161,18.959961,y,168.245,83.1368,1.2078,0,92.04
380162,18.969726,y,195.3,107.4325,1.12004,0,92.04
380163,18.979492,y,217.595,131.297,1.11094,0,92.04
380164,18.990234,y,237.65,156.3445,1.14878,0,92.04
380165,19.0,y,256.235,177.9838,1.15777,0,92.04
380166,19.009765,y,271.775,198.2999,1.14111,0,92.04
380167,19.019531,y,282.975,216.6431,1.16495,0,92.04
380168,19.030273,y,291.655,234.3093,1.2207,0,92.04
380169,19.040039,y,299.6,248.4532,1.34295,0,92.04
380170,19.049804,y,308.175,261.3896,1.40024,0,92.04
380171,19.054687,y,314.37,267.478,1.37516,0,92.04
380172,19.064453,y,315.735,277.9319,1.34138,0,92.04
380173,19.075195,y,312.305,286.0272,1.41684,0,92.04
380174,19.084961,y,307.79,290.7417,1.55378,0,92.04
380175,19.094726,y,303.485,293.502,1.68751,0,92.04
380176,19.104492,y,299.74,294.8533,1.88399,0,92.04
380177,19.115234,y,298.2,295.6415,2.12875,0,92.04
380178,19.125,y,299.46,296.4687,2.27318,0,92.04
380179,19.134765,y,300.125,297.2607,2.35185,0,92.04
380180,19.144531,y,297.85,297.3884,2.31009,0,92.04
380181,19.155273,y,288.855,295.3787,2.21503,0,92.04
380182,19.160156,y,271.39,292.6219,2.10021,0,92.04
380183,19.169922,y,245.63,282.4421,2.09282,0,92.04
380184,19.179687,y,215.285,267.8952,2.16697,0,92.04
380185,19.189453,y,184.695,249.8715,2.27955,0,92.04
380186,19.200195,y,158.445,228.3394,2.38359,0,92.04
380187,19.209961,y,138.11,208.793,2.39425,0,92.04
380188,19.219726,y,117.74,189.07,2.35972,0,92.04
380189,19.229492,y,90.685,167.7569,2.39271,0,92.04
380190,19.240234,y,55.055,141.2141,2.43999,0,92.04
380191,19.245117,y,9.345,126.06,2.48898,0,92.04
380192,19.254882,y,-42.245,89.6034,2.53241,0,92.04
380193,19.264648,y,-105.875,47.2569,2.25359,0,92.04
380194,19.274414,y,-159.845,2.3925,0.5759,0,92.04
380195,19.285156,y,-168.63,-37.8855,2.72833,0,92.04
380196,19.294922,y,-149.31,-62.0234,2.48167,0,92.04
380197,19.304687,y,-150.22,-81.1277,0.82175,0,92.04
380198,19.314453,y,-190.12,-104.7387,0.51522,0,92.04
380199,19.325195,y,-221.025,-132.1256,2.19666,0,92.04
380200,19.334961,y,-183.82,-143.3241,2.57345,0,92.04
380201,19.344726,y,-128.87,-140.1932,2.04966,0,92.04
380202,19.349609,y,-99.435,-135.5094,1.75513,0,92.04
380203,19.359375,y,-81.655,-123.8429,1.6602,0,92.04
380204,19.370117,y,-53.095,-107.1809,1.72215,0,92.04
380205,19.379882,y,-42.14,-93.0923,1.32858,0,92.04
380206,19.389648,y,-38.57,-81.2812,1.09873,0,92.04
380207,19.399414,y,-32.795,-70.7776,1.19969,0,92.04
380208,19.410156,y,-20.58,-58.9554,1.08362,0,92.04
380209,19.419922,y,-16.555,-49.7702,1.05903,0,92.04
380210,19.429687,y,-18.515,-43.0,1.12965,0,92.04
380211,19.439453,y,-15.4,-37.021,1.16366,0,92.04
380212,19.445312,y,-11.305,-33.5172,1.09708,0,92.04
380213,19.455078,y,-11.165,-28.675,1.05162,0,92.04
380214,19.464843,y,-12.6,-25.193,1.11546,0,92.04
380215,19.474609,y,-11.55,-22.2375,1.08531,0,92.04
380216,19.484375,y,-10.815,-19.7631,1.12192,0,92.04
380217,19.495117,y,-8.54,-17.1199,1.1584,0,92.04
380218,19.504882,y,-8.015,-15.1477,1.00492,0,92.04
380219,19.514648,y,-6.86,-13.3523,1.19084,0,92.04
380220,19.524414,y,-3.71,-11.2635,0.94208,0,92.04
380221,19.535156,y,-6.44,-10.1275,1.05555,0,92.04
380222,19.544922,y,-6.02,-9.2377,0.99695,0,92.04
380223,19.549804,y,-7.875,-9.0811,1.00748,0,92.04
380224,19.55957,y,-8.715,-9.0018,0.99979,0,92.04
380225,19.570312,y,-9.625,-9.1486,1.05695,0,92.04
380226,19.580078,y,-10.22,-9.3807,1.03242,0,92.04
380227,19.589843,y,-9.345,-9.373,1.05406,0,92.04
380228,19.599609,y,-7.105,-8.8816,1.01672,0,92.04
380229,19.609375,y,-7.735,-8.6332,0.9713,0,92.04
380230,19.620117,y,-9.975,-8.9492,1.01332,0,92.04
380231,19.629882,y,-10.045,-9.1866,1.01471,0,92.04
380232,19.639648,y,-9.555,-9.2664,1.04138,0,92.04
380233,19.649414,y,-9.625,-9.3441,1.00534,0,92.04
380234,19.655273,y,-10.535,-9.5064,1.04002,0,92.04
380235,19.665039,y,-10.045,-9.623,1.05471,0,92.04
380236,19.674804,y,-8.225,-9.3202,1.00627,0,92.04
380237,19.68457,y,-9.345,-9.3256,0.95323,0,92.04
380238,19.695312,y,-12.775,-10.138,1.0969,0,92.04
380239,19.705078,y,-12.495,-10.6486,0.9782,0,92.04
380240,19.714843,y,-12.985,-11.1547,1.15267,0,92.04
380241,19.724609,y,-11.235,-11.1721,0.9743,0,92.04
380242,19.734375,y,-13.685,-11.7164,1.08585,0,92.04
380243,19.740234,y,-12.6,-11.8368,0.99118,0,92.04
380244,19.75,y,-14.21,-12.3509,1.01831,0,92.04
380245,19.759765,y,-15.82,-13.1024,1.02384,0,92.04
380246,19.769531,y,-17.395,-14.0323,1.08702,0,92.04
380247,19.780273,y,-16.205,-14.544,1.06839,0,92.04
380248,19.790039,y,-15.47,-14.7446,1.04658,0,92.04
380249,19.799804,y,-15.365,-14.879,1.02424,0,92.04
380250,19.80957,y,-17.01,-15.3406,0.99809,0,92.04
380251,19.820312,y,-18.97,-16.1954,1.00944,0,92.04
380252,19.830078,y,-21.21,-17.2817,1.0371,0,92.04
380253,19.839843,y,-21.455,-18.1857,1.03746,0,92.04
380254,19.849609,y,-23.24,-19.2806,1.09299,0,92.04
380255,19.859375,y,-23.555,-20.2066,1.01962,0,92.04
380256,19.865234,y,-26.32,-21.0395,1.08873,0,92.04
380257,19.875,y,-29.995,-22.9796,1.02172,0,92.04
380258,19.884765,y,-37.1,-26.0382,1.09406,0,92.04
380259,19.894531,y,-40.95,-29.2685,1.01242,0,92.04
380260,19.905273,y,-52.78,-34.8058,1.11133,0,92.04
380261,19.915039,y,-60.76,-40.4282,0.98606,0,92.04
380262,19.924804,y,-77.84,-48.532,0.94873,0,92.04
380263,19.93457,y,-96.04,-58.8237,0.94283,0,92.04
380264,19.945312,y,-116.375,-72.3777,1.13124,0,92.04
380265,19.950195,y,-130.13,-79.0145,1.20952,0,92.04
380266,19.959961,y,-146.23,-93.5754,1.17444,0,92.04
380267,19.969726,y,-169.855,-110.0983,1.00031,0,92.04
380268,19.979492,y,-194.95,-128.4797,1.04246,0,92.04
380269,19.990234,y,-217.455,-149.4346,1.15023,0,92.04
380270,20.0,y,-241.78,-169.4393,1.12892,0,92.04
380271,20.009765,y,-272.37,-191.7352,1.10254,0,92.04
380272,20.019531,y,-306.39,-216.5728,1.00526,0,92.04
380273,20.030273,y,-340.83,-245.837,1.12929,0,92.04
380274,20.040039,y,-369.705,-272.6705,1.2511,0,92.04
380275,20.049804,y,-390.355,-298.1622,1.46336,0,92.04
380276,20.054687,y,-401.03,-309.9835,1.98634,0,92.04
380277,20.064453,y,-398.02,-329.0549,2.40247,0,92.04
380278,20.075195,y,-382.445,-341.6289,2.69455,0,92.04
380279,20.084961,y,-345.835,-342.5401,2.75164,0,92.04
380280,20.094726,y,-306.18,-334.6641,1.89485,0,92.04
380281,20.104492,y,-293.16,-325.6731,2.2372,0,92.04
380282,20.115234,y,-251.51,-308.2067,2.80815,0,92.04
380283,20.125,y,-166.74,-277.5608,2.06777,0,92.04
380284,20.134765,y,-96.39,-238.3173,2.41358,0,92.04
380285,20.144531,y,-32.97,-193.833,1.89773,0,92.04
380286,20.155273,y,4.27,-147.1772,2.21936,0,92.04
380287,20.160156,y,52.045,-124.283,1.43046,0,92.04
380288,20.169922,y,73.745,-81.3842,1.32328,0,92.04
380289,20.179687,y,75.425,-47.4177,1.1573,0,92.04
380290,20.189453,y,65.485,-22.9596,1.0816,0,92.04
380291,20.200195,y,59.36,-3.5723,1.01697,0,92.04
380292,20.209961,y,58.135,9.7954,1.05881,0,92.04
380293,20.219726,y,59.99,20.668,1.21995,0,92.04
380294,20.229492,y,70.14,31.3851,1.37854,0,92.04
380295,20.240234,y,90.475,45.3016,1.45585,1,92.29
380296,20.245117,y,118.09,53.6663,1.48798,0,92.29
380297,20.254882,y,152.425,75.0584,1.44136,0,92.29
380298,20.264648,y,186.795,99.2639,1.28136,0,92.29
380299,20.274414,y,214.445,124.2156,1.14557,0,92.29
380300,20.285156,y,234.99,150.3044,1.09345,0,92.29
380301,20.294922,y,250.46,172.0011,1.0339,0,92.29
380302,20.304687,y,260.435,191.1568,0.98917,0,92.29
380303,20.314453,y,265.79,207.3246,1.00331,0,92.29
380304,20.325195,y,269.15,221.8852,1.11072,0,92.29
380305,20.334961,y,274.295,233.2388,1.31325,0,92.29
380306,20.344726,y,283.99,244.232,1.41098,0,92.29
380307,20.354492,y,293.86,254.9829,1.44279,0,92.29
380308,20.359375,y,300.65,260.2309,1.38045,0,92.29
380309,20.370117,y,301.84,270.0304,1.38989,0,92.29
380310,20.379882,y,299.74,276.4658,1.46809,0,92.29
380311,20.389648,y,296.135,280.7267,1.56189,0,92.29
380312,20.399414,y,291.62,283.0865,1.66886,0,92.29
380313,20.410156,y,286.545,283.901,1.82174,0,92.29
380314,20.419922,y,282.1,283.5109,1.99001,0,92.29
380315,20.429687,y,278.81,282.4926,2.15664,0,92.29
380316,20.439453,y,276.22,281.1338,2.23394,0,92.29
380317,20.445312,y,271.495,279.8205,2.20554,0,92.29
380318,20.455078,y,262.115,275.9849,2.17383,0,92.29
380319,20.464843,y,248.5,270.0314,2.19889,0,92.29
380320,20.474609,y,232.47,261.8945,2.21443,0,92.29
380321,20.484375,y,213.675,251.4487,2.15677,0,92.29
380322,20.495117,y,190.855,237.1781,2.09424,0,92.29
380323,20.504882,y,165.62,221.6779,2.05268,0,92.29
380324,20.514648,y,138.88,203.7414,2.06333,0,92.29
380325,20.524414,y,111.09,183.6703,2.1432,0,92.29
380326,20.535156,y,82.565,159.8587,2.2699,0,92.29
380327,20.544922,y,52.465,136.594,2.35161,0,92.29
380328,20.549804,y,13.65,122.4683,2.3909,0,92.29
380329,20.55957,y,-34.755,88.409,2.43927,0,92.29
380330,20.570312,y,-99.435,44.1693,2.26737,0,92.29
380331,20.580078,y,-163.31,-0.7769,0.5725,0,92.29
380332,20.589843,y,-178.99,-39.3797,2.57045,0,92.29
380333,20.599609,y,-162.505,-66.0523,2.51376,0,92.29
380334,20.609375,y,-162.435,-86.9317,0.97385,0,92.29
380335,20.620117,y,-199.22,-113.377,0.76086,0,92.29
380336,20.629882,y,-223.125,-137.1496,2.29569,0,92.29
380337,20.639648,y,-182.56,-146.9868,3.02521,0,92.29
380338,20.649414,y,-115.745,-140.2189,2.3707,0,92.29
380339,20.655273,y,-76.72,-131.567,1.78391,0,92.29
380340,20.665039,y,-52.745,-114.4918,1.27457,0,92.29
380341,20.674804,y,-51.45,-100.8363,1.41314,0,92.29
380342,20.68457,y,-44.52,-88.6365,1.29567,0,92.29
380343,20.695312,y,-38.5,-76.8287,1.06974,0,92.29
380344,20.705078,y,-27.335,-66.1069,1.21501,0,92.29
380345,20.714843,y,-17.605,-55.6009,1.02525,0,92.29
380346,20.724609,y,-18.34,-47.5291,1.06252,0,92.29
380347,20.734375,y,-20.65,-41.7063,1.11535,0,92.29
380348,20.740234,y,-16.31,-38.246,1.16301,0,92.29
380349,20.75,y,-11.095,-32.3642,1.08396,0,92.29
380350,20.759765,y,-10.15,-27.5524,1.08198,0,92.29
380351,20.769531,y,-10.675,-23.8963,1.06394,0,92.29
380352,20.780273,y,-11.41,-20.9556,1.11817,0,92.29
380353,20.790039,y,-10.255,-18.6375,1.13052,0,92.29
380354,20.799804,y,-8.505,-16.4427,1.06745,0,92.29
380355,20.80957,y,-7.875,-14.5867,1.07518,0,92.29
380356,20.820312,y,-7.91,-13.0142,1.05248,0,92.29
380357,20.830078,y,-7.455,-11.8099,1.01456,0,92.29
380358,20.839843,y,-7.175,-10.806,1.07469,0,92.29
380359,20.849609,y,-6.02,-9.7692,1.04128,0,92.29
380360,20.854492,y,-6.055,-9.3424,1.07944,0,92.29
380361,20.865234,y,-2.59,-7.7521,1.11794,0,92.29
380362,20.875,y,-1.47,-6.3912,0.97096,0,92.29
380363,20.884765,y,-1.995,-5.4389,1.158,0,92.29
380364,20.894531,y,0.0,-4.2607,0.93156,0,92.29
380365,20.905273,y,-3.815,-4.1557,1.08717,0,92.29
380366,20.915039,y,-1.68,-3.6194,0.99877,0,92.29
380367,20.924804,y,-2.135,-3.2979,0.99378,0,92.29
380368,20.93457,y,-3.955,-3.4402,0.98441,0,92.29
380369,20.945312,y,-4.48,-3.6851,1.01045,0,92.29
380370,20.950195,y,-6.02,-3.9534,0.98319,0,92.29
380371,20.959961,y,-8.47,-4.9319,0.97607,0,92.29
380372,20.969726,y,-10.815,-6.2062,0.9781,0,92.29
380373,20.979492,y,-14.14,-7.9249,0.99552,0,92.29
380374,20.990234,y,-14.98,-9.5865,1.05021,0,92.29
380375,21.0,y,-14.49,-10.6487,0.98543,0,92.29
380376,21.009765,y,-16.45,-11.9053,1.0448,0,92.29
380377,21.019531,y,-17.01,-13.0112,1.09135,0,92.29
380378,21.030273,y,-14.84,-13.4419,1.03459,0,92.29
380379,21.040039,y,-14.175,-13.6007,1.08317,0,92.29
380380,21.044922,y,-13.44,-13.5822,1.00775,0,92.29
380381,21.054687,y,-14.735,-13.8319,1.07037,0,92.29
380382,21.064453,y,-13.02,-13.656,1.01122,0,92.29
380383,21.075195,y,-16.555,-14.3388,1.11732,0,92.29
380384,21.084961,y,-14.21,-14.3109,0.96747,0,92.29
380385,21.094726,y,-16.1,-14.6984,1.07654,0,92.29
380386,21.104492,y,-15.82,-14.9414,0.98644,0,92.29
380387,21.115234,y,-18.41,-15.7583,1.0456,0,92.29
380388,21.125,y,-19.005,-16.4616,1.022,0,92.29
380389,21.134765,y,-20.895,-17.4219,1.07864,0,92.29
380390,21.144531,y,-21.14,-18.2274,1.01086,0,92.29
380391,21.155273,y,-24.15,-19.6222,1.06365,0,92.29
380392,21.160156,y,-27.02,-20.4724,1.0587,0,92.29
380393,21.169922,y,-30.135,-22.5656,1.0481,0,92.29
380394,21.179687,y,-35.35,-25.3348,1.05389,0,92.29
380395,21.189453,y,-43.155,-29.1952,1.01877,0,92.29
380396,21.200195,y,-53.41,-34.8981,1.07619,0,92.29
380397,21.209961,y,-63.98,-41.1981,1.01863,0,92.29
380398,21.219726,y,-77.735,-49.1124,1.05031,0,92.29
380399,21.229492,y,-92.295,-58.467,0.96634,0,92.29
380400,21.240234,y,-111.475,-70.9511,0.99413,0,92.29
380401,21.245117,y,-132.335,-78.0052,1.04232,0,92.29
380402,21.254882,y,-151.165,-93.8524,1.26551,0,92.29
380403,21.264648,y,-168.175,-109.9529,1.16622,0,92.29
380404,21.274414,y,-187.11,-126.6674,1.08259,0,92.29
380405,21.285156,y,-215.25,-147.5297,1.08972,0,92.29
380406,21.294922,y,-243.74,-168.3718,1.12467,0,92.29
380407,21.304687,y,-273.805,-191.2097,1.13267,0,92.29
380408,21.314453,y,-306.25,-216.1309,1.04603,0,92.29
380409,21.325195,y,-343.105,-246.0349,1.14558,0,92.29
380410,21.334961,y,-377.195,-274.4481,1.15625,0,92.29
380411,21.344726,y,-404.775,-302.6782,1.54086,0,92.29
380412,21.349609,y,-416.64,-315.7745,2.067,0,92.29
380413,21.359375,y,-414.19,-337.0942,2.6432,0,92.29
380414,21.370117,y,-393.435,-350.3632,3.17085,0,92.29
380415,21.379882,y,-345.17,-349.2383,2.985,0,92.29
380416,21.389648,y,-302.89,-339.1979,2.36802,0,92.29
380417,21.399414,y,-282.555,-326.9273,2.31136,0,92.29
380418,21.410156,y,-240.275,-306.5196,2.35313,0,92.29
380419,21.419922,y,-169.995,-276.9443,1.86609,0,92.29
380420,21.429687,y,-107.24,-240.1846,2.30098,0,92.29
380421,21.439453,y,-46.97,-198.3285,1.94789,0,92.29
380422,21.445312,y,-5.145,-172.0068,2.39289,0,92.29
380423,21.455078,y,50.155,-123.8799,1.53322,0,92.29
380424,21.464843,y,53.69,-85.4164,1.3289,0,92.29
380425,21.474609,y,48.72,-56.3585,1.04249,0,92.29
380426,21.484375,y,34.93,-36.5827,0.88581,0,92.29
380427,21.495117,y,29.785,-20.9522,0.89058,0,92.29
380428,21.504882,y,29.365,-10.053,1.01892,0,92.29
380429,21.514648,y,31.78,-0.9907,1.15183,0,92.29
380430,21.524414,y,42.14,8.3527,1.25727,0,92.29
380431,21.535156,y,64.33,21.5361,1.33951,0,92.29
380432,21.540039,y,97.3,30.2427,1.42494,0,92.29
380433,21.549804,y,136.605,53.2819,1.45323,1,92.03
380434,21.55957,y,175.42,79.7406,1.3155,0,92.03
380435,21.570312,y,206.535,109.6023,1.18341,0,92.03
380436,21.580078,y,230.44,135.7794,1.06882,0,92.03
380437,21.589843,y,247.345,159.9456,0.99693,0,92.03
380438,21.599609,y,258.51,181.2976,0.9961,0,92.03
380439,21.609375,y,266.63,199.7832,1.06096,0,92.03
380440,21.620117,y,274.4,217.3564,1.19824,0,92.03
380441,21.629882,y,283.885,231.7672,1.37733,0,92.03
380442,21.639648,y,296.275,245.7415,1.51407,0,92.03
380443,21.649414,y,309.26,259.5015,1.51295,0,92.03
380444,21.655273,y,317.87,267.4544,1.40139,0,92.03
380445,21.665039,y,318.71,278.5579,1.33427,0,92.03
380446,21.674804,y,313.11,286.0422,1.41782,0,92.03
380447,21.68457,y,306.25,290.4198,1.56244,0,92.03
380448,21.695312,y,299.88,292.6478,1.68685,0,92.03
380449,21.705078,y,293.265,292.7815,1.85788,0,92.03
380450,21.714843,y,287.84,291.7111,2.07762,0,92.03
380451,21.724609,y,284.795,290.2129,2.27603,0,92.03
380452,21.734375,y,284.06,288.88,2.39276,0,92.03
380453,21.740234,y,283.675,288.1708,2.4308,0,92.03
380454,21.75,y,280.665,286.5448,2.43173,0,92.03
380455,21.759765,y,273.945,283.8156,2.37823,0,92.03
380456,21.769531,y,260.82,278.834,2.2872,0,92.03
380457,21.780273,y,239.89,269.6622,2.19373,0,92.03
380458,21.790039,y,212.835,257.3517,2.16539,0,92.03
380459,21.799804,y,183.96,241.4543,2.13975,0,92.03
380460,21.80957,y,153.965,222.5015,2.15394,0,92.03
380461,21.820312,y,123.515,199.1889,2.33932,0,92.03
380462,21.830078,y,96.425,176.9272,2.53136,0,92.03
380463,21.839843,y,69.23,153.5989,2.57938,0,92.03
380464,21.849609,y,32.585,127.3837,2.58028,0,92.03
380465,21.854492,y,-15.19,110.9994,2.50506,0,92.03
380466,21.865234,y,-76.37,66.8715,2.42184,0,92.03
380467,21.875,y,-137.76,22.5422,1.19121,0,92.03
380468,21.884765,y,-173.495,-19.9215,1.68972,0,92.03
380469,21.894531,y,-169.19,-52.2575,3.2049,0,92.03
380470,21.905273,y,-146.37,-74.4222,1.62974,0,92.03
380471,21.915039,y,-175.0,-96.2104,1.10513,0,92.03
380472,21.924804,y,-232.085,-125.6422,1.3044,0,92.03
380473,21.93457,y,-233.345,-148.9738,3.08951,0,92.03
380474,21.945312,y,-159.81,-151.5259,2.96783,0,92.03
380475,21.950195,y,-93.17,-144.8198,1.79084,0,92.03
380476,21.959961,y,-76.405,-129.9991,1.51199,0,92.03
380477,21.969726,y,-68.425,-116.6615,1.69905,0,92.03
380478,21.979492,y,-47.74,-101.731,1.77579,0,92.03
380479,21.990234,y,-31.955,-85.2979,1.24646,0,92.03
380480,22.0,y,-24.71,-72.1727,1.11349,0,92.03
380481,22.009765,y,-16.765,-60.1709,1.00857,0,92.03
380482,22.019531,y,-18.55,-51.1545,1.02455,0,92.03
380483,22.030273,y,-20.825,-44.0115,1.19279,0,92.03
380484,22.040039,y,-15.47,-37.8286,1.12554,0,92.03
380485,22.044922,y,-12.53,-34.9213,1.1222,0,92.03
380486,22.054687,y,-10.22,-29.5708,1.08232,0,92.03
380487,22.064453,y,-10.43,-25.4243,1.09729,0,92.03
380488,22.075195,y,-10.885,-22.0001,1.09255,0,92.03
380489,22.084961,y,-9.625,-19.3193,1.11541,0,92.03
380490,22.094726,y,-8.225,-16.9162,1.07556,0,92.03
380491,22.104492,y,-9.065,-15.2154,1.10311,0,92.03
380492,22.115234,y,-8.505,-13.635,1.13551,0,92.03
380493,22.125,y,-5.565,-11.8868,1.05882,0,92.03
380494,22.134765,y,-4.13,-10.2066,1.00452,0,92.03
380495,22.139648,y,-4.06,-9.5002,1.03018,0,92.03
380496,22.155273,y,-5.215,-8.1145,0.99824,0,92.03
380497,22.160156,y,-6.16,-7.8899,1.03484,0,92.03
380498,22.169922,y,-6.58,-7.6062,0.99578,0,92.03
380499,22.179687,y,-6.93,-7.4597,1.04195,0,92.03
380500,22.189453,y,-7.28,-7.4208,0.96889,0,92.03
380501,22.200195,y,-9.065,-7.808,1.02331,0,92.03
380502,22.209961,y,-9.135,-8.0955,0.98714,0,92.03
380503,22.219726,y,-10.29,-8.5708,1.00255,0,92.03
380504,22.229492,y,-11.375,-9.1783,0.97562,0,92.03
380505,22.240234,y,-12.565,-9.9759,1.08412,0,92.03
380506,22.245117,y,-12.81,-10.3016,0.94355,0,92.03
380507,22.254882,y,-13.335,-10.9587,1.12266,0,92.03
380508,22.264648,y,-10.92,-10.9503,0.97957,0,92.03
380509,22.274414,y,-13.09,-11.4138,1.0763,0,92.03
380510,22.285156,y,-10.92,-11.2975,1.01689,0,92.03
380511,22.294922,y,-11.165,-11.2688,1.02715,0,92.03
380512,22.304687,y,-11.97,-11.4207,1.02277,0,92.03
380513,22.314453,y,-12.81,-11.7217,1.03682,0,92.03
380514,22.325195,y,-13.405,-12.1181,1.03662,0,92.03
380515,22.334961,y,-14.07,-12.5409,1.0419,0,92.03
380516,22.344726,y,-13.93,-12.8418,0.95638,0,92.03
380517,22.349609,y,-17.955,-13.4294,1.00675,0,92.03
380518,22.359375,y,-20.65,-14.9936,0.99216,0,92.03
380519,22.370117,y,-23.275,-16.944,1.0873,0,92.03
380520,22.379882,y,-21.805,-17.9969,1.02839,0,92.03
380521,22.389648,y,-21.315,-18.7157,1.07926,0,92.03
380522,22.399414,y,-21.42,-19.3016,1.01494,0,92.03
380523,22.410156,y,-24.36,-20.4929,1.07136,0,92.03
380524,22.419922,y,-27.265,-21.9599,1.10645,0,92.03
380525,22.429687,y,-27.02,-23.056,1.08959,0,92.03
380526,22.439453,y,-29.155,-24.3772,1.02358,0,92.03
380527,22.445312,y,-33.145,-25.5719,1.14311,0,92.03
380528,22.455078,y,-35.77,-27.7811,1.02094,0,92.03
380529,22.464843,y,-43.61,-31.2098,1.07332,0,92.03
380530,22.474609,y,-50.05,-35.2911,1.0531,0,92.03
380531,22.484375,y,-57.19,-40.0351,1.05455,0,92.03
380532,22.495117,y,-66.955,-46.3751,1.0563,0,92.03
380533,22.504882,y,-76.895,-52.986,0.93847,0,92.03
380534,22.514648,y,-93.8,-61.8275,0.97036,0,92.03
380535,22.524414,y,-109.9,-72.2415,1.05575,0,92.03
380536,22.535156,y,-121.45,-83.8307,1.35496,0,92.03
380537,22.540039,y,-131.6,-89.3203,1.17497,0,92.03
380538,22.549804,y,-150.29,-102.5269,1.07632,0,92.03
380539,22.55957,y,-173.985,-118.0069,0.97066,0,92.03
380540,22.570312,y,-196.315,-136.4494,1.15601,0,92.03
380541,22.580078,y,-219.695,-154.4829,1.18048,0,92.03
380542,22.589843,y,-244.895,-174.0671,0.98693,0,92.03
380543,22.599609,y,-278.915,-196.7803,1.03346,0,92.03
380544,22.609375,y,-312.27,-221.7988,1.12582,0,92.03
380545,22.620117,y,-341.67,-250.03,1.20959,0,92.03
380546,22.629882,y,-363.825,-274.6792,1.40032,0,92.03
380547,22.639648,y,-376.25,-296.6825,1.82146,0,92.03
380548,22.649414,y,-372.4,-313.0851,2.39892,0,92.03
380549,22.655273,y,-351.4,-318.3056,2.81635,0,92.03
380550,22.665039,y,-312.9,-317.1346,2.90995,0,92.03
380551,22.674804,y,-279.965,-309.0833,2.22019,0,92.03
380552,22.68457,y,-260.12,-298.4764,2.50952,0,92.03
380553,22.695312,y,-204.89,-276.4356,2.45458,0,92.03
380554,22.705078,y,-134.54,-245.6968,1.94152,0,92.03
380555,22.714843,y,-81.795,-210.194,2.40744,0,92.03
380556,22.724609,y,-26.705,-170.4448,1.77015,0,92.03
380557,22.734375,y,3.29,-132.8086,1.80312,0,92.03
380558,22.740234,y,34.93,-109.9538,1.34937,0,92.03
380559,22.75,y,37.94,-77.9156,1.12037,0,92.03
380560,22.759765,y,29.75,-54.5941,0.99033,0,92.03
380561,22.769531,y,20.825,-38.2561,0.99702,0,92.03
380562,22.780273,y,21.7,-24.1356,1.06587,0,92.03
380563,22.790039,y,26.88,-13.0841,1.23204,0,92.03
380564,22.799804,y,38.465,-1.9181,1.37763,0,92.03
380565,22.80957,y,57.26,10.9017,1.41296,0,92.03
380566,22.820312,y,81.305,27.4826,1.34939,0,92.03
380567,22.830078,y,107.52,44.8211,1.21,1,92.71
380568,22.839843,y,132.79,63.876,1.06996,0,92.71
380569,22.844726,y,155.05,74.3536,0.96207,0,92.71
380570,22.854492,y,173.25,95.7775,0.90298,0,92.71
380571,22.865234,y,187.11,117.2875,0.89987,0,92.71
380572,22.875,y,198.03,134.7787,0.96739,0,92.71
380573,22.884765,y,208.81,150.8147,1.09224,0,92.71
380574,22.894531,y,221.97,166.229,1.29117,0,92.71
380575,22.905273,y,239.89,183.5771,1.40346,0,92.71
380576,22.915039,y,258.825,199.8781,1.39228,0,92.71
380577,22.924804,y,273.35,215.7928,1.34123,0,92.71
380578,22.93457,y,280.945,229.9067,1.24562,0,92.71
380579,22.945312,y,280.875,241.9104,1.19299,0,92.71
380580,22.950195,y,276.325,245.8653,1.26603,0,92.71
380581,22.959961,y,271.95,251.516,1.39554,0,92.71
380582,22.969726,y,269.045,255.313,1.5222,0,92.71
380583,22.979492,y,266.49,257.7342,1.64993,0,92.71
380584,22.990234,y,264.845,259.4089,1.81494,0,92.71
380585,23.0,y,265.685,260.7685,1.94984,0,92.71
380586,23.009765,y,267.365,262.1974,2.05337,0,92.71
380587,23.019531,y,268.275,263.514,2.11282,0,92.71
380588,23.030273,y,266.945,264.322,2.12871,0,92.71
380589,23.035156,y,261.73,264.0242,2.07524,0,92.71
380590,23.044922,y,250.74,261.1464,2.03087,0,92.71
380591,23.054687,y,234.71,255.42,2.05429,0,92.71
380592,23.064453,y,215.67,246.809,2.14818,0,92.71
380593,23.075195,y,195.685,234.7686,2.16935,0,92.71
380594,23.084961,y,176.785,222.2076,2.1275,0,92.71
380595,23.094726,y,157.08,208.1003,2.08042,0,92.71
380596,23.104492,y,134.505,192.1574,2.06622,0,92.71
380597,23.115234,y,108.71,172.5044,2.16685,0,92.71
380598,23.125,y,81.165,152.7176,2.29663,0,92.71
380599,23.134765,y,49.42,130.3423,2.37368,0,92.71
380600,23.144531,y,7.49,103.7288,2.43093,0,92.71
380601,23.149414,y,-52.08,85.8236,2.68288,0,92.71
380602,23.160156,y,-138.11,33.0843,1.90623,0,92.71
380603,23.169922,y,-178.92,-12.8421,1.14469,0,92.71
380604,23.179687,y,-184.31,-49.9838,3.21221,0,92.71
380605,23.189453,y,-145.39,-70.6517,2.02265,0,92.71
380606,23.200195,y,-152.32,-89.8856,0.71166,0,92.71
380607,23.209961,y,-190.4,-111.66,1.22075,0,92.71
380608,23.219726,y,-190.75,-128.7917,2.53864,0,92.71
380609,23.229492,y,-140.84,-131.4017,2.20972,0,92.71
380610,23.240234,y,-100.765,-124.1864,1.82345,0,92.71
380611,23.245117,y,-80.675,-119.1862,1.6887,0,92.71
380612,23.254882,y,-56.07,-105.5145,1.59849,0,92.71
380613,23.264648,y,-44.45,-92.2861,1.43132,0,92.71
380614,23.274414,y,-40.18,-80.9984,1.12883,0,92.71
380615,23.285156,y,-38.08,-70.8906,1.16905,0,92.71
380616,23.294922,y,-28.805,-61.7736,1.10002,0,92.71
380617,23.304687,y,-22.505,-53.2676,1.07543,0,92.71
380618,23.314453,y,-21.455,-46.376,1.09623,0,92.71
380619,23.325195,y,-19.635,-40.0782,1.19207,0,92.71
380620,23.334961,y,-13.055,-34.2242,1.14,0,92.71
380621,23.339843,y,-11.095,-31.5667,1.04751,0,92.71
380622,23.349609,y,-11.48,-27.2153,1.12236,0,92.71
380623,23.359375,y,-11.06,-23.7156,1.06451,0,92.71
380624,23.370117,y,-11.13,-20.7515,1.08929,0,92.71
380625,23.379882,y,-11.06,-18.6522,1.10048,0,92.71
380626,23.389648,y,-10.255,-16.8332,1.08569,0,92.71
380627,23.399414,y,-9.8,-15.3096,1.01232,0,92.71
380628,23.410156,y,-9.73,-13.9955,1.11575,0,92.71
380629,23.419922,y,-8.365,-12.7758,0.92555,0,92.71
380630,23.429687,y,-9.73,-12.116,1.15895,0,92.71
380631,23.439453,y,-8.05,-11.2352,0.92883,0,92.71
380632,23.445312,y,-11.06,-11.2113,1.10452,0,92.71
380633,23.455078,y,-9.345,-10.807,1.00699,0,92.71
380634,23.464843,y,-10.36,-10.7102,1.0482,0,92.71
380635,23.474609,y,-10.15,-10.5888,1.03534,0,92.71
380636,23.484375,y,-9.8,-10.418,1.08728,0,92.71
380637,23.495117,y,-7.595,-9.7531,1.01612,0,92.71
380638,23.504882,y,-7.42,-9.2477,1.0207,0,92.71
380639,23.514648,y,-7.385,-8.8442,1.0379,0,92.71
380640,23.524414,y,-6.58,-8.3537,0.99326,0,92.71
380641,23.530273,y,-7.14,-8.1883,1.01231,0,92.71
380642,23.540039,y,-8.015,-8.1508,0.98985,0,92.71
380643,23.549804,y,-8.995,-8.3337,1.05648,0,92.71
380644,23.55957,y,-8.33,-8.3329,0.99823,0,92.71
380645,23.570312,y,-8.785,-8.4393,1.06126,0,92.71
380646,23.580078,y,-8.365,-8.4232,1.04737,0,92.71
380647,23.589843,y,-7.875,-8.3045,1.04104,0,92.71
380648,23.599609,y,-8.61,-8.3707,1.01916,0,92.71
380649,23.609375,y,-9.205,-8.5514,1.07745,0,92.71
380650,23.620117,y,-8.505,-8.5405,0.97778,0,92.71
380651,23.629882,y,-9.66,-8.783,1.10133,0,92.71
380652,23.639648,y,-9.275,-8.8896,0.9913,0,92.71
380653,23.644531,y,-11.375,-9.1752,1.06016,0,92.71
380654,23.655273,y,-11.13,-9.6356,1.00744,0,92.71
380655,23.665039,y,-13.44,-10.4597,1.03607,0,92.71
380656,23.674804,y,-14.91,-11.4237,1.03387,0,92.71
380657,23.68457,y,-15.82,-12.3761,1.03242,0,92.71
380658,23.695312,y,-17.045,-13.4757,1.04936,0,92.71
380659,23.705078,y,-18.62,-14.5901,1.01987,0,92.71
380660,23.714843,y,-19.425,-15.6374,1.03203,0,92.71
380661,23.724609,y,-20.58,-16.7081,1.01236,0,92.71
380662,23.734375,y,-22.925,-18.0549,1.04593,0,92.71
380663,23.740234,y,-25.76,-19.1047,1.06967,0,92.71
380664,23.75,y,-27.545,-20.9331,1.01668,0,92.71
380665,23.759765,y,-32.55,-23.4495,1.06948,0,92.71
380666,23.769531,y,-37.625,-26.5203,1.03408,0,92.71
380667,23.780273,y,-45.71,-31.0397,1.04116,0,92.71
380668,23.790039,y,-55.23,-36.2801,1.03351,0,92.71
380669,23.799804,y,-66.85,-42.9018,1.06026,0,92.71
380670,23.80957,y,-78.085,-50.5236,0.99423,0,92.71
380671,23.820312,y,-97.685,-61.6307,1.01672,0,92.71
380672,23.830078,y,-114.135,-73.0047,0.9086,0,92.71
380673,23.839843,y,-135.24,-86.4855,1.10513,0,92.71
380674,23.844726,y,-152.845,-94.1114,1.24844,0,92.71
380675,23.854492,y,-172.13,-111.0126,1.11039,0,92.71
380676,23.865234,y,-197.015,-131.2672,1.03511,0,92.71
380677,23.875,y,-222.215,-150.9692,1.11987,0,92.71
380678,23.884765,y,-250.145,-172.4517,1.09748,0,92.71
380679,23.894531,y,-286.055,-197.0616,1.21189,0,92.71
380680,23.905273,y,-321.58,-226.3873,1.11972,0,92.71
380681,23.915039,y,-360.465,-255.4325,1.14724,0,92.71
380682,23.924804,y,-394.8,-285.6209,1.29065,0,92.71
380683,23.93457,y,-419.79,-314.686,1.66979,0,92.71
380684,23.945312,y,-433.86,-342.753,2.27662,0,92.71
380685,23.950195,y,-429.765,-352.7522,2.78082,0,92.71
380686,23.959961,y,-404.285,-363.9158,2.92501,0,92.71
380687,23.969726,y,-367.71,-364.7376,2.88118,0,92.71
380688,23.979492,y,-320.32,-355.1154,2.55222,0,92.71
380689,23.990234,y,-284.2,-338.414,2.43218,0,92.71
380690,24.0,y,-238.245,-316.7144,2.57274,0,92.71
380691,24.009765,y,-155.575,-281.8099,2.08445,0,92.71
380692,24.019531,y,-86.73,-239.5498,2.32993,0,92.71
380693,24.030273,y,-33.25,-190.9635,2.26819,0,92.71
380694,24.035156,y,24.045,-166.2552,2.52706,0,92.71
380695,24.044922,y,89.32,-110.89,1.34506,0,92.71
380696,24.054687,y,85.015,-68.4549,1.14205,0,92.71
380697,24.064453,y,71.82,-38.0672,0.9152,0,92.71
380698,24.075195,y,57.365,-15.5917,0.84736,0,92.71
380699,24.084961,y,57.435,0.2281,0.91748,0,92.71
380700,24.094726,y,63.035,13.8327,1.10922,0,92.71
380701,24.104492,y,73.57,26.7736,1.32302,0,92.71
380702,24.115234,y,94.01,42.6086,1.47979,1,92.97
380703,24.125,y,124.46,60.3401,1.53602,0,92.97
380704,24.134765,y,160.405,82.0152,1.44419,0,92.97
380705,24.144531,y,195.86,106.6774,1.28598,0,92.97
380706,24.149414,y,225.68,120.3529,1.09371,0,92.97
380707,24.160156,y,246.785,150.1293,0.97456,0,92.97
380708,24.169922,y,259.595,173.8428,0.9397,0,92.97
380709,24.179687,y,267.33,194.0931,0.97835,0,92.97
380710,24.189453,y,273.245,211.2398,1.11005,0,92.97
380711,24.200195,y,281.75,227.8458,1.29013,0,92.97
380712,24.209961,y,294.315,242.245,1.4071,0,92.97
380713,24.219726,y,307.895,256.4655,1.48258,0,92.97
380714,24.229492,y,319.69,270.1618,1.47237,0,92.97
380715,24.240234,y,326.095,283.3348,1.42449,0,92.97
380716,24.245117,y,326.06,288.2447,1.41572,0,92.97
380717,24.254882,y,321.65,295.4806,1.51632,0,92.97
380718,24.264648,y,316.19,299.9669,1.63011,0,92.97
380719,24.274414,y,309.925,302.1241,1.77554,0,92.97
380720,24.285156,y,302.68,302.255,1.98559,0,92.97
380721,24.294922,y,294.84,300.6487,2.17758,0,92.97
380722,24.304687,y,286.3,297.5406,2.31807,0,92.97
380723,24.314453,y,277.06,293.1039,2.37605,0,92.97
380724,24.325195,y,266.385,286.8113,2.39459,0,92.97
380725,24.334961,y,252.875,279.4597,2.37097,0,92.97
380726,24.339843,y,235.235,274.3784,2.34388,0,92.97
380727,24.349609,y,212.94,261.069,2.31124,0,92.97
380728,24.359375,y,184.66,244.5166,2.29441,0,92.97
380729,24.370117,y,152.215,222.7784,2.29004,0,92.97
380730,24.379882,y,119.0,200.2989,2.30408,0,92.97
380731,24.389648,y,86.905,175.7344,2.32158,0,92.97
380732,24.399414,y,55.125,149.6068,2.35728,0,92.97
380733,24.410156,y,20.615,119.2276,2.39696,0,92.97
380734,24.419922,y,-18.13,89.4718,2.42502,0,92.97
380735,24.429687,y,-62.825,56.4828,2.52608,0,92.97
380736,24.439453,y,-122.955,17.6112,1.48282,0,92.97
380737,24.445312,y,-149.87,-5.2086,1.57827,0,92.97
380738,24.455078,y,-139.16,-34.2265,2.90897,0,92.97
380739,24.464843,y,-102.76,-49.0715,1.8096,0,92.97
380740,24.474609,y,-122.5,-64.9783,0.86631,0,92.97
380741,24.484375,y,-178.36,-89.5402,0.86845,0,92.97
380742,24.495117,y,-196.945,-114.8354,2.45459,0,92.97
380743,24.504882,y,-148.995,-122.2347,2.47308,0,92.97
380744,24.514648,y,-99.96,-117.4093,1.81576,0,92.97
380745,24.524414,y,-75.88,-108.4129,1.62972,0,92.97
380746,24.530273,y,-55.23,-101.1665,1.38455,0,92.97
380747,24.540039,y,-44.345,-88.8573,1.4517,0,92.97
380748,24.549804,y,-37.8,-77.7978,1.38675,0,92.97
380749,24.55957,y,-28.77,-67.1769,1.23241,0,92.97
380750,24.570312,y,-19.775,-56.0131,1.13587,0,92.97
380751,24.580078,y,-15.05,-47.1393,1.07153,0,92.97
380752,24.589843,y,-18.725,-40.9845,1.00377,0,92.97
380753,24.599609,y,-17.675,-35.9349,1.27283,0,92.97
380754,24.609375,y,-9.59,-30.2278,1.04181,0,92.97
380755,24.620117,y,-8.365,-25.0789,1.13911,0,92.97
380756,24.629882,y,-6.09,-20.9657,1.03689,0,92.97
380757,24.639648,y,-6.685,-17.8721,1.0615,0,92.97
380758,24.644531,y,-7.245,-16.6508,1.0836,0,92.97
380759,24.655273,y,-6.51,-14.2625,1.09054,0,92.97
380760,24.665039,y,-6.16,-12.5073,1.05454,0,92.97
380761,24.674804,y,-6.44,-11.193,1.0494,0,92.97
380762,24.68457,y,-6.265,-10.1255,1.05927,0,92.97
380763,24.695312,y,-6.125,-9.1833,1.01152,0,92.97
380764,24.705078,y,-7.105,-8.7331,1.03283,0,92.97
380765,24.714843,y,-8.61,-8.7064,0.99825,0,92.97
380766,24.724609,y,-11.2,-9.2466,1.04845,0,92.97
380767,24.734375,y,-11.515,-9.738,0.98608,0,92.97
380768,24.740234,y,-12.565,-10.1232,1.06848,0,92.97
380769,24.75,y,-12.145,-10.5612,1.03204,0,92.97
380770,24.759765,y,-11.62,-10.7905,1.04159,0,92.97
380771,24.769531,y,-11.305,-10.902,0.9926,0,92.97
380772,24.780273,y,-12.04,-11.17,1.0799,0,92.97
380773,24.790039,y,-9.66,-10.8429,0.9882,0,92.97
380774,24.799804,y,-9.835,-10.6246,1.1113,0,92.97
380775,24.80957,y,-7.315,-9.9076,0.97221,0,92.97
380776,24.820312,y,-8.12,-9.4866,1.06193,0,92.97
380777,24.830078,y,-7.07,-8.9631,1.01419,0,92.97
380778,24.834961,y,-7.735,-8.822,1.05571,0,92.97
380779,24.844726,y,-7.28,-8.488,1.04526,0,92.97
380780,24.854492,y,-6.965,-8.158,1.06007,0,92.97
380781,24.865234,y,-7.175,-7.9265,1.01824,0,92.97
380782,24.875,y,-7.455,-7.8244,1.02087,0,92.97
380783,24.884765,y,-7.525,-7.7595,1.01234,0,92.97
380784,24.894531,y,-8.47,-7.9134,1.028,0,92.97
380785,24.905273,y,-9.415,-8.2671,1.04164,0,92.97
380786,24.915039,y,-9.695,-8.5764,1.01191,0,92.97
380787,24.924804,y,-10.885,-9.0765,1.05052,0,92.97
380788,24.93457,y,-11.935,-9.6957,1.0066,0,92.97
380789,24.945312,y,-13.825,-10.6682,1.02195,0,92.97
380790,24.950195,y,-16.135,-11.2964,1.0279,0,92.97
380791,24.959961,y,-17.045,-12.5418,1.02815,0,92.97
380792,24.969726,y,-18.585,-13.8508,1.03792,0,92.97
380793,24.979492,y,-19.46,-15.0659,1.07071,0,92.97
380794,24.990234,y,-20.405,-16.3233,0.99143,0,92.97
380795,25.0,y,-21.455,-17.435,1.0882,0,92.97
380796,25.009765,y,-23.625,-18.7758,1.04697,0,92.97
380797,25.019531,y,-28.56,-20.8954,1.04804,0,92.97
380798,25.030273,y,-32.55,-23.6402,1.05284,0,92.97
380799,25.035156,y,-36.75,-25.1467,1.02913,0,92.97
380800,25.044922,y,-44.1,-29.2526,1.01224,0,92.97
380801,25.054687,y,-55.125,-34.8568,1.00794,0,92.97
380802,25.064453,y,-66.99,-41.8178,1.07348,0,92.97
380803,25.075195,y,-78.015,-50.3427,1.04164,0,92.97
380804,25.084961,y,-91.07,-59.1655,0.96506,0,92.97
380805,25.094726,y,-108.85,-69.9276,1.01395,0,92.97
380806,25.104492,y,-125.615,-81.9912,1.01579,0,92.97
380807,25.115234,y,-143.535,-96.4855,1.23025,0,92.97
380808,25.125,y,-158.76,-109.9761,1.12611,0,92.97
380809,25.134765,y,-179.725,-125.0844,1.10478,0,92.97
380810,25.139648,y,-203.42,-134.0866,1.06433,0,92.97
380811,25.149414,y,-225.575,-153.9057,1.08866,0,92.97
380812,25.160156,y,-253.96,-177.4698,1.11329,0,92.97
380813,25.169922,y,-283.78,-200.4997,1.20384,0,92.97
380814,25.179687,y,-314.37,-225.1652,0.87533,0,92.97
380815,25.189453,y,-352.17,-252.6782,1.32718,0,92.97
380816,25.200195,y,-375.55,-281.6161,1.23315,0,92.97
380817,25.209961,y,-397.355,-306.6886,1.77811,0,92.97
380818,25.219726,y,-403.725,-327.7077,2.19132,0,92.97
380819,25.229492,y,-397.845,-342.9015,2.54777,0,92.97
380820,25.240234,y,-377.86,-351.1347,2.59308,0,92.97
380821,25.245117,y,-350.84,-351.1008,2.56418,0,92.97
380822,25.254882,y,-315.56,-343.4023,2.38399,0,92.97
380823,25.264648,y,-282.73,-330.2589,2.27669,0,92.97
380824,25.274414,y,-246.75,-312.1684,2.05048,0,92.97
380825,25.285156,y,-195.44,-284.6773,1.94503,0,92.97
380826,25.294922,y,-132.3,-251.6679,2.20962,0,92.97
380827,25.304687,y,-77.7,-213.9846,1.87158,0,92.97
380828,25.314453,y,-35.035,-175.2188,3.32303,0,92.97
380829,25.325195,y,48.965,-122.4206,1.71794,0,92.97
380830,25.330078,y,81.27,-99.0129,1.26905,0,92.97
380831,25.339843,y,75.635,-61.1824,0.90544,0,92.97
380832,25.349609,y,59.745,-34.9859,0.66382,0,92.97
380833,25.359375,y,46.095,-17.4213,0.63375,0,92.97
380834,25.370117,y,43.82,-2.9982,0.77297,0,92.97
380835,25.379882,y,50.19,8.5229,1.06278,0,92.97
380836,25.389648,y,65.975,20.9687,1.3031,0,92.97
380837,25.399414,y,89.145,35.7377,1.44248,0,92.97
380838,25.410156,y,119.07,55.3636,1.44089,1,92.85
380839,25.419922,y,152.53,76.4127,1.32997,0,92.85
380840,25.429687,y,184.24,99.7692,1.24175,0,92.85
380841,25.439453,y,212.8,124.2551,1.11635,0,92.85
380842,25.445312,y,234.465,139.2715,1.03529,0,92.85
380843,25.455078,y,249.935,163.2445,1.0138,0,92.85
380844,25.464843,y,260.89,184.3955,1.01183,0,92.85
380845,25.474609,y,268.94,202.7104,1.07719,0,92.85
380846,25.484375,y,277.305,218.8698,1.19743,0,92.85
380847,25.495117,y,287.735,235.0884,1.30895,0,92.85
380848,25.504882,y,299.145,248.9637,1.3622,0,92.85
380849,25.514648,y,308.91,261.9499,1.38363,0,92.85
380850,25.524414,y,315.525,273.5559,1.38402,0,92.85
380851,25.530273,y,318.395,279.6653,1.40902,0,92.85
380852,25.540039,y,317.59,287.8809,1.48552,0,92.85
380853,25.549804,y,314.405,293.6263,1.58648,0,92.85
380854,25.55957,y,310.205,297.2178,1.65573,0,92.85
380855,25.570312,y,304.185,298.8586,1.81616,0,92.85
380856,25.580078,y,298.34,298.7463,2.03152,0,92.85
380857,25.589843,y,293.79,297.6727,2.23938,0,92.85
380858,25.599609,y,290.85,296.1947,2.37122,0,92.85
380859,25.609375,y,287.315,294.2711,2.41877,0,92.85
380860,25.620117,y,280.07,290.9266,2.39309,0,92.85
380861,25.629882,y,266.49,285.6333,2.36588,0,92.85
380862,25.639648,y,245.945,277.0357,2.35356,0,92.85
380863,25.644531,y,218.295,270.2853,2.37247,0,92.85
380864,25.655273,y,186.305,250.5069,2.38097,0,92.85
380865,25.665039,y,153.685,229.5324,2.37924,0,92.85
380866,25.674804,y,120.19,205.8477,2.38618,0,92.85
380867,25.68457,y,85.47,179.7703,2.46546,0,92.85
380868,25.695312,y,48.93,148.9557,2.56689,0,92.85
380869,25.705078,y,9.38,118.7194,2.64149,0,92.85
380870,25.714843,y,-38.99,84.558,2.81442,0,92.85
380871,25.724609,y,-125.02,39.1571,2.538,0,92.85
380872,25.734375,y,-180.04,-8.3275,0.38931,0,92.85
380873,25.740234,y,-208.81,-35.6438,2.95416,0,92.85
380874,25.75,y,-175.07,-65.8477,2.66978,0,92.85
380875,25.759765,y,-157.99,-85.8067,1.05322,0,92.85
380876,25.769531,y,-183.015,-106.8649,0.83263,0,92.85
380877,25.780273,y,-201.145,-129.0691,2.17341,0,92.85
380878,25.790039,y,-167.335,-137.3586,3.87697,0,92.85
380879,25.799804,y,-76.79,-124.2388,2.34155,0,92.85
380880,25.80957,y,-25.83,-102.9205,0.90931,0,92.85
380881,25.820312,y,-42.7,-88.7378,1.24356,0,92.85
380882,25.830078,y,-47.985,-79.9095,1.31071,0,92.85
380883,25.834961,y,-41.265,-75.4686,1.39306,0,92.85
380884,25.844726,y,-22.54,-64.0037,1.1436,0,92.85
380885,25.854492,y,-15.68,-53.5354,0.99344,0,92.85
380886,25.865234,y,-20.23,-45.6915,1.09336,0,92.85
380887,25.875,y,-20.755,-40.2895,1.17504,0,92.85
380888,25.884765,y,-16.415,-35.1181,1.16324,0,92.85
380889,25.894531,y,-11.76,-30.058,1.10596,0,92.85
380890,25.905273,y,-10.115,-25.3612,1.06896,0,92.85
380891,25.915039,y,-8.82,-21.7779,1.11911,0,92.85
380892,25.924804,y,-7.385,-18.6602,1.09228,0,92.85
380893,25.93457,y,-6.58,-16.0433,1.11272,0,92.85
380894,25.945312,y,-6.335,-13.7569,1.00363,0,92.85
380895,25.950195,y,-6.51,-12.9241,1.13809,0,92.85
380896,25.959961,y,-4.865,-11.1782,0.97305,0,92.85
380897,25.969726,y,-6.72,-10.2125,1.16851,0,92.85
380898,25.979492,y,-4.06,-8.8797,0.94124,0,92.85
380899,25.990234,y,-7.035,-8.4453,1.12272,0,92.85
380900,26.0,y,-4.795,-7.6545,0.99533,0,92.85
380901,26.009765,y,-6.475,-7.399,1.04259,0,92.85
380902,26.019531,y,-6.755,-7.2595,1.0205,0,92.85
380903,26.030273,y,-7.525,-7.322,1.02619,0,92.85
380904,26.035156,y,-8.015,-7.4017,1.0059,0,92.85
380905,26.044922,y,-8.365,-7.6103,1.04999,0,92.85
380906,26.054687,y,-7.735,-7.6374,1.01285,0,92.85
380907,26.064453,y,-7.49,-7.6054,1.02468,0,92.85
380908,26.075195,y,-6.895,-7.4381,1.02198,0,92.85
380909,26.084961,y,-6.545,-7.2446,1.00598,0,92.85
380910,26.094726,y,-7.105,-7.2144,1.02756,0,92.85
380911,26.104492,y,-7.21,-7.2134,1.00875,0,92.85
380912,26.115234,y,-7.455,-7.2703,1.06412,0,92.85
380913,26.125,y,-6.825,-7.1739,1.03073,0,92.85
380914,26.134765,y,-7.245,-7.1893,1.04039,0,92.85
380915,26.139648,y,-7.595,-7.2359,1.00961,0,92.85
380916,26.149414,y,-8.645,-7.5411,1.06189,0,92.85
380917,26.160156,y,-7.84,-7.6115,0.98503,0,92.85
380918,26.169922,y,-10.71,-8.2828,1.09774,0,92.85
380919,26.179687,y,-9.8,-8.6114,0.96926,0,92.85
380920,26.189453,y,-12.32,-9.4148,1.06034,0,92.85
380921,26.200195,y,-12.74,-10.1979,1.01216,0,92.85
380922,26.209961,y,-14.315,-11.0898,1.02136,0,92.85
380923,26.219726,y,-16.345,-12.2281,1.00669,0,92.85
380924,26.229492,y,-19.18,-13.7341,1.06115,0,92.85
380925,26.240234,y,-19.81,-15.1651,1.03799,0,92.85
380926,26.245117,y,-21.455,-15.8879,1.04328,0,92.85
380927,26.254882,y,-23.03,-17.4349,1.06537,0,92.85
380928,26.264648,y,-23.975,-18.8517,1.04769,0,92.85
380929,26.274414,y,-25.795,-20.3558,1.0464,0,92.85
380930,26.285156,y,-28.56,-22.288,1.01632,0,92.85
380931,26.294922,y,-32.655,-24.5338,1.03471,0,92.85
380932,26.304687,y,-37.17,-27.2709,1.03653,0,92.85
380933,26.314453,y,-41.79,-30.4162,1.03166,0,92.85
380934,26.325195,y,-47.25,-34.3808,1.03236,0,92.85
380935,26.330078,y,-54.705,-36.7164,1.03725,0,92.85
380936,26.339843,y,-63.98,-42.622,1.01617,0,92.85
380937,26.349609,y,-74.27,-49.4779,1.08873,0,92.85
380938,26.359375,y,-86.59,-57.5175,1.02972,0,92.85
380939,26.370117,y,-97.44,-66.9197,0.94915,0,92.85
380940,26.379882,y,-115.85,-77.5185,0.96763,0,92.85
380941,26.389648,y,-135.695,-90.1213,1.04492,0,92.85
380942,26.399414,y,-152.285,-103.5878,1.36204,0,92.85
380943,26.410156,y,-163.94,-117.8015,1.16831,0,92.85
380944,26.419922,y,-185.955,-132.5656,1.0606,0,92.85
380945,26.429687,y,-215.005,-150.4228,1.03666,0,92.85
380946,26.439453,y,-243.04,-170.4865,1.09596,0,92.85
380947,26.445312,y,-273.875,-184.5734,1.16168,0,92.85
380948,26.455078,y,-304.01,-210.447,1.0106,0,92.85
380949,26.464843,y,-342.405,-239.0304,1.16773,0,92.85
380950,26.474609,y,-374.045,-268.2786,1.24129,0,92.85
380951,26.484375,y,-395.5,-295.8386,1.723,0,92.85
380952,26.495117,y,-401.695,-320.7691,2.02821,0,92.85
380953,26.504882,y,-399.98,-337.927,2.54975,0,92.85
380954,26.514648,y,-380.555,-347.1615,2.51106,0,92.85
380955,26.524414,y,-357.49,-349.399,2.38437,0,92.85
380956,26.530273,y,-331.275,-346.9295,2.3604,0,92.85
380957,26.540039,y,-298.655,-336.4718,2.03694,0,92.85
380958,26.549804,y,-266.35,-321.2827,2.19185,0,92.85
380959,26.55957,y,-216.93,-298.6768,2.31807,0,92.85
380960,26.570312,y,-144.62,-262.3944,2.10324,0,92.85
380961,26.580078,y,-82.46,-223.4153,2.16729,0,92.85
380962,26.589843,y,-26.95,-180.8589,2.71642,0,92.85
380963,26.599609,y,44.555,-132.0275,2.1713,0,92.85
380964,26.609375,y,95.515,-82.735,1.32329,0,92.85
380965,26.620117,y,81.69,-44.0108,1.01612,0,92.85
380966,26.629882,y,65.345,-20.3232,0.77569,0,92.85
380967,26.634765,y,46.095,-12.6906,0.68104,0,92.85
380968,26.644531,y,37.415,-1.8362,0.72088,0,92.85
380969,26.655273,y,34.615,6.7485,0.93631,0,92.85
380970,26.665039,y,38.5,13.6268,1.20896,0,92.85
380971,26.674804,y,55.475,22.6916,1.48532,0,92.85
380972,26.68457,y,89.285,37.1177,1.65844,0,92.85
380973,26.695312,y,133.875,59.9053,1.56045,1,93.06
380974,26.705078,y,179.165,85.7405,1.40158,0,93.06
380975,26.714843,y,218.295,114.4532,1.13123,0,93.06
380976,26.724609,y,243.005,142.3013,0.90572,0,93.06
380977,26.734375,y,254.765,166.6643,0.81873,0,93.06
380978,26.740234,y,259.035,179.2501,0.81682,0,93.06
380979,26.75,y,260.33,196.8144,0.89474,0,93.06
380980,26.759765,y,262.465,211.035,1.06972,0,93.06
380981,26.769531,y,268.73,223.5335,1.26309,0,93.06
380982,26.780273,y,278.88,236.5683,1.32333,0,93.06
380983,26.790039,y,287.63,247.6298,1.36048,0,93.06
380984,26.799804,y,293.825,257.6361,1.3151,0,93.06
380985,26.80957,y,295.96,265.9382,1.26556,0,93.06
380986,26.820312,y,294.245,272.6048,1.26697,0,93.06
380987,26.825195,y,289.485,274.5447,1.4037,0,93.06
380988,26.834961,y,285.32,276.8789,1.54042,0,93.06
380989,26.844726,y,282.065,278.0023,1.65425,0,93.06
380990,26.854492,y,279.195,278.2607,1.74702,0,93.06
380991,26.865234,y,276.57,277.8625,1.87716,0,93.06
380992,26.875,y,274.855,277.211,2.06764,0,93.06
380993,26.884765,y,275.905,276.9281,2.24143,0,93.06
380994,26.894531,y,279.16,277.4116,2.30727,0,93.06
380995,26.905273,y,282.205,278.5405,2.31091,0,93.06
380996,26.915039,y,281.505,279.1827,2.2387,0,93.06
380997,26.924804,y,272.895,277.8207,2.10537,0,93.06
380998,26.93457,y,254.1,272.6821,2.03918,0,93.06
380999,26.939453,y,227.85,267.5301,2.02564,0,93.06
381000,26.950195,y,198.24,251.2114,2.0311,0,93.06
381001,26.959961,y,168.455,233.2839,2.00718,0,93.06
381002,26.969726,y,137.41,212.5166,2.01477,0,93.06
381003,26.979492,y,105.525,189.339,2.10341,0,93.06
381004,26.990234,y,75.635,162.5603,2.19352,0,93.06
381005,27.0,y,45.64,137.2318,2.22636,0,93.06
381006,27.009765,y,8.05,109.2497,2.22192,0,93.06
381007,27.019531,y,-40.53,76.803,2.18512,0,93.06
381008,27.030273,y,-97.615,35.7253,2.16211,0,93.06
381009,27.035156,y,-163.1,12.8767,0.39488,0,93.06
381010,27.044922,y,-179.83,-28.8693,2.37592,0,93.06
381011,27.054687,y,-158.41,-56.9292,2.52167,0,93.06
381012,27.064453,y,-151.27,-77.3662,1.24921,0,93.06
381013,27.075195,y,-177.66,-100.9867,0.96898,0,93.06
381014,27.084961,y,-201.775,-122.8204,2.23553,0,93.06
381015,27.094726,y,-162.785,-131.4772,2.7724,0,93.06
381016,27.104492,y,-103.915,-125.5064,1.94542,0,93.06
381017,27.115234,y,-75.39,-113.7033,1.17923,0,93.06
381018,27.125,y,-79.835,-106.3664,1.24241,0,93.06
381019,27.129882,y,-74.655,-102.7229,1.72872,0,93.06
381020,27.139648,y,-47.25,-90.7058,1.49998,0,93.06
381021,27.149414,y,-33.53,-78.3198,1.38197,0,93.06
381022,27.160156,y,-26.005,-65.999,1.2368,0,93.06
381023,27.169922,y,-21.875,-56.4404,1.16558,0,93.06
381024,27.179687,y,-18.34,-48.1875,1.08034,0,93.06
381025,27.189453,y,-17.85,-41.6155,1.09303,0,93.06
381026,27.200195,y,-14.595,-35.2518,1.13349,0,93.06
381027,27.209961,y,-10.535,-29.8974,1.0609,0,93.06
381028,27.219726,y,-8.54,-25.2712,1.08604,0,93.06
381029,27.229492,y,-7.77,-21.4799,1.10794,0,93.06
381030,27.240234,y,-7.42,-18.1686,1.08945,0,93.06
381031,27.245117,y,-7.105,-16.8972,1.14551,0,93.06
381032,27.254882,y,-5.39,-14.4046,1.09824,0,93.06
381033,27.264648,y,-4.305,-12.2167,1.06368,0,93.06
381034,27.274414,y,-3.325,-10.2905,1.00013,0,93.06
381035,27.285156,y,-4.025,-8.8149,1.0536,0,93.06
381036,27.294922,y,-4.585,-7.8986,1.04048,0,93.06
381037,27.304687,y,-4.025,-7.0595,1.09298,0,93.06
381038,27.314453,y,-2.94,-6.1671,1.04656,0,93.06
381039,27.320312,y,-3.885,-5.8562,1.09906,0,93.06
381040,27.330078,y,-1.61,-4.9363,1.02286,0,93.06
381041,27.339843,y,-2.625,-4.4357,1.04639,0,93.06
381042,27.349609,y,-2.975,-4.1192,1.00644,0,93.06
381043,27.359375,y,-4.025,-4.0988,0.99916,0,93.06
381044,27.370117,y,-6.615,-4.6914,0.99948,0,93.06
381045,27.379882,y,-6.37,-5.055,1.01992,0,93.06
381046,27.389648,y,-6.405,-5.3475,1.00318,0,93.06
381047,27.399414,y,-7.14,-5.7358,1.00743,0,93.06
381048,27.410156,y,-8.155,-6.3055,0.98436,0,93.06
381049,27.419922,y,-9.065,-6.9033,1.0059,0,93.06
381050,27.429687,y,-10.36,-7.6521,0.9966,0,93.06
381051,27.43457,y,-11.48,-8.092,0.99493,0,93.06
381052,27.445312,y,-13.475,-9.3597,0.99957,0,93.06
381053,27.455078,y,-15.225,-10.6303,1.00384,0,93.06
381054,27.464843,y,-16.1,-11.8151,1.04328,0,93.06
381055,27.474609,y,-17.185,-12.9784,0.9888,0,93.06
381056,27.484375,y,-18.41,-14.155,1.09622,0,93.06
381057,27.495117,y,-17.22,-14.8769,1.01262,0,93.06
381058,27.504882,y,-17.22,-15.3844,1.01939,0,93.06
381059,27.514648,y,-19.985,-16.381,1.04369,0,93.06
381060,27.524414,y,-19.915,-17.1466,1.09228,0,93.06
381061,27.530273,y,-18.62,-17.3474,0.96716,0,93.06
381062,27.540039,y,-20.02,-17.9263,1.1423,0,93.06
381063,27.549804,y,-17.955,-17.9325,1.05593,0,93.06
381064,27.55957,y,-17.85,-17.9147,1.03263,0,93.06
381065,27.570312,y,-18.34,-18.0148,1.01563,0,93.06
381066,27.580078,y,-21.0,-18.6615,1.02953,0,93.06
381067,27.589843,y,-22.645,-19.5244,1.04437,0,93.06
381068,27.599609,y,-25.27,-20.769,1.07649,0,93.06
381069,27.609375,y,-25.725,-21.8427,1.06401,0,93.06
381070,27.620117,y,-28.28,-23.3587,1.07451,0,93.06
381071,27.629882,y,-31.43,-25.1071,1.04581,0,93.06
381072,27.634765,y,-36.645,-26.433,1.04842,0,93.06
381073,27.644531,y,-41.405,-29.6764,1.00432,0,93.06
381074,27.655273,y,-51.17,-34.7384,1.06497,0,93.06
381075,27.665039,y,-61.425,-40.5195,1.00023,0,93.06
381076,27.674804,y,-74.76,-47.9363,1.03017,0,93.06
381077,27.68457,y,-90.44,-57.1439,0.93092,0,93.06
381078,27.695312,y,-111.475,-69.9396,0.98611,0,93.06
381079,27.705078,y,-132.16,-83.4184,1.04371,0,93.06
381080,27.714843,y,-151.165,-98.093,1.40649,0,93.06
381081,27.724609,y,-166.915,-113.0019,1.0041,0,93.06
381082,27.734375,y,-200.305,-131.9144,1.22265,0,93.06
381083,27.740234,y,-225.68,-144.6902,0.94966,0,93.06
381084,27.75,y,-257.425,-169.1119,1.26621,0,93.06
381085,27.759765,y,-291.655,-195.656,1.16327,0,93.06
381086,27.769531,y,-331.52,-225.0882,1.19286,0,93.06
381087,27.780273,y,-372.855,-259.8892,1.10688,0,93.06
381088,27.790039,y,-408.835,-292.1553,1.33441,0,93.06
381089,27.799804,y,-430.71,-322.1677,1.73518,0,93.06
381090,27.80957,y,-441.595,-348.0392,2.30088,0,93.06
381091,27.820312,y,-433.545,-368.1769,2.70111,0,93.06
381092,27.825195,y,-406.315,-372.5597,3.1534,0,93.06
381093,27.834961,y,-356.895,-369.1662,2.98369,0,93.06
381094,27.844726,y,-301.875,-354.5903,2.48434,0,93.06
381095,27.854492,y,-257.18,-333.4883,2.36153,0,93.06
381096,27.865234,y,-202.685,-302.6824,2.21067,0,93.06
381097,27.875,y,-132.335,-265.7801,2.05923,0,93.06
381098,27.884765,y,-76.825,-224.8505,2.01718,0,93.06
381099,27.894531,y,-34.02,-183.5109,2.63539,0,93.06
381100,27.905273,y,29.89,-133.2522,1.53809,0,93.06
381101,27.915039,y,61.705,-91.0187,1.18691,0,93.06
381102,27.924804,y,61.145,-58.0585,0.93382,0,93.06
381103,27.93457,y,50.47,-34.548,0.79398,0,93.06
381104,27.939453,y,42.21,-25.7271,0.78542,0,93.06
381105,27.950195,y,43.225,-9.488,0.85186,0,93.06
381106,27.959961,y,47.18,2.788,0.98876,0,93.06
381107,27.969726,y,54.11,13.9049,1.16078,0,93.06
381108,27.979492,y,69.615,25.9733,1.30254,0,93.06
381109,27.990234,y,96.04,42.4749,1.38075,1,92.9
381110,28.0,y,129.675,61.3651,1.3505,0,92.9
381111,28.009765,y,163.275,83.4398,1.25058,0,92.9
381112,28.019531,y,193.41,107.2626,1.12207,0,92.9
381113,28.030273,y,218.575,133.4781,1.02695,0,92.9
381114,28.035156,y,238.245,145.5177,0.98307,0,92.9
381115,28.044922,y,252.77,168.7518,0.97328,0,92.9
381116,28.054687,y,263.235,189.2178,1.04143,0,92.9
381117,28.064453,y,272.755,207.3145,1.1484,0,92.9
381118,28.075195,y,283.535,225.2654,1.28051,0,92.9
381119,28.084961,y,296.52,240.7013,1.40468,0,92.9
381120,28.094726,y,309.995,255.711,1.41777,0,92.9
381121,28.104492,y,319.2,269.4646,1.36761,0,92.9
381122,28.115234,y,322.315,281.9116,1.31455,0,92.9
381123,28.125,y,319.935,290.1486,1.36825,0,92.9
381124,28.129882,y,314.825,292.9838,1.54475,0,92.9
381125,28.139648,y,310.87,296.8585,1.71634,0,92.9
381126,28.149414,y,308.245,299.3251,1.89462,0,92.9
381127,28.160156,y,306.88,301.1044,2.06652,0,92.9
381128,28.169922,y,306.075,302.1812,2.24842,0,92.9
381129,28.179687,y,304.78,302.7441,2.41011,0,92.9
381130,28.189453,y,302.225,302.6317,2.45542,0,92.9
381131,28.200195,y,295.855,301.0357,2.3992,0,92.9
381132,28.209961,y,283.5,297.2369,2.34305,0,92.9
381133,28.219726,y,264.95,290.2432,2.36187,0,92.9
381134,28.229492,y,241.255,279.6309,2.35298,0,92.9
381135,28.240234,y,211.505,263.5864,2.29692,0,92.9
381136,28.245117,y,180.075,253.9894,2.27404,0,92.9
381137,28.254882,y,144.095,230.1852,2.27109,0,92.9
381138,28.264648,y,106.4,203.3696,2.37694,0,92.9
381139,28.274414,y,67.06,173.8409,2.5746,0,92.9
381140,28.285156,y,26.565,139.1555,2.79197,0,92.9
381141,28.294922,y,-14.21,105.932,2.92803,0,92.9
381142,28.304687,y,-58.975,70.2114,2.91643,0,92.9
381143,28.314453,y,-126.21,27.6607,1.49469,0,92.9
381144,28.320312,y,-148.155,3.7053,1.70037,0,92.9
381145,28.330078,y,-151.69,-29.958,3.34552,0,92.9
381146,28.339843,y,-129.78,-51.5804,1.55909,0,92.9
381147,28.349609,y,-156.345,-74.2756,0.54653,0,92.9
381148,28.359375,y,-203.91,-102.3583,1.62716,0,92.9
381149,28.370117,y,-188.09,-122.5492,2.60635,0,92.9
381150,28.379882,y,-129.255,-124.0017,2.07758,0,92.9
381151,28.389648,y,-93.275,-117.3454,1.3729,0,92.9
381152,28.399414,y,-94.395,-112.3737,1.85513,0,92.9
381153,28.410156,y,-71.4,-102.7238,1.85457,0,92.9
381154,28.419922,y,-46.375,-90.517,1.55056,0,92.9
381155,28.429687,y,-37.905,-79.1207,1.18328,0,92.9
381156,28.43457,y,-34.405,-73.9821,1.1634,0,92.9
381157,28.445312,y,-30.1,-63.6473,1.15836,0,92.9
381158,28.455078,y,-23.31,-54.909,1.06008,0,92.9
381159,28.464843,y,-21.805,-47.7383,1.11201,0,92.9
381160,28.474609,y,-17.15,-41.112,1.17209,0,92.9
381161,28.484375,y,-10.115,-34.3971,1.10519,0,92.9
381162,28.495117,y,-6.65,-27.8623,1.16651,0,92.9
381163,28.504882,y,-5.32,-22.9794,0.95481,0,92.9
381164,28.514648,y,-7.07,-19.533,1.22261,0,92.9
381165,28.524414,y,-5.145,-16.4161,0.96643,0,92.9
381166,28.530273,y,-6.79,-15.1045,1.12696,0,92.9
381167,28.540039,y,-5.425,-13.0076,1.04071,0,92.9
381168,28.549804,y,-5.74,-11.4334,1.05883,0,92.9
381169,28.55957,y,-5.355,-10.1166,1.00089,0,92.9
381170,28.570312,y,-6.265,-9.2095,1.05427,0,92.9
381171,28.580078,y,-7.595,-8.8598,1.0157,0,92.9
381172,28.589843,y,-9.17,-8.927,1.03218,0,92.9
381173,28.599609,y,-9.485,-9.0479,1.03455,0,92.9
381174,28.609375,y,-9.555,-9.1577,1.01705,0,92.9
381175,28.620117,y,-10.115,-9.3832,1.00504,0,92.9
381176,28.625,y,-12.18,-9.7046,0.95839,0,92.9
381177,28.634765,y,-15.26,-10.9079,1.02723,0,92.9
381178,28.644531,y,-16.555,-12.1313,0.98966,0,92.9
381179,28.655273,y,-16.485,-13.1566,1.02435,0,92.9
381180,28.665039,y,-17.885,-14.1809,0.98051,0,92.9
381181,28.674804,y,-19.74,-15.3851,1.05294,0,92.9
381182,28.68457,y,-18.655,-16.0934,1.03742,0,92.9
381183,28.695312,y,-16.73,-16.2434,1.10329,0,92.9
381184,28.705078,y,-14.42,-15.8484,0.98847,0,92.9
381185,28.714843,y,-14.7,-15.5996,1.15686,0,92.9
381186,28.724609,y,-12.075,-14.8361,0.99285,0,92.9
381187,28.734375,y,-13.72,-14.5943,1.09751,0,92.9
381188,28.740234,y,-12.075,-14.251,1.04489,0,92.9
381189,28.75,y,-11.69,-13.6962,1.05335,0,92.9
381190,28.759765,y,-11.41,-13.201,1.03365,0,92.9
381191,28.769531,y,-11.305,-12.7903,1.03466,0,92.9
381192,28.780273,y,-12.215,-12.6548,1.03635,0,92.9
381193,28.790039,y,-13.44,-12.8249,1.00773,0,92.9
381194,28.799804,y,-15.19,-13.3372,1.03656,0,92.9
381195,28.80957,y,-16.52,-14.0267,1.05174,0,92.9
381196,28.820312,y,-16.415,-14.5892,1.037,0,92.9
381197,28.825195,y,-17.325,-14.9036,1.00845,0,92.9
381198,28.834961,y,-20.02,-16.0119,1.04287,0,92.9
381199,28.844726,y,-22.4,-17.3957,1.09189,0,92.9
381200,28.854492,y,-22.855,-18.5783,1.01591,0,92.9
381201,28.865234,y,-26.215,-20.3769,1.0781,0,92.9
381202,28.875,y,-28.14,-22.0586,1.03593,0,92.9
381203,28.884765,y,-31.605,-24.1264,1.10346,0,92.9
381204,28.894531,y,-32.585,-25.9588,0.99044,0,92.9
381205,28.905273,y,-41.93,-29.7202,1.08694,0,92.9
381206,28.915039,y,-45.815,-33.2068,0.94058,0,92.9
381207,28.924804,y,-56.805,-38.3184,1.09496,0,92.9
381208,28.929687,y,-63.63,-41.2272,1.02259,0,92.9
381209,28.939453,y,-75.845,-48.7264,1.0426,0,92.9
381210,28.950195,y,-88.2,-58.023,1.04292,0,92.9
381211,28.959961,y,-101.36,-67.4111,0.941,0,92.9
381212,28.969726,y,-119.035,-78.5933,0.92409,0,92.9
381213,28.979492,y,-141.05,-92.1233,1.04028,0,92.9
381214,28.990234,y,-156.8,-107.3555,1.37864,0,92.9
381215,29.0,y,-168.28,-120.5536,1.18233,0,92.9
381216,29.009765,y,-193.305,-136.3123,1.10067,0,92.9
381217,29.019531,y,-220.85,-154.6257,0.98674,0,92.9
381218,29.030273,y,-251.475,-177.4349,1.23022,0,92.9
381219,29.035156,y,-280.805,-189.314,1.12572,0,92.9
381220,29.044922,y,-316.365,-216.8371,1.11094,0,92.9
381221,29.054687,y,-355.565,-246.887,1.1923,0,92.9
381222,29.064453,y,-386.89,-277.2158,1.3922,0,92.9
381223,29.075195,y,-405.72,-307.4802,1.91006,0,92.9
381224,29.084961,y,-406.0,-328.8225,2.39147,0,92.9
381225,29.094726,y,-396.55,-343.493,2.77798,0,92.9
381226,29.104492,y,-364.28,-347.9961,3.34914,0,92.9
381227,29.115234,y,-311.22,-339.3348,2.87005,0,92.9
381228,29.120117,y,-273.91,-331.8163,2.40605,0,92.9
381229,29.129882,y,-236.845,-311.2446,2.47108,0,92.9
381230,29.139648,y,-175.35,-281.8057,1.9296,0,92.9
381231,29.149414,y,-118.475,-246.4234,2.12789,0,92.9
381232,29.160156,y,-66.675,-204.0904,1.95929,0,92.9
381233,29.169922,y,-23.45,-164.9583,2.64748,0,92.9
381234,29.179687,y,37.31,-121.1449,1.52595,0,92.9
381235,29.189453,y,42.875,-85.6133,1.26981,0,92.9
381236,29.200195,y,36.33,-56.8941,0.96274,0,92.9
381237,29.209961,y,24.85,-39.1859,0.85654,0,92.9
381238,29.219726,y,24.325,-25.4288,0.88816,0,92.9
381239,29.229492,y,30.24,-13.3692,1.04895,0,92.9
381240,29.234375,y,40.53,-7.1752,1.24033,0,92.9
381241,29.245117,y,58.45,8.2803,1.36497,0,92.9
381242,29.254882,y,85.05,24.9094,1.39532,0,92.9
381243,29.264648,y,116.865,44.8298,1.3604,1,93.41
381244,29.274414,y,149.765,67.5619,1.27642,0,93.41
381245,29.285156,y,180.425,94.1426,1.13543,0,93.41
381246,29.294922,y,205.03,118.1641,1.02508,0,93.41
381247,29.304687,y,223.545,140.9907,1.00191,0,93.41
381248,29.314453,y,238.245,162.0589,1.01261,0,93.41
381249,29.320312,y,250.32,174.0847,1.07143,0,93.41
381250,29.330078,y,261.17,192.95,1.1492,0,93.41
381251,29.339843,y,272.055,210.0849,1.24789,0,93.41
381252,29.349609,y,284.13,226.1253,1.36323,0,93.41
381253,29.359375,y,296.625,241.3977,1.37412,0,93.41
381254,29.370117,y,305.585,256.5146,1.38079,0,93.41
381255,29.379882,y,310.31,268.1672,1.39834,0,93.41
381256,29.389648,y,311.815,277.6226,1.49058,0,93.41
381257,29.399414,y,312.2,285.1131,1.58877,0,93.41
381258,29.410156,y,311.465,291.3193,1.67492,0,93.41
381259,29.419922,y,308.595,295.0618,1.83287,0,93.41
381260,29.424804,y,305.76,296.2909,2.05055,0,93.41
381261,29.43457,y,304.325,298.0314,2.29092,0,93.41
381262,29.445312,y,303.66,299.357,2.4313,0,93.41
381263,29.455078,y,301.035,299.7205,2.4727,0,93.41
381264,29.464843,y,294.805,298.6557,2.42088,0,93.41
381265,29.474609,y,282.485,295.1527,2.34056,0,93.41
381266,29.484375,y,262.815,288.1474,2.32408,0,93.41
381267,29.495117,y,237.545,276.2299,2.37562,0,93.41
381268,29.504882,y,209.02,261.6715,2.34362,0,93.41
381269,29.514648,y,176.505,243.2219,2.28989,0,93.41
381270,29.524414,y,141.75,221.2401,2.24778,0,93.41
381271,29.530273,y,106.05,205.5451,2.27452,0,93.41
381272,29.540039,y,71.435,176.4928,2.39116,0,93.41
381273,29.549804,y,39.27,146.769,2.48666,0,93.41
381274,29.55957,y,7.56,116.6121,2.54548,0,93.41
381275,29.570312,y,-28.21,82.5047,2.57909,0,93.41
381276,29.580078,y,-74.585,48.4744,2.53366,0,93.41
381277,29.589843,y,-125.72,10.7421,1.85322,0,93.41
381278,29.599609,y,-165.34,-27.4026,1.37209,0,93.41
381279,29.609375,y,-160.335,-56.1997,3.31013,0,93.41
381280,29.620117,y,-123.025,-71.9379,2.15623,0,93.41
381281,29.625,y,-146.23,-80.4754,1.79892,0,93.41
381282,29.634765,y,-207.55,-108.0011,1.49329,0,93.41
381283,29.644531,y,-215.46,-131.2799,2.77198,0,93.41
381284,29.655273,y,-154.91,-136.8451,2.81535,0,93.41
381285,29.665039,y,-95.9,-127.9752,2.06932,0,93.41
381286,29.674804,y,-71.33,-115.7052,1.60341,0,93.41
381287,29.68457,y,-55.195,-102.5969,1.74343,0,93.41
381288,29.695312,y,-48.265,-89.801,1.51879,0,93.41
381289,29.705078,y,-40.565,-79.135,1.20926,0,93.41
381290,29.714843,y,-33.705,-69.2944,1.13404,0,93.41
381291,29.724609,y,-24.815,-59.6589,1.05106,0,93.41
381292,29.734375,y,-24.43,-52.0272,1.04765,0,93.41
381293,29.740234,y,-26.74,-48.5818,1.14371,0,93.41
381294,29.75,y,-21.42,-42.6977,1.17866,0,93.41
381295,29.759765,y,-13.3,-36.3299,1.17675,0,93.41
381296,29.769531,y,-7.56,-30.0975,1.1105,0,93.41
381297,29.780273,y,-7.035,-24.666,1.0278,0,93.41
381298,29.790039,y,-9.87,-21.4607,1.06579,0,93.41
381299,29.799804,y,-11.725,-19.3519,1.07476,0,93.41
381300,29.80957,y,-10.71,-17.4798,1.14297,0,93.41
381301,29.820312,y,-8.61,-15.3908,1.08176,0,93.41
381302,29.825195,y,-6.86,-14.4105,1.06737,0,93.41
381303,29.834961,y,-7.105,-12.8279,1.00247,0,93.41
381304,29.844726,y,-8.365,-11.8612,1.04427,0,93.41
381305,29.854492,y,-9.905,-11.4374,0.99249,0,93.41
381306,29.865234,y,-11.34,-11.4145,1.10536,0,93.41
381307,29.875,y,-8.645,-10.8145,0.97265,0,93.41
381308,29.884765,y,-8.47,-10.3067,1.13868,0,93.41
381309,29.894531,y,-6.475,-9.4766,1.02443,0,93.41
381310,29.905273,y,-5.145,-8.4565,1.13188,0,93.41
381311,29.915039,y,-2.59,-7.1856,1.02277,0,93.41
381312,29.924804,y,-1.05,-5.8566,1.06876,0,93.41
381313,29.929687,y,0.945,-5.075,1.02173,0,93.41
381314,29.939453,y,1.54,-3.642,1.01103,0,93.41
381315,29.950195,y,-0.315,-2.8584,0.95568,0,93.41
381316,29.959961,y,-2.765,-2.8382,1.03994,0,93.41
381317,29.969726,y,-3.08,-2.8906,1.05119,0,93.41
381318,29.979492,y,-1.715,-2.6359,1.03962,0,93.41
381319,29.990234,y,-2.24,-2.5427,1.02349,0,93.41
381320,30.0,y,-2.59,-2.5529,1.02183,0,93.41
381321,30.009765,y,-3.535,-2.7656,1.02194,0,93.41
381322,30.019531,y,-5.075,-3.2659,1.03004,0,93.41
381323,30.030273,y,-4.97,-3.6673,1.03025,0,93.41
381324,30.035156,y,-6.055,-3.9416,1.02467,0,93.41
381325,30.044922,y,-5.95,-4.3767,1.03212,0,93.41
381326,30.054687,y,-6.545,-4.8464,0.98532,0,93.41
381327,30.064453,y,-9.24,-5.7982,1.05366,0,93.41
381328,30.075195,y,-10.115,-6.8148,0.91795,0,93.41
381329,30.084961,y,-14.525,-8.4851,1.05847,0,93.41
381330,30.094726,y,-17.535,-10.4454,0.94078,0,93.41
381331,30.104492,y,-21.245,-12.7849,1.00351,0,93.41
381332,30.115234,y,-24.36,-15.511,0.99687,0,93.41
381333,30.120117,y,-24.815,-16.5802,1.01726,0,93.41
381334,30.129882,y,-26.285,-18.6824,0.98661,0,93.41
381335,30.139648,y,-28.77,-20.8676,1.05261,0,93.41
381336,30.149414,y,-28.7,-22.5644,1.05646,0,93.41
381337,30.160156,y,-28.84,-24.0424,1.04755,0,93.41
381338,30.169922,y,-30.59,-25.4608,1.10957,0,93.41
381339,30.179687,y,-30.17,-26.4808,1.05635,0,93.41
381340,30.189453,y,-32.97,-27.8866,1.0523,0,93.41
381341,30.200195,y,-37.66,-30.1883,1.08795,0,93.41
381342,30.209961,y,-42.77,-32.9139,1.05678,0,93.41
381343,30.219726,y,-51.52,-36.9442,1.10089,0,93.41
381344,30.229492,y,-61.25,-42.2095,1.01614,0,93.41
381345,30.234375,y,-74.935,-45.9703,1.01091,0,93.41
381346,30.245117,y,-92.855,-57.0122,0.87779,0,93.41
381347,30.254882,y,-116.55,-69.9087,0.96506,0,93.41
381348,30.264648,y,-140.21,-85.1381,1.09112,0,93.41
381349,30.274414,y,-163.24,-102.0573,1.39533,0,93.41
381350,30.285156,y,-176.89,-119.6814,0.97034,0,93.41
381351,30.294922,y,-213.045,-139.9067,1.23265,0,93.41
381352,30.304687,y,-238.665,-161.2988,1.00684,0,93.41
381353,30.314453,y,-270.55,-184.9659,1.21474,0,93.41
381354,30.320312,y,-306.11,-201.4721,1.11699,0,93.41
381355,30.330078,y,-344.26,-232.4042,1.18232,0,93.41
381356,30.339843,y,-381.85,-264.7757,1.17754,0,93.41
381357,30.349609,y,-413.175,-296.9234,1.35806,0,93.41
381358,30.359375,y,-439.005,-327.7025,1.87947,0,93.41
381359,30.370117,y,-448.98,-356.2649,2.53082,0,93.41
381360,30.379882,y,-436.59,-373.6642,2.8257,0,93.41
381361,30.389648,y,-405.685,-380.6008,2.62202,0,93.41
381362,30.399414,y,-374.395,-379.2565,2.11584,0,93.41
381363,30.410156,y,-355.25,-373.6026,1.64994,0,93.41
381364,30.419922,y,-342.335,-366.8291,1.75327,0,93.41
381365,30.424804,y,-317.835,-361.1999,1.51526,0,93.41
381366,30.43457,y,-284.62,-344.6104,1.73516,0,93.41
381367,30.445312,y,-233.415,-318.4225,1.61177,0,93.41
381368,30.455078,y,-194.915,-291.6671,1.54655,0,93.41
381369,30.464843,y,-171.605,-265.6604,1.9436,0,93.41
381370,30.474609,y,-119.245,-233.9424,4.30253,0,93.41
381371,30.484375,y,4.48,-182.293,2.28419,0,93.41
381372,30.495117,y,65.59,-123.9134,1.55168,0,93.41
381373,30.504882,y,95.27,-76.436,0.87368,0,93.41
381374,30.514648,y,108.5,-36.3733,0.74593,0,93.41
381375,30.524414,y,121.8,-2.1083,0.55608,0,93.41
381376,30.530273,y,124.88,15.1942,0.48414,0,93.41
381377,30.540039,y,127.015,39.4179,0.59947,0,93.41
381378,30.549804,y,134.995,60.1209,0.85669,1,93.39
381379,30.55957,y,153.405,80.329,1.24923,0,93.39
381380,30.570312,y,185.185,105.024,1.45489,0,93.39
381381,30.580078,y,223.545,130.6992,1.40347,0,93.39
381382,30.589843,y,259.175,158.5283,1.10116,0,93.39
381383,30.599609,y,282.38,185.3583,0.84495,0,93.39
381384,30.609375,y,293.055,208.6886,0.75323,0,93.39
381385,30.615234,y,296.94,220.7131,0.82278,0,93.39
381386,30.625,y,300.16,237.9237,1.01917,0,93.39
381387,30.634765,y,307.475,252.9892,1.1862,0,93.39
381388,30.644531,y,318.57,267.196,1.26124,0,93.39
381389,30.655273,y,329.49,281.867,1.22317,0,93.39
381390,30.665039,y,335.79,293.5483,1.1668,0,93.39
381391,30.674804,y,336.035,302.7514,1.23977,0,93.39
381392,30.68457,y,335.475,309.8403,1.33217,0,93.39
381393,30.695312,y,334.95,315.754,1.39399,0,93.39
381394,30.705078,y,331.52,319.1694,1.55324,0,93.39
381395,30.714843,y,327.915,321.0638,1.75207,0,93.39
381396,30.724609,y,325.64,322.0551,1.90534,0,93.39
381397,30.729492,y,322.28,322.0809,2.07646,0,93.39
381398,30.740234,y,316.785,320.8337,2.23648,0,93.39
381399,30.75,y,308.98,318.2658,2.33903,0,93.39
381400,30.759765,y,298.83,314.0558,2.36871,0,93.39
381401,30.769531,y,286.475,308.081,2.36371,0,93.39
381402,30.780273,y,270.795,299.2997,2.32358,0,93.39
381403,30.790039,y,250.845,288.8029,2.28323,0,93.39
381404,30.799804,y,225.61,275.1147,2.31158,0,93.39
381405,30.80957,y,196.28,258.0367,2.33318,0,93.39
381406,30.820312,y,164.815,236.0818,2.33747,0,93.39
381407,30.825195,y,131.215,224.0307,2.38937,0,93.39
381408,30.834961,y,96.985,196.5088,2.5003,0,93.39
381409,30.844726,y,63.175,167.6274,2.65001,0,93.39
381410,30.854492,y,31.85,138.2139,2.80248,0,93.39
381411,30.865234,y,2.065,106.1491,2.83379,0,93.39
381412,30.875,y,-35.875,75.3824,2.7905,0,93.39
381413,30.884765,y,-98.28,37.7654,1.45785,0,93.39
381414,30.894531,y,-131.425,1.1137,1.36268,0,93.39
381415,30.905273,y,-133.35,-30.5542,3.336,0,93.39
381416,30.915039,y,-100.695,-45.7488,1.9281,0,93.39
381417,30.919922,y,-118.79,-54.1426,0.78598,0,93.39
381418,30.929687,y,-181.335,-81.6938,0.67541,0,93.39
381419,30.939453,y,-200.83,-107.5022,2.58452,0,93.39
381420,30.950195,y,-144.06,-116.1121,2.5486,0,93.39
381421,30.959961,y,-86.345,-109.6636,1.51324,0,93.39
381422,30.969726,y,-77.35,-102.6642,1.45775,0,93.39
381423,30.979492,y,-67.27,-94.9967,1.78584,0,93.39
381424,30.990234,y,-53.9,-85.3179,1.63704,0,93.39
381425,31.0,y,-41.615,-75.8506,1.26049,0,93.39
381426,31.009765,y,-30.87,-66.1073,1.2047,0,93.39
381427,31.019531,y,-20.93,-56.3206,1.05045,0,93.39
381428,31.030273,y,-21.525,-48.1258,1.1959,0,93.39
381429,31.035156,y,-21.07,-45.0166,1.14732,0,93.39
381430,31.044922,y,-15.54,-38.6311,1.27909,0,93.39
381431,31.054687,y,-6.405,-31.6506,1.05178,0,93.39
381432,31.064453,y,-5.355,-25.9542,1.04914,0,93.39
381433,31.075195,y,-8.785,-21.9106,1.07666,0,93.39
381434,31.084961,y,-8.26,-18.9535,1.13868,0,93.39
381435,31.094726,y,-3.885,-15.6895,1.13901,0,93.39
381436,31.104492,y,-0.35,-12.3665,1.07918,0,93.39
381437,31.115234,y,-0.315,-9.5282,1.08824,0,93.39
381438,31.120117,y,1.05,-8.3126,1.05729,0,93.39
381439,31.129882,y,1.435,-6.2012,1.04424,0,93.39
381440,31.139648,y,1.925,-4.4408,1.0945,0,93.39
381441,31.149414,y,3.815,-2.6523,1.05397,0,93.39
381442,31.160156,y,5.88,-0.6429,1.07373,0,93.39
381443,31.169922,y,6.825,0.9749,0.99742,0,93.39
381444,31.179687,y,5.74,2.0071,1.06064,0,93.39
381445,31.189453,y,6.615,3.0053,1.05037,0,93.39
381446,31.200195,y,8.155,4.2181,1.08909,0,93.39
381447,31.209961,y,12.46,6.0035,1.01828,0,93.39
381448,31.219726,y,15.225,8.001,0.99371,0,93.39
381449,31.224609,y,15.61,8.8754,0.86462,0,93.39
381450,31.234375,y,10.955,9.3259,0.96301,0,93.39
381451,31.245117,y,3.71,8.0033,0.86477,0,93.39
381452,31.254882,y,-1.855,5.8679,0.99831,0,93.39
381453,31.264648,y,-7.7,2.9287,0.90863,0,93.39
381454,31.274414,y,-13.615,-0.6552,0.91023,0,93.39
381455,31.285156,y,-21.56,-5.5785,0.8961,0,93.39
381456,31.294922,y,-30.135,-10.8982,0.9716,0,93.39
381457,31.304687,y,-35.84,-16.3008,1.03409,0,93.39
381458,31.314453,y,-36.61,-20.7004,1.10566,0,93.39
381459,31.320312,y,-34.685,-22.6059,1.10942,0,93.39
381460,31.330078,y,-32.76,-24.8055,1.07267,0,93.39
381461,31.339843,y,-31.85,-26.3314,1.09302,0,93.39
381462,31.349609,y,-29.995,-27.1251,1.11047,0,93.39
381463,31.359375,y,-28.455,-27.4132,1.08868,0,93.39
381464,31.370117,y,-27.72,-27.4854,1.11271,0,93.39
381465,31.379882,y,-25.41,-27.0359,1.04827,0,93.39
381466,31.389648,y,-24.745,-26.5396,1.11884,0,93.39
381467,31.399414,y,-23.275,-25.8324,1.05256,0,93.39
381468,31.410156,y,-23.66,-25.3208,1.06407,0,93.39
381469,31.415039,y,-24.5,-25.2264,1.03026,0,93.39
381470,31.424804,y,-25.62,-25.3117,1.09121,0,93.39
381471,31.43457,y,-24.85,-25.2117,0.94942,0,93.39
381472,31.445312,y,-29.855,-26.3052,1.1461,0,93.39
381473,31.455078,y,-28.385,-26.7558,0.99014,0,93.39
381474,31.464843,y,-34.65,-28.4657,1.09505,0,93.39
381475,31.474609,y,-38.22,-30.5788,1.05604,0,93.39
381476,31.484375,y,-46.585,-34.0462,1.04553,0,93.39
381477,31.495117,y,-54.67,-38.9034,1.02045,0,93.39
381478,31.504882,y,-65.135,-44.5854,1.04769,0,93.39
381479,31.514648,y,-75.67,-51.3193,1.0191,0,93.39
381480,31.524414,y,-90.475,-59.8016,0.94478,0,93.39
381481,31.530273,y,-109.41,-66.5609,0.95949,0,93.39
381482,31.540039,y,-128.03,-79.8769,0.9561,0,93.39
381483,31.549804,y,-148.015,-94.6363,1.32166,0,93.39
381484,31.55957,y,-161.735,-109.1719,1.21704,0,93.39
381485,31.570312,y,-181.93,-126.3074,1.06914,0,93.39
381486,31.580078,y,-212.485,-144.976,1.04678,0,93.39
381487,31.589843,y,-240.73,-165.7173,1.08832,0,93.39
381488,31.599609,y,-273.875,-189.1475,1.24322,0,93.39
381489,31.609375,y,-306.495,-214.5685,1.03955,0,93.39
381490,31.615234,y,-349.475,-232.9498,1.2224,0,93.39
381491,31.625,y,-382.655,-265.3805,1.14898,0,93.39
381492,31.634765,y,-412.86,-297.326,1.69332,0,93.39
381493,31.644531,y,-424.41,-324.8562,2.00996,0,93.39
381494,31.655273,y,-427.14,-348.9454,2.71401,0,93.39
381495,31.665039,y,-409.185,-361.9951,2.79958,0,93.39
381496,31.674804,y,-381.325,-366.1821,2.54671,0,93.39
381497,31.68457,y,-347.865,-362.2141,2.7737,0,93.39
381498,31.695312,y,-305.9,-348.9514,2.3417,0,93.39
381499,31.705078,y,-268.03,-331.4214,2.39065,0,93.39
381500,31.714843,y,-203.455,-303.7026,2.40703,0,93.39
381501,31.724609,y,-120.085,-263.9255,2.0549,0,93.39
381502,31.729492,y,-66.36,-241.2217,1.68245,0,93.39
381503,31.740234,y,-24.955,-190.2881,3.277,0,93.39
381504,31.75,y,59.395,-136.1993,1.27827,0,93.39
381505,31.759765,y,71.82,-91.1402,1.13747,0,93.39
381506,31.769531,y,61.705,-58.0293,0.85134,0,93.39
381507,31.780273,y,42.49,-34.3557,0.69518,0,93.39
381508,31.790039,y,34.195,-19.5056,0.685,0,93.39
381509,31.799804,y,36.505,-7.3731,0.79481,0,93.39
381510,31.80957,y,42.525,3.4363,0.98158,0,93.39
381511,31.820312,y,54.145,15.3788,1.17766,0,93.39
381512,31.825195,y,76.3,22.3798,1.34842,0,93.39
381513,31.834961,y,108.885,41.1194,1.43228,1,93.39
381514,31.844726,y,146.615,63.9708,1.38234,0,93.39
381515,31.854492,y,182.875,89.729,1.29634,0,93.39
381516,31.865234,y,215.25,119.2908,1.17708,0,93.39
381517,31.875,y,241.43,145.7498,1.04153,0,93.39
381518,31.884765,y,260.19,170.5387,0.95838,0,93.39
381519,31.894531,y,272.545,192.6363,0.908,0,93.39
381520,31.905273,y,279.37,213.0632,0.92733,0,93.39
381521,31.915039,y,283.605,228.3447,1.02633,0,93.39
381522,31.919922,y,288.715,235.2823,1.20377,0,93.39
381523,31.929687,y,297.08,248.6683,1.36381,0,93.39
381524,31.939453,y,307.615,261.4379,1.4906,0,93.39
381525,31.950195,y,318.395,274.8521,1.52486,0,93.39
381526,31.959961,y,326.305,285.9983,1.47396,0,93.39
381527,31.969726,y,328.195,295.1385,1.4512,0,93.39
381528,31.979492,y,324.94,301.5944,1.57198,0,93.39
381529,31.990234,y,320.775,306.1117,1.73908,0,93.39
381530,32.0,y,316.645,308.3935,1.9426,0,93.39
381531,32.009765,y,313.215,309.4379,2.12858,0,93.39
381532,32.019531,y,310.17,309.5965,2.27671,0,93.39
381533,32.030273,y,306.67,308.9073,2.3981,0,93.39
381534,32.035156,y,301.805,308.0911,2.49616,0,93.39
381535,32.044922,y,294.49,305.1447,2.50525,0,93.39
381536,32.054687,y,282.975,300.3425,2.46117,0,93.39
381537,32.064453,y,264.67,292.6148,2.41572,0,93.39
381538,32.075195,y,238.665,279.9089,2.3778,0,93.39
381539,32.084961,y,206.5,264.0063,2.34493,0,93.39
381540,32.094726,y,170.905,243.8396,2.33088,0,93.39
381541,32.104492,y,132.23,219.6617,2.39617,0,93.39
381542,32.115234,y,91.77,189.5415,2.57981,0,93.39
381543,32.120117,y,52.745,173.8211,2.75688,0,93.39
381544,32.129882,y,11.445,138.6488,2.85086,0,93.39
381545,32.139648,y,-38.885,100.1897,2.91258,0,93.39
381546,32.149414,y,-117.53,53.0251,2.17466,0,93.39
381547,32.160156,y,-168.455,0.8637,0.73509,0,93.39
381548,32.169922,y,-186.025,-39.622,3.04949,0,93.39
381549,32.179687,y,-167.825,-67.3921,2.12723,0,93.39
381550,32.189453,y,-176.54,-91.0368,0.66895,0,93.39
381551,32.200195,y,-218.645,-121.0901,1.22832,0,93.39
381552,32.209961,y,-216.615,-141.7837,2.76282,0,93.39
381553,32.219726,y,-155.505,-144.7559,2.62658,0,93.39
381554,32.224609,y,-98.105,-139.3948,1.62345,0,93.39
381555,32.234375,y,-89.425,-128.5699,1.5862,0,93.39
381556,32.245117,y,-76.23,-116.2432,1.67408,0,93.39
381557,32.254882,y,-53.62,-102.6783,1.70904,0,93.39
381558,32.264648,y,-45.675,-90.3297,1.23736,0,93.39
381559,32.274414,y,-44.45,-80.3908,1.09738,0,93.39
381560,32.285156,y,-38.64,-70.558,1.14883,0,93.39
381561,32.294922,y,-30.905,-61.9679,1.10902,0,93.39
381562,32.304687,y,-28.28,-54.6708,1.18967,0,93.39
381563,32.314453,y,-23.905,-48.006,1.24672,0,93.39
381564,32.320312,y,-15.855,-43.6253,1.17558,0,93.39
381565,32.330078,y,-11.865,-36.7451,1.06296,0,93.39
381566,32.339843,y,-12.39,-31.4695,1.10252,0,93.39
381567,32.349609,y,-10.85,-27.0027,1.08187,0,93.39
381568,32.359375,y,-10.395,-23.405,1.11529,0,93.39
381569,32.370117,y,-8.75,-19.9536,1.11788,0,93.39
381570,32.379882,y,-5.81,-16.8899,1.11174,0,93.39
381571,32.389648,y,-4.34,-14.1712,1.05262,0,93.39
381572,32.399414,y,-5.25,-12.2386,1.08844,0,93.39
381573,32.410156,y,-3.29,-10.1311,1.03269,0,93.39
381574,32.415039,y,-4.69,-9.5058,1.00554,0,93.39
381575,32.424804,y,-4.41,-8.402,1.00424,0,93.39
381576,32.43457,y,-5.845,-7.8481,1.04716,0,93.39
381577,32.445312,y,-5.915,-7.3928,1.05679,0,93.39
381578,32.455078,y,-4.97,-6.868,1.05771,0,93.39
381579,32.464843,y,-4.27,-6.3052,1.04159,0,93.39
381580,32.474609,y,-4.305,-5.8719,1.01811,0,93.39
381581,32.484375,y,-4.445,-5.5628,1.01623,0,93.39
381582,32.495117,y,-4.9,-5.4067,1.01603,0,93.39
381583,32.504882,y,-5.18,-5.3576,0.98142,0,93.39
381584,32.514648,y,-6.265,-5.5542,1.01334,0,93.39
381585,32.524414,y,-7.035,-5.875,1.01342,0,93.39
381586,32.530273,y,-6.86,-6.0092,1.019,0,93.39
381587,32.540039,y,-7.28,-6.2845,1.01023,0,93.39
381588,32.549804,y,-7.0,-6.4395,1.02433,0,93.39
381589,32.55957,y,-7.56,-6.6822,1.03788,0,93.39
381590,32.570312,y,-7.28,-6.823,1.00701,0,93.39
381591,32.580078,y,-7.455,-6.9599,1.03582,0,93.39
381592,32.589843,y,-8.295,-7.2491,1.00378,0,93.39
381593,32.599609,y,-11.025,-8.0671,1.03627,0,93.39
381594,32.609375,y,-10.255,-8.541,1.00379,0,93.39
381595,32.615234,y,-14.525,-9.3564,1.07873,0,93.39
381596,32.625,y,-13.3,-10.2107,0.96756,0,93.39
381597,32.634765,y,-16.03,-11.4712,1.04373,0,93.39
381598,32.644531,y,-18.62,-13.0198,1.01522,0,93.39
381599,32.655273,y,-21.21,-14.9487,1.1079,0,93.39
381600,32.665039,y,-21.525,-16.3733,1.04923,0,93.39
381601,32.674804,y,-24.465,-18.1261,1.11446,0,93.39
381602,32.68457,y,-24.99,-19.613,1.01794,0,93.39
381603,32.695312,y,-28.56,-21.7201,1.05772,0,93.39
381604,32.705078,y,-31.15,-23.7629,1.03511,0,93.39
381605,32.714843,y,-35.28,-26.2576,1.02842,0,93.39
381606,32.719726,y,-39.83,-27.8174,1.07225,0,93.39
381607,32.729492,y,-43.295,-31.1703,1.03338,0,93.39
381608,32.740234,y,-48.755,-35.3117,1.07785,0,93.39
381609,32.75,y,-56.28,-39.8541,0.98319,0,93.39
381610,32.759765,y,-66.955,-45.7244,1.05337,0,93.39
381611,32.769531,y,-76.055,-52.2949,1.06795,0,93.39
381612,32.780273,y,-87.745,-60.6439,1.07614,0,93.39
381613,32.790039,y,-98.21,-68.7818,1.03958,0,93.39
381614,32.799804,y,-110.985,-77.9235,1.10659,0,93.39
381615,32.80957,y,-122.675,-87.618,0.98107,0,93.39
381616,32.820312,y,-139.335,-99.798,0.97207,0,93.39
381617,32.825195,y,-159.985,-106.7146,0.97668,0,93.39
381618,32.834961,y,-182.805,-123.198,1.11805,0,93.39
381619,32.844726,y,-199.395,-139.7031,1.23621,0,93.39
381620,32.854492,y,-218.26,-156.7209,1.06348,0,93.39
381621,32.865234,y,-249.515,-178.5751,1.01694,0,93.39
381622,32.875,y,-283.465,-201.2974,1.0145,0,93.39
381623,32.884765,y,-320.495,-227.1168,1.20593,0,93.39
381624,32.894531,y,-350.49,-253.8431,1.42488,0,93.39
381625,32.905273,y,-375.13,-282.4077,1.31723,0,93.39
381626,32.910156,y,-400.715,-296.0034,1.83109,0,93.39
381627,32.919922,y,-411.04,-320.9237,2.36352,0,93.39
381628,32.929687,y,-405.685,-339.2839,2.91876,0,93.39
381629,32.939453,y,-377.615,-347.5876,2.53026,0,93.39
381630,32.950195,y,-354.76,-349.2768,2.18147,0,93.39
381631,32.959961,y,-336.28,-346.4613,1.98223,0,93.39
381632,32.969726,y,-322.42,-341.2537,2.07892,0,93.39
381633,32.979492,y,-289.8,-330.1073,2.83348,0,93.39
381634,32.990234,y,-210.35,-301.9029,2.58928,0,93.39
381635,33.0,y,-121.52,-262.8266,1.97434,0,93.39
381636,33.009765,y,-53.515,-217.4875,2.03607,0,93.39
381637,33.019531,y,6.3,-169.0085,3.13244,0,93.39
381638,33.024414,y,82.88,-140.0619,1.33018,0,93.39
381639,33.035156,y,74.27,-89.584,1.02933,0,93.39
381640,33.044922,y,56.455,-57.9476,0.70863,0,93.39
381641,33.054687,y,42.35,-36.2221,0.66824,0,93.39
381642,33.064453,y,42.105,-19.2541,0.89383,0,93.39
381643,33.075195,y,48.755,-3.2371,0.98232,0,93.39
381644,33.084961,y,54.11,9.186,0.95277,0,93.39
381645,33.094726,y,61.81,20.5849,0.86813,0,93.39
381646,33.104492,y,74.025,32.1616,0.91839,0,93.39
381647,33.115234,y,95.025,46.9667,1.13925,1,93.52
381648,33.120117,y,125.825,56.029,1.30932,0,93.52
381649,33.129882,y,161.0,78.7668,1.37322,0,93.52
381650,33.139648,y,195.475,104.0493,1.34055,0,93.52
381651,33.149414,y,225.33,130.3223,1.21804,0,93.52
381652,33.160156,y,247.45,157.9074,1.08163,0,93.52
381653,33.169922,y,261.765,180.406,0.99564,0,93.52
381654,33.179687,y,270.305,199.8791,0.99149,0,93.52
381655,33.189453,y,276.465,216.4699,1.07347,0,93.52
381656,33.200195,y,282.555,232.0338,1.14964,0,93.52
381657,33.209961,y,287.595,244.07,1.2163,0,93.52
381658,33.214843,y,291.305,249.4971,1.24862,0,93.52
381659,33.224609,y,293.37,259.0013,1.26408,0,93.52
381660,33.234375,y,293.685,266.5148,1.3101,0,93.52
381661,33.245117,y,292.705,272.6829,1.33827,0,93.52
381662,33.254882,y,289.38,276.2997,1.45818,0,93.52
381663,33.264648,y,286.545,278.5191,1.60804,0,93.52
381664,33.274414,y,285.74,280.0834,1.71944,0,93.52
381665,33.285156,y,285.075,281.259,1.85316,0,93.52
381666,33.294922,y,284.34,281.9264,1.99531,0,93.52
381667,33.304687,y,283.955,282.3658,2.17738,0,93.52
381668,33.314453,y,285.25,282.9906,2.25756,0,93.52
381669,33.320312,y,285.285,283.3032,2.23951,0,93.52
381670,33.330078,y,280.735,282.7469,2.21861,0,93.52
381671,33.339843,y,271.565,280.3248,2.19151,0,93.52
381672,33.349609,y,257.74,275.4322,2.14624,0,93.52
381673,33.359375,y,238.56,267.4446,2.10823,0,93.52
381674,33.370117,y,215.25,255.1521,2.11599,0,93.52
381675,33.379882,y,190.855,241.2247,2.08013,0,93.52
381676,33.389648,y,164.36,224.5735,2.05089,0,93.52
381677,33.399414,y,133.945,204.9407,2.08577,0,93.52
381678,33.405273,y,100.415,190.6988,2.17027,0,93.52
381679,33.415039,y,65.17,163.5055,2.29233,0,93.52
381680,33.424804,y,28.49,134.2597,2.36182,0,93.52
381681,33.43457,y,-12.39,102.491,2.36778,0,93.52
381682,33.445312,y,-61.88,63.7795,2.31291,0,93.52
381683,33.455078,y,-114.205,25.2228,1.48425,0,93.52
381684,33.464843,y,-151.9,-13.1438,1.15517,0,93.52
381685,33.474609,y,-156.905,-44.2868,3.03786,0,93.52
381686,33.484375,y,-130.305,-62.9209,2.00357,0,93.52
381687,33.495117,y,-144.585,-82.1539,0.91892,0,93.52
381688,33.504882,y,-189.07,-105.313,0.83634,0,93.52
381689,33.514648,y,-209.895,-127.9686,2.60753,0,93.52
381690,33.524414,y,-154.28,-133.6684,2.64625,0,93.52
381691,33.530273,y,-96.04,-128.5414,1.69522,0,93.52
381692,33.540039,y,-78.96,-117.8006,1.19876,0,93.52
381693,33.549804,y,-86.73,-111.0704,1.60819,0,93.52
381694,33.55957,y,-70.14,-102.2037,2.16194,0,93.52
381695,33.570312,y,-37.415,-86.9451,1.63576,0,93.52
381696,33.580078,y,-27.79,-74.1303,1.26234,0,93.52
381697,33.589843,y,-27.44,-64.0167,1.05494,0,93.52
381698,33.599609,y,-20.58,-54.607,1.28544,0,93.52
381699,33.609375,y,-11.725,-45.3175,1.02134,0,93.52
381700,33.615234,y,-12.915,-40.9026,1.13517,0,93.52
381701,33.625,y,-10.045,-34.2179,1.12542,0,93.52
381702,33.634765,y,-6.16,-28.1403,1.11189,0,93.52
381703,33.644531,y,-5.285,-23.1891,1.0462,0,93.52
381704,33.655273,y,-7.595,-19.5165,1.09898,0,93.52
381705,33.665039,y,-7.49,-16.9112,1.12164,0,93.52
381706,33.674804,y,-4.55,-14.2336,1.13027,0,93.52
381707,33.68457,y,-0.175,-11.1881,1.06716,0,93.52
381708,33.695312,y,0.105,-8.5284,0.99895,0,93.52
381709,33.705078,y,-1.68,-7.0449,1.07699,0,93.52
381710,33.714843,y,-1.925,-5.9359,0.96867,0,93.52
381711,33.719726,y,-4.27,-5.7444,1.02759,0,93.52
381712,33.729492,y,-5.915,-5.7814,0.97747,0,93.52
381713,33.740234,y,-7.105,-6.0931,1.05434,0,93.52
381714,33.75,y,-6.335,-6.1455,0.99258,0,93.52
381715,33.759765,y,-6.965,-6.323,1.04801,0,93.52
381716,33.769531,y,-7.7,-6.6213,1.01735,0,93.52
381717,33.780273,y,-7.28,-6.7764,1.09833,0,93.52
381718,33.790039,y,-5.705,-6.5443,0.95581,0,93.52
381719,33.799804,y,-7.07,-6.6582,1.04221,0,93.52
381720,33.80957,y,-8.61,-7.081,0.9656,0,93.52
381721,33.820312,y,-9.45,-7.6389,0.98054,0,93.52
381722,33.825195,y,-12.705,-8.2211,0.97603,0,93.52
381723,33.834961,y,-15.26,-9.746,0.97881,0,93.52
381724,33.844726,y,-18.27,-11.5924,0.96443,0,93.52
381725,33.854492,y,-20.895,-13.6076,1.01595,0,93.52
381726,33.865234,y,-23.135,-15.8514,1.02776,0,93.52
381727,33.875,y,-23.765,-17.5657,1.08669,0,93.52
381728,33.884765,y,-21.0,-18.3096,1.11159,0,93.52
381729,33.894531,y,-17.535,-18.1418,1.08111,0,93.52
381730,33.905273,y,-15.575,-17.5373,1.09681,0,93.52
381731,33.910156,y,-14.07,-17.1388,1.05741,0,93.52
381732,33.919922,y,-13.44,-16.3376,1.08711,0,93.52
381733,33.929687,y,-12.565,-15.5204,1.07014,0,93.52
381734,33.939453,y,-11.725,-14.6982,1.08679,0,93.52
381738,33.979492,y,-12.495,-13.3047,1.01977,0,93.52
381739,33.990234,y,-15.505,-13.8229,0.96654,0,93.52
381740,34.0,y,-17.22,-14.5588,1.0097,0,93.52
381741,34.009765,y,-18.585,-15.4309,1.01005,0,93.52
381742,34.019531,y,-20.58,-16.5464,1.04112,0,93.52
381743,34.024414,y,-20.685,-17.022,1.03741,0,93.52
381744,34.035156,y,-21.875,-18.1649,1.01758,0,93.52
381745,34.044922,y,-24.78,-19.598,1.08,0,93.52
381746,34.054687,y,-27.58,-21.3269,1.06282,0,93.52
381747,34.064453,y,-29.82,-23.1668,1.07263,0,93.52
381748,34.075195,y,-34.02,-25.7229,1.05707,0,93.52
381749,34.084961,y,-40.18,-28.8547,1.09554,0,93.52
381750,34.094726,y,-44.975,-32.3465,1.07303,0,93.52
381751,34.104492,y,-54.285,-37.0991,1.00311,0,93.52
381752,34.115234,y,-69.055,-44.6251,1.00564,0,93.52
381753,34.120117,y,-88.41,-49.6568,0.889,0,93.52
381754,34.129882,y,-112.035,-63.1685,0.95249,0,93.52
381755,34.139648,y,-135.03,-78.7359,1.19189,0,93.52
381756,34.149414,y,-155.4,-95.3436,1.18684,0,93.52
381757,34.160156,y,-179.515,-115.1671,1.03988,0,93.52
381758,34.169922,y,-210.84,-135.8927,1.16664,0,93.52
381759,34.179687,y,-239.785,-158.3968,0.99035,0,93.52
381760,34.189453,y,-271.11,-182.8139,1.30694,0,93.52
381761,34.200195,y,-304.57,-211.489,1.15718,0,93.52
381762,34.209961,y,-344.68,-240.3421,1.21227,0,93.52
381763,34.214843,y,-380.205,-256.4118,1.08303,0,93.52
381764,34.224609,y,-415.555,-290.887,1.43167,0,93.52
381765,34.234375,y,-438.305,-322.8221,1.8362,0,93.52
381766,34.245117,y,-448.77,-352.4845,2.51989,0,93.52
381767,34.254882,y,-437.045,-370.8011,2.71245,0,93.52
381768,34.264648,y,-409.5,-379.1845,2.87466,0,93.52
381769,34.274414,y,-366.66,-376.4713,2.73052,0,93.52
381770,34.285156,y,-318.99,-362.9337,2.38852,0,93.52
381771,34.294922,y,-274.085,-343.6864,2.03719,0,93.52
381772,34.304687,y,-233.24,-319.7626,1.91575,0,93.52
381773,34.314453,y,-169.295,-287.1668,1.73995,0,93.52
381774,34.320312,y,-111.545,-263.2379,2.20268,0,93.52
381775,34.330078,y,-57.645,-218.7003,2.37652,0,93.52
381776,34.339843,y,6.055,-170.016,2.46342,0,93.52
381777,34.349609,y,75.67,-116.7931,1.24338,0,93.52
381778,34.359375,y,86.415,-72.7721,0.92228,0,93.52
381779,34.370117,y,83.265,-36.0234,0.67994,0,93.52
381780,34.379882,y,68.845,-13.3078,0.57309,0,93.52
381781,34.389648,y,64.155,3.4729,0.62432,0,93.52
381782,34.399414,y,65.8,16.9748,0.82686,0,93.52
381783,34.405273,y,73.92,24.7338,1.13264,0,93.52
381784,34.415039,y,90.545,38.9905,1.3691,0,93.52
381785,34.424804,y,115.15,55.4874,1.45956,1,92.77
381786,34.43457,y,145.67,75.0236,1.44634,0,92.77
381787,34.445312,y,180.39,99.8388,1.33527,0,92.77
381788,34.455078,y,212.415,124.2261,1.14915,0,92.77
381789,34.464843,y,236.845,148.6205,0.99616,0,92.77
381790,34.474609,y,254.31,171.516,0.90498,0,92.77
381791,34.484375,y,264.53,191.6656,0.8693,0,92.77
381792,34.495117,y,269.71,210.0461,0.9348,0,92.77
381793,34.504882,y,274.26,223.9555,1.06577,0,92.77
381794,34.514648,y,280.63,236.2329,1.19199,0,92.77
381795,34.519531,y,288.715,242.264,1.29408,0,92.77
381796,34.530273,y,297.255,255.2151,1.34134,0,92.77
381797,34.540039,y,303.345,265.6415,1.3149,0,92.77
381798,34.549804,y,304.15,273.9828,1.29613,0,92.77
381799,34.55957,y,299.95,279.6081,1.32831,0,92.77
381800,34.570312,y,293.125,282.7915,1.48729,0,92.77
381801,34.580078,y,288.47,284.0216,1.67521,0,92.77
381802,34.589843,y,286.23,284.5,1.85953,0,92.77
381803,34.599609,y,285.635,284.7459,1.99804,0,92.77
381804,34.609375,y,285.88,284.9915,2.06974,0,92.77
381805,34.615234,y,285.145,285.0125,2.09033,0,92.77
381806,34.625,y,281.54,284.2602,2.1072,0,92.77
381807,34.634765,y,274.75,282.2002,2.13472,0,92.77
381808,34.644531,y,265.125,278.5012,2.13008,0,92.77
381809,34.655273,y,252.035,272.2681,2.07985,0,92.77
381810,34.665039,y,234.535,264.094,2.00459,0,92.77
381811,34.674804,y,211.575,252.7178,1.91782,0,92.77
381812,34.68457,y,183.96,237.8228,1.94105,0,92.77
381813,34.695312,y,158.935,219.2437,2.01017,0,92.77
381814,34.705078,y,135.905,201.1901,2.03183,0,92.77
381815,34.709961,y,113.155,191.0733,2.06381,0,92.77
381816,34.719726,y,87.78,168.6989,2.19106,0,92.77
381817,34.729492,y,60.795,145.3237,2.28408,0,92.77
381818,34.740234,y,28.525,117.8161,2.2937,0,92.77
381819,34.75,y,-13.65,89.3366,2.30911,0,92.77
381820,34.759765,y,-71.015,54.6028,2.40206,0,92.77
381821,34.769531,y,-144.515,11.4679,0.87466,0,92.77
381822,34.780273,y,-166.53,-30.4529,1.97283,0,92.77
381823,34.790039,y,-161.35,-58.8091,2.9062,0,92.77
381824,34.799804,y,-142.065,-76.8432,1.38291,0,92.77
381825,34.80957,y,-160.79,-95.0286,0.64507,0,92.77
381826,34.820312,y,-190.12,-117.4238,1.74864,0,92.77
381827,34.825195,y,-167.545,-123.1836,2.64668,0,92.77
381828,34.834961,y,-110.635,-120.4652,1.97388,0,92.77
381829,34.844726,y,-78.61,-111.399,1.19848,0,92.77
381830,34.854492,y,-80.08,-104.6143,1.19399,0,92.77
381831,34.865234,y,-75.985,-97.8718,1.75738,0,92.77
381832,34.875,y,-48.23,-87.1179,1.51222,0,92.77
381833,34.884765,y,-36.82,-76.2228,1.23648,0,92.77
381834,34.894531,y,-33.46,-66.9591,1.13809,0,92.77
381835,34.905273,y,-29.47,-58.13,1.15393,0,92.77
381836,34.910156,y,-24.99,-54.3216,1.10095,0,92.77
381837,34.919922,y,-21.49,-47.2093,1.15871,0,92.77
381838,34.929687,y,-18.095,-40.9028,1.07035,0,92.77
381839,34.939453,y,-14.105,-35.0976,1.21273,0,92.77
381840,34.950195,y,-10.255,-29.2469,0.88731,0,92.77
381841,34.959961,y,-13.3,-25.7923,1.19687,0,92.77
381842,34.969726,y,-12.67,-22.9499,0.93606,0,92.77
381843,34.979492,y,-16.275,-21.5039,1.17802,0,92.77
381844,34.990234,y,-13.055,-19.5141,1.04904,0,92.77
381845,35.0,y,-13.055,-18.1148,1.11812,0,92.77
381846,35.009765,y,-11.235,-16.6246,1.02544,0,92.77
381847,35.014648,y,-13.475,-16.2627,1.08067,0,92.77
381848,35.024414,y,-14.07,-15.7877,1.02723,0,92.77
381849,35.035156,y,-13.615,-15.276,1.05573,0,92.77
381850,35.044922,y,-12.88,-14.7569,1.07225,0,92.77
381851,35.054687,y,-11.9,-14.1381,1.08215,0,92.77
381852,35.064453,y,-10.255,-13.2969,1.08019,0,92.77
381853,35.075195,y,-9.73,-12.4568,1.0387,0,92.77
381854,35.084961,y,-9.555,-11.8282,1.09394,0,92.77
381855,35.094726,y,-8.68,-11.1463,1.01789,0,92.77
381856,35.104492,y,-8.855,-10.6499,1.04449,0,92.77
381857,35.115234,y,-8.155,-10.0623,1.03788,0,92.77
381858,35.120117,y,-7.7,-9.7909,1.02218,0,92.77
381859,35.129882,y,-7.98,-9.3986,1.0175,0,92.77
381860,35.139648,y,-7.805,-9.0534,1.06193,0,92.77
381861,35.149414,y,-6.72,-8.5479,0.93699,0,92.77
381862,35.160156,y,-8.225,-8.4719,1.10239,0,92.77
381863,35.169922,y,-6.65,-8.0772,0.93217,0,92.77
381864,35.179687,y,-10.22,-8.5413,1.02728,0,92.77
381865,35.189453,y,-9.975,-8.8519,0.99676,0,92.77
381866,35.200195,y,-11.445,-9.4626,1.05078,0,92.77
381867,35.205078,y,-10.885,-9.6261,1.02096,0,92.77
381868,35.214843,y,-11.655,-10.0656,1.04989,0,92.77
381869,35.224609,y,-11.025,-10.2734,1.02277,0,92.77
381870,35.234375,y,-11.165,-10.4666,1.01812,0,92.77
381871,35.245117,y,-11.69,-10.7547,1.04202,0,92.77
381872,35.254882,y,-11.725,-10.9649,1.0284,0,92.77
381873,35.264648,y,-12.74,-11.3494,1.03031,0,92.77
381874,35.274414,y,-14.735,-12.0828,1.02697,0,92.77
381875,35.285156,y,-16.205,-13.0537,1.04558,0,92.77
381876,35.294922,y,-17.92,-14.1079,1.05051,0,92.77
381877,35.304687,y,-18.305,-15.017,1.05599,0,92.77
381878,35.314453,y,-17.43,-15.5397,1.03987,0,92.77
381879,35.320312,y,-19.32,-16.0548,1.04538,0,92.77
381880,35.330078,y,-23.03,-17.5658,1.06503,0,92.77
381881,35.339843,y,-25.865,-19.3635,1.05658,0,92.77
381882,35.349609,y,-33.145,-22.349,1.09226,0,92.77
381883,35.359375,y,-36.575,-25.4308,0.9743,0,92.77
381884,35.370117,y,-47.11,-30.5365,1.06723,0,92.77
381885,35.379882,y,-56.0,-36.0522,1.02223,0,92.77
381886,35.389648,y,-68.285,-43.0348,1.01375,0,92.77
381887,35.399414,y,-83.405,-51.7802,1.05152,0,92.77
381888,35.405273,y,-99.645,-58.3019,1.01932,0,92.77
381889,35.415039,y,-118.405,-71.322,0.97947,0,92.77
381890,35.424804,y,-138.95,-85.9709,0.95686,0,92.77
381891,35.43457,y,-160.3,-102.0728,1.31784,0,92.77
381892,35.445312,y,-171.885,-118.5145,1.20684,0,92.77
381893,35.455078,y,-191.17,-134.2538,1.12011,0,92.77
381894,35.464843,y,-220.29,-152.8902,1.02291,0,92.77
381895,35.474609,y,-248.815,-173.6703,1.08668,0,92.77
381896,35.484375,y,-281.995,-197.1367,1.04878,0,92.77
381897,35.495117,y,-316.75,-225.3072,1.08588,0,92.77
381898,35.504882,y,-354.83,-253.3631,1.01264,0,92.77
381899,35.514648,y,-392.595,-283.5249,1.3206,0,92.77
381900,35.519531,y,-417.095,-298.8745,1.65864,0,92.77
381901,35.530273,y,-427.945,-329.2723,2.35319,0,92.77
381902,35.540039,y,-422.485,-349.4649,2.75343,0,92.77
381903,35.549804,y,-400.645,-360.5511,2.90383,0,92.77
381904,35.55957,y,-367.22,-361.9958,2.20677,0,92.77
381905,35.570312,y,-351.365,-359.4921,1.74906,0,92.77
381906,35.580078,y,-345.695,-356.5032,1.32226,0,92.77
381907,35.589843,y,-342.475,-353.4646,1.25132,0,92.77
381908,35.599609,y,-332.5,-348.923,1.03545,0,92.77
381909,35.609375,y,-325.395,-343.8261,1.30305,0,92.77
381910,35.615234,y,-303.8,-338.3725,1.65268,0,92.77
381911,35.625,y,-262.36,-321.9059,1.68199,0,92.77
381912,35.634765,y,-226.765,-301.2974,3.30011,0,92.77
381913,35.644531,y,-137.41,-265.7945,3.25284,0,92.77
381914,35.655273,y,-44.065,-213.5744,2.56814,0,92.77
381915,35.665039,y,27.02,-161.4544,1.80055,0,92.77
381916,35.674804,y,81.725,-108.7793,1.21421,0,92.77
381917,35.68457,y,120.82,-59.0412,0.89312,0,92.77
381918,35.695312,y,147.245,-10.4582,0.74214,0,92.77
381919,35.705078,y,163.94,27.3217,0.59711,0,92.77
381920,35.709961,y,172.55,44.011,0.56341,1,93.01
381921,35.719726,y,178.92,73.2337,0.65538,0,93.01
381922,35.729492,y,188.685,98.2439,0.75849,0,93.01
381923,35.740234,y,202.93,122.8988,1.00051,0,93.01
381924,35.75,y,226.905,145.4297,1.17755,0,93.01
381925,35.759765,y,256.025,169.3858,1.2043,0,93.01
381926,35.769531,y,283.22,194.0457,1.13075,0,93.01
381927,35.780273,y,304.045,219.9519,0.94435,0,93.01
381928,35.790039,y,314.86,240.5118,0.85523,0,93.01
381929,35.799804,y,319.41,257.602,0.83677,0,93.01
381930,35.80957,y,320.705,271.272,0.89427,0,93.01
381931,35.820312,y,320.53,282.8729,0.99779,0,93.01
381932,35.825195,y,320.18,287.1601,1.09211,0,93.01
381933,35.834961,y,319.9,294.2526,1.13976,0,93.01
381934,35.844726,y,318.325,299.4669,1.20095,0,93.01
381935,35.854492,y,314.86,302.8015,1.29566,0,93.01
381936,35.865234,y,310.73,304.6688,1.37986,0,93.01
381937,35.875,y,306.11,304.981,1.46251,0,93.01
381938,35.884765,y,299.88,303.8761,1.62604,0,93.01
381939,35.894531,y,295.54,302.0702,1.77972,0,93.01
381940,35.905273,y,292.845,299.8976,1.92134,0,93.01
381941,35.910156,y,290.43,298.8096,1.99671,0,93.01
381942,35.919922,y,286.16,296.0693,2.00766,0,93.01
381943,35.929687,y,278.845,292.3383,2.00548,0,93.01
381944,35.939453,y,268.8,287.2392,2.00759,0,93.01
381945,35.950195,y,256.305,279.9538,2.0598,0,93.01
381946,35.959961,y,243.215,271.9951,2.18998,0,93.01
381947,35.969726,y,231.875,263.3047,2.23747,0,93.01
381948,35.979492,y,220.955,254.1305,2.20965,0,93.01
381949,35.990234,y,209.09,243.5229,2.09963,0,93.01
381950,36.0,y,193.97,232.7882,1.93117,0,93.01
381951,36.009765,y,173.005,219.8386,1.78704,0,93.01
381952,36.014648,y,146.16,211.3716,1.78046,0,93.01
381953,36.024414,y,116.9,190.9062,1.86446,0,93.01
381954,36.035156,y,86.345,166.2807,1.93253,0,93.01
381955,36.044922,y,51.38,141.3898,1.94554,0,93.01
381956,36.054687,y,11.515,113.2576,1.89776,0,93.01
381957,36.064453,y,-31.22,81.9594,1.8136,0,93.01
381958,36.075195,y,-78.82,44.0938,1.77552,0,93.01
381959,36.084961,y,-122.85,7.9288,1.47023,0,93.01
381960,36.094726,y,-164.815,-29.4893,1.07505,0,93.01
381961,36.104492,y,-164.535,-58.7442,2.52141,0,93.01
381962,36.115234,y,-145.11,-79.0845,2.09586,0,93.01
381963,36.120117,y,-147.14,-86.9053,1.33424,0,93.01
381964,36.129882,y,-181.79,-107.4583,1.19601,0,93.01
381965,36.139648,y,-192.745,-125.9339,2.25778,0,93.01
381966,36.149414,y,-152.67,-131.7258,2.49828,0,93.01
381967,36.160156,y,-100.87,-124.4588,1.85878,0,93.01
381968,36.169922,y,-79.45,-114.7086,1.34497,0,93.01
381969,36.179687,y,-76.65,-106.4647,1.59699,0,93.01
381970,36.189453,y,-58.87,-96.1543,1.87769,0,93.01
381971,36.200195,y,-30.1,-80.5976,1.45692,0,93.01
381972,36.205078,y,-23.73,-74.0625,1.19135,0,93.01
381973,36.214843,y,-22.12,-62.8112,1.08849,0,93.01
381974,36.224609,y,-25.2,-54.6635,1.07344,0,93.01
381975,36.234375,y,-26.46,-48.5538,1.12362,0,93.01
381976,36.245117,y,-23.31,-42.6086,1.10142,0,93.01
381977,36.254882,y,-17.675,-37.2077,1.02489,0,93.01
381978,36.264648,y,-16.59,-32.7413,1.05234,0,93.01
381979,36.274414,y,-17.15,-29.3637,1.04988,0,93.01
381980,36.285156,y,-17.745,-26.6274,1.14601,0,93.01
381981,36.294922,y,-16.17,-24.362,1.07663,0,93.01
381982,36.304687,y,-16.135,-22.5799,1.10668,0,93.01
381983,36.314453,y,-14.7,-20.8729,1.12767,0,93.01
381984,36.320312,y,-15.365,-20.1224,0.97377,0,93.01
381985,36.330078,y,-15.575,-19.1373,1.15259,0,93.01
381986,36.339843,y,-13.895,-18.0018,1.03654,0,93.01
381987,36.349609,y,-14.21,-17.1804,1.12987,0,93.01
381988,36.359375,y,-10.64,-15.7635,1.05744,0,93.01
381989,36.370117,y,-10.57,-14.5404,1.04811,0,93.01
381990,36.379882,y,-10.605,-13.6879,1.01407,0,93.01
381991,36.389648,y,-11.445,-13.2021,1.03547,0,93.01
381992,36.399414,y,-12.565,-13.0641,1.05195,0,93.01
381993,36.405273,y,-13.755,-13.1582,1.01964,0,93.01
381994,36.415039,y,-14.525,-13.4543,1.0152,0,93.01
381995,36.424804,y,-15.645,-13.9288,1.01285,0,93.01
381996,36.43457,y,-16.31,-14.4447,1.01369,0,93.01
381997,36.445312,y,-17.465,-15.156,1.01341,0,93.01
381998,36.455078,y,-17.36,-15.6334,1.00495,0,93.01
381999,36.464843,y,-18.305,-16.2121,1.0625,0,93.01
382000,36.474609,y,-17.43,-16.476,1.01631,0,93.01
382001,36.484375,y,-17.29,-16.6523,1.04173,0,93.01
382002,36.495117,y,-16.31,-16.5717,1.0061,0,93.01
382003,36.504882,y,-17.22,-16.7121,1.05722,0,93.01
382004,36.509765,y,-14.735,-16.4849,1.03492,0,93.01
382005,36.519531,y,-16.905,-16.5759,1.05905,0,93.01
382006,36.530273,y,-15.365,-16.2907,1.00779,0,93.01
382007,36.540039,y,-16.52,-16.3404,1.07634,0,93.01
382008,36.549804,y,-15.225,-16.0988,1.01298,0,93.01
382009,36.55957,y,-17.745,-16.4554,1.0399,0,93.01
382010,36.570312,y,-19.075,-17.0724,1.06017,0,93.01
382011,36.580078,y,-18.62,-17.4076,1.02789,0,93.01
382012,36.589843,y,-20.545,-18.0872,1.06078,0,93.01
382013,36.599609,y,-20.545,-18.6196,1.0696,0,93.01
382014,36.609375,y,-20.51,-19.0291,1.03578,0,93.01
382015,36.615234,y,-23.625,-19.6553,1.03273,0,93.01
382016,36.625,y,-26.565,-21.1522,1.04995,0,93.01
382017,36.634765,y,-30.59,-23.1965,1.0302,0,93.01
382018,36.644531,y,-35.595,-25.8824,1.08618,0,93.01
382019,36.655273,y,-39.795,-29.159,1.03172,0,93.01
382020,36.665039,y,-46.795,-32.9795,1.03429,0,93.01
382021,36.674804,y,-56.84,-38.1479,1.0386,0,93.01
382022,36.68457,y,-66.36,-44.2595,1.0543,0,93.01
382023,36.695312,y,-78.12,-52.2341,1.03692,0,93.01
382024,36.700195,y,-88.62,-56.4155,1.09262,0,93.01
382025,36.709961,y,-98.42,-65.5149,0.94747,0,93.01
382026,36.719726,y,-113.505,-75.9101,1.14162,0,93.01
382027,36.729492,y,-127.085,-86.9961,0.9027,0,93.01
382028,36.740234,y,-147.35,-101.2102,0.99049,0,93.01
382029,36.75,y,-163.1,-114.6174,1.16289,0,93.01
382030,36.759765,y,-175.875,-127.8864,1.24382,0,93.01
382031,36.769531,y,-192.22,-141.823,1.04482,0,93.01
382032,36.780273,y,-219.485,-160.1134,1.05576,0,93.01
382033,36.790039,y,-244.895,-178.4796,1.05053,0,93.01
382034,36.799804,y,-273.455,-199.0523,1.15854,0,93.01
382035,36.80957,y,-303.625,-221.7058,1.13039,0,93.01
382036,36.814453,y,-336.77,-234.9288,1.22334,0,93.01
382037,36.825195,y,-365.33,-265.6399,1.34449,0,93.01
382038,36.834961,y,-387.59,-292.058,1.80528,0,93.01
382039,36.844726,y,-397.25,-314.8436,2.29224,0,93.01
382040,36.854492,y,-394.45,-332.0888,2.7523,0,93.01
382041,36.865234,y,-373.17,-341.7639,2.57072,0,93.01
382042,36.875,y,-352.94,-344.185,2.22379,0,93.01
382043,36.884765,y,-339.43,-343.155,1.85075,0,93.01
382044,36.894531,y,-334.18,-341.2108,1.3639,0,93.01
382045,36.905273,y,-334.67,-339.6703,1.2128,0,93.01
382046,36.910156,y,-325.045,-337.9896,1.25885,0,93.01
382047,36.919922,y,-305.165,-330.8788,1.76572,0,93.01
382048,36.929687,y,-263.13,-316.2037,2.16663,0,93.01
382049,36.939453,y,-206.99,-292.5448,1.85275,0,93.01
382050,36.950195,y,-163.31,-262.1083,3.91868,0,93.01
382051,36.959961,y,-48.055,-215.738,2.6998,0,93.01
382052,36.969726,y,36.085,-161.1905,1.97621,0,93.01
382053,36.979492,y,94.675,-105.7624,1.38228,0,93.01
382054,36.990234,y,134.89,-49.0857,0.94538,0,93.01
382055,36.995117,y,159.25,-25.1442,0.67102,0,93.01
382056,37.004882,y,170.205,17.1705,0.54068,0,93.01
382057,37.014648,y,171.15,50.527,0.47313,1,92.6
382058,37.024414,y,164.255,75.1639,0.4696,0,92.6
382059,37.035156,y,158.585,94.8106,0.53589,0,92.6
382060,37.044922,y,161.455,109.2478,0.73513,0,92.6
382061,37.054687,y,176.19,123.7482,1.0066,0,92.6
382062,37.064453,y,201.705,140.636,1.17639,0,92.6
382063,37.075195,y,230.72,161.8519,1.25314,0,92.6
382064,37.084961,y,259.595,183.026,1.23423,0,92.6
382065,37.094726,y,285.285,205.1763,1.12574,0,92.6
382066,37.104492,y,304.92,226.7838,1.063,0,92.6
382067,37.115234,y,319.235,248.5572,0.97581,0,92.6
382068,37.120117,y,327.075,257.5803,0.9518,0,92.6
382069,37.129882,y,329.98,273.2629,0.96403,0,92.6
382070,37.139648,y,329.595,285.4661,1.07564,0,92.6
382071,37.149414,y,329.105,294.9196,1.31779,0,92.6
382072,37.160156,y,332.71,303.8197,1.4953,0,92.6
382073,37.169922,y,338.695,311.3747,1.54583,0,92.6
382074,37.179687,y,341.985,318.0052,1.52827,0,92.6
382075,37.189453,y,339.465,322.6541,1.57719,0,92.6
382076,37.195312,y,333.235,324.0957,1.72532,0,92.6
382077,37.205078,y,326.76,324.6729,1.90225,0,92.6
382078,37.214843,y,319.935,323.6466,2.03999,0,92.6
382079,37.224609,y,311.325,320.9774,2.14763,0,92.6
382080,37.234375,y,300.86,316.6194,2.22396,0,92.6
382081,37.245117,y,288.505,309.9981,2.27115,0,92.6
382082,37.254882,y,274.12,302.2265,2.31982,0,92.6
382083,37.264648,y,258.615,292.779,2.37499,0,92.6
382084,37.274414,y,241.78,281.7311,2.36892,0,92.6
382085,37.285156,y,220.64,267.3433,2.27068,0,92.6
382086,37.294922,y,193.06,251.2513,2.18202,0,92.6
382087,37.304687,y,161.035,231.7096,2.11728,0,92.6
382088,37.30957,y,126.875,219.6622,2.11217,0,92.6
382089,37.320312,y,93.415,189.9293,2.2252,0,92.6
382090,37.330078,y,64.995,162.8648,2.34923,0,92.6
382091,37.339843,y,39.27,136.0929,2.38541,0,92.6
382092,37.349609,y,9.03,108.5673,2.35268,0,92.6
382093,37.359375,y,-34.265,77.6256,2.27878,0,92.6
382094,37.370117,y,-84.875,39.3546,2.06341,0,92.6
382095,37.379882,y,-138.915,0.7396,0.44503,0,92.6
382096,37.389648,y,-159.18,-33.9038,2.24484,0,92.6
382097,37.399414,y,-150.395,-59.1393,2.5947,0,92.6
382098,37.405273,y,-139.58,-70.0995,1.18751,0,92.6
382099,37.415039,y,-160.72,-89.7306,0.80397,0,92.6
382100,37.424804,y,-194.565,-112.4388,1.54021,0,92.6
382101,37.43457,y,-179.725,-127.015,2.42892,0,92.6
382102,37.445312,y,-130.27,-127.7816,2.19495,0,92.6
382103,37.455078,y,-90.895,-119.7909,1.35014,0,92.6
382104,37.464843,y,-82.845,-111.788,1.72223,0,92.6
382105,37.474609,y,-61.215,-100.8324,1.55423,0,92.6
382106,37.484375,y,-38.64,-87.3597,1.53481,0,92.6
382107,37.495117,y,-31.57,-74.2205,1.21036,0,92.6
382108,37.504882,y,-27.615,-64.1253,1.23211,0,92.6
382109,37.509765,y,-20.545,-59.1171,1.1147,0,92.6
382110,37.519531,y,-18.2,-50.2532,1.19282,0,92.6
382111,37.530273,y,-14.56,-41.847,1.16346,0,92.6
382112,37.540039,y,-10.5,-35.0563,1.1352,0,92.6
382113,37.549804,y,-7.0,-28.979,1.08534,0,92.6
382114,37.55957,y,-5.46,-23.8841,1.10809,0,92.6
382115,37.570312,y,-4.2,-19.2482,1.11097,0,92.6
382116,37.580078,y,-2.87,-15.7002,1.10269,0,92.6
382117,37.589843,y,-1.54,-12.633,1.12532,0,92.6
382118,37.599609,y,0.455,-9.7977,1.09342,0,92.6
382119,37.609375,y,2.45,-7.1445,1.10814,0,92.6
382120,37.615234,y,5.075,-5.4796,1.04169,0,92.6
382121,37.625,y,4.935,-3.2235,1.04886,0,92.6
382122,37.634765,y,3.57,-1.7519,1.01795,0,92.6
382123,37.644531,y,1.715,-1.0009,1.01458,0,92.6
382124,37.655273,y,0.945,-0.5426,1.04636,0,92.6
382125,37.665039,y,1.715,-0.0535,1.01613,0,92.6
382126,37.674804,y,0.315,0.0263,0.94567,0,92.6
382127,37.68457,y,-2.03,-0.4192,1.0306,0,92.6
382128,37.695312,y,-4.2,-1.3096,0.89123,0,92.6
382129,37.700195,y,-7.035,-1.9676,1.1025,0,92.6
382130,37.709961,y,-8.155,-3.3079,0.90327,0,92.6
382131,37.719726,y,-11.55,-5.0933,1.05915,0,92.6
382132,37.729492,y,-10.64,-6.2948,0.9634,0,92.6
382133,37.740234,y,-12.04,-7.6479,1.02129,0,92.6
382134,37.75,y,-12.95,-8.7965,0.97162,0,92.6
382135,37.759765,y,-14.91,-10.1207,1.00043,0,92.6
382136,37.769531,y,-16.8,-11.5677,1.01987,0,92.6
382137,37.780273,y,-17.955,-13.072,1.02798,0,92.6
382138,37.790039,y,-18.375,-14.2208,1.02394,0,92.6
382139,37.799804,y,-20.16,-15.5073,1.0397,0,92.6
382140,37.80957,y,-20.58,-16.6062,1.04609,0,92.6
382141,37.814453,y,-20.195,-17.0186,1.07603,0,92.6
382142,37.825195,y,-19.145,-17.5194,1.0031,0,92.6
382143,37.834961,y,-20.65,-18.1976,1.09296,0,92.6
382144,37.844726,y,-19.985,-18.5847,1.02197,0,92.6
382145,37.854492,y,-19.705,-18.8274,1.04866,0,92.6
382146,37.865234,y,-19.705,-19.0341,1.00213,0,92.6
382147,37.875,y,-22.05,-19.6874,1.10877,0,92.6
382148,37.884765,y,-19.32,-19.6078,1.01611,0,92.6
382149,37.894531,y,-21.245,-19.9625,1.12088,0,92.6
382150,37.905273,y,-19.46,-19.8442,0.93368,0,92.6
382151,37.910156,y,-24.185,-20.343,1.09189,0,92.6
382152,37.919922,y,-23.45,-21.0161,1.03318,0,92.6
382153,37.929687,y,-26.145,-22.127,1.11791,0,92.6
382154,37.939453,y,-29.33,-23.6874,1.04584,0,92.6
382155,37.950195,y,-33.215,-25.9313,1.10139,0,92.6
382156,37.959961,y,-36.61,-28.2446,1.0466,0,92.6
382157,37.969726,y,-43.295,-31.5047,1.0236,0,92.6
382158,37.979492,y,-52.92,-36.1439,1.01058,0,92.6
382159,37.990234,y,-65.065,-42.9552,1.03895,0,92.6
382160,38.0,y,-77.21,-50.3758,1.0507,0,92.6
382161,38.004882,y,-91.245,-55.0715,0.95007,0,92.6
382162,38.014648,y,-108.99,-66.7519,0.98632,0,92.6
382163,38.024414,y,-127.225,-79.8521,0.98952,0,92.6
382164,38.035156,y,-144.935,-95.18,1.17838,0,92.6
382165,38.044922,y,-159.985,-109.2187,1.22127,0,92.6
382166,38.054687,y,-176.785,-123.8543,1.08198,0,92.6
382167,38.064453,y,-204.19,-141.2574,1.06735,0,92.6
382168,38.075195,y,-228.655,-161.8406,1.07686,0,92.6
382169,38.084961,y,-261.8,-183.4948,1.25518,0,92.6
382170,38.094726,y,-289.905,-206.5444,1.03799,0,92.6
382171,38.104492,y,-326.165,-232.4578,1.15003,0,92.6
382172,38.115234,y,-361.375,-262.8194,1.25563,0,92.6
382173,38.120117,y,-385.21,-276.8843,1.50175,0,92.6
382174,38.129882,y,-402.43,-304.0788,1.95345,0,92.6
382175,38.139648,y,-408.38,-326.6736,2.52405,0,92.6
382176,38.149414,y,-397.425,-342.0004,2.7149,0,92.6
382177,38.160156,y,-374.395,-349.6298,2.39824,0,92.6
382178,38.169922,y,-354.13,-350.6047,2.07107,0,92.6
382179,38.179687,y,-338.485,-347.9794,1.71528,0,92.6
382180,38.189453,y,-325.5,-343.1097,1.59698,0,92.6
382181,38.195312,y,-309.19,-338.488,1.49013,0,92.6
382182,38.205078,y,-282.24,-326.303,1.85723,0,92.6
382183,38.214843,y,-227.745,-304.9544,2.31478,0,92.6
382184,38.224609,y,-155.89,-272.6626,2.214,0,92.6
382185,38.234375,y,-94.57,-234.0824,3.76132,0,92.6
382186,38.245117,y,11.305,-176.2905,2.43126,0,92.6
382187,38.254882,y,79.38,-120.9097,1.56407,0,92.6
382188,38.264648,y,105.385,-71.8875,0.84558,0,92.6
382189,38.274414,y,108.78,-32.7495,0.47655,0,92.6
382190,38.285156,y,101.5,-1.132,0.49797,0,92.6
382191,38.294922,y,90.265,18.6673,0.49562,0,92.6
382192,38.304687,y,78.47,31.6212,0.5485,0,92.6
382193,38.30957,y,68.775,35.8908,0.69791,0,92.6
382194,38.320312,y,68.46,43.5613,1.05583,1,92.32
382195,38.330078,y,85.925,52.7385,1.48625,0,92.32
382196,38.339843,y,122.675,67.8875,1.82797,0,92.32
382197,38.349609,y,173.775,90.8259,1.75566,0,92.32
382198,38.359375,y,222.915,119.4403,1.51281,0,92.32
382199,38.370117,y,261.59,152.9184,1.13243,0,92.32
382200,38.379882,y,282.87,181.0673,0.85287,0,92.32
382201,38.389648,y,290.71,204.8192,0.75407,0,92.32
382202,38.399414,y,292.25,223.7593,0.77653,0,92.32
382203,38.405273,y,292.215,233.0866,0.90859,0,92.32
382204,38.415039,y,294.63,246.4187,1.12731,0,92.32
382205,38.424804,y,302.19,258.4993,1.37912,0,92.32
382206,38.43457,y,314.895,270.7163,1.48995,0,92.32
382207,38.445312,y,327.565,284.1049,1.48275,0,92.32
382208,38.455078,y,335.615,295.2635,1.36881,0,92.32
382209,38.464843,y,335.65,304.0117,1.31337,0,92.32
382210,38.474609,y,328.965,309.4173,1.38994,0,92.32
382211,38.484375,y,320.25,311.764,1.59047,0,92.32
382212,38.495117,y,313.88,312.2623,1.76147,0,92.32
382213,38.5,y,308.735,311.857,1.92505,0,92.32
382214,38.509765,y,303.835,310.1193,2.05338,0,92.32
382215,38.519531,y,297.99,307.4918,2.19907,0,92.32
382216,38.530273,y,292.32,303.9186,2.31511,0,92.32
382217,38.540039,y,286.79,300.208,2.32591,0,92.32
382218,38.549804,y,278.25,295.4517,2.26484,0,92.32
382219,38.55957,y,265.195,288.8972,2.25043,0,92.32
382220,38.570312,y,248.15,279.3007,2.22666,0,92.32
382221,38.580078,y,226.45,267.8517,2.18803,0,92.32
382222,38.589843,y,200.235,253.2052,2.1817,0,92.32
382223,38.599609,y,173.32,235.8997,2.11366,0,92.32
382224,38.609375,y,143.78,215.9438,2.05896,0,92.32
382225,38.615234,y,109.9,201.4951,2.1178,0,92.32
382226,38.625,y,72.87,173.631,2.28957,0,92.32
382227,38.634765,y,35.175,143.64,2.42139,0,92.32
382228,38.644531,y,-6.055,111.2116,2.47198,0,92.32
382229,38.655273,y,-56.455,71.724,2.48796,0,92.32
382230,38.665039,y,-135.94,26.7378,1.71748,0,92.32
382231,38.674804,y,-172.27,-16.3694,1.11477,0,92.32
382232,38.68457,y,-182.945,-52.4546,2.90503,0,92.32
382233,38.695312,y,-160.44,-77.8866,1.93746,0,92.32
382234,38.700195,y,-166.6,-88.0813,0.80034,0,92.32
382235,38.709961,y,-194.775,-111.1944,1.33939,0,92.32
382236,38.719726,y,-189.315,-128.1161,2.45999,0,92.32
382237,38.729492,y,-138.355,-130.3342,2.15375,0,92.32
382238,38.740234,y,-98.245,-122.7767,1.41345,0,92.32
382239,38.75,y,-93.835,-116.5071,1.32955,0,92.32
382240,38.759765,y,-86.555,-110.0192,1.97648,0,92.32
382241,38.769531,y,-52.115,-97.4754,1.6273,0,92.32
382242,38.780273,y,-40.81,-84.13,1.17887,0,92.32
382243,38.790039,y,-41.02,-74.7911,1.02641,0,92.32
382244,38.799804,y,-39.935,-67.2409,1.25926,0,92.32
382245,38.804687,y,-28.875,-62.8319,1.29809,0,92.32
382246,38.814453,y,-19.495,-53.4439,1.18531,0,92.32
382247,38.825195,y,-15.82,-44.583,1.17112,0,92.32
382248,38.834961,y,-12.425,-37.6166,1.1424,0,92.32
382249,38.844726,y,-9.065,-31.432,1.18271,0,92.32
382250,38.854492,y,-8.085,-26.3744,0.9947,0,92.32
382251,38.865234,y,-9.555,-22.4132,1.22487,0,92.32
382252,38.875,y,-6.545,-18.9757,0.98106,0,92.32
382253,38.884765,y,-8.26,-16.6545,1.1503,0,92.32
382254,38.894531,y,-7.595,-14.692,1.05144,0,92.32
382255,38.905273,y,-8.47,-13.2266,1.08277,0,92.32
382256,38.910156,y,-6.265,-12.4266,1.03155,0,92.32
382257,38.919922,y,-6.265,-11.0918,1.05415,0,92.32
382258,38.929687,y,-6.265,-10.0463,1.02928,0,92.32
382259,38.939453,y,-6.265,-9.2271,1.03448,0,92.32
382260,38.950195,y,-5.88,-8.4388,1.00759,0,92.32
382261,38.959961,y,-5.985,-7.9073,1.01594,0,92.32
382262,38.969726,y,-5.565,-7.3999,1.01506,0,92.32
382263,38.979492,y,-6.58,-7.2223,0.99574,0,92.32
382264,38.990234,y,-7.945,-7.3925,1.00847,0,92.32
382265,38.995117,y,-8.54,-7.5244,0.99067,0,92.32
382266,39.004882,y,-9.205,-7.8884,1.04399,0,92.32
382267,39.014648,y,-9.135,-8.1585,1.03153,0,92.32
382268,39.024414,y,-8.26,-8.1805,1.0368,0,92.32
382269,39.035156,y,-7.84,-8.1003,1.00764,0,92.32
382270,39.044922,y,-8.4,-8.1652,1.06519,0,92.32
382271,39.054687,y,-6.475,-7.7991,1.00652,0,92.32
382272,39.064453,y,-7.84,-7.808,1.08985,0,92.32
382273,39.075195,y,-6.055,-7.3951,0.97768,0,92.32
382274,39.084961,y,-7.21,-7.355,1.07195,0,92.32
382275,39.094726,y,-6.755,-7.225,0.97445,0,92.32
382276,39.104492,y,-8.995,-7.6085,1.00557,0,92.32
382277,39.109375,y,-11.795,-8.0896,0.99776,0,92.32
382278,39.120117,y,-14.14,-9.5145,1.06947,0,92.32
382279,39.129882,y,-14.56,-10.6074,1.03029,0,92.32
382280,39.139648,y,-15.085,-11.5774,1.0597,0,92.32
382281,39.149414,y,-13.685,-12.034,0.99876,0,92.32
382282,39.160156,y,-14.945,-12.7196,0.98844,0,92.32
382283,39.169922,y,-17.99,-13.8613,1.04041,0,92.32
382284,39.179687,y,-18.585,-14.8845,1.00259,0,92.32
382285,39.189453,y,-21.7,-16.3609,1.08877,0,92.32
382286,39.195312,y,-22.715,-17.2267,1.07973,0,92.32
382287,39.205078,y,-22.505,-18.3701,1.03666,0,92.32
382288,39.214843,y,-24.78,-19.7586,1.08086,0,92.32
382289,39.224609,y,-26.565,-21.2331,1.02985,0,92.32
382290,39.234375,y,-31.115,-23.3738,1.06802,0,92.32
382291,39.245117,y,-34.195,-25.9223,1.07721,0,92.32
382292,39.254882,y,-41.195,-29.2305,1.06994,0,92.32
382293,39.264648,y,-46.725,-33.0204,1.02212,0,92.32
382294,39.274414,y,-56.0,-37.9984,1.07139,0,92.32
382295,39.285156,y,-65.1,-44.3812,1.00905,0,92.32
382296,39.294922,y,-77.98,-51.6597,1.02301,0,92.32
382297,39.299804,y,-92.505,-56.3527,0.93661,0,92.32
382298,39.30957,y,-110.11,-67.9981,1.02246,0,92.32
382299,39.320312,y,-127.82,-82.0869,1.05285,0,92.32
382300,39.330078,y,-145.39,-95.8003,1.23942,0,92.32
382301,39.339843,y,-160.86,-109.8929,1.17713,0,92.32
382302,39.349609,y,-180.425,-125.1722,1.05526,0,92.32
382303,39.359375,y,-206.71,-142.8358,1.09466,0,92.32
382304,39.370117,y,-234.465,-164.4156,1.07298,0,92.32
382305,39.379882,y,-265.58,-186.3289,1.19131,0,92.32
382306,39.389648,y,-296.345,-210.1616,0.97483,0,92.32
382307,39.399414,y,-335.44,-237.3007,1.14097,0,92.32
382308,39.405273,y,-369.25,-255.2791,1.19276,0,92.32
382309,39.415039,y,-396.515,-285.875,1.6402,0,92.32
382310,39.424804,y,-407.435,-312.2062,2.03898,0,92.32
382311,39.43457,y,-407.96,-332.9493,2.63889,0,92.32
382312,39.445312,y,-392.7,-347.0214,2.48934,0,92.32
382313,39.455078,y,-374.325,-352.9362,2.47019,0,92.32
382314,39.464843,y,-351.05,-352.5276,2.0089,0,92.32
382315,39.474609,y,-335.86,-348.9169,1.76336,0,92.32
382316,39.484375,y,-316.89,-341.9789,1.773,0,92.32
382317,39.495117,y,-289.135,-329.5335,2.12687,0,92.32
382318,39.5,y,-232.68,-318.4033,2.4784,0,92.32
382319,39.509765,y,-153.895,-282.7691,2.3163,0,92.32
382320,39.519531,y,-84.385,-239.7932,1.96411,0,92.32
382321,39.530273,y,-21.56,-188.3965,4.03674,0,92.32
382322,39.540039,y,95.27,-126.9458,1.6391,0,92.32
382323,39.549804,y,123.41,-72.7162,1.2168,0,92.32
382324,39.55957,y,115.43,-31.9581,0.86492,0,92.32
382325,39.570312,y,95.865,-1.8541,0.76355,0,92.32
382326,39.580078,y,71.68,14.0756,0.59986,0,92.32
382327,39.589843,y,57.365,23.4525,0.61324,0,92.32
382328,39.599609,y,49.875,29.1764,0.84229,0,92.32
382329,39.609375,y,53.305,34.4034,1.18585,0,92.32
382330,39.615234,y,73.99,39.7972,1.61632,0,92.32
382331,39.625,y,115.78,56.2573,1.76573,1,92.18
382332,39.634765,y,165.305,79.8782,1.6749,0,92.18
382333,39.644531,y,213.29,108.7792,1.40744,0,92.18
382334,39.655273,y,249.795,141.9902,1.07086,0,92.18
382335,39.665039,y,269.71,169.6581,0.8938,0,92.18
382336,39.674804,y,278.18,193.1651,0.81684,0,92.18
382337,39.68457,y,280.175,212.014,0.79209,0,92.18
382338,39.695312,y,279.055,227.803,0.86773,0,92.18
382339,39.700195,y,278.215,233.5963,1.02482,0,92.18
382340,39.709961,y,280.49,243.7549,1.24002,0,92.18
382341,39.719726,y,287.77,253.289,1.43434,0,92.18
382342,39.729492,y,298.445,263.0711,1.55347,0,92.18
382343,39.740234,y,309.855,274.0893,1.55811,0,92.18
382344,39.75,y,318.36,283.6797,1.51142,0,92.18
382345,39.759765,y,321.09,291.7831,1.52787,0,92.18
382346,39.769531,y,319.235,297.73,1.64386,0,92.18
382347,39.780273,y,316.015,302.0364,1.79414,0,92.18
382348,39.790039,y,312.445,304.2912,1.90421,0,92.18
382349,39.799804,y,307.79,305.0491,2.01015,0,92.18
382350,39.804687,y,300.93,304.5757,2.0988,0,92.18
382351,39.814453,y,291.13,301.663,2.14617,0,92.18
382352,39.825195,y,278.88,296.2973,2.22356,0,92.18
382353,39.834961,y,266.735,289.8932,2.29344,0,92.18
382354,39.844726,y,255.08,282.3523,2.29571,0,92.18
382355,39.854492,y,241.255,273.4494,2.19243,0,92.18
382356,39.865234,y,221.41,261.1935,2.06245,0,92.18
382357,39.875,y,195.44,246.9493,1.95512,0,92.18
382358,39.884765,y,166.88,229.6055,1.91039,0,92.18
382359,39.894531,y,138.67,209.9061,1.87359,0,92.18
382360,39.905273,y,111.405,186.7078,1.90525,0,92.18
382361,39.910156,y,86.485,175.1904,2.00151,0,92.18
382362,39.919922,y,63.7,151.0383,2.01614,0,92.18
382363,39.929687,y,37.31,126.4036,1.97536,0,92.18
382364,39.939453,y,3.71,99.8245,1.89956,0,92.18
382365,39.950195,y,-37.66,67.4451,1.86294,0,92.18
382366,39.959961,y,-83.685,34.7058,1.83607,0,92.18
382367,39.969726,y,-128.975,-0.7491,1.2582,0,92.18
382368,39.979492,y,-166.005,-36.5485,1.46089,0,92.18
382369,39.990234,y,-163.52,-66.4519,2.46318,0,92.18
382370,39.995117,y,-146.86,-75.6922,1.71605,0,92.18
382371,40.004882,y,-165.445,-95.1336,1.17136,0,92.18
382372,40.014648,y,-198.94,-117.6212,1.42145,0,92.18
382373,40.024414,y,-198.59,-135.1614,2.65294,0,92.18
382374,40.035156,y,-144.655,-137.3973,2.54511,0,92.18
382375,40.044922,y,-91.14,-127.3766,1.70339,0,92.18
382376,40.054687,y,-73.115,-115.623,0.99605,0,92.18
382377,40.064453,y,-79.31,-107.7565,1.13109,0,92.18
382378,40.075195,y,-73.255,-99.631,1.96375,0,92.18
382379,40.084961,y,-40.635,-86.8507,1.36234,0,92.18
382380,40.094726,y,-25.06,-73.4662,1.39992,0,92.18
382381,40.099609,y,-20.44,-67.3725,1.25776,0,92.18
382382,40.109375,y,-19.39,-56.9781,1.08582,0,92.18
382383,40.120117,y,-19.04,-48.0432,1.15116,0,92.18
382384,40.129882,y,-15.085,-40.9041,1.08829,0,92.18
382385,40.139648,y,-11.515,-34.5375,1.11679,0,92.18
382386,40.149414,y,-8.75,-28.9512,1.0244,0,92.18
382387,40.160156,y,-8.785,-24.2018,1.10493,0,92.18
382388,40.169922,y,-8.05,-20.7028,1.10342,0,92.18
382389,40.179687,y,-7.35,-17.8105,1.13138,0,92.18
382390,40.189453,y,-5.18,-15.0743,1.14141,0,92.18
382391,40.195312,y,-2.555,-13.3685,1.08341,0,92.18
382392,40.205078,y,-2.03,-10.9123,0.9664,0,92.18
382393,40.214843,y,-3.36,-9.2764,1.14432,0,92.18
382394,40.224609,y,-2.17,-7.7369,0.94692,0,92.18
382395,40.234375,y,-2.73,-6.6523,1.15878,0,92.18
382396,40.245117,y,-1.54,-5.4483,0.93827,0,92.18
382397,40.254882,y,-5.18,-5.3902,1.0864,0,92.18
382398,40.264648,y,-3.5,-4.9807,1.0278,0,92.18
382399,40.274414,y,-4.375,-4.8495,0.96984,0,92.18
382400,40.285156,y,-8.085,-5.6115,0.97894,0,92.18
382401,40.294922,y,-10.465,-6.6629,1.03844,0,92.18
382402,40.299804,y,-10.85,-7.144,0.98831,0,92.18
382403,40.30957,y,-12.495,-8.3032,0.96844,0,92.18
382404,40.320312,y,-14.875,-9.8509,1.01707,0,92.18
382405,40.330078,y,-17.255,-11.4549,0.97674,0,92.18
382406,40.339843,y,-19.18,-13.1282,1.00344,0,92.18
382407,40.349609,y,-20.895,-14.8107,0.97311,0,92.18
382408,40.359375,y,-22.715,-16.523,1.01926,0,92.18
382409,40.370117,y,-24.325,-18.3605,1.07361,0,92.18
382410,40.379882,y,-23.24,-19.4174,1.02276,0,92.18
382411,40.389648,y,-22.435,-20.0711,1.04637,0,92.18
382412,40.399414,y,-23.52,-20.8183,0.99425,0,92.18
382413,40.405273,y,-26.075,-21.5345,1.07659,0,92.18
382414,40.415039,y,-23.415,-21.9419,1.0543,0,92.18
382415,40.424804,y,-22.68,-22.1018,1.11592,0,92.18
382416,40.43457,y,-18.48,-21.3172,0.95487,0,92.18
382417,40.445312,y,-21.875,-21.4486,1.06278,0,92.18
382418,40.455078,y,-21.385,-21.4348,1.05152,0,92.18
382419,40.464843,y,-23.415,-21.8637,1.13848,0,92.18
382420,40.474609,y,-20.895,-21.6539,1.03732,0,92.18
382421,40.484375,y,-22.085,-21.7473,1.06682,0,92.18
382422,40.490234,y,-22.085,-21.7933,1.07979,0,92.18
382423,40.5,y,-20.755,-21.5684,1.05995,0,92.18
382424,40.509765,y,-21.98,-21.6575,1.04162,0,92.18
382425,40.519531,y,-24.745,-22.3264,1.06621,0,92.18
382426,40.530273,y,-27.3,-23.4977,1.09202,0,92.18
382427,40.540039,y,-29.365,-24.7687,1.0406,0,92.18
382428,40.549804,y,-35.35,-27.0608,1.05892,0,92.18
382429,40.55957,y,-42.49,-30.4032,0.99975,0,92.18
382430,40.570312,y,-51.485,-35.3682,1.05574,0,92.18
382431,40.580078,y,-62.09,-41.157,1.01963,0,92.18
382432,40.589843,y,-75.53,-48.6025,1.07341,0,92.18
382433,40.599609,y,-90.335,-57.643,1.01575,0,92.18
382434,40.604492,y,-108.045,-63.4351,1.0793,0,92.18
382435,40.615234,y,-126.805,-78.3595,0.85894,0,92.18
382436,40.625,y,-152.495,-94.4195,1.07718,0,92.18
382437,40.634765,y,-170.135,-110.8202,1.26504,0,92.18
382438,40.644531,y,-186.235,-127.1573,1.263,0,92.18
382439,40.655273,y,-207.48,-146.0744,1.05278,0,92.18
382440,40.665039,y,-242.13,-166.8829,1.01752,0,92.18
382441,40.674804,y,-276.15,-190.5513,1.04232,0,92.18
382442,40.68457,y,-311.885,-216.8358,1.1341,0,92.18
382443,40.695312,y,-348.845,-247.9256,1.13337,0,92.18
382444,40.700195,y,-389.935,-264.2451,1.23898,0,92.18
382445,40.709961,y,-420.455,-298.0848,1.58373,0,92.18
382446,40.719726,y,-437.01,-328.1774,2.18384,0,92.18
382447,40.729492,y,-438.655,-352.1102,2.80598,0,92.18
382448,40.740234,y,-421.54,-368.4618,2.88077,0,92.18
382449,40.75,y,-394.17,-374.031,2.52173,0,92.18
382450,40.759765,y,-363.44,-371.7368,2.51929,0,92.18
382451,40.769531,y,-335.825,-363.9573,1.89102,0,92.18
382452,40.780273,y,-318.85,-353.3339,2.86047,0,92.18
382453,40.790039,y,-234.745,-327.644,3.00462,0,92.18
382454,40.794922,y,-124.04,-304.2463,2.48723,0,92.18
382455,40.804687,y,-44.275,-247.9338,1.96055,0,92.18
382456,40.814453,y,3.325,-193.5036,3.21823,0,92.18
382457,40.825195,y,84.0,-128.148,1.37898,0,92.18
382458,40.834961,y,101.325,-78.4373,1.28804,0,92.18
382459,40.844726,y,85.4,-42.9484,1.05742,0,92.18
382460,40.854492,y,63.525,-19.8831,0.90108,0,92.18
382461,40.865234,y,47.6,-3.99,0.79664,0,92.18
382462,40.875,y,45.01,6.6249,0.84178,0,92.18
382463,40.884765,y,46.305,15.22,0.93289,0,92.18
382464,40.894531,y,52.255,23.2429,1.03908,0,92.18
382465,40.905273,y,67.41,33.6448,1.18159,0,92.18
382466,40.910156,y,93.275,40.4974,1.31879,1,92.66
382467,40.919922,y,128.555,59.5733,1.50732,0,92.66
382468,40.929687,y,172.725,84.0831,1.6098,0,92.66
382469,40.939453,y,219.03,113.3167,1.50006,0,92.66
382470,40.950195,y,257.6,147.2972,1.33216,0,92.66
382471,40.959961,y,284.83,177.0909,1.11337,0,92.66
382472,40.969726,y,299.425,203.5898,0.98228,0,92.66
382473,40.979492,y,305.305,225.6243,0.95262,0,92.66
382474,40.990234,y,306.985,244.7858,1.04102,0,92.66
382475,40.995117,y,309.12,252.179,1.18084,0,92.66
382476,41.004882,y,313.39,265.4379,1.3343,0,92.66
382477,41.014648,y,319.655,277.1829,1.42867,0,92.66
382478,41.024414,y,325.955,287.7484,1.48867,0,92.66
382479,41.035156,y,331.135,297.9665,1.4853,0,92.66
382480,41.044922,y,331.87,305.311,1.51539,0,92.66
382481,41.054687,y,329.07,310.4575,1.60158,0,92.66
382482,41.064453,y,325.255,313.6631,1.74071,0,92.66
382483,41.075195,y,321.44,315.4946,1.94909,0,92.66
382484,41.084961,y,318.15,316.0699,2.20213,0,92.66
382485,41.094726,y,315.315,315.9063,2.39849,0,92.66
382486,41.099609,y,312.41,315.5046,2.51878,0,92.66
382487,41.109375,y,307.755,313.8258,2.52813,0,92.66
382488,41.120117,y,297.605,310.0056,2.42827,0,92.66
382489,41.129882,y,278.67,303.218,2.36581,0,92.66
382490,41.139648,y,252.21,292.1681,2.35269,0,92.66
382491,41.149414,y,221.69,276.9004,2.2876,0,92.66
382492,41.160156,y,189.0,256.1988,2.20481,0,92.66
382493,41.169922,y,154.455,234.158,2.17718,0,92.66
382494,41.179687,y,117.355,208.8573,2.27048,0,92.66
382495,41.189453,y,79.835,180.9072,2.4443,0,92.66
382496,41.195312,y,44.835,162.367,2.54908,0,92.66
382497,41.205078,y,9.1,129.1648,2.53515,0,92.66
382498,41.214843,y,-35.175,93.5671,2.46655,0,92.66
382499,41.224609,y,-84.63,54.9643,2.26004,0,92.66
382500,41.234375,y,-129.71,14.9583,0.66908,0,92.66
382501,41.245117,y,-140.42,-21.6353,2.39909,0,92.66
382502,41.254882,y,-128.94,-44.8786,2.71194,0,92.66
382503,41.264648,y,-126.0,-62.4519,1.16336,0,92.66
382504,41.274414,y,-166.74,-85.0438,0.56085,0,92.66
382505,41.285156,y,-200.515,-112.2388,1.79649,0,92.66
382506,41.290039,y,-175.0,-119.4512,2.54254,0,92.66
382507,41.299804,y,-120.68,-119.7173,1.87798,0,92.66
382508,41.30957,y,-92.785,-113.883,1.22542,0,92.66
382509,41.320312,y,-94.115,-109.2274,1.15889,0,92.66
382510,41.330078,y,-90.335,-105.1347,1.40418,0,92.66
382511,41.339843,y,-73.045,-98.1838,1.63174,0,92.66
382512,41.349609,y,-53.725,-88.5527,1.92971,0,92.66
382513,41.359375,y,-26.39,-75.0864,0.95771,0,92.66
382514,41.370117,y,-29.54,-64.3596,1.19166,0,92.66
382515,41.379882,y,-34.86,-57.9697,1.19821,0,92.66
382516,41.389648,y,-31.99,-52.3417,1.24007,0,92.66
382517,41.399414,y,-26.005,-46.6364,0.91712,0,92.66
382518,41.405273,y,-27.3,-44.0018,1.21954,0,92.66
382519,41.415039,y,-22.96,-39.4435,1.02443,0,92.66
382520,41.424804,y,-23.065,-35.8957,1.19515,0,92.66
382521,41.43457,y,-21.21,-32.7144,1.22086,0,92.66
382522,41.445312,y,-17.43,-29.1147,1.10364,0,92.66
382523,41.455078,y,-14.805,-26.0148,1.16671,0,92.66
382524,41.464843,y,-11.55,-22.8816,1.09223,0,92.66
382525,41.474609,y,-11.76,-20.4723,1.05682,0,92.66
382526,41.484375,y,-13.195,-18.8958,1.0525,0,92.66
382527,41.490234,y,-14.105,-18.2431,1.02865,0,92.66
382528,41.5,y,-14.455,-17.4225,1.0558,0,92.66
382529,41.509765,y,-12.81,-16.4233,1.10564,0,92.66
382530,41.519531,y,-9.87,-15.0037,1.01185,0,92.66
382531,41.530273,y,-9.835,-13.7864,1.00762,0,92.66
382532,41.540039,y,-8.785,-12.703,1.01551,0,92.66
382533,41.549804,y,-8.085,-11.7027,1.05902,0,92.66
382534,41.55957,y,-6.44,-10.5626,0.97831,0,92.66
382535,41.570312,y,-6.51,-9.6082,1.05316,0,92.66
382536,41.580078,y,-5.88,-8.8005,0.99245,0,92.66
382537,41.589843,y,-6.93,-8.3954,1.00705,0,92.66
382538,41.599609,y,-6.405,-7.9642,1.0124,0,92.66
382539,41.604492,y,-8.925,-8.0746,1.00668,0,92.66
382540,41.615234,y,-7.595,-7.9616,1.00001,0,92.66
382541,41.625,y,-8.575,-8.0945,1.07282,0,92.66
382542,41.634765,y,-8.575,-8.1986,0.97504,0,92.66
382543,41.644531,y,-10.465,-8.6896,1.05332,0,92.66
382544,41.655273,y,-10.71,-9.1654,1.01381,0,92.66
382545,41.665039,y,-11.97,-9.773,1.05631,0,92.66
382546,41.674804,y,-11.34,-10.1124,1.04845,0,92.66
382547,41.68457,y,-10.71,-10.2419,1.01011,0,92.66
382548,41.695312,y,-11.935,-10.6406,1.01776,0,92.66
382549,41.700195,y,-14.0,-11.0267,0.99343,0,92.66
382550,41.709961,y,-17.57,-12.4441,1.04987,0,92.66
382551,41.719726,y,-18.235,-13.6985,1.02737,0,92.66
382552,41.729492,y,-18.83,-14.8101,1.09947,0,92.66
382553,41.740234,y,-18.55,-15.6909,0.98077,0,92.66
382554,41.75,y,-21.49,-16.9472,1.06143,0,92.66
382555,41.759765,y,-21.735,-17.9843,1.02223,0,92.66
382556,41.769531,y,-23.135,-19.1001,1.0123,0,92.66
382557,41.780273,y,-25.9,-20.7015,1.03603,0,92.66
382558,41.790039,y,-27.58,-22.1916,1.0822,0,92.66
382559,41.794922,y,-30.485,-23.1447,1.01385,0,92.66
382560,41.804687,y,-33.845,-25.4625,1.14331,0,92.66
382561,41.814453,y,-35.42,-27.6196,1.06052,0,92.66
382562,41.825195,y,-41.405,-30.8662,1.07094,0,92.66
382563,41.834961,y,-46.025,-34.1501,1.07155,0,92.66
382564,41.844726,y,-53.305,-38.2992,1.043,0,92.66
382565,41.854492,y,-65.905,-44.2795,1.0573,0,92.66
382566,41.865234,y,-77.98,-52.2164,0.98998,0,92.66
382567,41.875,y,-95.13,-61.5127,1.02134,0,92.66
382568,41.884765,y,-115.535,-73.2145,0.94499,0,92.66
382569,41.894531,y,-135.38,-86.6814,0.99247,0,92.66
382570,41.905273,y,-156.765,-103.187,1.08216,0,92.66
382571,41.910156,y,-177.73,-111.7533,1.18993,0,92.66
382572,41.919922,y,-200.585,-130.9969,1.13863,0,92.66
382573,41.929687,y,-224.665,-151.2864,1.02059,0,92.66
382574,41.939453,y,-256.62,-174.1048,1.09965,0,92.66
382575,41.950195,y,-292.11,-201.8965,1.07747,0,92.66
382576,41.959961,y,-329.0,-229.4309,1.16378,0,92.66
382577,41.969726,y,-366.8,-259.1865,1.0198,0,92.66
382578,41.979492,y,-408.275,-291.4835,1.37684,0,92.66
382579,41.990234,y,-440.93,-326.6801,1.46692,0,92.66
382580,41.995117,y,-465.85,-342.6732,2.63744,0,92.66
382581,42.004882,y,-461.125,-368.3311,3.05309,0,92.66
382582,42.014648,y,-439.04,-383.6488,3.09733,0,92.66
382583,42.024414,y,-404.635,-388.195,2.45661,0,92.66
382584,42.035156,y,-375.865,-385.2911,2.21703,0,92.66
382585,42.044922,y,-351.785,-378.0327,1.55403,0,92.66
382586,42.054687,y,-337.575,-369.2691,1.44585,0,92.66
382587,42.064453,y,-301.035,-354.4876,2.52271,0,92.66
382588,42.075195,y,-212.415,-321.0277,2.79456,0,92.66
382589,42.084961,y,-115.71,-276.5497,2.25542,0,92.66
382590,42.094726,y,-64.05,-230.5201,3.65842,0,92.66
382591,42.099609,y,52.57,-197.988,3.32006,0,92.66
382592,42.109375,y,160.16,-120.4024,1.28808,0,92.66
382593,42.120117,y,167.93,-52.4964,0.91101,0,92.66
382594,42.129882,y,148.155,-9.0333,0.87158,0,92.66
382595,42.139648,y,109.655,16.6782,0.73191,0,92.66
382596,42.149414,y,83.3,31.1104,0.52815,0,92.66
382597,42.160156,y,71.575,40.6404,0.57071,1,94.0
382598,42.169922,y,64.155,45.7343,0.81916,0,94.0
382599,42.179687,y,68.565,50.6797,1.14058,0,94.0
382600,42.189453,y,88.06,58.7774,1.44297,0,94.0
382601,42.195312,y,120.61,67.2022,1.59407,0,94.0
382602,42.205078,y,160.195,87.3473,1.55769,0,94.0
382603,42.214843,y,201.04,111.9743,1.39501,0,94.0
382604,42.224609,y,236.74,139.0023,1.18394,0,94.0
382605,42.234375,y,263.9,166.0588,1.06884,0,94.0
382606,42.245117,y,283.99,193.8331,1.01023,0,94.0
382607,42.254882,y,297.675,216.3264,0.99092,0,94.0
382608,42.264648,y,306.005,235.7534,1.00921,0,94.0
382609,42.274414,y,310.73,251.9956,1.10468,0,94.0
382610,42.285156,y,315.0,266.8339,1.25901,0,94.0
382611,42.290039,y,321.23,273.085,1.44094,0,94.0
382612,42.299804,y,329.665,285.3408,1.52874,0,94.0
382613,42.30957,y,336.525,296.4289,1.52693,0,94.0
382614,42.320312,y,338.485,306.3336,1.43875,0,94.0
382615,42.330078,y,333.27,312.1688,1.45955,0,94.0
382616,42.339843,y,323.89,314.7078,1.65318,0,94.0
382617,42.349609,y,317.1,315.226,1.87778,0,94.0
382618,42.359375,y,313.11,314.7676,2.06007,0,94.0
382619,42.370117,y,309.785,313.5941,2.29299,0,94.0
382620,42.379882,y,308.84,312.5643,2.46824,0,94.0
382621,42.389648,y,309.435,311.8864,2.56626,0,94.0
382622,42.399414,y,309.75,311.4236,2.57317,0,94.0
382623,42.405273,y,306.39,310.7378,2.39332,0,94.0
382624,42.415039,y,292.635,306.8162,2.18802,0,94.0
382625,42.424804,y,266.805,298.1493,2.0882,0,94.0
382626,42.43457,y,233.87,284.2245,2.00128,0,94.0
382627,42.445312,y,197.61,263.8257,1.96848,0,94.0
382628,42.455078,y,160.475,241.4368,1.99145,0,94.0
382629,42.464843,y,123.095,215.8028,2.09399,0,94.0
382630,42.474609,y,86.94,187.8873,2.30972,0,94.0
382631,42.484375,y,52.395,158.5356,2.44906,0,94.0
382632,42.490234,y,13.895,138.8279,2.44903,0,94.0
382633,42.5,y,-33.04,101.5962,2.42084,0,94.0
382634,42.509765,y,-94.22,59.1804,1.89691,0,94.0
382635,42.519531,y,-146.825,14.5535,0.77455,0,94.0
382636,42.530273,y,-154.84,-25.3409,2.7618,0,94.0
382637,42.540039,y,-137.515,-49.6411,2.18645,0,94.0
382638,42.549804,y,-151.83,-71.7763,0.92533,0,94.0
382639,42.55957,y,-185.29,-96.3668,1.20261,0,94.0
382640,42.570312,y,-188.79,-118.1336,2.48659,0,94.0
382641,42.580078,y,-141.33,-123.1586,2.28317,0,94.0
382642,42.589843,y,-95.585,-117.1859,1.63074,0,94.0
382643,42.594726,y,-86.1,-113.6136,1.10226,0,94.0
382644,42.604492,y,-92.715,-109.0863,1.27932,0,94.0
382645,42.615234,y,-81.305,-102.5435,1.67863,0,94.0
382646,42.625,y,-65.87,-94.5989,1.99439,0,94.0
382647,42.634765,y,-45.92,-84.0545,1.17006,0,94.0
382648,42.644531,y,-46.235,-75.8617,1.18519,0,94.0
382649,42.655273,y,-45.29,-68.6617,1.10365,0,94.0
382650,42.665039,y,-41.825,-62.848,1.12855,0,94.0
382651,42.674804,y,-33.775,-56.5505,1.14519,0,94.0
382652,42.68457,y,-26.18,-49.9714,1.16534,0,94.0
382653,42.695312,y,-21.28,-43.2142,1.12035,0,94.0
382654,42.700195,y,-19.495,-40.4884,1.18245,0,94.0
382655,42.709961,y,-17.99,-35.6146,1.12598,0,94.0
382656,42.719726,y,-15.68,-31.2966,1.18613,0,94.0
382657,42.729492,y,-11.34,-26.9734,1.12125,0,94.0
382658,42.740234,y,-8.47,-22.6156,1.12449,0,94.0
382659,42.75,y,-8.225,-19.4982,1.01734,0,94.0
382660,42.759765,y,-8.61,-17.1397,1.13582,0,94.0
382661,42.769531,y,-6.895,-14.9204,0.96212,0,94.0
382662,42.780273,y,-7.49,-13.1704,1.18331,0,94.0
382663,42.785156,y,-5.18,-12.2522,0.93941,0,94.0
382664,42.794922,y,-7.595,-11.2433,1.08019,0,94.0
382665,42.804687,y,-6.475,-10.2104,0.97102,0,94.0
382666,42.814453,y,-8.925,-9.932,1.01003,0,94.0
382667,42.825195,y,-10.64,-10.0987,1.00977,0,94.0
382668,42.834961,y,-12.39,-10.5951,1.03583,0,94.0
382669,42.844726,y,-12.67,-11.0445,1.01921,0,94.0
382670,42.854492,y,-12.39,-11.336,1.00257,0,94.0
382671,42.865234,y,-12.985,-11.7244,0.99775,0,94.0
382672,42.875,y,-15.085,-12.4524,0.97968,0,94.0
382673,42.884765,y,-17.255,-13.4927,1.01148,0,94.0
382674,42.894531,y,-18.13,-14.4973,0.98215,0,94.0
382675,42.899414,y,-20.51,-15.1882,1.05469,0,94.0
382676,42.910156,y,-21.56,-16.6889,1.02129,0,94.0
382677,42.919922,y,-21.21,-17.6683,1.07431,0,94.0
382678,42.929687,y,-18.655,-17.882,1.04552,0,94.0
382679,42.939453,y,-17.465,-17.7917,1.04536,0,94.0
382680,42.950195,y,-17.045,-17.6158,1.07051,0,94.0
382681,42.959961,y,-14.525,-16.9463,1.07995,0,94.0
382682,42.969726,y,-12.985,-16.0882,0.99963,0,94.0
382683,42.979492,y,-12.74,-15.3629,1.11192,0,94.0
382684,42.990234,y,-11.62,-14.4814,1.01388,0,94.0
382685,42.995117,y,-14.315,-14.4623,1.04089,0,94.0
382686,43.004882,y,-14.525,-14.4759,1.04958,0,94.0
382687,43.014648,y,-16.31,-14.8732,1.04035,0,94.0
382688,43.024414,y,-17.01,-15.3361,1.04721,0,94.0
382689,43.035156,y,-17.78,-15.9117,1.03509,0,94.0
382690,43.044922,y,-19.145,-16.6121,1.05399,0,94.0
382691,43.054687,y,-20.79,-17.5171,1.06785,0,94.0
382692,43.064453,y,-20.16,-18.0896,1.03246,0,94.0
382693,43.075195,y,-24.535,-19.6076,1.05892,0,94.0
382694,43.084961,y,-25.655,-20.9176,1.05871,0,94.0
382695,43.089843,y,-28.63,-21.8038,1.05517,0,94.0
382696,43.099609,y,-31.815,-23.9725,0.99269,0,94.0
382697,43.109375,y,-40.32,-27.5138,1.11426,0,94.0
382698,43.120117,y,-44.905,-31.6097,1.06966,0,94.0
382699,43.129882,y,-50.26,-35.6495,1.04667,0,94.0
382700,43.139648,y,-59.01,-40.7101,0.99882,0,94.0
382701,43.149414,y,-70.735,-47.2144,1.05813,0,94.0
382702,43.160156,y,-79.1,-54.7239,1.00566,0,94.0
382703,43.169922,y,-96.075,-63.6818,0.98065,0,94.0
382704,43.179687,y,-112.595,-74.2769,0.89028,0,94.0
382705,43.189453,y,-133.385,-87.0815,1.33109,0,94.0
382706,43.195312,y,-142.66,-94.6542,1.22897,0,94.0
382707,43.205078,y,-160.51,-108.9205,1.12822,0,94.0
382708,43.214843,y,-189.63,-126.403,1.00398,0,94.0
382709,43.224609,y,-217.945,-146.2338,1.14814,0,94.0
382710,43.234375,y,-247.45,-168.1602,1.15787,0,94.0
382711,43.245117,y,-277.515,-193.9147,1.06167,0,94.0
382712,43.254882,y,-316.155,-220.3932,1.00391,0,94.0
382713,43.264648,y,-358.715,-250.3578,1.11512,0,94.0
382714,43.274414,y,-392.56,-281.1631,1.47124,0,94.0
382715,43.280273,y,-406.42,-298.2297,1.73521,0,94.0
382716,43.290039,y,-411.95,-322.8649,2.27194,0,94.0
382717,43.299804,y,-404.425,-340.5316,2.61515,0,94.0
382718,43.30957,y,-379.155,-348.8986,2.93462,0,94.0
382719,43.320312,y,-335.825,-345.8196,2.71041,0,94.0
382720,43.330078,y,-300.265,-335.9511,1.94741,0,94.0
382721,43.339843,y,-280.49,-323.9377,2.49399,0,94.0
382722,43.349609,y,-215.95,-300.5443,2.694,0,94.0
382723,43.359375,y,-126.49,-262.8389,2.21255,0,94.0
382724,43.370117,y,-62.335,-215.6177,2.14023,0,94.0
382725,43.379882,y,-12.845,-171.695,2.36121,0,94.0
382726,43.389648,y,39.62,-125.9179,1.51221,0,94.0
382727,43.399414,y,65.24,-84.5074,1.3262,0,94.0
382728,43.405273,y,63.035,-64.4043,1.13352,0,94.0
382729,43.415039,y,50.295,-39.557,1.01374,0,94.0
382730,43.424804,y,39.2,-22.4974,0.94843,0,94.0
382731,43.43457,y,37.1,-9.5869,0.982,0,94.0
382732,43.445312,y,39.585,1.9937,1.11203,0,94.0
382733,43.455078,y,49.35,12.2525,1.24505,0,94.0
382734,43.464843,y,68.215,24.3746,1.28898,0,94.0
382735,43.474609,y,94.92,39.6568,1.32004,0,94.0
382736,43.484375,y,127.855,58.7632,1.32933,1,92.65
382737,43.490234,y,162.19,72.8554,1.25899,0,92.65
382738,43.5,y,192.465,98.7664,1.17269,0,92.65
382739,43.509765,y,216.72,124.3164,1.08619,0,92.65
382740,43.519531,y,234.255,148.1323,1.00913,0,92.65
382741,43.530273,y,245.595,171.086,1.02349,0,92.65
382742,43.540039,y,254.52,189.1603,1.093,0,92.65
382743,43.549804,y,263.41,205.2436,1.21063,0,92.65
382744,43.55957,y,273.98,220.1339,1.35346,0,92.65
382745,43.570312,y,286.37,235.7334,1.439,0,92.65
382746,43.580078,y,298.235,249.2731,1.47201,0,92.65
382747,43.589843,y,307.615,261.9106,1.40527,0,92.65
382748,43.594726,y,311.045,267.557,1.33401,0,92.65
382749,43.604492,y,307.825,276.2802,1.40481,0,92.65
382750,43.615234,y,302.995,282.5719,1.57329,0,92.65
382751,43.625,y,300.055,286.3593,1.70323,0,92.65
382752,43.634765,y,297.815,288.8407,1.84843,0,92.65
382753,43.644531,y,296.17,290.4284,1.97924,0,92.65
382754,43.655273,y,294.525,291.3932,2.09367,0,92.65
382755,43.665039,y,292.285,291.5864,2.23009,0,92.65
382756,43.674804,y,290.325,291.3132,2.33203,0,92.65
382757,43.68457,y,287.14,290.4091,2.34876,0,92.65
382758,43.695312,y,278.46,287.595,2.27478,0,92.65
382759,43.700195,y,261.485,284.5945,2.19233,0,92.65
382760,43.709961,y,236.39,274.1519,2.12391,0,92.65
382761,43.719726,y,205.59,259.3007,2.04323,0,92.65
382762,43.729492,y,172.585,240.5155,1.99112,0,92.65
382763,43.740234,y,139.755,216.7851,2.00111,0,92.65
382764,43.75,y,107.835,193.1833,2.08848,0,92.65
382765,43.759765,y,77.42,168.1077,2.20148,0,92.65
382766,43.769531,y,47.845,142.0552,2.29175,0,92.65
382767,43.780273,y,16.345,112.4489,2.30595,0,92.65
382768,43.785156,y,-24.08,96.7592,2.27814,0,92.65
382769,43.794922,y,-70.945,60.4295,2.22491,0,92.65
382770,43.804687,y,-126.385,19.9636,1.60297,0,92.65
382771,43.814453,y,-174.755,-22.2183,0.85203,0,92.65
382772,43.825195,y,-187.18,-61.0689,2.57138,0,92.65
382773,43.834961,y,-168.455,-84.3319,1.98478,0,92.65
382774,43.844726,y,-177.485,-104.5098,0.81447,0,92.65
382775,43.854492,y,-211.015,-127.582,0.97534,0,92.65
382776,43.865234,y,-223.65,-150.2073,2.22807,0,92.65
382777,43.875,y,-184.94,-157.7314,2.4829,0,92.65
382778,43.884765,y,-133.805,-152.5487,2.04522,0,92.65
382779,43.894531,y,-104.475,-142.1345,1.90669,0,92.65
382780,43.899414,y,-81.515,-135.1682,1.61678,0,92.65
382781,43.910156,y,-53.41,-115.9131,1.51155,0,92.65
382782,43.919922,y,-41.72,-99.8407,1.28998,0,92.65
382783,43.929687,y,-36.995,-86.2277,1.2848,0,92.65
382784,43.939453,y,-30.485,-74.1521,1.18318,0,92.65
382785,43.950195,y,-21.49,-61.7495,1.23061,0,92.65
382786,43.959961,y,-17.5,-52.1638,1.0011,0,92.65
382787,43.969726,y,-20.93,-45.3982,1.20753,0,92.65
382788,43.979492,y,-16.59,-39.1575,1.13216,0,92.65
382789,43.990234,y,-12.46,-32.8699,1.13426,0,92.65
382790,43.995117,y,-9.66,-30.2027,1.07691,0,92.65
382791,44.004882,y,-8.05,-25.4042,1.08615,0,92.65
382792,44.014648,y,-7.455,-21.5158,1.09844,0,92.65
382793,44.024414,y,-7.21,-18.4168,1.09704,0,92.65
382794,44.035156,y,-6.02,-15.4972,1.12858,0,92.65
382795,44.044922,y,-4.27,-13.065,1.06191,0,92.65
382796,44.054687,y,-3.85,-11.069,1.04676,0,92.65
382797,44.064453,y,-4.165,-9.5734,1.01045,0,92.65
382798,44.075195,y,-4.06,-8.2749,1.06392,0,92.65
382799,44.084961,y,-3.675,-7.2784,0.97818,0,92.65
382800,44.089843,y,-5.88,-7.1177,1.04925,0,92.65
382801,44.099609,y,-6.37,-6.9558,1.04393,0,92.65
382802,44.109375,y,-6.23,-6.7985,1.03841,0,92.65
382803,44.120117,y,-6.195,-6.6564,1.02602,0,92.65
382804,44.129882,y,-6.125,-6.5413,1.07713,0,92.65
382805,44.139648,y,-4.83,-6.1706,0.98207,0,92.65
382806,44.149414,y,-5.495,-6.0242,1.12216,0,92.65
382807,44.160156,y,-3.255,-5.372,0.97153,0,92.65
382808,44.169922,y,-4.97,-5.2849,1.06707,0,92.65
382809,44.179687,y,-3.535,-4.9059,1.00845,0,92.65
382810,44.189453,y,-3.71,-4.6468,1.01441,0,92.65
382811,44.195312,y,-3.99,-4.5573,1.00099,0,92.65
382812,44.205078,y,-4.97,-4.6467,1.0203,0,92.65
382813,44.214843,y,-5.95,-4.929,0.99909,0,92.65
382814,44.224609,y,-6.825,-5.3398,1.01941,0,92.65
382815,44.234375,y,-7.245,-5.7525,1.04503,0,92.65
382816,44.245117,y,-7.525,-6.1699,1.01795,0,92.65
382817,44.254882,y,-8.015,-6.5696,1.05541,0,92.65
382818,44.264648,y,-7.595,-6.7917,0.98629,0,92.65
382819,44.274414,y,-8.295,-7.1174,1.05402,0,92.65
382820,44.280273,y,-9.17,-7.3971,1.01674,0,92.65
382821,44.290039,y,-9.59,-7.8721,1.01615,0,92.65
382822,44.299804,y,-10.64,-8.4717,1.02198,0,92.65
382823,44.30957,y,-11.55,-9.1385,1.00012,0,92.65
382824,44.320312,y,-14.14,-10.3164,1.02346,0,92.65
382825,44.330078,y,-14.175,-11.1523,1.03118,0,92.65
382826,44.339843,y,-18.83,-12.8154,1.04521,0,92.65
382827,44.349609,y,-17.99,-13.9364,1.05281,0,92.65
382828,44.359375,y,-18.76,-14.9813,1.03897,0,92.65
382829,44.370117,y,-21.21,-16.4482,1.07782,0,92.65
382830,44.379882,y,-22.4,-17.7375,1.08303,0,92.65
382831,44.389648,y,-25.83,-19.4905,1.05608,0,92.65
382832,44.394531,y,-30.345,-20.7379,1.09814,0,92.65
382833,44.405273,y,-34.51,-23.9814,1.01123,0,92.65
382834,44.415039,y,-41.405,-27.7559,1.04729,0,92.65
382835,44.424804,y,-48.545,-32.259,1.05451,0,92.65
382836,44.43457,y,-56.805,-37.5764,1.01852,0,92.65
382837,44.445312,y,-70.49,-45.328,1.03696,0,92.65
382838,44.455078,y,-84.105,-53.7282,1.00285,0,92.65
382839,44.464843,y,-102.27,-64.2429,1.01932,0,92.65
382840,44.474609,y,-121.03,-76.5447,0.92915,0,92.65
382841,44.484375,y,-141.925,-90.708,1.30909,0,92.65
382842,44.490234,y,-154.035,-99.3365,1.2245,0,92.65
382843,44.5,y,-170.905,-114.8404,1.12537,0,92.65
382844,44.509765,y,-200.655,-133.4287,1.03146,0,92.65
382845,44.519531,y,-229.04,-154.141,1.21498,0,92.65
382846,44.530273,y,-258.58,-178.7377,1.02071,0,92.65
382847,44.540039,y,-293.3,-203.5553,1.21765,0,92.65
382848,44.549804,y,-327.705,-230.4474,0.93793,0,92.65
382849,44.55957,y,-370.755,-260.8422,1.20835,0,92.65
382850,44.570312,y,-397.985,-293.1411,1.42508,0,92.65
382851,44.580078,y,-411.005,-318.6739,1.87069,0,92.65
382852,44.584961,y,-413.245,-329.5419,2.37128,0,92.65
382853,44.594726,y,-399.21,-344.6327,2.69301,0,92.65
382854,44.604492,y,-368.9,-349.8897,2.91272,0,92.65
382855,44.615234,y,-324.275,-343.8571,2.56112,0,92.65
382856,44.625,y,-287.21,-331.5857,1.92493,0,92.65
382857,44.634765,y,-263.585,-316.856,2.59589,0,92.65
382858,44.644531,y,-194.705,-290.3945,2.32792,0,92.65
382859,44.655273,y,-116.34,-249.4024,2.14617,0,92.65
382860,44.665039,y,-52.675,-206.7854,2.08779,0,92.65
382861,44.674804,y,-4.935,-163.0625,2.31528,0,92.65
382862,44.68457,y,47.775,-117.3888,1.43582,0,92.65
382863,44.695312,y,59.605,-75.7045,1.29909,0,92.65
382864,44.700195,y,53.55,-60.8508,1.07721,0,92.65
382865,44.709961,y,34.405,-40.2156,0.88896,0,92.65
382866,44.719726,y,21.91,-26.7585,0.8327,0,92.65
382867,44.729492,y,18.585,-16.9358,0.93104,0,92.65
382868,44.740234,y,21.77,-7.8201,1.12995,0,92.65
382869,44.75,y,35.245,1.5091,1.26922,0,92.65
382870,44.759765,y,58.52,13.8583,1.32428,0,92.65
382871,44.769531,y,89.32,30.2055,1.36397,0,92.65
382872,44.780273,y,124.88,52.5026,1.40562,1,92.63
382873,44.785156,y,161.77,65.0594,1.37131,0,92.63
382874,44.794922,y,194.88,93.1824,1.26809,0,92.63
382875,44.804687,y,220.92,120.8517,1.14606,0,92.63
382876,44.814453,y,238.735,146.3887,1.03,0,92.63
382877,44.825195,y,249.06,170.5691,1.01428,0,92.63
382878,44.834961,y,256.27,189.1345,1.08054,0,92.63
382879,44.844726,y,263.83,205.3143,1.19973,0,92.63
382880,44.854492,y,273.14,220.0074,1.32519,0,92.63
382881,44.865234,y,284.06,235.0926,1.40441,0,92.63
382882,44.875,y,294.21,247.8992,1.38384,0,92.63
382883,44.884765,y,300.44,259.2801,1.33436,0,92.63
382884,44.889648,y,302.05,264.1951,1.34819,0,92.63
382885,44.899414,y,300.58,272.0772,1.44071,0,92.63
382886,44.910156,y,298.27,278.2459,1.5715,0,92.63
382887,44.919922,y,296.31,282.1591,1.69579,0,92.63
382888,44.929687,y,294.315,284.7922,1.80319,0,92.63
382889,44.939453,y,291.445,286.2334,1.93178,0,92.63
382890,44.950195,y,288.575,286.7849,2.09972,0,92.63
382891,44.959961,y,286.895,286.8087,2.22175,0,92.63
382892,44.969726,y,285.075,286.4332,2.24317,0,92.63
382893,44.979492,y,279.685,284.9713,2.2114,0,92.63
382894,44.990234,y,269.115,281.237,2.23039,0,92.63
382895,44.995117,y,254.73,278.1908,2.22421,0,92.63
382896,45.004882,y,235.48,268.9392,2.21788,0,92.63
382897,45.014648,y,212.625,256.7399,2.1627,0,92.63
382898,45.024414,y,187.635,241.7697,2.13498,0,92.63
382899,45.035156,y,162.015,222.9864,2.14443,0,92.63
382900,45.044922,y,134.61,203.8415,2.17722,0,92.63
382901,45.054687,y,103.775,182.166,2.25388,0,92.63
382902,45.064453,y,68.985,157.6476,2.37641,0,92.63
382903,45.075195,y,29.68,127.5096,2.47257,0,92.63
382904,45.080078,y,-15.155,111.1149,2.53455,0,92.63
382905,45.089843,y,-64.645,73.0435,2.53537,0,92.63
382906,45.099609,y,-134.19,28.1505,1.48717,0,92.63
382907,45.109375,y,-162.89,-13.2346,1.67084,0,92.63
382908,45.120117,y,-161.28,-48.1012,2.92654,0,92.63
382909,45.129882,y,-137.69,-67.507,1.64344,0,92.63
382910,45.139648,y,-166.845,-89.0266,0.60162,0,92.63
382911,45.149414,y,-211.75,-115.6122,1.58867,0,92.63
382912,45.160156,y,-201.845,-135.9211,2.7011,0,92.63
382913,45.169922,y,-143.36,-137.5326,2.26165,0,92.63
382914,45.179687,y,-100.415,-129.4925,1.47353,0,92.63
382915,45.189453,y,-91.875,-121.3435,1.13845,0,92.63
382916,45.195312,y,-90.23,-117.1042,1.43249,0,92.63
382917,45.205078,y,-75.11,-108.007,2.04168,0,92.63
382918,45.214843,y,-49.21,-95.2709,1.44855,0,92.63
382919,45.224609,y,-40.985,-83.511,1.2015,0,92.63
382920,45.234375,y,-38.64,-73.7906,1.13615,0,92.63
382921,45.245117,y,-35.875,-64.861,1.24912,0,92.63
382922,45.254882,y,-31.08,-57.5437,1.17349,0,92.63
382923,45.264648,y,-26.495,-50.8176,1.15353,0,92.63
382924,45.274414,y,-21.91,-44.5554,1.16045,0,92.63
382925,45.280273,y,-15.75,-40.6305,1.11219,0,92.63
382926,45.290039,y,-14.21,-34.9071,1.02955,0,92.63
382927,45.299804,y,-16.52,-30.9242,1.16834,0,92.63
382928,45.30957,y,-13.825,-27.22,1.08424,0,92.63
382929,45.320312,y,-11.9,-23.612,1.2138,0,92.63
382930,45.330078,y,-7.56,-20.1346,0.99702,0,92.63
382931,45.339843,y,-8.89,-17.6989,1.09444,0,92.63
382932,45.349609,y,-8.33,-15.6693,1.02275,0,92.63
382933,45.359375,y,-8.295,-14.0718,1.02605,0,92.63
382934,45.370117,y,-8.96,-12.8679,1.01408,0,92.63
382935,45.379882,y,-10.01,-12.2489,1.00514,0,92.63
382936,45.389648,y,-11.515,-12.0899,0.98967,0,92.63
382937,45.394531,y,-12.46,-12.1324,1.02967,0,92.63
382938,45.405273,y,-12.635,-12.2508,1.01191,0,92.63
382939,45.415039,y,-13.895,-12.607,1.0232,0,92.63
382940,45.424804,y,-14.07,-12.9239,1.06595,0,92.63
382941,45.43457,y,-12.25,-12.7779,1.05715,0,92.63
382942,45.445312,y,-11.095,-12.3816,1.05834,0,92.63
382943,45.455078,y,-9.415,-11.7389,1.02127,0,92.63
382944,45.464843,y,-8.505,-11.0384,1.07803,0,92.63
382945,45.474609,y,-6.895,-10.1408,1.03081,0,92.63
382946,45.484375,y,-6.335,-9.3164,1.0538,0,92.63
382947,45.490234,y,-5.705,-8.8243,1.03359,0,92.63
382948,45.5,y,-6.055,-8.2244,1.06149,0,92.63
382949,45.509765,y,-4.62,-7.4436,0.98216,0,92.63
382950,45.519531,y,-7.385,-7.4309,1.08507,0,92.63
382951,45.530273,y,-6.755,-7.2717,0.94865,0,92.63
382952,45.540039,y,-10.045,-7.8725,1.05866,0,92.63
382953,45.549804,y,-9.66,-8.2597,0.9979,0,92.63
382954,45.55957,y,-11.305,-8.9194,1.05923,0,92.63
382955,45.570312,y,-11.095,-9.4318,1.02261,0,92.63
382956,45.580078,y,-11.935,-9.9741,1.04649,0,92.63
382957,45.584961,y,-12.53,-10.2678,1.02145,0,92.63
382958,45.594726,y,-14.105,-11.099,1.02347,0,92.63
382959,45.604492,y,-15.4,-12.0307,1.04227,0,92.63
382960,45.615234,y,-16.94,-13.1869,1.05762,0,92.63
382961,45.625,y,-16.38,-13.8786,1.06147,0,92.63
382962,45.634765,y,-16.695,-14.4887,1.00381,0,92.63
382963,45.644531,y,-20.405,-15.7703,1.06611,0,92.63
382964,45.655273,y,-23.275,-17.5378,1.06204,0,92.63
382965,45.665039,y,-24.22,-18.9853,1.03826,0,92.63
382966,45.674804,y,-27.23,-20.7712,1.03916,0,92.63
382967,45.68457,y,-30.765,-22.9362,1.03039,0,92.63
382968,45.695312,y,-36.26,-26.0741,1.04276,0,92.63
382969,45.700195,y,-40.775,-27.7635,1.07616,0,92.63
382970,45.709961,y,-47.285,-31.9924,1.00768,0,92.63
382971,45.719726,y,-55.335,-37.0487,1.01594,0,92.63
382972,45.729492,y,-67.13,-43.5652,1.06628,0,92.63
382973,45.740234,y,-78.82,-51.8682,1.05235,0,92.63
382974,45.75,y,-90.965,-60.3377,1.06421,0,92.63
382975,45.759765,y,-103.775,-69.7467,0.9393,0,92.63
382976,45.769531,y,-123.375,-81.3642,0.99118,0,92.63
382977,45.780273,y,-142.38,-95.7342,1.03962,0,92.63
382978,45.785156,y,-158.9,-102.9931,1.26262,0,92.63
382979,45.794922,y,-174.895,-118.5692,1.17407,0,92.63
382980,45.804687,y,-196.735,-135.5007,1.07657,0,92.63
382981,45.814453,y,-226.205,-155.15,1.05057,0,92.63
382982,45.825195,y,-254.8,-178.6188,1.0654,0,92.63
382983,45.834961,y,-285.95,-201.87,1.16149,0,92.63
382984,45.844726,y,-318.395,-227.1105,1.00763,0,92.63
382985,45.854492,y,-356.65,-255.1726,1.17116,0,92.63
382986,45.865234,y,-384.405,-285.6085,1.37794,0,92.63
382987,45.875,y,-401.275,-310.6653,1.86011,0,92.63
382988,45.884765,y,-405.16,-331.1338,2.27622,0,92.63
382989,45.889648,y,-399.0,-338.9329,2.72177,0,92.63
382990,45.899414,y,-374.605,-346.6605,2.46506,0,92.63
382991,45.910156,y,-350.455,-347.5542,2.46876,0,92.63
382992,45.919922,y,-323.155,-342.2686,1.93407,0,92.63
382993,45.929687,y,-311.115,-335.5204,1.63221,0,92.63
382994,45.939453,y,-291.27,-325.9344,1.90649,0,92.63
382995,45.950195,y,-250.145,-308.0851,1.68274,0,92.63
382996,45.959961,y,-214.025,-287.7088,1.61419,0,92.63
382997,45.969726,y,-161.77,-260.4292,2.27113,0,92.63
382998,45.979492,y,-85.19,-222.4671,3.5444,0,92.63
382999,45.990234,y,24.15,-164.3856,2.59659,0,92.63
383000,45.995117,y,93.695,-134.7275,1.7366,0,92.63
383001,46.004882,y,114.52,-80.738,1.10583,0,92.63
383002,46.014648,y,114.835,-38.371,0.79599,0,92.63
383003,46.024414,y,97.475,-8.9427,0.63845,0,92.63
383004,46.035156,y,76.58,11.199,0.61787,0,92.63
383005,46.044922,y,58.1,21.3591,0.61705,0,92.63
383006,46.054687,y,47.005,26.9143,0.73389,0,92.63
383007,46.064453,y,49.595,31.8276,0.97623,0,92.63
383008,46.075195,y,70.175,40.8589,1.33961,1,92.64
383009,46.080078,y,109.2,48.7125,1.57461,0,92.64
383010,46.089843,y,158.13,72.4135,1.59927,0,92.64
383011,46.099609,y,206.185,101.3924,1.43247,0,92.64
383012,46.109375,y,244.02,132.2898,1.18939,0,92.64
383013,46.120117,y,268.17,164.2913,1.00058,0,92.64
383014,46.129882,y,281.61,189.7038,0.93733,0,92.64
383015,46.139648,y,289.695,211.3648,0.93324,0,92.64
383016,46.149414,y,294.735,229.4253,0.92764,0,92.64
383017,46.160156,y,295.575,245.0044,0.99401,0,92.64
383018,46.169922,y,294.49,255.7245,1.14107,0,92.64
383019,46.179687,y,295.33,264.3034,1.28303,0,92.64
383020,46.189453,y,298.585,271.7298,1.36479,0,92.64
383021,46.195312,y,301.525,275.7895,1.31442,0,92.64
383022,46.205078,y,299.355,280.8945,1.27828,0,92.64
383023,46.214843,y,292.11,283.3239,1.36586,0,92.64
383024,46.224609,y,284.725,283.6274,1.52239,0,92.64
383025,46.234375,y,279.545,282.743,1.65831,0,92.64
383026,46.245117,y,275.625,281.0667,1.8183,0,92.64
383027,46.254882,y,274.05,279.5468,1.98032,0,92.64
383028,46.264648,y,275.03,278.5683,2.09178,0,92.64
383029,46.274414,y,276.675,278.1582,2.12606,0,92.64
383030,46.280273,y,276.255,277.8988,2.09391,0,92.64
383031,46.290039,y,271.6,276.5343,2.07709,0,92.64
383032,46.299804,y,262.675,273.5323,2.08658,0,92.64
383033,46.30957,y,250.495,268.5417,2.09384,0,92.64
383034,46.320312,y,234.64,260.5574,2.10159,0,92.64
383035,46.330078,y,214.69,250.6212,2.05346,0,92.64
383036,46.339843,y,191.205,237.751,2.00124,0,92.64
383037,46.349609,y,165.865,222.1784,1.97998,0,92.64
383038,46.359375,y,137.445,203.8226,1.97847,0,92.64
383039,46.370117,y,107.52,181.1421,2.06076,0,92.64
383040,46.379882,y,77.0,158.5838,2.15321,0,92.64
383041,46.384765,y,44.1,145.4276,2.23849,0,92.64
383042,46.394531,y,5.075,115.023,2.28426,0,92.64
383043,46.405273,y,-41.545,78.1492,2.30729,0,92.64
383044,46.415039,y,-102.83,38.9437,2.28856,0,92.64
383045,46.424804,y,-164.22,-5.0636,0.69861,0,92.64
383046,46.43457,y,-180.32,-43.0294,2.43953,0,92.64
383047,46.445312,y,-156.415,-69.7332,2.68968,0,92.64
383048,46.455078,y,-144.375,-85.9028,1.24443,0,92.64
383049,46.464843,y,-168.245,-103.739,0.78903,0,92.64
383050,46.474609,y,-194.705,-123.4449,1.81815,0,92.64
383051,46.484375,y,-169.505,-133.4229,2.56954,0,92.64
383052,46.490234,y,-117.145,-131.205,2.05427,0,92.64
383053,46.5,y,-83.405,-120.8501,1.4347,0,92.64
383054,46.509765,y,-74.095,-110.7225,1.66726,0,92.64
383055,46.519531,y,-52.85,-98.1856,1.55976,0,92.64
383056,46.530273,y,-40.425,-84.5822,1.43629,0,92.64
383057,46.540039,y,-33.25,-73.4621,1.17293,0,92.64
383058,46.549804,y,-27.895,-63.5918,1.12864,0,92.64
383059,46.55957,y,-20.685,-54.2969,1.09378,0,92.64
383060,46.570312,y,-18.06,-45.7627,1.00771,0,92.64
383061,46.575195,y,-21.385,-42.9612,1.11005,0,92.64
383062,46.584961,y,-19.39,-37.855,1.16985,0,92.64
383063,46.594726,y,-13.755,-32.6347,1.09949,0,92.64
383064,46.604492,y,-12.775,-28.3325,1.08891,0,92.64
383065,46.615234,y,-11.725,-24.4212,1.14544,0,92.64
383066,46.625,y,-10.43,-21.3903,1.07265,0,92.64
383067,46.634765,y,-10.745,-19.0844,1.13989,0,92.64
383068,46.644531,y,-8.855,-16.8684,1.10244,0,92.64
383069,46.655273,y,-6.86,-14.5113,1.11246,0,92.64
383070,46.665039,y,-5.495,-12.5581,1.01143,0,92.64
383071,46.674804,y,-6.895,-11.3314,1.09238,0,92.64
383072,46.68457,y,-5.565,-10.0822,0.99755,0,92.64
383073,46.689453,y,-7.385,-9.7723,1.10314,0,92.64
383074,46.700195,y,-5.18,-8.6907,1.0316,0,92.64
383075,46.709961,y,-5.25,-7.9454,1.05942,0,92.64
383076,46.719726,y,-5.95,-7.5132,1.01252,0,92.64
383077,46.729492,y,-6.09,-7.2049,0.98395,0,92.64
383078,46.740234,y,-7.805,-7.3462,1.04052,0,92.64
383079,46.75,y,-7.7,-7.4228,1.01113,0,92.64
383080,46.759765,y,-8.015,-7.5511,1.02691,0,92.64
383081,46.769531,y,-7.245,-7.4848,1.03165,0,92.64
383082,46.780273,y,-6.23,-7.1893,1.03409,0,92.64
383083,46.785156,y,-5.74,-7.0227,1.00582,0,92.64
383084,46.794922,y,-6.755,-6.9647,1.03533,0,92.64
383085,46.804687,y,-7.0,-6.9724,1.01027,0,92.64
383086,46.814453,y,-7.49,-7.0845,1.0503,0,92.64
383087,46.825195,y,-7.035,-7.0728,0.99662,0,92.64
383088,46.834961,y,-8.12,-7.2997,1.06127,0,92.64
383089,46.844726,y,-8.155,-7.485,0.99854,0,92.64
383090,46.854492,y,-8.89,-7.7893,1.05821,0,92.64
383091,46.865234,y,-8.68,-7.9991,1.00881,0,92.64
383092,46.875,y,-9.1,-8.2376,1.09422,0,92.64
383093,46.879882,y,-6.895,-8.0833,0.96641,0,92.64
383094,46.889648,y,-8.96,-8.2732,1.11565,0,92.64
383095,46.899414,y,-7.35,-8.0732,0.91175,0,92.64
383096,46.910156,y,-12.88,-9.2053,1.05203,0,92.64
383097,46.919922,y,-12.95,-10.0165,0.98465,0,92.64
383098,46.929687,y,-15.12,-11.122,1.04216,0,92.64
383099,46.939453,y,-15.715,-12.117,1.05014,0,92.64
383100,46.950195,y,-16.66,-13.1869,1.06003,0,92.64
383101,46.959961,y,-17.01,-14.0151,1.01326,0,92.64
383102,46.969726,y,-19.25,-15.149,1.03685,0,92.64
383103,46.979492,y,-20.615,-16.3331,1.05592,0,92.64
383104,46.990234,y,-21.63,-17.5806,1.02406,0,92.64
383105,46.995117,y,-25.2,-18.4562,1.12789,0,92.64
383106,47.004882,y,-25.27,-19.9321,1.0108,0,92.64
383107,47.014648,y,-29.995,-22.1121,1.05001,0,92.64
383108,47.024414,y,-34.545,-24.8054,1.07135,0,92.64
383109,47.035156,y,-39.655,-28.3027,1.04313,0,92.64
383110,47.044922,y,-46.41,-32.2253,1.07429,0,92.64
383111,47.054687,y,-54.425,-37.034,1.03921,0,92.64
383112,47.064453,y,-64.785,-43.0457,1.0295,0,92.64
383113,47.070312,y,-76.825,-47.6482,0.99499,0,92.64
383114,47.080078,y,-94.78,-57.8583,1.00806,0,92.64
383115,47.089843,y,-110.215,-69.1993,0.924,0,92.64
383116,47.099609,y,-131.81,-82.7627,1.05338,0,92.64
383117,47.109375,y,-147.595,-96.8073,1.28163,0,92.64
383118,47.120117,y,-161.105,-111.9502,1.20054,0,92.64
383119,47.129882,y,-179.2,-126.5172,1.06714,0,92.64
383120,47.139648,y,-203.595,-143.2146,1.07835,0,92.64
383121,47.149414,y,-228.41,-161.6704,1.10013,0,92.64
383122,47.160156,y,-257.53,-184.2466,1.17965,0,92.64
383123,47.169922,y,-286.195,-206.3317,1.1029,0,92.64
383124,47.179687,y,-321.23,-231.2198,1.10748,0,92.64
383125,47.18457,y,-356.335,-245.5978,1.21317,0,92.64
383126,47.195312,y,-384.545,-278.3217,1.38518,0,92.64
383127,47.205078,y,-400.715,-304.8357,1.96685,0,92.64
383128,47.214843,y,-402.15,-325.915,2.50874,0,92.64
383129,47.224609,y,-389.55,-339.7002,2.86598,0,92.64
383130,47.234375,y,-352.485,-342.4698,3.24423,0,92.64
383131,47.245117,y,-301.28,-332.7691,2.50594,0,92.64
383132,47.254882,y,-279.65,-321.2629,2.09442,0,92.64
383133,47.264648,y,-248.85,-305.5761,2.58198,0,92.64
383134,47.274414,y,-173.39,-276.9407,1.97714,0,92.64
383135,47.280273,y,-102.235,-253.1365,2.26592,0,92.64
383136,47.290039,y,-42.84,-207.58,1.94314,0,92.64
383137,47.299804,y,-2.135,-163.0785,2.28936,0,92.64
383138,47.30957,y,49.84,-116.954,1.42498,0,92.64
383139,47.320312,y,55.65,-76.3036,1.2517,0,92.64
383140,47.330078,y,49.315,-49.0908,1.07585,0,92.64
383141,47.339843,y,32.725,-31.3687,0.97595,0,92.64
383142,47.349609,y,24.43,-19.281,0.98508,0,92.64
383143,47.359375,y,21.7,-10.4033,1.08988,0,92.64
383144,47.370117,y,22.26,-2.7107,1.21918,0,92.64
383145,47.379882,y,30.205,4.4192,1.315,0,92.64
383146,47.384765,y,50.015,9.659,1.35741,0,92.64
383147,47.394531,y,79.135,24.7096,1.32751,0,92.64
383148,47.405273,y,112.665,45.4242,1.28037,1,91.67
383149,47.415039,y,146.615,67.3451,1.21653,0,91.67
383150,47.424804,y,177.24,91.1495,1.1614,0,91.67
383151,47.43457,y,202.79,115.3342,1.15432,0,91.67
383152,47.445312,y,224.42,141.0253,1.14304,0,91.67
383153,47.455078,y,242.375,162.9807,1.12566,0,91.67
383154,47.464843,y,256.865,183.317,1.1006,0,91.67
383155,47.474609,y,267.645,201.5849,1.09543,0,91.67
383156,47.484375,y,274.68,217.4195,1.17156,0,91.67
383157,47.490234,y,280.315,225.9892,1.25698,0,91.67
383158,47.5,y,285.145,238.8041,1.27228,0,91.67
383159,47.509765,y,288.05,249.4713,1.31561,0,91.67
383160,47.519531,y,290.045,258.2608,1.33797,0,91.67
383161,47.530273,y,289.555,265.631,1.4185,0,91.67
383162,47.540039,y,287.665,270.4042,1.55071,0,91.67
383163,47.549804,y,285.81,273.7412,1.66186,0,91.67
383164,47.55957,y,283.57,275.8704,1.78112,0,91.67
383165,47.570312,y,281.295,277.148,1.92827,0,91.67
383166,47.575195,y,280.14,277.4918,2.11907,0,91.67
383167,47.584961,y,281.295,278.3157,2.23285,0,91.67
383168,47.594726,y,281.785,279.0672,2.22323,0,91.67
383169,47.604492,y,277.445,278.7158,2.17876,0,91.67
383170,47.615234,y,266.385,275.8117,2.14016,0,91.67
383171,47.625,y,249.445,270.0999,2.11578,0,91.67
383172,47.634765,y,227.43,260.8572,2.06732,0,91.67
383173,47.644531,y,200.2,247.717,2.00704,0,91.67
383174,47.655273,y,169.4,229.2724,1.98325,0,91.67
383175,47.665039,y,137.935,209.486,1.97851,0,91.67
383176,47.674804,y,106.225,187.1186,2.04235,0,91.67
383177,47.68457,y,76.79,163.2181,2.20001,0,91.67
383178,47.689453,y,53.305,150.5871,2.35253,0,91.67
383179,47.700195,y,34.3,123.2,2.43049,0,91.67
383180,47.709961,y,15.26,99.817,2.42956,0,91.67
383181,47.719726,y,-11.375,75.7316,2.29349,0,91.67
383182,47.729492,y,-55.51,47.3008,2.1383,0,91.67
383183,47.740234,y,-109.235,10.4346,1.40566,0,91.67
383184,47.75,y,-156.835,-25.801,1.04031,0,91.67
383185,47.759765,y,-160.72,-55.0258,2.91991,0,91.67
383186,47.769531,y,-132.58,-71.8264,2.06692,0,91.67
383187,47.780273,y,-129.78,-85.4752,1.06301,0,91.67
383188,47.785156,y,-163.24,-94.4118,0.93165,0,91.67
383189,47.794922,y,-179.97,-112.9462,2.3387,0,91.67
383190,47.804687,y,-134.715,-117.6616,2.58283,0,91.67
383191,47.814453,y,-80.92,-109.7023,1.70632,0,91.67
383192,47.825195,y,-64.19,-98.9835,1.11073,0,91.67
383193,47.834961,y,-71.89,-93.1143,1.65237,0,91.67
383194,47.844726,y,-50.295,-83.8392,1.60743,0,91.67
383195,47.854492,y,-34.195,-73.0848,1.30421,0,91.67
383196,47.865234,y,-25.83,-61.9557,1.37394,0,91.67
383197,47.875,y,-21.665,-53.2275,1.04658,0,91.67
383198,47.879882,y,-20.09,-49.4201,1.17533,0,91.67
383199,47.889648,y,-18.97,-42.8237,1.09874,0,91.67
383200,47.899414,y,-17.255,-37.2848,1.1574,0,91.67
383201,47.910156,y,-13.125,-31.5948,1.08602,0,91.67
383202,47.919922,y,-9.765,-26.8658,1.13295,0,91.67
383203,47.929687,y,-7.35,-22.6385,1.07436,0,91.67
383204,47.939453,y,-7.42,-19.3417,1.10761,0,91.67
383205,47.950195,y,-6.405,-16.295,1.13156,0,91.67
383206,47.959961,y,-4.34,-13.7052,1.12284,0,91.67
383207,47.969726,y,-2.03,-11.1762,1.07149,0,91.67
383208,47.979492,y,-1.26,-9.0281,1.03553,0,91.67
383209,47.990234,y,-1.96,-7.3634,1.04799,0,91.67
383210,47.995117,y,-2.415,-6.7948,1.02514,0,91.67
383211,48.004882,y,-2.38,-5.8385,1.08353,0,91.67
383212,48.014648,y,-1.12,-4.8163,1.06791,0,91.67
383213,48.024414,y,0.735,-3.6137,1.04778,0,91.67
383214,48.035156,y,0.7,-2.5978,0.96519,0,91.67
383215,48.044922,y,-1.715,-2.4066,1.05064,0,91.67
383216,48.054687,y,-2.065,-2.3326,0.98242,0,91.67
383217,48.064453,y,-2.66,-2.4035,1.03117,0,91.67
383218,48.070312,y,-5.32,-2.8009,0.97713,0,91.67
383219,48.080078,y,-5.915,-3.4755,0.99916,0,91.67
383220,48.089843,y,-7.35,-4.3148,0.98614,0,91.67
383221,48.099609,y,-8.12,-5.1391,1.00418,0,91.67
383222,48.109375,y,-9.73,-6.1336,0.99487,0,91.67
383223,48.120117,y,-11.025,-7.2856,1.03527,0,91.67
383224,48.129882,y,-11.06,-8.1032,0.99031,0,91.67
383225,48.139648,y,-12.285,-9.0091,0.97061,0,91.67
383226,48.149414,y,-15.155,-10.3405,0.95211,0,91.67
383227,48.160156,y,-19.74,-12.5542,0.95537,0,91.67
383228,48.169922,y,-23.065,-14.8311,1.04893,0,91.67
383229,48.179687,y,-23.8,-16.7739,1.06211,0,91.67
383230,48.18457,y,-22.435,-17.4244,1.09201,0,91.67
383231,48.195312,y,-21.7,-18.4314,1.02673,0,91.67
383232,48.205078,y,-21.595,-19.1167,0.99924,0,91.67
383233,48.214843,y,-24.185,-20.2146,1.05111,0,91.67
383234,48.224609,y,-25.235,-21.3021,1.03722,0,91.67
383235,48.234375,y,-26.46,-22.4195,1.08602,0,91.67
383236,48.245117,y,-24.43,-22.893,1.1063,0,91.67
383237,48.254882,y,-23.765,-23.0819,1.05502,0,91.67
383238,48.264648,y,-22.82,-23.0251,1.04053,0,91.67
383239,48.274414,y,-23.24,-23.0717,1.06621,0,91.67
383240,48.280273,y,-23.065,-23.0708,1.02214,0,91.67
383241,48.290039,y,-24.185,-23.3122,1.04743,0,91.67
383242,48.299804,y,-25.2,-23.7211,1.03631,0,91.67
383243,48.30957,y,-27.055,-24.4433,1.0889,0,91.67
383244,48.320312,y,-26.635,-24.9595,1.04397,0,91.67
383245,48.330078,y,-28.98,-25.8304,1.06431,0,91.67
383246,48.339843,y,-32.655,-27.3087,1.02365,0,91.67
383247,48.349609,y,-39.2,-29.8847,1.02163,0,91.67
383248,48.359375,y,-48.335,-33.8816,1.02572,0,91.67
383249,48.370117,y,-61.67,-40.4261,1.05811,0,91.67
383250,48.375,y,-76.195,-44.5366,1.06136,0,91.67
383251,48.384765,y,-88.515,-54.0628,0.89194,0,91.67
383252,48.394531,y,-111.405,-66.4848,0.97488,0,91.67
383253,48.405273,y,-131.6,-81.8203,1.06255,0,91.67
383254,48.415039,y,-148.82,-96.3344,1.27885,0,91.67
383255,48.424804,y,-165.865,-111.3955,1.12237,0,91.67
383256,48.43457,y,-190.645,-128.5633,1.14485,0,91.67
383257,48.445312,y,-216.895,-149.3665,1.00213,0,91.67
383258,48.455078,y,-241.71,-169.3709,1.2291,0,91.67
383259,48.464843,y,-271.88,-191.5754,1.1388,0,91.67
383260,48.474609,y,-306.53,-216.478,1.18665,0,91.67
383261,48.484375,y,-340.69,-243.386,1.07657,0,91.67
383262,48.490234,y,-375.655,-261.408,1.24292,0,91.67
383263,48.5,y,-399.21,-291.2601,1.5038,0,91.67
383264,48.509765,y,-414.96,-318.0547,1.92935,0,91.67
383265,48.519531,y,-417.76,-339.6539,2.52739,0,91.67
383266,48.530273,y,-402.01,-354.3395,2.76882,0,91.67
383267,48.540039,y,-369.355,-357.5923,2.91235,0,91.67
383268,48.549804,y,-322.7,-350.0343,2.6215,0,91.67
383269,48.55957,y,-284.375,-335.8105,2.18162,0,91.67
383270,48.570312,y,-250.39,-315.6929,2.55753,0,91.67
383271,48.575195,y,-178.22,-299.8948,2.09089,0,91.67
383272,48.584961,y,-102.69,-257.1743,2.1417,0,91.67
383273,48.594726,y,-47.88,-211.839,1.96706,0,91.67
383274,48.604492,y,-7.525,-167.5785,2.52279,0,91.67
383275,48.615234,y,50.295,-116.2665,1.40695,0,91.67
383276,48.625,y,60.41,-77.9931,1.27248,0,91.67
383277,48.634765,y,54.915,-49.2038,1.01529,0,91.67
383278,48.644531,y,39.41,-30.0074,0.83445,0,91.67
383279,48.655273,y,30.625,-15.7277,0.78132,0,91.67
383280,48.665039,y,31.955,-5.3982,0.84242,0,91.67
383281,48.674804,y,36.715,3.7239,1.0014,0,91.67
383282,48.679687,y,47.74,8.7822,1.17011,0,91.67
383283,48.689453,y,68.075,21.6268,1.38543,0,91.67
383284,48.700195,y,101.29,40.3885,1.50049,1,92.07
383285,48.709961,y,141.54,62.3009,1.46368,0,92.07
383286,48.719726,y,180.495,87.903,1.31463,0,92.07
383287,48.729492,y,213.43,115.0959,1.08169,0,92.07
383288,48.740234,y,236.04,143.5798,0.8817,0,92.07
383289,48.75,y,248.29,166.2631,0.79508,0,92.07
383290,48.759765,y,254.03,185.2743,0.84825,0,92.07
383291,48.769531,y,258.405,201.1166,1.03606,0,92.07
383292,48.780273,y,266.665,216.5541,1.25189,0,92.07
383293,48.785156,y,279.195,223.7527,1.35233,0,92.07
383294,48.794922,y,291.305,238.3865,1.34762,0,92.07
383295,48.804687,y,299.285,251.5778,1.29555,0,92.07
383296,48.814453,y,301.84,262.4661,1.27649,0,92.07
383297,48.825195,y,300.02,271.3105,1.27684,0,92.07
383298,48.834961,y,294.49,276.3319,1.35717,0,92.07
383299,48.844726,y,287.84,278.8247,1.48793,0,92.07
383300,48.854492,y,282.38,279.5948,1.61314,0,92.07
383301,48.865234,y,277.97,279.2122,1.77707,0,92.07
383302,48.870117,y,275.765,278.816,1.94543,0,92.07
383303,48.879882,y,276.465,278.3068,2.12056,0,92.07
383304,48.889648,y,279.79,278.6281,2.28273,0,92.07
383305,48.899414,y,284.9,279.9868,2.31389,0,92.07
383306,48.910156,y,287.35,281.7209,2.24708,0,92.07
383307,48.919922,y,283.36,282.076,2.20672,0,92.07
383308,48.929687,y,273.035,280.1176,2.16566,0,92.07
383309,48.939453,y,256.83,275.0728,2.16077,0,92.07
383310,48.950195,y,236.11,265.8966,2.13647,0,92.07
383311,48.959961,y,212.24,254.273,2.09458,0,92.07
383312,48.969726,y,187.005,239.702,2.03535,0,92.07
383313,48.979492,y,159.985,222.4329,1.98857,0,92.07
383314,48.984375,y,129.57,211.7613,2.03569,0,92.07
383315,48.995117,y,96.775,184.6806,2.16795,0,92.07
383316,49.004882,y,62.685,158.2551,2.25377,0,92.07
383317,49.014648,y,23.835,129.1357,2.27978,0,92.07
383318,49.024414,y,-20.475,96.7255,2.26483,0,92.07
383319,49.035156,y,-70.63,57.3112,2.22954,0,92.07
383320,49.044922,y,-119.0,19.1169,1.63013,0,92.07
383321,49.054687,y,-155.89,-18.7914,1.18143,0,92.07
383322,49.064453,y,-150.43,-47.3083,2.79891,0,92.07
383323,49.070312,y,-132.195,-58.8743,2.15745,0,92.07
383324,49.080078,y,-141.435,-76.7594,0.91191,0,92.07
383325,49.089843,y,-187.145,-100.6701,0.74916,0,92.07
383326,49.099609,y,-210.35,-124.43,2.43211,0,92.07
383327,49.109375,y,-162.12,-132.5948,2.69726,0,92.07
383328,49.120117,y,-101.185,-125.1974,1.8057,0,92.07
383329,49.129882,y,-79.87,-115.379,1.05337,0,92.07
383330,49.139648,y,-88.025,-109.4533,1.15793,0,92.07
383331,49.149414,y,-82.775,-103.674,1.93196,0,92.07
383332,49.160156,y,-50.05,-91.0449,1.40364,0,92.07
383333,49.169922,y,-32.165,-78.2897,1.31476,0,92.07
383334,49.174804,y,-23.065,-71.9446,1.17097,0,92.07
383335,49.18457,y,-22.61,-61.2573,1.22184,0,92.07
383336,49.195312,y,-21.63,-51.9245,1.11777,0,92.07
383337,49.205078,y,-17.745,-44.5202,1.23058,0,92.07
383338,49.214843,y,-10.465,-37.1435,1.07162,0,92.07
383339,49.224609,y,-7.035,-30.6211,1.17339,0,92.07
383340,49.234375,y,-5.18,-25.1098,1.01284,0,92.07
383341,49.245117,y,-6.195,-20.6551,1.16176,0,92.07
383342,49.254882,y,-5.705,-17.4168,1.05552,0,92.07
383343,49.264648,y,-6.125,-14.9706,1.11411,0,92.07
383344,49.274414,y,-3.78,-12.5464,1.1067,0,92.07
383345,49.280273,y,-1.645,-11.0611,1.09966,0,92.07
383346,49.290039,y,-0.91,-8.862,1.06092,0,92.07
383347,49.299804,y,-1.75,-7.3215,1.08463,0,92.07
383348,49.30957,y,-0.7,-5.8871,1.02279,0,92.07
383349,49.320312,y,-0.84,-4.6984,1.01103,0,92.07
383350,49.330078,y,-2.695,-4.2644,0.9879,0,92.07
383351,49.339843,y,-4.2,-4.2505,1.05434,0,92.07
383352,49.349609,y,-3.64,-4.1182,0.98203,0,92.07
383353,49.359375,y,-4.305,-4.1587,1.04359,0,92.07
383354,49.365234,y,-5.18,-4.2978,0.97815,0,92.07
383355,49.375,y,-7.805,-5.0576,1.01009,0,92.07
383356,49.384765,y,-7.945,-5.683,0.9882,0,92.07
383357,49.394531,y,-8.785,-6.355,0.96336,0,92.07
383358,49.405273,y,-11.27,-7.5126,0.97249,0,92.07
383359,49.415039,y,-12.88,-8.6753,1.02203,0,92.07
383360,49.424804,y,-15.12,-10.0713,0.96562,0,92.07
383361,49.43457,y,-16.695,-11.5062,1.02142,0,92.07
383362,49.445312,y,-18.445,-13.1404,0.97404,0,92.07
383363,49.455078,y,-22.54,-15.1766,1.06766,0,92.07
383364,49.464843,y,-21.35,-16.5138,1.09703,0,92.07
383365,49.474609,y,-18.97,-17.0459,1.03903,0,92.07
383366,49.484375,y,-19.775,-17.6371,1.04258,0,92.07
383367,49.490234,y,-21.14,-18.1144,1.01514,0,92.07
383368,49.5,y,-22.68,-19.1034,1.04151,0,92.07
383369,49.509765,y,-23.31,-20.0146,1.06241,0,92.07
383370,49.519531,y,-23.485,-20.7664,1.04738,0,92.07
383371,49.530273,y,-23.94,-21.5138,1.04694,0,92.07
383372,49.540039,y,-24.36,-22.1304,1.01288,0,92.07
383373,49.549804,y,-25.235,-22.8029,1.09056,0,92.07
383374,49.55957,y,-23.87,-23.0341,1.05507,0,92.07
383375,49.570312,y,-22.54,-22.9177,1.08058,0,92.07
383376,49.575195,y,-21.385,-22.7416,1.0486,0,92.07
383377,49.584961,y,-21.385,-22.4477,1.06418,0,92.07
383378,49.594726,y,-21.875,-22.3236,1.02594,0,92.07
383379,49.604492,y,-22.96,-22.4615,1.04702,0,92.07
383380,49.615234,y,-24.885,-23.0323,0.98378,0,92.07
383381,49.625,y,-27.44,-23.9871,1.16736,0,92.07
383382,49.634765,y,-26.74,-24.5834,1.00661,0,92.07
383383,49.644531,y,-30.905,-25.9529,1.04527,0,92.07
383384,49.655273,y,-35.385,-28.1742,1.05428,0,92.07
383385,49.665039,y,-40.425,-30.8281,1.04355,0,92.07
383386,49.674804,y,-48.685,-34.6961,1.00342,0,92.07
383387,49.679687,y,-59.395,-37.5345,0.99642,0,92.07
383388,49.689453,y,-70.455,-44.666,1.02962,0,92.07
383389,49.700195,y,-83.16,-53.7319,1.04899,0,92.07
383390,49.709961,y,-96.005,-62.8895,0.95507,0,92.07
383391,49.719726,y,-114.275,-74.0201,0.94822,0,92.07
383392,49.729492,y,-134.365,-87.0926,0.9872,0,92.07
383393,49.740234,y,-154.56,-102.9821,1.22106,0,92.07
383394,49.75,y,-171.045,-117.7265,1.199,0,92.07
383395,49.759765,y,-190.12,-133.4077,1.1522,0,92.07
383396,49.769531,y,-215.6,-151.213,1.0674,0,92.07
383397,49.780273,y,-242.375,-172.6828,1.10059,0,92.07
383398,49.785156,y,-275.905,-184.5449,1.15629,0,92.07
383399,49.794922,y,-310.03,-211.7287,1.21079,0,92.07
383400,49.804687,y,-344.365,-240.4591,0.93101,0,92.07
383401,49.814453,y,-383.11,-271.3616,1.40483,0,92.07
383402,49.825195,y,-406.49,-303.186,1.41589,0,92.07
383403,49.834961,y,-428.61,-330.3566,2.11589,0,92.07
383404,49.844726,y,-430.36,-352.0184,2.63491,0,92.07
383405,49.854492,y,-413.7,-365.3805,2.93216,0,92.07
383406,49.865234,y,-380.52,-368.946,2.4734,0,92.07
383407,49.870117,y,-348.46,-366.5918,2.47808,0,92.07
383408,49.879882,y,-314.44,-355.2952,2.21773,0,92.07
383409,49.889648,y,-281.05,-339.2115,2.1452,0,92.07
383410,49.899414,y,-232.75,-316.1487,2.34383,0,92.07
383411,49.910156,y,-151.025,-277.26,2.09986,0,92.07
383412,49.919922,y,-90.09,-236.7134,2.03978,0,92.07
383413,49.929687,y,-46.48,-195.5069,2.78388,0,92.07
383414,49.939453,y,26.985,-147.3085,2.30159,0,92.07
383415,49.950195,y,90.23,-91.3651,1.19477,0,92.07
383416,49.959961,y,90.265,-52.0186,0.93367,0,92.07
383417,49.969726,y,76.37,-24.2083,0.67472,0,92.07
383418,49.979492,y,59.64,-6.0443,0.62573,0,92.07
383419,49.984375,y,54.215,0.8806,0.67805,0,92.07
383420,49.995117,y,54.075,13.4086,0.86157,0,92.07
383421,50.004882,y,58.835,23.2484,1.14714,0,92.07
383422,50.014648,y,74.445,34.3391,1.42164,0,92.07
383423,50.024414,y,104.055,49.4417,1.53608,1,91.49
383424,50.035156,y,141.4,71.099,1.47371,0,91.49
383425,50.044922,y,178.395,94.3425,1.28688,0,91.49
383426,50.054687,y,208.985,119.1753,1.07937,0,91.49
383427,50.064453,y,232.05,143.6273,0.96328,0,91.49
383428,50.070312,y,250.25,158.1549,0.97112,0,91.49
383429,50.080078,y,265.58,181.4264,0.95381,0,91.49
383430,50.089843,y,276.5,202.0203,0.9773,0,91.49
383431,50.099609,y,284.655,219.9215,1.07231,0,91.49
383432,50.109375,y,292.915,235.7341,1.21071,0,91.49
383433,50.120117,y,303.59,251.715,1.34045,0,91.49
383434,50.129882,y,315.805,265.5976,1.37185,0,91.49
383435,50.139648,y,325.115,278.4908,1.364,0,91.49
383436,50.149414,y,328.685,289.3644,1.3311,0,91.49
383437,50.160156,y,325.92,297.9737,1.33226,0,91.49
383438,50.169922,y,318.22,302.3596,1.44966,0,91.49
383439,50.174804,y,310.24,303.2651,1.61805,0,91.49
383440,50.18457,y,304.325,303.4947,1.76711,0,91.49
383441,50.195312,y,298.935,302.4208,1.91287,0,91.49
383442,50.205078,y,293.685,300.5284,2.03369,0,91.49
383443,50.214843,y,288.05,297.8254,2.17234,0,91.49
383444,50.224609,y,282.8,294.5705,2.32258,0,91.49
383445,50.234375,y,278.775,291.1487,2.42169,0,91.49
383446,50.245117,y,274.155,287.1465,2.4121,0,91.49
383447,50.254882,y,265.37,282.4295,2.38393,0,91.49
383448,50.264648,y,251.195,275.6631,2.39751,0,91.49
383449,50.274414,y,232.05,266.2152,2.39287,0,91.49
383450,50.280273,y,208.74,258.3841,2.31031,0,91.49
383451,50.290039,y,181.405,241.7081,2.2072,0,91.49
383452,50.299804,y,149.8,221.7999,2.20631,0,91.49
383453,50.30957,y,116.585,199.0072,2.34831,0,91.49
383454,50.320312,y,84.07,171.938,2.55142,0,91.49
383455,50.330078,y,52.15,145.9883,2.63343,0,91.49
383456,50.339843,y,12.145,116.9965,2.65934,0,91.49
383457,50.349609,y,-36.96,83.6449,2.60272,0,91.49
383458,50.359375,y,-96.25,44.6743,2.08857,0,91.49
383459,50.365234,y,-145.46,18.768,0.77025,0,91.49
383460,50.375,y,-147.35,-17.2181,2.9459,0,91.49
383461,50.384765,y,-127.68,-41.1453,2.47921,0,91.49
383462,50.394531,y,-132.02,-60.8315,0.81386,0,91.49
383463,50.405273,y,-180.355,-88.9808,0.49465,0,91.49
383464,50.415039,y,-214.9,-116.2587,2.39984,0,91.49
383465,50.424804,y,-167.02,-127.2541,2.68799,0,91.49
383466,50.43457,y,-105.56,-122.5545,1.69079,0,91.49
383467,50.445312,y,-88.41,-114.513,1.20266,0,91.49
383468,50.455078,y,-92.225,-109.6848,1.63623,0,91.49
383469,50.464843,y,-68.845,-100.8385,2.08298,0,91.49
383470,50.474609,y,-30.415,-85.5826,1.38631,0,91.49
383471,50.479492,y,-23.94,-78.4988,1.11892,0,91.49
383472,50.490234,y,-21.665,-65.1137,0.99845,0,91.49
383473,50.5,y,-20.825,-55.5194,1.1293,0,91.49
383474,50.509765,y,-17.955,-47.3826,1.11923,0,91.49
383475,50.519531,y,-16.135,-40.6134,1.17284,0,91.49
383476,50.530273,y,-13.09,-34.1313,1.05353,0,91.49
383477,50.540039,y,-12.285,-29.3988,1.13735,0,91.49
383478,50.549804,y,-10.64,-25.3354,1.06888,0,91.49
383479,50.55957,y,-11.935,-22.4325,1.10378,0,91.49
383480,50.570312,y,-12.25,-20.0344,1.11333,0,91.49
383481,50.575195,y,-8.435,-18.7014,1.19724,0,91.49
383482,50.584961,y,-5.775,-15.9012,0.98294,0,91.49
383483,50.594726,y,-6.755,-13.92,1.26134,0,91.49
383484,50.604492,y,-2.205,-11.3822,0.94032,0,91.49
383485,50.615234,y,-4.2,-9.6907,1.14022,0,91.49
383486,50.625,y,-3.22,-8.2889,1.04117,0,91.49
383487,50.634765,y,-2.625,-7.0621,1.05925,0,91.49
383488,50.644531,y,-1.33,-5.8203,1.01587,0,91.49
383489,50.655273,y,-1.505,-4.804,0.99696,0,91.49
383490,50.665039,y,-1.96,-4.1879,1.01087,0,91.49
383491,50.669922,y,-1.505,-3.8796,1.01305,0,91.49
383492,50.679687,y,-2.17,-3.5093,0.97265,0,91.49
383493,50.689453,y,-4.27,-3.6741,0.97279,0,91.49
383494,50.700195,y,-5.74,-4.1606,0.98737,0,91.49
383495,50.709961,y,-7.035,-4.7833,0.99818,0,91.49
383496,50.719726,y,-7.595,-5.3923,1.04959,0,91.49
383497,50.729492,y,-7.28,-5.8013,0.96762,0,91.49
383498,50.740234,y,-8.05,-6.3309,1.01572,0,91.49
383499,50.75,y,-10.36,-7.2037,0.951,0,91.49
383500,50.759765,y,-13.335,-8.5318,1.02892,0,91.49
383501,50.769531,y,-15.61,-10.0652,0.93405,0,91.49
383502,50.780273,y,-19.53,-12.2942,1.07527,0,91.49
383503,50.785156,y,-20.44,-13.2303,0.93642,0,91.49
383504,50.794922,y,-22.47,-15.2319,1.13556,0,91.49
383505,50.804687,y,-22.61,-16.8301,0.88987,0,91.49
383506,50.814453,y,-27.615,-19.1664,1.04425,0,91.49
383507,50.825195,y,-28.56,-21.3787,1.03625,0,91.49
383508,50.834961,y,-30.03,-23.2529,1.10354,0,91.49
383509,50.844726,y,-27.545,-24.1826,1.04414,0,91.49
383510,50.854492,y,-28.0,-25.0095,1.05942,0,91.49
383511,50.865234,y,-27.37,-25.5655,1.08608,0,91.49
383512,50.870117,y,-27.755,-25.8171,1.10237,0,91.49
383513,50.879882,y,-24.71,-25.5773,1.07682,0,91.49
383514,50.889648,y,-23.555,-25.1392,1.0374,0,91.49
383515,50.899414,y,-24.15,-24.9249,1.0438,0,91.49
383516,50.910156,y,-25.445,-25.0474,1.04487,0,91.49
383517,50.919922,y,-28.35,-25.7628,1.12087,0,91.49
383518,50.929687,y,-27.79,-26.2019,1.06871,0,91.49
383519,50.939453,y,-30.065,-27.0388,1.04962,0,91.49
383520,50.950195,y,-32.13,-28.2378,1.08022,0,91.49
383521,50.959961,y,-35.07,-29.7179,1.01739,0,91.49
383522,50.969726,y,-42.525,-32.492,1.09462,0,91.49
383523,50.974609,y,-48.51,-34.3328,1.01853,0,91.49
383524,50.984375,y,-59.185,-39.7165,1.09555,0,91.49
383525,50.995117,y,-67.76,-46.3211,0.96198,0,91.49
383526,51.004882,y,-80.99,-53.8308,1.01745,0,91.49
383527,51.014648,y,-94.29,-62.5954,0.98885,0,91.49
383528,51.024414,y,-109.2,-72.6914,0.99363,0,91.49
383529,51.035156,y,-124.845,-84.9742,1.13367,0,91.49
383530,51.044922,y,-138.04,-96.4699,1.28847,0,91.49
383531,51.054687,y,-150.675,-108.2112,1.07672,0,91.49
383532,51.064453,y,-173.81,-122.4219,1.06502,0,91.49
383533,51.070312,y,-198.415,-132.7762,1.06851,0,91.49
383534,51.080078,y,-226.835,-153.1521,1.1591,0,91.49
383535,51.089843,y,-258.51,-175.9737,1.11274,0,91.49
383536,51.099609,y,-293.685,-201.4735,0.99654,0,91.49
383537,51.109375,y,-333.48,-230.0701,1.11857,0,91.49
383538,51.120117,y,-368.795,-262.7416,1.20812,0,91.49
383539,51.129882,y,-396.13,-291.6349,1.46176,0,91.49
383540,51.139648,y,-408.065,-316.8571,2.02545,0,91.49
383541,51.149414,y,-402.92,-335.5009,2.73335,0,91.49
383542,51.160156,y,-371.77,-344.0427,3.24701,0,91.49
383543,51.165039,y,-319.865,-341.2643,2.76529,0,91.49
383544,51.174804,y,-294.35,-331.1022,2.34625,0,91.49
383545,51.18457,y,-265.475,-316.8854,2.93981,0,91.49
383546,51.195312,y,-191.17,-287.2778,2.13571,0,91.49
383547,51.205078,y,-127.715,-252.7117,1.91901,0,91.49
383548,51.214843,y,-76.58,-214.5598,2.27998,0,91.49
383549,51.224609,y,-23.765,-173.2279,1.8833,0,91.49
383550,51.234375,y,15.015,-132.4489,1.70017,0,91.49
383551,51.245117,y,40.565,-91.7019,1.49385,0,91.49
383552,51.254882,y,38.535,-63.4912,1.24325,0,91.49
383553,51.264648,y,25.375,-44.2402,1.02387,0,91.49
383554,51.274414,y,14.385,-31.5402,0.9099,0,91.49
383555,51.280273,y,13.055,-25.464,0.96263,0,91.49
383556,51.290039,y,15.05,-16.6874,1.1489,0,91.49
383557,51.299804,y,24.43,-7.781,1.31248,0,91.49
383558,51.30957,y,45.29,3.7158,1.4129,0,91.49
383559,51.320312,y,76.755,20.9174,1.44634,0,91.49
383560,51.330078,y,115.045,41.3083,1.39662,1,91.66
383561,51.339843,y,152.32,65.3546,1.23758,0,91.66
383562,51.349609,y,182.35,90.6993,1.11982,0,91.66
383563,51.359375,y,205.24,115.5122,0.99454,0,91.66
383564,51.365234,y,220.22,129.7789,0.89577,0,91.66
383565,51.375,y,228.865,151.2439,0.92661,0,91.66
383566,51.384765,y,235.97,169.5965,1.00131,0,91.66
383567,51.394531,y,243.53,185.6127,1.1656,0,91.66
383568,51.405273,y,254.555,201.8495,1.32204,0,91.66
383569,51.415039,y,268.205,216.2241,1.39422,0,91.66
383570,51.424804,y,280.21,230.0841,1.32914,0,91.66
383571,51.43457,y,285.985,242.1939,1.21013,0,91.66
383572,51.445312,y,284.55,252.1693,1.13754,0,91.66
383573,51.455078,y,278.075,257.7812,1.20375,0,91.66
383574,51.464843,y,271.46,260.7442,1.36595,0,91.66
383575,51.474609,y,267.54,262.2164,1.54579,0,91.66
383576,51.479492,y,266.63,262.7236,1.72036,0,91.66
383577,51.490234,y,268.52,264.0887,1.86969,0,91.66
383578,51.5,y,271.81,265.7614,1.96286,0,91.66
383579,51.509765,y,274.26,267.6023,2.0178,0,91.66
383580,51.519531,y,274.75,269.1507,2.04868,0,91.66
383581,51.530273,y,271.95,269.81,2.06291,0,91.66
383582,51.540039,y,265.195,268.8102,2.06236,0,91.66
383583,51.549804,y,254.1,265.6238,2.08527,0,91.66
383584,51.55957,y,239.61,259.9885,2.1578,0,91.66
383585,51.570312,y,223.545,251.4056,2.27014,0,91.66
383586,51.575195,y,208.285,246.4502,2.35295,0,91.66
383587,51.584961,y,194.285,235.1497,2.25783,0,91.66
383588,51.594726,y,177.03,222.5604,2.09411,0,91.66
383589,51.604492,y,151.725,207.2153,2.02046,0,91.66
383590,51.615234,y,119.105,186.4642,2.09263,0,91.66
383591,51.625,y,83.825,164.2295,2.25358,0,91.66
383592,51.634765,y,47.81,139.0118,2.38614,0,91.66
383593,51.644531,y,9.45,110.9449,2.47108,0,91.66
383594,51.655273,y,-33.355,76.9604,2.44595,0,91.66
383595,51.660156,y,-79.905,58.9337,2.37525,0,91.66
383596,51.669922,y,-136.85,16.5211,1.01075,0,91.66
383597,51.679687,y,-158.48,-21.3859,1.88774,0,91.66
383598,51.689453,y,-150.605,-49.3786,3.11552,0,91.66
383599,51.700195,y,-126.245,-67.4816,1.56876,0,91.66
383600,51.709961,y,-149.625,-85.2764,0.6815,0,91.66
383601,51.719726,y,-199.045,-109.9198,1.36287,0,91.66
383602,51.729492,y,-195.37,-128.4309,2.60475,0,91.66
383603,51.740234,y,-139.86,-131.1226,2.15723,0,91.66
383604,51.75,y,-100.345,-124.4552,1.40886,0,91.66
383605,51.759765,y,-96.11,-118.3154,1.26221,0,91.66
383606,51.769531,y,-90.265,-112.2388,1.93996,0,91.66
383607,51.780273,y,-59.395,-99.7934,1.67662,0,91.66
383608,51.785156,y,-33.635,-92.1906,1.27351,0,91.66
383609,51.794922,y,-30.45,-78.8158,1.17708,0,91.66
383610,51.804687,y,-30.1,-68.2634,1.14708,0,91.66
383611,51.814453,y,-28.315,-59.6094,1.07943,0,91.66
383612,51.825195,y,-25.165,-51.4973,1.05141,0,91.66
383613,51.834961,y,-24.29,-45.6034,1.10542,0,91.66
383614,51.844726,y,-18.725,-39.7813,1.16114,0,91.66
383615,51.854492,y,-12.495,-33.8702,1.11603,0,91.66
383616,51.865234,y,-10.15,-28.2838,1.06163,0,91.66
383617,51.870117,y,-11.865,-26.397,1.09569,0,91.66
383618,51.879882,y,-12.005,-23.2795,1.16021,0,91.66
383619,51.889648,y,-7.245,-19.806,1.19646,0,91.66
383620,51.899414,y,-2.1,-15.9703,1.05755,0,91.66
383621,51.910156,y,-1.26,-12.5059,1.09293,0,91.66
383622,51.919922,y,-1.295,-10.0773,1.04053,0,91.66
383623,51.929687,y,-1.54,-8.228,1.07816,0,91.66
383624,51.939453,y,-0.735,-6.6048,0.99471,0,91.66
383625,51.950195,y,-2.065,-5.5356,1.10957,0,91.66
383626,51.959961,y,-0.77,-4.5032,0.97241,0,91.66
383627,51.969726,y,-0.49,-3.6339,1.1083,0,91.66
383628,51.974609,y,-0.665,-3.2927,0.89699,0,91.66
383629,51.984375,y,-5.74,-3.8229,1.05814,0,91.66
383630,51.995117,y,-6.265,-4.398,0.97208,0,91.66
383631,52.004882,y,-7.385,-5.045,0.99729,0,91.66
383632,52.014648,y,-8.085,-5.7036,0.95502,0,91.66
383633,52.024414,y,-10.78,-6.8033,1.00398,0,91.66
383634,52.035156,y,-13.125,-8.2921,0.96988,0,91.66
383635,52.044922,y,-14.525,-9.6424,1.00262,0,91.66
383636,52.054687,y,-15.225,-10.8516,1.01829,0,91.66
383637,52.064453,y,-16.555,-12.0871,1.01868,0,91.66
383638,52.070312,y,-17.325,-12.8008,1.04949,0,91.66
383639,52.080078,y,-17.395,-13.7961,1.00627,0,91.66
383640,52.089843,y,-18.34,-14.7803,1.07369,0,91.66
383641,52.099609,y,-19.355,-15.7713,1.01193,0,91.66
383642,52.109375,y,-20.37,-16.7675,1.07249,0,91.66
383643,52.120117,y,-20.545,-17.6572,1.02933,0,91.66
383644,52.129882,y,-21.63,-18.5177,1.04542,0,91.66
383645,52.139648,y,-22.505,-19.3815,1.00493,0,91.66
383646,52.149414,y,-24.5,-20.4903,1.08612,0,91.66
383647,52.155273,y,-25.025,-21.1082,1.01229,0,91.66
383648,52.165039,y,-24.15,-21.7671,1.14079,0,91.66
383649,52.174804,y,-21.49,-21.7071,1.07468,0,91.66
383650,52.18457,y,-21.245,-21.607,1.09171,0,91.66
383651,52.195312,y,-19.845,-21.192,1.06994,0,91.66
383652,52.205078,y,-19.88,-20.9078,1.02337,0,91.66
383653,52.214843,y,-21.735,-21.087,1.04586,0,91.66
383654,52.224609,y,-23.31,-21.5686,1.02097,0,91.66
383655,52.234375,y,-24.5,-22.2036,1.12337,0,91.66
383656,52.245117,y,-23.765,-22.5713,1.02703,0,91.66
383657,52.254882,y,-25.41,-23.1862,1.00565,0,91.66
383658,52.264648,y,-28.805,-24.4034,1.00245,0,91.66
383659,52.274414,y,-32.9,-26.244,1.03369,0,91.66
383660,52.280273,y,-36.89,-27.6946,1.0439,0,91.66
383661,52.290039,y,-42.49,-30.8997,0.97713,0,91.66
383662,52.299804,y,-52.535,-35.5861,1.03441,0,91.66
383663,52.30957,y,-61.495,-41.1988,1.00707,0,91.66
383664,52.320312,y,-70.875,-48.1879,1.04576,0,91.66
383665,52.330078,y,-81.76,-55.4606,1.01669,0,91.66
383666,52.339843,y,-91.945,-63.3635,1.08519,0,91.66
383667,52.349609,y,-101.045,-71.5264,0.94014,0,91.66
383668,52.359375,y,-114.17,-80.7643,1.05523,0,91.66
383669,52.365234,y,-129.08,-87.3475,0.89682,0,91.66
383670,52.375,y,-149.94,-100.9069,1.07718,0,91.66
383671,52.384765,y,-164.675,-114.7197,1.26627,0,91.66
383672,52.394531,y,-177.205,-128.2559,1.19528,0,91.66
383673,52.405273,y,-197.68,-144.6062,1.07906,0,91.66
383674,52.415039,y,-226.38,-162.3208,1.0489,0,91.66
383675,52.424804,y,-258.86,-183.2322,1.15202,0,91.66
383676,52.43457,y,-292.915,-206.9928,1.17507,0,91.66
383677,52.445312,y,-327.67,-235.4138,1.12835,0,91.66
383678,52.455078,y,-364.455,-263.368,1.26883,0,91.66
383679,52.464843,y,-389.305,-290.6472,1.39894,0,91.66
383680,52.469726,y,-408.205,-304.1567,1.97462,0,91.66
383681,52.479492,y,-410.165,-327.1213,2.38698,0,91.66
383682,52.490234,y,-398.02,-343.8188,2.96917,0,91.66
383683,52.5,y,-359.03,-347.114,3.11383,0,91.66
383684,52.509765,y,-310.73,-339.2329,2.82637,0,91.66
383685,52.519531,y,-273.35,-324.9607,2.29659,0,91.66
383686,52.530273,y,-243.985,-305.8899,2.19084,0,91.66
383687,52.540039,y,-194.285,-281.7129,1.85815,0,91.66
383688,52.549804,y,-139.65,-250.9406,1.91294,0,91.66
383689,52.55957,y,-94.71,-217.0964,1.81679,0,91.66
383690,52.570312,y,-56.14,-179.1891,2.85528,0,91.66
383691,52.575195,y,11.83,-157.2376,1.66545,0,91.66
383692,52.584961,y,39.97,-114.5165,1.36376,0,91.66
383693,52.594726,y,37.765,-81.5308,0.97888,0,91.66
383694,52.604492,y,26.495,-58.1292,0.77654,0,91.66
383695,52.615234,y,20.475,-39.6169,0.75245,0,91.66
383696,52.625,y,24.08,-25.8182,0.81899,0,91.66
383697,52.634765,y,32.62,-13.1599,1.00382,0,91.66
383698,52.644531,y,47.95,0.0783,1.19512,0,91.66
383699,52.655273,y,72.17,17.0568,1.31736,0,91.66
383700,52.660156,y,104.195,27.0706,1.36625,0,91.66
383701,52.669922,y,140.665,51.6785,1.33272,1,90.82
383702,52.679687,y,177.065,78.8385,1.1782,0,90.82
383703,52.689453,y,207.235,106.653,0.95063,0,90.82
383704,52.700195,y,226.415,134.8585,0.76092,0,90.82
383705,52.709961,y,235.025,156.5576,0.68475,0,90.82
383706,52.719726,y,238.14,174.2292,0.7992,0,90.82
383707,52.729492,y,243.145,189.1584,1.01809,0,90.82
383708,52.740234,y,254.135,204.4612,1.29948,0,90.82
383709,52.75,y,272.335,219.1647,1.46647,0,90.82
383710,52.759765,y,292.25,234.9957,1.419,0,90.82
383711,52.769531,y,305.83,250.3406,1.2291,0,90.82
383712,52.774414,y,308.56,257.031,1.07626,0,90.82
383713,52.785156,y,303.17,267.8973,1.04929,0,90.82
383714,52.794922,y,295.26,273.8249,1.15759,0,90.82
383715,52.804687,y,288.505,277.0048,1.40642,0,90.82
383716,52.814453,y,286.545,279.0715,1.63661,0,90.82
383717,52.825195,y,288.75,281.3509,1.77248,0,90.82
383718,52.834961,y,292.18,283.6968,1.90773,0,90.82
383719,52.844726,y,296.625,286.4972,2.06863,0,90.82
383720,52.854492,y,301.84,289.8209,2.21529,0,90.82
383721,52.865234,y,305.9,293.6077,2.29695,0,90.82
383722,52.870117,y,306.39,295.0766,2.31098,0,90.82
383723,52.879882,y,301.315,296.4279,2.30301,0,90.82
383724,52.889648,y,290.465,295.1362,2.27246,0,90.82
383725,52.899414,y,274.155,290.591,2.25476,0,90.82
383726,52.910156,y,252.315,281.5765,2.25453,0,90.82
383727,52.919922,y,225.54,269.4373,2.26446,0,90.82
383728,52.929687,y,195.58,253.4391,2.23307,0,90.82
383729,52.939453,y,163.695,233.9978,2.19456,0,90.82
383730,52.950195,y,130.095,209.5274,2.21529,0,90.82
383731,52.959961,y,94.99,184.7152,2.29733,0,90.82
383732,52.964843,y,58.31,170.1917,2.43032,0,90.82
383733,52.974609,y,20.44,137.751,2.50552,0,90.82
383734,52.984375,y,-24.43,102.6178,2.57393,0,90.82
383735,52.995117,y,-75.005,60.7853,2.56468,0,90.82
383736,53.004882,y,-126.14,20.2954,1.76281,0,90.82
383737,53.014648,y,-155.995,-17.8944,1.31649,0,90.82
383738,53.024414,y,-144.27,-45.2711,3.15735,0,90.82
383739,53.035156,y,-118.685,-62.561,2.08272,0,90.82
383740,53.044922,y,-134.855,-78.2221,1.23969,0,90.82
383741,53.054687,y,-188.23,-102.0509,0.86657,0,90.82
383742,53.064453,y,-207.69,-124.9355,2.55092,0,90.82
383743,53.070312,y,-153.895,-128.8813,2.48675,0,90.82
383744,53.080078,y,-101.64,-122.98,1.5436,0,90.82
383745,53.089843,y,-93.52,-116.5987,1.24828,0,90.82
383746,53.099609,y,-97.58,-112.4787,2.28117,0,90.82
383747,53.109375,y,-61.11,-101.3507,1.74877,0,90.82
383748,53.120117,y,-41.825,-87.3316,1.46705,0,90.82
383749,53.129882,y,-39.62,-76.9968,0.96036,0,90.82
383750,53.139648,y,-40.53,-69.097,1.22376,0,90.82
383751,53.149414,y,-32.795,-61.2329,1.14434,0,90.82
383752,53.155273,y,-26.145,-56.4521,1.21409,0,90.82
383753,53.165039,y,-19.32,-48.4082,1.11317,0,90.82
383754,53.174804,y,-15.4,-41.2583,1.16003,0,90.82
383755,53.18457,y,-12.39,-35.0045,1.09477,0,90.82
383756,53.195312,y,-11.69,-29.5137,1.09399,0,90.82
383757,53.205078,y,-11.725,-25.6601,1.07346,0,90.82
383758,53.214843,y,-13.055,-22.9297,1.11882,0,90.82
383759,53.224609,y,-11.375,-20.4266,1.05782,0,90.82
383760,53.234375,y,-10.885,-18.3596,1.09677,0,90.82
383761,53.245117,y,-10.115,-16.4179,1.06519,0,90.82
383762,53.254882,y,-11.13,-15.2725,1.00859,0,90.82
383763,53.264648,y,-12.565,-14.686,1.03649,0,90.82
383764,53.274414,y,-13.195,-14.363,1.0088,0,90.82
383765,53.280273,y,-14.875,-14.4327,0.98904,0,90.82
383766,53.290039,y,-16.275,-14.8318,1.03667,0,90.82
383767,53.299804,y,-16.065,-15.0989,1.01552,0,90.82
383768,53.30957,y,-16.45,-15.3916,1.01879,0,90.82
383769,53.320312,y,-15.47,-15.4101,1.10821,0,90.82
383770,53.330078,y,-13.265,-14.9454,0.93802,0,90.82
383771,53.339843,y,-13.79,-14.6951,1.13944,0,90.82
383772,53.349609,y,-11.69,-14.0441,0.97423,0,90.82
383773,53.359375,y,-12.495,-13.7085,1.08188,0,90.82
383774,53.365234,y,-9.87,-13.1855,1.02994,0,90.82
383775,53.375,y,-9.52,-12.3915,1.04662,0,90.82
383776,53.384765,y,-9.1,-11.6785,1.02457,0,90.82
383777,53.394531,y,-8.54,-10.9986,1.05565,0,90.82
383778,53.405273,y,-8.05,-10.3042,1.04037,0,90.82
383779,53.415039,y,-8.54,-9.922,1.03328,0,90.82
383780,53.424804,y,-8.61,-9.6378,1.05421,0,90.82
383781,53.43457,y,-8.435,-9.3772,1.03172,0,90.82
383782,53.445312,y,-8.68,-9.213,1.04792,0,90.82
383783,53.455078,y,-8.96,-9.1582,1.001,0,90.82
383784,53.464843,y,-10.605,-9.4716,1.02691,0,90.82
383785,53.469726,y,-12.11,-9.7748,1.03277,0,90.82
383786,53.479492,y,-12.705,-10.4096,1.01528,0,90.82
383787,53.490234,y,-14.035,-11.2634,1.01974,0,90.82
383788,53.5,y,-16.555,-12.4097,1.04174,0,90.82
383789,53.509765,y,-18.2,-13.664,1.04173,0,90.82
383790,53.519531,y,-18.795,-14.7755,1.05981,0,90.82
383791,53.530273,y,-21.525,-16.3651,1.01722,0,90.82
383792,53.540039,y,-21.315,-17.4374,1.02398,0,90.82
383793,53.549804,y,-23.415,-18.7322,1.05808,0,90.82
383794,53.55957,y,-24.71,-20.0272,1.04024,0,90.82
383795,53.570312,y,-27.51,-21.7895,1.05207,0,90.82
383796,53.575195,y,-30.45,-22.7847,1.04902,0,90.82
383797,53.584961,y,-33.705,-25.1504,1.05024,0,90.82
383798,53.594726,y,-38.43,-28.0269,1.01648,0,90.82
383799,53.604492,y,-45.57,-31.8272,1.04365,0,90.82
383800,53.615234,y,-52.815,-36.7701,1.02581,0,90.82
383801,53.625,y,-61.25,-42.0732,1.02722,0,90.82
383802,53.634765,y,-71.19,-48.3802,1.04848,0,90.82
383803,53.644531,y,-81.795,-55.6188,1.07237,0,90.82
383804,53.655273,y,-94.185,-64.7017,0.9803,0,90.82
383805,53.660156,y,-110.705,-69.9883,0.94448,0,90.82
383806,53.669922,y,-129.78,-82.941,1.0307,0,90.82
383807,53.679687,y,-147.525,-96.9305,1.24219,0,90.82
383808,53.689453,y,-160.825,-110.772,1.21778,0,90.82
383809,53.700195,y,-180.775,-127.2586,0.99836,0,90.82
383810,53.709961,y,-210.455,-145.2814,1.12799,0,90.82
383811,53.719726,y,-237.37,-165.2287,0.95541,0,90.82
383812,53.729492,y,-271.565,-188.2644,1.33088,0,90.82
383813,53.740234,y,-299.565,-214.4771,0.96139,0,90.82
383814,53.75,y,-340.095,-241.6897,1.18908,0,90.82
383815,53.759765,y,-371.7,-269.8513,1.13456,0,90.82
383816,53.769531,y,-398.02,-297.6164,1.61718,0,90.82
383817,53.774414,y,-408.59,-310.3693,1.98365,0,90.82
383818,53.785156,y,-409.815,-333.79,2.53129,0,90.82
383819,53.794922,y,-394.625,-346.9687,2.60813,0,90.82
383820,53.804687,y,-369.425,-351.833,2.52249,0,90.82
383821,53.814453,y,-336.455,-348.5016,2.55365,0,90.82
383822,53.825195,y,-299.285,-336.9105,2.08176,0,90.82
383823,53.834961,y,-271.075,-322.6486,2.31736,0,90.82
383824,53.844726,y,-215.95,-299.5366,2.33562,0,90.82
383825,53.854492,y,-138.67,-264.688,2.18252,0,90.82
383826,53.865234,y,-76.615,-220.3944,2.1871,0,90.82
383827,53.870117,y,-22.365,-197.6373,2.68328,0,90.82
383828,53.879882,y,44.59,-145.1684,1.8884,0,90.82
383829,53.889648,y,88.655,-94.5152,1.27907,0,90.82
383830,53.899414,y,82.355,-56.1999,0.9835,0,90.82
383831,53.910156,y,69.475,-26.6018,0.78831,0,90.82
383832,53.919922,y,54.6,-9.0111,0.71332,0,90.82
383833,53.929687,y,48.405,3.4258,0.74041,0,90.82
383834,53.939453,y,47.18,12.9043,0.92163,0,90.82
383835,53.950195,y,51.905,22.0895,1.13511,0,90.82
383836,53.959961,y,67.865,32.0058,1.28805,0,90.82
383837,53.964843,y,95.13,39.2585,1.37143,0,90.82
383838,53.974609,y,130.13,58.944,1.37136,1,91.28
383839,53.984375,y,168.21,82.6143,1.3141,0,91.28
383840,53.995117,y,203.56,111.0985,1.16832,0,91.28
383841,54.004882,y,229.95,136.843,1.04034,0,91.28
383842,54.014648,y,247.555,160.8265,0.9875,0,91.28
383843,54.024414,y,259.735,182.2531,0.99806,0,91.28
383844,54.035156,y,269.85,202.8833,1.0452,0,91.28
383845,54.044922,y,279.09,219.3919,1.09162,0,91.28
383846,54.054687,y,286.405,233.9076,1.14761,0,91.28
383847,54.064453,y,291.69,246.425,1.18217,0,91.28
383848,54.070312,y,294.245,252.9406,1.20019,0,91.28
383849,54.080078,y,294.63,261.9718,1.24136,0,91.28
383850,54.089843,y,294.035,268.917,1.28388,0,91.28
383851,54.099609,y,291.515,273.8124,1.39374,0,91.28
383852,54.109375,y,288.645,277.0256,1.52372,0,91.28
383853,54.120117,y,286.65,279.2923,1.65651,0,91.28
383854,54.129882,y,285.95,280.7344,1.83615,0,91.28
383855,54.139648,y,287.42,282.1827,2.02517,0,91.28
383856,54.149414,y,291.025,284.0982,2.183,0,91.28
383857,54.155273,y,295.68,285.6763,2.28576,0,91.28
383858,54.165039,y,298.655,288.4878,2.26864,0,91.28
383859,54.174804,y,295.715,290.0533,2.19989,0,91.28
383860,54.18457,y,285.215,289.0052,2.16022,0,91.28
383861,54.195312,y,269.185,284.3373,2.16267,0,91.28
383862,54.205078,y,250.04,276.9075,2.14032,0,91.28
383863,54.214843,y,228.2,266.3569,2.0773,0,91.28
383864,54.224609,y,202.405,252.503,2.01169,0,91.28
383865,54.234375,y,174.615,235.6302,1.98736,0,91.28
383866,54.245117,y,145.775,214.4681,1.96772,0,91.28
383867,54.254882,y,115.605,193.0533,1.97059,0,91.28
383868,54.264648,y,83.72,169.3685,2.01758,0,91.28
383869,54.269531,y,49.49,155.5923,2.09331,0,91.28
383870,54.280273,y,12.565,121.9075,2.15076,0,91.28
383871,54.290039,y,-29.715,89.0616,2.16285,0,91.28
383872,54.299804,y,-82.005,52.0068,2.3708,0,91.28
383873,54.30957,y,-156.38,6.864,1.08139,0,91.28
383874,54.320312,y,-186.725,-38.7287,1.53704,0,91.28
383875,54.330078,y,-181.265,-69.6063,2.78118,0,91.28
383876,54.339843,y,-152.39,-87.5381,1.91551,0,91.28
383877,54.349609,y,-155.82,-102.33,1.27816,0,91.28
383878,54.359375,y,-174.825,-118.0346,1.45861,0,91.28
383879,54.365234,y,-169.68,-125.0714,2.32931,0,91.28
383880,54.375,y,-125.405,-125.1437,2.18623,0,91.28
383881,54.384765,y,-86.485,-116.7698,1.38666,0,91.28
383882,54.394531,y,-79.38,-108.6701,1.01253,0,91.28
383883,54.405273,y,-85.015,-103.099,1.72713,0,91.28
383884,54.415039,y,-61.845,-94.1621,1.55726,0,91.28
383885,54.424804,y,-37.695,-81.9308,1.28253,0,91.28
383886,54.43457,y,-29.26,-70.5207,1.20203,0,91.28
383887,54.445312,y,-30.52,-61.1,1.14484,0,91.28
383888,54.455078,y,-28.7,-54.0812,1.09672,0,91.28
383889,54.459961,y,-27.23,-50.9955,1.0783,0,91.28
383890,54.469726,y,-25.69,-45.5141,1.17006,0,91.28
383891,54.479492,y,-20.825,-40.1657,1.15196,0,91.28
383892,54.490234,y,-13.685,-33.9292,1.19185,0,91.28
383893,54.5,y,-10.71,-28.8992,0.96879,0,91.28
383894,54.509765,y,-11.27,-25.0805,1.21932,0,91.28
383895,54.519531,y,-8.96,-21.5883,1.02091,0,91.28
383896,54.530273,y,-10.64,-19.0099,1.1661,0,91.28
383897,54.540039,y,-7.56,-16.5295,1.06538,0,91.28
383898,54.549804,y,-7.665,-14.6093,1.0831,0,91.28
383899,54.55957,y,-7.385,-13.0443,1.01856,0,91.28
383900,54.570312,y,-8.75,-12.033,1.04593,0,91.28
383901,54.575195,y,-8.925,-11.6758,1.02898,0,91.28
383902,54.584961,y,-9.03,-11.1026,1.04723,0,91.28
383903,54.594726,y,-8.365,-10.5096,1.10927,0,91.28
383904,54.604492,y,-6.755,-9.6963,1.05834,0,91.28
383905,54.615234,y,-6.475,-8.9376,1.06744,0,91.28
383906,54.625,y,-6.44,-8.3966,1.02682,0,91.28
383907,54.634765,y,-6.545,-7.9955,1.05231,0,91.28
383908,54.644531,y,-7.105,-7.8026,0.95942,0,91.28
383909,54.655273,y,-8.645,-8.001,1.01196,0,91.28
383910,54.660156,y,-9.03,-8.1192,0.9972,0,91.28
383911,54.669922,y,-9.59,-8.4378,0.99776,0,91.28
383912,54.679687,y,-11.27,-9.0513,0.95729,0,91.28
383913,54.689453,y,-13.895,-10.1006,1.08027,0,91.28
383914,54.700195,y,-12.88,-10.7552,0.94684,0,91.28
383915,54.709961,y,-13.44,-11.3368,1.13955,0,91.28
383916,54.719726,y,-10.885,-11.2389,0.99687,0,91.28
383917,54.729492,y,-11.655,-11.3291,1.08457,0,91.28
383918,54.740234,y,-9.555,-10.9113,1.02414,0,91.28
383919,54.75,y,-10.22,-10.7615,1.03891,0,91.28
383920,54.759765,y,-9.8,-10.5532,1.02983,0,91.28
383921,54.764648,y,-10.045,-10.4948,1.06102,0,91.28
383922,54.774414,y,-9.905,-10.3671,1.03716,0,91.28
383923,54.785156,y,-9.975,-10.2747,1.02599,0,91.28
383924,54.794922,y,-10.325,-10.2856,1.01196,0,91.28
383925,54.804687,y,-11.83,-10.6201,1.02349,0,91.28
383926,54.814453,y,-12.67,-11.0642,1.05026,0,91.28
383927,54.825195,y,-13.615,-11.6649,1.06438,0,91.28
383928,54.834961,y,-13.44,-12.0495,1.00982,0,91.28
383929,54.844726,y,-16.73,-13.0633,1.05772,0,91.28
383930,54.854492,y,-18.585,-14.2595,0.99965,0,91.28
383931,54.865234,y,-20.58,-15.748,1.04806,0,91.28
383932,54.870117,y,-23.1,-16.5929,1.01621,0,91.28
383933,54.879882,y,-27.825,-19.0259,1.09689,0,91.28
383934,54.889648,y,-28.805,-21.1443,1.00527,0,91.28
383935,54.899414,y,-37.59,-24.707,1.12154,0,91.28
383936,54.910156,y,-41.055,-28.5571,0.96612,0,91.28
383937,54.919922,y,-52.255,-33.6908,1.09068,0,91.28
383938,54.929687,y,-60.235,-39.4405,1.02773,0,91.28
383939,54.939453,y,-71.61,-46.4094,1.05533,0,91.28
383940,54.950195,y,-84.945,-55.485,1.0248,0,91.28
383941,54.955078,y,-102.025,-60.8333,1.02043,0,91.28
383942,54.964843,y,-120.855,-73.8346,0.98275,0,91.28
383943,54.974609,y,-143.29,-88.8807,1.06159,0,91.28
383944,54.984375,y,-161.28,-104.5646,1.30515,0,91.28
383945,54.995117,y,-175.735,-121.3261,1.14512,0,91.28
383946,55.004882,y,-200.76,-138.5323,1.05372,0,91.28
383947,55.014648,y,-231.7,-158.7152,1.04677,0,91.28
383948,55.024414,y,-261.555,-180.9934,1.14187,0,91.28
383949,55.035156,y,-295.225,-207.8964,1.09139,0,91.28
383950,55.044922,y,-330.715,-234.5026,1.12052,0,91.28
383951,55.054687,y,-367.605,-263.3339,1.15716,0,91.28
383952,55.064453,y,-400.295,-293.0038,1.3596,0,91.28
383953,55.070312,y,-420.7,-310.4027,1.83156,0,91.28
383954,55.080078,y,-427.805,-335.8356,2.3053,0,91.28
383955,55.089843,y,-423.675,-354.8625,2.74505,0,91.28
383956,55.099609,y,-397.005,-363.9918,2.77182,0,91.28
383957,55.109375,y,-361.41,-363.4325,2.56648,0,91.28
383958,55.120117,y,-326.725,-354.7874,1.94548,0,91.28
383959,55.129882,y,-308.735,-344.812,2.13336,0,91.28
383960,55.139648,y,-267.995,-328.1711,2.66904,0,91.28
383961,55.149414,y,-184.415,-297.0293,2.23139,0,91.28
383962,55.155273,y,-110.565,-271.623,2.44764,0,91.28
383963,55.165039,y,-38.325,-221.0837,2.32686,0,91.28
383964,55.174804,y,25.34,-167.7058,2.87467,0,91.28
383965,55.18457,y,99.575,-109.8048,1.36406,0,91.28
383966,55.195312,y,100.275,-60.3283,1.14951,0,91.28
383967,55.205078,y,92.82,-27.1518,0.93471,0,91.28
383968,55.214843,y,74.165,-5.2055,0.85603,0,91.28
383969,55.224609,y,60.725,9.077,0.80778,0,91.28
383970,55.234375,y,53.2,18.6353,0.85814,0,91.28
383971,55.245117,y,49.595,25.9267,0.96922,0,91.28
383972,55.254882,y,53.865,31.9785,1.09925,0,91.28
383973,55.264648,y,68.915,39.98,1.24125,0,91.28
383974,55.269531,y,96.635,46.4907,1.37597,1,91.84
383975,55.280273,y,133.945,67.0873,1.50894,0,91.84
383976,55.290039,y,176.47,90.7829,1.5222,0,91.84
383977,55.299804,y,217.735,118.282,1.48468,0,91.84
383978,55.30957,y,253.12,147.4919,1.33782,0,91.84
383979,55.320312,y,278.355,178.3119,1.14771,0,91.84
383980,55.330078,y,292.18,202.9791,1.02566,0,91.84
383981,55.339843,y,297.675,223.4912,0.97961,0,91.84
383982,55.349609,y,298.305,239.6981,0.95249,0,91.84
383983,55.359375,y,295.05,251.689,1.06669,0,91.84
383984,55.365234,y,292.6,257.2632,1.26099,0,91.84
383985,55.375,y,293.65,265.1457,1.42645,0,91.84
383986,55.384765,y,298.235,272.3132,1.58261,0,91.84
383987,55.394531,y,305.375,279.4754,1.61853,0,91.84
383988,55.405273,y,309.435,286.5312,1.68926,0,91.84
383989,55.415039,y,310.38,291.6976,1.77013,0,91.84
383990,55.424804,y,309.575,295.57,1.85298,0,91.84
383991,55.43457,y,307.405,298.1338,1.91951,0,91.84
383992,55.445312,y,303.17,299.3199,1.98927,0,91.84
383993,55.455078,y,297.22,298.865,2.08248,0,91.84
383994,55.459961,y,290.29,297.8796,2.14834,0,91.84
383995,55.469726,y,281.54,294.3403,2.19983,0,91.84
383996,55.479492,y,270.585,289.1942,2.2318,0,91.84
383997,55.490234,y,257.32,281.6874,2.23323,0,91.84
383998,55.5,y,240.45,272.7541,2.13154,0,91.84
383999,55.509765,y,217.77,260.844,1.98548,0,91.84
384000,55.519531,y,190.26,245.5534,1.93155,0,91.84
384001,55.530273,y,162.75,226.0521,1.92412,0,91.84
384002,55.540039,y,136.535,206.6601,1.93095,0,91.84
384003,55.549804,y,110.39,185.807,1.97969,0,91.84
384004,55.55957,y,84.07,163.7677,2.07809,0,91.84
384005,55.570312,y,56.385,138.4777,2.10787,0,91.84
384006,55.575195,y,23.205,125.2308,2.10643,0,91.84
384007,55.584961,y,-14.98,94.8569,2.051,0,91.84
384008,55.594726,y,-60.795,61.1411,2.03504,0,91.84
384009,55.604492,y,-107.625,24.5813,1.98723,0,91.84
384010,55.615234,y,-150.71,-16.702,0.70413,0,91.84
384011,55.625,y,-171.045,-50.1373,2.18603,0,91.84
384012,55.634765,y,-153.685,-72.5668,2.69277,0,91.84
384013,55.644531,y,-132.545,-85.5599,1.4585,0,91.84
384014,55.655273,y,-148.785,-100.4502,0.91015,0,91.84
384015,55.660156,y,-183.575,-110.0027,1.41817,0,91.84
384016,55.669922,y,-176.4,-124.3864,2.50244,0,91.84
384017,55.679687,y,-127.155,-124.9861,2.08694,0,91.84
384018,55.689453,y,-90.055,-117.419,1.4053,0,91.84
384019,55.700195,y,-84.525,-109.672,1.06621,0,91.84
384020,55.709961,y,-86.835,-104.7248,2.04519,0,91.84
384021,55.719726,y,-56.63,-94.307,1.61996,0,91.84
384022,55.729492,y,-35.595,-81.5882,1.3788,0,91.84
384023,55.740234,y,-27.755,-68.9098,1.26547,0,91.84
384024,55.75,y,-25.445,-59.494,1.15853,0,91.84
384025,55.759765,y,-23.135,-51.6183,1.09282,0,91.84
384026,55.764648,y,-22.33,-48.2525,1.0983,0,91.84
384027,55.774414,y,-21.42,-42.4398,1.10943,0,91.84
384028,55.785156,y,-16.205,-36.2612,1.12348,0,91.84
384029,55.794922,y,-12.495,-31.1127,1.04058,0,91.84
384030,55.804687,y,-11.795,-26.9283,1.13018,0,91.84
384031,55.814453,y,-10.99,-23.4756,1.03564,0,91.84
384032,55.825195,y,-10.78,-20.4856,1.14011,0,91.84
384033,55.834961,y,-8.995,-17.9964,1.10861,0,91.84
384034,55.844726,y,-6.79,-15.569,1.10534,0,91.84
384035,55.854492,y,-4.865,-13.2502,1.02022,0,91.84
384036,55.865234,y,-5.53,-11.432,1.08288,0,91.84
384037,55.870117,y,-6.09,-10.8181,0.97675,0,91.84
384038,55.879882,y,-7.175,-10.029,1.15846,0,91.84
384039,55.889648,y,-4.48,-8.8269,0.95713,0,91.84
384040,55.899414,y,-5.67,-8.143,1.12088,0,91.84
384041,55.910156,y,-3.605,-7.0743,0.98359,0,91.84
384042,55.919922,y,-5.845,-6.808,1.04325,0,91.84
384043,55.929687,y,-6.335,-6.7055,1.02825,0,91.84
384044,55.939453,y,-7.07,-6.7845,1.04322,0,91.84
384045,55.950195,y,-6.895,-6.8105,0.99425,0,91.84
384046,55.955078,y,-7.98,-6.9449,1.03306,0,91.84
384047,55.964843,y,-7.665,-7.1009,1.03387,0,91.84
384048,55.974609,y,-7.49,-7.1852,0.97962,0,91.84
384049,55.984375,y,-8.82,-7.5393,1.0086,0,91.84
384050,55.995117,y,-10.43,-8.2201,0.9746,0,91.84
384051,56.004882,y,-12.88,-9.2295,0.98218,0,91.84
384052,56.014648,y,-15.855,-10.6648,0.92815,0,91.84
384053,56.024414,y,-19.285,-12.5322,1.06365,0,91.84
384054,56.035156,y,-19.565,-14.1885,1.023,0,91.84
384055,56.044922,y,-19.95,-15.4366,1.02015,0,91.84
384056,56.054687,y,-21.175,-16.6796,1.02132,0,91.84
384057,56.064453,y,-21.35,-17.6914,1.11324,0,91.84
384058,56.070312,y,-18.655,-17.8227,0.98425,0,91.84
384059,56.079101,y,-18.48,-17.9523,1.10095,0,91.84
384060,56.089843,y,-18.62,-18.1096,1.03518,0,91.84
384061,56.099609,y,-19.355,-18.3794,1.10431,0,91.84
384062,56.109375,y,-17.815,-18.2571,1.07933,0,91.84
384063,56.120117,y,-18.095,-18.2189,1.05603,0,91.84
384064,56.129882,y,-17.675,-18.1011,1.06164,0,91.84
384065,56.139648,y,-17.78,-18.0315,1.04197,0,91.84
384066,56.149414,y,-19.53,-18.3562,1.07526,0,91.84
384067,56.155273,y,-20.09,-18.5924,1.01471,0,91.84
384068,56.165039,y,-23.66,-19.6902,1.05495,0,91.84
384069,56.174804,y,-25.515,-20.9519,1.05748,0,91.84
384070,56.18457,y,-27.37,-22.3423,1.04317,0,91.84
384071,56.195312,y,-31.08,-24.4001,1.05205,0,91.84
384072,56.205078,y,-34.72,-26.6357,1.01231,0,91.84
384073,56.214843,y,-41.72,-29.9031,1.08834,0,91.84
384074,56.224609,y,-48.125,-33.8505,0.98526,0,91.84
384075,56.234375,y,-58.94,-39.2857,1.06132,0,91.84
384076,56.245117,y,-69.09,-46.305,0.99698,0,91.84
384077,56.254882,y,-84.07,-54.4853,1.07253,0,91.84
384078,56.259765,y,-95.445,-59.1923,0.99432,0,91.84
384079,56.269531,y,-113.785,-71.0187,0.96849,0,91.84
384080,56.280273,y,-132.93,-85.5996,0.95521,0,91.84
384081,56.290039,y,-153.23,-100.2504,1.19281,0,91.84
384082,56.299804,y,-166.11,-114.5162,1.2778,0,91.84
384083,56.30957,y,-182.105,-129.158,1.08165,0,91.84
384084,56.320312,y,-208.81,-147.9171,1.04087,0,91.84
384085,56.330078,y,-237.23,-167.2649,1.08216,0,91.84
384086,56.339843,y,-267.225,-188.9173,1.14558,0,91.84
384087,56.349609,y,-298.27,-212.6064,1.12678,0,91.84
384088,56.359375,y,-333.515,-238.7988,1.1784,0,91.84
384089,56.365234,y,-366.765,-256.2345,1.19358,0,91.84
384090,56.375,y,-392.7,-285.797,1.58065,0,91.84
384091,56.384765,y,-402.815,-311.1443,1.93229,0,91.84
384092,56.394531,y,-405.825,-331.655,2.56395,0,91.84
384093,56.405273,y,-390.565,-345.529,2.5951,0,91.84
384094,56.415039,y,-367.255,-350.2355,2.3501,0,91.84
384095,56.424804,y,-345.31,-349.1686,2.35129,0,91.84
384096,56.43457,y,-315.91,-341.9638,1.9086,0,91.84
384097,56.445312,y,-291.935,-330.1814,2.10059,0,91.84
384098,56.450195,y,-248.5,-320.7947,2.44785,0,91.84
384099,56.459961,y,-172.515,-288.6729,2.24929,0,91.84
384100,56.469726,y,-100.555,-247.9246,2.3328,0,91.84
384101,56.479492,y,-35.28,-201.8594,2.51099,0,91.84
384102,56.490234,y,33.075,-146.5294,2.52474,0,91.84
384103,56.5,y,98.735,-93.3978,1.29022,0,91.84
384104,56.509765,y,94.36,-52.7275,1.07517,0,91.84
384105,56.519531,y,82.53,-23.4267,0.84921,0,91.84
384106,56.530273,y,61.11,-3.5172,0.75445,0,91.84
384107,56.540039,y,46.9,7.4047,0.72748,0,91.84
384108,56.549804,y,39.2,14.2919,0.83503,0,91.84
384109,56.55957,y,36.645,19.1342,1.00833,0,91.84
384110,56.564453,y,42.525,21.8222,1.19136,0,91.84
384111,56.575195,y,61.81,31.2399,1.38765,0,91.84
384112,56.584961,y,95.06,45.0652,1.53761,1,91.59
384113,56.594726,y,137.725,65.1363,1.61982,0,91.59
384114,56.604492,y,184.31,90.9529,1.49555,0,91.59
384115,56.615234,y,224.0,122.2872,1.29522,0,91.59
384116,56.625,y,252.07,150.402,1.08992,0,91.59
384117,56.634765,y,268.52,175.9876,0.95266,0,91.59
384118,56.644531,y,276.64,197.7919,0.93201,0,91.59
384119,56.655273,y,281.575,217.5239,0.9706,0,91.59
384120,56.660156,y,285.215,225.3028,1.05928,0,91.59
384121,56.669922,y,288.995,239.1005,1.19968,0,91.59
384122,56.679687,y,294.945,251.197,1.28846,0,91.59
384123,56.689453,y,301.245,262.0389,1.31231,0,91.59
384124,56.700195,y,305.515,272.278,1.33815,0,91.59
384125,56.709961,y,307.58,279.9255,1.34969,0,91.59
384126,56.719726,y,306.075,285.5898,1.46047,0,91.59
384127,56.729492,y,303.835,289.5422,1.61977,0,91.59
384128,56.740234,y,303.135,292.7435,1.72589,0,91.59
384129,56.75,y,301.56,294.6534,1.81837,0,91.59
384130,56.754882,y,298.375,295.081,1.9669,0,91.59
384131,56.764648,y,295.575,295.188,2.19001,0,91.59
384132,56.774414,y,294.455,295.0292,2.34262,0,91.59
384133,56.785156,y,293.125,294.5808,2.41266,0,91.59
384134,56.794922,y,289.8,293.5451,2.41559,0,91.59
384135,56.804687,y,282.625,291.1797,2.35271,0,91.59
384136,56.814453,y,268.73,286.3164,2.25901,0,91.59
384137,56.825195,y,245.665,276.7425,2.23475,0,91.59
384138,56.834961,y,216.545,263.7019,2.2481,0,91.59
384139,56.844726,y,186.62,247.0052,2.22215,0,91.59
384140,56.854492,y,155.96,227.2821,2.18009,0,91.59
384141,56.865234,y,121.73,202.4232,2.26279,0,91.59
384142,56.870117,y,86.03,189.0475,2.46843,0,91.59
384143,56.879882,y,51.765,159.3107,2.58302,0,91.59
384144,56.889648,y,14.595,127.961,2.62315,0,91.59
384145,56.899414,y,-32.725,93.1516,2.62153,0,91.59
384146,56.910156,y,-87.01,50.7212,2.46948,0,91.59
384147,56.919922,y,-140.665,9.2613,0.56613,0,91.59
384148,56.929687,y,-159.005,-27.1869,2.40756,0,91.59
384149,56.939453,y,-146.16,-52.9601,2.93861,0,91.59
384150,56.945312,y,-137.025,-64.4141,1.14663,0,91.59
384151,56.955078,y,-178.22,-89.0679,0.62696,0,91.59
384152,56.964843,y,-230.475,-119.6981,1.74113,0,91.59
384153,56.974609,y,-208.81,-139.0024,2.80478,0,91.59
384154,56.984375,y,-143.395,-139.954,2.28436,0,91.59
384155,56.995117,y,-103.215,-131.3015,1.33902,0,91.59
384156,57.004882,y,-104.615,-125.5209,1.17938,0,91.59
384157,57.014648,y,-101.955,-120.4158,2.41298,0,91.59
384158,57.024414,y,-60.48,-107.4319,1.78161,0,91.59
384159,57.035156,y,-42.245,-92.0796,1.3044,0,91.59
384160,57.044922,y,-43.435,-81.5417,1.10939,0,91.59
384161,57.054687,y,-39.41,-72.4155,1.31417,0,91.59
384162,57.05957,y,-30.625,-67.6131,1.23924,0,91.59
384163,57.070312,y,-21.455,-56.7422,1.15272,0,91.59
384164,57.080078,y,-18.095,-48.3701,1.12434,0,91.59
384165,57.089843,y,-14.525,-41.0389,1.1172,0,91.59
384166,57.099609,y,-13.3,-35.0298,1.05394,0,91.59
384167,57.109375,y,-15.015,-30.694,1.09099,0,91.59
384168,57.120117,y,-15.33,-27.0756,1.09998,0,91.59
384169,57.129882,y,-12.845,-23.9931,1.14809,0,91.59
384170,57.139648,y,-8.89,-20.7213,1.12047,0,91.59
384171,57.149414,y,-7.805,-17.9233,1.08809,0,91.59
384172,57.155273,y,-7.98,-16.5685,1.10432,0,91.59
384173,57.165039,y,-6.09,-14.2985,1.02848,0,91.59
384174,57.174804,y,-5.88,-12.475,1.05735,0,91.59
384175,57.18457,y,-5.32,-10.925,1.01534,0,91.59
384176,57.195312,y,-5.565,-9.6626,1.06564,0,91.59
384177,57.205078,y,-4.69,-8.5854,0.99638,0,91.59
384178,57.214843,y,-5.6,-7.9388,1.04235,0,91.59
384179,57.224609,y,-5.565,-7.4245,1.00577,0,91.59
384180,57.234375,y,-6.755,-7.2795,1.05258,0,91.59
384181,57.245117,y,-4.655,-6.6614,0.9848,0,91.59
384182,57.254882,y,-6.44,-6.6134,1.06722,0,91.59
384183,57.259765,y,-3.85,-6.2959,0.9733,0,91.59
384184,57.269531,y,-4.13,-5.8267,1.07217,0,91.59
384185,57.280273,y,-3.255,-5.221,1.02509,0,91.59
384186,57.290039,y,-2.975,-4.7345,1.03564,0,91.59
384187,57.299804,y,-3.15,-4.3912,1.01869,0,91.59
384188,57.30957,y,-4.34,-4.3801,1.02156,0,91.59
384189,57.320312,y,-5.005,-4.5273,0.99048,0,91.59
384190,57.330078,y,-5.74,-4.79,1.04463,0,91.59
384191,57.339843,y,-5.355,-4.9124,1.05012,0,91.59
384192,57.349609,y,-5.355,-5.0083,1.04189,0,91.59
384193,57.359375,y,-5.6,-5.1365,1.04156,0,91.59
384194,57.365234,y,-5.075,-5.1281,0.97336,0,91.59
384195,57.375,y,-6.755,-5.4805,1.01249,0,91.59
384196,57.384765,y,-7.665,-5.9537,0.92886,0,91.59
384197,57.394531,y,-11.235,-7.0978,1.03072,0,91.59
384198,57.405273,y,-12.04,-8.2617,0.99963,0,91.59
384199,57.415039,y,-13.335,-9.3608,1.02706,0,91.59
384200,57.424804,y,-16.765,-10.9646,1.0039,0,91.59
384201,57.43457,y,-20.125,-12.949,1.08436,0,91.59
384202,57.445312,y,-20.37,-14.6968,0.93577,0,91.59
384203,57.450195,y,-24.465,-15.8193,1.152,0,91.59
384204,57.459961,y,-23.31,-17.442,1.00502,0,91.59
384205,57.469726,y,-28.665,-19.873,1.10385,0,91.59
384206,57.479492,y,-29.33,-21.9217,1.1272,0,91.59
384207,57.490234,y,-29.12,-23.617,1.04248,0,91.59
384208,57.5,y,-34.72,-26.0222,1.05948,0,91.59
384209,57.509765,y,-39.585,-28.9601,1.06035,0,91.59
384210,57.519531,y,-46.27,-32.7099,1.07686,0,91.59
384211,57.530273,y,-54.845,-37.923,1.05757,0,91.59
384212,57.540039,y,-63.91,-43.5526,1.01847,0,91.59
384213,57.549804,y,-79.59,-51.3586,0.94598,0,91.59
384214,57.55957,y,-99.085,-61.6976,0.99168,0,91.59
384215,57.564453,y,-120.295,-68.4315,1.11832,0,91.59
384216,57.575195,y,-136.885,-84.5532,1.32863,0,91.59
384217,57.584961,y,-152.46,-99.2638,1.24836,0,91.59
384218,57.594726,y,-175.245,-115.7221,1.0354,0,91.59
384219,57.604492,y,-205.03,-135.0689,1.12592,0,91.59
384220,57.615234,y,-234.325,-158.445,1.11644,0,91.59
384221,57.625,y,-267.75,-182.1237,1.17278,0,91.59
384222,57.634765,y,-303.87,-208.4952,0.86857,0,91.59
384223,57.644531,y,-350.77,-239.3162,1.25567,0,91.59
384224,57.655273,y,-382.41,-273.0166,1.03937,0,91.59
384225,57.660156,y,-411.67,-288.9504,1.68369,0,91.59
384226,57.669922,y,-416.605,-316.6042,2.06115,0,91.59
384227,57.679687,y,-412.265,-337.3253,2.65374,0,91.59
384228,57.689453,y,-389.27,-348.5781,2.62998,0,91.59
384229,57.700195,y,-356.265,-350.3884,2.91249,0,91.59
384230,57.709961,y,-307.79,-341.1603,2.05292,0,91.59
384231,57.719726,y,-290.465,-330.1792,2.01261,0,91.59
384232,57.729492,y,-253.47,-313.5617,3.24644,0,91.59
384233,57.740234,y,-150.08,-275.0597,2.23742,0,91.59
384234,57.75,y,-71.225,-230.903,2.42547,0,91.59
384235,57.754882,y,-10.85,-205.6198,1.88263,0,91.59
384236,57.764648,y,23.73,-155.9358,1.76737,0,91.59
384237,57.774414,y,58.345,-109.5162,1.25966,0,91.59
384238,57.785156,y,56.455,-70.4278,1.15771,0,91.59
384239,57.794922,y,45.325,-45.3523,1.06375,0,91.59
384240,57.804687,y,27.335,-29.6075,1.00894,0,91.59
384241,57.814453,y,18.725,-19.1372,1.01925,0,91.59
384242,57.825195,y,12.915,-11.5885,1.02489,0,91.59
384243,57.834961,y,10.955,-6.7049,1.02822,0,91.59
384244,57.844726,y,17.15,-1.5377,1.052,0,91.59
384245,57.854492,y,33.6,6.0742,1.17364,0,91.59
384246,57.865234,y,60.515,18.8957,1.33374,0,91.59
384247,57.870117,y,95.9,27.7449,1.40689,0,91.59
384248,57.879882,y,133.56,50.6655,1.40481,1,92.02
384249,57.889648,y,168.84,76.2656,1.32415,0,92.02
384250,57.899414,y,197.785,102.5904,1.20314,0,92.02
384251,57.910156,y,218.82,129.9639,1.08687,0,92.02
384252,57.919922,y,232.295,152.1319,1.00717,0,92.02
384253,57.929687,y,240.24,171.217,1.02384,0,92.02
384254,57.939453,y,247.1,187.6555,1.12865,0,92.02
384255,57.945312,y,255.745,196.9329,1.2205,0,92.02
384256,57.955078,y,264.6,211.5916,1.25471,0,92.02
384257,57.964843,y,271.215,224.5067,1.23386,0,92.02
384258,57.974609,y,274.89,235.4212,1.1742,0,92.02
384259,57.984375,y,275.485,244.1002,1.1551,0,92.02
384260,57.995117,y,273.805,251.0961,1.22069,0,92.02
384261,58.004882,y,270.585,255.3176,1.3841,0,92.02
384262,58.014648,y,268.695,258.2155,1.50627,0,92.02
384263,58.024414,y,267.4,260.2052,1.62361,0,92.02
384264,58.035156,y,267.05,261.8172,1.80314,0,92.02
384265,58.044922,y,269.71,263.527,2.05207,0,92.02
384266,58.054687,y,276.01,266.231,2.20892,0,92.02
384267,58.05957,y,282.555,268.1069,2.26652,0,92.02
384268,58.070312,y,286.755,272.4988,2.23147,0,92.02
384269,58.080078,y,285.04,275.2156,2.14527,0,92.02
384270,58.089843,y,275.065,275.183,2.08072,0,92.02
384271,58.099609,y,257.53,271.3588,2.06178,0,92.02
384272,58.109375,y,234.15,263.2983,2.08203,0,92.02
384273,58.120117,y,207.515,250.1606,2.10429,0,92.02
384274,58.129882,y,180.46,235.0627,2.10597,0,92.02
384275,58.139648,y,154.245,217.5552,2.14156,0,92.02
384276,58.149414,y,129.745,198.5329,2.13089,0,92.02
384277,58.155273,y,104.335,185.6982,2.12207,0,92.02
384278,58.165039,y,74.865,161.6884,2.14548,0,92.02
384279,58.174804,y,39.76,135.2774,2.21168,0,92.02
384280,58.18457,y,-0.245,105.9192,2.24313,0,92.02
384281,58.195312,y,-45.045,70.3652,2.2243,0,92.02
384282,58.205078,y,-94.815,34.5823,2.13136,0,92.02
384283,58.214843,y,-138.46,-2.9005,0.61291,0,92.02
384284,58.224609,y,-152.495,-35.3071,2.37174,0,92.02
384285,58.234375,y,-135.24,-56.9556,2.76134,0,92.02
384286,58.245117,y,-127.085,-73.4719,1.3063,0,92.02
384287,58.25,y,-164.815,-83.9689,0.74435,0,92.02
384288,58.259765,y,-209.02,-111.0563,1.65256,0,92.02
384289,58.269531,y,-192.08,-128.6084,2.60636,0,92.02
384290,58.280273,y,-135.94,-130.3351,2.13496,0,92.02
384291,58.290039,y,-99.61,-123.6791,1.35817,0,92.02
384292,58.299804,y,-96.88,-117.8742,1.22166,0,92.02
384293,58.30957,y,-93.24,-112.5377,1.92607,0,92.02
384294,58.320312,y,-65.555,-101.4726,1.88434,0,92.02
384295,58.330078,y,-39.27,-87.9977,1.40394,0,92.02
384296,58.339843,y,-34.58,-76.4269,1.1552,0,92.02
384297,58.349609,y,-33.705,-67.172,1.10113,0,92.02
384298,58.359375,y,-31.85,-59.5202,1.23273,0,92.02
384299,58.365234,y,-26.075,-54.9632,1.13944,0,92.02
384300,58.375,y,-21.42,-47.6968,1.12113,0,92.02
384301,58.384765,y,-15.54,-40.7313,1.16689,0,92.02
384302,58.394531,y,-10.815,-34.2505,1.12548,0,92.02
384303,58.405273,y,-9.66,-28.4591,1.13854,0,92.02
384304,58.415039,y,-8.505,-24.1365,1.13869,0,92.02
384305,58.424804,y,-8.295,-20.705,1.10085,0,92.02
384306,58.43457,y,-4.62,-17.2205,1.18,0,92.02
384307,58.445312,y,-1.015,-13.4039,0.99745,0,92.02
384308,58.450195,y,-3.325,-12.2457,1.09989,0,92.02
384309,58.459961,y,-2.905,-10.2222,1.03406,0,92.02
384310,58.469726,y,-4.095,-8.895,1.05323,0,92.02
384311,58.479492,y,-3.5,-7.7263,0.98437,0,92.02
384312,58.490234,y,-3.85,-6.8134,1.10067,0,92.02
384313,58.5,y,-1.54,-5.671,1.00923,0,92.02
384314,58.509765,y,-1.645,-4.7989,1.01496,0,92.02
384315,58.519531,y,-2.345,-4.2673,0.99552,0,92.02
384316,58.530273,y,-4.2,-4.2515,0.98546,0,92.02
384317,58.540039,y,-6.51,-4.7407,0.96961,0,92.02
384318,58.549804,y,-9.45,-5.7608,0.98277,0,92.02
384319,58.554687,y,-10.85,-6.3457,1.02372,0,92.02
384320,58.564453,y,-10.605,-7.2684,0.99596,0,92.02
384321,58.575195,y,-10.045,-7.9223,1.05325,0,92.02
384322,58.584961,y,-9.1,-8.1774,1.01747,0,92.02
384323,58.594726,y,-9.485,-8.4607,1.02285,0,92.02
384324,58.604492,y,-10.85,-8.9783,0.96527,0,92.02
384325,58.615234,y,-13.3,-9.9961,1.0681,0,92.02
384326,58.625,y,-14.91,-11.0606,0.93019,0,92.02
384327,58.634765,y,-17.325,-12.4175,1.12006,0,92.02
384328,58.644531,y,-17.185,-13.4503,0.96719,0,92.02
384329,58.655273,y,-19.39,-14.8492,1.08615,0,92.02
384330,58.660156,y,-18.095,-15.2222,1.01904,0,92.02
384331,58.669922,y,-19.11,-16.0644,1.04908,0,92.02
384332,58.679687,y,-18.655,-16.6255,1.01911,0,92.02
384333,58.689453,y,-19.635,-17.2775,1.04436,0,92.02
384334,58.700195,y,-20.16,-17.9564,1.04241,0,92.02
384335,58.709961,y,-21.035,-18.6233,1.06069,0,92.02
384336,58.719726,y,-19.67,-18.85,1.06586,0,92.02
384337,58.729492,y,-18.41,-18.7547,1.03846,0,92.02
384338,58.740234,y,-17.78,-18.5251,1.02295,0,92.02
384339,58.745117,y,-20.65,-18.7693,1.04175,0,92.02
384340,58.754882,y,-22.995,-19.6846,1.05022,0,92.02
384341,58.764648,y,-24.675,-20.7657,1.10484,0,92.02
384342,58.774414,y,-24.64,-21.605,0.98855,0,92.02
384343,58.785156,y,-28.455,-23.2183,1.07447,0,92.02
384344,58.794922,y,-30.17,-24.7242,1.0121,0,92.02
384345,58.804687,y,-36.61,-27.2988,1.1006,0,92.02
384346,58.814453,y,-41.23,-30.3167,1.00927,0,92.02
384347,58.825195,y,-53.55,-35.7884,1.11679,0,92.02
384348,58.834961,y,-59.325,-40.8872,0.96791,0,92.02
384349,58.844726,y,-73.15,-47.8756,1.08808,0,92.02
384350,58.854492,y,-83.755,-55.6482,1.01535,0,92.02
384351,58.859375,y,-100.73,-60.8289,1.06158,0,92.02
384352,58.870117,y,-115.325,-73.6634,0.93592,0,92.02
384353,58.879882,y,-137.2,-87.4261,0.98139,0,92.02
384354,58.889648,y,-161.98,-103.5767,1.00978,0,92.02
384355,58.899414,y,-180.425,-120.2243,1.3489,0,92.02
384356,58.910156,y,-195.02,-137.8397,1.1526,0,92.02
384357,58.919922,y,-222.11,-156.0951,0.99362,0,92.02
384358,58.929687,y,-259.525,-178.4991,1.0723,0,92.02
384359,58.939453,y,-291.55,-202.9893,1.08684,0,92.02
384360,58.945312,y,-327.145,-219.9059,1.15954,0,92.02
384361,58.955078,y,-365.33,-251.4091,1.14929,0,92.02
384362,58.964843,y,-403.62,-284.3795,1.24267,0,92.02
384363,58.974609,y,-434.7,-316.9434,1.7138,0,92.02
384364,58.984375,y,-451.815,-346.1606,2.36489,0,92.02
384365,58.995117,y,-453.355,-371.4063,2.99833,0,92.02
384366,59.004882,y,-429.345,-383.9564,2.95918,0,92.02
384367,59.014648,y,-398.65,-387.1395,2.34618,0,92.02
384368,59.024414,y,-373.31,-384.1436,2.08552,0,92.02
384369,59.035156,y,-354.97,-377.2728,1.33425,0,92.02
384370,59.044922,y,-350.07,-371.3799,1.292,0,92.02
384371,59.049804,y,-327.32,-366.3176,1.6825,0,92.02
384372,59.05957,y,-283.115,-348.2934,2.16499,0,92.02
384373,59.070312,y,-219.1,-317.8667,1.94785,0,92.02
384374,59.080078,y,-168.665,-285.5452,2.06071,0,92.02
384375,59.089843,y,-111.09,-247.7564,4.03065,0,92.02
384376,59.099609,y,16.45,-190.5214,2.07211,0,92.02
384377,59.109375,y,80.99,-131.7039,1.47872,0,92.02
384378,59.120117,y,126.245,-70.9536,0.87387,0,92.02
384379,59.129882,y,151.13,-22.848,0.62936,0,92.02
384380,59.139648,y,165.48,17.9494,0.42774,0,92.02
384381,59.149414,y,164.29,49.6512,0.37265,1,93.02
384382,59.155273,y,155.12,64.0216,0.39006,0,93.02
384383,59.165039,y,141.26,80.7537,0.38981,0,93.02
384384,59.174804,y,132.195,91.8964,0.56759,0,93.02
384385,59.18457,y,139.37,102.1806,0.98218,0,93.02
384386,59.195312,y,165.06,116.9895,1.37093,0,93.02
384387,59.205078,y,204.435,135.9328,1.43957,0,93.02
384388,59.214843,y,243.67,159.2698,1.3217,0,93.02
384389,59.224609,y,276.15,184.5896,1.08991,0,93.02
384390,59.234375,y,297.99,209.1555,0.90152,0,93.02
384391,59.245117,y,309.435,232.7726,0.81457,0,93.02
384392,59.25,y,313.67,242.0692,0.85686,0,93.02
384393,59.259765,y,315.21,257.9122,0.93849,0,93.02
384394,59.269531,y,315.77,270.4459,1.02343,0,93.02
384395,59.280273,y,315.98,281.1698,1.14695,0,93.02
384396,59.290039,y,317.485,289.0368,1.29849,0,93.02
384397,59.299804,y,321.125,295.9874,1.5212,0,93.02
384398,59.30957,y,328.615,303.0555,1.62311,0,93.02
384399,59.320312,y,335.475,310.6907,1.54395,0,93.02
384400,59.330078,y,335.58,316.0825,1.47864,0,93.02
384401,59.339843,y,328.37,318.7441,1.54579,0,93.02
384402,59.349609,y,319.06,318.8125,1.71361,0,93.02
384403,59.359375,y,311.115,317.145,1.93304,0,93.02
384404,59.365234,y,304.465,315.4173,2.09286,0,93.02
384405,59.375,y,297.535,311.5435,2.18296,0,93.02
384406,59.384765,y,290.185,306.917,2.22195,0,93.02
384407,59.394531,y,281.505,301.412,2.18786,0,93.02
384408,59.405273,y,268.905,293.7562,2.08254,0,93.02
384409,59.415039,y,250.04,284.286,2.03873,0,93.02
384410,59.424804,y,226.205,271.705,2.05839,0,93.02
384411,59.43457,y,200.515,256.2831,2.07615,0,93.02
384412,59.445312,y,174.755,237.0822,2.07259,0,93.02
384413,59.450195,y,149.24,226.9876,2.05655,0,93.02
384414,59.459961,y,123.375,204.542,2.07178,0,93.02
384415,59.469726,y,97.755,181.4108,2.15428,0,93.02
384416,59.479492,y,74.095,158.163,2.24407,0,93.02
384417,59.490234,y,49.28,132.5197,2.21291,0,93.02
384418,59.5,y,13.51,106.7386,2.15355,0,93.02
384419,59.509765,y,-35.035,76.029,2.0801,0,93.02
384420,59.519531,y,-89.25,40.2246,1.70489,0,93.02
384421,59.530273,y,-138.95,-1.9733,0.70941,0,93.02
384422,59.540039,y,-146.3,-33.2388,2.50192,0,93.02
384423,59.549804,y,-130.795,-54.3705,2.27862,0,93.02
384424,59.554687,y,-127.925,-62.8232,0.89137,0,93.02
384425,59.564453,y,-162.61,-84.44,0.55771,0,93.02
384426,59.575195,y,-197.225,-111.0023,1.7424,0,93.02
384427,59.584961,y,-176.085,-125.1012,2.47794,0,93.02
384428,59.594726,y,-125.825,-125.258,2.12305,0,93.02
384429,59.604492,y,-90.335,-117.6926,1.36392,0,93.02
384430,59.615234,y,-83.86,-109.7246,1.21742,0,93.02
384431,59.625,y,-76.72,-102.5748,1.41729,0,93.02
384432,59.634765,y,-59.185,-93.1761,2.02538,0,93.02
384433,59.644531,y,-22.855,-77.9425,1.27537,0,93.02
384434,59.655273,y,-7.0,-61.2346,1.13182,0,93.02
384435,59.660156,y,-9.485,-55.2876,1.02645,0,93.02
384436,59.669922,y,-21.7,-48.0116,1.06159,0,93.02
384437,59.679687,y,-26.355,-43.3205,1.11755,0,93.02
384438,59.689453,y,-22.68,-38.8492,1.1214,0,93.02
384439,59.700195,y,-17.675,-33.8624,1.08968,0,93.02
384440,59.709961,y,-13.755,-29.5065,1.09145,0,93.02
384441,59.719726,y,-11.9,-25.6928,1.10331,0,93.02
384442,59.729492,y,-11.76,-22.6745,1.12257,0,93.02
384443,59.740234,y,-10.465,-19.799,1.13613,0,93.02
384444,59.745117,y,-10.185,-18.6942,1.07012,0,93.02
384445,59.754882,y,-10.885,-17.0026,1.04558,0,93.02
384446,59.764648,y,-11.55,-15.8214,1.00512,0,93.02
384447,59.774414,y,-13.615,-15.3435,1.06295,0,93.02
384448,59.785156,y,-12.39,-14.6479,1.08618,0,93.02
384449,59.794922,y,-11.865,-14.045,1.05226,0,93.02
384450,59.804687,y,-10.045,-13.1786,1.07533,0,93.02
384451,59.814453,y,-9.135,-12.3026,1.05459,0,93.02
384452,59.825195,y,-9.275,-11.5896,1.0485,0,93.02
384453,59.834961,y,-8.575,-10.9365,1.04925,0,93.02
384454,59.844726,y,-8.82,-10.4781,1.02194,0,93.02
384455,59.854492,y,-10.36,-10.4525,1.00827,0,93.02
384456,59.859375,y,-11.62,-10.5867,1.0147,0,93.02
384457,59.870117,y,-11.865,-10.8877,1.00904,0,93.02
384458,59.879882,y,-12.67,-11.2738,0.99745,0,93.02
384459,59.889648,y,-13.37,-11.7279,1.00436,0,93.02
384460,59.899414,y,-14.315,-12.2883,0.99486,0,93.02
384461,59.910156,y,-14.84,-12.8893,1.02616,0,93.02
384462,59.919922,y,-15.575,-13.4711,1.03969,0,93.02
384463,59.929687,y,-14.91,-13.7828,1.02145,0,93.02
384464,59.939453,y,-15.505,-14.1559,1.04642,0,93.02
384465,59.945312,y,-15.96,-14.4017,1.02483,0,93.02
384466,59.955078,y,-15.855,-14.7165,1.06069,0,93.02
384467,59.964843,y,-15.68,-14.9252,1.00719,0,93.02
384468,59.974609,y,-17.36,-15.4527,1.08629,0,93.02
384469,59.984375,y,-14.91,-15.3351,1.02606,0,93.02
