sequence,time_s,magnitude_g,foot_strike,cadence_spm,phase,peak_g,rearm_g,min_stride_ms
347604,0.0,1.04213,0,168.13,0.07816053980916715,1.3,1.08,450.0
347605,0.009766,1.05547,0,168.13,0.09184331000528734,1.3,1.08,450.0
347606,0.020508,1.06532,0,168.13,0.10689351658386936,1.3,1.08,450.0
347607,0.030274,1.04098,0,168.13,0.12057628677998977,1.3,1.08,450.0
347608,0.040039,1.07042,0,168.13,0.13425765591420613,1.3,1.08,450.0
347609,0.049805,1.0087,0,168.13,0.14794042611032676,1.3,1.08,450.0
347610,0.060547,0.99795,0,168.13,0.1629906326889088,1.3,1.08,450.0
347611,0.06543,1.02546,0,168.13,0.169832017786969,1.3,1.08,450.0
347612,0.075195,1.06468,0,168.13,0.18351338692118557,1.3,1.08,450.0
347613,0.084961,1.07491,0,168.13,0.19719615711730598,1.3,1.08,450.0
347614,0.094727,1.04659,0,168.13,0.21087892731338642,1.3,1.08,450.0
347615,0.105469,1.05444,0,168.13,0.22592913389196823,1.3,1.08,450.0
347616,0.115235,1.04021,0,168.13,0.23961190408808863,1.3,1.08,450.0
347617,0.125,1.03275,0,168.13,0.2532932732223052,1.3,1.08,450.0
347618,0.134766,1.0195,0,168.13,0.2669760434184254,1.3,1.08,450.0
347619,0.145508,1.06817,0,168.13,0.28202624999700765,1.3,1.08,450.0
347620,0.150391,1.05195,0,168.13,0.2888676350950681,1.3,1.08,450.0
347621,0.160156,1.04985,0,168.13,0.30254900422928466,1.3,1.08,450.0
347622,0.169922,1.04233,0,168.13,0.31623177442540484,1.3,1.08,450.0
347623,0.179688,1.04909,0,168.13,0.3299145446214853,1.3,1.08,450.0
347624,0.19043,1.05588,0,168.13,0.34496475120010706,1.3,1.08,450.0
347625,0.200195,1.05669,0,168.13,0.35864612033432386,1.3,1.08,450.0
347626,0.209961,1.01577,0,168.13,0.37232889053044405,1.3,1.08,450.0
347627,0.219727,1.00085,0,168.13,0.3860116607265245,1.3,1.08,450.0
347628,0.230469,1.02814,0,168.13,0.40106186730510673,1.3,1.08,450.0
347629,0.240235,1.004,0,168.13,0.4147446375012269,1.3,1.08,450.0
347630,0.25,1.03975,0,168.13,0.4284260066354437,1.3,1.08,450.0
347631,0.259766,1.00331,0,168.13,0.4421087768315639,1.3,1.08,450.0
347632,0.265625,1.05775,0,168.13,0.45031759831208595,1.3,1.08,450.0
347633,0.275391,1.02482,0,168.13,0.46400036850820614,1.3,1.08,450.0
347634,0.285156,1.08216,0,168.13,0.47768173764242294,1.3,1.08,450.0
347635,0.294922,1.09553,0,168.13,0.49136450783854313,1.3,1.08,450.0
347636,0.304688,1.20405,0,168.13,0.5050472780346236,1.3,1.08,450.0
347637,0.31543,1.27053,0,168.13,0.5200974846132456,1.3,1.08,450.0
347638,0.325195,1.32485,1,144.72,0.0,1.3,1.08,450.0
347639,0.334961,1.53047,0,144.72,0.011778043612224466,1.3,1.08,450.0
347640,0.344727,1.63243,0,144.72,0.023556087224414653,1.3,1.08,450.0
347641,0.350586,1.73653,0,144.72,0.030622189776545305,1.3,1.08,450.0
347642,0.359375,1.84663,0,144.72,0.0412219466173656,1.3,1.08,450.0
347643,0.370117,1.7372,0,144.72,0.05417707097560849,1.3,1.08,450.0
347644,0.379883,1.55988,0,144.72,0.06595511458779868,1.3,1.08,450.0
347645,0.390625,1.53301,0,144.72,0.07891023894600728,1.3,1.08,450.0
347646,0.400391,1.79716,0,144.72,0.09068828255823176,1.3,1.08,450.0
347647,0.410156,1.67141,0,144.72,0.10246512014507046,1.3,1.08,450.0
347648,0.419922,1.7787,0,144.72,0.11424316375729493,1.3,1.08,450.0
347649,0.429688,2.35996,0,144.72,0.12602120736948513,1.3,1.08,450.0
347650,0.44043,1.44831,0,144.72,0.138976331727728,1.3,1.08,450.0
347651,0.450195,1.24192,0,144.72,0.15075316931456673,1.3,1.08,450.0
347652,0.455078,1.14292,0,144.72,0.15664219112067895,1.3,1.08,450.0
347653,0.464844,1.00186,0,144.72,0.16842023473286913,1.3,1.08,450.0
347654,0.475586,1.01196,0,144.72,0.18137535909111202,1.3,1.08,450.0
347655,0.485352,1.11556,0,144.72,0.19315340270330222,1.3,1.08,450.0
347656,0.495117,1.18594,0,144.72,0.20493024029017523,1.3,1.08,450.0
347657,0.504883,1.23322,0,144.72,0.2167082839023654,1.3,1.08,450.0
347658,0.515625,1.24048,0,144.72,0.22966340826057402,1.3,1.08,450.0
347659,0.525391,1.18154,0,144.72,0.24144145187279847,1.3,1.08,450.0
347660,0.535156,1.13783,0,144.72,0.2532182894596372,1.3,1.08,450.0
347661,0.544922,1.12181,0,144.72,0.26499633307186166,1.3,1.08,450.0
347662,0.554688,1.09744,0,144.72,0.27677437668405186,1.3,1.08,450.0
347663,0.560547,1.11583,0,144.72,0.2838404792361825,1.3,1.08,450.0
347664,0.570313,1.15944,0,144.72,0.2956185228483727,1.3,1.08,450.0
347665,0.580078,1.19276,0,144.72,0.3073953604352457,1.3,1.08,450.0
347666,0.589844,1.20616,0,144.72,0.3191734040474359,1.3,1.08,450.0
347667,0.600586,1.22312,0,144.72,0.3321285284056788,1.3,1.08,450.0
347668,0.610352,1.23175,0,144.72,0.34390657201786895,1.3,1.08,450.0
347669,0.620117,1.22505,0,144.72,0.35568340960474193,1.3,1.08,450.0
347670,0.629883,1.20772,0,144.72,0.36746145321693213,1.3,1.08,450.0
347671,0.640625,1.20261,0,144.72,0.38041657757514075,1.3,1.08,450.0
347672,0.645508,1.22101,0,144.72,0.386305599381253,1.3,1.08,450.0
347673,0.655274,1.25916,0,144.72,0.3980836429934775,1.3,1.08,450.0
347674,0.665039,1.28438,0,144.72,0.40986048058031616,1.3,1.08,450.0
347675,0.674805,1.32135,0,144.72,0.4216385241925406,1.3,1.08,450.0
347676,0.685547,1.38652,0,144.72,0.4345936485507492,1.3,1.08,450.0
347677,0.695313,1.46027,0,144.72,0.4463716921629394,1.3,1.08,450.0
347678,0.705078,1.52221,0,144.72,0.4581485297498124,1.3,1.08,450.0
347679,0.714844,1.56976,0,144.72,0.4699265733620026,1.3,1.08,450.0
347680,0.725586,1.59338,0,144.72,0.48288169772024553,1.3,1.08,450.0
347681,0.735352,1.57219,0,144.72,0.4946597413324357,1.3,1.08,450.0
347682,0.745117,1.54017,0,144.72,0.5064365789193086,1.3,1.08,450.0
347683,0.754883,1.50857,0,144.72,0.5182146225314989,1.3,1.08,450.0
347684,0.759766,1.49236,0,144.72,0.5241036443376111,1.3,1.08,450.0
347685,0.770508,1.47213,0,144.72,0.5370587686958197,1.3,1.08,450.0
347686,0.780274,1.45334,0,144.72,0.5488368123080442,1.3,1.08,450.0
347687,0.790039,1.48266,0,144.72,0.5606136498948828,1.3,1.08,450.0
347688,0.799805,1.54279,0,144.72,0.5723916935071074,1.3,1.08,450.0
347689,0.810547,1.62456,0,144.72,0.585346817865316,1.3,1.08,450.0
347690,0.820313,1.62879,0,144.72,0.5971248614775061,1.3,1.08,450.0
347691,0.830078,1.58502,0,144.72,0.6089016990643792,1.3,1.08,450.0
347692,0.839844,1.53183,0,144.72,0.6206797426765693,1.3,1.08,450.0
347693,0.850586,1.55297,0,144.72,0.6336348670348122,1.3,1.08,450.0
347694,0.855469,1.57607,0,144.72,0.6395238888408901,1.3,1.08,450.0
347695,0.865235,1.62849,0,144.72,0.6513019324531146,1.3,1.08,450.0
347696,0.875,1.70202,0,144.72,0.6630787700399534,1.3,1.08,450.0
347697,0.884766,1.7146,0,144.72,0.6748568136521779,1.3,1.08,450.0
347698,0.895508,1.72331,0,144.72,0.6878119380103864,1.3,1.08,450.0
347699,0.905274,1.74568,0,144.72,0.6995899816226109,1.3,1.08,450.0
347700,0.915039,1.30518,0,144.72,0.7113668192094497,1.3,1.08,450.0
347701,0.924805,0.70136,0,144.72,0.723144862821674,1.3,1.08,450.0
347702,0.935547,2.23162,1,165.48,0.0,1.3,1.08,450.0
347703,0.945313,2.08287,0,165.48,0.013467067339611245,1.3,1.08,450.0
347704,0.955078,0.9662,0,165.48,0.02693275570452221,1.3,1.08,450.0
347705,0.959961,0.59449,0,165.48,0.03366628937434743,1.3,1.08,450.0
347706,0.969727,1.64499,0,165.48,0.04713335671395868,1.3,1.08,450.0
347707,0.980469,2.75205,0,165.48,0.06194630340269912,1.3,1.08,450.0
347708,0.990235,2.25964,0,165.48,0.07541337074234956,1.3,1.08,450.0
347709,1.0,1.4448,0,165.48,0.08887905910722133,1.3,1.08,450.0
347710,1.009766,1.24912,0,165.48,0.10234612644687176,1.3,1.08,450.0
347711,1.020508,1.04129,0,165.48,0.11715907313561222,1.3,1.08,450.0
347712,1.030274,1.29232,0,165.48,0.13062614047526264,1.3,1.08,450.0
347713,1.040039,1.19054,0,165.48,0.1440918288401344,1.3,1.08,450.0
347714,1.049805,1.11018,0,165.48,0.15755889617978486,1.3,1.08,450.0
347715,1.060547,1.13297,0,165.48,0.1723718428685253,1.3,1.08,450.0
347716,1.06543,1.2161,0,165.48,0.17910537653835054,1.3,1.08,450.0
347717,1.075195,1.22357,0,165.48,0.19257106490322232,1.3,1.08,450.0
347718,1.084961,1.10349,0,165.48,0.20603813224287273,1.3,1.08,450.0
347719,1.094727,1.07499,0,165.48,0.219505199582484,1.3,1.08,450.0
347720,1.105469,1.05307,0,165.48,0.23431814627122444,1.3,1.08,450.0
347721,1.115235,1.00178,0,165.48,0.24778521361087485,1.3,1.08,450.0
347722,1.125,0.98794,0,165.48,0.26125090197574663,1.3,1.08,450.0
347723,1.134766,1.08854,0,165.48,0.27471796931539705,1.3,1.08,450.0
347724,1.145508,1.04983,0,165.48,0.2895309160041375,1.3,1.08,450.0
347725,1.150391,1.04938,0,165.48,0.29626444967396276,1.3,1.08,450.0
347726,1.160156,1.06799,0,165.48,0.30973013803883453,1.3,1.08,450.0
347727,1.169922,1.02374,0,165.48,0.32319720537848495,1.3,1.08,450.0
347728,1.179688,1.00203,0,165.48,0.3366642727180962,1.3,1.08,450.0
347729,1.19043,1.04706,0,165.48,0.3514772194068758,1.3,1.08,450.0
347730,1.200195,1.07025,0,165.48,0.3649429077717476,1.3,1.08,450.0
347731,1.209961,1.03937,0,165.48,0.37840997511139807,1.3,1.08,450.0
347732,1.219727,1.04978,0,165.48,0.3918770424510093,1.3,1.08,450.0
347733,1.230469,1.07967,0,165.48,0.40668998913974974,1.3,1.08,450.0
347734,1.240235,1.08794,0,165.48,0.42015705647940016,1.3,1.08,450.0
347735,1.25,1.08168,0,165.48,0.433622744844272,1.3,1.08,450.0
347736,1.259766,1.08629,0,165.48,0.44708981218392235,1.3,1.08,450.0
347737,1.265625,1.05099,0,165.48,0.4551692252028376,1.3,1.08,450.0
347738,1.275391,1.0438,0,165.48,0.46863629254248806,1.3,1.08,450.0
347739,1.285156,1.0281,0,165.48,0.48210198090735984,1.3,1.08,450.0
347740,1.294922,1.03063,0,165.48,0.49556904824701026,1.3,1.08,450.0
347741,1.304688,1.04001,0,165.48,0.5090361155866215,1.3,1.08,450.0
347742,1.31543,0.99878,0,165.48,0.5238490622754012,1.3,1.08,450.0
347743,1.325195,1.00303,0,165.48,0.537314750640273,1.3,1.08,450.0
347744,1.334961,0.9792,0,165.48,0.5507818179799233,1.3,1.08,450.0
347745,1.344727,1.00204,0,165.48,0.5642488853195345,1.3,1.08,450.0
347746,1.350586,0.99394,0,165.48,0.572328298338489,1.3,1.08,450.0
347747,1.360352,1.01477,0,165.48,0.5857953656781003,1.3,1.08,450.0
347748,1.370117,1.01247,0,165.48,0.5992610540430113,1.3,1.08,450.0
347749,1.379883,1.01642,0,165.48,0.6127281213826224,1.3,1.08,450.0
347750,1.390625,1.01837,0,165.48,0.6275410680713629,1.3,1.08,450.0
347751,1.400391,1.03186,0,165.48,0.6410081354110133,1.3,1.08,450.0
347752,1.410156,1.03059,0,165.48,0.654473823775885,1.3,1.08,450.0
347753,1.419922,1.04054,0,165.48,0.6679408911155356,1.3,1.08,450.0
347754,1.429688,1.05267,0,165.48,0.6814079584551468,1.3,1.08,450.0
347755,1.44043,1.0237,0,165.48,0.6962209051439264,1.3,1.08,450.0
347756,1.450195,1.0444,0,165.48,0.7096865935087983,1.3,1.08,450.0
347757,1.455078,1.02158,0,165.48,0.7164201271786234,1.3,1.08,450.0
347758,1.464844,1.03143,0,165.48,0.7298871945182347,1.3,1.08,450.0
347759,1.475586,1.04991,0,165.48,0.7447001412070143,1.3,1.08,450.0
347760,1.485352,1.05128,0,165.48,0.7581672085466256,1.3,1.08,450.0
347761,1.495117,1.06265,0,165.48,0.7716328969115366,1.3,1.08,450.0
347762,1.504883,1.05529,0,165.48,0.7850999642511477,1.3,1.08,450.0
347763,1.515625,1.02397,0,165.48,0.7999129109398883,1.3,1.08,450.0
347764,1.525391,0.98091,0,165.48,0.8133799782795387,1.3,1.08,450.0
347765,1.535156,1.07104,0,165.48,0.8268456666444105,1.3,1.08,450.0
347766,1.544922,1.01173,0,165.48,0.8403127339840608,1.3,1.08,450.0
347767,1.554688,1.00439,0,165.48,0.8537798013236721,1.3,1.08,450.0
347768,1.560547,1.04622,0,165.48,0.8618592143426265,1.3,1.08,450.0
347769,1.570313,1.01117,0,165.48,0.8753262816822378,1.3,1.08,450.0
347770,1.580078,1.01318,0,165.48,0.8887919700471488,1.3,1.08,450.0
347771,1.589844,0.99897,0,165.48,0.9022590373867599,1.3,1.08,450.0
347772,1.600586,1.00389,0,165.48,0.9170719840755396,1.3,1.08,450.0
347773,1.610352,1.04189,0,165.48,0.9305390514151509,1.3,1.08,450.0
347774,1.620117,1.02179,0,165.48,0.9440047397800619,1.3,1.08,450.0
347775,1.629883,1.01341,0,165.48,0.9574718071196731,1.3,1.08,450.0
347776,1.640625,1.06624,0,165.48,0.9722847538084135,1.3,1.08,450.0
347777,1.645508,1.04708,0,165.48,0.9790182874782387,1.3,1.08,450.0
347778,1.655274,1.03834,0,165.48,0.9924853548178892,1.3,1.08,450.0
347779,1.665039,1.05692,0,165.48,0.005951043182760962,1.3,1.08,450.0
347780,1.674805,1.06991,0,165.48,0.01941811052241138,1.3,1.08,450.0
347781,1.685547,1.07595,0,165.48,0.03423105721115194,1.3,1.08,450.0
347782,1.695313,1.0919,0,165.48,0.047698124550763055,1.3,1.08,450.0
347783,1.705078,1.07177,0,165.48,0.061163812915673965,1.3,1.08,450.0
347784,1.714844,1.06852,0,165.48,0.0746308802552853,1.3,1.08,450.0
347785,1.725586,1.05086,0,165.48,0.08944382694406494,1.3,1.08,450.0
347786,1.735352,0.98986,0,165.48,0.10291089428367628,1.3,1.08,450.0
347787,1.745117,1.04376,0,165.48,0.11637658264858719,1.3,1.08,450.0
347788,1.754883,1.02793,0,165.48,0.12984364998819853,1.3,1.08,450.0
347789,1.759766,1.12599,0,165.48,0.13657718365802363,1.3,1.08,450.0
347790,1.770508,1.09579,0,165.48,0.15139013034676418,1.3,1.08,450.0
347791,1.780274,1.06074,0,165.48,0.1648571976864146,1.3,1.08,450.0
347792,1.790039,1.00989,0,165.48,0.17832288605128643,1.3,1.08,450.0
347793,1.799805,1.15502,0,165.48,0.19178995339093685,1.3,1.08,450.0
347794,1.810547,1.02137,0,165.48,0.2066029000796772,1.3,1.08,450.0
347795,1.820313,1.08519,0,165.48,0.2200699674192883,1.3,1.08,450.0
347796,1.830078,1.05882,0,165.48,0.23353565578419921,1.3,1.08,450.0
347797,1.839844,1.06344,0,165.48,0.24700272312381055,1.3,1.08,450.0
347798,1.850586,1.11157,0,165.48,0.2618156698125904,1.3,1.08,450.0
347799,1.855469,1.0724,0,165.48,0.2685492034823762,1.3,1.08,450.0
347800,1.865235,1.04062,0,165.48,0.2820162708220266,1.3,1.08,450.0
347801,1.875,1.05282,0,165.48,0.29548195918689846,1.3,1.08,450.0
347802,1.884766,1.03914,0,165.48,0.3089490265265489,1.3,1.08,450.0
347803,1.895508,1.05997,0,165.48,0.32376197321528943,1.3,1.08,450.0
347804,1.905274,1.01164,0,165.48,0.33722904055493985,1.3,1.08,450.0
347805,1.915039,1.05804,0,165.48,0.3506947289198117,1.3,1.08,450.0
347806,1.924805,1.04496,0,165.48,0.3641617962594621,1.3,1.08,450.0
347807,1.935547,1.17833,0,165.48,0.37897474294820244,1.3,1.08,450.0
347808,1.945313,1.23717,0,165.48,0.3924418102878138,1.3,1.08,450.0
347809,1.950195,1.39147,1,146.59,0.0,1.3,1.08,450.0
347810,1.959961,1.45844,0,146.59,0.01193024552872554,1.3,1.08,450.0
347811,1.969727,1.52626,0,146.59,0.023860491057416357,1.3,1.08,450.0
347812,1.980469,1.59232,0,146.59,0.03698302817284914,1.3,1.08,450.0
347813,1.990235,1.5017,0,146.59,0.04891327370157468,1.3,1.08,450.0
347814,2.0,1.49562,0,146.59,0.060842297620036276,1.3,1.08,450.0
347815,2.009766,1.57208,0,146.59,0.07277254314876182,1.3,1.08,450.0
347816,2.020508,1.67993,0,146.59,0.08589508026419461,1.3,1.08,450.0
347817,2.030274,1.85839,0,146.59,0.09782532579292012,1.3,1.08,450.0
347818,2.040039,1.84596,0,146.59,0.10975434971138173,1.3,1.08,450.0
347819,2.049805,1.69353,0,146.59,0.12168459524010727,1.3,1.08,450.0
347820,2.060547,1.70367,0,146.59,0.13480713235554007,1.3,1.08,450.0
347821,2.06543,2.28912,0,146.59,0.14077225511990282,1.3,1.08,450.0
347822,2.075195,1.48333,0,146.59,0.15270127903836442,1.3,1.08,450.0
347823,2.084961,1.33963,0,146.59,0.16463152456708993,1.3,1.08,450.0
347824,2.094727,0.92225,0,146.59,0.17656177009578078,1.3,1.08,450.0
347825,2.105469,0.77237,0,146.59,0.18968430721121357,1.3,1.08,450.0
347826,2.115235,0.6697,0,146.59,0.20161455273993908,1.3,1.08,450.0
347827,2.125,0.77487,0,146.59,0.21354357665840068,1.3,1.08,450.0
347828,2.134766,0.92333,0,146.59,0.22547382218712625,1.3,1.08,450.0
347829,2.140625,1.09959,0,146.59,0.23263123653819626,1.3,1.08,450.0
347830,2.150391,1.16967,0,146.59,0.2445614820669218,1.3,1.08,450.0
347831,2.160156,1.11459,0,146.59,0.25649050598538337,1.3,1.08,450.0
347832,2.169922,1.0346,0,146.59,0.2684207515141089,1.3,1.08,450.0
347833,2.179688,1.00043,0,146.59,0.28035099704279975,1.3,1.08,450.0
347834,2.19043,0.9469,0,146.59,0.29347353415826727,1.3,1.08,450.0
347835,2.200195,0.94016,0,146.59,0.30540255807672884,1.3,1.08,450.0
347836,2.209961,0.94419,0,146.59,0.3173328036054544,1.3,1.08,450.0
347837,2.219727,0.99979,0,146.59,0.32926304913414517,1.3,1.08,450.0
347838,2.230469,1.11566,0,146.59,0.342385586249578,1.3,1.08,450.0
347839,2.240235,1.23477,0,146.59,0.35431583177830356,1.3,1.08,450.0
347840,2.25,1.3259,0,146.59,0.3662448556967651,1.3,1.08,450.0
347841,2.254883,1.31047,0,146.59,0.3722099784611279,1.3,1.08,450.0
347842,2.265625,1.21388,0,146.59,0.3853325155765607,1.3,1.08,450.0
347843,2.275391,1.09279,0,146.59,0.3972627611052862,1.3,1.08,450.0
347844,2.285156,1.03673,0,146.59,0.4091917850237478,1.3,1.08,450.0
347845,2.294922,1.03665,0,146.59,0.4211220305524733,1.3,1.08,450.0
347846,2.304688,1.11494,0,146.59,0.43305227608116414,1.3,1.08,450.0
347847,2.31543,1.19681,0,146.59,0.44617481319663166,1.3,1.08,450.0
347848,2.325195,1.27782,0,146.59,0.4581038371150933,1.3,1.08,450.0
347849,2.334961,1.35579,0,146.59,0.4700340826438188,1.3,1.08,450.0
347850,2.344727,1.39945,0,146.59,0.4819643281725096,1.3,1.08,450.0
347851,2.350586,1.4293,0,146.59,0.48912174252361434,1.3,1.08,450.0
347852,2.360352,1.44475,0,146.59,0.5010519880523051,1.3,1.08,450.0
347853,2.370117,1.47917,0,146.59,0.5129810119708015,1.3,1.08,450.0
347854,2.379883,1.5029,0,146.59,0.5249112574994923,1.3,1.08,450.0
347855,2.390625,1.50175,0,146.59,0.5380337946149251,1.3,1.08,450.0
347856,2.400391,1.46821,0,146.59,0.5499640401436506,1.3,1.08,450.0
347857,2.410156,1.42115,0,146.59,0.5618930640621121,1.3,1.08,450.0
347858,2.419922,1.38943,0,146.59,0.5738233095908377,1.3,1.08,450.0
347859,2.429688,1.43522,0,146.59,0.5857535551195286,1.3,1.08,450.0
347860,2.44043,1.52162,0,146.59,0.598876092234996,1.3,1.08,450.0
347861,2.445313,1.60028,0,146.59,0.6048412149993241,1.3,1.08,450.0
347862,2.455078,1.62162,0,146.59,0.6167702389178203,1.3,1.08,450.0
347863,2.464844,1.57781,0,146.59,0.6287004844465113,1.3,1.08,450.0
347864,2.475586,1.44742,0,146.59,0.6418230215619788,1.3,1.08,450.0
347865,2.485352,1.33368,0,146.59,0.6537532670906696,1.3,1.08,450.0
347866,2.495117,1.27588,0,146.59,0.6656822910091659,1.3,1.08,450.0
347867,2.504883,1.25683,0,146.59,0.6776125365378568,1.3,1.08,450.0
347868,2.515625,1.22623,0,146.59,0.6907350736532896,1.3,1.08,450.0
347869,2.525391,1.18752,0,146.59,0.702665319182015,1.3,1.08,450.0
347870,2.535156,1.15958,0,146.59,0.7145943431004766,1.3,1.08,450.0
347871,2.544922,1.19017,0,146.59,0.7265245886292021,1.3,1.08,450.0
347872,2.554688,1.21315,0,146.59,0.738454834157893,1.3,1.08,450.0
347873,2.560547,1.24368,0,146.59,0.7456122485089978,1.3,1.08,450.0
347874,2.570313,1.33353,0,146.59,0.7575424940376885,1.3,1.08,450.0
347875,2.580078,0.56579,0,146.59,0.769471517956185,1.3,1.08,450.0
347876,2.589844,1.00908,0,146.59,0.7814017634848757,1.3,1.08,450.0
347877,2.600586,1.75407,1,161.76,0.0,1.3,1.08,450.0
347878,2.610352,1.58044,0,161.76,0.013164380490788321,1.3,1.08,450.0
347879,2.620117,0.83086,0,161.76,0.026327413000818558,1.3,1.08,450.0
347880,2.629883,0.74033,0,161.76,0.039491793491606884,1.3,1.08,450.0
347881,2.640625,1.76137,0,161.76,0.05397180324300769,1.3,1.08,450.0
347882,2.645508,2.31255,0,161.76,0.06055399348842101,1.3,1.08,450.0
347883,2.655274,2.68283,0,161.76,0.07371837397924765,1.3,1.08,450.0
347884,2.665039,2.26934,0,161.76,0.08688140648923957,1.3,1.08,450.0
347885,2.674805,1.30732,0,161.76,0.1000457869800662,1.3,1.08,450.0
347886,2.685547,1.44973,0,161.76,0.11452579673146701,1.3,1.08,450.0
347887,2.695313,1.45591,0,161.76,0.12769017722225534,1.3,1.08,450.0
347888,2.705078,1.2815,0,161.76,0.14085320973228557,1.3,1.08,450.0
347889,2.714844,1.04591,0,161.76,0.1540175902230739,1.3,1.08,450.0
347890,2.725586,1.08393,0,161.76,0.16849759997451302,1.3,1.08,450.0
347891,2.735352,1.04417,0,161.76,0.18166198046530135,1.3,1.08,450.0
347892,2.745117,1.04846,0,161.76,0.19482501297533159,1.3,1.08,450.0
347893,2.754883,1.05632,0,161.76,0.20798939346611992,1.3,1.08,450.0
347894,2.759766,0.99409,0,161.76,0.2145715837115332,1.3,1.08,450.0
347895,2.770508,0.98123,0,161.76,0.22905159346293402,1.3,1.08,450.0
347896,2.780274,1.00039,0,161.76,0.24221597395376065,1.3,1.08,450.0
347897,2.790039,1.01,0,161.76,0.25537900646375256,1.3,1.08,450.0
347898,2.799805,1.01593,0,161.76,0.2685433869545792,1.3,1.08,450.0
347899,2.810547,1.06511,0,161.76,0.28302339670598003,1.3,1.08,450.0
347900,2.820313,1.01144,0,161.76,0.2961877771967683,1.3,1.08,450.0
347901,2.830078,1.0123,0,161.76,0.3093508097067986,1.3,1.08,450.0
347902,2.839844,1.05373,0,161.76,0.3225151901975869,1.3,1.08,450.0
347903,2.850586,1.0499,0,161.76,0.33699519994902605,1.3,1.08,450.0
347904,2.855469,1.05835,0,161.76,0.34357739019440103,1.3,1.08,450.0
347905,2.865235,1.00478,0,161.76,0.3567417706852277,1.3,1.08,450.0
347906,2.875,1.04324,0,161.76,0.3699048031952196,1.3,1.08,450.0
347907,2.884766,1.05053,0,161.76,0.3830691836860462,1.3,1.08,450.0
347908,2.895508,1.0039,0,161.76,0.39754919343744705,1.3,1.08,450.0
347909,2.905274,1.04525,0,161.76,0.41071357392827373,1.3,1.08,450.0
347910,2.915039,1.0616,0,161.76,0.42387660643826564,1.3,1.08,450.0
347911,2.924805,1.04051,0,161.76,0.4370409869290922,1.3,1.08,450.0
347912,2.935547,1.10442,0,161.76,0.45152099668049306,1.3,1.08,450.0
347913,2.945313,1.06364,0,161.76,0.46468537717128133,1.3,1.08,450.0
347914,2.950195,1.09459,0,161.76,0.47126621943589825,1.3,1.08,450.0
347915,2.959961,1.01859,0,161.76,0.48443059992672494,1.3,1.08,450.0
347916,2.969727,1.02742,0,161.76,0.4975949804175132,1.3,1.08,450.0
347917,2.980469,1.0063,0,161.76,0.512074990168914,1.3,1.08,450.0
347918,2.990235,0.99536,0,161.76,0.5252393706597407,1.3,1.08,450.0
347919,3.0,1.01906,0,161.76,0.5384024031697325,1.3,1.08,450.0
347920,3.009766,0.99384,0,161.76,0.5515667836605593,1.3,1.08,450.0
347921,3.020508,0.99491,0,161.76,0.5660467934119601,1.3,1.08,450.0
347922,3.030274,1.06487,0,161.76,0.5792111739027866,1.3,1.08,450.0
347923,3.040039,1.02706,0,161.76,0.5923742064127786,1.3,1.08,450.0
347924,3.049805,1.01214,0,161.76,0.6055385869036053,1.3,1.08,450.0
347925,3.060547,1.0549,0,161.76,0.6200185966550061,1.3,1.08,450.0
347926,3.06543,1.05584,0,161.76,0.6266007869004194,1.3,1.08,450.0
347927,3.075195,1.02544,0,161.76,0.6397638194104114,1.3,1.08,450.0
347928,3.084961,1.04655,0,161.76,0.652928199901238,1.3,1.08,450.0
347929,3.094727,1.04487,0,161.76,0.6660925803920263,1.3,1.08,450.0
347930,3.105469,1.04636,0,161.76,0.6805725901434271,1.3,1.08,450.0
347931,3.115235,1.05631,0,161.76,0.6937369706342537,1.3,1.08,450.0
347932,3.125,1.03948,0,161.76,0.7069000031442456,1.3,1.08,450.0
347933,3.134766,1.04805,0,161.76,0.7200643836350723,1.3,1.08,450.0
347934,3.140625,1.04263,0,161.76,0.7279622031410597,1.3,1.08,450.0
347935,3.150391,1.05076,0,161.76,0.7411265836318864,1.3,1.08,450.0
347936,3.160156,1.04571,0,161.76,0.7542896161418784,1.3,1.08,450.0
347937,3.169922,1.04725,0,161.76,0.767453996632705,1.3,1.08,450.0
347938,3.179688,1.00764,0,161.76,0.7806183771234934,1.3,1.08,450.0
347939,3.19043,1.0285,0,161.76,0.7950983868749325,1.3,1.08,450.0
347940,3.200195,1.03537,0,161.76,0.8082614193849244,1.3,1.08,450.0
347941,3.209961,1.03761,0,161.76,0.8214257998757509,1.3,1.08,450.0
347942,3.219727,1.04326,0,161.76,0.8345901803665393,1.3,1.08,450.0
347943,3.230469,1.03621,0,161.76,0.8490701901179402,1.3,1.08,450.0
347944,3.240235,1.03975,0,161.76,0.8622345706087667,1.3,1.08,450.0
347945,3.25,1.00344,0,161.76,0.8753976031187586,1.3,1.08,450.0
347946,3.254883,1.03018,0,161.76,0.881979793364172,1.3,1.08,450.0
347947,3.265625,1.02326,0,161.76,0.8964598031155727,1.3,1.08,450.0
347948,3.275391,1.02172,0,161.76,0.9096241836063995,1.3,1.08,450.0
347949,3.285156,1.06027,0,161.76,0.9227872161163914,1.3,1.08,450.0
347950,3.294922,1.05712,0,161.76,0.9359515966072179,1.3,1.08,450.0
347951,3.304688,1.06652,0,161.76,0.9491159770980063,1.3,1.08,450.0
347952,3.31543,0.9919,0,161.76,0.9635959868494454,1.3,1.08,450.0
347953,3.325195,1.05403,0,161.76,0.9767590193594374,1.3,1.08,450.0
347954,3.334961,1.05253,0,161.76,0.989923399850264,1.3,1.08,450.0
347955,3.344727,1.06187,0,161.76,0.003087780341052282,1.3,1.08,450.0
347956,3.350586,1.06809,0,161.76,0.010985599847078031,1.3,1.08,450.0
347957,3.360352,1.0683,0,161.76,0.024149980337866417,1.3,1.08,450.0
347958,3.370117,1.04105,0,161.76,0.037313012847896676,1.3,1.08,450.0
347959,3.379883,1.0434,0,161.76,0.05047739333868506,1.3,1.08,450.0
347960,3.390625,1.04961,0,161.76,0.06495740309008591,1.3,1.08,450.0
347961,3.400391,1.04777,0,161.76,0.07812178358091248,1.3,1.08,450.0
347962,3.410156,1.05927,0,161.76,0.09128481609090433,1.3,1.08,450.0
347963,3.419922,1.03038,0,161.76,0.10444919658173091,1.3,1.08,450.0
347964,3.429688,1.04834,0,161.76,0.11761357707251929,1.3,1.08,450.0
347965,3.44043,0.91237,0,161.76,0.13209358682395855,1.3,1.08,450.0
347966,3.445313,1.00819,0,161.76,0.13867577706933343,1.3,1.08,450.0
347967,3.455078,1.06659,0,161.76,0.1518388095793637,1.3,1.08,450.0
347968,3.464844,1.16171,0,161.76,0.16500319007015207,1.3,1.08,450.0
347969,3.475586,1.05001,0,161.76,0.1794831998215911,1.3,1.08,450.0
347970,3.485352,1.06373,0,161.76,0.1926475803123795,1.3,1.08,450.0
347971,3.495117,1.034,0,161.76,0.20581061282240976,1.3,1.08,450.0
347972,3.504883,1.1174,0,161.76,0.21897499331319792,1.3,1.08,450.0
347973,3.515625,1.10298,0,161.76,0.23345500306459877,1.3,1.08,450.0
347974,3.525391,1.04583,0,161.76,0.24661938355542556,1.3,1.08,450.0
347975,3.535156,1.0814,0,161.76,0.2597824160654174,1.3,1.08,450.0
347976,3.544922,1.05601,0,161.76,0.272946796556244,1.3,1.08,450.0
347977,3.554688,1.08121,0,161.76,0.2861111770470324,1.3,1.08,450.0
347978,3.560547,1.05897,0,161.76,0.2940089965530581,1.3,1.08,450.0
347979,3.570313,1.04288,0,161.76,0.3071733770438465,1.3,1.08,450.0
347980,3.580078,1.02702,0,161.76,0.32033640955387677,1.3,1.08,450.0
347981,3.589844,0.98788,0,161.76,0.33350079004466493,1.3,1.08,450.0
347982,3.600586,1.04473,0,161.76,0.3479807997961042,1.3,1.08,450.0
347983,3.610352,0.98693,0,161.76,0.3611451802868926,1.3,1.08,450.0
347984,3.620117,1.11878,0,161.76,0.3743082127969226,1.3,1.08,450.0
347985,3.629883,1.25024,0,161.76,0.387472593287711,1.3,1.08,450.0
347986,3.640625,1.30049,1,143.21,0.0,1.3,1.08,450.0
347987,3.645508,1.58396,0,143.21,0.005827320645083832,1.3,1.08,450.0
347988,3.655274,1.57897,0,143.21,0.017481961935251495,1.3,1.08,450.0
347989,3.665039,1.594,0,143.21,0.0291354098359463,1.3,1.08,450.0
347990,3.674805,1.57126,0,143.21,0.04079005112611397,1.3,1.08,450.0
347991,3.685547,1.6098,0,143.21,0.05360944051160789,1.3,1.08,450.0
347992,3.695313,1.73011,0,143.21,0.06526408180174165,1.3,1.08,450.0
347993,3.705078,1.66388,0,143.21,0.07691752970247037,1.3,1.08,450.0
347994,3.714844,1.71367,0,143.21,0.08857217099260412,1.3,1.08,450.0
347995,3.725586,1.79956,0,143.21,0.10139156037813195,1.3,1.08,450.0
347996,3.735352,1.66871,0,143.21,0.11304620166826569,1.3,1.08,450.0
347997,3.745117,1.60559,0,143.21,0.12469964956899443,1.3,1.08,450.0
347998,3.75,2.11211,0,143.21,0.13052697021404433,1.3,1.08,450.0
347999,3.759766,1.67741,0,143.21,0.142181611504212,1.3,1.08,450.0
348000,3.770508,1.47288,0,143.21,0.15500100088970595,1.3,1.08,450.0
348001,3.780274,1.06165,0,143.21,0.1666556421798736,1.3,1.08,450.0
348002,3.790039,0.90546,0,143.21,0.1783090900805684,1.3,1.08,450.0
348003,3.799805,0.72543,0,143.21,0.18996373137073605,1.3,1.08,450.0
348004,3.810547,0.70698,0,143.21,0.20278312075623,1.3,1.08,450.0
348005,3.820313,0.85737,0,143.21,0.21443776204636372,1.3,1.08,450.0
348006,3.830078,1.032,0,143.21,0.22609120994709245,1.3,1.08,450.0
348007,3.839844,1.16397,0,143.21,0.23774585123722622,1.3,1.08,450.0
348008,3.850586,1.18064,0,143.21,0.25056524062275404,1.3,1.08,450.0
348009,3.855469,1.10638,0,143.21,0.25639256126780396,1.3,1.08,450.0
348010,3.865235,0.99537,0,143.21,0.2680472025579716,1.3,1.08,450.0
348011,3.875,0.94144,0,143.21,0.27970065045866643,1.3,1.08,450.0
348012,3.884766,0.94282,0,143.21,0.2913552917488341,1.3,1.08,450.0
348013,3.895508,0.98254,0,143.21,0.30417468113432805,1.3,1.08,450.0
348014,3.905274,1.06718,0,143.21,0.3158293224244957,1.3,1.08,450.0
348015,3.914063,1.13481,0,143.21,0.3263180222298303,1.3,1.08,450.0
348016,3.924805,1.18365,0,143.21,0.33913741161535815,1.3,1.08,450.0
348017,3.935547,1.26163,0,143.21,0.3519568010008521,1.3,1.08,450.0
348018,3.94043,1.27903,0,143.21,0.3577841216459359,1.3,1.08,450.0
348019,3.950195,1.24453,0,143.21,0.3694375695466307,1.3,1.08,450.0
348020,3.959961,1.17881,0,143.21,0.3810922108367984,1.3,1.08,450.0
348021,3.969727,1.12181,0,143.21,0.39274685212693217,1.3,1.08,450.0
348022,3.980469,1.10097,0,143.21,0.4055662415124261,1.3,1.08,450.0
348023,3.990235,1.10588,0,143.21,0.41722088280259373,1.3,1.08,450.0
348024,4.0,1.12291,0,143.21,0.4288743307032885,1.3,1.08,450.0
348025,4.009766,1.16902,0,143.21,0.4405289719934562,1.3,1.08,450.0
348026,4.020508,1.28485,0,143.21,0.4533483613789501,1.3,1.08,450.0
348027,4.030274,1.40661,0,143.21,0.46500300266911776,1.3,1.08,450.0
348028,4.040039,1.45167,0,143.21,0.4766564505698126,1.3,1.08,450.0
348029,4.049805,1.46855,0,143.21,0.4883110918599803,1.3,1.08,450.0
348030,4.054688,1.4299,0,143.21,0.4941384125050302,1.3,1.08,450.0
348031,4.06543,1.38643,0,143.21,0.5069578018905581,1.3,1.08,450.0
348032,4.075195,1.35188,0,143.21,0.5186112497912528,1.3,1.08,450.0
348033,4.084961,1.36661,0,143.21,0.5302658910814205,1.3,1.08,450.0
348034,4.094727,1.42082,0,143.21,0.5419205323715542,1.3,1.08,450.0
348035,4.105469,1.50013,0,143.21,0.5547399217570482,1.3,1.08,450.0
348036,4.115235,1.53893,0,143.21,0.5663945630472159,1.3,1.08,450.0
348037,4.125,1.52389,0,143.21,0.5780480109479106,1.3,1.08,450.0
348038,4.134766,1.50764,0,143.21,0.5897026522380783,1.3,1.08,450.0
348039,4.140625,1.52828,0,143.21,0.5966947209784884,1.3,1.08,450.0
348040,4.150391,1.57563,0,143.21,0.6083493622686561,1.3,1.08,450.0
348041,4.160156,1.58795,0,143.21,0.6200028101693509,1.3,1.08,450.0
348042,4.169922,1.57581,0,143.21,0.6316574514595186,1.3,1.08,450.0
348043,4.179688,1.43459,0,143.21,0.6433120927496522,1.3,1.08,450.0
348044,4.19043,1.26984,0,143.21,0.6561314821351801,1.3,1.08,450.0
348045,4.200195,1.11803,0,143.21,0.6677849300358749,1.3,1.08,450.0
348046,4.209961,1.08652,0,143.21,0.6794395713260426,1.3,1.08,450.0
348047,4.219727,1.19827,0,143.21,0.6910942126161763,1.3,1.08,450.0
348048,4.230469,1.28372,0,143.21,0.7039136020016702,1.3,1.08,450.0
348049,4.240235,1.29126,0,143.21,0.7155682432918379,1.3,1.08,450.0
348050,4.245117,1.241,0,143.21,0.7213943705474828,1.3,1.08,450.0
348051,4.254883,1.22043,0,143.21,0.7330490118376165,1.3,1.08,450.0
348052,4.265625,1.25462,0,143.21,0.7458684012231106,1.3,1.08,450.0
348053,4.275391,1.30562,0,143.21,0.7575230425132781,1.3,1.08,450.0
348054,4.285156,1.2023,0,143.21,0.769176490413973,1.3,1.08,450.0
348055,4.294922,0.72764,0,143.21,0.7808311317041405,1.3,1.08,450.0
348056,4.304688,1.86461,1,158.21,0.0,1.3,1.08,450.0
348057,4.31543,1.89742,0,158.21,0.014162104053563879,1.3,1.08,450.0
348058,4.325195,1.21943,0,158.21,0.027036144835782445,1.3,1.08,450.0
348059,4.334961,0.79356,0,158.21,0.03991150400418797,1.3,1.08,450.0
348060,4.344727,0.98253,0,158.21,0.05278686317255602,1.3,1.08,450.0
348061,4.350586,2.1703,0,158.21,0.06051128764191714,1.3,1.08,450.0
348062,4.360352,2.05502,0,158.21,0.0733866468102852,1.3,1.08,450.0
348063,4.370117,1.43732,0,158.21,0.08626068759254123,1.3,1.08,450.0
348064,4.379883,1.1832,0,158.21,0.09913604676090929,1.3,1.08,450.0
348065,4.390625,1.57827,0,158.21,0.1132981508144357,1.3,1.08,450.0
348066,4.400391,2.63329,0,158.21,0.12617350998284121,1.3,1.08,450.0
348067,4.410156,1.7233,0,158.21,0.13904755076505979,1.3,1.08,450.0
348068,4.419922,1.26565,0,158.21,0.15192290993346533,1.3,1.08,450.0
348069,4.429688,1.26961,0,158.21,0.16479826910183337,1.3,1.08,450.0
348070,4.44043,1.25468,0,158.21,0.17896037315539726,1.3,1.08,450.0
348071,4.445313,1.2334,0,158.21,0.18539805273956253,1.3,1.08,450.0
348072,4.455078,1.066,0,158.21,0.19827209352181857,1.3,1.08,450.0
348073,4.464844,1.13934,0,158.21,0.21114745269018662,1.3,1.08,450.0
348074,4.475586,1.05238,0,158.21,0.2253095567437505,1.3,1.08,450.0
348075,4.485352,0.99005,0,158.21,0.23818491591211857,1.3,1.08,450.0
348076,4.495117,1.05521,0,158.21,0.2510589566943746,1.3,1.08,450.0
348077,4.504883,0.98828,0,158.21,0.26393431586274263,1.3,1.08,450.0
348078,4.515625,1.024,0,158.21,0.2780964199162691,1.3,1.08,450.0
348079,4.525391,1.08141,0,158.21,0.2909717790846746,1.3,1.08,450.0
348080,4.535156,0.96591,0,158.21,0.3038458198668932,1.3,1.08,450.0
348081,4.544922,1.14307,0,158.21,0.31672117903529867,1.3,1.08,450.0
348082,4.554688,1.08746,0,158.21,0.32959653820366674,1.3,1.08,450.0
348083,4.560547,1.06626,0,158.21,0.33732096267302786,1.3,1.08,450.0
348084,4.570313,1.02076,0,158.21,0.3501963218413959,1.3,1.08,450.0
348085,4.580078,1.00615,0,158.21,0.3630703626236519,1.3,1.08,450.0
348086,4.589844,1.02749,0,158.21,0.37594572179201996,1.3,1.08,450.0
348087,4.600586,0.98858,0,158.21,0.39010782584558384,1.3,1.08,450.0
348088,4.610352,1.04385,0,158.21,0.4029831850139519,1.3,1.08,450.0
348089,4.620117,1.05649,0,158.21,0.415857225796208,1.3,1.08,450.0
348090,4.629883,1.06816,0,158.21,0.42873258496457606,1.3,1.08,450.0
348091,4.640625,1.03342,0,158.21,0.4428946890181024,1.3,1.08,450.0
348092,4.645508,1.09079,0,158.21,0.4493323686023052,1.3,1.08,450.0
348093,4.655274,1.04585,0,158.21,0.46220772777071073,1.3,1.08,450.0
348094,4.665039,1.05674,0,158.21,0.4750817685529293,1.3,1.08,450.0
348095,4.674805,1.0548,0,158.21,0.4879571277213348,1.3,1.08,450.0
348096,4.685547,1.0433,0,158.21,0.5021192317748613,1.3,1.08,450.0
348097,4.695313,1.0115,0,158.21,0.5149945909432293,1.3,1.08,450.0
348098,4.705078,0.98849,0,158.21,0.5278686317254853,1.3,1.08,450.0
348099,4.714844,1.03377,0,158.21,0.5407439908938534,1.3,1.08,450.0
348100,4.725586,1.00857,0,158.21,0.5549060949474173,1.3,1.08,450.0
348101,4.735352,1.03536,0,158.21,0.5677814541157853,1.3,1.08,450.0
348102,4.745117,0.99727,0,158.21,0.5806554948980412,1.3,1.08,450.0
348103,4.75,1.01636,0,158.21,0.5870931744822065,1.3,1.08,450.0
348104,4.759766,1.00175,0,158.21,0.5999685336506122,1.3,1.08,450.0
348105,4.770508,1.06034,0,158.21,0.6141306377041384,1.3,1.08,450.0
348106,4.780274,0.97198,0,158.21,0.6270059968725441,1.3,1.08,450.0
348107,4.790039,1.00186,0,158.21,0.6398800376547626,1.3,1.08,450.0
348108,4.799805,1.00277,0,158.21,0.6527553968231682,1.3,1.08,450.0
348109,4.810547,1.01564,0,158.21,0.6669175008766945,1.3,1.08,450.0
348110,4.820313,0.96251,0,158.21,0.6797928600450626,1.3,1.08,450.0
348111,4.830078,1.0658,0,158.21,0.6926669008273187,1.3,1.08,450.0
348112,4.839844,1.0175,0,158.21,0.7055422599956868,1.3,1.08,450.0
348113,4.850586,0.98118,0,158.21,0.7197043640492506,1.3,1.08,450.0
348114,4.855469,1.0219,0,158.21,0.726142043633416,1.3,1.08,450.0
348115,4.865235,1.07619,0,158.21,0.7390174028018214,1.3,1.08,450.0
348116,4.875,1.05192,0,158.21,0.7518914435840399,1.3,1.08,450.0
348117,4.884766,1.05916,0,158.21,0.7647668027524456,1.3,1.08,450.0
348118,4.895508,1.01348,0,158.21,0.7789289068059718,1.3,1.08,450.0
348119,4.905274,1.01895,0,158.21,0.7918042659743775,1.3,1.08,450.0
348120,4.915039,1.0536,0,158.21,0.804678306756596,1.3,1.08,450.0
348121,4.924805,1.00063,0,158.21,0.8175536659250014,1.3,1.08,450.0
348122,4.935547,1.06043,0,158.21,0.8317157699785279,1.3,1.08,450.0
348123,4.94043,1.06155,0,158.21,0.8381534495627306,1.3,1.08,450.0
348124,4.950195,1.03534,0,158.21,0.8510274903449493,1.3,1.08,450.0
348125,4.959961,1.01376,0,158.21,0.8639028495133548,1.3,1.08,450.0
348126,4.969727,1.0223,0,158.21,0.8767782086817228,1.3,1.08,450.0
348127,4.980469,1.04379,0,158.21,0.8909403127352493,1.3,1.08,450.0
348128,4.990235,1.0662,0,158.21,0.9038156719036547,1.3,1.08,450.0
348129,5.0,1.05659,0,158.21,0.9166897126858733,1.3,1.08,450.0
348130,5.009766,1.03863,0,158.21,0.929565071854279,1.3,1.08,450.0
348131,5.020508,1.02241,0,158.21,0.9437271759078052,1.3,1.08,450.0
348132,5.030274,1.05532,0,158.21,0.9566025350762108,1.3,1.08,450.0
348133,5.040039,1.05467,0,158.21,0.9694765758584294,1.3,1.08,450.0
348134,5.049805,1.08018,0,158.21,0.9823519350268348,1.3,1.08,450.0
348135,5.054688,1.06502,0,158.21,0.9887896146110002,1.3,1.08,450.0
348136,5.06543,1.05524,0,158.21,0.002951718664564007,1.3,1.08,450.0
348137,5.075195,1.01935,0,158.21,0.015825759446782772,1.3,1.08,450.0
348138,5.084961,1.04198,0,158.21,0.028701118615188204,1.3,1.08,450.0
348139,5.094727,1.07432,0,158.21,0.04157647778355633,1.3,1.08,450.0
348140,5.105469,1.0551,0,158.21,0.05573858183708258,1.3,1.08,450.0
348141,5.115235,1.04896,0,158.21,0.06861394100548823,1.3,1.08,450.0
348142,5.125,1.10297,0,158.21,0.08148798178770678,1.3,1.08,450.0
348143,5.134766,0.99676,0,158.21,0.09436334095611221,1.3,1.08,450.0
348144,5.140625,1.06955,0,158.21,0.10208776542543574,1.3,1.08,450.0
348145,5.150391,1.05014,0,158.21,0.11496312459384139,1.3,1.08,450.0
348146,5.160156,1.05587,0,158.21,0.12783716537605994,1.3,1.08,450.0
348147,5.169922,1.04742,0,158.21,0.1407125245444656,1.3,1.08,450.0
348148,5.179688,1.05082,0,158.21,0.15358788371283372,1.3,1.08,450.0
348149,5.19043,1.03958,0,158.21,0.1677499877663975,1.3,1.08,450.0
348150,5.200195,1.00762,0,158.21,0.18062402854861603,1.3,1.08,450.0
348151,5.209961,0.99974,0,158.21,0.19349938771702146,1.3,1.08,450.0
348152,5.219727,1.0071,0,158.21,0.2063747468853896,1.3,1.08,450.0
348153,5.230469,0.97919,0,158.21,0.22053685093891606,1.3,1.08,450.0
348154,5.240235,1.20544,0,158.21,0.2334122101073215,1.3,1.08,450.0
348155,5.245117,1.03122,0,158.21,0.23984857130537462,1.3,1.08,450.0
348156,5.254883,1.06783,0,158.21,0.25272393047374275,1.3,1.08,450.0
348157,5.265625,1.03143,0,158.21,0.2668860345272692,1.3,1.08,450.0
348158,5.275391,1.04908,0,158.21,0.2797613936956749,1.3,1.08,450.0
348159,5.285156,1.03109,0,158.21,0.2926354344778934,1.3,1.08,450.0
348160,5.294922,1.07885,0,158.21,0.30551079364629885,1.3,1.08,450.0
348161,5.304688,1.06448,0,158.21,0.318386152814667,1.3,1.08,450.0
348162,5.31543,1.06901,0,158.21,0.332548256868231,1.3,1.08,450.0
348163,5.325195,1.06997,0,158.21,0.3454222976504495,1.3,1.08,450.0
348164,5.334961,1.02748,0,158.21,0.35829765681885495,1.3,1.08,450.0
348165,5.344727,1.04454,0,158.21,0.3711730159872231,1.3,1.08,450.0
348166,5.350586,1.052,0,158.21,0.37889744045658413,1.3,1.08,450.0
348167,5.360352,1.0508,0,158.21,0.39177279962495204,1.3,1.08,450.0
348168,5.370117,1.03002,0,158.21,0.4046468404072081,1.3,1.08,450.0
348169,5.379883,1.00192,0,158.21,0.41752219957557624,1.3,1.08,450.0
348170,5.390625,1.11497,0,158.21,0.4316843036291025,1.3,1.08,450.0
348171,5.400391,1.11675,0,158.21,0.44455966279750814,1.3,1.08,450.0
348172,5.410156,1.23087,0,158.21,0.4574337035797267,1.3,1.08,450.0
348173,5.419922,1.42413,1,137.96,0.0,1.3,1.08,450.0
348174,5.429688,1.43423,0,137.96,0.011227978149930285,1.3,1.08,450.0
348175,5.435547,1.60892,0,137.96,0.01796407521942791,1.3,1.08,450.0
348176,5.445313,1.68021,0,137.96,0.029192053369358196,1.3,1.08,450.0
348177,5.455078,1.54005,0,137.96,0.040418881818510013,1.3,1.08,450.0
348178,5.464844,1.59544,0,137.96,0.051646859968440297,1.3,1.08,450.0
348179,5.475586,1.62454,0,137.96,0.06399694611291941,1.3,1.08,450.0
348180,5.485352,1.62116,0,137.96,0.0752249242628497,1.3,1.08,450.0
348181,5.495117,1.83765,0,137.96,0.0864517527120015,1.3,1.08,450.0
348182,5.504883,1.90382,0,137.96,0.09767973086193178,1.3,1.08,450.0
348183,5.515625,1.83546,0,137.96,0.11002981700637822,1.3,1.08,450.0
348184,5.525391,1.80393,0,137.96,0.12125779515634118,1.3,1.08,450.0
348185,5.535156,1.83758,0,137.96,0.13248462360546032,1.3,1.08,450.0
348186,5.544922,2.04876,0,137.96,0.14371260175542327,1.3,1.08,450.0
348187,5.549805,1.8311,0,137.96,0.14932659083040478,1.3,1.08,450.0
348188,5.560547,2.02047,0,137.96,0.1616766769748512,1.3,1.08,450.0
348189,5.570313,0.91918,0,137.96,0.17290465512478148,1.3,1.08,450.0
348190,5.580078,0.74283,0,137.96,0.1841314835739333,1.3,1.08,450.0
348191,5.589844,0.52422,0,137.96,0.19535946172386356,1.3,1.08,450.0
348192,5.600586,0.48594,0,137.96,0.2077095478683427,1.3,1.08,450.0
348193,5.610352,0.56477,0,137.96,0.21893752601827296,1.3,1.08,450.0
348194,5.620117,0.67755,0,137.96,0.2301643544674248,1.3,1.08,450.0
348195,5.629883,0.91079,0,137.96,0.2413923326173551,1.3,1.08,450.0
348196,5.640625,1.1491,0,137.96,0.2537424187618015,1.3,1.08,450.0
348197,5.645508,1.2821,0,137.96,0.259356407836783,1.3,1.08,450.0
348198,5.655274,1.32568,0,137.96,0.27058438598674595,1.3,1.08,450.0
348199,5.665039,1.28089,0,137.96,0.2818112144358651,1.3,1.08,450.0
348200,5.674805,1.16215,0,137.96,0.29303919258582806,1.3,1.08,450.0
348201,5.685547,1.0515,0,137.96,0.3053892787302745,1.3,1.08,450.0
348202,5.695313,0.97071,0,137.96,0.31661725688020476,1.3,1.08,450.0
348203,5.705078,0.91783,0,137.96,0.3278440853293566,1.3,1.08,450.0
348204,5.714844,0.91737,0,137.96,0.33907206347928687,1.3,1.08,450.0
348205,5.725586,0.95206,0,137.96,0.351422149623766,1.3,1.08,450.0
348206,5.735352,1.12755,0,137.96,0.36265012777369626,1.3,1.08,450.0
348207,5.740235,1.33439,0,137.96,0.3682641168486777,1.3,1.08,450.0
348208,5.75,1.4136,0,137.96,0.37949094529779687,1.3,1.08,450.0
348209,5.759766,1.35625,0,137.96,0.3907189234477598,1.3,1.08,450.0
348210,5.770508,1.21985,0,137.96,0.40306900959220626,1.3,1.08,450.0
348211,5.780274,1.07552,0,137.96,0.4142969877421692,1.3,1.08,450.0
348212,5.790039,1.06293,0,137.96,0.4255238161912884,1.3,1.08,450.0
348213,5.799805,1.21469,0,137.96,0.43675179434125133,1.3,1.08,450.0
348214,5.810547,1.37501,0,137.96,0.44910188048569777,1.3,1.08,450.0
348215,5.820313,1.44837,0,137.96,0.46032985863562803,1.3,1.08,450.0
348216,5.830078,1.4536,0,137.96,0.4715566870847799,1.3,1.08,450.0
348217,5.839844,1.46782,0,137.96,0.4827846652347102,1.3,1.08,450.0
348218,5.850586,1.50242,0,137.96,0.4951347513791893,1.3,1.08,450.0
348219,5.855469,1.53836,0,137.96,0.5007487404541381,1.3,1.08,450.0
348220,5.865235,1.60767,0,137.96,0.511976718604101,1.3,1.08,450.0
348221,5.875,1.70905,0,137.96,0.5232035470532201,1.3,1.08,450.0
348222,5.884766,1.80574,0,137.96,0.5344315252031832,1.3,1.08,450.0
348223,5.895508,1.78702,0,137.96,0.5467816113476296,1.3,1.08,450.0
348224,5.905274,1.65278,0,137.96,0.5580095894975925,1.3,1.08,450.0
348225,5.915039,1.42569,0,137.96,0.5692364179467116,1.3,1.08,450.0
348226,5.924805,1.39355,0,137.96,0.5804643960966747,1.3,1.08,450.0
348227,5.935547,1.54968,0,137.96,0.592814482241121,1.3,1.08,450.0
348228,5.94043,1.67244,0,137.96,0.5984284713161026,1.3,1.08,450.0
348229,5.950195,1.77374,0,137.96,0.6096552997652217,1.3,1.08,450.0
348230,5.959961,1.64893,0,137.96,0.6208832779151847,1.3,1.08,450.0
348231,5.969727,1.40285,0,137.96,0.6321112560651149,1.3,1.08,450.0
348232,5.980469,1.31647,0,137.96,0.6444613422095614,1.3,1.08,450.0
348233,5.990235,1.34874,0,137.96,0.6556893203595243,1.3,1.08,450.0
348234,6.0,1.38933,0,137.96,0.6669161488086435,1.3,1.08,450.0
348237,6.030274,1.63555,0,137.96,0.7017221912530158,1.3,1.08,450.0
348238,6.040039,1.60127,0,137.96,0.712949019702135,1.3,1.08,450.0
348239,6.044922,0.41686,0,137.96,0.7185630087771163,1.3,1.08,450.0
348240,6.054688,1.75309,1,158.4,0.0,1.3,1.08,450.0
348241,6.06543,2.30201,0,158.4,0.014179160303104881,1.3,1.08,450.0
348242,6.075195,1.39476,0,158.4,0.027068706044992723,1.3,1.08,450.0
348243,6.084961,0.74505,0,158.4,0.03995957176087705,1.3,1.08,450.0
348244,6.094727,0.3847,0,158.4,0.05285043747672387,1.3,1.08,450.0
348245,6.105469,1.52078,0,158.4,0.06702959777979123,1.3,1.08,450.0
348246,6.115235,2.07805,0,158.4,0.07992046349567557,1.3,1.08,450.0
348247,6.125,1.86658,0,158.4,0.0928100092375634,1.3,1.08,450.0
348248,6.134766,1.5887,0,158.4,0.10570087495344774,1.3,1.08,450.0
348249,6.140625,2.45952,0,158.4,0.11343460239857292,1.3,1.08,450.0
348250,6.150391,1.9969,0,158.4,0.12632546811445727,1.3,1.08,450.0
348251,6.160156,1.29799,0,158.4,0.1392150138563451,1.3,1.08,450.0
348252,6.169922,1.19418,0,158.4,0.15210587957222943,1.3,1.08,450.0
348253,6.179688,1.32566,0,158.4,0.16499674528807623,1.3,1.08,450.0
348254,6.19043,1.3231,0,158.4,0.17917590559118113,1.3,1.08,450.0
348255,6.200195,1.11841,0,158.4,0.19206545133306896,1.3,1.08,450.0
348256,6.209961,1.03285,0,158.4,0.2049563170489533,1.3,1.08,450.0
348257,6.219727,1.04671,0,158.4,0.2178471827648001,1.3,1.08,450.0
348258,6.230469,1.1158,0,158.4,0.23202634306786746,1.3,1.08,450.0
348259,6.240235,0.99256,0,158.4,0.24491720878375178,1.3,1.08,450.0
348260,6.245117,0.98882,0,158.4,0.251361321667735,1.3,1.08,450.0
348261,6.254883,1.00618,0,158.4,0.2642521873835818,1.3,1.08,450.0
348262,6.265625,0.97586,0,158.4,0.2784313476866492,1.3,1.08,450.0
348263,6.275391,0.96465,0,158.4,0.29132221340253345,1.3,1.08,450.0
348264,6.285156,1.04606,0,158.4,0.30421175914442133,1.3,1.08,450.0
348265,6.294922,1.00185,0,158.4,0.31710262486030566,1.3,1.08,450.0
348266,6.304688,1.00323,0,158.4,0.32999349057615246,1.3,1.08,450.0
348267,6.31543,1.13385,0,158.4,0.34417265087925736,1.3,1.08,450.0
348268,6.325195,1.02711,0,158.4,0.3570621966211452,1.3,1.08,450.0
348269,6.334961,1.04418,0,158.4,0.3699530623370295,1.3,1.08,450.0
348270,6.344727,1.04319,0,158.4,0.38284392805287637,1.3,1.08,450.0
348271,6.350586,1.01286,0,158.4,0.3905776554980391,1.3,1.08,450.0
348272,6.360352,0.97219,0,158.4,0.4034685212138859,1.3,1.08,450.0
348273,6.370117,1.0721,0,158.4,0.41635806695581123,1.3,1.08,450.0
348274,6.379883,1.06102,0,158.4,0.4292489326716581,1.3,1.08,450.0
348275,6.390625,1.05268,0,158.4,0.4434280929747254,1.3,1.08,450.0
348276,6.400391,1.06657,0,158.4,0.45631895869060973,1.3,1.08,450.0
348277,6.410156,1.06584,0,158.4,0.46920850443249756,1.3,1.08,450.0
348278,6.419922,1.03586,0,158.4,0.4820993701483819,1.3,1.08,450.0
348279,6.429688,1.0484,0,158.4,0.49499023586422874,1.3,1.08,450.0
348280,6.435547,1.02896,0,158.4,0.5027239633093914,1.3,1.08,450.0
348281,6.445313,1.03927,0,158.4,0.5156148290252383,1.3,1.08,450.0
348282,6.455078,1.01914,0,158.4,0.5285043747671636,1.3,1.08,450.0
348283,6.464844,1.01118,0,158.4,0.5413952404830105,1.3,1.08,450.0
348284,6.475586,1.02814,0,158.4,0.5555744007861153,1.3,1.08,450.0
348285,6.485352,1.0497,0,158.4,0.568465266501962,1.3,1.08,450.0
348286,6.495117,1.00945,0,158.4,0.5813548122438875,1.3,1.08,450.0
348287,6.504883,1.03283,0,158.4,0.5942456779597343,1.3,1.08,450.0
348288,6.515625,1.04698,0,158.4,0.6084248382628016,1.3,1.08,450.0
348289,6.525391,1.00777,0,158.4,0.621315703978686,1.3,1.08,450.0
348290,6.535156,1.05339,0,158.4,0.6342052497205739,1.3,1.08,450.0
348291,6.544922,1.01729,0,158.4,0.6470961154364582,1.3,1.08,450.0
348292,6.549805,1.04081,0,158.4,0.6535415482944004,1.3,1.08,450.0
348293,6.560547,1.0016,0,158.4,0.6677207085974677,1.3,1.08,450.0
348294,6.570313,1.03579,0,158.4,0.6806115743133144,1.3,1.08,450.0
348295,6.580078,1.00853,0,158.4,0.6935011200552399,1.3,1.08,450.0
348296,6.589844,1.03701,0,158.4,0.7063919857710866,1.3,1.08,450.0
348297,6.600586,1.08176,0,158.4,0.7205711460741916,1.3,1.08,450.0
348298,6.610352,1.0089,0,158.4,0.7334620117900383,1.3,1.08,450.0
348299,6.620117,1.06064,0,158.4,0.7463515575319638,1.3,1.08,450.0
348300,6.629883,1.06599,0,158.4,0.7592424232478105,1.3,1.08,450.0
348301,6.640625,1.00675,0,158.4,0.7734215835508779,1.3,1.08,450.0
348302,6.645508,1.06442,0,158.4,0.7798670164088201,1.3,1.08,450.0
348303,6.655274,1.05303,0,158.4,0.7927578821247043,1.3,1.08,450.0
348304,6.665039,1.03711,0,158.4,0.8056474278665923,1.3,1.08,450.0
348305,6.674805,1.01267,0,158.4,0.8185382935824765,1.3,1.08,450.0
348306,6.685547,0.99463,0,158.4,0.8327174538855439,1.3,1.08,450.0
348307,6.695313,1.02081,0,158.4,0.8456083196013907,1.3,1.08,450.0
348308,6.705078,1.05259,0,158.4,0.8584978653433162,1.3,1.08,450.0
348309,6.714844,1.03841,0,158.4,0.8713887310591629,1.3,1.08,450.0
348310,6.725586,1.09187,0,158.4,0.8855678913622678,1.3,1.08,450.0
348311,6.735352,1.05973,0,158.4,0.8984587570781145,1.3,1.08,450.0
348312,6.740235,1.06046,0,158.4,0.9049041899360567,1.3,1.08,450.0
348313,6.75,1.02801,0,158.4,0.9177937356779446,1.3,1.08,450.0
348314,6.759766,1.04296,0,158.4,0.9306846013938289,1.3,1.08,450.0
348315,6.770508,1.0463,0,158.4,0.9448637616968962,1.3,1.08,450.0
348316,6.780274,1.07018,0,158.4,0.9577546274127806,1.3,1.08,450.0
348317,6.790039,1.05049,0,158.4,0.9706441731546686,1.3,1.08,450.0
348318,6.799805,1.02995,0,158.4,0.9835350388705528,1.3,1.08,450.0
348319,6.810547,1.03265,0,158.4,0.9977141991736201,1.3,1.08,450.0
348320,6.820313,1.0083,0,158.4,0.010605064889466886,1.3,1.08,450.0
348321,6.830078,1.06928,0,158.4,0.023494610631392465,1.3,1.08,450.0
348322,6.839844,1.04627,0,158.4,0.0363854763472391,1.3,1.08,450.0
348323,6.850586,1.06424,0,158.4,0.05056463665034405,1.3,1.08,450.0
348324,6.855469,1.04501,0,158.4,0.05701006950824872,1.3,1.08,450.0
348325,6.865235,1.03585,0,158.4,0.0699009352241331,1.3,1.08,450.0
348326,6.875,1.03482,0,158.4,0.08279048096602093,1.3,1.08,450.0
348327,6.884766,1.03288,0,158.4,0.09568134668190509,1.3,1.08,450.0
348328,6.895508,1.04459,0,158.4,0.10986050698497252,1.3,1.08,450.0
348329,6.905274,1.06633,0,158.4,0.1227513727008569,1.3,1.08,450.0
348330,6.915039,1.02727,0,158.4,0.13564091844274473,1.3,1.08,450.0
348331,6.924805,0.97837,0,158.4,0.1485317841586289,1.3,1.08,450.0
348332,6.935547,1.03148,0,158.4,0.16271094446169654,1.3,1.08,450.0
348333,6.94043,1.12683,0,158.4,0.1691563773196385,1.3,1.08,450.0
348334,6.950195,1.09678,0,158.4,0.18204592306152634,1.3,1.08,450.0
348335,6.959961,1.04488,0,158.4,0.19493678877741072,1.3,1.08,450.0
348336,6.969727,1.05371,0,158.4,0.20782765449325757,1.3,1.08,450.0
348337,6.980469,1.05608,0,158.4,0.22200681479632478,1.3,1.08,450.0
348338,6.990235,1.04824,0,158.4,0.23489768051220916,1.3,1.08,450.0
348339,7.0,1.007,0,158.4,0.247787226254097,1.3,1.08,450.0
348340,7.009766,1.03886,0,158.4,0.2606780919699814,1.3,1.08,450.0
348341,7.020508,1.08318,0,158.4,0.2748572522730488,1.3,1.08,450.0
348342,7.030274,1.0599,0,158.4,0.2877481179889332,1.3,1.08,450.0
348343,7.040039,1.07824,0,158.4,0.300637663730821,1.3,1.08,450.0
348344,7.044922,1.07304,0,158.4,0.307083096588763,1.3,1.08,450.0
348345,7.054688,1.02929,0,158.4,0.31997396230460984,1.3,1.08,450.0
348346,7.06543,1.02817,0,158.4,0.334153122607715,1.3,1.08,450.0
348347,7.075195,1.03564,0,158.4,0.3470426683496026,1.3,1.08,450.0
348348,7.084961,1.0067,0,158.4,0.359933534065487,1.3,1.08,450.0
348349,7.094727,1.03608,0,158.4,0.37282439978133364,1.3,1.08,450.0
348350,7.105469,1.07165,0,158.4,0.3870035600844013,1.3,1.08,450.0
348351,7.115235,1.14076,0,158.4,0.39989442580028567,1.3,1.08,450.0
348352,7.125,1.28378,0,158.4,0.4127839715421733,1.3,1.08,450.0
348353,7.134766,1.37774,1,139.48,0.0,1.3,1.08,450.0
348354,7.140625,1.55124,0,139.48,0.006810079756165966,1.3,1.08,450.0
348355,7.150391,1.62694,0,139.48,0.01816137501115107,1.3,1.08,450.0
348356,7.160156,1.70927,0,139.48,0.02951150793810536,1.3,1.08,450.0
348357,7.169922,1.49562,0,139.48,0.04086280319309046,1.3,1.08,450.0
348358,7.179688,1.4982,0,139.48,0.05221409844804253,1.3,1.08,450.0
348359,7.19043,1.53207,0,139.48,0.06469982583173409,1.3,1.08,450.0
348360,7.200195,1.40612,0,139.48,0.07604995875868838,1.3,1.08,450.0
348361,7.209961,1.50796,0,139.48,0.08740125401367348,1.3,1.08,450.0
348362,7.219727,1.72676,0,139.48,0.09875254926862556,1.3,1.08,450.0
348363,7.230469,1.65502,0,139.48,0.11123827665228407,1.3,1.08,450.0
348364,7.235352,1.79623,0,139.48,0.11691392427977662,1.3,1.08,450.0
348365,7.245117,1.68315,0,139.48,0.12826405720676395,1.3,1.08,450.0
348366,7.254883,2.07486,0,139.48,0.139615352461716,1.3,1.08,450.0
348367,7.265625,1.78811,0,139.48,0.15210107984537452,1.3,1.08,450.0
348368,7.275391,2.19681,0,139.48,0.16345237510035962,1.3,1.08,450.0
348369,7.285156,1.05369,0,139.48,0.17480250802731395,1.3,1.08,450.0
348370,7.294922,0.76056,0,139.48,0.18615380328229902,1.3,1.08,450.0
348371,7.304688,0.40167,0,139.48,0.19750509853725112,1.3,1.08,450.0
348372,7.31543,0.35033,0,139.48,0.20999082592094265,1.3,1.08,450.0
348373,7.325195,0.50653,0,139.48,0.22134095884789692,1.3,1.08,450.0
348374,7.334961,0.6688,0,139.48,0.23269225410288205,1.3,1.08,450.0
348375,7.344727,0.85671,0,139.48,0.2440435493578341,1.3,1.08,450.0
348376,7.350586,1.02492,0,139.48,0.25085362911403314,1.3,1.08,450.0
348377,7.360352,1.20385,0,139.48,0.2622049243689852,1.3,1.08,450.0
348378,7.370117,1.32862,0,139.48,0.2735550572959725,1.3,1.08,450.0
348379,7.379883,1.26476,0,139.48,0.2849063525509246,1.3,1.08,450.0
348380,7.390625,1.09073,0,139.48,0.2973920799345831,1.3,1.08,450.0
348381,7.400391,0.85847,0,139.48,0.3087433751895682,1.3,1.08,450.0
348382,7.410156,0.72519,0,139.48,0.3200935081165225,1.3,1.08,450.0
348383,7.419922,0.73333,0,139.48,0.33144480337150756,1.3,1.08,450.0
348384,7.429688,0.84142,0,139.48,0.34279609862645966,1.3,1.08,450.0
348385,7.435547,0.99535,0,139.48,0.34960617838265867,1.3,1.08,450.0
348386,7.445313,1.12826,0,139.48,0.36095747363761077,1.3,1.08,450.0
348387,7.455078,1.23606,0,139.48,0.37230760656459805,1.3,1.08,450.0
348388,7.464844,1.29554,0,139.48,0.38365890181955015,1.3,1.08,450.0
348389,7.475586,1.26017,0,139.48,0.3961446292032417,1.3,1.08,450.0
348390,7.485352,1.18616,0,139.48,0.4074959244581937,1.3,1.08,450.0
348391,7.495117,1.15623,0,139.48,0.4188460573851811,1.3,1.08,450.0
348392,7.504883,1.17028,0,139.48,0.43019735264013315,1.3,1.08,450.0
348393,7.515625,1.19599,0,139.48,0.4426830800237917,1.3,1.08,450.0
348394,7.525391,1.21399,0,139.48,0.45403437527877677,1.3,1.08,450.0
348395,7.535156,1.24545,0,139.48,0.4653845082057311,1.3,1.08,450.0
348396,7.540039,1.27134,0,139.48,0.4710601558332236,1.3,1.08,450.0
348397,7.549805,1.30038,0,139.48,0.4824114510882087,1.3,1.08,450.0
348398,7.560547,1.33608,0,139.48,0.49489717847186726,1.3,1.08,450.0
348399,7.570313,1.39156,0,139.48,0.5062484737268194,1.3,1.08,450.0
348400,7.580078,1.46341,0,139.48,0.5175986066538066,1.3,1.08,450.0
348401,7.589844,1.534,0,139.48,0.5289499019087587,1.3,1.08,450.0
348402,7.600586,1.57428,0,139.48,0.5414356292924503,1.3,1.08,450.0
348403,7.610352,1.56823,0,139.48,0.5527869245474023,1.3,1.08,450.0
348404,7.620117,1.5308,0,139.48,0.5641370574743897,1.3,1.08,450.0
348405,7.629883,1.50152,0,139.48,0.5754883527293416,1.3,1.08,450.0
348406,7.640625,1.4864,0,139.48,0.5879740801130002,1.3,1.08,450.0
348407,7.645508,1.48678,0,139.48,0.5936497277404927,1.3,1.08,450.0
348408,7.655274,1.50036,0,139.48,0.6050010229954779,1.3,1.08,450.0
348409,7.665039,1.51324,0,139.48,0.6163511559224322,1.3,1.08,450.0
348410,7.674805,1.53721,0,139.48,0.6277024511774172,1.3,1.08,450.0
348411,7.685547,1.49154,0,139.48,0.6401881785610758,1.3,1.08,450.0
348412,7.695313,1.40785,0,139.48,0.6515394738160278,1.3,1.08,450.0
348413,7.705078,1.32709,0,139.48,0.6628896067430151,1.3,1.08,450.0
348414,7.714844,1.28835,0,139.48,0.6742409019979673,1.3,1.08,450.0
348415,7.725586,1.24511,0,139.48,0.6867266293816587,1.3,1.08,450.0
348416,7.730469,1.24074,0,139.48,0.6924022770091184,1.3,1.08,450.0
348417,7.740235,1.22536,0,139.48,0.7037535722641034,1.3,1.08,450.0
348418,7.75,1.20075,0,139.48,0.7151037051910578,1.3,1.08,450.0
348419,7.759766,1.20732,0,139.48,0.7264550004460428,1.3,1.08,450.0
348420,7.770508,1.25283,0,139.48,0.7389407278297013,1.3,1.08,450.0
348421,7.780274,1.30935,0,139.48,0.7502920230846865,1.3,1.08,450.0
348422,7.790039,1.32151,0,139.48,0.7616421560116408,1.3,1.08,450.0
348423,7.799805,1.10987,0,139.48,0.7729934512666258,1.3,1.08,450.0
348424,7.810547,0.91279,0,139.48,0.7854791786502844,1.3,1.08,450.0
348425,7.820313,2.16697,1,153.7,0.0,1.3,1.08,450.0
348426,7.830078,2.00074,0,153.7,0.01250771974295683,1.3,1.08,450.0
348427,7.839844,1.10999,0,153.7,0.02501672035835154,1.3,1.08,450.0
348428,7.844727,0.71507,0,153.7,0.03127122066606709,1.3,1.08,450.0
348429,7.855469,1.23847,0,153.7,0.04503035281952762,1.3,1.08,450.0
348430,7.865235,1.87514,0,153.7,0.05753935343495874,1.3,1.08,450.0
348431,7.875,1.75755,0,153.7,0.07004707317787916,1.3,1.08,450.0
348432,7.884766,1.50857,0,153.7,0.08255607379331027,1.3,1.08,450.0
348433,7.895508,1.68543,0,153.7,0.0963152059467708,1.3,1.08,450.0
348434,7.905274,2.73223,0,153.7,0.1088242065622019,1.3,1.08,450.0
348435,7.915039,1.75296,0,153.7,0.12133192630512234,1.3,1.08,450.0
348436,7.924805,1.19704,0,153.7,0.13384092692055344,1.3,1.08,450.0
348437,7.935547,1.12479,0,153.7,0.14760005907401397,1.3,1.08,450.0
348438,7.94043,1.21014,0,153.7,0.1538545593817295,1.3,1.08,450.0
348439,7.950195,1.11137,0,153.7,0.16636227912464996,1.3,1.08,450.0
348440,7.959961,1.0898,0,153.7,0.17887127974008107,1.3,1.08,450.0
348441,7.969727,1.11753,0,153.7,0.19138028035547577,1.3,1.08,450.0
348442,7.980469,1.07298,0,153.7,0.2051394125089363,1.3,1.08,450.0
348443,7.990235,1.04548,0,153.7,0.21764841312436742,1.3,1.08,450.0
348444,8.0,1.01331,0,153.7,0.23015613286728784,1.3,1.08,450.0
348445,8.009766,0.97957,0,153.7,0.24266513348271895,1.3,1.08,450.0
348446,8.020508,1.06155,0,153.7,0.2564242656361795,1.3,1.08,450.0
348447,8.030274,1.02644,0,153.7,0.2689332662516106,1.3,1.08,450.0
348448,8.040039,1.04457,0,153.7,0.28144098599453105,1.3,1.08,450.0
348449,8.044922,1.07294,0,153.7,0.2876954863022466,1.3,1.08,450.0
348450,8.054688,1.07421,0,153.7,0.3002044869176413,1.3,1.08,450.0
348451,8.06543,1.06675,0,153.7,0.31396361907113823,1.3,1.08,450.0
348452,8.075195,1.04616,0,153.7,0.32647133881405865,1.3,1.08,450.0
348453,8.084961,1.12,0,153.7,0.3389803394294898,1.3,1.08,450.0
348454,8.094727,1.01081,0,153.7,0.35148934004488447,1.3,1.08,450.0
348455,8.105469,1.04724,0,153.7,0.365248472198345,1.3,1.08,450.0
348456,8.115235,1.04854,0,153.7,0.37775747281377614,1.3,1.08,450.0
348457,8.125,0.99511,0,153.7,0.3902651925566965,1.3,1.08,450.0
348458,8.134766,1.06088,0,153.7,0.40277419317212765,1.3,1.08,450.0
348459,8.140625,1.01186,0,153.7,0.4102788250178726,1.3,1.08,450.0
348460,8.150391,1.04929,0,153.7,0.4227878256333037,1.3,1.08,450.0
348461,8.160156,1.00042,0,153.7,0.43529554537622417,1.3,1.08,450.0
348462,8.169922,1.01582,0,153.7,0.44780454599165526,1.3,1.08,450.0
348463,8.179688,1.00252,0,153.7,0.46031354660704993,1.3,1.08,450.0
348464,8.19043,1.05613,0,153.7,0.47407267876054693,1.3,1.08,450.0
348465,8.200195,1.02557,0,153.7,0.48658039850346735,1.3,1.08,450.0
348466,8.209961,1.03257,0,153.7,0.49908939911889844,1.3,1.08,450.0
348467,8.219727,1.03159,0,153.7,0.5115983997342932,1.3,1.08,450.0
348468,8.230469,1.05149,0,153.7,0.5253575318877537,1.3,1.08,450.0
348469,8.235352,1.04372,0,153.7,0.5316120321954693,1.3,1.08,450.0
348470,8.245117,1.04957,0,153.7,0.5441197519384261,1.3,1.08,450.0
348471,8.254883,1.05964,0,153.7,0.5566287525538207,1.3,1.08,450.0
348472,8.265625,1.0361,0,153.7,0.5703878847072813,1.3,1.08,450.0
348473,8.275391,1.05783,0,153.7,0.5828968853227124,1.3,1.08,450.0
348474,8.285156,1.03915,0,153.7,0.5954046050656329,1.3,1.08,450.0
348475,8.294922,1.02198,0,153.7,0.607913605681064,1.3,1.08,450.0
348476,8.304688,1.052,0,153.7,0.6204226062964586,1.3,1.08,450.0
348477,8.31543,1.02849,0,153.7,0.6341817384499556,1.3,1.08,450.0
348478,8.325195,1.03228,0,153.7,0.646689458192876,1.3,1.08,450.0
348479,8.334961,1.02767,0,153.7,0.6591984588083071,1.3,1.08,450.0
348480,8.344727,1.02249,0,153.7,0.6717074594237019,1.3,1.08,450.0
348481,8.350586,1.02525,0,153.7,0.6792120912694831,1.3,1.08,450.0
348482,8.360352,1.05497,0,153.7,0.691721091884878,1.3,1.08,450.0
348483,8.370117,1.03489,0,153.7,0.7042288116278347,1.3,1.08,450.0
348484,8.379883,1.04478,0,153.7,0.7167378122432294,1.3,1.08,450.0
348485,8.390625,1.04707,0,153.7,0.73049694439669,1.3,1.08,450.0
348486,8.400391,1.03785,0,153.7,0.743005945012121,1.3,1.08,450.0
348487,8.410156,1.0273,0,153.7,0.7555136647550414,1.3,1.08,450.0
348488,8.419922,1.082,0,153.7,0.7680226653704726,1.3,1.08,450.0
348489,8.429688,1.02489,0,153.7,0.7805316659858673,1.3,1.08,450.0
348490,8.435547,1.0466,0,153.7,0.7880362978316487,1.3,1.08,450.0
348491,8.445313,1.03321,0,153.7,0.8005452984470434,1.3,1.08,450.0
348492,8.455078,1.02996,0,153.7,0.8130530181900003,1.3,1.08,450.0
348493,8.464844,1.02918,0,153.7,0.8255620188053949,1.3,1.08,450.0
348494,8.475586,1.04038,0,153.7,0.8393211509588919,1.3,1.08,450.0
348495,8.485352,1.03553,0,153.7,0.8518301515742867,1.3,1.08,450.0
348496,8.495117,1.03702,0,153.7,0.8643378713172434,1.3,1.08,450.0
348497,8.504883,1.04469,0,153.7,0.8768468719326382,1.3,1.08,450.0
348498,8.515625,1.01232,0,153.7,0.8906060040860987,1.3,1.08,450.0
348499,8.525391,1.04298,0,153.7,0.9031150047015297,1.3,1.08,450.0
348500,8.535156,1.03285,0,153.7,0.9156227244444503,1.3,1.08,450.0
348501,8.540039,1.05698,0,153.7,0.9218772247521657,1.3,1.08,450.0
348502,8.549805,1.04662,0,153.7,0.9343862253675969,1.3,1.08,450.0
348503,8.560547,1.05766,0,153.7,0.9481453575210573,1.3,1.08,450.0
348504,8.570313,1.04255,0,153.7,0.9606543581364522,1.3,1.08,450.0
348505,8.580078,1.04219,0,153.7,0.9731620778794089,1.3,1.08,450.0
348506,8.589844,1.05523,0,153.7,0.9856710784948036,1.3,1.08,450.0
348507,8.600586,1.04812,0,153.7,0.9994302106483006,1.3,1.08,450.0
348508,8.610352,1.05523,0,153.7,0.011939211263695348,1.3,1.08,450.0
348509,8.620117,1.05472,0,153.7,0.024446931006652184,1.3,1.08,450.0
348510,8.629883,1.04315,0,153.7,0.03695593162204691,1.3,1.08,450.0
348511,8.640625,1.04659,0,153.7,0.050715063775507385,1.3,1.08,450.0
348512,8.645508,1.03459,0,153.7,0.056969564083222846,1.3,1.08,450.0
348513,8.655274,1.03255,0,153.7,0.06947856469865399,1.3,1.08,450.0
348514,8.665039,0.97164,0,153.7,0.08198628444157441,1.3,1.08,450.0
348515,8.674805,1.00351,0,153.7,0.09449528505700555,1.3,1.08,450.0
348516,8.685547,0.97689,0,153.7,0.10825441721046625,1.3,1.08,450.0
348517,8.695313,1.16753,0,153.7,0.12076341782586075,1.3,1.08,450.0
348518,8.705078,1.11177,0,153.7,0.1332711375688178,1.3,1.08,450.0
348519,8.714844,1.06073,0,153.7,0.14578013818421232,1.3,1.08,450.0
348520,8.725586,1.0113,0,153.7,0.15953927033770943,1.3,1.08,450.0
348521,8.730469,1.09774,0,153.7,0.16579377064538847,1.3,1.08,450.0
348522,8.740235,1.11189,0,153.7,0.17830277126081961,1.3,1.08,450.0
348523,8.75,1.07336,0,153.7,0.19081049100374003,1.3,1.08,450.0
348524,8.759766,1.03835,0,153.7,0.20331949161917118,1.3,1.08,450.0
348525,8.770508,1.06482,0,153.7,0.21707862377263165,1.3,1.08,450.0
348526,8.780274,1.02549,0,153.7,0.2295876243880628,1.3,1.08,450.0
348527,8.790039,1.06655,0,153.7,0.24209534413098321,1.3,1.08,450.0
348528,8.799805,1.04129,0,153.7,0.25460434474641436,1.3,1.08,450.0
348529,8.810547,0.99937,0,153.7,0.26836347689987483,1.3,1.08,450.0
348530,8.820313,1.02755,0,153.7,0.28087247751526956,1.3,1.08,450.0
348531,8.830078,0.99656,0,153.7,0.2933801972582264,1.3,1.08,450.0
348532,8.839844,1.04928,0,153.7,0.3058891978736211,1.3,1.08,450.0
348533,8.844727,1.0878,0,153.7,0.3121436981813366,1.3,1.08,450.0
348534,8.855469,1.22812,0,153.7,0.32590283033479706,1.3,1.08,450.0
348535,8.865235,1.32871,1,138.16,0.0,1.3,1.08,450.0
348536,8.875,1.60613,0,138.16,0.01124270990324831,1.3,1.08,450.0
348537,8.884766,1.62996,0,138.16,0.02248657113370547,1.3,1.08,450.0
348538,8.895508,1.65937,0,138.16,0.034854127690876494,1.3,1.08,450.0
348539,8.905274,1.62792,0,138.16,0.046097988921333655,1.3,1.08,450.0
348540,8.915039,1.50418,0,138.16,0.05734069882458196,1.3,1.08,450.0
348541,8.924805,1.58274,0,138.16,0.06858456005503913,1.3,1.08,450.0
348542,8.935547,1.40436,0,138.16,0.08095211661221015,1.3,1.08,450.0
348543,8.94043,1.26911,0,138.16,0.08657404722743874,1.3,1.08,450.0
348544,8.950195,1.67647,0,138.16,0.09781675713068703,1.3,1.08,450.0
348545,8.959961,1.63972,0,138.16,0.1090606183611442,1.3,1.08,450.0
348546,8.969727,1.89436,0,138.16,0.12030447959156863,1.3,1.08,450.0
348547,8.980469,1.86098,0,138.16,0.13267203614873965,1.3,1.08,450.0
348548,8.990235,1.669,0,138.16,0.14391589737919683,1.3,1.08,450.0
348549,9.0,1.61561,0,138.16,0.15515860728244515,1.3,1.08,450.0
348550,9.009766,2.44637,0,138.16,0.1664024685129023,1.3,1.08,450.0
348551,9.020508,2.51668,0,138.16,0.1787700250700733,1.3,1.08,450.0
348552,9.030274,1.1086,0,138.16,0.19001388630053045,1.3,1.08,450.0
348553,9.035156,0.76596,0,138.16,0.1956346655885502,1.3,1.08,450.0
348554,9.044922,0.38374,0,138.16,0.20687852681900734,1.3,1.08,450.0
348555,9.054688,0.25976,0,138.16,0.2181223880494318,1.3,1.08,450.0
348556,9.06543,0.22956,0,138.16,0.23048994460663555,1.3,1.08,450.0
348557,9.075195,0.4395,0,138.16,0.24173265450988385,1.3,1.08,450.0
348558,9.084961,0.69381,0,138.16,0.252976515740341,1.3,1.08,450.0
348559,9.094727,1.00369,0,138.16,0.26422037697076545,1.3,1.08,450.0
348560,9.105469,1.33923,0,138.16,0.2765879335279365,1.3,1.08,450.0
348561,9.115235,1.50539,0,138.16,0.28783179475839366,1.3,1.08,450.0
348562,9.125,1.42388,0,138.16,0.299074504661642,1.3,1.08,450.0
348563,9.134766,1.24273,0,138.16,0.3103183658920991,1.3,1.08,450.0
348564,9.140625,1.06907,0,138.16,0.31706399183404155,1.3,1.08,450.0
348565,9.150391,0.97593,0,138.16,0.3283078530644987,1.3,1.08,450.0
348566,9.160156,0.97598,0,138.16,0.33955056296774705,1.3,1.08,450.0
348567,9.169922,1.06639,0,138.16,0.35079442419820417,1.3,1.08,450.0
348568,9.179688,1.12513,0,138.16,0.3620382854286286,1.3,1.08,450.0
348569,9.19043,1.14377,0,138.16,0.3744058419858324,1.3,1.08,450.0
348570,9.200195,1.15902,0,138.16,0.3856485518890807,1.3,1.08,450.0
348571,9.209961,1.13196,0,138.16,0.3968924131195378,1.3,1.08,450.0
348572,9.219727,1.09585,0,138.16,0.40813627434996225,1.3,1.08,450.0
348573,9.225586,1.08275,0,138.16,0.41488190029193744,1.3,1.08,450.0
348574,9.235352,1.12368,0,138.16,0.42612576152236187,1.3,1.08,450.0
348575,9.245117,1.1723,0,138.16,0.4373684714256429,1.3,1.08,450.0
348576,9.254883,1.22147,0,138.16,0.4486123326560673,1.3,1.08,450.0
348577,9.265625,1.27276,0,138.16,0.46097988921323835,1.3,1.08,450.0
348578,9.275391,1.31318,0,138.16,0.4722237504436955,1.3,1.08,450.0
348579,9.285156,1.34088,0,138.16,0.48346646034694385,1.3,1.08,450.0
348580,9.294922,1.44845,0,138.16,0.49471032157740097,1.3,1.08,450.0
348581,9.304688,1.58629,0,138.16,0.5059541828078254,1.3,1.08,450.0
348582,9.31543,1.69538,0,138.16,0.5183217393650292,1.3,1.08,450.0
348583,9.325195,1.74832,0,138.16,0.5295644492682775,1.3,1.08,450.0
348584,9.334961,1.76285,0,138.16,0.5408083104987347,1.3,1.08,450.0
348585,9.339844,1.73956,0,138.16,0.5464302411139305,1.3,1.08,450.0
348586,9.350586,1.67121,0,138.16,0.5587977976711342,1.3,1.08,450.0
348587,9.360352,1.5737,0,138.16,0.5700416589015587,1.3,1.08,450.0
348588,9.370117,1.51895,0,138.16,0.5812843688048397,1.3,1.08,450.0
348589,9.379883,1.52369,0,138.16,0.5925282300352641,1.3,1.08,450.0
348590,9.390625,1.56747,0,138.16,0.6048957865924351,1.3,1.08,450.0
348591,9.400391,1.63888,0,138.16,0.6161396478228923,1.3,1.08,450.0
348592,9.410156,1.69098,0,138.16,0.6273823577261407,1.3,1.08,450.0
348593,9.419922,1.69124,0,138.16,0.6386262189565978,1.3,1.08,450.0
348594,9.429688,1.54825,0,138.16,0.6498700801870222,1.3,1.08,450.0
348595,9.435547,1.38714,0,138.16,0.6566157061289974,1.3,1.08,450.0
348596,9.445313,1.35768,0,138.16,0.6678595673594219,1.3,1.08,450.0
348597,9.455078,1.37099,0,138.16,0.679102277262703,1.3,1.08,450.0
348598,9.464844,1.40748,0,138.16,0.6903461384931273,1.3,1.08,450.0
348599,9.475586,1.46869,0,138.16,0.7027136950503311,1.3,1.08,450.0
348600,9.485352,1.5043,0,138.16,0.7139575562807555,1.3,1.08,450.0
348601,9.495117,1.5579,0,138.16,0.7252002661840365,1.3,1.08,450.0
348602,9.504883,1.34546,0,138.16,0.7364441274144611,1.3,1.08,450.0
348603,9.515625,0.44036,0,138.16,0.748811683971632,1.3,1.08,450.0
348604,9.525391,1.91627,1,155.61,0.0,1.3,1.08,450.0
348605,9.530274,2.27758,0,155.61,0.006331852980717822,1.3,1.08,450.0
348606,9.540039,1.17603,0,155.61,0.01899426222842324,1.3,1.08,450.0
348607,9.549805,0.57065,0,155.61,0.03165796818985888,1.3,1.08,450.0
348608,9.560547,0.92636,0,155.61,0.04558726671919258,1.3,1.08,450.0
348609,9.570313,1.70051,0,155.61,0.058250972680591366,1.3,1.08,450.0
348610,9.580078,1.72996,0,155.61,0.07091338192833364,1.3,1.08,450.0
348611,9.589844,1.33289,0,155.61,0.08357708788973243,1.3,1.08,450.0
348612,9.600586,1.84572,0,155.61,0.09750638641910299,1.3,1.08,450.0
348613,9.610352,2.96021,0,155.61,0.11017009238050178,1.3,1.08,450.0
348614,9.620117,1.59866,0,155.61,0.12283250162824405,1.3,1.08,450.0
348615,9.629883,1.21052,0,155.61,0.13549620758964281,1.3,1.08,450.0
348616,9.640625,1.27315,0,155.61,0.14942550611897654,1.3,1.08,450.0
348617,9.645508,1.25799,0,155.61,0.15575735909969435,1.3,1.08,450.0
348618,9.655274,1.12627,0,155.61,0.16842106506113003,1.3,1.08,450.0
348619,9.665039,1.05589,0,155.61,0.18108347430883542,1.3,1.08,450.0
348620,9.674805,1.10791,0,155.61,0.19374718027027107,1.3,1.08,450.0
348621,9.685547,1.09098,0,155.61,0.20767647879960477,1.3,1.08,450.0
348622,9.695313,1.02481,0,155.61,0.22034018476100356,1.3,1.08,450.0
348623,9.705078,1.00005,0,155.61,0.23300259400874582,1.3,1.08,450.0
348624,9.714844,0.9898,0,155.61,0.2456662999701446,1.3,1.08,450.0
348625,9.725586,1.00634,0,155.61,0.2595955984995152,1.3,1.08,450.0
348626,9.730469,1.00764,0,155.61,0.26592745148019614,1.3,1.08,450.0
348627,9.740235,0.98711,0,155.61,0.27859115744163176,1.3,1.08,450.0
348628,9.75,0.98649,0,155.61,0.2912535666893372,1.3,1.08,450.0
348629,9.759766,0.99833,0,155.61,0.3039172726507728,1.3,1.08,450.0
348630,9.770508,1.07048,0,155.61,0.3178465711801065,1.3,1.08,450.0
348631,9.780274,1.08265,0,155.61,0.3305102771415422,1.3,1.08,450.0
348632,9.790039,1.02719,0,155.61,0.3431726863892476,1.3,1.08,450.0
348633,9.799805,1.03191,0,155.61,0.35583639235068326,1.3,1.08,450.0
348634,9.810547,1.05684,0,155.61,0.369765690880017,1.3,1.08,450.0
348635,9.820313,1.00686,0,155.61,0.38242939684141575,1.3,1.08,450.0
348636,9.830078,1.04025,0,155.61,0.395091806089158,1.3,1.08,450.0
348637,9.839844,1.03234,0,155.61,0.40775551205055677,1.3,1.08,450.0
348638,9.844727,1.07489,0,155.61,0.41408736503127463,1.3,1.08,450.0
348639,9.855469,1.07149,0,155.61,0.42801666356060836,1.3,1.08,450.0
348640,9.865235,1.08012,0,155.61,0.4406803695220439,1.3,1.08,450.0
348641,9.875,1.07237,0,155.61,0.4533427787697494,1.3,1.08,450.0
348642,9.884766,1.09627,0,155.61,0.466006484731185,1.3,1.08,450.0
348643,9.895508,1.0785,0,155.61,0.4799357832605187,1.3,1.08,450.0
348644,9.905274,1.03472,0,155.61,0.4925994892219544,1.3,1.08,450.0
348645,9.915039,1.04761,0,155.61,0.5052618984696597,1.3,1.08,450.0
348646,9.924805,1.08895,0,155.61,0.5179256044310955,1.3,1.08,450.0
348647,9.935547,0.96788,0,155.61,0.5318549029604291,1.3,1.08,450.0
348648,9.94043,1.07121,0,155.61,0.538186755941147,1.3,1.08,450.0
348649,9.950195,1.01155,0,155.61,0.5508491651888524,1.3,1.08,450.0
348650,9.959961,1.02426,0,155.61,0.5635128711502879,1.3,1.08,450.0
348651,9.969727,1.00289,0,155.61,0.5761765771116868,1.3,1.08,450.0
348652,9.980469,1.01382,0,155.61,0.5901058756410205,1.3,1.08,450.0
348653,9.990235,1.0194,0,155.61,0.6027695816024561,1.3,1.08,450.0
348654,10.0,1.00483,0,155.61,0.6154319908501615,1.3,1.08,450.0
348655,10.009766,1.0278,0,155.61,0.6280956968115972,1.3,1.08,450.0
348656,10.020508,1.00363,0,155.61,0.6420249953409309,1.3,1.08,450.0
348657,10.030274,1.03841,0,155.61,0.6546887013023664,1.3,1.08,450.0
348658,10.035156,1.0165,0,155.61,0.6610192575693541,1.3,1.08,450.0
348659,10.044922,1.04965,0,155.61,0.6736829635307898,1.3,1.08,450.0
348660,10.054688,1.03322,0,155.61,0.6863466694921886,1.3,1.08,450.0
348661,10.06543,1.02915,0,155.61,0.7002759680215591,1.3,1.08,450.0
348662,10.075195,1.01596,0,155.61,0.7129383772692646,1.3,1.08,450.0
348663,10.084961,1.03158,0,155.61,0.7256020832307002,1.3,1.08,450.0
348664,10.094727,1.01873,0,155.61,0.738265789192099,1.3,1.08,450.0
348665,10.105469,1.03297,0,155.61,0.7521950877214326,1.3,1.08,450.0
348666,10.115235,1.02694,0,155.61,0.7648587936828684,1.3,1.08,450.0
348667,10.125,1.04026,0,155.61,0.7775212029305737,1.3,1.08,450.0
348668,10.134766,1.04433,0,155.61,0.7901849088920093,1.3,1.08,450.0
348669,10.140625,1.00504,0,155.61,0.7977823544406253,1.3,1.08,450.0
348670,10.150391,1.05499,0,155.61,0.8104460604020609,1.3,1.08,450.0
348671,10.160156,1.0747,0,155.61,0.8231084696497663,1.3,1.08,450.0
348672,10.169922,1.04836,0,155.61,0.835772175611202,1.3,1.08,450.0
348673,10.179688,1.04054,0,155.61,0.8484358815726007,1.3,1.08,450.0
348674,10.19043,1.07403,0,155.61,0.8623651801019713,1.3,1.08,450.0
348675,10.200195,1.00493,0,155.61,0.8750275893496767,1.3,1.08,450.0
348676,10.209961,1.00474,0,155.61,0.8876912953111123,1.3,1.08,450.0
348677,10.219727,1.05252,0,155.61,0.9003550012725111,1.3,1.08,450.0
348678,10.225586,0.98873,0,155.61,0.9079524468211638,1.3,1.08,450.0
348679,10.235352,1.0598,0,155.61,0.9206161527825627,1.3,1.08,450.0
348680,10.245117,1.068,0,155.61,0.9332785620303049,1.3,1.08,450.0
348681,10.254883,1.04498,0,155.61,0.9459422679917038,1.3,1.08,450.0
348682,10.265625,0.99936,0,155.61,0.9598715665210374,1.3,1.08,450.0
348683,10.275391,1.03374,0,155.61,0.9725352724824731,1.3,1.08,450.0
348684,10.285156,1.07331,0,155.61,0.9851976817301785,1.3,1.08,450.0
348685,10.294922,1.06333,0,155.61,0.9978613876916141,1.3,1.08,450.0
348686,10.304688,1.08195,0,155.61,0.010525093653013018,1.3,1.08,450.0
348687,10.31543,1.05912,0,155.61,0.024454392182383433,1.3,1.08,450.0
348688,10.325195,1.06422,0,155.61,0.037116801430088886,1.3,1.08,450.0
348689,10.334961,1.03767,0,155.61,0.04978050739152451,1.3,1.08,450.0
348690,10.339844,1.05236,0,155.61,0.05611236037220557,1.3,1.08,450.0
348691,10.350586,1.05584,0,155.61,0.07004165890157621,1.3,1.08,450.0
348692,10.360352,1.06027,0,155.61,0.08270536486297475,1.3,1.08,450.0
348693,10.370117,1.06476,0,155.61,0.09536777411071706,1.3,1.08,450.0
348694,10.379883,1.03915,0,155.61,0.10803148007211605,1.3,1.08,450.0
348695,10.390625,1.04113,0,155.61,0.12196077860144983,1.3,1.08,450.0
348696,10.400391,0.9781,0,155.61,0.13462448456288523,1.3,1.08,450.0
348697,10.410156,0.9816,0,155.61,0.14728689381059068,1.3,1.08,450.0
348698,10.419922,1.06316,0,155.61,0.15995059977202652,1.3,1.08,450.0
348699,10.429688,1.13545,0,155.61,0.17261430573342507,1.3,1.08,450.0
348700,10.435547,1.06478,0,155.61,0.18021175128207778,1.3,1.08,450.0
348701,10.445313,1.03487,0,155.61,0.19287545724347677,1.3,1.08,450.0
348702,10.455078,1.03732,0,155.61,0.20553786649121908,1.3,1.08,450.0
348703,10.464844,1.04323,0,155.61,0.21820157245261762,1.3,1.08,450.0
348704,10.475586,1.01839,0,155.61,0.23213087098198826,1.3,1.08,450.0
348705,10.485352,1.10539,0,155.61,0.24479457694338702,1.3,1.08,450.0
348706,10.495117,1.0678,0,155.61,0.25745698619112933,1.3,1.08,450.0
348707,10.504883,1.08834,0,155.61,0.2701206921525281,1.3,1.08,450.0
348708,10.515625,1.15308,0,155.61,0.2840499906818619,1.3,1.08,450.0
348709,10.525391,0.98449,0,155.61,0.2967136966432975,1.3,1.08,450.0
348710,10.530274,1.07009,0,155.61,0.3030455496240154,1.3,1.08,450.0
348711,10.540039,1.02129,0,155.61,0.31570795887172065,1.3,1.08,450.0
348712,10.549805,1.01736,0,155.61,0.3283716648331563,1.3,1.08,450.0
348713,10.560547,1.00428,0,155.61,0.34230096336249005,1.3,1.08,450.0
348714,10.570313,1.03187,0,155.61,0.3549646693238888,1.3,1.08,450.0
348715,10.580078,1.03923,0,155.61,0.3676270785716311,1.3,1.08,450.0
348716,10.589844,1.08113,0,155.61,0.3802907845330299,1.3,1.08,450.0
348717,10.600586,1.1882,0,155.61,0.39422008306240053,1.3,1.08,450.0
348718,10.610352,1.232,0,155.61,0.40688378902379907,1.3,1.08,450.0
348719,10.620117,1.36638,1,137.21,0.0,1.3,1.08,450.0
348720,10.629883,1.44417,0,137.21,0.011166605071381201,1.3,1.08,450.0
348721,10.640625,1.4677,0,137.21,0.02344918460004073,1.3,1.08,450.0
348722,10.645508,1.43498,0,137.21,0.02903248713574758,1.3,1.08,450.0
348723,10.655274,1.37315,0,137.21,0.04019909220716127,1.3,1.08,450.0
348724,10.665039,1.47365,0,137.21,0.051364553862093244,1.3,1.08,450.0
348725,10.674805,1.50104,0,137.21,0.06253115893350694,1.3,1.08,450.0
348726,10.685547,1.39395,0,137.21,0.07481373846216648,1.3,1.08,450.0
348727,10.695313,1.25654,0,137.21,0.08598034353354768,1.3,1.08,450.0
348728,10.705078,1.35182,0,137.21,0.09714580518851214,1.3,1.08,450.0
348729,10.714844,1.07588,0,137.21,0.10831241025989334,1.3,1.08,450.0
348730,10.725586,1.06141,0,137.21,0.12059498978858536,1.3,1.08,450.0
348731,10.730469,1.42236,0,137.21,0.1261782923242597,1.3,1.08,450.0
348732,10.740235,1.66509,0,137.21,0.1373448973956734,1.3,1.08,450.0
348733,10.75,1.59704,0,137.21,0.14851035905060536,1.3,1.08,450.0
348734,10.759766,1.28618,0,137.21,0.1596769641220191,1.3,1.08,450.0
348735,10.770508,1.1625,0,137.21,0.1719595436506786,1.3,1.08,450.0
348736,10.780274,3.04476,0,137.21,0.1831261487220923,1.3,1.08,450.0
348737,10.790039,2.60726,0,137.21,0.19429161037702428,1.3,1.08,450.0
348738,10.799805,1.5257,0,137.21,0.20545821544843795,1.3,1.08,450.0
348739,10.810547,1.37117,0,137.21,0.2177407949770975,1.3,1.08,450.0
348740,10.820313,0.87087,0,137.21,0.2289074000484787,1.3,1.08,450.0
348741,10.830078,0.60001,0,137.21,0.24007286170344316,1.3,1.08,450.0
348742,10.834961,0.36722,0,137.21,0.24565616423915002,1.3,1.08,450.0
348743,10.844727,0.20264,0,137.21,0.2568227693105312,1.3,1.08,450.0
348744,10.855469,0.12993,0,137.21,0.26910534883919074,1.3,1.08,450.0
348745,10.865235,0.21223,0,137.21,0.28027195391060444,1.3,1.08,450.0
348746,10.875,0.46175,0,137.21,0.29143741556553643,1.3,1.08,450.0
348747,10.884766,0.77585,0,137.21,0.30260402063695013,1.3,1.08,450.0
348748,10.895508,1.0827,0,137.21,0.3148866001656096,1.3,1.08,450.0
348749,10.905274,1.30152,0,137.21,0.32605320523702336,1.3,1.08,450.0
348750,10.915039,1.32194,0,137.21,0.3372186668919553,1.3,1.08,450.0
348751,10.924805,1.36674,0,137.21,0.348385271963369,1.3,1.08,450.0
348752,10.935547,1.35493,0,137.21,0.3606678514920285,1.3,1.08,450.0
348753,10.94043,1.21282,0,137.21,0.3662511540277354,1.3,1.08,450.0
348754,10.950195,1.0024,0,137.21,0.3774166156826674,1.3,1.08,450.0
348755,10.959961,0.83325,0,137.21,0.3885832207540811,1.3,1.08,450.0
348756,10.969727,0.75375,0,137.21,0.39974982582546226,1.3,1.08,450.0
348757,10.980469,0.75229,0,137.21,0.4120324053541218,1.3,1.08,450.0
348758,10.990235,0.85608,0,137.21,0.4231990104255355,1.3,1.08,450.0
348759,11.0,1.04138,0,137.21,0.43436447208046747,1.3,1.08,450.0
348760,11.009766,1.17355,0,137.21,0.4455310771518811,1.3,1.08,450.0
348761,11.020508,1.22755,0,137.21,0.4578136566805407,1.3,1.08,450.0
348762,11.025391,1.25034,0,137.21,0.4633969592162475,1.3,1.08,450.0
348763,11.035156,1.2719,0,137.21,0.47456242087117945,1.3,1.08,450.0
348764,11.044922,1.28399,0,137.21,0.48572902594259315,1.3,1.08,450.0
348765,11.054688,1.29544,0,137.21,0.4968956310139744,1.3,1.08,450.0
348766,11.06543,1.35989,0,137.21,0.5091782105426664,1.3,1.08,450.0
348767,11.075195,1.45313,0,137.21,0.5203436721975984,1.3,1.08,450.0
348768,11.084961,1.56695,0,137.21,0.531510277269012,1.3,1.08,450.0
348769,11.094727,1.64182,0,137.21,0.5426768823403932,1.3,1.08,450.0
348770,11.105469,1.7248,0,137.21,0.5549594618690529,1.3,1.08,450.0
348771,11.115235,1.79806,0,137.21,0.5661260669404665,1.3,1.08,450.0
348772,11.125,1.84587,0,137.21,0.5772915285953986,1.3,1.08,450.0
348773,11.134766,1.81738,0,137.21,0.5884581336668121,1.3,1.08,450.0
348774,11.140625,1.78249,0,137.21,0.5951574106597648,1.3,1.08,450.0
348775,11.150391,1.75432,0,137.21,0.6063240157311786,1.3,1.08,450.0
348776,11.160156,1.7266,0,137.21,0.6174894773861105,1.3,1.08,450.0
348777,11.169922,1.68699,0,137.21,0.6286560824575242,1.3,1.08,450.0
348778,11.179688,1.62942,0,137.21,0.6398226875289054,1.3,1.08,450.0
348779,11.19043,1.60873,0,137.21,0.6521052670575974,1.3,1.08,450.0
348780,11.200195,1.74212,0,137.21,0.6632707287125293,1.3,1.08,450.0
348781,11.209961,1.78504,0,137.21,0.6744373337839431,1.3,1.08,450.0
348782,11.219727,1.68202,0,137.21,0.6856039388553243,1.3,1.08,450.0
348783,11.225586,1.60799,0,137.21,0.6923032158483095,1.3,1.08,450.0
348784,11.235352,1.61667,0,137.21,0.7034698209196907,1.3,1.08,450.0
348785,11.245117,1.66253,0,137.21,0.7146352825746551,1.3,1.08,450.0
348786,11.254883,1.71088,0,137.21,0.7258018876460363,1.3,1.08,450.0
348787,11.265625,1.73933,0,137.21,0.7380844671746959,1.3,1.08,450.0
348788,11.275391,1.094,0,137.21,0.7492510722461095,1.3,1.08,450.0
348789,11.285156,0.89702,0,137.21,0.7604165339010416,1.3,1.08,450.0
348790,11.294922,2.2804,1,153.46,0.0,1.3,1.08,450.0
348791,11.304688,1.92429,0,153.46,0.012488894660101833,1.3,1.08,450.0
348792,11.31543,0.85027,0,153.46,0.02622591149803899,1.3,1.08,450.0
348793,11.325195,0.49559,0,153.46,0.0387135273444373,1.3,1.08,450.0
348794,11.330078,1.4613,0,153.46,0.044957974674506386,1.3,1.08,450.0
348795,11.339844,2.02157,0,153.46,0.05744686933460822,1.3,1.08,450.0
348796,11.350586,1.75632,0,153.46,0.07118388617254537,1.3,1.08,450.0
348797,11.360352,1.3113,0,153.46,0.0836727808326472,1.3,1.08,450.0
348798,11.370117,1.86408,0,153.46,0.09616039667908187,1.3,1.08,450.0
348799,11.379883,2.30926,0,153.46,0.1086492913391837,1.3,1.08,450.0
348800,11.390625,1.65615,0,153.46,0.1223863081770845,1.3,1.08,450.0
348801,11.400391,1.17719,0,153.46,0.13487520283722268,1.3,1.08,450.0
348802,11.410156,1.34179,0,153.46,0.147362818683621,1.3,1.08,450.0
348803,11.419922,1.24957,0,153.46,0.1598517133437592,1.3,1.08,450.0
348804,11.429688,0.86344,0,153.46,0.17234060800386103,1.3,1.08,450.0
348805,11.435547,0.98204,0,153.46,0.1798331775117291,1.3,1.08,450.0
348806,11.445313,1.02521,0,153.46,0.19232207217183092,1.3,1.08,450.0
348807,11.455078,1.02945,0,153.46,0.20480968801826557,1.3,1.08,450.0
348808,11.464844,1.00927,0,153.46,0.2172985826783674,1.3,1.08,450.0
348809,11.475586,0.96796,0,153.46,0.23103559951630456,1.3,1.08,450.0
348810,11.485352,0.95765,0,153.46,0.2435244941764064,1.3,1.08,450.0
348811,11.495117,0.98383,0,153.46,0.256012110022841,1.3,1.08,450.0
348812,11.504883,1.01908,0,153.46,0.26850100468294286,1.3,1.08,450.0
348813,11.515625,1.05114,0,153.46,0.28223802152084365,1.3,1.08,450.0
348814,11.520508,1.08408,0,153.46,0.2884824688509128,1.3,1.08,450.0
348815,11.530274,1.10635,0,153.46,0.30097136351105097,1.3,1.08,450.0
348816,11.540039,1.03094,0,153.46,0.31345897935744926,1.3,1.08,450.0
348817,11.549805,1.04742,0,153.46,0.32594787401758746,1.3,1.08,450.0
348818,11.560547,1.07351,0,153.46,0.33968489085548825,1.3,1.08,450.0
348819,11.570313,1.08374,0,153.46,0.3521737855155901,1.3,1.08,450.0
348820,11.580078,1.03214,0,153.46,0.36466140136202474,1.3,1.08,450.0
348821,11.589844,1.04452,0,153.46,0.3771502960221266,1.3,1.08,450.0
348822,11.600586,1.08072,0,153.46,0.39088731286006373,1.3,1.08,450.0
348823,11.610352,1.02689,0,153.46,0.40337620752016556,1.3,1.08,450.0
348824,11.620117,1.0769,0,153.46,0.41586382336660027,1.3,1.08,450.0
348825,11.629883,1.07475,0,153.46,0.4283527180267021,1.3,1.08,450.0
348826,11.640625,1.04086,0,153.46,0.4420897348646029,1.3,1.08,450.0
348827,11.645508,1.04881,0,153.46,0.44833418219467197,1.3,1.08,450.0
348828,11.655274,1.02802,0,153.46,0.46082307685481017,1.3,1.08,450.0
348829,11.665039,1.01623,0,153.46,0.47331069270120846,1.3,1.08,450.0
348830,11.674805,1.05068,0,153.46,0.4857995873613466,1.3,1.08,450.0
348831,11.685547,1.01995,0,153.46,0.49953660419924745,1.3,1.08,450.0
348832,11.695313,1.02628,0,153.46,0.5120254988593493,1.3,1.08,450.0
348833,11.705078,0.97113,0,153.46,0.5245131147057839,1.3,1.08,450.0
348834,11.714844,1.03038,0,153.46,0.5370020093658857,1.3,1.08,450.0
348835,11.725586,1.0532,0,153.46,0.550739026203823,1.3,1.08,450.0
348836,11.730469,0.97275,0,153.46,0.5569834735338557,1.3,1.08,450.0
348837,11.740235,1.03644,0,153.46,0.5694723681939938,1.3,1.08,450.0
348838,11.75,1.00908,0,153.46,0.5819599840403922,1.3,1.08,450.0
348839,11.759766,1.01139,0,153.46,0.5944488787005304,1.3,1.08,450.0
348840,11.770508,0.99995,0,153.46,0.6081858955384312,1.3,1.08,450.0
348841,11.780274,1.01028,0,153.46,0.6206747901985693,1.3,1.08,450.0
348842,11.790039,1.05466,0,153.46,0.6331624060449677,1.3,1.08,450.0
348843,11.799805,1.06075,0,153.46,0.6456513007051058,1.3,1.08,450.0
348844,11.810547,1.02293,0,153.46,0.6593883175430066,1.3,1.08,450.0
348845,11.820313,1.04293,0,153.46,0.6718772122031085,1.3,1.08,450.0
348846,11.830078,1.08283,0,153.46,0.684364828049543,1.3,1.08,450.0
348847,11.834961,1.06233,0,153.46,0.6906092753796123,1.3,1.08,450.0
348848,11.844727,1.072,0,153.46,0.7030981700397141,1.3,1.08,450.0
348849,11.855469,1.06439,0,153.46,0.7168351868776148,1.3,1.08,450.0
348850,11.865235,1.04232,0,153.46,0.729324081537753,1.3,1.08,450.0
348851,11.875,1.04175,0,153.46,0.7418116973841513,1.3,1.08,450.0
348852,11.884766,1.02573,0,153.46,0.7543005920442896,1.3,1.08,450.0
348853,11.895508,1.04763,0,153.46,0.7680376088821903,1.3,1.08,450.0
348854,11.905274,1.05706,0,153.46,0.7805265035423284,1.3,1.08,450.0
348855,11.915039,1.01815,0,153.46,0.7930141193887269,1.3,1.08,450.0
348856,11.924805,1.03936,0,153.46,0.805503014048865,1.3,1.08,450.0
348857,11.935547,1.01335,0,153.46,0.8192400308867658,1.3,1.08,450.0
348858,11.94043,1.02727,0,153.46,0.8254844782168349,1.3,1.08,450.0
348861,11.969727,1.04508,0,153.46,0.8629498833834732,1.3,1.08,450.0
348862,11.980469,1.04103,0,153.46,0.8766869002213741,1.3,1.08,450.0
348863,11.990235,1.05508,0,153.46,0.8891757948815122,1.3,1.08,450.0
348864,12.0,0.99794,0,153.46,0.9016634107279106,1.3,1.08,450.0
348866,12.020508,1.08282,0,153.46,0.9278893222259496,1.3,1.08,450.0
348875,12.105469,1.039,0,153.46,0.03653861356513333,1.3,1.08,450.0
348876,12.115235,1.04741,0,153.46,0.049027508225271355,1.3,1.08,450.0
348877,12.125,1.0422,0,153.46,0.06151512407166959,1.3,1.08,450.0
348878,12.134766,1.02042,0,153.46,0.07400401873180806,1.3,1.08,450.0
348879,12.140625,1.03911,0,153.46,0.08149658823963946,1.3,1.08,450.0
348880,12.150391,0.94177,0,153.46,0.09398548289977793,1.3,1.08,450.0
348881,12.160156,0.98999,0,153.46,0.10647309874617594,1.3,1.08,450.0
348882,12.169922,1.15548,0,153.46,0.11896199340631441,1.3,1.08,450.0
348883,12.179688,1.16367,0,153.46,0.13145088806641625,1.3,1.08,450.0
348884,12.19043,1.03222,0,153.46,0.1451879049043534,1.3,1.08,450.0
348885,12.200195,1.05141,0,153.46,0.15767552075075142,1.3,1.08,450.0
348886,12.209961,1.01792,0,153.46,0.1701644154108899,1.3,1.08,450.0
348887,12.219727,1.12779,0,153.46,0.18265331007099173,1.3,1.08,450.0
348888,12.225586,1.02738,0,153.46,0.19014587957885976,1.3,1.08,450.0
348889,12.235352,1.0173,0,153.46,0.2026347742389616,1.3,1.08,450.0
348890,12.245117,1.05203,0,153.46,0.21512239008539624,1.3,1.08,450.0
348891,12.254883,1.05,0,153.46,0.22761128474549808,1.3,1.08,450.0
348892,12.265625,1.076,0,153.46,0.24134830158339882,1.3,1.08,450.0
348893,12.275391,1.00245,0,153.46,0.25383719624353707,1.3,1.08,450.0
348894,12.285156,1.06962,0,153.46,0.2663248120899353,1.3,1.08,450.0
348895,12.294922,0.97623,0,153.46,0.27881370675007355,1.3,1.08,450.0
348896,12.304688,1.0166,0,153.46,0.2913026014101754,1.3,1.08,450.0
348897,12.31543,1.07266,0,153.46,0.30503961824811254,1.3,1.08,450.0
348898,12.325195,0.95465,0,153.46,0.31752723409451056,1.3,1.08,450.0
348899,12.330078,1.06671,0,153.46,0.3237716814245799,1.3,1.08,450.0
348900,12.339844,1.04045,0,153.46,0.33626057608468174,1.3,1.08,450.0
348901,12.350586,1.14408,0,153.46,0.3499975929226189,1.3,1.08,450.0
348902,12.360352,1.25864,0,153.46,0.36248648758272073,1.3,1.08,450.0
348903,12.370117,1.27572,0,153.46,0.3749741034291554,1.3,1.08,450.0
348904,12.379883,1.4534,1,136.32,0.0,1.3,1.08,450.0
348905,12.390625,1.49163,0,136.32,0.012202536787291706,1.3,1.08,450.0
348906,12.400391,1.75745,0,136.32,0.02329637166579908,1.3,1.08,450.0
348907,12.410156,1.60541,0,136.32,0.03438907057920653,1.3,1.08,450.0
348908,12.419922,1.52627,0,136.32,0.04548290545771391,1.3,1.08,450.0
348909,12.429688,1.49814,0,136.32,0.056576740336188994,1.3,1.08,450.0
348910,12.435547,1.44688,0,136.32,0.0632323596842593,1.3,1.08,450.0
348911,12.445313,1.36931,0,136.32,0.0743261945627344,1.3,1.08,450.0
348912,12.455078,1.46972,0,136.32,0.08541889347617414,1.3,1.08,450.0
348913,12.464844,1.19095,0,136.32,0.09651272835464922,1.3,1.08,450.0
348914,12.475586,1.44786,0,136.32,0.1087152651419732,1.3,1.08,450.0
348915,12.485352,1.67708,0,136.32,0.1198091000204483,1.3,1.08,450.0
348916,12.495117,1.51386,0,136.32,0.13090179893388804,1.3,1.08,450.0
348917,12.504883,1.19586,0,136.32,0.14199563381236313,1.3,1.08,450.0
348918,12.515625,1.34944,0,136.32,0.15419817059965485,1.3,1.08,450.0
348919,12.520508,2.89471,0,136.32,0.15974508803890852,1.3,1.08,450.0
348920,12.530274,2.70313,0,136.32,0.1708389229174159,1.3,1.08,450.0
348921,12.540039,1.52743,0,136.32,0.18193162183082334,1.3,1.08,450.0
348922,12.549805,0.98007,0,136.32,0.19302545670933074,1.3,1.08,450.0
348923,12.560547,0.55987,0,136.32,0.20522799349662244,1.3,1.08,450.0
348924,12.570313,0.33706,0,136.32,0.21632182837509753,1.3,1.08,450.0
348925,12.580078,0.30364,0,136.32,0.22741452728853725,1.3,1.08,450.0
348926,12.589844,0.16024,0,136.32,0.23850836216701235,1.3,1.08,450.0
348927,12.600586,0.25474,0,136.32,0.25071089895433635,1.3,1.08,450.0
348928,12.610352,0.54478,0,136.32,0.26180473383281144,1.3,1.08,450.0
348929,12.620117,0.88057,0,136.32,0.27289743274625117,1.3,1.08,450.0
348930,12.629883,1.24121,0,136.32,0.28399126762472626,1.3,1.08,450.0
348931,12.634766,1.44821,0,136.32,0.28953818506397994,1.3,1.08,450.0
348932,12.645508,1.44048,0,136.32,0.30174072185127165,1.3,1.08,450.0
348933,12.655274,1.25583,0,136.32,0.31283455672977906,1.3,1.08,450.0
348934,12.665039,1.09575,0,136.32,0.32392725564318653,1.3,1.08,450.0
348935,12.674805,1.04231,0,136.32,0.3350210905216938,1.3,1.08,450.0
348936,12.685547,1.07599,0,136.32,0.3472236273089856,1.3,1.08,450.0
348937,12.695313,1.12643,0,136.32,0.35831746218746063,1.3,1.08,450.0
348938,12.705078,1.07877,0,136.32,0.36941016110090036,1.3,1.08,450.0
348939,12.714844,0.94802,0,136.32,0.3805039959793755,1.3,1.08,450.0
348940,12.725586,0.86354,0,136.32,0.3927065327666995,1.3,1.08,450.0
348941,12.730469,0.90072,0,136.32,0.3982534502059209,1.3,1.08,450.0
348942,12.740235,0.97684,0,136.32,0.40934728508442825,1.3,1.08,450.0
348943,12.75,1.0269,0,136.32,0.4204399839978357,1.3,1.08,450.0
348944,12.759766,1.05045,0,136.32,0.43153381887634307,1.3,1.08,450.0
348945,12.770508,1.0791,0,136.32,0.4437363556636348,1.3,1.08,450.0
348946,12.780274,1.13662,0,136.32,0.4548301905421422,1.3,1.08,450.0
348947,12.790039,1.20127,0,136.32,0.46592288945554966,1.3,1.08,450.0
348948,12.799805,1.30789,0,136.32,0.47701672433405695,1.3,1.08,450.0
348949,12.810547,1.45549,0,136.32,0.4892192611213487,1.3,1.08,450.0
348950,12.820313,1.5918,0,136.32,0.5003130959998238,1.3,1.08,450.0
348951,12.825195,1.64204,0,136.32,0.5058588774740098,1.3,1.08,450.0
348952,12.834961,1.61473,0,136.32,0.5169527123525172,1.3,1.08,450.0
348953,12.844727,1.56251,0,136.32,0.5280465472309923,1.3,1.08,450.0
348954,12.855469,1.53812,0,136.32,0.540249084018284,1.3,1.08,450.0
348955,12.865235,1.54651,0,136.32,0.5513429188967914,1.3,1.08,450.0
348956,12.875,1.60137,0,136.32,0.5624356178101988,1.3,1.08,450.0
348957,12.884766,1.6603,0,136.32,0.5735294526887063,1.3,1.08,450.0
348958,12.895508,1.69256,0,136.32,0.5857319894759979,1.3,1.08,450.0
348959,12.905274,1.69332,0,136.32,0.5968258243545053,1.3,1.08,450.0
348960,12.915039,1.7238,0,136.32,0.6079185232679127,1.3,1.08,450.0
348961,12.924805,1.78547,0,136.32,0.6190123581464202,1.3,1.08,450.0
348962,12.935547,1.75788,0,136.32,0.6312148949337117,1.3,1.08,450.0
348963,12.94043,1.66742,0,136.32,0.6367618123729655,1.3,1.08,450.0
348964,12.950195,1.55219,0,136.32,0.6478545112863731,1.3,1.08,450.0
348965,12.959961,1.47086,0,136.32,0.6589483461648803,1.3,1.08,450.0
348966,12.969727,1.46389,0,136.32,0.6700421810433554,1.3,1.08,450.0
348967,12.980469,1.57357,0,136.32,0.6822447178306471,1.3,1.08,450.0
348968,12.990235,1.67542,0,136.32,0.6933385527091545,1.3,1.08,450.0
348969,13.0,1.81061,0,136.32,0.704431251622562,1.3,1.08,450.0
348970,13.009766,1.92614,0,136.32,0.7155250865010693,1.3,1.08,450.0
348971,13.015625,1.66536,0,136.32,0.7221807058491073,1.3,1.08,450.0
348972,13.025391,0.40237,0,136.32,0.7332745407276148,1.3,1.08,450.0
348973,13.035156,2.05031,1,155.04,0.0,1.3,1.08,450.0
348974,13.044922,2.5214,0,155.04,0.012617785682321475,1.3,1.08,450.0
348975,13.054688,1.17559,0,155.04,0.025235571364606232,1.3,1.08,450.0
348976,13.06543,0.56384,0,155.04,0.039114360408184785,1.3,1.08,450.0
348977,13.075195,0.90695,0,155.04,0.05173085407883218,1.3,1.08,450.0
348978,13.084961,1.86906,0,155.04,0.06434863976115365,1.3,1.08,450.0
348979,13.094727,1.94789,0,155.04,0.0769664254434384,1.3,1.08,450.0
348980,13.105469,1.39552,0,155.04,0.09084521448698024,1.3,1.08,450.0
348981,13.115235,1.61301,0,155.04,0.10346300016930171,1.3,1.08,450.0
348982,13.125,2.34273,0,155.04,0.11607949383994912,1.3,1.08,450.0
348983,13.129883,1.67762,0,155.04,0.12238838668110984,1.3,1.08,450.0
348984,13.140625,1.19835,0,155.04,0.1362671757246517,1.3,1.08,450.0
348985,13.150391,1.21219,0,155.04,0.14888496140697313,1.3,1.08,450.0
348986,13.160156,1.19091,0,155.04,0.16150145507762054,1.3,1.08,450.0
348987,13.169922,1.11447,0,155.04,0.174119240759942,1.3,1.08,450.0
348988,13.179688,1.10941,0,155.04,0.18673702644222676,1.3,1.08,450.0
348989,13.19043,1.10446,0,155.04,0.20061581548580534,1.3,1.08,450.0
348990,13.200195,1.16675,0,155.04,0.21323230915645272,1.3,1.08,450.0
348991,13.209961,1.13994,0,155.04,0.2258500948387742,1.3,1.08,450.0
348992,13.219727,0.95727,0,155.04,0.23846788052105897,1.3,1.08,450.0
348993,13.225586,1.04068,0,155.04,0.2460377767234768,1.3,1.08,450.0
348994,13.235352,0.98286,0,155.04,0.25865556240576154,1.3,1.08,450.0
348995,13.245117,0.92778,0,155.04,0.2712720560764456,1.3,1.08,450.0
348996,13.254883,1.02639,0,155.04,0.2838898417587304,1.3,1.08,450.0
348997,13.265625,1.0293,0,155.04,0.2977686308022722,1.3,1.08,450.0
348998,13.275391,1.02583,0,155.04,0.3103864164845937,1.3,1.08,450.0
348999,13.285156,1.07837,0,155.04,0.3230029101552411,1.3,1.08,450.0
349000,13.294922,1.05957,0,155.04,0.33562069583756254,1.3,1.08,450.0
349001,13.304688,1.00752,0,155.04,0.3482384815198473,1.3,1.08,450.0
349002,13.31543,1.01586,0,155.04,0.36211727056342585,1.3,1.08,450.0
349003,13.320313,1.00863,0,155.04,0.36842616340454987,1.3,1.08,450.0
349004,13.330078,1.04461,0,155.04,0.381042657075234,1.3,1.08,450.0
349005,13.339844,1.06083,0,155.04,0.3936604427575187,1.3,1.08,450.0
349006,13.350586,1.07482,0,155.04,0.4075392318010973,1.3,1.08,450.0
349007,13.360352,1.07738,0,155.04,0.4201570174833821,1.3,1.08,450.0
349008,13.370117,1.06376,0,155.04,0.43277351115406615,1.3,1.08,450.0
349009,13.379883,1.03419,0,155.04,0.4453912968363509,1.3,1.08,450.0
349010,13.390625,1.08449,0,155.04,0.45927008587989276,1.3,1.08,450.0
349011,13.400391,1.07055,0,155.04,0.47188787156221423,1.3,1.08,450.0
349012,13.410156,1.04282,0,155.04,0.48450436523286167,1.3,1.08,450.0
349013,13.419922,1.06038,0,155.04,0.49712215091518314,1.3,1.08,450.0
349014,13.429688,1.01124,0,155.04,0.5097399365974679,1.3,1.08,450.0
349015,13.435547,1.03417,0,155.04,0.5173098327998856,1.3,1.08,450.0
349016,13.445313,1.02062,0,155.04,0.5299276184821704,1.3,1.08,450.0
349017,13.455078,1.02895,0,155.04,0.5425441121528546,1.3,1.08,450.0
349018,13.464844,1.00917,0,155.04,0.5551618978351394,1.3,1.08,450.0
349019,13.475586,1.00653,0,155.04,0.5690406868787179,1.3,1.08,450.0
349020,13.485352,1.0514,0,155.04,0.5816584725610027,1.3,1.08,450.0
349021,13.495117,1.01406,0,155.04,0.5942749662316867,1.3,1.08,450.0
349022,13.504883,1.02673,0,155.04,0.6068927519139715,1.3,1.08,450.0
349023,13.515625,1.07003,0,155.04,0.6207715409575133,1.3,1.08,450.0
349024,13.520508,1.02127,0,155.04,0.6270804337986741,1.3,1.08,450.0
349025,13.530274,1.02808,0,155.04,0.6396982194809956,1.3,1.08,450.0
349026,13.540039,1.01405,0,155.04,0.6523147131516429,1.3,1.08,450.0
349027,13.549805,1.04318,0,155.04,0.6649324988339644,1.3,1.08,450.0
349028,13.560547,1.0156,0,155.04,0.6788112878775062,1.3,1.08,450.0
349029,13.570313,1.01185,0,155.04,0.691429073559791,1.3,1.08,450.0
349030,13.580078,1.04523,0,155.04,0.7040455672304751,1.3,1.08,450.0
349031,13.589844,1.04024,0,155.04,0.7166633529127598,1.3,1.08,450.0
349032,13.600586,1.04968,0,155.04,0.7305421419563384,1.3,1.08,450.0
349033,13.610352,1.02164,0,155.04,0.7431599276386233,1.3,1.08,450.0
349034,13.620117,1.05866,0,155.04,0.7557764213093072,1.3,1.08,450.0
349035,13.629883,1.03847,0,155.04,0.7683942069915921,1.3,1.08,450.0
349036,13.634766,1.04268,0,155.04,0.7747030998327528,1.3,1.08,450.0
349037,13.645508,1.04429,0,155.04,0.7885818888762945,1.3,1.08,450.0
349038,13.655274,1.04175,0,155.04,0.8011996745586161,1.3,1.08,450.0
349039,13.665039,1.00421,0,155.04,0.8138161682292634,1.3,1.08,450.0
349040,13.674805,1.02868,0,155.04,0.8264339539115849,1.3,1.08,450.0
349041,13.685547,1.04769,0,155.04,0.8403127429551268,1.3,1.08,450.0
349042,13.695313,1.03861,0,155.04,0.8529305286374116,1.3,1.08,450.0
349043,13.705078,1.0212,0,155.04,0.8655470223080957,1.3,1.08,450.0
349044,13.714844,1.05253,0,155.04,0.8781648079903804,1.3,1.08,450.0
349045,13.725586,1.03983,0,155.04,0.892043597033959,1.3,1.08,450.0
349046,13.730469,1.05265,0,155.04,0.898352489875083,1.3,1.08,450.0
349047,13.740235,1.03891,0,155.04,0.9109702755574045,1.3,1.08,450.0
349048,13.75,1.05458,0,155.04,0.9235867692280518,1.3,1.08,450.0
349049,13.759766,1.03683,0,155.04,0.9362045549103734,1.3,1.08,450.0
349050,13.770508,1.05897,0,155.04,0.9500833439539151,1.3,1.08,450.0
349051,13.780274,1.05501,0,155.04,0.9627011296362367,1.3,1.08,450.0
349052,13.790039,1.03695,0,155.04,0.975317623306884,1.3,1.08,450.0
349053,13.799805,1.03534,0,155.04,0.9879354089892055,1.3,1.08,450.0
349054,13.810547,1.09614,0,155.04,0.001814198032747294,1.3,1.08,450.0
349055,13.81543,1.01139,0,155.04,0.008123090873908057,1.3,1.08,450.0
349056,13.825195,1.07588,0,155.04,0.02073958454455549,1.3,1.08,450.0
349057,13.834961,1.04447,0,155.04,0.033357370226877014,1.3,1.08,450.0
349058,13.844727,1.05201,0,155.04,0.04597515590916168,1.3,1.08,450.0
349059,13.855469,1.02343,0,155.04,0.059853944952703575,1.3,1.08,450.0
349060,13.865235,1.06026,0,155.04,0.0724717306350251,1.3,1.08,450.0
349061,13.875,1.06171,0,155.04,0.08508822430567231,1.3,1.08,450.0
349062,13.884766,1.03475,0,155.04,0.09770600998799384,1.3,1.08,450.0
349063,13.895508,0.98223,0,155.04,0.11158479903153573,1.3,1.08,450.0
349064,13.905274,0.97288,0,155.04,0.12420258471385703,1.3,1.08,450.0
349065,13.915039,1.03935,0,155.04,0.1368190783845047,1.3,1.08,450.0
349066,13.924805,1.09026,0,155.04,0.149436864066826,1.3,1.08,450.0
349067,13.935547,1.16954,0,155.04,0.1633156531103679,1.3,1.08,450.0
349068,13.94043,1.02343,0,155.04,0.16962454595152865,1.3,1.08,450.0
349069,13.950195,1.06353,0,155.04,0.18224103962217608,1.3,1.08,450.0
349070,13.959961,1.01976,0,155.04,0.19485882530449739,1.3,1.08,450.0
349071,13.969727,1.08345,0,155.04,0.20747661098678227,1.3,1.08,450.0
349072,13.980469,1.0726,0,155.04,0.22135540003032395,1.3,1.08,450.0
349073,13.990235,1.06375,0,155.04,0.23397318571264547,1.3,1.08,450.0
349074,14.0,1.05635,0,155.04,0.24658967938329313,1.3,1.08,450.0
349075,14.009766,1.10083,0,155.04,0.25920746506561443,1.3,1.08,450.0
349076,14.015625,0.99556,0,155.04,0.26677736126799534,1.3,1.08,450.0
349077,14.025391,1.10014,0,155.04,0.2793951469503171,1.3,1.08,450.0
349078,14.035156,1.00075,0,155.04,0.2920116406209643,1.3,1.08,450.0
349079,14.044922,1.08033,0,155.04,0.3046294263032858,1.3,1.08,450.0
349080,14.054688,1.02375,0,155.04,0.3172472119855707,1.3,1.08,450.0
349081,14.06543,1.02403,0,155.04,0.331126001029149,1.3,1.08,450.0
349082,14.075195,1.1502,0,155.04,0.34374249469979645,1.3,1.08,450.0
349083,14.084961,1.09187,0,155.04,0.3563602803821182,1.3,1.08,450.0
349084,14.094727,1.28875,0,155.04,0.36897806606440287,1.3,1.08,450.0
349085,14.105469,1.45592,1,137.87,0.0,1.3,1.08,450.0
349086,14.115235,1.43846,0,137.87,0.01122044488687593,1.3,1.08,450.0
349087,14.125,1.54425,0,137.87,0.022439740844284583,1.3,1.08,450.0
349088,14.129883,1.5102,0,137.87,0.028049963287722548,1.3,1.08,450.0
349089,14.140625,1.46363,0,137.87,0.04039176330559917,1.3,1.08,450.0
349090,14.150391,1.50777,0,137.87,0.051612208192475105,1.3,1.08,450.0
349091,14.160156,1.44997,0,137.87,0.06283150414988375,1.3,1.08,450.0
349092,14.169922,1.28352,0,137.87,0.07405194903675968,1.3,1.08,450.0
349093,14.179688,1.23144,0,137.87,0.08527239392360296,1.3,1.08,450.0
349094,14.19043,1.1625,0,137.87,0.09761419394151225,1.3,1.08,450.0
349095,14.200195,0.98637,0,137.87,0.1088334898989209,1.3,1.08,450.0
349096,14.209961,1.28224,0,137.87,0.12005393478579682,1.3,1.08,450.0
349097,14.219727,1.68667,0,137.87,0.1312743796726401,1.3,1.08,450.0
349098,14.225586,1.79531,0,137.87,0.13800595724711143,1.3,1.08,450.0
349099,14.235352,1.63437,0,137.87,0.1492264021339547,1.3,1.08,450.0
349100,14.245117,1.47595,0,137.87,0.160445698091396,1.3,1.08,450.0
349101,14.254883,2.0904,0,137.87,0.17166614297823926,1.3,1.08,450.0
349102,14.265625,3.3575,0,137.87,0.18400794299611592,1.3,1.08,450.0
349103,14.275391,1.73762,0,137.87,0.19522838788299182,1.3,1.08,450.0
349104,14.285156,1.13313,0,137.87,0.2064476838404005,1.3,1.08,450.0
349105,14.294922,0.66872,0,137.87,0.21766812872727642,1.3,1.08,450.0
349106,14.304688,0.34801,0,137.87,0.22888857361411968,1.3,1.08,450.0
349107,14.31543,0.16861,0,137.87,0.24123037363202898,1.3,1.08,450.0
349108,14.320313,0.22971,0,137.87,0.24684059607543427,1.3,1.08,450.0
349109,14.330078,0.14783,0,137.87,0.2580598920328756,1.3,1.08,450.0
349110,14.339844,0.4642,0,137.87,0.26928033691971887,1.3,1.08,450.0
349111,14.350586,0.88607,0,137.87,0.2816221369376281,1.3,1.08,450.0
349112,14.360352,1.15205,0,137.87,0.2928425818244714,1.3,1.08,450.0
349113,14.370117,1.25158,0,137.87,0.30406187778191274,1.3,1.08,450.0
349114,14.379883,1.28164,0,137.87,0.31528232266875605,1.3,1.08,450.0
349115,14.390625,1.15546,0,137.87,0.3276241226866326,1.3,1.08,450.0
349116,14.400391,1.06706,0,137.87,0.3388445675735086,1.3,1.08,450.0
349117,14.410156,1.07984,0,137.87,0.35006386353091723,1.3,1.08,450.0
349118,14.419922,1.13415,0,137.87,0.36128430841779313,1.3,1.08,450.0
349119,14.429688,1.09423,0,137.87,0.37250475330463645,1.3,1.08,450.0
349120,14.435547,1.00563,0,137.87,0.37923633087910774,1.3,1.08,450.0
349121,14.445313,0.90153,0,137.87,0.39045677576595106,1.3,1.08,450.0
349122,14.455078,0.84816,0,137.87,0.40167607172339237,1.3,1.08,450.0
349123,14.464844,0.89132,0,137.87,0.4128965166102356,1.3,1.08,450.0
349124,14.475586,1.01053,0,137.87,0.4252383166281449,1.3,1.08,450.0
349125,14.485352,1.11243,0,137.87,0.43645876151498814,1.3,1.08,450.0
349126,14.495117,1.16029,0,137.87,0.44767805747242945,1.3,1.08,450.0
349127,14.504883,1.18556,0,137.87,0.45889850235927276,1.3,1.08,450.0
349128,14.515625,1.25207,0,137.87,0.4712403023771493,1.3,1.08,450.0
349129,14.520508,1.31884,0,137.87,0.4768505248205873,1.3,1.08,450.0
349130,14.530274,1.39945,0,137.87,0.4880709697074633,1.3,1.08,450.0
349131,14.540039,1.49386,0,137.87,0.4992902656648719,1.3,1.08,450.0
349132,14.549805,1.59504,0,137.87,0.5105107105517478,1.3,1.08,450.0
349133,14.560547,1.65352,0,137.87,0.5228525105696245,1.3,1.08,450.0
349134,14.570313,1.69161,0,137.87,0.5340729554564677,1.3,1.08,450.0
349135,14.580078,1.72077,0,137.87,0.545292251413909,1.3,1.08,450.0
349136,14.589844,1.77788,0,137.87,0.5565126963007523,1.3,1.08,450.0
349137,14.600586,1.83647,0,137.87,0.5688544963186616,1.3,1.08,450.0
349138,14.610352,1.82957,0,137.87,0.5800749412055048,1.3,1.08,450.0
349139,14.620117,1.78006,0,137.87,0.5912942371629462,1.3,1.08,450.0
349140,14.625,1.77482,0,137.87,0.5969044596063515,1.3,1.08,450.0
349141,14.634766,1.82353,0,137.87,0.6081249044932274,1.3,1.08,450.0
349142,14.645508,1.80669,0,137.87,0.6204667045111041,1.3,1.08,450.0
349143,14.655274,1.75656,0,137.87,0.63168714939798,1.3,1.08,450.0
349144,14.665039,1.65,0,137.87,0.6429064453553887,1.3,1.08,450.0
349145,14.674805,1.52301,0,137.87,0.6541268902422647,1.3,1.08,450.0
349146,14.685547,1.53156,0,137.87,0.6664686902601411,1.3,1.08,450.0
349147,14.695313,1.67285,0,137.87,0.6776891351469845,1.3,1.08,450.0
349148,14.705078,1.76175,0,137.87,0.6889084311044258,1.3,1.08,450.0
349149,14.714844,1.80039,0,137.87,0.700128875991269,1.3,1.08,450.0
349150,14.725586,1.78376,0,137.87,0.7124706760091783,1.3,1.08,450.0
349151,14.730469,1.77073,0,137.87,0.7180808984525837,1.3,1.08,450.0
349152,14.740235,1.11479,0,137.87,0.7293013433394596,1.3,1.08,450.0
349153,14.75,0.83783,0,137.87,0.7405206392968682,1.3,1.08,450.0
349154,14.759766,2.44455,1,156.08,0.0,1.3,1.08,450.0
349155,14.770508,2.09007,0,156.08,0.013972128308360315,1.3,1.08,450.0
349156,14.780274,0.92063,0,156.08,0.026674772607347134,1.3,1.08,450.0
349157,14.790039,0.40874,0,156.08,0.03937611620547097,1.3,1.08,450.0
349158,14.799805,0.9491,0,156.08,0.05207876050445778,1.3,1.08,450.0
349159,14.810547,2.30528,0,156.08,0.06605088881281809,1.3,1.08,450.0
349160,14.81543,2.1613,0,156.08,0.0724022109623115,1.3,1.08,450.0
349161,14.825195,1.49053,0,156.08,0.08510355456043533,1.3,1.08,450.0
349162,14.834961,1.38101,0,156.08,0.09780619885942216,1.3,1.08,450.0
349163,14.844727,2.43732,0,156.08,0.110508843158372,1.3,1.08,450.0
349164,14.855469,1.59676,0,156.08,0.12448097146673232,1.3,1.08,450.0
349165,14.865235,1.20304,0,156.08,0.13718361576571914,1.3,1.08,450.0
349166,14.875,1.21901,0,156.08,0.149884959363843,1.3,1.08,450.0
349167,14.884766,1.23932,0,156.08,0.1625876036628298,1.3,1.08,450.0
349168,14.895508,1.15267,0,156.08,0.1765597319711901,1.3,1.08,450.0
349169,14.905274,1.04886,0,156.08,0.18926237627017692,1.3,1.08,450.0
349170,14.915039,1.06353,0,156.08,0.20196371986830075,1.3,1.08,450.0
349171,14.924805,1.02889,0,156.08,0.21466636416728757,1.3,1.08,450.0
349172,14.929688,1.03939,0,156.08,0.221017686316744,1.3,1.08,450.0
349173,14.94043,1.03622,0,156.08,0.2349898146251413,1.3,1.08,450.0
349174,14.950195,1.03049,0,156.08,0.24769115822326512,1.3,1.08,450.0
349175,14.959961,1.03542,0,156.08,0.26039380252225197,1.3,1.08,450.0
349176,14.969727,1.02434,0,156.08,0.2730964468212018,1.3,1.08,450.0
349177,14.980469,1.028,0,156.08,0.28706857512956213,1.3,1.08,450.0
349178,14.990235,0.94661,0,156.08,0.29977121942854895,1.3,1.08,450.0
349179,15.0,1.07495,0,156.08,0.31247256302667276,1.3,1.08,450.0
349180,15.009766,1.10602,0,156.08,0.3251752073256596,1.3,1.08,450.0
349181,15.015625,0.96034,0,156.08,0.3327960134845265,1.3,1.08,450.0
349182,15.025391,1.09911,0,156.08,0.3454986577835133,1.3,1.08,450.0
349183,15.035156,1.02553,0,156.08,0.35820000138163716,1.3,1.08,450.0
349184,15.044922,1.0379,0,156.08,0.3709026456806239,1.3,1.08,450.0
349185,15.054688,1.03844,0,156.08,0.3836052899795738,1.3,1.08,450.0
349186,15.06543,1.06254,0,156.08,0.3975774182879711,1.3,1.08,450.0
349187,15.075195,1.05559,0,156.08,0.4102787618860949,1.3,1.08,450.0
349188,15.084961,1.03141,0,156.08,0.42298140618508173,1.3,1.08,450.0
349189,15.094727,1.05792,0,156.08,0.4356840504840316,1.3,1.08,450.0
349190,15.105469,1.04093,0,156.08,0.4496561787923919,1.3,1.08,450.0
349191,15.115235,1.07366,0,156.08,0.46235882309137877,1.3,1.08,450.0
349192,15.120117,1.04961,0,156.08,0.46870884454004613,1.3,1.08,450.0
349193,15.129883,1.04906,0,156.08,0.4814114888389959,1.3,1.08,450.0
349194,15.140625,1.03861,0,156.08,0.4953836171473563,1.3,1.08,450.0
349195,15.150391,1.02262,0,156.08,0.5080862614463431,1.3,1.08,450.0
349196,15.160156,1.04136,0,156.08,0.520787605044467,1.3,1.08,450.0
349197,15.169922,1.00873,0,156.08,0.5334902493434537,1.3,1.08,450.0
349198,15.179688,1.03104,0,156.08,0.5461928936424036,1.3,1.08,450.0
349199,15.19043,0.99702,0,156.08,0.560165021950801,1.3,1.08,450.0
349200,15.200195,1.05288,0,156.08,0.5728663655489247,1.3,1.08,450.0
349201,15.209961,1.00771,0,156.08,0.5855690098479116,1.3,1.08,450.0
349202,15.219727,1.07275,0,156.08,0.5982716541468613,1.3,1.08,450.0
349203,15.225586,1.03313,0,156.08,0.6058924603057653,1.3,1.08,450.0
349204,15.235352,1.04517,0,156.08,0.6185951046047151,1.3,1.08,450.0
349205,15.245117,1.02824,0,156.08,0.6312964482028759,1.3,1.08,450.0
349206,15.254883,1.02739,0,156.08,0.6439990925018257,1.3,1.08,450.0
349207,15.265625,1.02445,0,156.08,0.6579712208101861,1.3,1.08,450.0
349208,15.275391,1.03643,0,156.08,0.6706738651091728,1.3,1.08,450.0
349209,15.285156,1.05714,0,156.08,0.6833752087072967,1.3,1.08,450.0
349210,15.294922,0.99305,0,156.08,0.6960778530062836,1.3,1.08,450.0
349211,15.304688,1.0333,0,156.08,0.7087804973052333,1.3,1.08,450.0
349212,15.31543,1.08495,0,156.08,0.7227526256136306,1.3,1.08,450.0
349213,15.320313,1.00584,0,156.08,0.7291039477630872,1.3,1.08,450.0
349214,15.330078,1.07147,0,156.08,0.7418052913612478,1.3,1.08,450.0
349215,15.339844,1.04208,0,156.08,0.7545079356601978,1.3,1.08,450.0
349216,15.350586,1.02777,0,156.08,0.768480063968595,1.3,1.08,450.0
349217,15.360352,0.99141,0,156.08,0.7811827082675449,1.3,1.08,450.0
349218,15.370117,1.04627,0,156.08,0.7938840518657057,1.3,1.08,450.0
349219,15.379883,1.07921,0,156.08,0.8065866961646556,1.3,1.08,450.0
349220,15.390625,1.04208,0,156.08,0.8205588244730159,1.3,1.08,450.0
349221,15.400391,1.02089,0,156.08,0.8332614687720027,1.3,1.08,450.0
349222,15.410156,0.96853,0,156.08,0.8459628123701265,1.3,1.08,450.0
349223,15.419922,1.04557,0,156.08,0.8586654566691133,1.3,1.08,450.0
349224,15.429688,1.02142,0,156.08,0.8713681009680632,1.3,1.08,450.0
349225,15.435547,1.07189,0,156.08,0.8789889071269671,1.3,1.08,450.0
349226,15.445313,1.04583,0,156.08,0.8916915514259168,1.3,1.08,450.0
349227,15.455078,1.02857,0,156.08,0.9043928950240777,1.3,1.08,450.0
349228,15.464844,1.05107,0,156.08,0.9170955393230275,1.3,1.08,450.0
349229,15.475586,1.01564,0,156.08,0.9310676676314248,1.3,1.08,450.0
349230,15.485352,1.05107,0,156.08,0.9437703119303748,1.3,1.08,450.0
349231,15.495117,1.05842,0,156.08,0.9564716555285354,1.3,1.08,450.0
349232,15.504883,1.05606,0,156.08,0.9691742998274854,1.3,1.08,450.0
349233,15.515625,1.0809,0,156.08,0.9831464281358457,1.3,1.08,450.0
349234,15.520508,1.03539,0,156.08,0.9894977502853392,1.3,1.08,450.0
349235,15.530274,1.07504,0,156.08,0.00220039458432586,1.3,1.08,450.0
349236,15.540039,1.04777,0,156.08,0.014901738182449664,1.3,1.08,450.0
349237,15.549805,1.05098,0,156.08,0.027604382481436485,1.3,1.08,450.0
349238,15.560547,1.05149,0,156.08,0.04157651078979674,1.3,1.08,450.0
349239,15.570313,1.04756,0,156.08,0.0542791550887467,1.3,1.08,450.0
349240,15.580078,1.06406,0,156.08,0.06698049868690736,1.3,1.08,450.0
349241,15.589844,1.0019,0,156.08,0.07968314298585732,1.3,1.08,450.0
349242,15.600586,0.91019,0,156.08,0.09365527129425444,1.3,1.08,450.0
349243,15.610352,1.0445,0,156.08,0.1063579155932044,1.3,1.08,450.0
349244,15.615235,1.07794,0,156.08,0.11270923774269792,1.3,1.08,450.0
349245,15.625,1.13505,0,156.08,0.12541058134082173,1.3,1.08,450.0
349246,15.634766,1.0439,0,156.08,0.13811322563980855,1.3,1.08,450.0
349247,15.645508,1.05138,0,156.08,0.15208535394816902,1.3,1.08,450.0
349248,15.655274,1.05849,0,156.08,0.16478799824715562,1.3,1.08,450.0
349249,15.665039,1.10048,0,156.08,0.17748934184527965,1.3,1.08,450.0
349250,15.674805,1.10169,0,156.08,0.19019198614426647,1.3,1.08,450.0
349251,15.685547,1.05615,0,156.08,0.20416411445262672,1.3,1.08,450.0
349252,15.695313,1.07811,0,156.08,0.21686675875157646,1.3,1.08,450.0
349253,15.705078,1.0755,0,156.08,0.22956810234973735,1.3,1.08,450.0
349254,15.714844,1.08826,0,156.08,0.24227074664868709,1.3,1.08,450.0
349255,15.725586,1.07778,0,156.08,0.2562428749570844,1.3,1.08,450.0
349256,15.730469,1.0548,0,156.08,0.26259419710654086,1.3,1.08,450.0
349257,15.740235,1.01218,0,156.08,0.2752968414055277,1.3,1.08,450.0
349258,15.75,1.05614,0,156.08,0.2879981850036515,1.3,1.08,450.0
349259,15.759766,1.18635,0,156.08,0.3007008293026383,1.3,1.08,450.0
349260,15.770508,1.30719,1,141.14,0.0,1.3,1.08,450.0
349261,15.780274,1.5892,0,141.14,0.011486470001675254,1.3,1.08,450.0
349262,15.790039,1.84584,0,141.14,0.022971763833956785,1.3,1.08,450.0
349263,15.799805,1.78792,0,141.14,0.03445823383563204,1.3,1.08,450.0
349264,15.810547,1.81713,0,141.14,0.0470926451358319,1.3,1.08,450.0
349265,15.81543,1.54987,0,141.14,0.052835880136669525,1.3,1.08,450.0
349266,15.825195,1.54597,0,141.14,0.06432117396895105,1.3,1.08,450.0
349267,15.834961,1.4623,0,141.14,0.07580764397062631,1.3,1.08,450.0
349268,15.844727,1.41672,0,141.14,0.08729411397226813,1.3,1.08,450.0
349269,15.855469,1.77545,0,141.14,0.099928525272468,1.3,1.08,450.0
349270,15.865235,1.68985,0,141.14,0.11141499527414325,1.3,1.08,450.0
349271,15.875,1.8984,0,141.14,0.12290028910642478,1.3,1.08,450.0
349272,15.884766,1.92486,0,141.14,0.13438675910810002,1.3,1.08,450.0
349273,15.895508,2.24669,0,141.14,0.1470211704082999,1.3,1.08,450.0
349274,15.905274,2.0623,0,141.14,0.15850764040997514,1.3,1.08,450.0
349275,15.915039,1.73092,0,141.14,0.16999293424225667,1.3,1.08,450.0
349276,15.924805,1.07609,0,141.14,0.18147940424393194,1.3,1.08,450.0
349277,15.929688,0.56925,0,141.14,0.18722263924473612,1.3,1.08,450.0
349278,15.94043,0.45675,0,141.14,0.1998570505449694,1.3,1.08,450.0
349279,15.950195,0.48691,0,141.14,0.21134234437725094,1.3,1.08,450.0
349280,15.959961,0.66915,0,141.14,0.2228288143789262,1.3,1.08,450.0
349281,15.969727,0.8349,0,141.14,0.23431528438056803,1.3,1.08,450.0
349282,15.980469,0.99835,0,141.14,0.24694969568076788,1.3,1.08,450.0
349283,15.990235,1.17099,0,141.14,0.25843616568244315,1.3,1.08,450.0
349284,16.0,1.33693,0,141.14,0.2699214595147247,1.3,1.08,450.0
349285,16.009766,1.30168,0,141.14,0.2814079295163999,1.3,1.08,450.0
349286,16.015625,1.23718,0,141.14,0.2882991058157621,1.3,1.08,450.0
349287,16.025391,1.13907,0,141.14,0.2997855758174374,1.3,1.08,450.0
349288,16.035156,1.09,0,141.14,0.31127086964971895,1.3,1.08,450.0
349289,16.044922,1.08334,0,141.14,0.3227573396513942,1.3,1.08,450.0
349290,16.054688,1.08839,0,141.14,0.334243809653036,1.3,1.08,450.0
349291,16.06543,1.07084,0,141.14,0.3468782209532693,1.3,1.08,450.0
349292,16.075195,1.02871,0,141.14,0.35836351478555084,1.3,1.08,450.0
349293,16.084961,1.034,0,141.14,0.36984998478722614,1.3,1.08,450.0
349294,16.094727,1.05191,0,141.14,0.3813364547888679,1.3,1.08,450.0
349295,16.105469,1.10836,0,141.14,0.3939708660890678,1.3,1.08,450.0
349296,16.115235,1.15503,0,141.14,0.405457336090743,1.3,1.08,450.0
349297,16.120117,1.19866,0,141.14,0.41119939492222035,1.3,1.08,450.0
349298,16.129883,1.24371,0,141.14,0.4226858649238622,1.3,1.08,450.0
349299,16.140625,1.2799,0,141.14,0.43532027622406205,1.3,1.08,450.0
349300,16.150391,1.31603,0,141.14,0.44680674622573735,1.3,1.08,450.0
349301,16.160156,1.34226,0,141.14,0.4582920400580189,1.3,1.08,450.0
349302,16.169922,1.36504,0,141.14,0.46977851005969407,1.3,1.08,450.0
349303,16.179688,1.39003,0,141.14,0.4812649800613359,1.3,1.08,450.0
349304,16.19043,1.42016,0,141.14,0.4938993913615692,1.3,1.08,450.0
349305,16.200195,1.50215,0,141.14,0.5053846851938507,1.3,1.08,450.0
349306,16.209961,1.58214,0,141.14,0.5168711551955261,1.3,1.08,450.0
349307,16.219727,1.66737,0,141.14,0.5283576251971678,1.3,1.08,450.0
349308,16.225586,1.73362,0,141.14,0.5352488014965634,1.3,1.08,450.0
349309,16.235352,1.7549,0,141.14,0.5467352714982053,1.3,1.08,450.0
349310,16.245117,1.70996,0,141.14,0.5582205653305203,1.3,1.08,450.0
349311,16.254883,1.62675,0,141.14,0.569707035332162,1.3,1.08,450.0
349312,16.265625,1.57811,0,141.14,0.582341446632362,1.3,1.08,450.0
349313,16.275391,1.60325,0,141.14,0.5938279166340372,1.3,1.08,450.0
349314,16.285156,1.69081,0,141.14,0.6053132104663187,1.3,1.08,450.0
349315,16.294922,1.75119,0,141.14,0.6167996804679939,1.3,1.08,450.0
349316,16.304688,1.67471,0,141.14,0.6282861504696359,1.3,1.08,450.0
349317,16.310547,1.54102,0,141.14,0.6351773267690315,1.3,1.08,450.0
349318,16.320313,1.39885,0,141.14,0.6466637967706733,1.3,1.08,450.0
349319,16.330078,1.39574,0,141.14,0.6581490906029882,1.3,1.08,450.0
349320,16.339844,1.45559,0,141.14,0.6696355606046301,1.3,1.08,450.0
349321,16.350586,1.48355,0,141.14,0.6822699719048634,1.3,1.08,450.0
349322,16.360352,1.50146,0,141.14,0.6937564419065052,1.3,1.08,450.0
349323,16.370117,1.4717,0,141.14,0.7052417357388202,1.3,1.08,450.0
349324,16.379883,1.43961,0,141.14,0.716728205740462,1.3,1.08,450.0
349325,16.390625,1.39376,0,141.14,0.7293626170406619,1.3,1.08,450.0
349326,16.400391,1.3305,0,141.14,0.7408490870423371,1.3,1.08,450.0
349327,16.410156,1.21198,0,141.14,0.7523343808746186,1.3,1.08,450.0
349328,16.419922,0.97047,0,141.14,0.7638208508762939,1.3,1.08,450.0
349329,16.424805,1.78738,1,158.05,0.0,1.3,1.08,450.0
349330,16.435547,3.29129,0,158.05,0.014147695077754258,1.3,1.08,450.0
349331,16.445313,1.79277,0,158.05,0.02700995444558324,1.3,1.08,450.0
349332,16.455078,0.91182,0,158.05,0.039870896768668236,1.3,1.08,450.0
349333,16.464844,0.21895,0,158.05,0.05273315613649721,1.3,1.08,450.0
349334,16.475586,1.02991,0,158.05,0.0668808512142889,1.3,1.08,450.0
349335,16.485352,1.85006,0,158.05,0.07974311058211787,1.3,1.08,450.0
349336,16.495117,1.47702,0,158.05,0.09260405290520288,1.3,1.08,450.0
349337,16.504883,1.20834,0,158.05,0.10546631227303187,1.3,1.08,450.0
349338,16.515625,1.31506,0,158.05,0.11961400735078612,1.3,1.08,450.0
349339,16.520508,1.70567,0,158.05,0.12604513703471934,1.3,1.08,450.0
349340,16.530274,1.81389,0,158.05,0.13890739640258573,1.3,1.08,450.0
349341,16.540039,2.13139,0,158.05,0.1517683387256333,1.3,1.08,450.0
349342,16.549805,1.26911,0,158.05,0.16463059809349972,1.3,1.08,450.0
349343,16.560547,1.35992,0,158.05,0.17877829317125396,1.3,1.08,450.0
349344,16.570313,1.19054,0,158.05,0.19164055253908296,1.3,1.08,450.0
349345,16.580078,1.13314,0,158.05,0.20450149486216793,1.3,1.08,450.0
349346,16.589844,1.12896,0,158.05,0.21736375422999693,1.3,1.08,450.0
349347,16.600586,1.04348,0,158.05,0.2315114493077886,1.3,1.08,450.0
349348,16.610352,1.08612,0,158.05,0.2443737086756176,1.3,1.08,450.0
349349,16.615235,1.06546,0,158.05,0.2508048383595508,1.3,1.08,450.0
349350,16.625,1.07859,0,158.05,0.2636657806825984,1.3,1.08,450.0
349351,16.634766,0.97916,0,158.05,0.2765280400504648,1.3,1.08,450.0
349352,16.645508,1.01037,0,158.05,0.29067573512821904,1.3,1.08,450.0
349353,16.655274,1.05241,0,158.05,0.3035379944960855,1.3,1.08,450.0
349354,16.665039,1.03945,0,158.05,0.316398936819133,1.3,1.08,450.0
349355,16.674805,1.01779,0,158.05,0.32926119618699945,1.3,1.08,450.0
349356,16.685547,1.07658,0,158.05,0.3434088912647537,1.3,1.08,450.0
349357,16.695313,1.04537,0,158.05,0.35627115063258263,1.3,1.08,450.0
349358,16.705078,1.06464,0,158.05,0.3691320929556677,1.3,1.08,450.0
349359,16.714844,1.04176,0,158.05,0.3819943523234966,1.3,1.08,450.0
349360,16.725586,1.01323,0,158.05,0.39614204740128833,1.3,1.08,450.0
349361,16.730469,1.02921,0,158.05,0.4025731770851841,1.3,1.08,450.0
349362,16.740235,1.07318,0,158.05,0.4154354364530505,1.3,1.08,450.0
349363,16.75,1.01161,0,158.05,0.42829637877609805,1.3,1.08,450.0
349364,16.759766,1.06933,0,158.05,0.44115863814396444,1.3,1.08,450.0
349365,16.770508,1.05331,0,158.05,0.45530633322171876,1.3,1.08,450.0
349366,16.780274,1.13116,0,158.05,0.46816859258958515,1.3,1.08,450.0
349367,16.790039,0.99463,0,158.05,0.48102953491263273,1.3,1.08,450.0
349368,16.799805,1.09176,0,158.05,0.4938917942804991,1.3,1.08,450.0
349369,16.810547,1.12003,0,158.05,0.5080394893582534,1.3,1.08,450.0
349370,16.81543,0.9903,0,158.05,0.5144706190421866,1.3,1.08,450.0
349371,16.825195,1.06767,0,158.05,0.5273315613652342,1.3,1.08,450.0
349372,16.834961,1.02959,0,158.05,0.5401938207331006,1.3,1.08,450.0
349373,16.844727,1.03059,0,158.05,0.5530560801009295,1.3,1.08,450.0
349374,16.855469,1.02094,0,158.05,0.5672037751786838,1.3,1.08,450.0
349375,16.865235,1.02346,0,158.05,0.5800660345465503,1.3,1.08,450.0
349376,16.875,1.00061,0,158.05,0.5929269768695977,1.3,1.08,450.0
349377,16.884766,1.02268,0,158.05,0.6057892362374643,1.3,1.08,450.0
349378,16.895508,1.01855,0,158.05,0.6199369313152184,1.3,1.08,450.0
349379,16.905274,1.0035,0,158.05,0.6327991906830849,1.3,1.08,450.0
349380,16.915039,1.05048,0,158.05,0.6456601330061325,1.3,1.08,450.0
349381,16.919922,1.03487,0,158.05,0.6520912626900657,1.3,1.08,450.0
349382,16.929688,1.03705,0,158.05,0.6649535220578946,1.3,1.08,450.0
349383,16.94043,1.03463,0,158.05,0.6791012171356864,1.3,1.08,450.0
349384,16.950195,1.03161,0,158.05,0.691962159458734,1.3,1.08,450.0
349385,16.959961,1.0355,0,158.05,0.7048244188266003,1.3,1.08,450.0
349386,16.969727,1.02574,0,158.05,0.7176866781944292,1.3,1.08,450.0
349387,16.980469,1.02758,0,158.05,0.7318343732721836,1.3,1.08,450.0
349388,16.990235,1.02755,0,158.05,0.7446966326400499,1.3,1.08,450.0
349389,17.0,1.04933,0,158.05,0.7575575749630975,1.3,1.08,450.0
349390,17.009766,1.04091,0,158.05,0.770419834330964,1.3,1.08,450.0
349391,17.015625,1.08256,0,158.05,0.778136399724785,1.3,1.08,450.0
349392,17.025391,1.04086,0,158.05,0.7909986590926513,1.3,1.08,450.0
349393,17.035156,1.0464,0,158.05,0.8038596014156989,1.3,1.08,450.0
349394,17.044922,1.07197,0,158.05,0.8167218607835653,1.3,1.08,450.0
349395,17.054688,1.04051,0,158.05,0.8295841201513944,1.3,1.08,450.0
349396,17.06543,1.03958,0,158.05,0.843731815229186,1.3,1.08,450.0
349397,17.075195,1.02885,0,158.05,0.8565927575522336,1.3,1.08,450.0
349398,17.084961,1.03252,0,158.05,0.8694550169201,1.3,1.08,450.0
349399,17.094727,0.95231,0,158.05,0.8823172762879289,1.3,1.08,450.0
349400,17.105469,1.05491,0,158.05,0.8964649713656833,1.3,1.08,450.0
349401,17.115235,1.04659,0,158.05,0.9093272307335496,1.3,1.08,450.0
349402,17.120117,1.04771,0,158.05,0.9157570433727015,1.3,1.08,450.0
349403,17.129883,1.0295,0,158.05,0.9286193027405304,1.3,1.08,450.0
349404,17.140625,0.97706,0,158.05,0.9427669978182848,1.3,1.08,450.0
349405,17.150391,0.99571,0,158.05,0.9556292571861511,1.3,1.08,450.0
349406,17.160156,1.03409,0,158.05,0.9684901995091987,1.3,1.08,450.0
349407,17.169922,1.03314,0,158.05,0.9813524588770651,1.3,1.08,450.0
349408,17.179688,1.03379,0,158.05,0.994214718244894,1.3,1.08,450.0
349409,17.19043,1.05543,0,158.05,0.008362413322685835,1.3,1.08,450.0
349410,17.200195,1.00574,0,158.05,0.0212233556457333,1.3,1.08,450.0
349411,17.209961,1.06494,0,158.05,0.034085615013599746,1.3,1.08,450.0
349412,17.219727,1.04824,0,158.05,0.04694787438142867,1.3,1.08,450.0
349413,17.225586,1.0907,0,158.05,0.05466443977528734,1.3,1.08,450.0
349414,17.235352,1.06155,0,158.05,0.06752669914311604,1.3,1.08,450.0
349415,17.245117,1.082,0,158.05,0.08038764146620125,1.3,1.08,450.0
349416,17.254883,1.04808,0,158.05,0.09324990083403017,1.3,1.08,450.0
349417,17.265625,0.98721,0,158.05,0.10739759591178433,1.3,1.08,450.0
349418,17.275391,1.03951,0,158.05,0.120259855279651,1.3,1.08,450.0
349419,17.285156,1.08706,0,158.05,0.13312079760269824,1.3,1.08,450.0
349420,17.294922,1.1468,0,158.05,0.14598305697056468,1.3,1.08,450.0
349421,17.304688,1.08003,0,158.05,0.15884531633839383,1.3,1.08,450.0
349422,17.310547,1.01149,0,158.05,0.16656188173225228,1.3,1.08,450.0
349423,17.320313,1.02552,0,158.05,0.1794241411000812,1.3,1.08,450.0
349424,17.330078,1.05781,0,158.05,0.1922850834231662,1.3,1.08,450.0
349425,17.339844,1.09377,0,158.05,0.2051473427909951,1.3,1.08,450.0
349426,17.350586,1.05241,0,158.05,0.2192950378687868,1.3,1.08,450.0
349427,17.360352,1.06063,0,158.05,0.2321572972366157,1.3,1.08,450.0
349428,17.370117,1.10427,0,158.05,0.24501823955970092,1.3,1.08,450.0
349429,17.379883,1.09171,0,158.05,0.25788049892752984,1.3,1.08,450.0
349430,17.390625,1.05631,0,158.05,0.272028194005284,1.3,1.08,450.0
349431,17.400391,1.09453,0,158.05,0.28489045337315066,1.3,1.08,450.0
349432,17.410156,1.00321,0,158.05,0.29775139569619813,1.3,1.08,450.0
349433,17.415039,1.03074,0,158.05,0.30418252538013135,1.3,1.08,450.0
349434,17.424805,0.9919,0,158.05,0.3170447847479978,1.3,1.08,450.0
349435,17.435547,0.98939,0,158.05,0.33119247982575195,1.3,1.08,450.0
349436,17.445313,1.03532,0,158.05,0.34405473919358087,1.3,1.08,450.0
349437,17.455078,1.05618,0,158.05,0.35691568151666586,1.3,1.08,450.0
349438,17.464844,1.22146,0,158.05,0.369777940884495,1.3,1.08,450.0
349439,17.475586,1.36287,1,140.51,0.0,1.3,1.08,450.0
349440,17.485352,1.53362,0,140.51,0.0114349713750686,1.3,1.08,450.0
349441,17.495117,1.6586,0,140.51,0.022868771854067035,1.3,1.08,450.0
349442,17.504883,1.55936,0,140.51,0.03430374322913564,1.3,1.08,450.0
349443,17.515625,1.5387,0,140.51,0.046881509204059015,1.3,1.08,450.0
349444,17.520508,1.46378,0,140.51,0.05259899489160995,1.3,1.08,450.0
349445,17.530274,1.43373,0,140.51,0.06403396626671183,1.3,1.08,450.0
349446,17.540039,1.38956,0,140.51,0.07546776674567698,1.3,1.08,450.0
349447,17.549805,1.24859,0,140.51,0.08690273812077888,1.3,1.08,450.0
349448,17.560547,1.37363,0,140.51,0.09948050409570225,1.3,1.08,450.0
349449,17.570313,1.76737,0,140.51,0.11091547547077085,1.3,1.08,450.0
349450,17.580078,1.81177,0,140.51,0.12234927594976928,1.3,1.08,450.0
349451,17.589844,1.83947,0,140.51,0.13378424732483787,1.3,1.08,450.0
349452,17.600586,1.62279,0,140.51,0.14636201329979454,1.3,1.08,450.0
349453,17.610352,1.98628,0,140.51,0.15779698467486314,1.3,1.08,450.0
349454,17.615235,1.96284,0,140.51,0.16351447036241407,1.3,1.08,450.0
349455,17.625,2.0235,0,140.51,0.17494827084137923,1.3,1.08,450.0
349456,17.634766,1.11676,0,140.51,0.18638324221648112,1.3,1.08,450.0
349457,17.645508,0.64982,0,140.51,0.1989610081914045,1.3,1.08,450.0
349458,17.655274,0.46208,0,140.51,0.21039597956650635,1.3,1.08,450.0
349459,17.665039,0.4101,0,140.51,0.22182978004547152,1.3,1.08,450.0
349460,17.674805,0.4861,0,140.51,0.2332647514205734,1.3,1.08,450.0
349461,17.685547,0.66334,0,140.51,0.24584251739549678,1.3,1.08,450.0
349462,17.695313,0.88257,0,140.51,0.2572774887705654,1.3,1.08,450.0
349463,17.705078,1.2092,0,140.51,0.2687112892495638,1.3,1.08,450.0
349464,17.714844,1.51519,0,140.51,0.28014626062463244,1.3,1.08,450.0
349465,17.725586,1.5563,0,140.51,0.29272402659958907,1.3,1.08,450.0
349466,17.730469,1.38743,0,140.51,0.29844151228710675,1.3,1.08,450.0
349467,17.740235,1.13106,0,140.51,0.30987648366220866,1.3,1.08,450.0
349468,17.75,0.90596,0,140.51,0.3213102841411738,1.3,1.08,450.0
349469,17.759766,0.82997,0,140.51,0.33274525551627565,1.3,1.08,450.0
349470,17.770508,0.87433,0,140.51,0.34532302149119903,1.3,1.08,450.0
349471,17.780274,0.9779,0,140.51,0.35675799286630094,1.3,1.08,450.0
349472,17.790039,1.03019,0,140.51,0.3681917933452661,1.3,1.08,450.0
349473,17.799805,1.03984,0,140.51,0.37962676472036794,1.3,1.08,450.0
349474,17.810547,1.06278,0,140.51,0.3922045306952914,1.3,1.08,450.0
349475,17.81543,1.0782,0,140.51,0.39792201638284225,1.3,1.08,450.0
349476,17.825195,1.08791,0,140.51,0.4093558168618074,1.3,1.08,450.0
349477,17.834961,1.05911,0,140.51,0.42079078823690935,1.3,1.08,450.0
349478,17.844727,1.02983,0,140.51,0.4322257596119779,1.3,1.08,450.0
349479,17.855469,1.06601,0,140.51,0.4448035255869013,1.3,1.08,450.0
349480,17.865235,1.15572,0,140.51,0.45623849696200314,1.3,1.08,450.0
349481,17.875,1.24275,0,140.51,0.46767229744096833,1.3,1.08,450.0
349482,17.884766,1.34306,0,140.51,0.4791072688160702,1.3,1.08,450.0
349483,17.895508,1.42831,0,140.51,0.49168503479099357,1.3,1.08,450.0
349484,17.905274,1.53428,0,140.51,0.5031200061660954,1.3,1.08,450.0
349485,17.915039,1.65551,0,140.51,0.5145538066450606,1.3,1.08,450.0
349486,17.919922,1.72376,0,140.51,0.5202712923326115,1.3,1.08,450.0
349487,17.929688,1.73468,0,140.51,0.5317062637076801,1.3,1.08,450.0
349488,17.94043,1.72315,0,140.51,0.5442840296826368,1.3,1.08,450.0
349489,17.950195,1.69709,0,140.51,0.5557178301616019,1.3,1.08,450.0
349490,17.959961,1.67591,0,140.51,0.5671528015367039,1.3,1.08,450.0
349491,17.969727,1.72888,0,140.51,0.5785877729117724,1.3,1.08,450.0
349492,17.980469,1.81547,0,140.51,0.5911655388866958,1.3,1.08,450.0
349493,17.990235,1.84794,0,140.51,0.6026005102617977,1.3,1.08,450.0
349494,18.0,1.80199,0,140.51,0.6140343107407629,1.3,1.08,450.0
349495,18.009766,1.72903,0,140.51,0.6254692821158648,1.3,1.08,450.0
349496,18.015625,1.66671,0,140.51,0.6323295624032371,1.3,1.08,450.0
349497,18.025391,1.56805,0,140.51,0.6437645337783391,1.3,1.08,450.0
349498,18.035156,1.45604,0,140.51,0.6551983342573042,1.3,1.08,450.0
349499,18.044922,1.52001,0,140.51,0.6666333056324061,1.3,1.08,450.0
349500,18.054688,1.61755,0,140.51,0.6780682770074746,1.3,1.08,450.0
349501,18.06543,1.63053,0,140.51,0.6906460429824314,1.3,1.08,450.0
349502,18.075195,1.61111,0,140.51,0.7020798434613965,1.3,1.08,450.0
349503,18.084961,1.5934,0,140.51,0.7135148148364984,1.3,1.08,450.0
349504,18.094727,1.62155,0,140.51,0.724949786211567,1.3,1.08,450.0
349505,18.105469,1.57744,0,140.51,0.7375275521864904,1.3,1.08,450.0
349506,18.110352,1.17121,0,140.51,0.7432450378740413,1.3,1.08,450.0
349507,18.120117,0.93841,0,140.51,0.7546788383530397,1.3,1.08,450.0
349508,18.129883,2.46884,1,157.67,0.0,1.3,1.08,450.0
349509,18.140625,2.15884,0,157.67,0.01411370788258865,1.3,1.08,450.0
349510,18.150391,1.03984,0,157.67,0.026945068074511296,1.3,1.08,450.0
349511,18.160156,0.44144,0,157.67,0.039775114385569285,1.3,1.08,450.0
349512,18.169922,1.03553,0,157.67,0.052606474577491937,1.3,1.08,450.0
349513,18.179688,1.97364,0,157.67,0.06543783476937724,1.3,1.08,450.0
349514,18.19043,2.01126,0,157.67,0.07955154265200323,1.3,1.08,450.0
349515,18.200195,1.36902,0,157.67,0.09238158896306123,1.3,1.08,450.0
349516,18.209961,1.13756,0,157.67,0.10521294915498387,1.3,1.08,450.0
349517,18.219727,1.41227,0,157.67,0.11804430934686919,1.3,1.08,450.0
349518,18.225586,1.56728,0,157.67,0.12574233713353386,1.3,1.08,450.0
349519,18.235352,1.47376,0,157.67,0.13857369732541916,1.3,1.08,450.0
349520,18.245117,1.30287,0,157.67,0.15140374363651446,1.3,1.08,450.0
349521,18.254883,1.55382,0,157.67,0.1642351038283998,1.3,1.08,450.0
349522,18.265625,1.15268,0,157.67,0.17834881171098843,1.3,1.08,450.0
349523,18.275391,1.22564,0,157.67,0.1911801719029111,1.3,1.08,450.0
349524,18.285156,1.14744,0,157.67,0.20401021821396906,1.3,1.08,450.0
349525,18.294922,1.11027,0,157.67,0.21684157840589172,1.3,1.08,450.0
349526,18.304688,1.1318,0,157.67,0.22967293859777704,1.3,1.08,450.0
349527,18.310547,0.97416,0,157.67,0.2373709663844417,1.3,1.08,450.0
349528,18.320313,1.06755,0,157.67,0.250202326576327,1.3,1.08,450.0
349529,18.330078,1.12972,0,157.67,0.2630323728874223,1.3,1.08,450.0
349530,18.339844,1.06085,0,157.67,0.2758637330793076,1.3,1.08,450.0
349531,18.350586,1.02355,0,157.67,0.2899774409619337,1.3,1.08,450.0
349532,18.360352,1.04697,0,157.67,0.3028088011538189,1.3,1.08,450.0
349533,18.370117,1.00979,0,157.67,0.3156388474649143,1.3,1.08,450.0
349534,18.379883,1.03121,0,157.67,0.3284702076567996,1.3,1.08,450.0
349535,18.390625,1.04877,0,157.67,0.3425839155393883,1.3,1.08,450.0
349536,18.400391,1.03861,0,157.67,0.3554152757313108,1.3,1.08,450.0
349537,18.410156,1.07478,0,157.67,0.36824532204236887,1.3,1.08,450.0
349538,18.415039,1.04274,0,157.67,0.3746610021383302,1.3,1.08,450.0
349539,18.424805,1.05022,0,157.67,0.38749236233025286,1.3,1.08,450.0
349540,18.435547,1.05457,0,157.67,0.4016060702128415,1.3,1.08,450.0
349541,18.445313,1.03029,0,157.67,0.41443743040472675,1.3,1.08,450.0
349542,18.455078,1.0602,0,157.67,0.4272674767158221,1.3,1.08,450.0
349543,18.464844,1.04613,0,157.67,0.4400988369077074,1.3,1.08,450.0
349544,18.475586,1.05776,0,157.67,0.45421254479033346,1.3,1.08,450.0
349545,18.485352,1.0724,0,157.67,0.4670439049822187,1.3,1.08,450.0
349546,18.495117,1.03751,0,157.67,0.47987395129331406,1.3,1.08,450.0
349547,18.504883,1.01597,0,157.67,0.49270531148519936,1.3,1.08,450.0
349548,18.515625,1.04473,0,157.67,0.5068190193677881,1.3,1.08,450.0
349549,18.520508,1.0303,0,157.67,0.5132346994637493,1.3,1.08,450.0
349550,18.530274,1.03985,0,157.67,0.526066059655672,1.3,1.08,450.0
349551,18.540039,1.04347,0,157.67,0.53889610596673,1.3,1.08,450.0
349552,18.549805,1.0708,0,157.67,0.5517274661586526,1.3,1.08,450.0
349553,18.560547,1.02635,0,157.67,0.5658411740412412,1.3,1.08,450.0
349554,18.570313,1.02564,0,157.67,0.5786725342331266,1.3,1.08,450.0
349555,18.580078,1.05558,0,157.67,0.591502580544222,1.3,1.08,450.0
349556,18.589844,0.98138,0,157.67,0.6043339407361071,1.3,1.08,450.0
349557,18.600586,1.05087,0,157.67,0.6184476486187332,1.3,1.08,450.0
349558,18.605469,1.06226,0,157.67,0.6248633287146571,1.3,1.08,450.0
349559,18.615235,0.98604,0,157.67,0.6376946889065798,1.3,1.08,450.0
349560,18.625,1.05843,0,157.67,0.6505247352176379,1.3,1.08,450.0
349561,18.634766,1.03343,0,157.67,0.6633560954095604,1.3,1.08,450.0
349562,18.645508,1.04343,0,157.67,0.6774698032921491,1.3,1.08,450.0
349563,18.655274,1.0421,0,157.67,0.6903011634840718,1.3,1.08,450.0
349564,18.665039,1.026,0,157.67,0.7031312097951298,1.3,1.08,450.0
349565,18.674805,1.06524,0,157.67,0.7159625699870524,1.3,1.08,450.0
349566,18.685547,1.03325,0,157.67,0.730076277869641,1.3,1.08,450.0
349567,18.695313,1.04865,0,157.67,0.7429076380615264,1.3,1.08,450.0
349568,18.705078,1.03124,0,157.67,0.7557376843726218,1.3,1.08,450.0
349569,18.714844,1.06284,0,157.67,0.7685690445645069,1.3,1.08,450.0
349570,18.719727,1.02501,0,157.67,0.7749847246604683,1.3,1.08,450.0
349571,18.730469,1.05027,0,157.67,0.7890984325430569,1.3,1.08,450.0
349572,18.740235,1.02512,0,157.67,0.8019297927349796,1.3,1.08,450.0
349573,18.75,1.05045,0,157.67,0.8147598390460377,1.3,1.08,450.0
349574,18.759766,1.03971,0,157.67,0.8275911992379602,1.3,1.08,450.0
349575,18.770508,1.04722,0,157.67,0.8417049071205489,1.3,1.08,450.0
349576,18.780274,1.03119,0,157.67,0.8545362673124716,1.3,1.08,450.0
349577,18.790039,1.00592,0,157.67,0.8673663136235296,1.3,1.08,450.0
349578,18.799805,0.97544,0,157.67,0.8801976738154522,1.3,1.08,450.0
349579,18.810547,1.05123,0,157.67,0.8943113816980408,1.3,1.08,450.0
349580,18.81543,1.01549,0,157.67,0.9007270617940022,1.3,1.08,450.0
349581,18.825195,1.04664,0,157.67,0.9135571081050602,1.3,1.08,450.0
349582,18.834961,1.02605,0,157.67,0.9263884682969828,1.3,1.08,450.0
349583,18.844727,1.04624,0,157.67,0.9392198284888681,1.3,1.08,450.0
349584,18.855469,1.01067,0,157.67,0.9533335363714567,1.3,1.08,450.0
349585,18.865235,1.03836,0,157.67,0.9661648965633793,1.3,1.08,450.0
349586,18.875,1.07294,0,157.67,0.9789949428744374,1.3,1.08,450.0
349587,18.884766,1.02609,0,157.67,0.99182630306636,1.3,1.08,450.0
349588,18.895508,1.05874,0,157.67,0.005940010948948693,1.3,1.08,450.0
349589,18.905274,1.08106,0,157.67,0.01877137114087124,1.3,1.08,450.0
349590,18.915039,1.01385,0,157.67,0.03160141745192946,1.3,1.08,450.0
349591,18.919922,1.09382,0,157.67,0.03801709754789062,1.3,1.08,450.0
349592,18.929688,1.06729,0,157.67,0.050848457739775865,1.3,1.08,450.0
349593,18.94043,1.0555,0,157.67,0.06496216562240198,1.3,1.08,450.0
349594,18.950195,1.04604,0,157.67,0.07779221193345998,1.3,1.08,450.0
349595,18.959961,1.04006,0,157.67,0.09062357212538275,1.3,1.08,450.0
349596,18.969727,1.06391,0,157.67,0.10345493231726777,1.3,1.08,450.0
349597,18.980469,0.95727,0,157.67,0.11756864019985658,1.3,1.08,450.0
349598,18.990235,1.0254,0,157.67,0.13040000039177935,1.3,1.08,450.0
349599,19.0,1.05329,0,157.67,0.14323004670283712,1.3,1.08,450.0
349600,19.009766,1.14991,0,157.67,0.1560614068947599,1.3,1.08,450.0
349601,19.015625,1.05159,0,157.67,0.16375943468138732,1.3,1.08,450.0
349602,19.025391,1.02929,0,157.67,0.17659079487330986,1.3,1.08,450.0
349603,19.035156,1.06559,0,157.67,0.18942084118436786,1.3,1.08,450.0
349604,19.044922,1.05591,0,157.67,0.2022522013762904,1.3,1.08,450.0
349605,19.054688,1.08375,0,157.67,0.21508356156817565,1.3,1.08,450.0
349606,19.06543,1.04838,0,157.67,0.22919726945080177,1.3,1.08,450.0
349607,19.075195,1.08494,0,157.67,0.24202731576185976,1.3,1.08,450.0
349608,19.084961,1.061,0,157.67,0.25485867595378253,1.3,1.08,450.0
349609,19.094727,1.04595,0,157.67,0.26769003614566755,1.3,1.08,450.0
349610,19.105469,1.07042,0,157.67,0.28180374402825636,1.3,1.08,450.0
349611,19.110352,1.01765,0,157.67,0.28821942412421775,1.3,1.08,450.0
349612,19.120117,1.06192,0,157.67,0.30104947043531305,1.3,1.08,450.0
349613,19.129883,1.02211,0,157.67,0.3138808306271983,1.3,1.08,450.0
349614,19.140625,1.02168,0,157.67,0.3279945385097871,1.3,1.08,450.0
349615,19.150391,1.03428,0,157.67,0.34082589870170965,1.3,1.08,450.0
349616,19.160156,1.20653,0,157.67,0.35365594501276765,1.3,1.08,450.0
349617,19.169922,1.32801,1,140.75,0.0,1.3,1.08,450.0
349618,19.179688,1.42847,0,140.75,0.011454829110791837,1.3,1.08,450.0
349619,19.19043,1.64269,0,140.75,0.024054437375031698,1.3,1.08,450.0
349620,19.200195,1.79856,0,140.75,0.03550809355636604,1.3,1.08,450.0
349621,19.209961,1.7011,0,140.75,0.046962922667191216,1.3,1.08,450.0
349622,19.214844,1.51657,0,140.75,0.05269033722257046,1.3,1.08,450.0
349623,19.225586,1.49711,0,140.75,0.06528994548681032,1.3,1.08,450.0
349624,19.235352,1.42765,0,140.75,0.07674477459760216,1.3,1.08,450.0
349625,19.245117,1.26665,0,140.75,0.08819843077896983,1.3,1.08,450.0
349626,19.254883,1.41536,0,140.75,0.09965325988976168,1.3,1.08,450.0
349627,19.265625,1.31927,0,140.75,0.1122528681539682,1.3,1.08,450.0
349628,19.275391,1.39991,0,140.75,0.12370769726479337,1.3,1.08,450.0
349629,19.285156,1.90718,0,140.75,0.1351613534461277,1.3,1.08,450.0
349630,19.294922,1.85875,0,140.75,0.14661618255695288,1.3,1.08,450.0
349631,19.304688,1.84878,0,140.75,0.1580710116677447,1.3,1.08,450.0
349632,19.310547,2.25987,0,140.75,0.16494320537657198,1.3,1.08,450.0
349633,19.320313,3.1548,0,140.75,0.17639803448736383,1.3,1.08,450.0
349634,19.330078,1.40053,0,140.75,0.1878516906687315,1.3,1.08,450.0
349635,19.339844,0.87706,0,140.75,0.19930651977952335,1.3,1.08,450.0
349636,19.350586,0.34854,0,140.75,0.2119061280437632,1.3,1.08,450.0
349637,19.360352,0.29222,0,140.75,0.22336095715455503,1.3,1.08,450.0
349638,19.370117,0.25826,0,140.75,0.2348146133359227,1.3,1.08,450.0
349639,19.379883,0.22787,0,140.75,0.24626944244671456,1.3,1.08,450.0
349640,19.390625,0.60233,0,140.75,0.2588690507109211,1.3,1.08,450.0
349641,19.400391,0.92972,0,140.75,0.27032387982174627,1.3,1.08,450.0
349642,19.410156,1.19907,0,140.75,0.2817775360030806,1.3,1.08,450.0
349643,19.415039,1.33943,0,140.75,0.2875049505584932,1.3,1.08,450.0
349644,19.424805,1.45193,0,140.75,0.29895977966931836,1.3,1.08,450.0
349645,19.435547,1.36404,0,140.75,0.3115593879335249,1.3,1.08,450.0
349646,19.445313,1.22327,0,140.75,0.3230142170443167,1.3,1.08,450.0
349647,19.455078,1.06406,0,140.75,0.3344678732256844,1.3,1.08,450.0
349648,19.464844,0.89747,0,140.75,0.3459227023364762,1.3,1.08,450.0
349649,19.475586,0.85034,0,140.75,0.3585223106007161,1.3,1.08,450.0
349650,19.485352,0.84269,0,140.75,0.3699771397115079,1.3,1.08,450.0
349651,19.495117,0.87928,0,140.75,0.3814307958928756,1.3,1.08,450.0
349652,19.504883,0.9711,0,140.75,0.3928856250036674,1.3,1.08,450.0
349653,19.515625,1.10668,0,140.75,0.40548523326787395,1.3,1.08,450.0
349654,19.520508,1.26859,0,140.75,0.41121264782328654,1.3,1.08,450.0
349655,19.530274,1.34809,0,140.75,0.4226674769341117,1.3,1.08,450.0
349656,19.540039,1.35136,0,140.75,0.43412113311544603,1.3,1.08,450.0
349657,19.549805,1.28052,0,140.75,0.4455759622262712,1.3,1.08,450.0
349658,19.560547,1.2112,0,140.75,0.45817557049047775,1.3,1.08,450.0
349659,19.570313,1.21851,0,140.75,0.4696303996012696,1.3,1.08,450.0
349660,19.580078,1.31071,0,140.75,0.48108405578263724,1.3,1.08,450.0
349661,19.589844,1.43837,0,140.75,0.4925388848934291,1.3,1.08,450.0
349662,19.600586,1.54864,0,140.75,0.5051384931576689,1.3,1.08,450.0
349663,19.605469,1.63189,0,140.75,0.5108659077130482,1.3,1.08,450.0
349664,19.615235,1.69277,0,140.75,0.5223207368238734,1.3,1.08,450.0
349665,19.625,1.74242,0,140.75,0.5337743930052078,1.3,1.08,450.0
349666,19.634766,1.82878,0,140.75,0.5452292221160329,1.3,1.08,450.0
349667,19.645508,1.92541,0,140.75,0.5578288303802394,1.3,1.08,450.0
349668,19.655274,2.0111,0,140.75,0.5692836594910646,1.3,1.08,450.0
349669,19.665039,1.98456,0,140.75,0.580737315672399,1.3,1.08,450.0
349670,19.674805,1.84645,0,140.75,0.5921921447832241,1.3,1.08,450.0
349671,19.685547,1.72999,0,140.75,0.6047917530474306,1.3,1.08,450.0
349672,19.695313,1.67941,0,140.75,0.6162465821582225,1.3,1.08,450.0
349673,19.705078,1.66547,0,140.75,0.6277002383395902,1.3,1.08,450.0
349674,19.714844,1.66452,0,140.75,0.639155067450382,1.3,1.08,450.0
349675,19.719727,1.66798,0,140.75,0.6448824820057946,1.3,1.08,450.0
349676,19.730469,1.64716,0,140.75,0.657482090270001,1.3,1.08,450.0
349677,19.740235,1.674,0,140.75,0.6689369193808262,1.3,1.08,450.0
349678,19.75,1.73295,0,140.75,0.6803905755621606,1.3,1.08,450.0
349679,19.759766,1.75086,0,140.75,0.6918454046729857,1.3,1.08,450.0
349680,19.770508,1.76958,0,140.75,0.7044450129371923,1.3,1.08,450.0
349681,19.780274,1.7424,0,140.75,0.7158998420480175,1.3,1.08,450.0
349682,19.790039,1.69888,0,140.75,0.7273534982293518,1.3,1.08,450.0
349683,19.799805,0.58585,0,140.75,0.738808327340177,1.3,1.08,450.0
349684,19.810547,1.52546,1,159.38,0.0,1.3,1.08,450.0
349685,19.81543,2.514,0,159.38,0.006485346294227301,1.3,1.08,450.0
349686,19.825195,1.785,0,159.38,0.01945471073472733,1.3,1.08,450.0
349687,19.834961,0.87719,0,159.38,0.03242540332318194,1.3,1.08,450.0
349688,19.844727,0.50085,0,159.38,0.04539609591159879,1.3,1.08,450.0
349689,19.855469,1.44734,0,159.38,0.05966306087011856,1.3,1.08,450.0
349690,19.865235,1.8698,0,159.38,0.07263375345857317,1.3,1.08,450.0
349691,19.875,1.5438,0,159.38,0.0856031178990732,1.3,1.08,450.0
349692,19.884766,1.13429,0,159.38,0.0985738104875278,1.3,1.08,450.0
349693,19.895508,1.23325,0,159.38,0.11284077544604758,1.3,1.08,450.0
349694,19.905274,1.53922,0,159.38,0.1258114680345022,1.3,1.08,450.0
349695,19.910156,1.5482,0,159.38,0.1322954861807749,1.3,1.08,450.0
349696,19.919922,1.38544,0,159.38,0.1452661787692295,1.3,1.08,450.0
349697,19.929688,1.49227,0,159.38,0.15823687135764639,1.3,1.08,450.0
349698,19.94043,1.26248,0,159.38,0.17250383631620386,1.3,1.08,450.0
349699,19.950195,1.18666,0,159.38,0.1854732007567039,1.3,1.08,450.0
349700,19.959961,1.18867,0,159.38,0.19844389334515852,1.3,1.08,450.0
349701,19.969727,1.22023,0,159.38,0.21141458593357537,1.3,1.08,450.0
349702,19.980469,1.1061,0,159.38,0.22568155089209516,1.3,1.08,450.0
349703,19.990235,1.00145,0,159.38,0.23865224348054973,1.3,1.08,450.0
349704,20.0,1.05194,0,159.38,0.25162160792104976,1.3,1.08,450.0
349705,20.009766,1.05334,0,159.38,0.2645923005095044,1.3,1.08,450.0
349706,20.015625,1.07629,0,159.38,0.27237391917379683,1.3,1.08,450.0
349707,20.025391,1.08494,0,159.38,0.28534461176225145,1.3,1.08,450.0
349708,20.035156,1.0528,0,159.38,0.2983139762027515,1.3,1.08,450.0
349709,20.044922,1.03689,0,159.38,0.3112846687912061,1.3,1.08,450.0
349710,20.054688,1.06023,0,159.38,0.32425536137962296,1.3,1.08,450.0
349711,20.06543,1.0843,0,159.38,0.33852232633818047,1.3,1.08,450.0
349712,20.075195,0.98646,0,159.38,0.35149169077868053,1.3,1.08,450.0
349713,20.084961,1.06434,0,159.38,0.3644623833671351,1.3,1.08,450.0
349714,20.094727,1.09423,0,159.38,0.377433075955552,1.3,1.08,450.0
349715,20.100586,0.97665,0,159.38,0.38521469461988217,1.3,1.08,450.0
349716,20.110352,1.07273,0,159.38,0.39818538720829905,1.3,1.08,450.0
349717,20.120117,1.04282,0,159.38,0.4111547516488368,1.3,1.08,450.0
349718,20.129883,0.99851,0,159.38,0.4241254442372536,1.3,1.08,450.0
349719,20.140625,1.03801,0,159.38,0.43839240919577344,1.3,1.08,450.0
349720,20.150391,1.04204,0,159.38,0.451363101784228,1.3,1.08,450.0
349721,20.160156,1.03653,0,159.38,0.46433246622472807,1.3,1.08,450.0
349722,20.169922,1.04581,0,159.38,0.4773031588131827,1.3,1.08,450.0
349723,20.179688,1.05828,0,159.38,0.4902738514015995,1.3,1.08,450.0
349724,20.19043,1.05688,0,159.38,0.504540816360157,1.3,1.08,450.0
349725,20.200195,1.04007,0,159.38,0.5175101808006571,1.3,1.08,450.0
349726,20.209961,1.02427,0,159.38,0.5304808733891117,1.3,1.08,450.0
349727,20.214844,1.00764,0,159.38,0.5369662196833012,1.3,1.08,450.0
349728,20.225586,1.01397,0,159.38,0.5512331846418588,1.3,1.08,450.0
349729,20.235352,0.99413,0,159.38,0.5642038772302755,1.3,1.08,450.0
349730,20.245117,1.03879,0,159.38,0.5771732416708134,1.3,1.08,450.0
349731,20.254883,1.02526,0,159.38,0.5901439342592302,1.3,1.08,450.0
349732,20.265625,1.02988,0,159.38,0.60441089921775,1.3,1.08,450.0
349733,20.275391,1.01215,0,159.38,0.6173815918062046,1.3,1.08,450.0
349734,20.285156,1.05597,0,159.38,0.6303509562467047,1.3,1.08,450.0
349735,20.294922,1.04635,0,159.38,0.6433216488351593,1.3,1.08,450.0
349736,20.304688,1.05149,0,159.38,0.6562923414235761,1.3,1.08,450.0
349737,20.310547,1.03459,0,159.38,0.6640739600879063,1.3,1.08,450.0
349738,20.320313,1.03965,0,159.38,0.6770446526763231,1.3,1.08,450.0
349739,20.330078,1.01263,0,159.38,0.690014017116861,1.3,1.08,450.0
349740,20.339844,1.05769,0,159.38,0.7029847097052778,1.3,1.08,450.0
349741,20.350586,1.04558,0,159.38,0.7172516746638353,1.3,1.08,450.0
349742,20.360352,1.07737,0,159.38,0.7302223672522522,1.3,1.08,450.0
349743,20.370117,1.07775,0,159.38,0.74319173169279,1.3,1.08,450.0
349744,20.379883,1.03443,0,159.38,0.7561624242812068,1.3,1.08,450.0
349745,20.390625,0.98657,0,159.38,0.7704293892397266,1.3,1.08,450.0
349746,20.400391,1.08825,0,159.38,0.7834000818281812,1.3,1.08,450.0
349747,20.405274,1.01285,0,159.38,0.7898854281224085,1.3,1.08,450.0
349748,20.415039,1.02215,0,159.38,0.8028547925629085,1.3,1.08,450.0
349749,20.424805,1.05101,0,159.38,0.8158254851513631,1.3,1.08,450.0
349750,20.435547,1.04364,0,159.38,0.8300924501098829,1.3,1.08,450.0
349751,20.445313,0.9933,0,159.38,0.8430631426982997,1.3,1.08,450.0
349752,20.455078,0.9907,0,159.38,0.8560325071388376,1.3,1.08,450.0
349753,20.464844,1.02303,0,159.38,0.8690031997272544,1.3,1.08,450.0
349754,20.475586,1.04399,0,159.38,0.8832701646858119,1.3,1.08,450.0
349755,20.485352,1.04327,0,159.38,0.8962408572742288,1.3,1.08,450.0
349756,20.495117,1.00174,0,159.38,0.9092102217147666,1.3,1.08,450.0
349757,20.504883,1.0709,0,159.38,0.9221809143031834,1.3,1.08,450.0
349758,20.515625,1.0466,0,159.38,0.9364478792617031,1.3,1.08,450.0
349759,20.520508,1.0431,0,159.38,0.9429332255559305,1.3,1.08,450.0
349760,20.530274,1.00904,0,159.38,0.955903918144385,1.3,1.08,450.0
349761,20.540039,0.97531,0,159.38,0.9688732825848851,1.3,1.08,450.0
349762,20.549805,0.98408,0,159.38,0.9818439751733397,1.3,1.08,450.0
349763,20.560547,1.00923,0,159.38,0.9961109401318595,1.3,1.08,450.0
349764,20.570313,1.08594,0,159.38,0.00908163272027629,1.3,1.08,450.0
349765,20.580078,1.10003,0,159.38,0.022050997160814045,1.3,1.08,450.0
349766,20.589844,1.04019,0,159.38,0.03502168974923103,1.3,1.08,450.0
349767,20.600586,1.08799,0,159.38,0.049288654707788426,1.3,1.08,450.0
349768,20.605469,1.04017,0,159.38,0.055774001001978046,1.3,1.08,450.0
349769,20.615235,1.09316,0,159.38,0.06874469359043256,1.3,1.08,450.0
349770,20.625,1.09349,0,159.38,0.08171405803093279,1.3,1.08,450.0
349771,20.634766,1.07921,0,159.38,0.0946847506193873,1.3,1.08,450.0
349772,20.645508,1.06478,0,159.38,0.10895171557790695,1.3,1.08,450.0
349773,20.655274,1.00606,0,159.38,0.12192240816636168,1.3,1.08,450.0
349774,20.665039,1.04639,0,159.38,0.13489177260686147,1.3,1.08,450.0
349775,20.674805,1.01817,0,159.38,0.14786246519531643,1.3,1.08,450.0
349776,20.685547,1.16092,0,159.38,0.16212943015383607,1.3,1.08,450.0
349777,20.695313,1.09317,0,159.38,0.17510012274225306,1.3,1.08,450.0
349778,20.705078,1.02201,0,159.38,0.1880694871827906,1.3,1.08,450.0
349779,20.714844,1.02198,0,159.38,0.20104017977120758,1.3,1.08,450.0
349780,20.719727,1.06003,0,159.38,0.20752552606543495,1.3,1.08,450.0
349781,20.730469,1.09163,0,159.38,0.2217924910239546,1.3,1.08,450.0
349782,20.740235,1.04548,0,159.38,0.2347631836124091,1.3,1.08,450.0
349783,20.75,1.08316,0,159.38,0.24773254805290934,1.3,1.08,450.0
349784,20.759766,1.04874,0,159.38,0.26070324064136385,1.3,1.08,450.0
349785,20.770508,1.08026,0,159.38,0.2749702055998837,1.3,1.08,450.0
349786,20.780274,1.09149,0,159.38,0.28794089818833823,1.3,1.08,450.0
349787,20.790039,1.08492,0,159.38,0.30091026262883824,1.3,1.08,450.0
349788,20.799805,1.05722,0,159.38,0.313880955217293,1.3,1.08,450.0
349789,20.810547,1.02312,0,159.38,0.3281479201758126,1.3,1.08,450.0
349790,20.81543,1.01483,0,159.38,0.33463326647004,1.3,1.08,450.0
349791,20.825195,1.08612,0,159.38,0.34760263091054,1.3,1.08,450.0
349792,20.834961,1.20188,0,159.38,0.3605733234989945,1.3,1.08,450.0
349793,20.844727,1.42329,1,142.04,0.0,1.3,1.08,450.0
349794,20.855469,1.67796,0,142.04,0.012714968276778283,1.3,1.08,450.0
349795,20.865235,1.78722,0,142.04,0.024274675984026658,1.3,1.08,450.0
349796,20.875,1.77223,0,142.04,0.035833200022628034,1.3,1.08,450.0
349797,20.884766,1.72732,0,142.04,0.0473929077298764,1.3,1.08,450.0
349798,20.895508,1.5296,0,142.04,0.06010787600665469,1.3,1.08,450.0
349799,20.905274,1.73253,0,142.04,0.07166758371390307,1.3,1.08,450.0
349800,20.910156,1.61775,0,142.04,0.07744625389888025,1.3,1.08,450.0
349801,20.919922,1.9843,0,142.04,0.08900596160612863,1.3,1.08,450.0
349802,20.929688,1.90667,0,142.04,0.10056566931334336,1.3,1.08,450.0
349803,20.94043,1.94144,0,142.04,0.11328063759015529,1.3,1.08,450.0
349804,20.950195,1.71645,0,142.04,0.12483916162875666,1.3,1.08,450.0
349805,20.959961,2.24584,0,142.04,0.13639886933600504,1.3,1.08,450.0
349806,20.969727,1.70349,0,142.04,0.14795857704321977,1.3,1.08,450.0
349807,20.980469,1.35645,0,142.04,0.16067354531999806,1.3,1.08,450.0
349808,20.990235,0.90151,0,142.04,0.17223325302724643,1.3,1.08,450.0
349809,21.0,0.73022,0,142.04,0.1837917770658478,1.3,1.08,450.0
349810,21.009766,0.61463,0,142.04,0.1953514847730962,1.3,1.08,450.0
349811,21.015625,0.64118,0,142.04,0.20228659919625028,1.3,1.08,450.0
349812,21.025391,0.78501,0,142.04,0.21384630690349865,1.3,1.08,450.0
349813,21.035156,1.00509,0,142.04,0.2254048309421,1.3,1.08,450.0
349814,21.044922,1.16302,0,142.04,0.23696453864934838,1.3,1.08,450.0
349815,21.054688,1.18383,0,142.04,0.2485242463565631,1.3,1.08,450.0
349816,21.06543,1.13388,0,142.04,0.261239214633375,1.3,1.08,450.0
349817,21.075195,1.02995,0,142.04,0.27279773867197643,1.3,1.08,450.0
349818,21.084961,0.84933,0,142.04,0.28435744637922483,1.3,1.08,450.0
349819,21.094727,0.71822,0,142.04,0.29591715408643954,1.3,1.08,450.0
349820,21.100586,0.69507,0,142.04,0.30285226850962726,1.3,1.08,450.0
349821,21.110352,0.78087,0,142.04,0.314411976216842,1.3,1.08,450.0
349822,21.120117,0.92585,0,142.04,0.325970500255477,1.3,1.08,450.0
349823,21.129883,1.09613,0,142.04,0.33753020796269173,1.3,1.08,450.0
349824,21.140625,1.29232,0,142.04,0.35024517623947005,1.3,1.08,450.0
349825,21.150391,1.37442,0,142.04,0.3618048839467184,1.3,1.08,450.0
349826,21.160156,1.3683,0,142.04,0.37336340798531975,1.3,1.08,450.0
349827,21.169922,1.239,0,142.04,0.38492311569256815,1.3,1.08,450.0
349828,21.179688,1.07096,0,142.04,0.39648282339978286,1.3,1.08,450.0
349829,21.19043,1.00784,0,142.04,0.4091977916765948,1.3,1.08,450.0
349830,21.200195,1.05822,0,142.04,0.42075631571519617,1.3,1.08,450.0
349831,21.209961,1.16808,0,142.04,0.4323160234224446,1.3,1.08,450.0
349832,21.214844,1.26933,0,142.04,0.4380958772760351,1.3,1.08,450.0
349833,21.225586,1.3683,0,142.04,0.450810845552847,1.3,1.08,450.0
349834,21.235352,1.42023,0,142.04,0.46237055326006177,1.3,1.08,450.0
349835,21.245117,1.45567,0,142.04,0.47392907729869677,1.3,1.08,450.0
349836,21.254883,1.53903,0,142.04,0.48548878500591147,1.3,1.08,450.0
349837,21.265625,1.62132,0,142.04,0.4982037532826898,1.3,1.08,450.0
349838,21.275391,1.66809,0,142.04,0.5097634609899381,1.3,1.08,450.0
349839,21.285156,1.65526,0,142.04,0.5213219850285395,1.3,1.08,450.0
349840,21.294922,1.60104,0,142.04,0.5328816927357879,1.3,1.08,450.0
349841,21.304688,1.54381,0,142.04,0.5444414004430026,1.3,1.08,450.0
349842,21.310547,1.52375,0,142.04,0.5513765148661903,1.3,1.08,450.0
349843,21.320313,1.54648,0,142.04,0.5629362225734051,1.3,1.08,450.0
349844,21.330078,1.6193,0,142.04,0.57449474661204,1.3,1.08,450.0
349845,21.339844,1.69552,0,142.04,0.5860544543192548,1.3,1.08,450.0
349846,21.350586,1.69614,0,142.04,0.5987694225960668,1.3,1.08,450.0
349847,21.360352,1.58721,0,142.04,0.6103291303032815,1.3,1.08,450.0
349848,21.370117,1.44194,0,142.04,0.6218876543419165,1.3,1.08,450.0
349849,21.379883,1.3466,0,142.04,0.6334473620491312,1.3,1.08,450.0
349850,21.390625,1.27963,0,142.04,0.6461623303259095,1.3,1.08,450.0
349851,21.400391,1.23839,0,142.04,0.657722038033158,1.3,1.08,450.0
349852,21.405274,1.29422,0,142.04,0.6635018918867821,1.3,1.08,450.0
349853,21.415039,1.37205,0,142.04,0.6750604159253835,1.3,1.08,450.0
349854,21.424805,1.37886,0,142.04,0.6866201236326319,1.3,1.08,450.0
349855,21.435547,1.35042,0,142.04,0.6993350919094101,1.3,1.08,450.0
349856,21.445313,1.34371,0,142.04,0.7108947996166248,1.3,1.08,450.0
349857,21.455078,1.3989,0,142.04,0.7224533236552599,1.3,1.08,450.0
349858,21.464844,0.73162,0,142.04,0.7340130313624746,1.3,1.08,450.0
349859,21.475586,1.17037,0,142.04,0.7467279996392866,1.3,1.08,450.0
349860,21.485352,2.02649,1,160.15,0.0,1.3,1.08,450.0
349861,21.495117,1.75513,0,160.15,0.013032285154898186,1.3,1.08,450.0
349862,21.504883,0.89048,0,160.15,0.02606590490116878,1.3,1.08,450.0
349863,21.515625,0.57622,0,160.15,0.04040208586723161,1.3,1.08,450.0
349864,21.520508,1.42648,0,160.15,0.04691889574038587,1.3,1.08,450.0
349865,21.530274,2.12803,0,160.15,0.059952515486694405,1.3,1.08,450.0
349866,21.540039,1.89276,0,160.15,0.07298480064155465,1.3,1.08,450.0
349867,21.549805,1.33571,0,160.15,0.08601842038786318,1.3,1.08,450.0
349868,21.560547,1.28339,0,160.15,0.10035460135392602,1.3,1.08,450.0
349869,21.570313,1.42014,0,160.15,0.11338822110019661,1.3,1.08,450.0
349870,21.580078,1.44805,0,160.15,0.1264205062550948,1.3,1.08,450.0
349871,21.589844,1.71747,0,160.15,0.1394541260013654,1.3,1.08,450.0
349872,21.600586,1.34303,0,160.15,0.15379030696746615,1.3,1.08,450.0
349873,21.605469,1.23188,0,160.15,0.1603071168405825,1.3,1.08,450.0
349874,21.615235,1.11478,0,160.15,0.173340736586891,1.3,1.08,450.0
349875,21.625,1.06917,0,160.15,0.18637302174175124,1.3,1.08,450.0
349876,21.634766,1.02822,0,160.15,0.19940664148805978,1.3,1.08,450.0
349877,21.645508,1.04664,0,160.15,0.2137428224541226,1.3,1.08,450.0
349878,21.655274,1.05081,0,160.15,0.22677644220043114,1.3,1.08,450.0
349879,21.665039,1.04548,0,160.15,0.2398087273552914,1.3,1.08,450.0
349880,21.674805,1.03477,0,160.15,0.2528423471015999,1.3,1.08,450.0
349881,21.685547,0.99586,0,160.15,0.26717852806766273,1.3,1.08,450.0
349882,21.695313,1.0676,0,160.15,0.28021214781393333,1.3,1.08,450.0
349883,21.705078,1.0222,0,160.15,0.29324443296883157,1.3,1.08,450.0
349884,21.709961,1.10024,0,160.15,0.2997612428419858,1.3,1.08,450.0
349885,21.719727,1.09172,0,160.15,0.3127948625882564,1.3,1.08,450.0
349886,21.730469,1.04711,0,160.15,0.3271310435543192,1.3,1.08,450.0
349887,21.740235,1.03953,0,160.15,0.3401646633006277,1.3,1.08,450.0
349888,21.75,1.06033,0,160.15,0.353196948455488,1.3,1.08,450.0
349889,21.759766,1.03963,0,160.15,0.36623056820179656,1.3,1.08,450.0
349890,21.770508,1.0385,0,160.15,0.3805667491678594,1.3,1.08,450.0
349891,21.780274,1.01519,0,160.15,0.3936003689141679,1.3,1.08,450.0
349892,21.790039,1.00012,0,160.15,0.40663265406902815,1.3,1.08,450.0
349893,21.799805,1.05329,0,160.15,0.41966627381533667,1.3,1.08,450.0
349894,21.810547,1.01063,0,160.15,0.4340024547813995,1.3,1.08,450.0
349895,21.81543,1.10359,0,160.15,0.44051926465455377,1.3,1.08,450.0
349896,21.825195,1.09663,0,160.15,0.45355154980941403,1.3,1.08,450.0
349897,21.834961,1.02982,0,160.15,0.46658516955572255,1.3,1.08,450.0
349898,21.844727,1.00921,0,160.15,0.47961878930199314,1.3,1.08,450.0
349899,21.855469,0.98919,0,160.15,0.49395497026805596,1.3,1.08,450.0
349900,21.865235,1.03886,0,160.15,0.5069885900143645,1.3,1.08,450.0
349901,21.875,0.94801,0,160.15,0.5200208751692247,1.3,1.08,450.0
349902,21.884766,1.01987,0,160.15,0.5330544949155333,1.3,1.08,450.0
349903,21.895508,1.08,0,160.15,0.5473906758815961,1.3,1.08,450.0
349904,21.900391,0.95992,0,160.15,0.5539074857547504,1.3,1.08,450.0
349905,21.910156,1.01958,0,160.15,0.5669397709096107,1.3,1.08,450.0
349906,21.919922,1.04393,0,160.15,0.5799733906559191,1.3,1.08,450.0
349907,21.929688,1.0611,0,160.15,0.5930070104021897,1.3,1.08,450.0
349908,21.94043,1.02097,0,160.15,0.6073431913682905,1.3,1.08,450.0
349909,21.950195,1.03527,0,160.15,0.6203754765231507,1.3,1.08,450.0
349910,21.959961,1.00899,0,160.15,0.6334090962694593,1.3,1.08,450.0
349911,21.969727,1.01962,0,160.15,0.6464427160157299,1.3,1.08,450.0
349912,21.980469,1.03217,0,160.15,0.6607788969817927,1.3,1.08,450.0
349913,21.990235,1.01385,0,160.15,0.6738125167281013,1.3,1.08,450.0
349914,22.0,1.04437,0,160.15,0.6868448018829615,1.3,1.08,450.0
349915,22.009766,0.99964,0,160.15,0.69987842162927,1.3,1.08,450.0
349916,22.015625,1.03412,0,160.15,0.7076977927221786,1.3,1.08,450.0
349917,22.025391,1.0114,0,160.15,0.720731412468487,1.3,1.08,450.0
349918,22.035156,1.06094,0,160.15,0.7337636976233474,1.3,1.08,450.0
349919,22.044922,1.09941,0,160.15,0.7467973173696559,1.3,1.08,450.0
349920,22.054688,1.06383,0,160.15,0.7598309371159265,1.3,1.08,450.0
349921,22.06543,1.01735,0,160.15,0.7741671180820273,1.3,1.08,450.0
349922,22.075195,0.99545,0,160.15,0.7871994032368874,1.3,1.08,450.0
349923,22.084961,1.00215,0,160.15,0.8002330229831961,1.3,1.08,450.0
349924,22.094727,1.07844,0,160.15,0.8132666427294666,1.3,1.08,450.0
349925,22.100586,1.03613,0,160.15,0.8210860138224131,1.3,1.08,450.0
349926,22.110352,0.98856,0,160.15,0.8341196335686837,1.3,1.08,450.0
349927,22.120117,0.99281,0,160.15,0.847151918723582,1.3,1.08,450.0
349928,22.129883,1.00439,0,160.15,0.8601855384698526,1.3,1.08,450.0
349929,22.140625,1.07776,0,160.15,0.8745217194359153,1.3,1.08,450.0
349930,22.150391,1.04428,0,160.15,0.8875553391822238,1.3,1.08,450.0
349931,22.160156,1.10773,0,160.15,0.9005876243370842,1.3,1.08,450.0
349932,22.169922,1.01991,0,160.15,0.9136212440833926,1.3,1.08,450.0
349933,22.179688,1.08157,0,160.15,0.9266548638296632,1.3,1.08,450.0
349934,22.19043,1.10149,0,160.15,0.940991044795764,1.3,1.08,450.0
349935,22.200195,1.01938,0,160.15,0.9540233299506242,1.3,1.08,450.0
349936,22.205078,1.08226,0,160.15,0.9605401398237785,1.3,1.08,450.0
349937,22.214844,1.06947,0,160.15,0.9735737595700491,1.3,1.08,450.0
349938,22.225586,1.08306,0,160.15,0.9879099405361499,1.3,1.08,450.0
349939,22.235352,1.08475,0,160.15,0.0009435602824203748,1.3,1.08,450.0
349940,22.245117,1.05122,0,160.15,0.013975845437318668,1.3,1.08,450.0
349941,22.254883,1.07845,0,160.15,0.027009465183589265,1.3,1.08,450.0
349942,22.265625,1.05416,0,160.15,0.04134564614965197,1.3,1.08,450.0
349943,22.275391,1.05675,0,160.15,0.05437926589596054,1.3,1.08,450.0
349944,22.285156,1.05169,0,160.15,0.06741155105082086,1.3,1.08,450.0
349945,22.294922,1.07445,0,160.15,0.08044517079712943,1.3,1.08,450.0
349946,22.304688,0.95879,0,160.15,0.09347879054340003,1.3,1.08,450.0
349947,22.310547,1.01807,0,160.15,0.10129816163634642,1.3,1.08,450.0
349948,22.320313,1.03101,0,160.15,0.11433178138261701,1.3,1.08,450.0
349949,22.330078,1.1165,0,160.15,0.1273640665375153,1.3,1.08,450.0
349950,22.339844,1.08435,0,160.15,0.1403976862837859,1.3,1.08,450.0
349951,22.350586,1.00058,0,160.15,0.1547338672498868,1.3,1.08,450.0
349952,22.360352,1.07439,0,160.15,0.1677674869961574,1.3,1.08,450.0
349953,22.370117,1.06662,0,160.15,0.18079977215105525,1.3,1.08,450.0
349954,22.379883,1.0751,0,160.15,0.19383339189732585,1.3,1.08,450.0
349955,22.390625,1.094,0,160.15,0.208169572863389,1.3,1.08,450.0
349956,22.400391,1.04547,0,160.15,0.22120319260969734,1.3,1.08,450.0
349957,22.405274,1.04715,0,160.15,0.22772000248285162,1.3,1.08,450.0
349958,22.415039,1.05827,0,160.15,0.24075228763771195,1.3,1.08,450.0
349959,22.424805,1.07436,0,160.15,0.2537859073840205,1.3,1.08,450.0
349960,22.435547,1.06299,0,160.15,0.2681220883500832,1.3,1.08,450.0
349961,22.445313,1.0072,0,160.15,0.2811557080963538,1.3,1.08,450.0
349962,22.455078,1.02062,0,160.15,0.2941879932512521,1.3,1.08,450.0
349963,22.464844,0.98969,0,160.15,0.3072216129975227,1.3,1.08,450.0
349964,22.475586,1.01004,0,160.15,0.3215577939636234,1.3,1.08,450.0
349965,22.485352,1.12218,0,160.15,0.334591413709894,1.3,1.08,450.0
349966,22.495117,0.99742,0,160.15,0.34762369886479205,1.3,1.08,450.0
349967,22.504883,1.17763,0,160.15,0.36065731861106287,1.3,1.08,450.0
349968,22.515625,1.22035,0,160.15,0.3749934995771256,1.3,1.08,450.0
349969,22.520508,1.32679,1,142.46,0.0,1.3,1.08,450.0
349970,22.530274,1.44244,0,142.46,0.011593902570502562,1.3,1.08,450.0
349971,22.540039,1.55493,0,142.46,0.023186617970938496,1.3,1.08,450.0
349972,22.549805,1.53305,0,142.46,0.03478052054144106,1.3,1.08,450.0
349973,22.560547,1.6043,0,142.46,0.04753310106694715,1.3,1.08,450.0
349974,22.570313,1.83053,0,142.46,0.05912700363741597,1.3,1.08,450.0
349975,22.580078,1.88744,0,142.46,0.07071971903788564,1.3,1.08,450.0
349976,22.589844,1.61502,0,142.46,0.08231362160835445,1.3,1.08,450.0
349977,22.600586,1.60157,0,142.46,0.0950662021338943,1.3,1.08,450.0
349978,22.605469,1.83233,0,142.46,0.10086315341911183,1.3,1.08,450.0
349979,22.615235,1.79134,0,142.46,0.11245705598961439,1.3,1.08,450.0
349980,22.625,1.83543,0,142.46,0.12404977139005033,1.3,1.08,450.0
349981,22.634766,2.15507,0,142.46,0.1356436739605529,1.3,1.08,450.0
349982,22.645508,1.32241,0,142.46,0.14839625448605898,1.3,1.08,450.0
349983,22.655274,1.3535,0,142.46,0.15999015705656155,1.3,1.08,450.0
349984,22.665039,1.06721,0,142.46,0.1715828724569975,1.3,1.08,450.0
349985,22.674805,0.92949,0,142.46,0.18317677502750004,1.3,1.08,450.0
349986,22.685547,0.91083,0,142.46,0.19592935555300614,1.3,1.08,450.0
349987,22.695313,0.97831,0,142.46,0.20752325812347497,1.3,1.08,450.0
349988,22.705078,1.04909,0,142.46,0.21911597352394463,1.3,1.08,450.0
349989,22.709961,1.13362,0,142.46,0.22491292480919592,1.3,1.08,450.0
349990,22.719727,1.1478,0,142.46,0.23650682737966472,1.3,1.08,450.0
349991,22.730469,1.0981,0,142.46,0.24925940790517082,1.3,1.08,450.0
349992,22.740235,1.0576,0,142.46,0.2608533104756734,1.3,1.08,450.0
349993,22.75,1.08308,0,142.46,0.27244602587610933,1.3,1.08,450.0
349994,22.759766,1.10939,0,142.46,0.28403992844661186,1.3,1.08,450.0
349995,22.770508,1.11835,0,142.46,0.29679250897211795,1.3,1.08,450.0
349996,22.780274,1.10573,0,142.46,0.30838641154262053,1.3,1.08,450.0
349997,22.790039,1.06191,0,142.46,0.3199791269430564,1.3,1.08,450.0
349998,22.799805,1.03225,0,142.46,0.33157302951355905,1.3,1.08,450.0
349999,22.810547,1.06421,0,142.46,0.3443256100390651,1.3,1.08,450.0
350000,22.81543,1.10235,0,142.46,0.3501225613243164,1.3,1.08,450.0
350001,22.825195,1.11959,0,142.46,0.36171527672475234,1.3,1.08,450.0
350002,22.834961,1.09169,0,142.46,0.3733091792952549,1.3,1.08,450.0
350003,22.844727,1.07127,0,142.46,0.3849030818657237,1.3,1.08,450.0
350004,22.855469,1.09618,0,142.46,0.39765566239122985,1.3,1.08,450.0
350005,22.865235,1.15916,0,142.46,0.40924956496173237,1.3,1.08,450.0
350006,22.875,1.23427,0,142.46,0.4208422803621683,1.3,1.08,450.0
350007,22.884766,1.28692,0,142.46,0.43243618293267083,1.3,1.08,450.0
350008,22.895508,1.34167,0,142.46,0.44518876345817693,1.3,1.08,450.0
350009,22.900391,1.40884,0,142.46,0.45098571474342825,1.3,1.08,450.0
350010,22.910156,1.49085,0,142.46,0.4625784301438642,1.3,1.08,450.0
350011,22.919922,1.5289,0,142.46,0.4741723327143667,1.3,1.08,450.0
350012,22.929688,1.57264,0,142.46,0.4857662352848356,1.3,1.08,450.0
350013,22.94043,1.53083,0,142.46,0.4985188158103754,1.3,1.08,450.0
350014,22.950195,1.49909,0,142.46,0.5101115312108113,1.3,1.08,450.0
350015,22.959961,1.48997,0,142.46,0.521705433781314,1.3,1.08,450.0
350016,22.969727,1.5009,0,142.46,0.5332993363517827,1.3,1.08,450.0
350017,22.980469,1.48575,0,142.46,0.5460519168772888,1.3,1.08,450.0
350018,22.990235,1.51059,0,142.46,0.5576458194477915,1.3,1.08,450.0
350019,22.995117,1.63159,0,142.46,0.5634415835630098,1.3,1.08,450.0
350020,23.009766,1.83057,0,142.46,0.5808324374187298,1.3,1.08,450.0
350021,23.015625,1.94142,0,142.46,0.5877880666589846,1.3,1.08,450.0
350022,23.025391,1.83095,0,142.46,0.5993819692294872,1.3,1.08,450.0
350023,23.035156,1.57153,0,142.46,0.6109746846299231,1.3,1.08,450.0
350024,23.044922,1.39582,0,142.46,0.6225685872004257,1.3,1.08,450.0
350025,23.054688,1.34461,0,142.46,0.6341624897708945,1.3,1.08,450.0
350026,23.06543,1.32453,0,142.46,0.6469150702964345,1.3,1.08,450.0
350027,23.075195,1.32408,0,142.46,0.6585077856968703,1.3,1.08,450.0
350028,23.084961,1.43564,0,142.46,0.6701016882673728,1.3,1.08,450.0
350029,23.094727,1.50049,0,142.46,0.6816955908378417,1.3,1.08,450.0
350030,23.100586,1.46456,0,142.46,0.6886512200781302,1.3,1.08,450.0
350031,23.110352,1.42621,0,142.46,0.7002451226485991,1.3,1.08,450.0
350032,23.120117,1.48246,0,142.46,0.7118378380490687,1.3,1.08,450.0
350033,23.129883,0.99713,0,142.46,0.7234317406195375,1.3,1.08,450.0
350034,23.140625,1.33035,1,162.88,0.0,1.3,1.08,450.0
350035,23.150391,2.16928,0,162.88,0.01325579793521666,1.3,1.08,450.0
350036,23.160156,1.80703,0,162.88,0.026510238528811524,1.3,1.08,450.0
350037,23.169922,1.14138,0,162.88,0.03976603646402819,1.3,1.08,450.0
350038,23.179688,0.72107,0,162.88,0.05302183439920627,1.3,1.08,450.0
350039,23.19043,1.42869,0,162.88,0.06760239772300239,1.3,1.08,450.0
350040,23.200195,2.58981,0,162.88,0.08085683831659725,1.3,1.08,450.0
350041,23.205078,1.95681,0,162.88,0.08748473728420557,1.3,1.08,450.0
350042,23.214844,1.22452,0,162.88,0.10074053521938366,1.3,1.08,450.0
350043,23.225586,1.10403,0,162.88,0.11532109854317978,1.3,1.08,450.0
350044,23.235352,1.4299,0,162.88,0.12857689647835785,1.3,1.08,450.0
350045,23.245117,1.60547,0,162.88,0.1418313370719913,1.3,1.08,450.0
350046,23.254883,1.46139,0,162.88,0.15508713500716936,1.3,1.08,450.0
350047,23.265625,1.31977,0,162.88,0.1696676983309269,1.3,1.08,450.0
350048,23.275391,1.28053,0,162.88,0.18292349626614357,1.3,1.08,450.0
350049,23.285156,1.19968,0,162.88,0.19617793685973842,1.3,1.08,450.0
350050,23.294922,1.36581,0,162.88,0.2094337347949551,1.3,1.08,450.0
350051,23.304688,1.05689,0,162.88,0.22268953273013317,1.3,1.08,450.0
350052,23.310547,1.09203,0,162.88,0.23064219708632097,1.3,1.08,450.0
350053,23.320313,1.0778,0,162.88,0.24389799502149903,1.3,1.08,450.0
350054,23.330078,1.02184,0,162.88,0.2571524356151325,1.3,1.08,450.0
350055,23.339844,1.01961,0,162.88,0.2704082335503106,1.3,1.08,450.0
350056,23.350586,1.10056,0,162.88,0.28498879687410666,1.3,1.08,450.0
350057,23.360352,1.10155,0,162.88,0.2982445948092848,1.3,1.08,450.0
350058,23.370117,1.02652,0,162.88,0.3114990354029182,1.3,1.08,450.0
350059,23.379883,1.10943,0,162.88,0.32475483333809624,1.3,1.08,450.0
350060,23.390625,1.04787,0,162.88,0.3393353966618538,1.3,1.08,450.0
350061,23.395508,1.06778,0,162.88,0.34596329562946215,1.3,1.08,450.0
350062,23.405274,1.06417,0,162.88,0.3592190935646788,1.3,1.08,450.0
350063,23.415039,1.04781,0,162.88,0.37247353415827367,1.3,1.08,450.0
350064,23.424805,1.02222,0,162.88,0.3857293320934903,1.3,1.08,450.0
350065,23.435547,1.04737,0,162.88,0.4003098954172479,1.3,1.08,450.0
350066,23.445313,1.05546,0,162.88,0.413565693352426,1.3,1.08,450.0
350067,23.455078,1.05552,0,162.88,0.4268201339460594,1.3,1.08,450.0
350068,23.464844,1.07138,0,162.88,0.44007593188123745,1.3,1.08,450.0
350069,23.475586,1.10575,0,162.88,0.45465649520503354,1.3,1.08,450.0
350070,23.485352,1.03647,0,162.88,0.46791229314021165,1.3,1.08,450.0
350071,23.495117,1.06431,0,162.88,0.4811667337338451,1.3,1.08,450.0
350072,23.504883,0.95017,0,162.88,0.4944225316690232,1.3,1.08,450.0
350073,23.509766,1.0367,0,162.88,0.5010504306366316,1.3,1.08,450.0
350074,23.520508,0.98026,0,162.88,0.515630993960389,1.3,1.08,450.0
350075,23.530274,0.99793,0,162.88,0.5288867918956057,1.3,1.08,450.0
350076,23.540039,1.01572,0,162.88,0.5421412324892005,1.3,1.08,450.0
350077,23.549805,1.04398,0,162.88,0.5553970304244172,1.3,1.08,450.0
350078,23.560547,1.01527,0,162.88,0.5699775937481747,1.3,1.08,450.0
350079,23.570313,1.04463,0,162.88,0.5832333916833529,1.3,1.08,450.0
350080,23.580078,1.01896,0,162.88,0.5964878322769863,1.3,1.08,450.0
350081,23.589844,1.02727,0,162.88,0.6097436302121644,1.3,1.08,450.0
350082,23.600586,1.05042,0,162.88,0.6243241935359605,1.3,1.08,450.0
350083,23.605469,1.03471,0,162.88,0.6309520925035302,1.3,1.08,450.0
350084,23.615235,1.03663,0,162.88,0.6442078904387468,1.3,1.08,450.0
350085,23.625,1.05819,0,162.88,0.6574623310323418,1.3,1.08,450.0
350086,23.634766,1.03539,0,162.88,0.6707181289675584,1.3,1.08,450.0
350087,23.645508,1.03368,0,162.88,0.6852986922913159,1.3,1.08,450.0
350088,23.655274,1.02572,0,162.88,0.6985544902265326,1.3,1.08,450.0
350089,23.665039,1.06622,0,162.88,0.7118089308201275,1.3,1.08,450.0
350090,23.674805,0.96857,0,162.88,0.7250647287553441,1.3,1.08,450.0
350091,23.685547,1.02213,0,162.88,0.7396452920791017,1.3,1.08,450.0
350092,23.695313,1.06095,0,162.88,0.7529010900142797,1.3,1.08,450.0
350093,23.700195,1.01962,0,162.88,0.7595276316403049,1.3,1.08,450.0
350094,23.709961,1.05742,0,162.88,0.7727834295755216,1.3,1.08,450.0
350095,23.719727,1.03325,0,162.88,0.7860392275106995,1.3,1.08,450.0
350096,23.730469,1.03866,0,162.88,0.8006197908344571,1.3,1.08,450.0
350097,23.740235,0.98573,0,162.88,0.8138755887696738,1.3,1.08,450.0
350098,23.75,0.99214,0,162.88,0.8271300293632687,1.3,1.08,450.0
350099,23.759766,1.06304,0,162.88,0.8403858272984853,1.3,1.08,450.0
350100,23.770508,1.10157,0,162.88,0.8549663906222429,1.3,1.08,450.0
350101,23.780274,0.99732,0,162.88,0.8682221885574595,1.3,1.08,450.0
350102,23.790039,1.05798,0,162.88,0.8814766291510544,1.3,1.08,450.0
350103,23.799805,1.01571,0,162.88,0.8947324270862711,1.3,1.08,450.0
350104,23.804688,1.01707,0,162.88,0.9013603260538408,1.3,1.08,450.0
350105,23.81543,1.04957,0,162.88,0.915940889377637,1.3,1.08,450.0
350106,23.825195,1.09441,0,162.88,0.9291953299712318,1.3,1.08,450.0
350107,23.834961,1.06964,0,162.88,0.9424511279064484,1.3,1.08,450.0
350108,23.844727,1.04406,0,162.88,0.9557069258416265,1.3,1.08,450.0
350109,23.855469,1.05914,0,162.88,0.9702874891653841,1.3,1.08,450.0
350110,23.865235,1.04332,0,162.88,0.9835432871006007,1.3,1.08,450.0
350111,23.875,1.04914,0,162.88,0.9967977276941956,1.3,1.08,450.0
350112,23.884766,1.05213,0,162.88,0.010053525629412308,1.3,1.08,450.0
350113,23.890625,1.08057,0,162.88,0.01800618998556147,1.3,1.08,450.0
350114,23.900391,1.06639,0,162.88,0.031261987920778056,1.3,1.08,450.0
350115,23.910156,1.08628,0,162.88,0.044516428514372874,1.3,1.08,450.0
350116,23.919922,1.05577,0,162.88,0.05777222644958946,1.3,1.08,450.0
350117,23.929688,1.04046,0,162.88,0.07102802438476763,1.3,1.08,450.0
350118,23.94043,1.0701,0,162.88,0.08560858770856372,1.3,1.08,450.0
350119,23.950195,1.03027,0,162.88,0.09886302830215876,1.3,1.08,450.0
350120,23.959961,0.99789,0,162.88,0.11211882623737535,1.3,1.08,450.0
350121,23.969727,1.00855,0,162.88,0.12537462417255352,1.3,1.08,450.0
350122,23.980469,1.06104,0,162.88,0.13995518749631097,1.3,1.08,450.0
350123,23.990235,1.09651,0,162.88,0.15321098543152756,1.3,1.08,450.0
350124,24.0,1.06848,0,162.88,0.1664654260251226,1.3,1.08,450.0
350125,24.004883,0.99463,0,162.88,0.1730933249927309,1.3,1.08,450.0
350126,24.015625,1.1022,0,162.88,0.18767388831648835,1.3,1.08,450.0
350127,24.025391,1.02029,0,162.88,0.20092968625170493,1.3,1.08,450.0
350128,24.035156,1.05162,0,162.88,0.21418412684529997,1.3,1.08,450.0
350129,24.044922,1.02486,0,162.88,0.22743992478051656,1.3,1.08,450.0
350130,24.054688,1.08994,0,162.88,0.24069572271569473,1.3,1.08,450.0
350131,24.06543,1.08356,0,162.88,0.2552762860394906,1.3,1.08,450.0
350132,24.075195,1.05832,0,162.88,0.2685307266330854,1.3,1.08,450.0
350133,24.084961,1.08736,0,162.88,0.2817865245683022,1.3,1.08,450.0
350134,24.094727,1.06233,0,162.88,0.2950423225034804,1.3,1.08,450.0
350135,24.100586,1.06934,0,162.88,0.3029949868596682,1.3,1.08,450.0
350136,24.110352,0.98668,0,162.88,0.31625078479484614,1.3,1.08,450.0
350137,24.120117,1.04326,0,162.88,0.3295052253884796,1.3,1.08,450.0
350138,24.129883,1.04633,0,162.88,0.34276102332365777,1.3,1.08,450.0
350139,24.140625,1.26025,0,162.88,0.3573415866474152,1.3,1.08,450.0
350140,24.150391,1.43494,1,145.26,0.0,1.3,1.08,450.0
350141,24.160156,1.65768,0,145.26,0.011820887290970424,1.3,1.08,450.0
350142,24.169922,1.90488,0,145.26,0.023642985118305117,1.3,1.08,450.0
350143,24.179688,1.84898,0,145.26,0.035465082945605415,1.3,1.08,450.0
350144,24.19043,1.74894,0,145.26,0.04846866423388253,1.3,1.08,450.0
350145,24.200195,1.45664,0,145.26,0.060289551524852956,1.3,1.08,450.0
350146,24.205078,1.44884,0,145.26,0.06620060043852032,1.3,1.08,450.0
350147,24.214844,1.35438,0,145.26,0.07802269826582059,1.3,1.08,450.0
350148,24.225586,1.51667,0,145.26,0.09102627955409773,1.3,1.08,450.0
350149,24.235352,1.51109,0,145.26,0.10284837738139802,1.3,1.08,450.0
350150,24.245117,1.50674,0,145.26,0.11466926467240285,1.3,1.08,450.0
350151,24.254883,1.54411,0,145.26,0.12649136249970314,1.3,1.08,450.0
350152,24.265625,2.04717,0,145.26,0.13949494378794586,1.3,1.08,450.0
350153,24.275391,2.0407,0,145.26,0.15131704161528056,1.3,1.08,450.0
350154,24.285156,1.75922,0,145.26,0.16313792890625098,1.3,1.08,450.0
350155,24.294922,1.2025,0,145.26,0.17496002673358566,1.3,1.08,450.0
350156,24.304688,0.82719,0,145.26,0.18678212456088597,1.3,1.08,450.0
350157,24.310547,0.4613,0,145.26,0.19387465693549574,1.3,1.08,450.0
350158,24.320313,0.36634,0,145.26,0.20569675476279603,1.3,1.08,450.0
350159,24.330078,0.44269,0,145.26,0.21751764205380086,1.3,1.08,450.0
350160,24.339844,0.61994,0,145.26,0.22933973988110115,1.3,1.08,450.0
350161,24.350586,0.91652,0,145.26,0.24234332116937826,1.3,1.08,450.0
350162,24.360352,1.15448,0,145.26,0.25416541899667855,1.3,1.08,450.0
350163,24.370117,1.33765,0,145.26,0.2659863062876834,1.3,1.08,450.0
350164,24.379883,1.45651,0,145.26,0.2778084041149837,1.3,1.08,450.0
350165,24.390625,1.41059,0,145.26,0.2908119854032264,1.3,1.08,450.0
350166,24.395508,1.22305,0,145.26,0.29672303431689373,1.3,1.08,450.0
350167,24.405274,0.96003,0,145.26,0.30854513214422846,1.3,1.08,450.0
350168,24.415039,0.78649,0,145.26,0.3203660194351989,1.3,1.08,450.0
350169,24.424805,0.78685,0,145.26,0.33218811726253356,1.3,1.08,450.0
350170,24.435547,0.90079,0,145.26,0.3451916985507763,1.3,1.08,450.0
350171,24.445313,1.06756,0,145.26,0.35701379637807656,1.3,1.08,450.0
350172,24.455078,1.24351,0,145.26,0.3688346836690814,1.3,1.08,450.0
350173,24.464844,1.31968,0,145.26,0.3806567814963817,1.3,1.08,450.0
350174,24.475586,1.2553,0,145.26,0.3936603627846588,1.3,1.08,450.0
350175,24.485352,1.08509,0,145.26,0.40548246061195914,1.3,1.08,450.0
350176,24.495117,0.96981,0,145.26,0.4173033479029639,1.3,1.08,450.0
350177,24.504883,0.98823,0,145.26,0.42912544573026423,1.3,1.08,450.0
350178,24.509766,1.1213,0,145.26,0.43503649464393157,1.3,1.08,450.0
350179,24.520508,1.2759,0,145.26,0.4480400759321743,1.3,1.08,450.0
350180,24.530274,1.38496,0,145.26,0.459862173759509,1.3,1.08,450.0
350181,24.540039,1.37538,0,145.26,0.47168306105047947,1.3,1.08,450.0
350182,24.549805,1.33816,0,145.26,0.48350515887781415,1.3,1.08,450.0
350183,24.560547,1.31451,0,145.26,0.49650874016605684,1.3,1.08,450.0
350184,24.570313,1.33734,0,145.26,0.5083308379933571,1.3,1.08,450.0
350185,24.580078,1.3969,0,145.26,0.5201517252843619,1.3,1.08,450.0
350186,24.589844,1.48473,0,145.26,0.5319738231116623,1.3,1.08,450.0
350187,24.600586,1.53316,0,145.26,0.5449774043999394,1.3,1.08,450.0
350188,24.605469,1.48613,0,145.26,0.5508884533135723,1.3,1.08,450.0
350189,24.615235,1.4234,0,145.26,0.562710551140907,1.3,1.08,450.0
350190,24.625,1.40448,0,145.26,0.5745314384318775,1.3,1.08,450.0
350191,24.634766,1.43543,0,145.26,0.5863535362592122,1.3,1.08,450.0
350192,24.645508,1.48626,0,145.26,0.5993571175474549,1.3,1.08,450.0
350193,24.655274,1.53556,0,145.26,0.6111792153747896,1.3,1.08,450.0
350194,24.665039,1.53495,0,145.26,0.62300010266576,1.3,1.08,450.0
350195,24.674805,1.44731,0,145.26,0.6348222004930947,1.3,1.08,450.0
350196,24.685547,1.35527,0,145.26,0.6478257817813374,1.3,1.08,450.0
350197,24.695313,1.31012,0,145.26,0.6596478796086377,1.3,1.08,450.0
350198,24.700195,1.31156,0,145.26,0.6655577179859751,1.3,1.08,450.0
350199,24.709961,1.28633,0,145.26,0.6773798158133099,1.3,1.08,450.0
350200,24.719727,1.20315,0,145.26,0.6892019136406102,1.3,1.08,450.0
350201,24.730469,1.18828,0,145.26,0.7022054949288529,1.3,1.08,450.0
350202,24.740235,1.17781,0,145.26,0.7140275927561875,1.3,1.08,450.0
350203,24.75,1.19596,0,145.26,0.7258484800471581,1.3,1.08,450.0
350204,24.759766,1.20944,0,145.26,0.7376705778744927,1.3,1.08,450.0
350205,24.770508,1.20676,0,145.26,0.7506741591627354,1.3,1.08,450.0
350206,24.780274,1.22053,0,145.26,0.7624962569900702,1.3,1.08,450.0
350207,24.790039,1.25197,0,145.26,0.7743171442810405,1.3,1.08,450.0
350208,24.799805,1.29419,0,145.26,0.7861392421083752,1.3,1.08,450.0
350209,24.810547,0.602,0,145.26,0.799142823396618,1.3,1.08,450.0
350210,24.81543,1.55707,1,159.33,0.0,1.3,1.08,450.0
350211,24.825195,2.00351,0,159.33,0.012965872133596245,1.3,1.08,450.0
350212,24.834961,1.42212,0,159.33,0.025933072057511938,1.3,1.08,450.0
350213,24.844727,0.92892,0,159.33,0.038900271981389886,1.3,1.08,450.0
350214,24.855469,0.95994,0,159.33,0.05316339522349793,1.3,1.08,450.0
350215,24.865235,1.6848,0,159.33,0.06613059514741362,1.3,1.08,450.0
350216,24.875,2.052,0,159.33,0.07909646728100987,1.3,1.08,450.0
350217,24.884766,1.6403,0,159.33,0.09206366720492556,1.3,1.08,450.0
350218,24.890625,1.10454,0,159.33,0.09984319048507577,1.3,1.08,450.0
350219,24.900391,1.22251,0,159.33,0.11281039040899145,1.3,1.08,450.0
350220,24.910156,1.47258,0,159.33,0.1257762625425877,1.3,1.08,450.0
350221,24.919922,1.53164,0,159.33,0.1387434624665034,1.3,1.08,450.0
350222,24.929688,1.46502,0,159.33,0.15171066239038133,1.3,1.08,450.0
350223,24.94043,1.3959,0,159.33,0.16597378563252713,1.3,1.08,450.0
350224,24.950195,1.29204,0,159.33,0.1789396577661234,1.3,1.08,450.0
350225,24.959961,1.43715,0,159.33,0.19190685769003904,1.3,1.08,450.0
350226,24.969727,1.18851,0,159.33,0.204874057613917,1.3,1.08,450.0
350227,24.980469,1.13696,0,159.33,0.21913718085602507,1.3,1.08,450.0
350228,24.990235,1.12194,0,159.33,0.23210438077994072,1.3,1.08,450.0
350229,25.0,1.13176,0,159.33,0.24507025291353698,1.3,1.08,450.0
350230,25.004883,0.99441,0,159.33,0.2515538528754948,1.3,1.08,450.0
350231,25.015625,0.94305,0,159.33,0.2658169761176029,1.3,1.08,450.0
350232,25.025391,0.98031,0,159.33,0.27878417604151856,1.3,1.08,450.0
350233,25.035156,0.97689,0,159.33,0.29175004817511485,1.3,1.08,450.0
350234,25.044922,0.96105,0,159.33,0.3047172480990305,1.3,1.08,450.0
350235,25.054688,1.01699,0,159.33,0.31768444802290846,1.3,1.08,450.0
350236,25.06543,1.0096,0,159.33,0.33194757126505425,1.3,1.08,450.0
350237,25.075195,1.05286,0,159.33,0.3449134433986505,1.3,1.08,450.0
350238,25.084961,1.03524,0,159.33,0.3578806433225662,1.3,1.08,450.0
350239,25.094727,0.98674,0,159.33,0.3708478432464441,1.3,1.08,450.0
350240,25.100586,1.00909,0,159.33,0.3786273665266321,1.3,1.08,450.0
350241,25.110352,1.0623,0,159.33,0.39159456645051005,1.3,1.08,450.0
350242,25.120117,1.00053,0,159.33,0.40456043858414403,1.3,1.08,450.0
350243,25.129883,1.05491,0,159.33,0.417527638508022,1.3,1.08,450.0
350244,25.140625,1.09763,0,159.33,0.43179076175013,1.3,1.08,450.0
350245,25.150391,1.10208,0,159.33,0.4447579616740457,1.3,1.08,450.0
350246,25.160156,1.03115,0,159.33,0.457723833807642,1.3,1.08,450.0
350247,25.169922,1.22354,0,159.33,0.47069103373155763,1.3,1.08,450.0
350248,25.179688,1.22723,0,159.33,0.4836582336554356,1.3,1.08,450.0
350249,25.19043,0.98536,0,159.33,0.4979213568975814,1.3,1.08,450.0
350250,25.195313,1.03471,0,159.33,0.5044049568595015,1.3,1.08,450.0
350251,25.205078,0.98893,0,159.33,0.5173708289931355,1.3,1.08,450.0
350252,25.214844,0.97486,0,159.33,0.5303380289170134,1.3,1.08,450.0
350253,25.225586,1.01584,0,159.33,0.5446011521591593,1.3,1.08,450.0
350254,25.235352,1.05942,0,159.33,0.5575683520830371,1.3,1.08,450.0
350255,25.245117,1.05071,0,159.33,0.5705342242166711,1.3,1.08,450.0
350256,25.254883,1.03439,0,159.33,0.5835014241405491,1.3,1.08,450.0
350257,25.265625,1.01472,0,159.33,0.597764547382657,1.3,1.08,450.0
350258,25.275391,1.01282,0,159.33,0.6107317473065729,1.3,1.08,450.0
350259,25.285156,1.03243,0,159.33,0.623697619440169,1.3,1.08,450.0
350260,25.294922,1.01663,0,159.33,0.6366648193640848,1.3,1.08,450.0
350261,25.304688,1.04822,0,159.33,0.6496320192879627,1.3,1.08,450.0
350262,25.310547,1.0056,0,159.33,0.6574115425681506,1.3,1.08,450.0
350263,25.320313,1.03014,0,159.33,0.6703787424920286,1.3,1.08,450.0
350264,25.330078,1.01145,0,159.33,0.6833446146256625,1.3,1.08,450.0
350265,25.339844,1.05254,0,159.33,0.6963118145495405,1.3,1.08,450.0
350266,25.350586,1.09727,0,159.33,0.7105749377916862,1.3,1.08,450.0
350267,25.360352,1.06893,0,159.33,0.7235421377155642,1.3,1.08,450.0
350268,25.370117,1.05895,0,159.33,0.7365080098491982,1.3,1.08,450.0
350269,25.379883,1.04852,0,159.33,0.7494752097730761,1.3,1.08,450.0
350270,25.390625,1.04777,0,159.33,0.7637383330151842,1.3,1.08,450.0
350271,25.395508,1.01246,0,159.33,0.7702219329771421,1.3,1.08,450.0
350272,25.405274,1.07182,0,159.33,0.7831891329010577,1.3,1.08,450.0
350273,25.415039,1.08439,0,159.33,0.7961550050346541,1.3,1.08,450.0
350274,25.424805,1.05141,0,159.33,0.8091222049585697,1.3,1.08,450.0
350275,25.435547,1.04324,0,159.33,0.8233853282006778,1.3,1.08,450.0
350276,25.445313,1.04327,0,159.33,0.8363525281245557,1.3,1.08,450.0
350277,25.455078,1.04048,0,159.33,0.8493184002581897,1.3,1.08,450.0
350278,25.464844,1.01716,0,159.33,0.8622856001820677,1.3,1.08,450.0
350279,25.475586,1.04841,0,159.33,0.8765487234242134,1.3,1.08,450.0
350280,25.485352,1.0184,0,159.33,0.8895159233480914,1.3,1.08,450.0
350281,25.495117,1.0582,0,159.33,0.9024817954817254,1.3,1.08,450.0
350282,25.5,1.01214,0,159.33,0.9089653954436455,1.3,1.08,450.0
350283,25.509766,0.97974,0,159.33,0.9219325953675612,1.3,1.08,450.0
350284,25.520508,0.96114,0,159.33,0.9361957186096692,1.3,1.08,450.0
350285,25.530274,0.96903,0,159.33,0.9491629185335849,1.3,1.08,450.0
350286,25.540039,1.01248,0,159.33,0.9621287906671812,1.3,1.08,450.0
350287,25.549805,1.13137,0,159.33,0.9750959905910969,1.3,1.08,450.0
350288,25.560547,1.06524,0,159.33,0.9893591138332049,1.3,1.08,450.0
350289,25.570313,1.02842,0,159.33,0.0023263137570828096,1.3,1.08,450.0
350290,25.580078,1.04841,0,159.33,0.015292185890716903,1.3,1.08,450.0
350291,25.589844,1.03498,0,159.33,0.02825938581459475,1.3,1.08,450.0
350292,25.600586,1.07211,0,159.33,0.04252250905674049,1.3,1.08,450.0
350293,25.605469,1.05698,0,159.33,0.04900610901866065,1.3,1.08,450.0
350294,25.615235,1.06302,0,159.33,0.061973308942576244,1.3,1.08,450.0
350295,25.625,1.05133,0,159.33,0.07493918107617259,1.3,1.08,450.0
350296,25.634766,1.05192,0,159.33,0.08790638100008841,1.3,1.08,450.0
350297,25.645508,1.11179,0,159.33,0.10216950424219617,1.3,1.08,450.0
350298,25.655274,1.14349,0,159.33,0.11513670416611199,1.3,1.08,450.0
350299,25.665039,1.04693,0,159.33,0.12810257629970812,1.3,1.08,450.0
350300,25.674805,1.07487,0,159.33,0.14106977622362393,1.3,1.08,450.0
350301,25.685547,1.04536,0,159.33,0.15533289946573214,1.3,1.08,450.0
350302,25.69043,1.09298,0,159.33,0.16181649942768983,1.3,1.08,450.0
350303,25.700195,1.03033,0,159.33,0.17478237156128595,1.3,1.08,450.0
350304,25.709961,1.0636,0,159.33,0.18774957148520177,1.3,1.08,450.0
350305,25.719727,1.07865,0,159.33,0.20071677140907984,1.3,1.08,450.0
350306,25.730469,1.06148,0,159.33,0.2149798946511876,1.3,1.08,450.0
350307,25.740235,1.07679,0,159.33,0.22794709457510343,1.3,1.08,450.0
350308,25.75,1.06198,0,159.33,0.24091296670869977,1.3,1.08,450.0
350309,25.759766,1.08193,0,159.33,0.25388016663261537,1.3,1.08,450.0
350310,25.770508,1.09851,0,159.33,0.26814328987472336,1.3,1.08,450.0
350311,25.780274,0.96749,0,159.33,0.2811104897986392,1.3,1.08,450.0
350312,25.790039,1.0608,0,159.33,0.2940763619322353,1.3,1.08,450.0
350313,25.799805,1.00423,0,159.33,0.3070435618561511,1.3,1.08,450.0
350314,25.804688,1.03521,0,159.33,0.3135271618180713,1.3,1.08,450.0
350315,25.81543,1.04354,0,159.33,0.327790285060217,1.3,1.08,450.0
350316,25.825195,1.16501,0,159.33,0.34075615719381314,1.3,1.08,450.0
350317,25.834961,1.3204,1,142.68,0.0,1.3,1.08,450.0
350318,25.844727,1.51046,0,142.68,0.011611885644819688,1.3,1.08,450.0
350319,25.855469,1.71308,0,142.68,0.02438424644727409,1.3,1.08,450.0
350320,25.865235,1.6153,0,142.68,0.035996132092127577,1.3,1.08,450.0
350321,25.875,1.62345,0,142.68,0.04760682872551827,1.3,1.08,450.0
350322,25.884766,1.56023,0,142.68,0.05921871437037175,1.3,1.08,450.0
350323,25.890625,1.48353,0,142.68,0.06618513235039941,1.3,1.08,450.0
350324,25.900391,1.49697,0,142.68,0.0777970179952529,1.3,1.08,450.0
350325,25.910156,1.29096,0,142.68,0.0894077146286436,1.3,1.08,450.0
350326,25.919922,1.31461,0,142.68,0.10101960027349707,1.3,1.08,450.0
350327,25.929688,1.43407,0,142.68,0.11263148591831677,1.3,1.08,450.0
350328,25.94043,1.54248,0,142.68,0.12540384672080496,1.3,1.08,450.0
350329,25.950195,1.83765,0,142.68,0.13701454335419566,1.3,1.08,450.0
350330,25.959961,1.76908,0,142.68,0.14862642899904915,1.3,1.08,450.0
350331,25.969727,2.08929,0,142.68,0.16023831464386884,1.3,1.08,450.0
350332,25.980469,2.13544,0,142.68,0.17301067544632326,1.3,1.08,450.0
350333,25.990235,2.5042,0,142.68,0.18462256109117672,1.3,1.08,450.0
350334,26.0,1.17186,0,142.68,0.1962332577245674,1.3,1.08,450.0
350335,26.004883,0.80508,0,142.68,0.20203920054699415,1.3,1.08,450.0
350336,26.015625,0.40661,0,142.68,0.21481156134944854,1.3,1.08,450.0
350337,26.025391,0.28781,0,142.68,0.22642344699430203,1.3,1.08,450.0
350338,26.035156,0.27243,0,142.68,0.23803414362769273,1.3,1.08,450.0
350339,26.044922,0.37833,0,142.68,0.24964602927254623,1.3,1.08,450.0
350340,26.054688,0.65549,0,142.68,0.2612579149173659,1.3,1.08,450.0
350341,26.06543,1.02419,0,142.68,0.2740302757198541,1.3,1.08,450.0
350342,26.075195,1.37852,0,142.68,0.2856409723532448,1.3,1.08,450.0
350343,26.084961,1.53016,0,142.68,0.2972528579980983,1.3,1.08,450.0
350344,26.094727,1.43016,0,142.68,0.30886474364291794,1.3,1.08,450.0
350345,26.100586,1.21123,0,142.68,0.3158311616229794,1.3,1.08,450.0
350346,26.110352,0.99556,0,142.68,0.3274430472677991,1.3,1.08,450.0
350347,26.120117,0.83808,0,142.68,0.3390537439012236,1.3,1.08,450.0
350348,26.129883,0.79725,0,142.68,0.3506656295460433,1.3,1.08,450.0
350349,26.140625,0.86217,0,142.68,0.3634379903484977,1.3,1.08,450.0
350350,26.150391,0.95046,0,142.68,0.3750498759933512,1.3,1.08,450.0
350351,26.160156,1.03724,0,142.68,0.38666057262674186,1.3,1.08,450.0
350352,26.169922,1.15902,0,142.68,0.39827245827159535,1.3,1.08,450.0
350353,26.179688,1.27993,0,142.68,0.40988434391641504,1.3,1.08,450.0
350354,26.19043,1.29547,0,142.68,0.42265670471890326,1.3,1.08,450.0
350355,26.195313,1.22991,0,142.68,0.42846264754129615,1.3,1.08,450.0
350356,26.205078,1.11611,0,142.68,0.44007334417472066,1.3,1.08,450.0
350357,26.214844,1.07898,0,142.68,0.4516852298195404,1.3,1.08,450.0
350358,26.225586,1.15242,0,142.68,0.46445759062202857,1.3,1.08,450.0
350359,26.235352,1.30924,0,142.68,0.47606947626684826,1.3,1.08,450.0
350360,26.245117,1.46616,0,142.68,0.48768017290027277,1.3,1.08,450.0
350361,26.254883,1.5995,0,142.68,0.49929205854509245,1.3,1.08,450.0
350362,26.265625,1.68944,0,142.68,0.5120644193475469,1.3,1.08,450.0
350363,26.275391,1.71438,0,142.68,0.5236763049924004,1.3,1.08,450.0
350364,26.285156,1.69533,0,142.68,0.535287001625791,1.3,1.08,450.0
350365,26.294922,1.67983,0,142.68,0.5468988872706445,1.3,1.08,450.0
350366,26.304688,1.69044,0,142.68,0.5585107729154642,1.3,1.08,450.0
350367,26.310547,1.73655,0,142.68,0.5654771908955257,1.3,1.08,450.0
350368,26.320313,1.74882,0,142.68,0.5770890765403452,1.3,1.08,450.0
350369,26.330078,1.72086,0,142.68,0.5886997731737699,1.3,1.08,450.0
350370,26.339844,1.70711,0,142.68,0.6003116588185896,1.3,1.08,450.0
350371,26.350586,1.73928,0,142.68,0.6130840196210776,1.3,1.08,450.0
350372,26.360352,1.80007,0,142.68,0.6246959052658974,1.3,1.08,450.0
350373,26.370117,1.76611,0,142.68,0.636306601899322,1.3,1.08,450.0
350374,26.379883,1.63236,0,142.68,0.6479184875441415,1.3,1.08,450.0
350375,26.390625,1.46786,0,142.68,0.660690848346596,1.3,1.08,450.0
350376,26.395508,1.4633,0,142.68,0.6664967911690227,1.3,1.08,450.0
350377,26.405274,1.53153,0,142.68,0.6781086768138762,1.3,1.08,450.0
350378,26.415039,1.51357,0,142.68,0.6897193734472669,1.3,1.08,450.0
350379,26.424805,1.50634,0,142.68,0.7013312590921204,1.3,1.08,450.0
350380,26.435547,1.51525,0,142.68,0.7141036198945748,1.3,1.08,450.0
350381,26.445313,1.5019,0,142.68,0.7257155055393945,1.3,1.08,450.0
350382,26.455078,1.49546,0,142.68,0.737326202172819,1.3,1.08,450.0
350383,26.464844,1.43747,0,142.68,0.7489380878176386,1.3,1.08,450.0
350384,26.475586,0.57209,0,142.68,0.7617104486201268,1.3,1.08,450.0
350385,26.485352,1.62229,1,159.41,0.0,1.3,1.08,450.0
350386,26.495117,2.43459,0,159.41,0.01297203613898741,1.3,1.08,450.0
350387,26.5,1.65777,0,159.41,0.019458718419201486,1.3,1.08,450.0
350388,26.509766,0.86523,0,159.41,0.03243208297970515,1.3,1.08,450.0
350389,26.520508,0.47026,0,159.41,0.046701986943319215,1.3,1.08,450.0
350390,26.530274,1.39721,0,159.41,0.05967535150382288,1.3,1.08,450.0
350391,26.540039,2.19467,0,159.41,0.07264738764277254,1.3,1.08,450.0
350392,26.549805,1.94879,0,159.41,0.0856207522032762,1.3,1.08,450.0
350393,26.560547,1.36691,0,159.41,0.09989065616689027,1.3,1.08,450.0
350394,26.570313,1.25175,0,159.41,0.11286402072735618,1.3,1.08,450.0
350395,26.580078,1.46712,0,159.41,0.12583605686634358,1.3,1.08,450.0
350396,26.589844,1.56566,0,159.41,0.13880942142680952,1.3,1.08,450.0
350397,26.600586,1.47643,0,159.41,0.15307932539046132,1.3,1.08,450.0
350398,26.605469,1.34078,0,159.41,0.1595660076706754,1.3,1.08,450.0
350399,26.615235,1.43344,0,159.41,0.17253937223117907,1.3,1.08,450.0
350400,26.625,1.06831,0,159.41,0.18551140837012872,1.3,1.08,450.0
350401,26.634766,1.11738,0,159.41,0.19848477293063238,1.3,1.08,450.0
350402,26.645508,1.10374,0,159.41,0.21275467689424646,1.3,1.08,450.0
350403,26.655274,1.02389,0,159.41,0.22572804145475012,1.3,1.08,450.0
350404,26.665039,1.12008,0,159.41,0.23870007759369977,1.3,1.08,450.0
350405,26.674805,0.98972,0,159.41,0.25167344215420345,1.3,1.08,450.0
350406,26.685547,0.95008,0,159.41,0.2659433461178175,1.3,1.08,450.0
350407,26.69043,1.03843,0,159.41,0.27243002839806935,1.3,1.08,450.0
350408,26.700195,1.08304,0,159.41,0.285402064537019,1.3,1.08,450.0
350409,26.709961,1.0674,0,159.41,0.2983754290975227,1.3,1.08,450.0
350410,26.719727,1.07486,0,159.41,0.31134879365798857,1.3,1.08,450.0
350411,26.730469,1.05759,0,159.41,0.3256186976216026,1.3,1.08,450.0
350412,26.740235,1.07695,0,159.41,0.3385920621821063,1.3,1.08,450.0
350413,26.75,1.01294,0,159.41,0.35156409832105595,1.3,1.08,450.0
350414,26.759766,1.02989,0,159.41,0.3645374628815596,1.3,1.08,450.0
350415,26.770508,1.00681,0,159.41,0.3788073668451737,1.3,1.08,450.0
350416,26.780274,1.0462,0,159.41,0.3917807314056773,1.3,1.08,450.0
350417,26.790039,1.05295,0,159.41,0.404752767544627,1.3,1.08,450.0
350418,26.799805,1.0382,0,159.41,0.41772613210513065,1.3,1.08,450.0
350419,26.804688,1.10693,0,159.41,0.42421281438534475,1.3,1.08,450.0
350420,26.81543,1.03978,0,159.41,0.4384827183489966,1.3,1.08,450.0
350421,26.825195,1.09133,0,159.41,0.4514547544879462,1.3,1.08,450.0
350422,26.834961,1.06988,0,159.41,0.4644281190484499,1.3,1.08,450.0
350423,26.844727,1.07496,0,159.41,0.4774014836089158,1.3,1.08,450.0
350424,26.855469,1.04949,0,159.41,0.49167138757252987,1.3,1.08,450.0
350425,26.865235,1.02479,0,159.41,0.5046447521330335,1.3,1.08,450.0
350426,26.875,1.0004,0,159.41,0.5176167882719832,1.3,1.08,450.0
350427,26.884766,1.00735,0,159.41,0.5305901528324869,1.3,1.08,450.0
350428,26.890625,1.01822,0,159.41,0.5383733745158491,1.3,1.08,450.0
350429,26.900391,1.02483,0,159.41,0.5513467390763528,1.3,1.08,450.0
350430,26.910156,1.02202,0,159.41,0.5643187752153024,1.3,1.08,450.0
350431,26.919922,0.99289,0,159.41,0.5772921397758061,1.3,1.08,450.0
350432,26.929688,1.02844,0,159.41,0.590265504336272,1.3,1.08,450.0
350433,26.94043,1.02107,0,159.41,0.6045354082999238,1.3,1.08,450.0
350434,26.950195,1.07335,0,159.41,0.6175074444388734,1.3,1.08,450.0
350435,26.959961,0.97318,0,159.41,0.6304808089993771,1.3,1.08,450.0
350436,26.969727,1.05543,0,159.41,0.643454173559843,1.3,1.08,450.0
350437,26.980469,1.05467,0,159.41,0.6577240775234572,1.3,1.08,450.0
350438,26.990235,0.99722,0,159.41,0.6706974420839608,1.3,1.08,450.0
350439,26.995117,1.02799,0,159.41,0.6771827959426964,1.3,1.08,450.0
350440,27.004883,1.01952,0,159.41,0.6901561605031623,1.3,1.08,450.0
350441,27.015625,0.98656,0,159.41,0.7044260644667764,1.3,1.08,450.0
350442,27.025391,1.0277,0,159.41,0.7173994290272799,1.3,1.08,450.0
350443,27.035156,1.06921,0,159.41,0.7303714651662296,1.3,1.08,450.0
350444,27.044922,1.04714,0,159.41,0.7433448297267333,1.3,1.08,450.0
350445,27.054688,1.06557,0,159.41,0.7563181942871993,1.3,1.08,450.0
350446,27.06543,1.04016,0,159.41,0.7705880982508511,1.3,1.08,450.0
350447,27.075195,1.06773,0,159.41,0.7835601343898007,1.3,1.08,450.0
350448,27.084961,1.03938,0,159.41,0.7965334989503045,1.3,1.08,450.0
350449,27.094727,1.05186,0,159.41,0.8095068635107702,1.3,1.08,450.0
350450,27.100586,1.05251,0,159.41,0.8172900851941702,1.3,1.08,450.0
350451,27.110352,1.06571,0,159.41,0.8302634497546362,1.3,1.08,450.0
350452,27.120117,1.04434,0,159.41,0.8432354858936236,1.3,1.08,450.0
350453,27.129883,1.0215,0,159.41,0.8562088504540896,1.3,1.08,450.0
350454,27.140625,1.01211,0,159.41,0.8704787544177036,1.3,1.08,450.0
350455,27.150391,1.04927,0,159.41,0.8834521189782072,1.3,1.08,450.0
350456,27.160156,1.02695,0,159.41,0.8964241551171568,1.3,1.08,450.0
350457,27.169922,1.01915,0,159.41,0.9093975196776606,1.3,1.08,450.0
350458,27.179688,1.00453,0,159.41,0.9223708842381265,1.3,1.08,450.0
350459,27.185547,0.9772,0,159.41,0.9301541059215264,1.3,1.08,450.0
350460,27.195313,1.01688,0,159.41,0.9431274704819923,1.3,1.08,450.0
350461,27.205078,1.04664,0,159.41,0.9560995066209798,1.3,1.08,450.0
350462,27.214844,1.01112,0,159.41,0.9690728711814457,1.3,1.08,450.0
350463,27.225586,1.1012,0,159.41,0.9833427751450975,1.3,1.08,450.0
350464,27.235352,1.0877,0,159.41,0.9963161397055633,1.3,1.08,450.0
350465,27.245117,1.05599,0,159.41,0.009288175844550883,1.3,1.08,450.0
350466,27.254883,1.07215,0,159.41,0.0222615404050166,1.3,1.08,450.0
350467,27.265625,1.08517,0,159.41,0.03653144436863065,1.3,1.08,450.0
350468,27.275391,1.01753,0,159.41,0.04950480892913456,1.3,1.08,450.0
350469,27.285156,1.11573,0,159.41,0.06247684506808415,1.3,1.08,450.0
350470,27.294922,1.05518,0,159.41,0.07545020962858784,1.3,1.08,450.0
350471,27.299805,1.07308,0,159.41,0.08193689190883968,1.3,1.08,450.0
350472,27.310547,1.00971,0,159.41,0.09620679587245373,1.3,1.08,450.0
350473,27.320313,1.02646,0,159.41,0.10918016043291967,1.3,1.08,450.0
350474,27.330078,1.1747,0,159.41,0.12215219657190701,1.3,1.08,450.0
350475,27.339844,1.01485,0,159.41,0.13512556113237295,1.3,1.08,450.0
350476,27.350586,1.07246,0,159.41,0.14939546509602475,1.3,1.08,450.0
350477,27.360352,1.00192,0,159.41,0.1623688296564907,1.3,1.08,450.0
350478,27.370117,1.0846,0,159.41,0.17534086579547803,1.3,1.08,450.0
350479,27.379883,1.093,0,159.41,0.18831423035594397,1.3,1.08,450.0
350480,27.390625,1.05737,0,159.41,0.20258413431955802,1.3,1.08,450.0
350481,27.395508,1.06003,0,159.41,0.20907081659980986,1.3,1.08,450.0
350482,27.405274,1.05505,0,159.41,0.22204418116031355,1.3,1.08,450.0
350483,27.415039,1.05178,0,159.41,0.23501621729926336,1.3,1.08,450.0
350484,27.424805,1.07237,0,159.41,0.24798958185976683,1.3,1.08,450.0
350485,27.435547,1.06775,0,159.41,0.2622594858233809,1.3,1.08,450.0
350486,27.445313,1.06174,0,159.41,0.2752328503838468,1.3,1.08,450.0
350487,27.455078,1.00192,0,159.41,0.28820488652283416,1.3,1.08,450.0
350488,27.464844,1.03219,0,159.41,0.3011782510833001,1.3,1.08,450.0
350489,27.475586,0.98249,0,159.41,0.3154481550469519,1.3,1.08,450.0
350490,27.485352,1.05573,0,159.41,0.32842151960741783,1.3,1.08,450.0
350491,27.490235,1.02815,0,159.41,0.3349082018876699,1.3,1.08,450.0
350492,27.5,1.11402,0,159.41,0.34788023802661927,1.3,1.08,450.0
350493,27.509766,1.18407,0,159.41,0.3608536025871232,1.3,1.08,450.0
350494,27.520508,1.37553,1,142.02,0.0,1.3,1.08,450.0
350495,27.530274,1.49956,0,142.02,0.011557749459019646,1.3,1.08,450.0
350496,27.540039,1.62013,0,142.02,0.02311431544990922,1.3,1.08,450.0
350497,27.549805,1.58789,0,142.02,0.034672064908928865,1.3,1.08,450.0
350498,27.560547,1.65384,0,142.02,0.04738487923296571,1.3,1.08,450.0
350499,27.570313,1.4977,0,142.02,0.05894262869195172,1.3,1.08,450.0
350500,27.580078,1.54448,0,142.02,0.07049919468287494,1.3,1.08,450.0
350501,27.589844,1.58044,0,142.02,0.08205694414186095,1.3,1.08,450.0
350502,27.600586,1.51623,0,142.02,0.09476975846593141,1.3,1.08,450.0
350503,27.605469,1.83541,0,142.02,0.10054863319540759,1.3,1.08,450.0
350504,27.615235,1.74422,0,142.02,0.11210638265442725,1.3,1.08,450.0
350505,27.625,1.88234,0,142.02,0.12366294864531682,1.3,1.08,450.0
350506,27.634766,1.79678,0,142.02,0.13522069810433646,1.3,1.08,450.0
350507,27.645508,2.3082,0,142.02,0.1479335124283733,1.3,1.08,450.0
350508,27.655274,1.53016,0,142.02,0.15949126188739296,1.3,1.08,450.0
350509,27.665039,1.68265,0,142.02,0.17104782787828252,1.3,1.08,450.0
350510,27.674805,0.94548,0,142.02,0.18260557733730218,1.3,1.08,450.0
350511,27.685547,0.85433,0,142.02,0.195318391661339,1.3,1.08,450.0
350512,27.69043,0.72192,0,142.02,0.20109726639084882,1.3,1.08,450.0
350513,27.700195,0.69672,0,142.02,0.21265383238173843,1.3,1.08,450.0
350514,27.709961,0.75463,0,142.02,0.22421158184075807,1.3,1.08,450.0
350515,27.719727,0.93834,0,142.02,0.23576933129974406,1.3,1.08,450.0
350516,27.730469,1.11116,0,142.02,0.24848214562378093,1.3,1.08,450.0
350517,27.740235,1.18141,0,142.02,0.26003989508280057,1.3,1.08,450.0
350518,27.75,1.17674,0,142.02,0.2715964610736901,1.3,1.08,450.0
350519,27.759766,1.12475,0,142.02,0.2831542105327098,1.3,1.08,450.0
350520,27.770508,1.05702,0,142.02,0.2958670248567466,1.3,1.08,450.0
350521,27.780274,0.97746,0,142.02,0.30742477431576626,1.3,1.08,450.0
350522,27.790039,0.96513,0,142.02,0.3189813403066558,1.3,1.08,450.0
350523,27.799805,1.00516,0,142.02,0.3305390897656755,1.3,1.08,450.0
350524,27.804688,1.09802,0,142.02,0.33631796449515167,1.3,1.08,450.0
350525,27.81543,1.20901,0,142.02,0.3490307788192222,1.3,1.08,450.0
350526,27.825195,1.25474,0,142.02,0.36058734481011173,1.3,1.08,450.0
350527,27.834961,1.25203,0,142.02,0.3721450942691314,1.3,1.08,450.0
350528,27.844727,1.1664,0,142.02,0.38370284372811736,1.3,1.08,450.0
350529,27.855469,1.0358,0,142.02,0.39641565805215423,1.3,1.08,450.0
350530,27.865235,0.96098,0,142.02,0.4079734075111739,1.3,1.08,450.0
350531,27.875,1.02173,0,142.02,0.41952997350206345,1.3,1.08,450.0
350532,27.884766,1.15292,0,142.02,0.43108772296108305,1.3,1.08,450.0
350533,27.890625,1.27067,0,142.02,0.4380216625556101,1.3,1.08,450.0
350534,27.900391,1.31718,0,142.02,0.44957941201462975,1.3,1.08,450.0
350535,27.910156,1.30905,0,142.02,0.46113597800551936,1.3,1.08,450.0
350536,27.919922,1.34049,0,142.02,0.47269372746453897,1.3,1.08,450.0
350537,27.929688,1.40059,0,142.02,0.484251476923525,1.3,1.08,450.0
350538,27.94043,1.4659,0,142.02,0.49696429124759545,1.3,1.08,450.0
350539,27.950195,1.54889,0,142.02,0.5085208572384851,1.3,1.08,450.0
350540,27.959961,1.6156,0,142.02,0.5200786066975047,1.3,1.08,450.0
350541,27.969727,1.6265,0,142.02,0.5316363561564906,1.3,1.08,450.0
350542,27.980469,1.57231,0,142.02,0.5443491704805276,1.3,1.08,450.0
350543,27.990235,1.51027,0,142.02,0.5559069199395471,1.3,1.08,450.0
350544,27.995117,1.4948,0,142.02,0.5616846112009605,1.3,1.08,450.0
350545,28.004883,1.50448,0,142.02,0.5732423606599466,1.3,1.08,450.0
350546,28.015625,1.54577,0,142.02,0.5859551749839834,1.3,1.08,450.0
350547,28.025391,1.60584,0,142.02,0.597512924443003,1.3,1.08,450.0
350548,28.035156,1.62919,0,142.02,0.6090694904338926,1.3,1.08,450.0
350549,28.044922,1.58071,0,142.02,0.6206272398929122,1.3,1.08,450.0
350550,28.054688,1.48654,0,142.02,0.6321849893518983,1.3,1.08,450.0
350551,28.06543,1.40584,0,142.02,0.6448978036759687,1.3,1.08,450.0
350552,28.075195,1.3205,0,142.02,0.6564543696668583,1.3,1.08,450.0
350553,28.084961,1.25857,0,142.02,0.668012119125878,1.3,1.08,450.0
350554,28.094727,1.21808,0,142.02,0.679569868584864,1.3,1.08,450.0
350555,28.100586,1.21445,0,142.02,0.6865038081794246,1.3,1.08,450.0
350556,28.110352,1.24512,0,142.02,0.6980615576384107,1.3,1.08,450.0
350557,28.120117,1.28892,0,142.02,0.7096181236293339,1.3,1.08,450.0
350558,28.129883,1.30977,0,142.02,0.7211758730883199,1.3,1.08,450.0
350559,28.140625,1.30911,0,142.02,0.7338886874123567,1.3,1.08,450.0
350560,28.150391,1.31662,0,142.02,0.7454464368713764,1.3,1.08,450.0
350561,28.160156,1.22663,0,142.02,0.757003002862266,1.3,1.08,450.0
350562,28.169922,0.54084,0,142.02,0.7685607523212855,1.3,1.08,450.0
350563,28.179688,1.7933,1,158.03,0.0,1.3,1.08,450.0
350564,28.185547,2.04787,0,158.03,0.007715690071257603,1.3,1.08,450.0
350565,28.195313,1.22137,0,158.03,0.020576490418687175,1.3,1.08,450.0
350566,28.205078,0.68765,0,158.03,0.0334359738707707,1.3,1.08,450.0
350567,28.214844,0.66371,0,158.03,0.04629677421820027,1.3,1.08,450.0
350568,28.225586,1.6834,0,158.03,0.06044286446319137,1.3,1.08,450.0
350569,28.235352,2.11901,0,158.03,0.07330366481062094,1.3,1.08,450.0
350570,28.245117,1.67985,0,158.03,0.08616314826270448,1.3,1.08,450.0
350571,28.254883,1.2817,0,158.03,0.09902394861013404,1.3,1.08,450.0
350572,28.265625,1.24464,0,158.03,0.11317003885508772,1.3,1.08,450.0
350573,28.275391,1.35441,0,158.03,0.12603083920255473,1.3,1.08,450.0
350574,28.285156,1.37621,0,158.03,0.1388903226546008,1.3,1.08,450.0
350575,28.294922,1.81058,0,158.03,0.1517511230020678,1.3,1.08,450.0
350576,28.299805,1.15156,0,158.03,0.1581815231758013,1.3,1.08,450.0
350577,28.310547,1.20431,0,158.03,0.172327613420755,1.3,1.08,450.0
350578,28.320313,1.05161,0,158.03,0.18518841376818457,1.3,1.08,450.0
350579,28.330078,1.07852,0,158.03,0.19804789722026808,1.3,1.08,450.0
350580,28.339844,1.14125,0,158.03,0.21090869756769764,1.3,1.08,450.0
350581,28.350586,1.06319,0,158.03,0.22505478781268876,1.3,1.08,450.0
350582,28.360352,1.15685,0,158.03,0.23791558816011835,1.3,1.08,450.0
350583,28.370117,1.04033,0,158.03,0.25077507161220186,1.3,1.08,450.0
350584,28.379883,1.03501,0,158.03,0.2636358719596314,1.3,1.08,450.0
350585,28.390625,1.07392,0,158.03,0.2777819622045851,1.3,1.08,450.0
350586,28.395508,1.09694,0,158.03,0.2842123623783186,1.3,1.08,450.0
350587,28.405274,1.12771,0,158.03,0.2970731627257856,1.3,1.08,450.0
350588,28.415039,1.10765,0,158.03,0.3099326461778317,1.3,1.08,450.0
350589,28.424805,1.12854,0,158.03,0.3227934465252987,1.3,1.08,450.0
350590,28.435547,0.97167,0,158.03,0.33693953677025235,1.3,1.08,450.0
350591,28.445313,1.05759,0,158.03,0.34980033711768194,1.3,1.08,450.0
350592,28.455078,1.08255,0,158.03,0.3626598205697655,1.3,1.08,450.0
350593,28.464844,0.94784,0,158.03,0.375520620917195,1.3,1.08,450.0
350594,28.475586,1.06492,0,158.03,0.38966671116218615,1.3,1.08,450.0
350595,28.485352,1.06034,0,158.03,0.40252751150961574,1.3,1.08,450.0
350596,28.490235,1.05127,0,158.03,0.4089579116833492,1.3,1.08,450.0
350597,28.5,1.06162,0,158.03,0.4218173951353953,1.3,1.08,450.0
350598,28.509766,1.06667,0,158.03,0.43467819548286235,1.3,1.08,450.0
350599,28.520508,1.08092,0,158.03,0.44882428572781596,1.3,1.08,450.0
350600,28.530274,1.04462,0,158.03,0.46168508607528297,1.3,1.08,450.0
350601,28.540039,1.08054,0,158.03,0.4745445695273291,1.3,1.08,450.0
350602,28.549805,1.08078,0,158.03,0.4874053698747961,1.3,1.08,450.0
350603,28.560547,1.10827,0,158.03,0.5015514601197497,1.3,1.08,450.0
350604,28.570313,1.05009,0,158.03,0.5144122604671792,1.3,1.08,450.0
350605,28.580078,1.05957,0,158.03,0.5272717439192628,1.3,1.08,450.0
350606,28.589844,1.0292,0,158.03,0.5401325442666924,1.3,1.08,450.0
350607,28.600586,0.99424,0,158.03,0.5542786345116836,1.3,1.08,450.0
350608,28.605469,1.01419,0,158.03,0.5607090346853796,1.3,1.08,450.0
350609,28.615235,1.00337,0,158.03,0.5735698350328466,1.3,1.08,450.0
350610,28.625,0.99376,0,158.03,0.5864293184848927,1.3,1.08,450.0
350611,28.634766,1.02397,0,158.03,0.5992901188323596,1.3,1.08,450.0
350612,28.645508,1.03947,0,158.03,0.6134362090773134,1.3,1.08,450.0
350613,28.655274,1.0072,0,158.03,0.6262970094247804,1.3,1.08,450.0
350614,28.665039,1.03755,0,158.03,0.6391564928768265,1.3,1.08,450.0
350615,28.674805,1.0052,0,158.03,0.6520172932242935,1.3,1.08,450.0
350616,28.685547,1.0313,0,158.03,0.6661633834692471,1.3,1.08,450.0
350617,28.69043,1.04688,0,158.03,0.6725937836429806,1.3,1.08,450.0
350618,28.700195,1.07141,0,158.03,0.6854532670950267,1.3,1.08,450.0
350619,28.709961,1.02553,0,158.03,0.6983140674424938,1.3,1.08,450.0
350620,28.719727,1.06329,0,158.03,0.7111748677899233,1.3,1.08,450.0
350621,28.730469,1.04499,0,158.03,0.725320958034877,1.3,1.08,450.0
350622,28.740235,1.00515,0,158.03,0.738181758382344,1.3,1.08,450.0
350623,28.75,1.01209,0,158.03,0.75104124183439,1.3,1.08,450.0
350624,28.759766,1.07515,0,158.03,0.7639020421818571,1.3,1.08,450.0
350625,28.770508,0.97877,0,158.03,0.7780481324268108,1.3,1.08,450.0
350626,28.780274,1.01443,0,158.03,0.7909089327742778,1.3,1.08,450.0
350627,28.790039,1.00265,0,158.03,0.8037684162263239,1.3,1.08,450.0
350628,28.794922,1.04318,0,158.03,0.8101988164000573,1.3,1.08,450.0
350629,28.804688,1.029,0,158.03,0.823059616747487,1.3,1.08,450.0
350630,28.81543,1.04696,0,158.03,0.837205706992478,1.3,1.08,450.0
350631,28.825195,1.05403,0,158.03,0.8500651904445242,1.3,1.08,450.0
350632,28.834961,1.04227,0,158.03,0.8629259907919912,1.3,1.08,450.0
350633,28.844727,1.0313,0,158.03,0.8757867911394207,1.3,1.08,450.0
350634,28.855469,0.99658,0,158.03,0.8899328813843744,1.3,1.08,450.0
350635,28.865235,1.03304,0,158.03,0.9027936817318414,1.3,1.08,450.0
350636,28.875,1.03498,0,158.03,0.9156531651838874,1.3,1.08,450.0
350637,28.884766,1.04361,0,158.03,0.9285139655313545,1.3,1.08,450.0
350638,28.890625,1.04234,0,158.03,0.9362296556025745,1.3,1.08,450.0
350639,28.900391,1.06356,0,158.03,0.9490904559500417,1.3,1.08,450.0
350640,28.910156,1.03799,0,158.03,0.9619499394020877,1.3,1.08,450.0
350641,28.919922,1.03549,0,158.03,0.9748107397495548,1.3,1.08,450.0
350642,28.929688,1.05168,0,158.03,0.9876715400969843,1.3,1.08,450.0
350643,28.94043,1.07482,0,158.03,0.0018176303419754625,1.3,1.08,450.0
350644,28.950195,1.05171,0,158.03,0.01467711379402159,1.3,1.08,450.0
350645,28.959961,1.07169,0,158.03,0.02753791414148865,1.3,1.08,450.0
350646,28.969727,1.02406,0,158.03,0.040398714488918186,1.3,1.08,450.0
350647,28.980469,1.09303,0,158.03,0.05454480473387169,1.3,1.08,450.0
350648,28.985352,1.05097,0,158.03,0.06097520490760533,1.3,1.08,450.0
350649,28.995117,1.02852,0,158.03,0.07383468835968876,1.3,1.08,450.0
350650,29.004883,1.04216,0,158.03,0.0866954887071183,1.3,1.08,450.0
350651,29.015625,1.02703,0,158.03,0.10084157895207202,1.3,1.08,450.0
350652,29.025391,0.97051,0,158.03,0.11370237929953908,1.3,1.08,450.0
350653,29.035156,1.00691,0,158.03,0.1265618627515852,1.3,1.08,450.0
350654,29.044922,1.12678,0,158.03,0.13942266309905205,1.3,1.08,450.0
350655,29.054688,1.11852,0,158.03,0.15228346344648158,1.3,1.08,450.0
350656,29.06543,0.98499,0,158.03,0.16642955369147283,1.3,1.08,450.0
350657,29.075195,1.06976,0,158.03,0.17928903714351896,1.3,1.08,450.0
350658,29.084961,1.06144,0,158.03,0.19214983749098602,1.3,1.08,450.0
350659,29.094727,1.05682,0,158.03,0.20501063783841555,1.3,1.08,450.0
350660,29.100586,1.0142,0,158.03,0.21272632790967316,1.3,1.08,450.0
350661,29.110352,1.04066,0,158.03,0.2255871282571027,1.3,1.08,450.0
350662,29.120117,1.07944,0,158.03,0.23844661170918613,1.3,1.08,450.0
350663,29.129883,1.04305,0,158.03,0.25130741205661566,1.3,1.08,450.0
350664,29.140625,1.06813,0,158.03,0.2654535023015694,1.3,1.08,450.0
350665,29.150391,1.05185,0,158.03,0.27831430264903645,1.3,1.08,450.0
350666,29.160156,1.04229,0,158.03,0.2911737861010826,1.3,1.08,450.0
350667,29.169922,1.05934,0,158.03,0.3040345864485494,1.3,1.08,450.0
350668,29.179688,1.03217,0,158.03,0.3168953867959792,1.3,1.08,450.0
350669,29.185547,1.02216,0,158.03,0.32461107686723656,1.3,1.08,450.0
350670,29.195313,1.05236,0,158.03,0.3374718772146663,1.3,1.08,450.0
350671,29.205078,1.04237,0,158.03,0.35033136066674975,1.3,1.08,450.0
350672,29.214844,1.11839,0,158.03,0.3631921610141793,1.3,1.08,450.0
350673,29.225586,1.24006,0,158.03,0.37733825125917053,1.3,1.08,450.0
350674,29.235352,1.35698,1,140.29,0.0,1.3,1.08,450.0
350675,29.245117,1.42439,0,140.29,0.011415730993367653,1.3,1.08,450.0
350676,29.254883,1.60287,0,140.29,0.02283263103237177,1.3,1.08,450.0
350677,29.265625,1.68509,0,140.29,0.03539051964788445,1.3,1.08,450.0
350678,29.275391,1.82179,0,140.29,0.04680741968692179,1.3,1.08,450.0
350679,29.285156,1.78892,0,140.29,0.05822315068025622,1.3,1.08,450.0
350680,29.290039,1.78257,0,140.29,0.0639316006997749,1.3,1.08,450.0
350681,29.299805,1.52353,0,140.29,0.07534850073881223,1.3,1.08,450.0
350682,29.310547,1.73728,0,140.29,0.08790638935432492,1.3,1.08,450.0
350683,29.320313,1.72594,0,140.29,0.09932328939332905,1.3,1.08,450.0
350684,29.330078,1.79685,0,140.29,0.1107390203866967,1.3,1.08,450.0
350685,29.339844,1.77538,0,140.29,0.12215592042570081,1.3,1.08,450.0
350686,29.350586,2.12154,0,140.29,0.1347138090412467,1.3,1.08,450.0
350687,29.360352,1.25395,0,140.29,0.14613070908025083,1.3,1.08,450.0
350688,29.370117,1.36272,0,140.29,0.15754644007361848,1.3,1.08,450.0
350689,29.379883,1.07251,0,140.29,0.1689633401126226,1.3,1.08,450.0
350690,29.390625,0.95594,0,140.29,0.18152122872813528,1.3,1.08,450.0
350691,29.395508,0.92358,0,140.29,0.18722967874765395,1.3,1.08,450.0
350692,29.405274,0.99272,0,140.29,0.19864657878669129,1.3,1.08,450.0
350693,29.415039,1.06472,0,140.29,0.21006230978002574,1.3,1.08,450.0
350694,29.424805,1.10188,0,140.29,0.22147920981906305,1.3,1.08,450.0
350695,29.435547,1.1245,0,140.29,0.23403709843457576,1.3,1.08,450.0
350696,29.445313,1.09993,0,140.29,0.24545399847357985,1.3,1.08,450.0
350697,29.455078,1.04004,0,140.29,0.2568697294669475,1.3,1.08,450.0
350698,29.464844,0.98516,0,140.29,0.26828662950595167,1.3,1.08,450.0
350699,29.475586,0.99108,0,140.29,0.2808445181214976,1.3,1.08,450.0
350700,29.480469,1.04417,0,140.29,0.28655296814098297,1.3,1.08,450.0
350701,29.490235,1.09374,0,140.29,0.29796986818002036,1.3,1.08,450.0
350702,29.5,1.15954,0,140.29,0.3093855991733548,1.3,1.08,450.0
350703,29.509766,1.23546,0,140.29,0.32080249921239207,1.3,1.08,450.0
350704,29.520508,1.24573,0,140.29,0.3333603878279048,1.3,1.08,450.0
350705,29.530274,1.2025,0,140.29,0.3447772878669422,1.3,1.08,450.0
350706,29.540039,1.13841,0,140.29,0.35619301886027654,1.3,1.08,450.0
350707,29.549805,1.09296,0,140.29,0.3676099188993139,1.3,1.08,450.0
350708,29.560547,1.07076,0,140.29,0.3801678075148266,1.3,1.08,450.0
350709,29.570313,1.11987,0,140.29,0.3915847075538307,1.3,1.08,450.0
350710,29.580078,1.20748,0,140.29,0.40300043854719836,1.3,1.08,450.0
350711,29.589844,1.29805,0,140.29,0.4144173385862025,1.3,1.08,450.0
350712,29.600586,1.39248,0,140.29,0.4269752272017484,1.3,1.08,450.0
350713,29.605469,1.44211,0,140.29,0.4326836772212338,1.3,1.08,450.0
350714,29.615235,1.426,0,140.29,0.4441005772602712,1.3,1.08,450.0
350715,29.625,1.36922,0,140.29,0.4555163082536056,1.3,1.08,450.0
350716,29.634766,1.3469,0,140.29,0.4669332082926429,1.3,1.08,450.0
350717,29.645508,1.3748,0,140.29,0.4794910969081556,1.3,1.08,450.0
350718,29.655274,1.42161,0,140.29,0.490907996947193,1.3,1.08,450.0
350719,29.665039,1.4525,0,140.29,0.5023237279405274,1.3,1.08,450.0
350720,29.674805,1.48635,0,140.29,0.5137406279795648,1.3,1.08,450.0
350721,29.685547,1.52723,0,140.29,0.5262985165950774,1.3,1.08,450.0
350722,29.69043,1.53847,0,140.29,0.5320069666145961,1.3,1.08,450.0
350723,29.700195,1.53658,0,140.29,0.5434226976079305,1.3,1.08,450.0
350724,29.709961,1.52321,0,140.29,0.5548395976469679,1.3,1.08,450.0
350725,29.719727,1.48583,0,140.29,0.566256497685972,1.3,1.08,450.0
350726,29.730469,1.48661,0,140.29,0.5788143863014846,1.3,1.08,450.0
350727,29.740235,1.52096,0,140.29,0.590231286340522,1.3,1.08,450.0
350728,29.75,1.49371,0,140.29,0.6016470173338565,1.3,1.08,450.0
350729,29.759766,1.40368,0,140.29,0.6130639173728938,1.3,1.08,450.0
350730,29.770508,1.32883,0,140.29,0.6256218059884066,1.3,1.08,450.0
350731,29.780274,1.28264,0,140.29,0.6370387060274437,1.3,1.08,450.0
350732,29.790039,1.24986,0,140.29,0.6484544370207782,1.3,1.08,450.0
350733,29.794922,1.22372,0,140.29,0.6541628870402969,1.3,1.08,450.0
350734,29.804688,1.23163,0,140.29,0.665579787079301,1.3,1.08,450.0
350735,29.81543,1.26632,0,140.29,0.678137675694847,1.3,1.08,450.0
350736,29.825195,1.28418,0,140.29,0.6895534066881813,1.3,1.08,450.0
350737,29.834961,1.28519,0,140.29,0.7009703067272187,1.3,1.08,450.0
350738,29.844727,1.27906,0,140.29,0.7123872067662228,1.3,1.08,450.0
350739,29.855469,1.33073,0,140.29,0.7249450953817356,1.3,1.08,450.0
350740,29.865235,1.30377,0,140.29,0.7363619954207727,1.3,1.08,450.0
350741,29.875,0.5253,0,140.29,0.7477777264141072,1.3,1.08,450.0
350742,29.884766,1.39782,1,158.08,0.0,1.3,1.08,450.0
350743,29.890625,1.85465,0,158.08,0.007718455083847871,1.3,1.08,450.0
350744,29.900391,1.34513,0,158.08,0.020583864257620075,1.3,1.08,450.0
350745,29.910156,0.77253,0,158.08,0.03344795606404567,1.3,1.08,450.0
350746,29.919922,0.62626,0,158.08,0.04631336523781788,1.3,1.08,450.0
350747,29.929688,1.44581,0,158.08,0.059178774411552636,1.3,1.08,450.0
350748,29.94043,2.12007,0,158.08,0.07332993408232405,1.3,1.08,450.0
350749,29.950195,2.09504,0,158.08,0.08619402588874965,1.3,1.08,450.0
350750,29.959961,1.66106,0,158.08,0.09905943506252185,1.3,1.08,450.0
350751,29.969727,1.43574,0,158.08,0.11192484423625661,1.3,1.08,450.0
350752,29.980469,1.6886,0,158.08,0.12607600390699059,1.3,1.08,450.0
350753,29.985352,1.51474,0,158.08,0.1325087084938767,1.3,1.08,450.0
350754,29.995117,1.37756,0,158.08,0.14537280030033972,1.3,1.08,450.0
350755,30.004883,1.21094,0,158.08,0.1582382094740745,1.3,1.08,450.0
350756,30.015625,1.07323,0,158.08,0.17238936914480846,1.3,1.08,450.0
350757,30.025391,1.09343,0,158.08,0.18525477831858067,1.3,1.08,450.0
350758,30.035156,1.06485,0,158.08,0.19811887012500626,1.3,1.08,450.0
350759,30.044922,1.04835,0,158.08,0.21098427929877847,1.3,1.08,450.0
350760,30.054688,1.14894,0,158.08,0.22384968847251321,1.3,1.08,450.0
350761,30.06543,1.09936,0,158.08,0.23800084814328462,1.3,1.08,450.0
350762,30.075195,1.05506,0,158.08,0.2508649399497102,1.3,1.08,450.0
350763,30.084961,1.06379,0,158.08,0.2637303491234824,1.3,1.08,450.0
350764,30.094727,1.09146,0,158.08,0.2765957582972172,1.3,1.08,450.0
350765,30.100586,1.0686,0,158.08,0.2843142133811025,1.3,1.08,450.0
350766,30.110352,1.05412,0,158.08,0.29717962255483726,1.3,1.08,450.0
350767,30.120117,1.10761,0,158.08,0.3100437143613003,1.3,1.08,450.0
350768,30.129883,1.08829,0,158.08,0.32290912353503504,1.3,1.08,450.0
350769,30.140625,1.04999,0,158.08,0.33706028320576903,1.3,1.08,450.0
350770,30.150391,1.07617,0,158.08,0.34992569237954124,1.3,1.08,450.0
350771,30.160156,1.02273,0,158.08,0.36278978418596686,1.3,1.08,450.0
350772,30.169922,1.03239,0,158.08,0.375655193359739,1.3,1.08,450.0
350773,30.179688,1.02353,0,158.08,0.3885206025334738,1.3,1.08,450.0
350774,30.185547,1.03516,0,158.08,0.3962390576173591,1.3,1.08,450.0
350775,30.195313,1.04795,0,158.08,0.40910446679109386,1.3,1.08,450.0
350776,30.205078,1.07836,0,158.08,0.42196855859755694,1.3,1.08,450.0
350777,30.214844,1.07124,0,158.08,0.4348339677712917,1.3,1.08,450.0
350778,30.225586,1.07543,0,158.08,0.44898512744206315,1.3,1.08,450.0
350779,30.235352,1.07597,0,158.08,0.4618505366157979,1.3,1.08,450.0
350780,30.245117,1.10296,0,158.08,0.47471462842226086,1.3,1.08,450.0
350781,30.254883,1.08758,0,158.08,0.48758003759599566,1.3,1.08,450.0
350782,30.265625,1.07321,0,158.08,0.5017311972667297,1.3,1.08,450.0
350783,30.275391,1.0537,0,158.08,0.5145966064405019,1.3,1.08,450.0
350784,30.285156,1.07466,0,158.08,0.5274606982469274,1.3,1.08,450.0
350785,30.290039,1.05759,0,158.08,0.5338934028338135,1.3,1.08,450.0
350786,30.299805,1.00827,0,158.08,0.5467588120075857,1.3,1.08,450.0
350787,30.310547,0.99789,0,158.08,0.5609099716783198,1.3,1.08,450.0
350788,30.320313,1.0071,0,158.08,0.5737753808520545,1.3,1.08,450.0
350789,30.330078,1.00381,0,158.08,0.5866394726585175,1.3,1.08,450.0
350790,30.339844,1.01837,0,158.08,0.5995048818322524,1.3,1.08,450.0
350791,30.350586,1.00935,0,158.08,0.6136560415030237,1.3,1.08,450.0
350792,30.360352,1.05758,0,158.08,0.6265214506767585,1.3,1.08,450.0
350793,30.370117,1.03257,0,158.08,0.6393855424832215,1.3,1.08,450.0
350794,30.379883,1.03018,0,158.08,0.6522509516569562,1.3,1.08,450.0
350795,30.390625,1.02586,0,158.08,0.6664021113276902,1.3,1.08,450.0
350796,30.395508,1.02713,0,158.08,0.6728348159145764,1.3,1.08,450.0
350797,30.405274,1.02523,0,158.08,0.6857002250883485,1.3,1.08,450.0
350798,30.415039,1.04363,0,158.08,0.6985643168947742,1.3,1.08,450.0
350799,30.424805,1.01927,0,158.08,0.7114297260685464,1.3,1.08,450.0
350800,30.435547,1.04601,0,158.08,0.7255808857392803,1.3,1.08,450.0
350801,30.445313,1.03299,0,158.08,0.7384462949130151,1.3,1.08,450.0
350802,30.455078,1.02048,0,158.08,0.751310386719478,1.3,1.08,450.0
350803,30.464844,1.05941,0,158.08,0.7641757958932128,1.3,1.08,450.0
350804,30.475586,1.03216,0,158.08,0.7783269555639843,1.3,1.08,450.0
350805,30.480469,1.03014,0,158.08,0.7847596601508329,1.3,1.08,450.0
350806,30.490235,1.04245,0,158.08,0.7976250693246051,1.3,1.08,450.0
350807,30.5,0.98299,0,158.08,0.8104891611310308,1.3,1.08,450.0
350808,30.509766,0.99105,0,158.08,0.823354570304803,1.3,1.08,450.0
350809,30.520508,1.01782,0,158.08,0.8375057299755369,1.3,1.08,450.0
350810,30.530274,1.02099,0,158.08,0.8503711391493092,1.3,1.08,450.0
350811,30.540039,1.04798,0,158.08,0.8632352309557346,1.3,1.08,450.0
350812,30.549805,1.05575,0,158.08,0.876100640129507,1.3,1.08,450.0
350813,30.560547,1.00984,0,158.08,0.8902517998002409,1.3,1.08,450.0
350814,30.570313,1.04208,0,158.08,0.9031172089739756,1.3,1.08,450.0
350815,30.580078,1.01276,0,158.08,0.9159813007804387,1.3,1.08,450.0
350816,30.589844,1.01307,0,158.08,0.9288467099541735,1.3,1.08,450.0
350817,30.594727,1.01971,0,158.08,0.9352794145410595,1.3,1.08,450.0
350818,30.605469,1.05219,0,158.08,0.9494305742117936,1.3,1.08,450.0
350819,30.615235,1.05667,0,158.08,0.9622959833855658,1.3,1.08,450.0
350820,30.625,1.00355,0,158.08,0.9751600751919913,1.3,1.08,450.0
350821,30.634766,1.06018,0,158.08,0.9880254843657635,1.3,1.08,450.0
350822,30.645508,1.04343,0,158.08,0.0021766440364976436,1.3,1.08,450.0
350823,30.655274,1.0709,0,158.08,0.015042053210269746,1.3,1.08,450.0
350824,30.665039,1.05765,0,158.08,0.027906145016695305,1.3,1.08,450.0
350825,30.674805,1.06153,0,158.08,0.04077155419046763,1.3,1.08,450.0
350826,30.685547,1.06123,0,158.08,0.0549227138612014,1.3,1.08,450.0
350827,30.69043,1.05231,0,158.08,0.06135541844808756,1.3,1.08,450.0
350828,30.700195,1.07241,0,158.08,0.07421951025451312,1.3,1.08,450.0
350829,30.709961,0.95943,0,158.08,0.08708491942828545,1.3,1.08,450.0
350830,30.719727,1.02921,0,158.08,0.09995032860202002,1.3,1.08,450.0
350831,30.730469,1.08022,0,158.08,0.11410148827275424,1.3,1.08,450.0
350832,30.740235,1.09249,0,158.08,0.12696689744652634,1.3,1.08,450.0
350833,30.75,1.12293,0,158.08,0.1398309892529519,1.3,1.08,450.0
350834,30.759766,1.03505,0,158.08,0.152696398426724,1.3,1.08,450.0
350835,30.770508,1.016,0,158.08,0.16684755809745822,1.3,1.08,450.0
350836,30.780274,1.02444,0,158.08,0.1797129672712301,1.3,1.08,450.0
350837,30.785156,1.06473,0,158.08,0.18614435449076994,1.3,1.08,450.0
350838,30.794922,1.06696,0,158.08,0.19900976366454204,1.3,1.08,450.0
350839,30.804688,1.04152,0,158.08,0.21187517283827662,1.3,1.08,450.0
350840,30.81543,1.08928,0,158.08,0.22602633250904813,1.3,1.08,450.0
350841,30.825195,1.05263,0,158.08,0.23889042431547391,1.3,1.08,450.0
350842,30.834961,1.11872,0,158.08,0.2517558334892458,1.3,1.08,450.0
350843,30.844727,1.11893,0,158.08,0.2646212426629806,1.3,1.08,450.0
350844,30.855469,1.0154,0,158.08,0.2787724023337146,1.3,1.08,450.0
350845,30.865235,1.10516,0,158.08,0.2916378115074869,1.3,1.08,450.0
350846,30.875,1.00658,0,158.08,0.30450190331391247,1.3,1.08,450.0
350847,30.884766,1.05605,0,158.08,0.3173673124876848,1.3,1.08,450.0
350848,30.890625,1.25887,0,158.08,0.3250857675715326,1.3,1.08,450.0
350849,30.900391,1.42599,1,142.11,0.0,1.3,1.08,450.0
350850,30.910156,1.55179,0,142.11,0.011564362776158075,1.3,1.08,450.0
350851,30.919922,1.72181,0,142.11,0.02312990981888816,1.3,1.08,450.0
350852,30.929688,1.99036,0,142.11,0.03469545686158458,1.3,1.08,450.0
350853,30.94043,2.10635,0,142.11,0.04741684804867139,1.3,1.08,450.0
350854,30.950195,1.88477,0,142.11,0.05898121082482947,1.3,1.08,450.0
350855,30.959961,1.63639,0,142.11,0.07054675786755955,1.3,1.08,450.0
350856,30.969727,1.64999,0,142.11,0.08211230491025596,1.3,1.08,450.0
350857,30.975586,1.76785,0,142.11,0.08905092257597774,1.3,1.08,450.0
350858,30.985352,1.70553,0,142.11,0.10061646961867417,1.3,1.08,450.0
350859,30.995117,1.81309,0,142.11,0.1121808323948659,1.3,1.08,450.0
350860,31.004883,1.83698,0,142.11,0.12374637943756232,1.3,1.08,450.0
350861,31.015625,1.12481,0,142.11,0.13646777062461546,1.3,1.08,450.0
350862,31.025391,1.17108,0,142.11,0.14803331766734557,1.3,1.08,450.0
350863,31.035156,0.90101,0,142.11,0.15959768044350364,1.3,1.08,450.0
350864,31.044922,0.87926,0,142.11,0.17116322748623372,1.3,1.08,450.0
350865,31.054688,0.93547,0,142.11,0.18272877452893016,1.3,1.08,450.0
350866,31.06543,1.02077,0,142.11,0.19545016571601695,1.3,1.08,450.0
350867,31.075195,1.11054,0,142.11,0.20701452849217503,1.3,1.08,450.0
350868,31.084961,1.17976,0,142.11,0.2185800755349051,1.3,1.08,450.0
350869,31.089844,1.18103,0,142.11,0.2243628490562365,1.3,1.08,450.0
350870,31.100586,1.10764,0,142.11,0.2370842402433233,1.3,1.08,450.0
350871,31.110352,1.01354,0,142.11,0.24864978728601975,1.3,1.08,450.0
350872,31.120117,0.9304,0,142.11,0.26021415006221144,1.3,1.08,450.0
350873,31.129883,0.93737,0,142.11,0.27177969710490785,1.3,1.08,450.0
350874,31.140625,1.02225,0,142.11,0.284501088291961,1.3,1.08,450.0
350875,31.150391,1.08405,0,142.11,0.29606663533469113,1.3,1.08,450.0
350876,31.160156,1.13886,0,142.11,0.3076309981108492,1.3,1.08,450.0
350877,31.169922,1.18752,0,142.11,0.31919654515357926,1.3,1.08,450.0
350878,31.179688,1.17033,0,142.11,0.33076209219627567,1.3,1.08,450.0
350879,31.185547,1.11215,0,142.11,0.33770070986199746,1.3,1.08,450.0
350880,31.195313,1.07942,0,142.11,0.34926625690469393,1.3,1.08,450.0
350881,31.205078,1.09337,0,142.11,0.3608306196808856,1.3,1.08,450.0
350882,31.214844,1.14754,0,142.11,0.37239616672358206,1.3,1.08,450.0
350883,31.225586,1.23381,0,142.11,0.3851175579106689,1.3,1.08,450.0
350884,31.235352,1.29455,0,142.11,0.3966831049533653,1.3,1.08,450.0
350885,31.245117,1.35086,0,142.11,0.408247467729557,1.3,1.08,450.0
350886,31.254883,1.36912,0,142.11,0.4198130147722534,1.3,1.08,450.0
350887,31.265625,1.3332,0,142.11,0.4325344059593066,1.3,1.08,450.0
350888,31.275391,1.33367,0,142.11,0.4440999530020367,1.3,1.08,450.0
350889,31.280274,1.34522,0,142.11,0.4498827265234017,1.3,1.08,450.0
350890,31.290039,1.31577,0,142.11,0.4614470892995598,1.3,1.08,450.0
350891,31.299805,1.26267,0,142.11,0.47301263634228985,1.3,1.08,450.0
350892,31.310547,1.23056,0,142.11,0.485734027529343,1.3,1.08,450.0
350893,31.320313,1.26112,0,142.11,0.4972995745720395,1.3,1.08,450.0
350894,31.330078,1.30326,0,142.11,0.5088639373482312,1.3,1.08,450.0
350895,31.339844,1.37424,0,142.11,0.5204294843909276,1.3,1.08,450.0
350896,31.350586,1.44972,0,142.11,0.5331508755780144,1.3,1.08,450.0
350897,31.360352,1.48621,0,142.11,0.5447164226207108,1.3,1.08,450.0
350898,31.370117,1.50172,0,142.11,0.5562807853969026,1.3,1.08,450.0
350899,31.379883,1.46326,0,142.11,0.567846332439599,1.3,1.08,450.0
350900,31.390625,1.41227,0,142.11,0.5805677236266522,1.3,1.08,450.0
350901,31.395508,1.31532,0,142.11,0.5863504971480171,1.3,1.08,450.0
350902,31.405274,1.22018,0,142.11,0.5979160441907473,1.3,1.08,450.0
350903,31.415039,1.16625,0,142.11,0.6094804069669054,1.3,1.08,450.0
350904,31.424805,1.12079,0,142.11,0.6210459540096355,1.3,1.08,450.0
350905,31.435547,1.10233,0,142.11,0.6337673451966885,1.3,1.08,450.0
350906,31.445313,1.0991,0,142.11,0.645332892239385,1.3,1.08,450.0
350907,31.455078,1.09635,0,142.11,0.6568972550155768,1.3,1.08,450.0
350908,31.464844,1.05264,0,142.11,0.6684628020582732,1.3,1.08,450.0
350909,31.475586,0.98741,0,142.11,0.68118419324536,1.3,1.08,450.0
350910,31.480469,0.93821,0,142.11,0.6869669667666913,1.3,1.08,450.0
350911,31.490235,0.91278,0,142.11,0.6985325138094215,1.3,1.08,450.0
350912,31.5,0.93071,0,142.11,0.7100968765855795,1.3,1.08,450.0
350913,31.509766,0.94754,0,142.11,0.7216624236283096,1.3,1.08,450.0
350914,31.520508,0.94047,0,142.11,0.7343838148153627,1.3,1.08,450.0
350915,31.530274,0.92093,0,142.11,0.7459493618580929,1.3,1.08,450.0
350916,31.540039,0.90498,0,142.11,0.7575137246342509,1.3,1.08,450.0
350917,31.549805,0.89424,0,142.11,0.769079271676981,1.3,1.08,450.0
350918,31.560547,0.8989,0,142.11,0.7818006628640342,1.3,1.08,450.0
350919,31.570313,0.94576,0,142.11,0.7933662099067306,1.3,1.08,450.0
350920,31.580078,0.53196,0,142.11,0.8049305726829223,1.3,1.08,450.0
350921,31.589844,1.27487,0,142.11,0.8164961197256188,1.3,1.08,450.0
350922,31.594727,1.77445,1,154.4,0.0,1.3,1.08,450.0
350923,31.605469,1.35685,0,154.4,0.013821193086271827,1.3,1.08,450.0
350924,31.615235,0.83387,0,154.4,0.026386615882845774,1.3,1.08,450.0
350925,31.625,0.69838,0,154.4,0.03895075202949939,1.3,1.08,450.0
350926,31.634766,1.45417,0,154.4,0.051516174826073326,1.3,1.08,450.0
350927,31.645508,2.14879,0,154.4,0.06533736791234515,1.3,1.08,450.0
350928,31.655274,2.08683,0,154.4,0.0779027907089191,1.3,1.08,450.0
350929,31.665039,1.41095,0,154.4,0.09046692685557271,1.3,1.08,450.0
350930,31.674805,1.12337,0,154.4,0.10303234965214665,1.3,1.08,450.0
350931,31.685547,1.13343,0,154.4,0.11685354273841848,1.3,1.08,450.0
350932,31.69043,1.12427,0,154.4,0.12313625413670545,1.3,1.08,450.0
350933,31.700195,1.17247,0,154.4,0.13570039028335906,1.3,1.08,450.0
350934,31.709961,1.49257,0,154.4,0.14826581307993303,1.3,1.08,450.0
350935,31.719727,1.19143,0,154.4,0.16083123587647039,1.3,1.08,450.0
350936,31.730469,1.04512,0,154.4,0.17465242896274222,1.3,1.08,450.0
350937,31.740235,1.14263,0,154.4,0.18721785175931618,1.3,1.08,450.0
350938,31.75,0.99828,0,154.4,0.19978198790596977,1.3,1.08,450.0
350939,31.759766,1.09505,0,154.4,0.21234741070254373,1.3,1.08,450.0
350940,31.770508,1.10763,0,154.4,0.22616860378881556,1.3,1.08,450.0
350941,31.780274,1.19244,0,154.4,0.23873402658538947,1.3,1.08,450.0
350942,31.785156,1.15353,0,154.4,0.24501545133375613,1.3,1.08,450.0
350943,31.794922,1.13472,0,154.4,0.2575808741303301,1.3,1.08,450.0
350944,31.804688,1.16188,0,154.4,0.2701462969268675,1.3,1.08,450.0
350945,31.81543,1.14853,0,154.4,0.28396749001317584,1.3,1.08,450.0
350946,31.825195,1.05769,0,154.4,0.2965316261598295,1.3,1.08,450.0
350947,31.834961,1.08671,0,154.4,0.30909704895640344,1.3,1.08,450.0
350948,31.844727,1.1036,0,154.4,0.32166247175294077,1.3,1.08,450.0
350949,31.855469,1.05641,0,154.4,0.33548366483921266,1.3,1.08,450.0
350950,31.865235,1.02744,0,154.4,0.3480490876357865,1.3,1.08,450.0
350951,31.875,1.04788,0,154.4,0.3606132237824402,1.3,1.08,450.0
350952,31.884766,1.02086,0,154.4,0.37317864657901406,1.3,1.08,450.0
350953,31.890625,1.05429,0,154.4,0.38071712826699894,1.3,1.08,450.0
350954,31.900391,1.03084,0,154.4,0.3932825510635729,1.3,1.08,450.0
350955,31.910156,1.08475,0,154.4,0.40584668721022654,1.3,1.08,450.0
350956,31.919922,1.06403,0,154.4,0.41841211000680045,1.3,1.08,450.0
350957,31.929688,1.07745,0,154.4,0.43097753280333784,1.3,1.08,450.0
350958,31.94043,1.07697,0,154.4,0.44479872588964625,1.3,1.08,450.0
350959,31.950195,1.04515,0,154.4,0.45736286203629983,1.3,1.08,450.0
350960,31.959961,1.04366,0,154.4,0.4699282848328738,1.3,1.08,450.0
350961,31.969727,1.03102,0,154.4,0.48249370762941113,1.3,1.08,450.0
350962,31.975586,1.00278,0,154.4,0.4900321893174326,1.3,1.08,450.0
350963,31.985352,0.99404,0,154.4,0.50259761211397,1.3,1.08,450.0
350964,31.995117,1.01442,0,154.4,0.5151617482606602,1.3,1.08,450.0
350965,32.004883,0.99094,0,154.4,0.5277271710571976,1.3,1.08,450.0
350966,32.015625,1.01985,0,154.4,0.5415483641434694,1.3,1.08,450.0
350967,32.025391,0.99467,0,154.4,0.5541137869400433,1.3,1.08,450.0
350968,32.035156,1.06086,0,154.4,0.566677923086697,1.3,1.08,450.0
350969,32.044922,1.06732,0,154.4,0.5792433458832709,1.3,1.08,450.0
350970,32.054688,0.98944,0,154.4,0.5918087686798083,1.3,1.08,450.0
350971,32.06543,1.05496,0,154.4,0.6056299617661166,1.3,1.08,450.0
350972,32.075195,1.02803,0,154.4,0.6181940979127702,1.3,1.08,450.0
350973,32.084961,1.02435,0,154.4,0.6307595207093442,1.3,1.08,450.0
350974,32.089844,1.05476,0,154.4,0.6370422321075946,1.3,1.08,450.0
350975,32.100586,1.04648,0,154.4,0.650863425193903,1.3,1.08,450.0
350976,32.110352,1.05678,0,154.4,0.6634288479904403,1.3,1.08,450.0
350977,32.120117,1.04777,0,154.4,0.6759929841371305,1.3,1.08,450.0
350978,32.129883,1.05398,0,154.4,0.6885584069336679,1.3,1.08,450.0
350979,32.140625,1.05983,0,154.4,0.7023796000199398,1.3,1.08,450.0
350980,32.150391,1.04192,0,154.4,0.7149450228165136,1.3,1.08,450.0
350981,32.160156,1.05088,0,154.4,0.7275091589631674,1.3,1.08,450.0
350982,32.169922,1.04957,0,154.4,0.7400745817597412,1.3,1.08,450.0
350983,32.179688,1.04821,0,154.4,0.7526400045562787,1.3,1.08,450.0
350984,32.185547,1.03095,0,154.4,0.7601784862443001,1.3,1.08,450.0
350985,32.195313,1.03523,0,154.4,0.7727439090408375,1.3,1.08,450.0
350986,32.205078,1.0248,0,154.4,0.7853080451875276,1.3,1.08,450.0
350987,32.214844,1.02721,0,154.4,0.797873467984065,1.3,1.08,450.0
350988,32.225586,1.0437,0,154.4,0.8116946610703734,1.3,1.08,450.0
350989,32.235352,1.01844,0,154.4,0.8242600838669107,1.3,1.08,450.0
350990,32.245117,1.03641,0,154.4,0.8368242200136009,1.3,1.08,450.0
350991,32.254883,1.0189,0,154.4,0.8493896428101383,1.3,1.08,450.0
350992,32.265625,1.02948,0,154.4,0.8632108358964101,1.3,1.08,450.0
350993,32.275391,1.03227,0,154.4,0.875776258692984,1.3,1.08,450.0
350994,32.280274,1.0322,0,154.4,0.882058970091271,1.3,1.08,450.0
350995,32.290039,1.02712,0,154.4,0.8946231062379246,1.3,1.08,450.0
350996,32.299805,1.04174,0,154.4,0.9071885290344986,1.3,1.08,450.0
350997,32.310547,1.04379,0,154.4,0.9210097221207704,1.3,1.08,450.0
350998,32.320313,0.9843,0,154.4,0.9335751449173079,1.3,1.08,450.0
350999,32.330078,1.06177,0,154.4,0.9461392810639979,1.3,1.08,450.0
351000,32.339844,1.07656,0,154.4,0.9587047038605354,1.3,1.08,450.0
351001,32.350586,1.02164,0,154.4,0.9725258969468438,1.3,1.08,450.0
351002,32.360352,1.09164,0,154.4,0.9850913197433812,1.3,1.08,450.0
351003,32.370117,1.03716,0,154.4,0.9976554558900713,1.3,1.08,450.0
351004,32.379883,1.04147,0,154.4,0.010220878686608703,1.3,1.08,450.0
351005,32.390625,1.04144,0,154.4,0.024042071772880425,1.3,1.08,450.0
351006,32.395508,1.0447,0,154.4,0.03032478317116749,1.3,1.08,450.0
351007,32.405274,1.05848,0,154.4,0.0428902059677414,1.3,1.08,450.0
351008,32.415039,1.05075,0,154.4,0.05545434211439515,1.3,1.08,450.0
351009,32.424805,0.97831,0,154.4,0.06801976491096884,1.3,1.08,450.0
351010,32.435547,1.0357,0,154.4,0.08184095799724078,1.3,1.08,450.0
351011,32.445313,1.01321,0,154.4,0.09440638079377828,1.3,1.08,450.0
351012,32.455078,1.10111,0,154.4,0.10697051694046844,1.3,1.08,450.0
351013,32.464844,1.08169,0,154.4,0.11953593973700571,1.3,1.08,450.0
351014,32.475586,1.03159,0,154.4,0.13335713282331407,1.3,1.08,450.0
351015,32.480469,1.0581,0,154.4,0.13963984422156472,1.3,1.08,450.0
351016,32.490235,1.07581,0,154.4,0.15220526701813863,1.3,1.08,450.0
351017,32.5,1.06708,0,154.4,0.16476940316479216,1.3,1.08,450.0
351018,32.509766,1.08134,0,154.4,0.17733482596136607,1.3,1.08,450.0
351019,32.520508,1.11404,0,154.4,0.19115601904763801,1.3,1.08,450.0
351020,32.530274,1.05373,0,154.4,0.20372144184421193,1.3,1.08,450.0
351021,32.540039,1.05056,0,154.4,0.21628557799086545,1.3,1.08,450.0
351022,32.549805,1.05306,0,154.4,0.22885100078743936,1.3,1.08,450.0
351023,32.560547,1.06493,0,154.4,0.2426721938737113,1.3,1.08,450.0
351024,32.570313,1.071,0,154.4,0.2552376166702488,1.3,1.08,450.0
351025,32.580078,0.99864,0,154.4,0.26780175281693874,1.3,1.08,450.0
351026,32.584961,0.99344,0,154.4,0.2740844642152256,1.3,1.08,450.0
351027,32.594727,0.98776,0,154.4,0.2866498870117631,1.3,1.08,450.0
351028,32.605469,1.09355,0,154.4,0.300471080098035,1.3,1.08,450.0
351029,32.615235,1.00696,0,154.4,0.31303650289460894,1.3,1.08,450.0
351030,32.625,1.26654,0,154.4,0.32560063904126246,1.3,1.08,450.0
351031,32.634766,1.45671,1,138.79,0.0,1.3,1.08,450.0
351032,32.645508,1.45891,0,138.79,0.012424099386416428,1.3,1.08,450.0
351033,32.655274,1.72977,0,138.79,0.023719366060032377,1.3,1.08,450.0
351034,32.665039,1.65496,0,138.79,0.03501347614272409,1.3,1.08,450.0
351035,32.674805,1.60369,0,138.79,0.04630874281634004,1.3,1.08,450.0
351036,32.685547,1.67214,0,138.79,0.058732842202756465,1.3,1.08,450.0
351037,32.69043,1.80698,0,138.79,0.06438047553956444,1.3,1.08,450.0
351038,32.700195,1.61842,0,138.79,0.07567458562225614,1.3,1.08,450.0
351039,32.709961,1.80137,0,138.79,0.0869698522958721,1.3,1.08,450.0
351040,32.719727,2.24457,0,138.79,0.09826511896945518,1.3,1.08,450.0
351041,32.730469,2.08791,0,138.79,0.1106892183558716,1.3,1.08,450.0
351042,32.740235,1.75841,0,138.79,0.12198448502948755,1.3,1.08,450.0
351043,32.75,2.40202,0,138.79,0.13327859511217927,1.3,1.08,450.0
351044,32.759766,1.5629,0,138.79,0.1445738617857952,1.3,1.08,450.0
351045,32.770508,1.32789,0,138.79,0.15699796117221165,1.3,1.08,450.0
351046,32.775391,1.14828,0,138.79,0.16264559450901964,1.3,1.08,450.0
351047,32.785156,1.09128,0,138.79,0.17393970459171135,1.3,1.08,450.0
351048,32.794922,0.96791,0,138.79,0.1852349712653273,1.3,1.08,450.0
351049,32.804688,0.89365,0,138.79,0.19653023793891036,1.3,1.08,450.0
351050,32.81543,0.99062,0,138.79,0.20895433732535965,1.3,1.08,450.0
351051,32.825195,1.10349,0,138.79,0.22024844740805136,1.3,1.08,450.0
351052,32.834961,1.21196,0,138.79,0.23154371408166732,1.3,1.08,450.0
351053,32.844727,1.1891,0,138.79,0.2428389807552504,1.3,1.08,450.0
351054,32.855469,1.12623,0,138.79,0.2552630801416668,1.3,1.08,450.0
351055,32.865235,1.11806,0,138.79,0.2665583468152828,1.3,1.08,450.0
351056,32.875,1.07723,0,138.79,0.2778524568979745,1.3,1.08,450.0
351057,32.884766,1.00958,0,138.79,0.2891477235715904,1.3,1.08,450.0
351058,32.890625,0.97678,0,138.79,0.2959241896211989,1.3,1.08,450.0
351059,32.900391,1.00634,0,138.79,0.30721945629481484,1.3,1.08,450.0
351060,32.910156,1.0659,0,138.79,0.31851356637750655,1.3,1.08,450.0
351061,32.919922,1.15977,0,138.79,0.32980883305112246,1.3,1.08,450.0
351062,32.929688,1.1687,0,138.79,0.34110409972470557,1.3,1.08,450.0
351063,32.94043,1.11505,0,138.79,0.3535281991111549,1.3,1.08,450.0
351064,32.950195,1.0663,0,138.79,0.3648223091938466,1.3,1.08,450.0
351065,32.959961,1.07503,0,138.79,0.3761175758674626,1.3,1.08,450.0
351066,32.969727,1.14541,0,138.79,0.3874128425410456,1.3,1.08,450.0
351067,32.975586,1.22673,0,138.79,0.39418930859068696,1.3,1.08,450.0
351068,32.985352,1.27834,0,138.79,0.40548457526427006,1.3,1.08,450.0
351069,32.995117,1.26838,0,138.79,0.41677868534699464,1.3,1.08,450.0
351070,33.004883,1.27905,0,138.79,0.4280739520205777,1.3,1.08,450.0
351071,33.015625,1.32325,0,138.79,0.4404980514069941,1.3,1.08,450.0
351072,33.025391,1.3987,0,138.79,0.4517933180806101,1.3,1.08,450.0
351073,33.035156,1.46519,0,138.79,0.4630874281633018,1.3,1.08,450.0
351074,33.044922,1.50158,0,138.79,0.47438269483691775,1.3,1.08,450.0
351075,33.054688,1.51135,0,138.79,0.4856779615105008,1.3,1.08,450.0
351076,33.06543,1.51288,0,138.79,0.4981020608969501,1.3,1.08,450.0
351077,33.075195,1.51228,0,138.79,0.5093961709796418,1.3,1.08,450.0
351078,33.080078,1.47248,0,138.79,0.5150438043164498,1.3,1.08,450.0
351079,33.089844,1.45258,0,138.79,0.5263390709900329,1.3,1.08,450.0
351080,33.100586,1.42532,0,138.79,0.5387631703764821,1.3,1.08,450.0
351081,33.110352,1.42384,0,138.79,0.5500584370500653,1.3,1.08,450.0
351082,33.120117,1.44159,0,138.79,0.5613525471327898,1.3,1.08,450.0
351083,33.129883,1.46249,0,138.79,0.572647813806373,1.3,1.08,450.0
351084,33.140625,1.4333,0,138.79,0.5850719131927894,1.3,1.08,450.0
351085,33.150391,1.34924,0,138.79,0.5963671798664053,1.3,1.08,450.0
351086,33.160156,1.24702,0,138.79,0.6076612899490971,1.3,1.08,450.0
351087,33.169922,1.19982,0,138.79,0.618956556622713,1.3,1.08,450.0
351088,33.179688,1.18796,0,138.79,0.630251823296296,1.3,1.08,450.0
351089,33.185547,1.20191,0,138.79,0.6370282893459372,1.3,1.08,450.0
351090,33.195313,1.2151,0,138.79,0.6483235560195204,1.3,1.08,450.0
351091,33.205078,1.21156,0,138.79,0.6596176661022449,1.3,1.08,450.0
351092,33.214844,1.2093,0,138.79,0.6709129327758281,1.3,1.08,450.0
351093,33.225586,1.19585,0,138.79,0.6833370321622774,1.3,1.08,450.0
351094,33.235352,1.20932,0,138.79,0.6946322988358605,1.3,1.08,450.0
351095,33.245117,1.23956,0,138.79,0.7059264089185849,1.3,1.08,450.0
351096,33.254883,1.28628,0,138.79,0.7172216755921681,1.3,1.08,450.0
351097,33.265625,1.10981,0,138.79,0.7296457749785845,1.3,1.08,450.0
351098,33.275391,0.93976,0,138.79,0.7409410416522005,1.3,1.08,450.0
351099,33.280274,1.84161,1,157.63,0.0,1.3,1.08,450.0
351100,33.290039,1.75071,0,157.63,0.012827514216322344,1.3,1.08,450.0
351101,33.299805,1.21713,0,157.63,0.02565634205420624,1.3,1.08,450.0
351102,33.310547,0.81463,0,157.63,0.03976726450293412,1.3,1.08,450.0
351103,33.320313,1.1465,0,157.63,0.05259609234078068,1.3,1.08,450.0
351104,33.330078,1.58148,0,157.63,0.06542360655714036,1.3,1.08,450.0
351105,33.339844,1.57029,0,157.63,0.07825243439498691,1.3,1.08,450.0
351106,33.350586,1.25967,0,157.63,0.09236335684375213,1.3,1.08,450.0
351107,33.360352,1.01748,0,157.63,0.1051921846815987,1.3,1.08,450.0
351108,33.370117,1.0086,0,157.63,0.11801969889795837,1.3,1.08,450.0
351109,33.379883,1.03675,0,157.63,0.13084852673580494,1.3,1.08,450.0
351110,33.390625,0.98929,0,157.63,0.14495944918453282,1.3,1.08,450.0
351111,33.395508,0.98502,0,157.63,0.15137386310347478,1.3,1.08,450.0
351112,33.405274,1.65373,0,157.63,0.16420269094135867,1.3,1.08,450.0
351113,33.415039,1.26367,0,157.63,0.177030205157681,1.3,1.08,450.0
351114,33.424805,1.24667,0,157.63,0.1898590329955649,1.3,1.08,450.0
351115,33.435547,1.17303,0,157.63,0.2039699554442928,1.3,1.08,450.0
351116,33.445313,1.23199,0,157.63,0.21679878328213936,1.3,1.08,450.0
351117,33.455078,1.32438,0,157.63,0.22962629749849903,1.3,1.08,450.0
351118,33.464844,1.20317,0,157.63,0.24245512533634558,1.3,1.08,450.0
351119,33.475586,1.18775,0,157.63,0.2565660477851108,1.3,1.08,450.0
351120,33.480469,1.12706,0,157.63,0.2629804617040154,1.3,1.08,450.0
351121,33.490235,1.14653,0,157.63,0.2758092895418993,1.3,1.08,450.0
351122,33.5,1.11283,0,157.63,0.2886368037582217,1.3,1.08,450.0
351123,33.509766,1.01878,0,157.63,0.30146563159610557,1.3,1.08,450.0
351124,33.520508,1.04152,0,157.63,0.3155765540448334,1.3,1.08,450.0
351125,33.530274,1.08754,0,157.63,0.32840538188271734,1.3,1.08,450.0
351126,33.540039,0.98814,0,157.63,0.3412328960990397,1.3,1.08,450.0
351127,33.549805,1.07471,0,157.63,0.35406172393692353,1.3,1.08,450.0
351128,33.560547,1.01791,0,157.63,0.36817264638565145,1.3,1.08,450.0
351129,33.570313,1.02931,0,157.63,0.381001474223498,1.3,1.08,450.0
351130,33.575195,1.06586,0,157.63,0.38741457452091577,1.3,1.08,450.0
351131,33.584961,1.04141,0,157.63,0.4002434023587996,1.3,1.08,450.0
351132,33.594727,1.0687,0,157.63,0.4130722301966462,1.3,1.08,450.0
351133,33.605469,1.0682,0,157.63,0.4271831526453741,1.3,1.08,450.0
351134,33.615235,1.07892,0,157.63,0.440011980483258,1.3,1.08,450.0
351135,33.625,1.0611,0,157.63,0.4528394946995803,1.3,1.08,450.0
351136,33.634766,1.04221,0,157.63,0.4656683225374642,1.3,1.08,450.0
351137,33.645508,1.05228,0,157.63,0.47977924498619207,1.3,1.08,450.0
351138,33.655274,1.05819,0,157.63,0.49260807282407604,1.3,1.08,450.0
351139,33.665039,1.01724,0,157.63,0.5054355870403984,1.3,1.08,450.0
351140,33.674805,1.03518,0,157.63,0.5182644148782822,1.3,1.08,450.0
351141,33.685547,1.03183,0,157.63,0.5323753373270101,1.3,1.08,450.0
351142,33.69043,1.02622,0,157.63,0.5387897512459521,1.3,1.08,450.0
351143,33.700195,1.01212,0,157.63,0.5516172654622744,1.3,1.08,450.0
351144,33.709961,1.03601,0,157.63,0.5644460933001584,1.3,1.08,450.0
351145,33.719727,1.00361,0,157.63,0.5772749211380048,1.3,1.08,450.0
351146,33.730469,1.02302,0,157.63,0.5913858435867329,1.3,1.08,450.0
351147,33.740235,1.0199,0,157.63,0.6042146714246166,1.3,1.08,450.0
351148,33.75,1.02801,0,157.63,0.6170421856409389,1.3,1.08,450.0
351149,33.759766,1.03602,0,157.63,0.6298710134788229,1.3,1.08,450.0
351150,33.770508,1.05992,0,157.63,0.6439819359275507,1.3,1.08,450.0
351151,33.775391,1.06384,0,157.63,0.6503963498464926,1.3,1.08,450.0
351152,33.785156,1.02228,0,157.63,0.663223864062815,1.3,1.08,450.0
351153,33.794922,1.04133,0,157.63,0.6760526919006989,1.3,1.08,450.0
351154,33.804688,1.00859,0,157.63,0.6888815197385455,1.3,1.08,450.0
351155,33.81543,1.0583,0,157.63,0.7029924421873107,1.3,1.08,450.0
351156,33.825195,1.02725,0,157.63,0.715819956403633,1.3,1.08,450.0
351157,33.834961,1.07163,0,157.63,0.728648784241517,1.3,1.08,450.0
351158,33.844727,1.0352,0,157.63,0.7414776120793635,1.3,1.08,450.0
351159,33.855469,1.00388,0,157.63,0.7555885345280914,1.3,1.08,450.0
351160,33.865235,1.01738,0,157.63,0.7684173623659752,1.3,1.08,450.0
351161,33.875,1.01235,0,157.63,0.7812448765822977,1.3,1.08,450.0
351162,33.884766,1.03188,0,157.63,0.7940737044201815,1.3,1.08,450.0
351163,33.890625,1.04786,0,157.63,0.8017702129499675,1.3,1.08,450.0
351164,33.900391,1.03841,0,157.63,0.8145990407878513,1.3,1.08,450.0
351165,33.910156,1.01827,0,157.63,0.8274265550041737,1.3,1.08,450.0
351166,33.919922,1.02737,0,157.63,0.8402553828420576,1.3,1.08,450.0
351167,33.929688,1.00962,0,157.63,0.8530842106799041,1.3,1.08,450.0
351168,33.94043,1.02377,0,157.63,0.8671951331286694,1.3,1.08,450.0
351169,33.950195,0.99914,0,157.63,0.8800226473449918,1.3,1.08,450.0
351170,33.959961,1.04997,0,157.63,0.8928514751828757,1.3,1.08,450.0
351171,33.969727,1.04818,0,157.63,0.9056803030207221,1.3,1.08,450.0
351172,33.975586,1.03492,0,157.63,0.9133768115505455,1.3,1.08,450.0
351173,33.985352,1.02412,0,157.63,0.9262056393883921,1.3,1.08,450.0
351174,33.995117,1.04693,0,157.63,0.9390331536047517,1.3,1.08,450.0
351175,34.004883,1.06131,0,157.63,0.9518619814425983,1.3,1.08,450.0
351176,34.015625,1.06123,0,157.63,0.9659729038913262,1.3,1.08,450.0
351177,34.025391,1.05887,0,157.63,0.97880173172921,1.3,1.08,450.0
351178,34.035156,1.02175,0,157.63,0.9916292459455324,1.3,1.08,450.0
351179,34.044922,1.04385,0,157.63,0.004458073783416117,1.3,1.08,450.0
351180,34.054688,1.04655,0,157.63,0.017286901621262896,1.3,1.08,450.0
351181,34.06543,1.04975,0,157.63,0.03139782407002811,1.3,1.08,450.0
351182,34.075195,1.07324,0,157.63,0.044225338286350446,1.3,1.08,450.0
351183,34.080078,1.05087,0,157.63,0.050639752205292377,1.3,1.08,450.0
351184,34.089844,1.04381,0,157.63,0.06346858004313893,1.3,1.08,450.0
351185,34.100586,1.0443,0,157.63,0.07757950249190415,1.3,1.08,450.0
351186,34.110352,0.98306,0,157.63,0.09040833032975071,1.3,1.08,450.0
351187,34.120117,1.02202,0,157.63,0.10323584454611034,1.3,1.08,450.0
351188,34.129883,1.11296,0,157.63,0.1160646723839569,1.3,1.08,450.0
351189,34.140625,1.07341,0,157.63,0.13017559483268482,1.3,1.08,450.0
351190,34.150391,1.08548,0,157.63,0.14300442267056868,1.3,1.08,450.0
351191,34.160156,1.04458,0,157.63,0.155831936886891,1.3,1.08,450.0
351192,34.169922,1.06263,0,157.63,0.16866076472477487,1.3,1.08,450.0
351193,34.179688,1.05254,0,157.63,0.18148959256262143,1.3,1.08,450.0
351194,34.185547,1.02816,0,157.63,0.18918610109244494,1.3,1.08,450.0
351195,34.195313,1.05436,0,157.63,0.2020149289302915,1.3,1.08,450.0
351196,34.205078,1.0757,0,157.63,0.2148424431466509,1.3,1.08,450.0
351197,34.214844,1.06999,0,157.63,0.2276712709844977,1.3,1.08,450.0
351198,34.225586,1.0308,0,157.63,0.2417821934332629,1.3,1.08,450.0
351199,34.235352,1.06406,0,157.63,0.25461102127110946,1.3,1.08,450.0
351200,34.245117,1.04369,0,157.63,0.2674385354874689,1.3,1.08,450.0
351201,34.254883,1.05539,0,157.63,0.28026736332531565,1.3,1.08,450.0
351202,34.265625,1.04107,0,157.63,0.29437828577404357,1.3,1.08,450.0
351203,34.270508,1.00949,0,157.63,0.3007926996929853,1.3,1.08,450.0
351204,34.280274,1.01217,0,157.63,0.31362152753086936,1.3,1.08,450.0
351205,34.290039,1.03067,0,157.63,0.3264490417471917,1.3,1.08,450.0
351206,34.299805,1.02356,0,157.63,0.33927786958507555,1.3,1.08,450.0
351207,34.310547,1.1196,0,157.63,0.35338879203380347,1.3,1.08,450.0
351208,34.320313,1.1437,0,157.63,0.36621761987165,1.3,1.08,450.0
351209,34.330078,1.28198,0,157.63,0.37904513408800966,1.3,1.08,450.0
351210,34.339844,1.3751,1,139.88,0.0,1.3,1.08,450.0
351211,34.350586,1.50293,0,139.88,0.012521783421040324,1.3,1.08,450.0
351212,34.360352,1.59122,0,139.88,0.023905858722608187,1.3,1.08,450.0
351213,34.370117,1.77791,0,139.88,0.035288768339663525,1.3,1.08,450.0
351214,34.379883,1.92597,0,139.88,0.046672843641231386,1.3,1.08,450.0
351215,34.384766,1.96658,0,139.88,0.05236488129203188,1.3,1.08,450.0
351216,34.395508,1.70131,0,139.88,0.06488666471303908,1.3,1.08,450.0
351217,34.405274,1.78185,0,139.88,0.07627074001464007,1.3,1.08,450.0
351218,34.415039,2.18937,0,139.88,0.08765364963166226,1.3,1.08,450.0
351219,34.424805,1.66835,0,139.88,0.09903772493326327,1.3,1.08,450.0
351220,34.435547,2.01795,0,139.88,0.11155950835427046,1.3,1.08,450.0
351221,34.445313,2.13389,0,139.88,0.12294358365583832,1.3,1.08,450.0
351222,34.455078,1.28719,0,139.88,0.13432649327289367,1.3,1.08,450.0
351223,34.464844,1.29243,0,139.88,0.14571056857446152,1.3,1.08,450.0
351224,34.475586,1.07408,0,139.88,0.15823235199550184,1.3,1.08,450.0
351225,34.480469,1.03413,0,139.88,0.1639243896462692,1.3,1.08,450.0
351226,34.490235,1.0481,0,139.88,0.1753084649478702,1.3,1.08,450.0
351227,34.5,1.0796,0,139.88,0.18669137456489243,1.3,1.08,450.0
351228,34.509766,1.11788,0,139.88,0.19807544986649342,1.3,1.08,450.0
351229,34.520508,1.13415,0,139.88,0.2105972332875006,1.3,1.08,450.0
351230,34.530274,1.14346,0,139.88,0.22198130858910156,1.3,1.08,450.0
351231,34.540039,1.0604,0,139.88,0.2333642182061238,1.3,1.08,450.0
351232,34.549805,0.98019,0,139.88,0.24474829350772478,1.3,1.08,450.0
351233,34.560547,0.94719,0,139.88,0.257270076928732,1.3,1.08,450.0
351234,34.570313,0.98076,0,139.88,0.26865415223029987,1.3,1.08,450.0
351235,34.575195,1.04939,0,139.88,0.27434502419655465,1.3,1.08,450.0
351236,34.584961,1.04178,0,139.88,0.28572909949815567,1.3,1.08,450.0
351237,34.594727,1.03542,0,139.88,0.29711317479972355,1.3,1.08,450.0
351238,34.605469,1.05202,0,139.88,0.3096349582207308,1.3,1.08,450.0
351239,34.615235,1.08062,0,139.88,0.3210190335223317,1.3,1.08,450.0
351240,34.625,1.11319,0,139.88,0.33240194313935395,1.3,1.08,450.0
351241,34.634766,1.20812,0,139.88,0.3437860184409549,1.3,1.08,450.0
351242,34.645508,1.27335,0,139.88,0.3563078018619621,1.3,1.08,450.0
351243,34.655274,1.28541,0,139.88,0.3676918771635631,1.3,1.08,450.0
351244,34.665039,1.29688,0,139.88,0.3790747867805853,1.3,1.08,450.0
351245,34.674805,1.31453,0,139.88,0.39045886208218633,1.3,1.08,450.0
351246,34.685547,1.34438,0,139.88,0.4029806455031935,1.3,1.08,450.0
351247,34.69043,1.34447,0,139.88,0.40867268315399397,1.3,1.08,450.0
351248,34.700195,1.32781,0,139.88,0.4200555927710162,1.3,1.08,450.0
351249,34.709961,1.29385,0,139.88,0.4314396680726172,1.3,1.08,450.0
351250,34.719727,1.24863,0,139.88,0.44282374337418506,1.3,1.08,450.0
351251,34.730469,1.24237,0,139.88,0.4553455267951923,1.3,1.08,450.0
351252,34.740235,1.27202,0,139.88,0.4667296020967932,1.3,1.08,450.0
351253,34.75,1.40083,0,139.88,0.47811251171381547,1.3,1.08,450.0
351254,34.759766,1.52726,0,139.88,0.48949658701541643,1.3,1.08,450.0
351255,34.765625,1.60792,0,139.88,0.4963263327856231,1.3,1.08,450.0
351256,34.775391,1.60448,0,139.88,0.5077104080872241,1.3,1.08,450.0
351257,34.785156,1.53418,0,139.88,0.5190933177042464,1.3,1.08,450.0
351258,34.794922,1.46665,0,139.88,0.5304773930058473,1.3,1.08,450.0
351259,34.804688,1.43848,0,139.88,0.5418614683074152,1.3,1.08,450.0
351260,34.81543,1.43432,0,139.88,0.5543832517284556,1.3,1.08,450.0
351261,34.825195,1.40938,0,139.88,0.5657661613454777,1.3,1.08,450.0
351262,34.834961,1.36425,0,139.88,0.5771502366470787,1.3,1.08,450.0
351263,34.844727,1.32227,0,139.88,0.5885343119486465,1.3,1.08,450.0
351264,34.855469,1.31865,0,139.88,0.6010560953696538,1.3,1.08,450.0
351265,34.865235,1.33665,0,139.88,0.6124401706712548,1.3,1.08,450.0
351266,34.875,1.3517,0,139.88,0.6238230802882769,1.3,1.08,450.0
351267,34.879883,1.29036,0,139.88,0.6295151179390774,1.3,1.08,450.0
351268,34.890625,1.2347,0,139.88,0.6420369013600846,1.3,1.08,450.0
351269,34.900391,1.22138,0,139.88,0.6534209766616856,1.3,1.08,450.0
351270,34.910156,1.22657,0,139.88,0.6648038862787079,1.3,1.08,450.0
351271,34.919922,1.22573,0,139.88,0.6761879615803089,1.3,1.08,450.0
351272,34.929688,1.2171,0,139.88,0.6875720368818767,1.3,1.08,450.0
351273,34.94043,1.20164,0,139.88,0.7000938203029171,1.3,1.08,450.0
351274,34.950195,1.18713,0,139.88,0.7114767299199393,1.3,1.08,450.0
351275,34.959961,1.22882,0,139.88,0.7228608052215402,1.3,1.08,450.0
351276,34.969727,0.77439,0,139.88,0.734244880523108,1.3,1.08,450.0
351277,34.975586,1.41447,1,159.43,0.0,1.3,1.08,450.0
351278,34.985352,1.76775,0,159.43,0.012975076179040266,1.3,1.08,450.0
351279,34.995117,1.46134,0,159.43,0.025948823761339026,1.3,1.08,450.0
351280,35.004883,0.89418,0,159.43,0.03892389994037929,1.3,1.08,450.0
351281,35.015625,0.5918,0,159.43,0.053195686579267355,1.3,1.08,450.0
351282,35.025391,0.89,0,159.43,0.06617076275834538,1.3,1.08,450.0
351283,35.035156,1.71123,0,159.43,0.07914451034060638,1.3,1.08,450.0
351284,35.044922,1.85966,0,159.43,0.09211958651968441,1.3,1.08,450.0
351285,35.054688,1.54989,0,159.43,0.10509466269872467,1.3,1.08,450.0
351286,35.06543,1.24968,0,159.43,0.1193664493376505,1.3,1.08,450.0
351287,35.075195,1.24235,0,159.43,0.1323401969199115,1.3,1.08,450.0
351288,35.080078,1.30008,0,159.43,0.13882773500945053,1.3,1.08,450.0
351289,35.089844,1.25589,0,159.43,0.15180281118849076,1.3,1.08,450.0
351290,35.100586,1.24335,0,159.43,0.1660745978274166,1.3,1.08,450.0
351291,35.110352,1.56195,0,159.43,0.17904967400645688,1.3,1.08,450.0
351292,35.120117,1.2343,0,159.43,0.19202342158875563,1.3,1.08,450.0
351293,35.129883,1.11002,0,159.43,0.2049984977677959,1.3,1.08,450.0
351294,35.140625,1.14057,0,159.43,0.21927028440668395,1.3,1.08,450.0
351295,35.150391,1.17386,0,159.43,0.23224536058576198,1.3,1.08,450.0
351296,35.160156,1.19295,0,159.43,0.245219108168023,1.3,1.08,450.0
351297,35.169922,1.08815,0,159.43,0.258194184347101,1.3,1.08,450.0
351298,35.179688,1.163,0,159.43,0.2711692605261413,1.3,1.08,450.0
351299,35.185547,1.15945,0,159.43,0.27895350907552807,1.3,1.08,450.0
351300,35.195313,1.13007,0,159.43,0.2919285852545684,1.3,1.08,450.0
351301,35.205078,1.10187,0,159.43,0.3049023328368671,1.3,1.08,450.0
351302,35.214844,1.08096,0,159.43,0.3178774090159074,1.3,1.08,450.0
351303,35.225586,1.06714,0,159.43,0.3321491956548332,1.3,1.08,450.0
351304,35.235352,1.09718,0,159.43,0.3451242718338735,1.3,1.08,450.0
351305,35.245117,1.06402,0,159.43,0.3580980194161722,1.3,1.08,450.0
351306,35.254883,1.0868,0,159.43,0.3710730955952125,1.3,1.08,450.0
351307,35.265625,1.08553,0,159.43,0.38534488223410057,1.3,1.08,450.0
351308,35.270508,1.02711,0,159.43,0.3918324203236396,1.3,1.08,450.0
351309,35.280274,1.05711,0,159.43,0.40480749650271763,1.3,1.08,450.0
351310,35.290039,1.06883,0,159.43,0.41778124408497863,1.3,1.08,450.0
351311,35.299805,1.08624,0,159.43,0.43075632026405664,1.3,1.08,450.0
351312,35.310547,1.00903,0,159.43,0.4450281069029447,1.3,1.08,450.0
351313,35.320313,1.06474,0,159.43,0.45800318308198495,1.3,1.08,450.0
351314,35.330078,1.08384,0,159.43,0.4709769306642837,1.3,1.08,450.0
351315,35.339844,0.97142,0,159.43,0.48395200684332396,1.3,1.08,450.0
351316,35.350586,1.06077,0,159.43,0.4982237934822498,1.3,1.08,450.0
351317,35.360352,1.03757,0,159.43,0.5111988696612901,1.3,1.08,450.0
351318,35.370117,1.05631,0,159.43,0.5241726172435889,1.3,1.08,450.0
351319,35.379883,1.04107,0,159.43,0.537147693422629,1.3,1.08,450.0
351320,35.384766,1.00799,0,159.43,0.5436352315121681,1.3,1.08,450.0
351321,35.395508,1.02163,0,159.43,0.5579070181510561,1.3,1.08,450.0
351322,35.405274,1.00457,0,159.43,0.5708820943301341,1.3,1.08,450.0
351323,35.415039,1.02826,0,159.43,0.5838558419123953,1.3,1.08,450.0
351324,35.424805,1.01659,0,159.43,0.5968309180914733,1.3,1.08,450.0
351325,35.435547,1.02676,0,159.43,0.6111027047303613,1.3,1.08,450.0
351326,35.445313,1.01872,0,159.43,0.6240777809094015,1.3,1.08,450.0
351327,35.455078,1.02653,0,159.43,0.6370515284917003,1.3,1.08,450.0
351328,35.464844,1.01565,0,159.43,0.6500266046707406,1.3,1.08,450.0
351329,35.475586,1.0248,0,159.43,0.6642983913096664,1.3,1.08,450.0
351330,35.480469,1.02895,0,159.43,0.6707859293991677,1.3,1.08,450.0
351331,35.490235,1.03591,0,159.43,0.6837610055782457,1.3,1.08,450.0
351332,35.5,1.01591,0,159.43,0.6967347531605067,1.3,1.08,450.0
351333,35.509766,1.01126,0,159.43,0.7097098293395848,1.3,1.08,450.0
351334,35.520508,1.03128,0,159.43,0.7239816159784728,1.3,1.08,450.0
351335,35.530274,1.0218,0,159.43,0.7369566921575508,1.3,1.08,450.0
351336,35.540039,1.05327,0,159.43,0.7499304397398118,1.3,1.08,450.0
351337,35.549805,1.00516,0,159.43,0.7629055159188899,1.3,1.08,450.0
351338,35.560547,1.03125,0,159.43,0.777177302557778,1.3,1.08,450.0
351339,35.570313,1.04674,0,159.43,0.7901523787368182,1.3,1.08,450.0
351340,35.575195,1.01699,0,159.43,0.796638588229578,1.3,1.08,450.0
351341,35.584961,1.03652,0,159.43,0.809613664408656,1.3,1.08,450.0
351342,35.594727,1.05511,0,159.43,0.8225887405876962,1.3,1.08,450.0
351343,35.605469,1.07927,0,159.43,0.8368605272265842,1.3,1.08,450.0
351344,35.615235,0.99683,0,159.43,0.8498356034056623,1.3,1.08,450.0
351345,35.625,1.04958,0,159.43,0.8628093509879233,1.3,1.08,450.0
351346,35.634766,1.05978,0,159.43,0.8757844271670013,1.3,1.08,450.0
351347,35.645508,1.03495,0,159.43,0.8900562138058894,1.3,1.08,450.0
351348,35.655274,1.03476,0,159.43,0.9030312899849674,1.3,1.08,450.0
351349,35.665039,1.05558,0,159.43,0.9160050375672284,1.3,1.08,450.0
351350,35.674805,1.02668,0,159.43,0.9289801137463064,1.3,1.08,450.0
351351,35.685547,1.04534,0,159.43,0.9432519003851945,1.3,1.08,450.0
351352,35.69043,1.04685,0,159.43,0.9497394384747335,1.3,1.08,450.0
351353,35.700195,1.05156,0,159.43,0.9627131860569945,1.3,1.08,450.0
351354,35.709961,1.05442,0,159.43,0.9756882622360725,1.3,1.08,450.0
351355,35.719727,1.04187,0,159.43,0.9886633384151129,1.3,1.08,450.0
351356,35.730469,1.07633,0,159.43,0.0029351250540008422,1.3,1.08,450.0
351357,35.740235,1.03503,0,159.43,0.015910201233078958,1.3,1.08,450.0
351358,35.75,1.07802,0,159.43,0.028883948815339844,1.3,1.08,450.0
351359,35.759766,1.04346,0,159.43,0.04185902499441796,1.3,1.08,450.0
351360,35.765625,1.06042,0,159.43,0.049643273543767075,1.3,1.08,450.0
351361,35.775391,1.04828,0,159.43,0.06261834972284497,1.3,1.08,450.0
351362,35.785156,1.03777,0,159.43,0.07559209730510585,1.3,1.08,450.0
351363,35.794922,0.96126,0,159.43,0.08856717348418397,1.3,1.08,450.0
351364,35.804688,1.02431,0,159.43,0.10154224966322434,1.3,1.08,450.0
351365,35.81543,1.03336,0,159.43,0.11581403630215026,1.3,1.08,450.0
351366,35.825195,1.09202,0,159.43,0.12878778388441114,1.3,1.08,450.0
351367,35.834961,1.09528,0,159.43,0.14176286006348926,1.3,1.08,450.0
351368,35.844727,1.01584,0,159.43,0.1547379362425294,1.3,1.08,450.0
351369,35.855469,1.03759,0,159.43,0.16900972288141736,1.3,1.08,450.0
351370,35.865235,1.08613,0,159.43,0.18198479906049547,1.3,1.08,450.0
351371,35.875,1.102,0,159.43,0.19495854664275636,1.3,1.08,450.0
351372,35.879883,1.05356,0,159.43,0.20144608473229564,1.3,1.08,450.0
351373,35.890625,1.07935,0,159.43,0.2157178713711836,1.3,1.08,450.0
351374,35.900391,1.08005,0,159.43,0.22869294755026148,1.3,1.08,450.0
351375,35.910156,1.03676,0,159.43,0.2416666951325226,1.3,1.08,450.0
351376,35.919922,1.05997,0,159.43,0.2546417713116007,1.3,1.08,450.0
351377,35.929688,1.09627,0,159.43,0.26761684749064085,1.3,1.08,450.0
351378,35.94043,0.99591,0,159.43,0.28188863412956655,1.3,1.08,450.0
351379,35.950195,1.05598,0,159.43,0.29486238171182766,1.3,1.08,450.0
351380,35.959961,0.98801,0,159.43,0.3078374578909058,1.3,1.08,450.0
351381,35.969727,1.0286,0,159.43,0.32081253406994614,1.3,1.08,450.0
351382,35.975586,1.01099,0,159.43,0.3285967826193328,1.3,1.08,450.0
351383,35.985352,1.08675,0,159.43,0.34157185879837315,1.3,1.08,450.0
351384,35.995117,1.10174,0,159.43,0.3545456063806718,1.3,1.08,450.0
351385,36.004883,1.24404,0,159.43,0.36752068255971193,1.3,1.08,450.0
351386,36.015625,1.36706,1,141.81,0.0,1.3,1.08,450.0
351387,36.025391,1.44579,0,141.81,0.0115410587031185,1.3,1.08,450.0
351388,36.035156,1.57743,0,141.81,0.023080935647174745,1.3,1.08,450.0
351389,36.044922,1.64276,0,141.81,0.03462199435029325,1.3,1.08,450.0
351390,36.054688,1.7816,0,141.81,0.046163053053378166,1.3,1.08,450.0
351391,36.06543,1.83604,0,141.81,0.05885750857139803,1.3,1.08,450.0
351392,36.070313,1.72073,0,141.81,0.0646280379229237,1.3,1.08,450.0
351393,36.080078,1.61626,0,141.81,0.07616791486701353,1.3,1.08,450.0
351394,36.089844,1.90903,0,141.81,0.08770897357009844,1.3,1.08,450.0
351395,36.100586,1.79652,0,141.81,0.1004034290881183,1.3,1.08,450.0
351396,36.110352,1.72494,0,141.81,0.11194448779120322,1.3,1.08,450.0
351397,36.120117,2.35944,0,141.81,0.12348436473529305,1.3,1.08,450.0
351398,36.129883,1.79076,0,141.81,0.13502542343837795,1.3,1.08,450.0
351399,36.140625,1.14045,0,141.81,0.14771987895636424,1.3,1.08,450.0
351400,36.150391,1.19633,0,141.81,0.15926093765948274,1.3,1.08,450.0
351401,36.160156,1.05258,0,141.81,0.170800814603539,1.3,1.08,450.0
351402,36.169922,1.08957,0,141.81,0.1823418733066575,1.3,1.08,450.0
351403,36.179688,1.13763,0,141.81,0.1938829320097424,1.3,1.08,450.0
351404,36.185547,1.17461,0,141.81,0.20080685817620303,1.3,1.08,450.0
351405,36.195313,1.16218,0,141.81,0.21234791687928795,1.3,1.08,450.0
351406,36.205078,1.13167,0,141.81,0.22388779382337776,1.3,1.08,450.0
351407,36.214844,1.06465,0,141.81,0.23542885252646267,1.3,1.08,450.0
351408,36.225586,0.974,0,141.81,0.24812330804448254,1.3,1.08,450.0
351409,36.235352,0.92359,0,141.81,0.2596643667475675,1.3,1.08,450.0
351410,36.245117,0.94078,0,141.81,0.2712042436916573,1.3,1.08,450.0
351411,36.254883,0.96714,0,141.81,0.2827453023947422,1.3,1.08,450.0
351412,36.265625,0.98153,0,141.81,0.2954397579127285,1.3,1.08,450.0
351413,36.270508,0.94891,0,141.81,0.3012102872642878,1.3,1.08,450.0
351414,36.280274,0.9434,0,141.81,0.3127513459674062,1.3,1.08,450.0
351415,36.290039,1.01699,0,141.81,0.3242912229114625,1.3,1.08,450.0
351416,36.299805,1.14392,0,141.81,0.335832281614581,1.3,1.08,450.0
351417,36.310547,1.21987,0,141.81,0.34852673713256727,1.3,1.08,450.0
351418,36.320313,1.19684,0,141.81,0.3600677958356522,1.3,1.08,450.0
351419,36.330078,1.17864,0,141.81,0.37160767277974205,1.3,1.08,450.0
351420,36.339844,1.24803,0,141.81,0.3831487314828269,1.3,1.08,450.0
351421,36.350586,1.32646,0,141.81,0.3958431870008468,1.3,1.08,450.0
351422,36.360352,1.40512,0,141.81,0.40738424570393167,1.3,1.08,450.0
351423,36.370117,1.46197,0,141.81,0.41892412264802154,1.3,1.08,450.0
351424,36.375,1.48145,0,141.81,0.4246946519995472,1.3,1.08,450.0
351425,36.384766,1.43429,0,141.81,0.4362357107026657,1.3,1.08,450.0
351426,36.395508,1.36166,0,141.81,0.448930166220652,1.3,1.08,450.0
351427,36.405274,1.28907,0,141.81,0.46047122492377046,1.3,1.08,450.0
351428,36.415039,1.23707,0,141.81,0.47201110186782674,1.3,1.08,450.0
351429,36.424805,1.27199,0,141.81,0.48355216057094524,1.3,1.08,450.0
351430,36.435547,1.37937,0,141.81,0.4962466160889315,1.3,1.08,450.0
351431,36.445313,1.46956,0,141.81,0.5077876747920164,1.3,1.08,450.0
351432,36.455078,1.51053,0,141.81,0.5193275517361063,1.3,1.08,450.0
351433,36.464844,1.51998,0,141.81,0.5308686104391912,1.3,1.08,450.0
351434,36.475586,1.49799,0,141.81,0.5435630659572112,1.3,1.08,450.0
351435,36.480469,1.48475,0,141.81,0.5493335953087367,1.3,1.08,450.0
351436,36.490235,1.44709,0,141.81,0.5608746540118552,1.3,1.08,450.0
351437,36.5,1.3704,0,141.81,0.5724145309559115,1.3,1.08,450.0
351438,36.509766,1.28176,0,141.81,0.58395558965903,1.3,1.08,450.0
351439,36.520508,1.2527,0,141.81,0.5966500451770163,1.3,1.08,450.0
351440,36.530274,1.25974,0,141.81,0.6081911038801348,1.3,1.08,450.0
351441,36.540039,1.26824,0,141.81,0.619730980824191,1.3,1.08,450.0
351442,36.549805,1.30637,0,141.81,0.6312720395273096,1.3,1.08,450.0
351443,36.560547,1.33178,0,141.81,0.6439664950452958,1.3,1.08,450.0
351444,36.56543,1.30307,0,141.81,0.649737024396855,1.3,1.08,450.0
351445,36.575195,1.26261,0,141.81,0.6612769013409113,1.3,1.08,450.0
351446,36.584961,1.24208,0,141.81,0.6728179600440298,1.3,1.08,450.0
351447,36.594727,1.25718,0,141.81,0.6843590187471147,1.3,1.08,450.0
351448,36.605469,1.27547,0,141.81,0.6970534742651009,1.3,1.08,450.0
351449,36.615235,1.31909,0,141.81,0.7085945329682194,1.3,1.08,450.0
351450,36.625,1.33699,0,141.81,0.7201344099122757,1.3,1.08,450.0
351451,36.634766,1.16728,0,141.81,0.7316754686153942,1.3,1.08,450.0
351452,36.645508,0.69253,0,141.81,0.7443699241333804,1.3,1.08,450.0
351453,36.655274,1.5805,1,160.13,0.0,1.3,1.08,450.0
351454,36.665039,1.80613,0,160.13,0.013030400185770643,1.3,1.08,450.0
351455,36.674805,1.22463,0,160.13,0.02606213476995636,1.3,1.08,450.0
351456,36.679688,0.81259,0,160.13,0.032578002062011294,1.3,1.08,450.0
351457,36.69043,1.08698,0,160.13,0.04691210946559688,1.3,1.08,450.0
351458,36.700195,1.7687,0,160.13,0.05994250965136752,1.3,1.08,450.0
351459,36.709961,1.76711,0,160.13,0.07297424423555324,1.3,1.08,450.0
351460,36.719727,1.43478,0,160.13,0.08600597881970103,1.3,1.08,450.0
351461,36.730469,1.18755,0,160.13,0.10034008622324869,1.3,1.08,450.0
351462,36.740235,1.19556,0,160.13,0.11337182080743441,1.3,1.08,450.0
351463,36.75,1.87329,0,160.13,0.12640222099320506,1.3,1.08,450.0
351464,36.759766,1.3531,0,160.13,0.1394339555773908,1.3,1.08,450.0
351465,36.765625,1.23262,0,160.13,0.14725219568884557,1.3,1.08,450.0
351466,36.775391,1.05778,0,160.13,0.16028393027303128,1.3,1.08,450.0
351467,36.785156,1.22901,0,160.13,0.17331433045880196,1.3,1.08,450.0
351468,36.794922,1.19514,0,160.13,0.18634606504298767,1.3,1.08,450.0
351469,36.804688,1.09463,0,160.13,0.19937779962713545,1.3,1.08,450.0
351470,36.81543,1.12009,0,160.13,0.21371190703072104,1.3,1.08,450.0
351471,36.825195,1.13035,0,160.13,0.2267423072164917,1.3,1.08,450.0
351472,36.834961,1.0975,0,160.13,0.2397740418006774,1.3,1.08,450.0
351473,36.844727,1.14232,0,160.13,0.2528057763848252,1.3,1.08,450.0
351474,36.855469,1.10365,0,160.13,0.26713988378837283,1.3,1.08,450.0
351475,36.865235,1.0802,0,160.13,0.2801716183725586,1.3,1.08,450.0
351476,36.875,1.08684,0,160.13,0.2932020185583292,1.3,1.08,450.0
351477,36.879883,1.09781,0,160.13,0.2997178858504221,1.3,1.08,450.0
351478,36.890625,1.04283,0,160.13,0.31405199325396976,1.3,1.08,450.0
351479,36.900391,1.05799,0,160.13,0.3270837278381554,1.3,1.08,450.0
351480,36.910156,1.06057,0,160.13,0.3401141280239261,1.3,1.08,450.0
351481,36.919922,1.04236,0,160.13,0.3531458626081118,1.3,1.08,450.0
351482,36.929688,1.05036,0,160.13,0.3661775971922596,1.3,1.08,450.0
351483,36.94043,1.06181,0,160.13,0.3805117045958452,1.3,1.08,450.0
351484,36.950195,1.03288,0,160.13,0.39354210478161583,1.3,1.08,450.0
351485,36.959961,1.08718,0,160.13,0.40657383936580155,1.3,1.08,450.0
351486,36.969727,1.02816,0,160.13,0.41960557394994935,1.3,1.08,450.0
351487,36.975586,1.0733,0,160.13,0.4274238140614421,1.3,1.08,450.0
351488,36.985352,1.07108,0,160.13,0.44045554864558983,1.3,1.08,450.0
351489,36.995117,1.02594,0,160.13,0.4534859488313984,1.3,1.08,450.0
351490,37.004883,1.04349,0,160.13,0.4665176834155462,1.3,1.08,450.0
351491,37.015625,1.05353,0,160.13,0.4808517908190939,1.3,1.08,450.0
351492,37.025391,1.02695,0,160.13,0.4938835254032796,1.3,1.08,450.0
351493,37.035156,1.06216,0,160.13,0.5069139255890502,1.3,1.08,450.0
351494,37.044922,1.02218,0,160.13,0.519945660173236,1.3,1.08,450.0
351495,37.054688,1.02474,0,160.13,0.5329773947573837,1.3,1.08,450.0
351496,37.06543,1.02605,0,160.13,0.5473115021609694,1.3,1.08,450.0
351497,37.070313,1.02595,0,160.13,0.5538273694530244,1.3,1.08,450.0
351498,37.080078,1.01378,0,160.13,0.5668577696388329,1.3,1.08,450.0
351499,37.089844,1.03047,0,160.13,0.5798895042229807,1.3,1.08,450.0
351500,37.100586,1.03064,0,160.13,0.5942236116265662,1.3,1.08,450.0
351501,37.110352,1.00648,0,160.13,0.607255346210714,1.3,1.08,450.0
351502,37.120117,1.0659,0,160.13,0.6202857463965226,1.3,1.08,450.0
351503,37.129883,1.05707,0,160.13,0.6333174809806704,1.3,1.08,450.0
351504,37.140625,0.9947,0,160.13,0.647651588384218,1.3,1.08,450.0
351505,37.150391,1.07268,0,160.13,0.6606833229684038,1.3,1.08,450.0
351506,37.160156,0.9951,0,160.13,0.6737137231541744,1.3,1.08,450.0
351507,37.169922,1.06462,0,160.13,0.68674545773836,1.3,1.08,450.0
351508,37.179688,1.0149,0,160.13,0.6997771923225079,1.3,1.08,450.0
351509,37.185547,1.04589,0,160.13,0.7075954324340007,1.3,1.08,450.0
351510,37.195313,1.04502,0,160.13,0.7206271670181484,1.3,1.08,450.0
351511,37.205078,1.03466,0,160.13,0.733657567203957,1.3,1.08,450.0
351512,37.214844,1.02262,0,160.13,0.7466893017881049,1.3,1.08,450.0
351513,37.225586,1.02331,0,160.13,0.7610234091916904,1.3,1.08,450.0
351514,37.235352,1.05589,0,160.13,0.7740551437758382,1.3,1.08,450.0
351515,37.245117,1.02531,0,160.13,0.7870855439616468,1.3,1.08,450.0
351516,37.254883,1.04146,0,160.13,0.8001172785457946,1.3,1.08,450.0
351517,37.265625,1.03538,0,160.13,0.8144513859493422,1.3,1.08,450.0
351518,37.270508,1.02023,0,160.13,0.820967253241435,1.3,1.08,450.0
351519,37.280274,1.01795,0,160.13,0.8339989878256209,1.3,1.08,450.0
351520,37.290039,1.02555,0,160.13,0.8470293880113914,1.3,1.08,450.0
351521,37.299805,1.03495,0,160.13,0.8600611225955771,1.3,1.08,450.0
351522,37.310547,1.04899,0,160.13,0.8743952299991249,1.3,1.08,450.0
351523,37.320313,1.03706,0,160.13,0.8874269645832726,1.3,1.08,450.0
351524,37.330078,1.02849,0,160.13,0.9004573647690812,1.3,1.08,450.0
351525,37.339844,1.02558,0,160.13,0.9134890993532291,1.3,1.08,450.0
351526,37.350586,1.03453,0,160.13,0.9278232067568145,1.3,1.08,450.0
351527,37.360352,1.03592,0,160.13,0.9408549413409624,1.3,1.08,450.0
351528,37.370117,1.05859,0,160.13,0.953885341526771,1.3,1.08,450.0
351529,37.375,1.02612,0,160.13,0.9604012088188258,1.3,1.08,450.0
351530,37.384766,1.03808,0,160.13,0.9734329434030116,1.3,1.08,450.0
351531,37.395508,1.03341,0,160.13,0.9877670508065592,1.3,1.08,450.0
351532,37.405274,1.0415,0,160.13,0.0007987853907449605,1.3,1.08,450.0
351533,37.415039,1.03398,0,160.13,0.013829185576515579,1.3,1.08,450.0
351534,37.424805,1.06297,0,160.13,0.026860920160701296,1.3,1.08,450.0
351535,37.435547,1.01739,0,160.13,0.041195027564248976,1.3,1.08,450.0
351536,37.445313,1.04882,0,160.13,0.05422676214839672,1.3,1.08,450.0
351537,37.455078,1.05157,0,160.13,0.06725716233420531,1.3,1.08,450.0
351538,37.464844,1.04011,0,160.13,0.08028889691835328,1.3,1.08,450.0
351539,37.475586,1.06467,0,160.13,0.09462300432193871,1.3,1.08,450.0
351540,37.480469,1.03699,0,160.13,0.1011388716139936,1.3,1.08,450.0
351541,37.490235,1.0454,0,160.13,0.11417060619817931,1.3,1.08,450.0
351542,37.5,0.97973,0,160.13,0.12720100638394993,1.3,1.08,450.0
351543,37.509766,1.03933,0,160.13,0.14023274096813565,1.3,1.08,450.0
351544,37.520508,0.99876,0,160.13,0.15456684837168333,1.3,1.08,450.0
351545,37.530274,1.14604,0,160.13,0.16759858295586905,1.3,1.08,450.0
351546,37.540039,1.04193,0,160.13,0.1806289831416399,1.3,1.08,450.0
351547,37.549805,1.02869,0,160.13,0.1936607177258256,1.3,1.08,450.0
351548,37.560547,1.08006,0,160.13,0.20799482512937306,1.3,1.08,450.0
351549,37.56543,1.06738,0,160.13,0.21451069242146614,1.3,1.08,450.0
351550,37.575195,1.08971,0,160.13,0.22754109260723654,1.3,1.08,450.0
351551,37.584961,1.02416,0,160.13,0.24057282719142226,1.3,1.08,450.0
351552,37.594727,1.10357,0,160.13,0.2536045617755702,1.3,1.08,450.0
351553,37.605469,1.05975,0,160.13,0.2679386691791177,1.3,1.08,450.0
351554,37.615235,1.03403,0,160.13,0.2809704037633034,1.3,1.08,450.0
351555,37.625,1.04854,0,160.13,0.29400080394907424,1.3,1.08,450.0
351556,37.634766,1.07808,0,160.13,0.30703253853325996,1.3,1.08,450.0
351557,37.645508,1.04649,0,160.13,0.32136664593680764,1.3,1.08,450.0
351558,37.655274,1.03573,0,160.13,0.33439838052099335,1.3,1.08,450.0
351559,37.665039,1.03215,0,160.13,0.347428780706764,1.3,1.08,450.0
351560,37.674805,0.94536,0,160.13,0.3604605152909497,1.3,1.08,450.0
351561,37.679688,1.03274,0,160.13,0.3669763825830046,1.3,1.08,450.0
351562,37.69043,1.03512,0,160.13,0.38131048998659,1.3,1.08,450.0
351563,37.700195,1.03219,0,160.13,0.39434089017236085,1.3,1.08,450.0
351564,37.709961,1.11788,0,160.13,0.40737262475654656,1.3,1.08,450.0
351565,37.719727,1.26057,0,160.13,0.4204043593406943,1.3,1.08,450.0
351566,37.730469,1.26641,0,160.13,0.434738466744242,1.3,1.08,450.0
351567,37.740235,1.50154,1,140.32,0.0,1.3,1.08,450.0
351568,37.75,1.53053,0,140.32,0.011418369517030855,1.3,1.08,450.0
351569,37.759766,1.5515,0,140.32,0.022837908349966754,1.3,1.08,450.0
351570,37.765625,1.72289,0,140.32,0.029688930060178625,1.3,1.08,450.0
351571,37.775391,1.7981,0,140.32,0.04110846889311452,1.3,1.08,450.0
351572,37.785156,1.79187,0,140.32,0.052526838410145375,1.3,1.08,450.0
351573,37.794922,1.65782,0,140.32,0.06394637724308128,1.3,1.08,450.0
351574,37.804688,1.88982,0,140.32,0.07536591607598393,1.3,1.08,450.0
351575,37.81543,2.11235,0,140.32,0.08792670720269699,1.3,1.08,450.0
351576,37.825195,1.64187,0,140.32,0.09934507671972785,1.3,1.08,450.0
351577,37.834961,1.96345,0,140.32,0.11076461555266376,1.3,1.08,450.0
351578,37.844727,2.16005,0,140.32,0.12218415438556642,1.3,1.08,450.0
351579,37.855469,1.28722,0,140.32,0.13474494551224622,1.3,1.08,450.0
351580,37.865235,1.27297,0,140.32,0.14616448434518212,1.3,1.08,450.0
351581,37.870117,1.11761,0,140.32,0.15187308444577827,1.3,1.08,450.0
351582,37.879883,1.08807,0,140.32,0.16329262327868094,1.3,1.08,450.0
351583,37.890625,1.16254,0,140.32,0.17585341440536076,1.3,1.08,450.0
351584,37.900391,1.27054,0,140.32,0.18727295323829665,1.3,1.08,450.0
351585,37.910156,1.2584,0,140.32,0.1986913227553275,1.3,1.08,450.0
351586,37.919922,1.20849,0,140.32,0.2101108615882634,1.3,1.08,450.0
351587,37.929688,1.12856,0,140.32,0.22153040042116606,1.3,1.08,450.0
351588,37.94043,1.05352,0,140.32,0.23409119154787913,1.3,1.08,450.0
351589,37.950195,0.96447,0,140.32,0.24550956106490998,1.3,1.08,450.0
351590,37.959961,0.90395,0,140.32,0.25692909989784585,1.3,1.08,450.0
351591,37.969727,0.87219,0,140.32,0.26834863873074855,1.3,1.08,450.0
351592,37.975586,0.8939,0,140.32,0.2751996604409937,1.3,1.08,450.0
351593,37.985352,0.97619,0,140.32,0.2866191992738963,1.3,1.08,450.0
351594,37.995117,1.0297,0,140.32,0.2980375687909604,1.3,1.08,450.0
351595,38.004883,1.00584,0,140.32,0.309457107623863,1.3,1.08,450.0
351596,38.015625,0.95174,0,140.32,0.3220178987505429,1.3,1.08,450.0
351597,38.025391,1.0301,0,140.32,0.33343743758347877,1.3,1.08,450.0
351598,38.035156,1.20092,0,140.32,0.34485580710050967,1.3,1.08,450.0
351599,38.044922,1.30939,0,140.32,0.35627534593344556,1.3,1.08,450.0
351600,38.054688,1.35838,0,140.32,0.3676948847663482,1.3,1.08,450.0
351601,38.060547,1.38369,0,140.32,0.3745459064765933,1.3,1.08,450.0
351602,38.070313,1.40937,0,140.32,0.38596544530949595,1.3,1.08,450.0
351603,38.080078,1.43954,0,140.32,0.3973838148265601,1.3,1.08,450.0
351604,38.089844,1.49267,0,140.32,0.4088033536594627,1.3,1.08,450.0
351605,38.100586,1.49262,0,140.32,0.4213641447861758,1.3,1.08,450.0
351606,38.110352,1.42936,0,140.32,0.43278368361907843,1.3,1.08,450.0
351607,38.120117,1.37991,0,140.32,0.4442020531361425,1.3,1.08,450.0
351608,38.129883,1.36699,0,140.32,0.45562159196904517,1.3,1.08,450.0
351609,38.140625,1.38223,0,140.32,0.46818238309572496,1.3,1.08,450.0
351610,38.150391,1.39454,0,140.32,0.4796019219286609,1.3,1.08,450.0
351611,38.160156,1.43867,0,140.32,0.49102029144569176,1.3,1.08,450.0
351612,38.169922,1.43541,0,140.32,0.5024398302786277,1.3,1.08,450.0
351613,38.174805,1.42654,0,140.32,0.5081495996950955,1.3,1.08,450.0
351614,38.185547,1.44517,0,140.32,0.5207103908217754,1.3,1.08,450.0
351615,38.195313,1.44375,0,140.32,0.5321299296546781,1.3,1.08,450.0
351616,38.205078,1.41901,0,140.32,0.5435482991717422,1.3,1.08,450.0
351617,38.214844,1.38017,0,140.32,0.5549678380046449,1.3,1.08,450.0
351618,38.225586,1.31938,0,140.32,0.5675286291313579,1.3,1.08,450.0
351619,38.235352,1.24105,0,140.32,0.5789481679642605,1.3,1.08,450.0
351620,38.245117,1.20605,0,140.32,0.5903665374813246,1.3,1.08,450.0
351621,38.254883,1.20044,0,140.32,0.6017860763142273,1.3,1.08,450.0
351622,38.265625,1.22852,0,140.32,0.6143468674409072,1.3,1.08,450.0
351623,38.270508,1.29777,0,140.32,0.6200566368573751,1.3,1.08,450.0
351624,38.280274,1.27299,0,140.32,0.631476175690311,1.3,1.08,450.0
351625,38.290039,1.20354,0,140.32,0.6428945452073419,1.3,1.08,450.0
351626,38.299805,1.16692,0,140.32,0.6543140840402778,1.3,1.08,450.0
351627,38.310547,1.17192,0,140.32,0.6668748751669575,1.3,1.08,450.0
351628,38.320313,1.19268,0,140.32,0.6782944139998601,1.3,1.08,450.0
351629,38.330078,1.18479,0,140.32,0.6897127835169243,1.3,1.08,450.0
351630,38.339844,1.14681,0,140.32,0.7011323223498269,1.3,1.08,450.0
351631,38.350586,1.1682,0,140.32,0.71369311347654,1.3,1.08,450.0
351632,38.360352,1.15848,0,140.32,0.7251126523094428,1.3,1.08,450.0
351633,38.365235,0.73361,0,140.32,0.7308224217259107,1.3,1.08,450.0
351634,38.375,1.42567,1,159.81,0.0,1.3,1.08,450.0
351635,38.384766,1.87829,0,159.81,0.013005811820718716,1.3,1.08,450.0
351636,38.395508,1.48787,0,159.81,0.02731140577708616,1.3,1.08,450.0
351637,38.405274,0.94992,0,159.81,0.04031721759780487,1.3,1.08,450.0
351638,38.415039,0.69417,0,159.81,0.05332169767449763,1.3,1.08,450.0
351639,38.424805,1.14242,0,159.81,0.06632750949521635,1.3,1.08,450.0
351640,38.435547,1.82065,0,159.81,0.08063310345158378,1.3,1.08,450.0
351641,38.445313,1.85293,0,159.81,0.09363891527226466,1.3,1.08,450.0
351642,38.455078,1.48583,0,159.81,0.10664339534899527,1.3,1.08,450.0
351643,38.464844,1.19199,0,159.81,0.11964920716967613,1.3,1.08,450.0
351644,38.475586,1.14819,0,159.81,0.13395480112608144,1.3,1.08,450.0
351645,38.480469,1.18043,0,159.81,0.14045770703640292,1.3,1.08,450.0
351646,38.490235,1.31218,0,159.81,0.15346351885712164,1.3,1.08,450.0
351647,38.5,1.56526,0,159.81,0.1664679989338144,1.3,1.08,450.0
351648,38.509766,1.28365,0,159.81,0.17947381075453311,1.3,1.08,450.0
351649,38.520508,1.06201,0,159.81,0.19377940471090055,1.3,1.08,450.0
351650,38.530274,1.15133,0,159.81,0.20678521653161927,1.3,1.08,450.0
351651,38.540039,1.1577,0,159.81,0.21978969660831202,1.3,1.08,450.0
351652,38.549805,1.28661,0,159.81,0.23279550842903074,1.3,1.08,450.0
351653,38.560547,1.20422,0,159.81,0.2471011023853982,1.3,1.08,450.0
351654,38.56543,1.17956,0,159.81,0.2536040082957575,1.3,1.08,450.0
351655,38.575195,1.12402,0,159.81,0.2666084883724503,1.3,1.08,450.0
351656,38.584961,1.20374,0,159.81,0.2796143001931691,1.3,1.08,450.0
351657,38.594727,1.05669,0,159.81,0.2926201120138499,1.3,1.08,450.0
351658,38.605469,1.10671,0,159.81,0.3069257059702173,1.3,1.08,450.0
351659,38.615235,1.05479,0,159.81,0.31993151779093604,1.3,1.08,450.0
351660,38.625,0.96497,0,159.81,0.3329359978676288,1.3,1.08,450.0
351661,38.634766,1.08311,0,159.81,0.34594180968834753,1.3,1.08,450.0
351662,38.645508,1.05665,0,159.81,0.36024740364471497,1.3,1.08,450.0
351663,38.655274,1.0268,0,159.81,0.3732532154654337,1.3,1.08,450.0
351664,38.665039,1.02695,0,159.81,0.38625769554212647,1.3,1.08,450.0
351665,38.674805,1.01977,0,159.81,0.39926350736284516,1.3,1.08,450.0
351666,38.679688,1.03491,0,159.81,0.40576641327316665,1.3,1.08,450.0
351667,38.69043,1.05288,0,159.81,0.42007200722957194,1.3,1.08,450.0
351668,38.700195,1.07562,0,159.81,0.4330764873062647,1.3,1.08,450.0
351669,38.709961,1.06197,0,159.81,0.44608229912698344,1.3,1.08,450.0
351670,38.719727,1.09221,0,159.81,0.4590881109476643,1.3,1.08,450.0
351671,38.730469,1.03595,0,159.81,0.4733937049040317,1.3,1.08,450.0
351672,38.740235,1.06211,0,159.81,0.48639951672475046,1.3,1.08,450.0
351673,38.75,1.0334,0,159.81,0.4994039968014432,1.3,1.08,450.0
351674,38.759766,1.03422,0,159.81,0.5124098086221619,1.3,1.08,450.0
351675,38.765625,1.03802,0,159.81,0.52021249666817,1.3,1.08,450.0
351676,38.775391,1.04301,0,159.81,0.5332183084888887,1.3,1.08,450.0
351677,38.785156,1.01327,0,159.81,0.5462227885655815,1.3,1.08,450.0
351678,38.794922,1.02532,0,159.81,0.5592286003863002,1.3,1.08,450.0
351679,38.804688,1.02698,0,159.81,0.5722344122069811,1.3,1.08,450.0
351680,38.81543,1.00805,0,159.81,0.5865400061633863,1.3,1.08,450.0
351681,38.825195,1.0463,0,159.81,0.5995444862400792,1.3,1.08,450.0
351682,38.834961,1.0275,0,159.81,0.6125502980607979,1.3,1.08,450.0
351683,38.844727,1.03207,0,159.81,0.6255561098814787,1.3,1.08,450.0
351684,38.855469,1.04625,0,159.81,0.6398617038378461,1.3,1.08,450.0
351685,38.865235,1.02704,0,159.81,0.6528675156585648,1.3,1.08,450.0
351686,38.870117,1.04702,0,159.81,0.6593690898249361,1.3,1.08,450.0
351687,38.879883,1.03872,0,159.81,0.672374901645617,1.3,1.08,450.0
351688,38.890625,1.07285,0,159.81,0.6866804956019844,1.3,1.08,450.0
351689,38.900391,1.03314,0,159.81,0.6996863074227032,1.3,1.08,450.0
351690,38.910156,1.03822,0,159.81,0.7126907874993959,1.3,1.08,450.0
351691,38.919922,1.06213,0,159.81,0.7256965993201145,1.3,1.08,450.0
351692,38.929688,1.01701,0,159.81,0.7387024111407955,1.3,1.08,450.0
351693,38.94043,1.0162,0,159.81,0.7530080050972008,1.3,1.08,450.0
351694,38.950195,1.03151,0,159.81,0.7660124851738935,1.3,1.08,450.0
351695,38.959961,1.04624,0,159.81,0.7790182969946122,1.3,1.08,450.0
351696,38.969727,1.01456,0,159.81,0.7920241088152931,1.3,1.08,450.0
351697,38.975586,1.02188,0,159.81,0.7998267968613391,1.3,1.08,450.0
351698,38.985352,1.02915,0,159.81,0.8128326086820199,1.3,1.08,450.0
351699,38.995117,0.99605,0,159.81,0.8258370887587504,1.3,1.08,450.0
351700,39.004883,1.0295,0,159.81,0.8388429005794313,1.3,1.08,450.0
351701,39.015625,1.02951,0,159.81,0.8531484945357988,1.3,1.08,450.0
351702,39.025391,1.05015,0,159.81,0.8661543063565175,1.3,1.08,450.0
351703,39.035156,1.02364,0,159.81,0.8791587864332103,1.3,1.08,450.0
351704,39.044922,1.03011,0,159.81,0.892164598253929,1.3,1.08,450.0
351705,39.054688,1.02413,0,159.81,0.90517041007461,1.3,1.08,450.0
351706,39.060547,1.03018,0,159.81,0.9129730981206557,1.3,1.08,450.0
351707,39.070313,1.02417,0,159.81,0.9259789099413367,1.3,1.08,450.0
351708,39.080078,1.0717,0,159.81,0.9389833900180673,1.3,1.08,450.0
351709,39.089844,1.04283,0,159.81,0.9519892018387481,1.3,1.08,450.0
351710,39.100586,1.04465,0,159.81,0.9662947957951534,1.3,1.08,450.0
351711,39.110352,1.04374,0,159.81,0.9793006076158343,1.3,1.08,450.0
351712,39.120117,1.05684,0,159.81,0.9923050876925649,1.3,1.08,450.0
351713,39.129883,1.05179,0,159.81,0.005310899513245815,1.3,1.08,450.0
351714,39.140625,1.0704,0,159.81,0.01961649346961325,1.3,1.08,450.0
351715,39.150391,1.05612,0,159.81,0.032622305290332054,1.3,1.08,450.0
351716,39.160156,1.05985,0,159.81,0.04562678536702469,1.3,1.08,450.0
351717,39.169922,1.0441,0,159.81,0.058632597187743274,1.3,1.08,450.0
351718,39.174805,1.0525,0,159.81,0.06513550309810268,1.3,1.08,450.0
351719,39.185547,1.05094,0,159.81,0.07944109705447011,1.3,1.08,450.0
351720,39.195313,1.04337,0,159.81,0.09244690887515095,1.3,1.08,450.0
351721,39.205078,1.02976,0,159.81,0.10545138895188155,1.3,1.08,450.0
351722,39.214844,1.01643,0,159.81,0.11845720077256261,1.3,1.08,450.0
351723,39.225586,0.96198,0,159.81,0.1327627947289678,1.3,1.08,450.0
351724,39.235352,1.02653,0,159.81,0.14576860654964863,1.3,1.08,450.0
351725,39.245117,1.12307,0,159.81,0.15877308662637923,1.3,1.08,450.0
351726,39.254883,1.11116,0,159.81,0.17177889844706007,1.3,1.08,450.0
351727,39.265625,1.0241,0,159.81,0.1860844924034275,1.3,1.08,450.0
351728,39.270508,1.05115,0,159.81,0.1925873983137869,1.3,1.08,450.0
351729,39.280274,1.05792,0,159.81,0.2055932101345057,1.3,1.08,450.0
351730,39.290039,1.05665,0,159.81,0.21859769021119835,1.3,1.08,450.0
351731,39.299805,1.02565,0,159.81,0.23160350203191715,1.3,1.08,450.0
351732,39.310547,1.05071,0,159.81,0.2459090959882846,1.3,1.08,450.0
351733,39.320313,1.07601,0,159.81,0.2589149078089654,1.3,1.08,450.0
351734,39.330078,1.01843,0,159.81,0.27191938788569603,1.3,1.08,450.0
351735,39.339844,1.10101,0,159.81,0.28492519970637686,1.3,1.08,450.0
351736,39.350586,1.05528,0,159.81,0.29923079366278227,1.3,1.08,450.0
351737,39.360352,1.08526,0,159.81,0.3122366054834631,1.3,1.08,450.0
351738,39.365235,1.00034,0,159.81,0.3187395113938225,1.3,1.08,450.0
351739,39.375,1.01055,0,159.81,0.33174399147051514,1.3,1.08,450.0
351740,39.384766,1.05379,0,159.81,0.34474980329123395,1.3,1.08,450.0
351741,39.395508,1.04805,0,159.81,0.3590553972476014,1.3,1.08,450.0
351742,39.405274,1.02636,0,159.81,0.3720612090683202,1.3,1.08,450.0
351743,39.415039,1.09711,0,159.81,0.3850656891450128,1.3,1.08,450.0
351744,39.424805,1.1868,0,159.81,0.39807150096573163,1.3,1.08,450.0
351745,39.435547,1.26317,0,159.81,0.41237709492209906,1.3,1.08,450.0
351746,39.445313,1.28919,0,159.81,0.4253829067427799,1.3,1.08,450.0
351747,39.455078,1.42021,1,140.33,0.0,1.3,1.08,450.0
351748,39.464844,1.49986,0,140.33,0.011420262917852501,1.3,1.08,450.0
351749,39.475586,1.88402,0,140.33,0.023981850493524304,1.3,1.08,450.0
351750,39.480469,1.88868,0,140.33,0.029691981952433937,1.3,1.08,450.0
351751,39.490235,1.89011,0,140.33,0.04111224487031968,1.3,1.08,450.0
351752,39.5,1.51757,0,140.33,0.052531338398156914,1.3,1.08,450.0
351753,39.509766,1.69504,0,140.33,0.06395160131604265,1.3,1.08,450.0
351754,39.520508,2.12653,0,140.33,0.07651318889168122,1.3,1.08,450.0
351755,39.530274,1.91092,0,140.33,0.08793345180956695,1.3,1.08,450.0
351756,39.540039,1.83664,0,140.33,0.0993525453374042,1.3,1.08,450.0
351757,39.549805,2.29656,0,140.33,0.11077280825528993,1.3,1.08,450.0
351758,39.560547,1.42646,0,140.33,0.1233343958309285,1.3,1.08,450.0
351759,39.56543,1.21576,0,140.33,0.12904452728987137,1.3,1.08,450.0
351760,39.575195,1.18119,0,140.33,0.14046362081770863,1.3,1.08,450.0
351761,39.584961,1.11916,0,140.33,0.15188388373559433,1.3,1.08,450.0
351762,39.594727,1.14928,0,140.33,0.16330414665344686,1.3,1.08,450.0
351763,39.605469,1.17322,0,140.33,0.1758657342290854,1.3,1.08,450.0
351764,39.615235,1.1726,0,140.33,0.18728599714697117,1.3,1.08,450.0
351765,39.625,1.1653,0,140.33,0.1987050906748084,1.3,1.08,450.0
351766,39.634766,1.16828,0,140.33,0.21012535359269416,1.3,1.08,450.0
351767,39.645508,1.12746,0,140.33,0.22268694116833268,1.3,1.08,450.0
351768,39.655274,1.02722,0,140.33,0.23410720408621843,1.3,1.08,450.0
351769,39.665039,0.98688,0,140.33,0.24552629761405567,1.3,1.08,450.0
351770,39.669922,0.98275,0,140.33,0.25123642907299853,1.3,1.08,450.0
351771,39.679688,1.0229,0,140.33,0.262656691990851,1.3,1.08,450.0
351772,39.69043,1.05916,0,140.33,0.27521827956652284,1.3,1.08,450.0
351773,39.700195,1.0454,0,140.33,0.28663737309436005,1.3,1.08,450.0
351774,39.709961,1.03372,0,140.33,0.29805763601224583,1.3,1.08,450.0
351775,39.719727,1.03919,0,140.33,0.30947789893009836,1.3,1.08,450.0
351776,39.730469,1.01469,0,140.33,0.32203948650573694,1.3,1.08,450.0
351777,39.740235,1.08339,0,140.33,0.3334597494236226,1.3,1.08,450.0
351778,39.75,1.17736,0,140.33,0.3448788429514599,1.3,1.08,450.0
351779,39.759766,1.23324,0,140.33,0.3562991058693456,1.3,1.08,450.0
351780,39.765625,1.25009,0,140.33,0.3631505619860413,1.3,1.08,450.0
351781,39.775391,1.26626,0,140.33,0.374570824903927,1.3,1.08,450.0
351782,39.785156,1.33673,0,140.33,0.3859899184317643,1.3,1.08,450.0
351783,39.794922,1.41895,0,140.33,0.39741018134965,1.3,1.08,450.0
351784,39.804688,1.49112,0,140.33,0.40883044426750254,1.3,1.08,450.0
351785,39.81543,1.494,0,140.33,0.4213920318431743,1.3,1.08,450.0
351786,39.825195,1.45235,0,140.33,0.4328111253710116,1.3,1.08,450.0
351787,39.834961,1.37458,0,140.33,0.4442313882888973,1.3,1.08,450.0
351788,39.844727,1.30728,0,140.33,0.4556516512067498,1.3,1.08,450.0
351789,39.855469,1.29707,0,140.33,0.46821323878238835,1.3,1.08,450.0
351790,39.860352,1.336,0,140.33,0.47392337024133124,1.3,1.08,450.0
351791,39.870117,1.35854,0,140.33,0.48534246376920176,1.3,1.08,450.0
351792,39.879883,1.37561,0,140.33,0.49676272668705423,1.3,1.08,450.0
351793,39.890625,1.42071,0,140.33,0.5093243142626928,1.3,1.08,450.0
351794,39.900391,1.51068,0,140.33,0.5207445771805785,1.3,1.08,450.0
351795,39.910156,1.60332,0,140.33,0.5321636707084157,1.3,1.08,450.0
351796,39.919922,1.60236,0,140.33,0.5435839336263015,1.3,1.08,450.0
351797,39.929688,1.54955,0,140.33,0.555004196544154,1.3,1.08,450.0
351798,39.94043,1.49353,0,140.33,0.5675657841198257,1.3,1.08,450.0
351799,39.950195,1.43684,0,140.33,0.578984877647663,1.3,1.08,450.0
351800,39.959961,1.41567,0,140.33,0.5904051405655488,1.3,1.08,450.0
351801,39.964844,1.38393,0,140.33,0.5961152720244585,1.3,1.08,450.0
351802,39.975586,1.38443,0,140.33,0.6086768596001303,1.3,1.08,450.0
351803,39.985352,1.41635,0,140.33,0.6200971225179828,1.3,1.08,450.0
351804,39.995117,1.4573,0,140.33,0.6315162160458532,1.3,1.08,450.0
351805,40.004883,1.44548,0,140.33,0.6429364789637056,1.3,1.08,450.0
351806,40.015625,1.3999,0,140.33,0.6554980665393443,1.3,1.08,450.0
351807,40.025391,1.37682,0,140.33,0.6669183294572301,1.3,1.08,450.0
351808,40.035156,1.38113,0,140.33,0.6783374229850672,1.3,1.08,450.0
351809,40.044922,1.43148,0,140.33,0.6897576859029529,1.3,1.08,450.0
351810,40.054688,0.84217,0,140.33,0.7011779488208055,1.3,1.08,450.0
351811,40.060547,1.3777,1,163.47,0.0,1.3,1.08,450.0
351812,40.070313,1.90903,0,163.47,0.013304015731869812,1.3,1.08,450.0
351813,40.080078,1.65557,0,163.47,0.02660666918488235,1.3,1.08,450.0
351814,40.089844,1.00729,0,163.47,0.03991068491675216,1.3,1.08,450.0
351815,40.100586,0.62567,0,163.47,0.05454428485452169,1.3,1.08,450.0
351816,40.110352,1.04486,0,163.47,0.0678483005863915,1.3,1.08,450.0
351817,40.120117,1.51639,0,163.47,0.08115095403940403,1.3,1.08,450.0
351818,40.129883,1.59203,0,163.47,0.09445496977127384,1.3,1.08,450.0
351819,40.140625,1.30953,0,163.47,0.10908856970900466,1.3,1.08,450.0
351820,40.150391,1.10902,0,163.47,0.12239258544091319,1.3,1.08,450.0
351821,40.160156,1.07724,0,163.47,0.13569523889388702,1.3,1.08,450.0
351822,40.165039,1.2064,0,163.47,0.14234724675984128,1.3,1.08,450.0
351823,40.174805,1.47826,0,163.47,0.15565126249174982,1.3,1.08,450.0
351824,40.185547,1.62038,0,163.47,0.17028486242948063,1.3,1.08,450.0
351825,40.195313,1.24722,0,163.47,0.18358887816135044,1.3,1.08,450.0
351826,40.205078,1.10572,0,163.47,0.19689153161436296,1.3,1.08,450.0
351827,40.214844,1.02091,0,163.47,0.21019554734623278,1.3,1.08,450.0
351828,40.225586,1.11912,0,163.47,0.22482914728400233,1.3,1.08,450.0
351829,40.235352,1.21228,0,163.47,0.23813316301587212,1.3,1.08,450.0
351830,40.245117,1.17594,0,163.47,0.25143581646888463,1.3,1.08,450.0
351831,40.254883,1.0854,0,163.47,0.2647398322007545,1.3,1.08,450.0
351832,40.265625,1.14357,0,163.47,0.2793734321384853,1.3,1.08,450.0
351833,40.270508,1.09807,0,163.47,0.2860254400044395,1.3,1.08,450.0
351834,40.280274,1.11596,0,163.47,0.2993294557363481,1.3,1.08,450.0
351835,40.290039,1.09084,0,163.47,0.3126321091893219,1.3,1.08,450.0
351836,40.299805,1.03815,0,163.47,0.3259361249212304,1.3,1.08,450.0
351837,40.310547,1.04944,0,163.47,0.34056972485896125,1.3,1.08,450.0
351838,40.320313,1.0534,0,163.47,0.35387374059083104,1.3,1.08,450.0
351839,40.330078,1.05863,0,163.47,0.36717639404384356,1.3,1.08,450.0
351840,40.339844,1.06545,0,163.47,0.3804804097757134,1.3,1.08,450.0
351841,40.350586,1.02759,0,163.47,0.3951140097134829,1.3,1.08,450.0
351842,40.360352,1.03306,0,163.47,0.4084180254453527,1.3,1.08,450.0
351843,40.365235,1.04385,0,163.47,0.415070033311307,1.3,1.08,450.0
351844,40.375,1.01332,0,163.47,0.4283726867642808,1.3,1.08,450.0
351845,40.384766,1.01037,0,163.47,0.44167670249618934,1.3,1.08,450.0
351846,40.395508,1.06399,0,163.47,0.4563103024339201,1.3,1.08,450.0
351847,40.405274,1.0803,0,163.47,0.4696143181658287,1.3,1.08,450.0
351848,40.415039,1.00481,0,163.47,0.4829169716188025,1.3,1.08,450.0
351849,40.424805,1.07981,0,163.47,0.496220987350711,1.3,1.08,450.0
351850,40.435547,1.01973,0,163.47,0.5108545872884418,1.3,1.08,450.0
351851,40.445313,1.02568,0,163.47,0.5241586030203116,1.3,1.08,450.0
351852,40.455078,1.03733,0,163.47,0.5374612564733242,1.3,1.08,450.0
351853,40.464844,1.0193,0,163.47,0.550765272205194,1.3,1.08,450.0
351854,40.475586,1.03702,0,163.47,0.5653988721429636,1.3,1.08,450.0
351855,40.480469,1.03372,0,163.47,0.572050880008879,1.3,1.08,450.0
351856,40.490235,1.0495,0,163.47,0.5853548957407876,1.3,1.08,450.0
351857,40.5,1.02481,0,163.47,0.5986575491937615,1.3,1.08,450.0
351858,40.509766,1.02829,0,163.47,0.61196156492567,1.3,1.08,450.0
351859,40.520508,1.00231,0,163.47,0.6265951648634008,1.3,1.08,450.0
351860,40.530274,1.02116,0,163.47,0.6398991805953093,1.3,1.08,450.0
351861,40.540039,1.02161,0,163.47,0.6532018340482831,1.3,1.08,450.0
351862,40.549805,0.9971,0,163.47,0.6665058497801917,1.3,1.08,450.0
351863,40.560547,1.04017,0,163.47,0.6811394497179225,1.3,1.08,450.0
351864,40.56543,1.07293,0,163.47,0.6877914575838767,1.3,1.08,450.0
351865,40.575195,1.04686,0,163.47,0.7010941110368505,1.3,1.08,450.0
351866,40.584961,1.05843,0,163.47,0.714398126768759,1.3,1.08,450.0
351867,40.594727,1.06815,0,163.47,0.7277021425006677,1.3,1.08,450.0
351868,40.605469,1.01797,0,163.47,0.7423357424383984,1.3,1.08,450.0
351869,40.615235,1.07128,0,163.47,0.7556397581702294,1.3,1.08,450.0
351870,40.625,0.98342,0,163.47,0.768942411623242,1.3,1.08,450.0
351871,40.634766,1.14545,0,163.47,0.7822464273551506,1.3,1.08,450.0
351872,40.645508,1.07869,0,163.47,0.7968800272928813,1.3,1.08,450.0
351873,40.655274,1.01284,0,163.47,0.81018404302479,1.3,1.08,450.0
351874,40.665039,1.05032,0,163.47,0.8234866964778025,1.3,1.08,450.0
351875,40.669922,1.02043,0,163.47,0.8301387043436793,1.3,1.08,450.0
351876,40.679688,1.05585,0,163.47,0.8434427200755878,1.3,1.08,450.0
351877,40.69043,0.98796,0,163.47,0.8580763200133187,1.3,1.08,450.0
351878,40.700195,1.06278,0,163.47,0.8713789734663312,1.3,1.08,450.0
351879,40.709961,1.04934,0,163.47,0.8846829891982396,1.3,1.08,450.0
351880,40.719727,0.99653,0,163.47,0.8979870049301482,1.3,1.08,450.0
351881,40.730469,1.02308,0,163.47,0.912620604867879,1.3,1.08,450.0
351882,40.740235,1.03385,0,163.47,0.9259246205997101,1.3,1.08,450.0
351883,40.75,1.02324,0,163.47,0.9392272740527227,1.3,1.08,450.0
351884,40.759766,1.04607,0,163.47,0.9525312897846312,1.3,1.08,450.0
351885,40.765625,1.04623,0,163.47,0.9605128818564077,1.3,1.08,450.0
351886,40.775391,1.04578,0,163.47,0.9738168975883162,1.3,1.08,450.0
351887,40.785156,1.04181,0,163.47,0.9871195510413288,1.3,1.08,450.0
351888,40.794922,1.02926,0,163.47,0.00042356677316002234,1.3,1.08,450.0
351889,40.804688,1.04383,0,163.47,0.013727582505068447,1.3,1.08,450.0
351890,40.81543,1.04498,0,163.47,0.02836118244279917,1.3,1.08,450.0
351891,40.825195,1.05653,0,163.47,0.041663835895811685,1.3,1.08,450.0
351892,40.834961,1.04943,0,163.47,0.05496785162772033,1.3,1.08,450.0
351893,40.844727,1.04808,0,163.47,0.06827186735962898,1.3,1.08,450.0
351894,40.855469,1.04064,0,163.47,0.08290546729735948,1.3,1.08,450.0
351895,40.860352,1.04685,0,163.47,0.08955747516331392,1.3,1.08,450.0
351896,40.870117,1.04973,0,163.47,0.10286012861624916,1.3,1.08,450.0
351897,40.879883,0.99904,0,163.47,0.11616414434815758,1.3,1.08,450.0
351898,40.890625,1.01699,0,163.47,0.1307977442858883,1.3,1.08,450.0
351899,40.900391,0.99122,0,163.47,0.14410176001779695,1.3,1.08,450.0
351900,40.910156,1.14027,0,163.47,0.15740441347080947,1.3,1.08,450.0
351901,40.919922,1.09364,0,163.47,0.17070842920264062,1.3,1.08,450.0
351902,40.929688,1.0432,0,163.47,0.18401244493454905,1.3,1.08,450.0
351903,40.94043,1.05248,0,163.47,0.19864604487227977,1.3,1.08,450.0
351904,40.950195,1.04382,0,163.47,0.2119486983252925,1.3,1.08,450.0
351905,40.959961,1.06105,0,163.47,0.22525271405720093,1.3,1.08,450.0
351906,40.969727,1.08048,0,163.47,0.23855672978910958,1.3,1.08,450.0
351907,40.975586,1.11595,0,163.47,0.24653832186088587,1.3,1.08,450.0
351908,40.985352,1.02595,0,163.47,0.2598423375927945,1.3,1.08,450.0
351909,40.995117,1.05962,0,163.47,0.27314499104572953,1.3,1.08,450.0
351910,41.004883,1.1293,0,163.47,0.2864490067776382,1.3,1.08,450.0
351911,41.015625,1.03887,0,163.47,0.3010826067153689,1.3,1.08,450.0
351912,41.025391,1.12153,0,163.47,0.31438662244727733,1.3,1.08,450.0
351913,41.035156,1.0764,0,163.47,0.32768927590029007,1.3,1.08,450.0
351914,41.044922,1.04536,0,163.47,0.340993291632121,1.3,1.08,450.0
351915,41.054688,1.05204,0,163.47,0.35429730736402965,1.3,1.08,450.0
351916,41.060547,1.15815,0,163.47,0.3622788994358064,1.3,1.08,450.0
351917,41.070313,1.23249,0,163.47,0.3755829151677148,1.3,1.08,450.0
351918,41.080078,1.46355,1,145.16,0.0,1.3,1.08,450.0
351919,41.089844,1.58853,0,145.16,0.011813975129649186,1.3,1.08,450.0
351920,41.100586,1.74953,0,145.16,0.024808621949477246,1.3,1.08,450.0
351921,41.110352,2.1948,0,145.16,0.036622597079126434,1.3,1.08,450.0
351922,41.120117,2.25529,0,145.16,0.04843536250410929,1.3,1.08,450.0
351923,41.129883,2.02501,0,145.16,0.06024933763375848,1.3,1.08,450.0
351924,41.140625,1.87831,0,145.16,0.07324398445358654,1.3,1.08,450.0
351925,41.150391,2.1567,0,145.16,0.08505795958323573,1.3,1.08,450.0
351926,41.160156,1.78533,0,145.16,0.09687072500828736,1.3,1.08,450.0
351927,41.165039,2.16893,0,145.16,0.10277771257311194,1.3,1.08,450.0
351928,41.174805,1.65905,0,145.16,0.11459168770269237,1.3,1.08,450.0
351929,41.185547,1.10468,0,145.16,0.12758633452252044,1.3,1.08,450.0
351930,41.195313,1.0638,0,145.16,0.1394003096521696,1.3,1.08,450.0
351931,41.205078,1.00678,0,145.16,0.15121307507722123,1.3,1.08,450.0
351932,41.214844,1.16725,0,145.16,0.16302705020687042,1.3,1.08,450.0
351933,41.225586,1.29301,0,145.16,0.17602169702669848,1.3,1.08,450.0
351934,41.235352,1.28855,0,145.16,0.18783567215634767,1.3,1.08,450.0
351935,41.245117,1.14848,0,145.16,0.19964843758133052,1.3,1.08,450.0
351936,41.254883,0.93751,0,145.16,0.2114624127109797,1.3,1.08,450.0
351937,41.265625,0.80125,0,145.16,0.2244570595308078,1.3,1.08,450.0
351938,41.270508,0.85764,0,145.16,0.23036404709563238,1.3,1.08,450.0
351939,41.280274,0.95758,0,145.16,0.24217802222528156,1.3,1.08,450.0
351940,41.290039,1.07659,0,145.16,0.25399078765033317,1.3,1.08,450.0
351941,41.299805,1.08604,0,145.16,0.2658047627799136,1.3,1.08,450.0
351942,41.310547,0.96745,0,145.16,0.2787994095997417,1.3,1.08,450.0
351943,41.320313,0.90054,0,145.16,0.29061338472939086,1.3,1.08,450.0
351944,41.330078,0.9729,0,145.16,0.30242615015444246,1.3,1.08,450.0
351945,41.339844,1.13019,0,145.16,0.3142401252840916,1.3,1.08,450.0
351946,41.350586,1.23031,0,145.16,0.32723477210391977,1.3,1.08,450.0
351947,41.355469,1.20904,0,145.16,0.3331417596687443,1.3,1.08,450.0
351948,41.365235,1.14758,0,145.16,0.34495573479832475,1.3,1.08,450.0
351949,41.375,1.1603,0,145.16,0.35676850022337636,1.3,1.08,450.0
351950,41.384766,1.24733,0,145.16,0.3685824753530255,1.3,1.08,450.0
351951,41.395508,1.38785,0,145.16,0.3815771221728536,1.3,1.08,450.0
351952,41.405274,1.44341,0,145.16,0.3933910973025028,1.3,1.08,450.0
351953,41.415039,1.43023,0,145.16,0.40520386272755443,1.3,1.08,450.0
351954,41.424805,1.3596,0,145.16,0.41701783785713487,1.3,1.08,450.0
351955,41.435547,1.29484,0,145.16,0.4300124846769629,1.3,1.08,450.0
351956,41.445313,1.27268,0,145.16,0.4418264598066121,1.3,1.08,450.0
351957,41.455078,1.2718,0,145.16,0.45363922523166367,1.3,1.08,450.0
351958,41.464844,1.26867,0,145.16,0.4654532003613129,1.3,1.08,450.0
351959,41.469727,1.26673,0,145.16,0.4713601879261375,1.3,1.08,450.0
351960,41.480469,1.3463,0,145.16,0.4843548347459655,1.3,1.08,450.0
351961,41.490235,1.46511,0,145.16,0.49616880987554596,1.3,1.08,450.0
351962,41.5,1.5583,0,145.16,0.5079815753005976,1.3,1.08,450.0
351963,41.509766,1.57494,0,145.16,0.5197955504302468,1.3,1.08,450.0
351964,41.520508,1.53271,0,145.16,0.5327901972500748,1.3,1.08,450.0
351965,41.530274,1.45633,0,145.16,0.544604172379724,1.3,1.08,450.0
351966,41.540039,1.39519,0,145.16,0.5564169378047757,1.3,1.08,450.0
351967,41.549805,1.34112,0,145.16,0.568230912934356,1.3,1.08,450.0
351968,41.560547,1.31079,0,145.16,0.5812255597541841,1.3,1.08,450.0
351969,41.56543,1.30186,0,145.16,0.5871325473190087,1.3,1.08,450.0
351970,41.575195,1.29137,0,145.16,0.5989453127440604,1.3,1.08,450.0
351971,41.584961,1.27643,0,145.16,0.6107592878737095,1.3,1.08,450.0
351972,41.594727,1.28368,0,145.16,0.6225732630033587,1.3,1.08,450.0
351973,41.605469,1.281,0,145.16,0.6355679098231868,1.3,1.08,450.0
351974,41.615235,1.25514,0,145.16,0.6473818849527672,1.3,1.08,450.0
351975,41.625,1.23585,0,145.16,0.6591946503778188,1.3,1.08,450.0
351976,41.634766,1.22261,0,145.16,0.6710086255074681,1.3,1.08,450.0
351977,41.645508,1.21619,0,145.16,0.6840032723272961,1.3,1.08,450.0
351978,41.655274,1.22534,0,145.16,0.6958172474569453,1.3,1.08,450.0
351979,41.660156,1.2558,0,145.16,0.7017230253171722,1.3,1.08,450.0
351980,41.669922,1.28875,0,145.16,0.7135370004467527,1.3,1.08,450.0
351981,41.679688,1.1911,0,145.16,0.7253509755764019,1.3,1.08,450.0
351982,41.69043,0.90602,0,145.16,0.7383456223962299,1.3,1.08,450.0
351983,41.700195,1.7396,1,164.5,0.0,1.3,1.08,450.0
351984,41.709961,1.87402,0,164.5,0.013387841470704634,1.3,1.08,450.0
351985,41.719727,1.3193,0,164.5,0.02677568294140927,1.3,1.08,450.0
351986,41.730469,0.8397,0,164.5,0.04150148604175998,1.3,1.08,450.0
351987,41.740235,0.82655,0,164.5,0.0548893275123867,1.3,1.08,450.0
351988,41.75,1.54989,0,164.5,0.06827579812076931,1.3,1.08,450.0
351989,41.759766,2.00669,0,164.5,0.08166363959147395,1.3,1.08,450.0
351990,41.765625,1.65177,0,164.5,0.08969552195647233,1.3,1.08,450.0
351991,41.775391,1.06219,0,164.5,0.10308336342717697,1.3,1.08,450.0
351992,41.785156,0.93003,0,164.5,0.11646983403555958,1.3,1.08,450.0
351993,41.794922,1.00486,0,164.5,0.1298576755061863,1.3,1.08,450.0
351994,41.804688,1.11535,0,164.5,0.14324551697689092,1.3,1.08,450.0
351995,41.81543,1.25794,0,164.5,0.15797132007724163,1.3,1.08,450.0
351996,41.825195,1.55739,0,164.5,0.17135779068562423,1.3,1.08,450.0
351997,41.834961,1.15661,0,164.5,0.1847456321563289,1.3,1.08,450.0
351998,41.844727,1.36283,0,164.5,0.1981334736270335,1.3,1.08,450.0
351999,41.850586,1.20677,0,164.5,0.2061653559920319,1.3,1.08,450.0
352000,41.860352,1.17111,0,164.5,0.21955319746273655,1.3,1.08,450.0
352001,41.870117,1.1902,0,164.5,0.23293966807104122,1.3,1.08,450.0
352002,41.879883,1.12349,0,164.5,0.24632750954174584,1.3,1.08,450.0
352003,41.890625,1.21041,0,164.5,0.2610533126420966,1.3,1.08,450.0
352004,41.900391,1.20219,0,164.5,0.27444115411280123,1.3,1.08,450.0
352005,41.910156,1.08481,0,164.5,0.28782762472118384,1.3,1.08,450.0
352006,41.919922,1.11311,0,164.5,0.30121546619181055,1.3,1.08,450.0
352007,41.929688,1.05674,0,164.5,0.31460330766251515,1.3,1.08,450.0
352008,41.94043,0.98622,0,164.5,0.32932911076286586,1.3,1.08,450.0
352009,41.950195,1.00037,0,164.5,0.34271558137124847,1.3,1.08,450.0
352010,41.959961,1.04986,0,164.5,0.3561034228419531,1.3,1.08,450.0
352011,41.964844,1.04248,0,164.5,0.3627973435773055,1.3,1.08,450.0
352012,41.975586,1.02968,0,164.5,0.37752314667765613,1.3,1.08,450.0
352013,41.985352,0.98541,0,164.5,0.39091098814836084,1.3,1.08,450.0
352014,41.995117,1.03651,0,164.5,0.40429745875666545,1.3,1.08,450.0
352015,42.004883,1.06307,0,164.5,0.4176853002273701,1.3,1.08,450.0
352016,42.015625,1.05021,0,164.5,0.4324111033277208,1.3,1.08,450.0
352017,42.025391,1.09167,0,164.5,0.44579894479842547,1.3,1.08,450.0
352018,42.035156,1.06071,0,164.5,0.4591854154068081,1.3,1.08,450.0
352019,42.044922,1.02731,0,164.5,0.4725732568774348,1.3,1.08,450.0
352020,42.054688,1.05527,0,164.5,0.4859610983481394,1.3,1.08,450.0
352021,42.060547,1.03749,0,164.5,0.4939929807131378,1.3,1.08,450.0
352022,42.070313,1.02514,0,164.5,0.5073808221838425,1.3,1.08,450.0
352023,42.080078,1.05608,0,164.5,0.520767292792225,1.3,1.08,450.0
352024,42.089844,1.02567,0,164.5,0.5341551342629297,1.3,1.08,450.0
352025,42.100586,1.01769,0,164.5,0.5488809373632805,1.3,1.08,450.0
352026,42.110352,1.02488,0,164.5,0.5622687788339851,1.3,1.08,450.0
352027,42.120117,1.00135,0,164.5,0.5756552494422897,1.3,1.08,450.0
352028,42.129883,1.00717,0,164.5,0.5890430909129943,1.3,1.08,450.0
352029,42.140625,1.01717,0,164.5,0.6037688940133451,1.3,1.08,450.0
352030,42.150391,1.03892,0,164.5,0.6171567354840497,1.3,1.08,450.0
352031,42.160156,0.99687,0,164.5,0.6305432060924324,1.3,1.08,450.0
352032,42.165039,1.00695,0,164.5,0.6372371268277847,1.3,1.08,450.0
352033,42.174805,1.04803,0,164.5,0.6506249682984113,1.3,1.08,450.0
352034,42.185547,1.05145,0,164.5,0.6653507713987621,1.3,1.08,450.0
352035,42.195313,1.0169,0,164.5,0.6787386128694667,1.3,1.08,450.0
352036,42.205078,1.06085,0,164.5,0.6921250834778493,1.3,1.08,450.0
352037,42.214844,1.03762,0,164.5,0.7055129249485539,1.3,1.08,450.0
352038,42.225586,1.01012,0,164.5,0.7202387280489047,1.3,1.08,450.0
352039,42.235352,1.00966,0,164.5,0.7336265695196093,1.3,1.08,450.0
352040,42.245117,1.01754,0,164.5,0.747013040127914,1.3,1.08,450.0
352041,42.254883,1.03208,0,164.5,0.7604008815986186,1.3,1.08,450.0
352042,42.265625,1.0435,0,164.5,0.7751266846989694,1.3,1.08,450.0
352043,42.270508,1.03288,0,164.5,0.7818206054343216,1.3,1.08,450.0
352044,42.280274,1.00559,0,164.5,0.7952084469050262,1.3,1.08,450.0
352045,42.290039,1.02964,0,164.5,0.8085949175134088,1.3,1.08,450.0
352046,42.299805,1.01874,0,164.5,0.8219827589840355,1.3,1.08,450.0
352047,42.310547,1.07153,0,164.5,0.8367085620843863,1.3,1.08,450.0
352048,42.320313,1.05962,0,164.5,0.8500964035550909,1.3,1.08,450.0
352049,42.330078,1.06772,0,164.5,0.8634828741634736,1.3,1.08,450.0
352050,42.339844,1.06524,0,164.5,0.8768707156341782,1.3,1.08,450.0
352051,42.350586,1.01847,0,164.5,0.8915965187345289,1.3,1.08,450.0
352052,42.355469,1.04065,0,164.5,0.8982904394698813,1.3,1.08,450.0
352053,42.365235,1.04401,0,164.5,0.911678280940508,1.3,1.08,450.0
352054,42.375,1.05881,0,164.5,0.9250647515488905,1.3,1.08,450.0
352055,42.384766,1.04501,0,164.5,0.9384525930195952,1.3,1.08,450.0
352056,42.395508,1.04139,0,164.5,0.9531783961199458,1.3,1.08,450.0
352057,42.405274,1.0552,0,164.5,0.9665662375906504,1.3,1.08,450.0
352058,42.415039,1.02619,0,164.5,0.9799527081990331,1.3,1.08,450.0
352059,42.424805,1.04198,0,164.5,0.9933405496696598,1.3,1.08,450.0
352060,42.435547,1.01548,0,164.5,0.008066352770010665,1.3,1.08,450.0
352061,42.445313,1.04715,0,164.5,0.021454194240715152,1.3,1.08,450.0
352062,42.455078,1.05487,0,164.5,0.03484066484909776,1.3,1.08,450.0
352063,42.464844,1.0444,0,164.5,0.04822850631980247,1.3,1.08,450.0
352064,42.469727,1.05385,0,164.5,0.05492242705515471,1.3,1.08,450.0
352065,42.480469,1.0171,0,164.5,0.06964823015550548,1.3,1.08,450.0
352066,42.490235,1.03801,0,164.5,0.08303607162613225,1.3,1.08,450.0
352067,42.5,1.0715,0,164.5,0.09642254223451463,1.3,1.08,450.0
352068,42.509766,1.02918,0,164.5,0.10981038370521934,1.3,1.08,450.0
352069,42.520508,1.06958,0,164.5,0.1245361868055701,1.3,1.08,450.0
352070,42.530274,1.00963,0,164.5,0.1379240282762746,1.3,1.08,450.0
352071,42.540039,1.02971,0,164.5,0.15131049888465742,1.3,1.08,450.0
352072,42.549805,1.02732,0,164.5,0.16469834035528397,1.3,1.08,450.0
352073,42.560547,1.05929,0,164.5,0.17942414345563473,1.3,1.08,450.0
352074,42.56543,1.1014,0,164.5,0.18611806419098698,1.3,1.08,450.0
352075,42.575195,1.07809,0,164.5,0.1995045347993698,1.3,1.08,450.0
352076,42.584961,1.06093,0,164.5,0.2128923762700743,1.3,1.08,450.0
352077,42.594727,1.04569,0,164.5,0.226280217740779,1.3,1.08,450.0
352078,42.605469,1.05988,0,164.5,0.24100602084112976,1.3,1.08,450.0
352079,42.615235,1.0684,0,164.5,0.2543938623117563,1.3,1.08,450.0
352080,42.625,1.01114,0,164.5,0.26778033292013914,1.3,1.08,450.0
352081,42.634766,1.06674,0,164.5,0.28116817439084363,1.3,1.08,450.0
352082,42.645508,1.06513,0,164.5,0.2958939774911944,1.3,1.08,450.0
352083,42.655274,1.06776,0,164.5,0.3092818189618991,1.3,1.08,450.0
352084,42.660156,1.0622,0,164.5,0.31597436883492924,1.3,1.08,450.0
352085,42.669922,1.06194,0,164.5,0.329362210305556,1.3,1.08,450.0
352086,42.679688,1.05949,0,164.5,0.3427500517762607,1.3,1.08,450.0
352087,42.69043,1.05598,0,164.5,0.35747585487661127,1.3,1.08,450.0
352088,42.700195,1.05304,0,164.5,0.37086232548499387,1.3,1.08,450.0
352089,42.709961,1.01288,0,164.5,0.3842501669556986,1.3,1.08,450.0
352090,42.719727,1.00113,0,164.5,0.39763800842640307,1.3,1.08,450.0
352091,42.730469,1.02258,0,164.5,0.41236381152675383,1.3,1.08,450.0
352092,42.740235,1.03954,0,164.5,0.4257516529973806,1.3,1.08,450.0
352093,42.75,1.04607,0,164.5,0.4391381236057632,1.3,1.08,450.0
352094,42.759766,1.09864,0,164.5,0.4525259650764679,1.3,1.08,450.0
352095,42.765625,1.15819,0,164.5,0.46055784744146644,1.3,1.08,450.0
352096,42.775391,1.31544,1,143.35,0.0,1.3,1.08,450.0
352097,42.785156,1.39129,0,143.35,0.011664708380013156,1.3,1.08,450.0
352098,42.794922,1.62728,0,143.35,0.02333061130254423,1.3,1.08,450.0
352099,42.804688,1.81662,0,143.35,0.03499651422514321,1.3,1.08,450.0
352100,42.81543,1.98784,0,143.35,0.04782829071442343,1.3,1.08,450.0
352101,42.825195,1.91476,0,143.35,0.05949299909443659,1.3,1.08,450.0
352102,42.834961,1.67662,0,143.35,0.07115890201703556,1.3,1.08,450.0
352103,42.844727,1.65016,0,143.35,0.08282480493963454,1.3,1.08,450.0
352104,42.850586,2.13066,0,143.35,0.08982362996761527,1.3,1.08,450.0
352105,42.860352,1.90624,0,143.35,0.10148953289021426,1.3,1.08,450.0
352106,42.870117,1.92835,0,143.35,0.11315424127015951,1.3,1.08,450.0
352107,42.879883,2.35648,0,143.35,0.12482014419275848,1.3,1.08,450.0
352108,42.890625,1.29511,0,143.35,0.1376519206820387,1.3,1.08,450.0
352109,42.900391,1.18414,0,143.35,0.1493178236046377,1.3,1.08,450.0
352110,42.910156,1.16138,0,143.35,0.16098253198465085,1.3,1.08,450.0
352111,42.919922,1.06497,0,143.35,0.17264843490718193,1.3,1.08,450.0
352112,42.929688,0.99949,0,143.35,0.18431433782978088,1.3,1.08,450.0
352113,42.94043,1.0763,0,143.35,0.1971461143190611,1.3,1.08,450.0
352114,42.950195,1.17832,0,143.35,0.20881082269907428,1.3,1.08,450.0
352115,42.959961,1.25428,0,143.35,0.22047672562167325,1.3,1.08,450.0
352116,42.964844,1.21795,0,143.35,0.22630967708297275,1.3,1.08,450.0
352117,42.975586,1.11331,0,143.35,0.23914145357225297,1.3,1.08,450.0
352118,42.985352,1.04506,0,143.35,0.250807356494852,1.3,1.08,450.0
352119,42.995117,0.98604,0,143.35,0.2624720648747972,1.3,1.08,450.0
352120,43.004883,0.94074,0,143.35,0.2741379677973962,1.3,1.08,450.0
352121,43.015625,0.95616,0,143.35,0.28696974428667643,1.3,1.08,450.0
352122,43.025391,1.0065,0,143.35,0.2986356472092754,1.3,1.08,450.0
352123,43.035156,1.0319,0,143.35,0.31030035558928853,1.3,1.08,450.0
352124,43.044922,1.03205,0,143.35,0.3219662585118196,1.3,1.08,450.0
352125,43.054688,1.06017,0,143.35,0.3336321614344186,1.3,1.08,450.0
352126,43.060547,1.14325,0,143.35,0.34063098646239937,1.3,1.08,450.0
352127,43.070313,1.18991,0,143.35,0.3522968893849983,1.3,1.08,450.0
352128,43.080078,1.1792,0,143.35,0.36396159776501147,1.3,1.08,450.0
352129,43.089844,1.15668,0,143.35,0.3756275006876104,1.3,1.08,450.0
352130,43.100586,1.21666,0,143.35,0.38845927717689066,1.3,1.08,450.0
352131,43.110352,1.30613,0,143.35,0.40012518009948966,1.3,1.08,450.0
352132,43.120117,1.36954,0,143.35,0.4117898884794349,1.3,1.08,450.0
352133,43.129883,1.42166,0,143.35,0.4234557914020339,1.3,1.08,450.0
352134,43.140625,1.43729,0,143.35,0.4362875678913141,1.3,1.08,450.0
352135,43.150391,1.43009,0,143.35,0.44795347081391307,1.3,1.08,450.0
352136,43.155274,1.39694,0,143.35,0.45378642227521254,1.3,1.08,450.0
352137,43.165039,1.34654,0,143.35,0.4654511306552257,1.3,1.08,450.0
352138,43.174805,1.28335,0,143.35,0.47711703357775676,1.3,1.08,450.0
352139,43.185547,1.25941,0,143.35,0.489948810067037,1.3,1.08,450.0
352140,43.195313,1.29504,0,143.35,0.501614712989636,1.3,1.08,450.0
352141,43.205078,1.34922,0,143.35,0.5132794213696491,1.3,1.08,450.0
352142,43.214844,1.41578,0,143.35,0.5249453242922482,1.3,1.08,450.0
352143,43.225586,1.41367,0,143.35,0.5377771007815284,1.3,1.08,450.0
352144,43.235352,1.37408,0,143.35,0.5494430037041272,1.3,1.08,450.0
352145,43.245117,1.36372,0,143.35,0.5611077120840726,1.3,1.08,450.0
352146,43.254883,1.36488,0,143.35,0.5727736150066716,1.3,1.08,450.0
352147,43.265625,1.34777,0,143.35,0.5856053914959517,1.3,1.08,450.0
352148,43.270508,1.31347,0,143.35,0.5914383429572513,1.3,1.08,450.0
352149,43.280274,1.28966,0,143.35,0.6031042458798502,1.3,1.08,450.0
352150,43.290039,1.25718,0,143.35,0.6147689542598634,1.3,1.08,450.0
352151,43.299805,1.23003,0,143.35,0.6264348571823944,1.3,1.08,450.0
352152,43.310547,1.21306,0,143.35,0.6392666336716747,1.3,1.08,450.0
352153,43.320313,1.18073,0,143.35,0.6509325365942736,1.3,1.08,450.0
352154,43.330078,1.18116,0,143.35,0.6625972449742867,1.3,1.08,450.0
352155,43.339844,1.26996,0,143.35,0.6742631478968858,1.3,1.08,450.0
352156,43.350586,1.3995,0,143.35,0.687094924386166,1.3,1.08,450.0
352157,43.355469,1.42488,0,143.35,0.6929278758474655,1.3,1.08,450.0
352158,43.365235,1.4139,0,143.35,0.7045937787699966,1.3,1.08,450.0
352159,43.375,1.34671,0,143.35,0.7162584871500097,1.3,1.08,450.0
352160,43.384766,1.33666,0,143.35,0.7279243900726087,1.3,1.08,450.0
352161,43.395508,1.02338,0,143.35,0.7407561665618889,1.3,1.08,450.0
352162,43.405274,0.9847,0,143.35,0.752422069484488,1.3,1.08,450.0
352163,43.415039,1.77581,1,161.05,0.0,1.3,1.08,450.0
352164,43.424805,1.81207,0,161.05,0.013106650663391622,1.3,1.08,450.0
352165,43.435547,1.1585,0,161.05,0.02752316115148236,1.3,1.08,450.0
352166,43.445313,0.77573,0,161.05,0.04062981181495027,1.3,1.08,450.0
352167,43.455078,1.15088,0,161.05,0.0537351204089291,1.3,1.08,450.0
352168,43.459961,1.66549,0,161.05,0.060288445740663055,1.3,1.08,450.0
352169,43.469727,1.59961,0,161.05,0.07339509640413097,1.3,1.08,450.0
352170,43.480469,1.20258,0,161.05,0.0878116068922217,1.3,1.08,450.0
352171,43.490235,0.98509,0,161.05,0.10091825755561333,1.3,1.08,450.0
352172,43.5,1.02017,0,161.05,0.11402356614959215,1.3,1.08,450.0
352173,43.509766,1.37407,0,161.05,0.12713021681306005,1.3,1.08,450.0
352174,43.520508,1.54093,0,161.05,0.1415467273011508,1.3,1.08,450.0
352175,43.530274,1.23587,0,161.05,0.15465337796461873,1.3,1.08,450.0
352176,43.540039,1.07925,0,161.05,0.16775868655859755,1.3,1.08,450.0
352177,43.549805,1.0866,0,161.05,0.18086533722198916,1.3,1.08,450.0
352178,43.560547,1.17288,0,161.05,0.19528184771007992,1.3,1.08,450.0
352179,43.56543,1.15099,0,161.05,0.20183517304181386,1.3,1.08,450.0
352180,43.575195,1.15877,0,161.05,0.21494048163579269,1.3,1.08,450.0
352181,43.584961,1.18145,0,161.05,0.2280471322992606,1.3,1.08,450.0
352182,43.594727,1.16691,0,161.05,0.24115378296272852,1.3,1.08,450.0
352183,43.605469,1.11686,0,161.05,0.2555702934508192,1.3,1.08,450.0
352184,43.615235,1.1461,0,161.05,0.2686769441142109,1.3,1.08,450.0
352185,43.625,1.14603,0,161.05,0.28178225270818974,1.3,1.08,450.0
352186,43.634766,1.06273,0,161.05,0.29488890337165763,1.3,1.08,450.0
352187,43.645508,1.0569,0,161.05,0.30930541385974836,1.3,1.08,450.0
352188,43.650391,1.07617,0,161.05,0.31585873919148233,1.3,1.08,450.0
352189,43.660156,1.06145,0,161.05,0.3289640477854611,1.3,1.08,450.0
352190,43.669922,1.05135,0,161.05,0.3420706984488528,1.3,1.08,450.0
352191,43.679688,1.04489,0,161.05,0.3551773491123207,1.3,1.08,450.0
352192,43.69043,1.06742,0,161.05,0.3695938596004114,1.3,1.08,450.0
352193,43.700195,1.00125,0,161.05,0.38269916819439026,1.3,1.08,450.0
352194,43.709961,1.08055,0,161.05,0.39580581885785815,1.3,1.08,450.0
352195,43.719727,1.06361,0,161.05,0.40891246952132604,1.3,1.08,450.0
352196,43.730469,1.04603,0,161.05,0.42332898000941677,1.3,1.08,450.0
352197,43.740235,1.05853,0,161.05,0.43643563067280844,1.3,1.08,450.0
352198,43.75,1.05076,0,161.05,0.44954093926678723,1.3,1.08,450.0
352199,43.759766,1.06046,0,161.05,0.4626475899302552,1.3,1.08,450.0
352200,43.765625,1.01945,0,161.05,0.47051077508661193,1.3,1.08,450.0
352201,43.775391,1.05019,0,161.05,0.4836174257500799,1.3,1.08,450.0
352202,43.785156,1.02852,0,161.05,0.49672273434405867,1.3,1.08,450.0
352203,43.794922,1.03612,0,161.05,0.5098293850074503,1.3,1.08,450.0
352204,43.804688,1.01056,0,161.05,0.5229360356709182,1.3,1.08,450.0
352205,43.81543,1.03766,0,161.05,0.5373525461590088,1.3,1.08,450.0
352206,43.825195,1.0311,0,161.05,0.5504578547529878,1.3,1.08,450.0
352207,43.834961,1.02521,0,161.05,0.5635645054164556,1.3,1.08,450.0
352208,43.844727,1.01428,0,161.05,0.5766711560799236,1.3,1.08,450.0
352209,43.850586,1.01702,0,161.05,0.5845343412362803,1.3,1.08,450.0
352210,43.860352,1.0257,0,161.05,0.5976409918997483,1.3,1.08,450.0
352211,43.870117,1.0373,0,161.05,0.6107463004936508,1.3,1.08,450.0
352212,43.879883,1.05058,0,161.05,0.6238529511571187,1.3,1.08,450.0
352213,43.890625,1.02629,0,161.05,0.6382694616452095,1.3,1.08,450.0
352214,43.900391,1.05783,0,161.05,0.6513761123086773,1.3,1.08,450.0
352215,43.910156,1.02177,0,161.05,0.6644814209026563,1.3,1.08,450.0
352216,43.919922,1.0332,0,161.05,0.6775880715660478,1.3,1.08,450.0
352217,43.929688,1.04357,0,161.05,0.6906947222295158,1.3,1.08,450.0
352218,43.94043,1.04147,0,161.05,0.7051112327176065,1.3,1.08,450.0
352219,43.950195,1.04571,0,161.05,0.7182165413115853,1.3,1.08,450.0
352220,43.959961,1.04097,0,161.05,0.7313231919750531,1.3,1.08,450.0
352221,43.964844,1.02397,0,161.05,0.7378765173067872,1.3,1.08,450.0
352222,43.975586,1.00587,0,161.05,0.7522930277948779,1.3,1.08,450.0
352223,43.985352,1.03145,0,161.05,0.7653996784583459,1.3,1.08,450.0
352224,43.995117,1.05866,0,161.05,0.7785049870522484,1.3,1.08,450.0
352225,44.004883,1.02191,0,161.05,0.7916116377157163,1.3,1.08,450.0
352226,44.015625,1.04517,0,161.05,0.8060281482038071,1.3,1.08,450.0
352227,44.025391,1.00779,0,161.05,0.8191347988672749,1.3,1.08,450.0
352228,44.035156,1.04675,0,161.05,0.8322401074612537,1.3,1.08,450.0
352229,44.044922,1.0284,0,161.05,0.8453467581246453,1.3,1.08,450.0
352230,44.054688,1.02945,0,161.05,0.8584534087881133,1.3,1.08,450.0
352231,44.060547,1.0422,0,161.05,0.86631659394447,1.3,1.08,450.0
352232,44.070313,1.03122,0,161.05,0.879423244607938,1.3,1.08,450.0
352233,44.080078,1.03384,0,161.05,0.8925285532019168,1.3,1.08,450.0
352234,44.089844,1.02297,0,161.05,0.9056352038653848,1.3,1.08,450.0
352235,44.100586,1.05602,0,161.05,0.9200517143534754,1.3,1.08,450.0
352236,44.110352,1.02864,0,161.05,0.9331583650169434,1.3,1.08,450.0
352237,44.120117,1.05373,0,161.05,0.9462636736108458,1.3,1.08,450.0
352238,44.129883,1.05188,0,161.05,0.9593703242743138,1.3,1.08,450.0
352239,44.140625,1.04973,0,161.05,0.9737868347624045,1.3,1.08,450.0
352240,44.145508,1.05034,0,161.05,0.9803401600941385,1.3,1.08,450.0
352241,44.155274,1.0594,0,161.05,0.9934468107576063,1.3,1.08,450.0
352242,44.165039,1.04502,0,161.05,0.006552119351585173,1.3,1.08,450.0
352243,44.174805,1.0484,0,161.05,0.019658770014976845,1.3,1.08,450.0
352244,44.185547,1.04073,0,161.05,0.03407528050306774,1.3,1.08,450.0
352245,44.195313,1.03692,0,161.05,0.04718193116653557,1.3,1.08,450.0
352246,44.205078,1.03607,0,161.05,0.06028723976051431,1.3,1.08,450.0
352247,44.214844,0.9283,0,161.05,0.07339389042398237,1.3,1.08,450.0
352248,44.225586,1.01749,0,161.05,0.08781040091207304,1.3,1.08,450.0
352249,44.235352,1.05199,0,161.05,0.10091705157554087,1.3,1.08,450.0
352250,44.245117,1.13659,0,161.05,0.11402236016944345,1.3,1.08,450.0
352251,44.254883,1.09468,0,161.05,0.12712901083291128,1.3,1.08,450.0
352252,44.265625,1.01667,0,161.05,0.14154552132100218,1.3,1.08,450.0
352253,44.270508,1.03719,0,161.05,0.14809884665273598,1.3,1.08,450.0
352254,44.280274,1.07564,0,161.05,0.16120549731620382,1.3,1.08,450.0
352255,44.290039,1.13482,0,161.05,0.17431080591018278,1.3,1.08,450.0
352256,44.299805,1.03082,0,161.05,0.18741745657357445,1.3,1.08,450.0
352257,44.310547,1.10568,0,161.05,0.20183396706166534,1.3,1.08,450.0
352258,44.320313,1.01887,0,161.05,0.21494061772513318,1.3,1.08,450.0
352259,44.330078,1.06716,0,161.05,0.2280459263191119,1.3,1.08,450.0
352260,44.339844,1.05757,0,161.05,0.24115257698257975,1.3,1.08,450.0
352261,44.350586,1.05888,0,161.05,0.25556908747067064,1.3,1.08,450.0
352262,44.355469,1.05449,0,161.05,0.26212241280240467,1.3,1.08,450.0
352263,44.365235,0.99995,0,161.05,0.2752290634657961,1.3,1.08,450.0
352264,44.375,1.04956,0,161.05,0.2883343720597751,1.3,1.08,450.0
352265,44.384766,1.08102,0,161.05,0.3014410227232429,1.3,1.08,450.0
352266,44.395508,1.16072,0,161.05,0.3158575332113336,1.3,1.08,450.0
352267,44.405274,1.33802,1,145.1,0.0,1.3,1.08,450.0
352268,44.415039,1.48425,0,145.1,0.011807703376816163,1.3,1.08,450.0
352269,44.424805,1.61052,0,145.1,0.02361661593977424,1.3,1.08,450.0
352270,44.435547,1.61251,0,145.1,0.03660569424734985,1.3,1.08,450.0
352271,44.445313,1.76693,0,145.1,0.04841460681037666,1.3,1.08,450.0
352272,44.455078,2.03098,0,145.1,0.060222310187192825,1.3,1.08,450.0
352273,44.459961,1.95765,0,145.1,0.06612676646870623,1.3,1.08,450.0
352274,44.469727,1.69762,0,145.1,0.07793567903173305,1.3,1.08,450.0
352275,44.480469,1.84191,0,145.1,0.09092475733930865,1.3,1.08,450.0
352276,44.490235,1.81579,0,145.1,0.10273366990226673,1.3,1.08,450.0
352277,44.5,1.69307,0,145.1,0.1145413732790829,1.3,1.08,450.0
352278,44.509766,2.12725,0,145.1,0.1263502858421097,1.3,1.08,450.0
352279,44.520508,1.73411,0,145.1,0.1393393641496853,1.3,1.08,450.0
352280,44.530274,1.2346,0,145.1,0.1511482767127121,1.3,1.08,450.0
352281,44.540039,1.02443,0,145.1,0.1629559800895283,1.3,1.08,450.0
352282,44.549805,0.86868,0,145.1,0.17476489265248635,1.3,1.08,450.0
352283,44.560547,0.8436,0,145.1,0.18775397096006197,1.3,1.08,450.0
352284,44.56543,0.94929,0,145.1,0.1936584272415754,1.3,1.08,450.0
352285,44.575195,1.05382,0,145.1,0.20546613061839156,1.3,1.08,450.0
352286,44.584961,1.12173,0,145.1,0.21727504318141835,1.3,1.08,450.0
352287,44.594727,1.15653,0,145.1,0.22908395574444515,1.3,1.08,450.0
352288,44.605469,1.12875,0,145.1,0.24207303405202077,1.3,1.08,450.0
352289,44.615235,1.03618,0,145.1,0.25388194661497887,1.3,1.08,450.0
352290,44.625,0.94255,0,145.1,0.265689649991795,1.3,1.08,450.0
352291,44.634766,0.89691,0,145.1,0.2774985625548218,1.3,1.08,450.0
352292,44.640625,0.89914,0,145.1,0.28458318458088405,1.3,1.08,450.0
352293,44.650391,0.9915,0,145.1,0.29639209714391085,1.3,1.08,450.0
352294,44.660156,1.0848,0,145.1,0.308199800520727,1.3,1.08,450.0
352295,44.669922,1.14655,0,145.1,0.32000871308368506,1.3,1.08,450.0
352296,44.679688,1.11562,0,145.1,0.3318176256467119,1.3,1.08,450.0
352297,44.69043,1.07036,0,145.1,0.34480670395428753,1.3,1.08,450.0
352298,44.700195,1.05181,0,145.1,0.35661440733110367,1.3,1.08,450.0
352299,44.709961,1.06047,0,145.1,0.36842331989413046,1.3,1.08,450.0
352300,44.719727,1.10579,0,145.1,0.38023223245715726,1.3,1.08,450.0
352301,44.730469,1.17717,0,145.1,0.3932213107647329,1.3,1.08,450.0
352302,44.740235,1.2279,0,145.1,0.40503022332769095,1.3,1.08,450.0
352303,44.75,1.22522,0,145.1,0.41683792670450714,1.3,1.08,450.0
352304,44.759766,1.22475,0,145.1,0.42864683926753394,1.3,1.08,450.0
352305,44.765625,1.28851,0,145.1,0.43573146129359613,1.3,1.08,450.0
352306,44.775391,1.36635,0,145.1,0.447540373856623,1.3,1.08,450.0
352307,44.785156,1.40955,0,145.1,0.4593480772334391,1.3,1.08,450.0
352308,44.794922,1.36839,0,145.1,0.4711569897963972,1.3,1.08,450.0
352309,44.804688,1.30894,0,145.1,0.482965902359424,1.3,1.08,450.0
352310,44.81543,1.25266,0,145.1,0.4959549806669996,1.3,1.08,450.0
352311,44.825195,1.23354,0,145.1,0.5077626840438157,1.3,1.08,450.0
352312,44.834961,1.23584,0,145.1,0.5195715966068426,1.3,1.08,450.0
352313,44.844727,1.31202,0,145.1,0.5313805091698695,1.3,1.08,450.0
352314,44.850586,1.43848,0,145.1,0.5384651311959315,1.3,1.08,450.0
352315,44.860352,1.50941,0,145.1,0.5502740437589585,1.3,1.08,450.0
352316,44.870117,1.50696,0,145.1,0.5620817471357058,1.3,1.08,450.0
352317,44.879883,1.44971,0,145.1,0.5738906596987328,1.3,1.08,450.0
352318,44.890625,1.43437,0,145.1,0.5868797380063082,1.3,1.08,450.0
352319,44.900391,1.43708,0,145.1,0.5986886505693351,1.3,1.08,450.0
352320,44.910156,1.45989,0,145.1,0.6104963539461513,1.3,1.08,450.0
352321,44.919922,1.47081,0,145.1,0.6223052665091093,1.3,1.08,450.0
352322,44.929688,1.45989,0,145.1,0.6341141790721362,1.3,1.08,450.0
352323,44.94043,1.42859,0,145.1,0.6471032573797117,1.3,1.08,450.0
352324,44.950195,1.37917,0,145.1,0.6589109607565279,1.3,1.08,450.0
352325,44.955078,1.36773,0,145.1,0.6648154170380413,1.3,1.08,450.0
352326,44.964844,1.36555,0,145.1,0.6766243296010681,1.3,1.08,450.0
352327,44.975586,1.38093,0,145.1,0.6896134079086437,1.3,1.08,450.0
352328,44.985352,1.42165,0,145.1,0.7014223204716706,1.3,1.08,450.0
352329,44.995117,1.47872,0,145.1,0.7132300238484179,1.3,1.08,450.0
352330,45.004883,1.5215,0,145.1,0.7250389364114448,1.3,1.08,450.0
352331,45.015625,1.50262,0,145.1,0.7380280147190204,1.3,1.08,450.0
352332,45.025391,1.4654,0,145.1,0.7498369272820472,1.3,1.08,450.0
352333,45.035156,0.81552,0,145.1,0.7616446306588635,1.3,1.08,450.0
352334,45.044922,1.34809,1,162.1,0.0,1.3,1.08,450.0
352335,45.054688,1.97852,0,162.1,0.013192456447725156,1.3,1.08,450.0
352336,45.060547,1.56817,0,162.1,0.02110711980293115,1.3,1.08,450.0
352337,45.070313,0.88208,0,162.1,0.0342995762506563,1.3,1.08,450.0
352338,45.080078,0.72547,0,162.1,0.04749068184271748,1.3,1.08,450.0
352339,45.089844,1.28592,0,162.1,0.06068313829044263,1.3,1.08,450.0
352340,45.100586,1.8107,0,162.1,0.07519402986951121,1.3,1.08,450.0
352341,45.110352,1.59938,0,162.1,0.08838648631723636,1.3,1.08,450.0
352342,45.120117,1.18506,0,162.1,0.10157759190922075,1.3,1.08,450.0
352343,45.129883,1.03283,0,162.1,0.1147700483569459,1.3,1.08,450.0
352344,45.140625,1.1922,0,162.1,0.12928093993601447,1.3,1.08,450.0
352345,45.145508,1.72013,0,162.1,0.13587716815987705,1.3,1.08,450.0
352346,45.155274,1.35398,0,162.1,0.14906962460760223,1.3,1.08,450.0
352347,45.165039,1.24659,0,162.1,0.1622607301996634,1.3,1.08,450.0
352348,45.174805,1.1393,0,162.1,0.17545318664731177,1.3,1.08,450.0
352349,45.185547,1.28345,0,162.1,0.1899640782263803,1.3,1.08,450.0
352350,45.195313,1.1875,0,162.1,0.20315653467410547,1.3,1.08,450.0
352351,45.205078,1.14614,0,162.1,0.21634764026616665,1.3,1.08,450.0
352352,45.214844,1.13124,0,162.1,0.2295400967138918,1.3,1.08,450.0
352353,45.225586,1.10309,0,162.1,0.2440509882929604,1.3,1.08,450.0
352354,45.235352,1.13293,0,162.1,0.25724344474068556,1.3,1.08,450.0
352355,45.245117,1.11933,0,162.1,0.27043455033266994,1.3,1.08,450.0
352356,45.254883,1.06737,0,162.1,0.2836270067803951,1.3,1.08,450.0
352357,45.259766,1.05311,0,162.1,0.2902232350042577,1.3,1.08,450.0
352358,45.270508,1.04751,0,162.1,0.3047341265833262,1.3,1.08,450.0
352359,45.280274,1.04361,0,162.1,0.3179265830310514,1.3,1.08,450.0
352360,45.290039,1.05736,0,162.1,0.3311176886231125,1.3,1.08,450.0
352361,45.299805,1.03444,0,162.1,0.3443101450707609,1.3,1.08,450.0
352362,45.310547,1.04861,0,162.1,0.3588210366498295,1.3,1.08,450.0
352363,45.320313,1.05113,0,162.1,0.37201349309755466,1.3,1.08,450.0
352364,45.330078,1.00314,0,162.1,0.3852045986896159,1.3,1.08,450.0
352365,45.339844,1.06533,0,162.1,0.398397055137341,1.3,1.08,450.0
352366,45.350586,1.05683,0,162.1,0.41290794671640957,1.3,1.08,450.0
352367,45.355469,1.02581,0,162.1,0.41950417494027215,1.3,1.08,450.0
352368,45.365235,1.05342,0,162.1,0.4326966313879205,1.3,1.08,450.0
352369,45.375,1.0471,0,162.1,0.4458877369799817,1.3,1.08,450.0
352370,45.384766,1.01002,0,162.1,0.45908019342770684,1.3,1.08,450.0
352371,45.395508,1.04959,0,162.1,0.47359108500677544,1.3,1.08,450.0
352372,45.405274,1.03543,0,162.1,0.4867835414545006,1.3,1.08,450.0
352373,45.415039,1.04265,0,162.1,0.49997464704656175,1.3,1.08,450.0
352374,45.424805,1.02761,0,162.1,0.5131671034942101,1.3,1.08,450.0
352375,45.435547,1.04092,0,162.1,0.5276779950732787,1.3,1.08,450.0
352376,45.445313,1.01331,0,162.1,0.5408704515210039,1.3,1.08,450.0
352377,45.450195,1.02825,0,162.1,0.5474653288892025,1.3,1.08,450.0
352378,45.459961,1.02943,0,162.1,0.5606577853369276,1.3,1.08,450.0
352379,45.469727,0.97964,0,162.1,0.5738502417846527,1.3,1.08,450.0
352380,45.480469,0.96318,0,162.1,0.5883611333637213,1.3,1.08,450.0
352381,45.490235,1.03606,0,162.1,0.6015535898113697,1.3,1.08,450.0
352382,45.5,1.03333,0,162.1,0.6147446954034309,1.3,1.08,450.0
352383,45.509766,0.99304,0,162.1,0.6279371518511561,1.3,1.08,450.0
352384,45.520508,1.03632,0,162.1,0.6424480434302247,1.3,1.08,450.0
352385,45.530274,1.02955,0,162.1,0.6556404998779498,1.3,1.08,450.0
352386,45.540039,1.02353,0,162.1,0.668831605470011,1.3,1.08,450.0
352387,45.549805,1.07305,0,162.1,0.6820240619176593,1.3,1.08,450.0
352388,45.560547,1.0881,0,162.1,0.6965349534967279,1.3,1.08,450.0
352389,45.56543,1.08089,0,162.1,0.7031311817205904,1.3,1.08,450.0
352390,45.575195,1.06384,0,162.1,0.7163222873126517,1.3,1.08,450.0
352391,45.584961,1.03468,0,162.1,0.7295147437603767,1.3,1.08,450.0
352392,45.594727,1.02364,0,162.1,0.7427072002081019,1.3,1.08,450.0
352393,45.605469,1.04514,0,162.1,0.7572180917871705,1.3,1.08,450.0
352394,45.615235,1.03516,0,162.1,0.7704105482348189,1.3,1.08,450.0
352395,45.625,1.023,0,162.1,0.7836016538268801,1.3,1.08,450.0
352396,45.634766,1.01046,0,162.1,0.7967941102746052,1.3,1.08,450.0
352397,45.640625,0.9875,0,162.1,0.8047087736298112,1.3,1.08,450.0
352398,45.650391,1.02163,0,162.1,0.8179012300775363,1.3,1.08,450.0
352399,45.660156,1.01117,0,162.1,0.8310923356695975,1.3,1.08,450.0
352400,45.669922,1.02966,0,162.1,0.8442847921172459,1.3,1.08,450.0
352401,45.679688,1.04513,0,162.1,0.857477248564971,1.3,1.08,450.0
352402,45.69043,0.99452,0,162.1,0.8719881401440397,1.3,1.08,450.0
352403,45.700195,1.04795,0,162.1,0.8851792457361009,1.3,1.08,450.0
352404,45.709961,1.03455,0,162.1,0.898371702183826,1.3,1.08,450.0
352405,45.719727,1.04848,0,162.1,0.911564158631551,1.3,1.08,450.0
352406,45.730469,1.07181,0,162.1,0.9260750502106198,1.3,1.08,450.0
352407,45.740235,1.05341,0,162.1,0.9392675066582681,1.3,1.08,450.0
352408,45.75,1.03101,0,162.1,0.9524586122503292,1.3,1.08,450.0
352409,45.759766,1.02653,0,162.1,0.9656510686980544,1.3,1.08,450.0
352410,45.765625,1.04869,0,162.1,0.9735657320532604,1.3,1.08,450.0
352411,45.775391,1.03074,0,162.1,0.9867581885009855,1.3,1.08,450.0
352412,45.785156,1.07344,0,162.1,0.9999492940930467,1.3,1.08,450.0
352413,45.794922,1.02735,0,162.1,0.013141750540694996,1.3,1.08,450.0
352414,45.804688,1.04699,0,162.1,0.02633420698842026,1.3,1.08,450.0
352415,45.81543,1.05969,0,162.1,0.04084509856748886,1.3,1.08,450.0
352416,45.825195,1.0518,0,162.1,0.05403620415955013,1.3,1.08,450.0
352417,45.834961,1.04352,0,162.1,0.06722866060727517,1.3,1.08,450.0
352418,45.844727,1.05237,0,162.1,0.08042111705500021,1.3,1.08,450.0
352419,45.850586,1.0408,0,162.1,0.08833578041020629,1.3,1.08,450.0
352420,45.860352,1.03959,0,162.1,0.10152823685793133,1.3,1.08,450.0
352421,45.870117,1.03556,0,162.1,0.11471934244991577,1.3,1.08,450.0
352422,45.879883,1.01656,0,162.1,0.12791179889764104,1.3,1.08,450.0
352423,45.890625,1.05201,0,162.1,0.14242269047670963,1.3,1.08,450.0
352424,45.900391,1.01791,0,162.1,0.1556151469244349,1.3,1.08,450.0
352425,45.910156,1.03821,0,162.1,0.16880625251649595,1.3,1.08,450.0
352426,45.919922,0.98173,0,162.1,0.18199870896414438,1.3,1.08,450.0
352427,45.929688,1.03923,0,162.1,0.19519116541186943,1.3,1.08,450.0
352428,45.94043,1.09545,0,162.1,0.20970205699093802,1.3,1.08,450.0
352429,45.945313,1.09784,0,162.1,0.21629828521480055,1.3,1.08,450.0
352430,45.955078,1.05804,0,162.1,0.22948939080686181,1.3,1.08,450.0
352431,45.964844,1.07849,0,162.1,0.24268184725458686,1.3,1.08,450.0
352432,45.975586,1.0178,0,162.1,0.25719273883365545,1.3,1.08,450.0
352433,45.985352,1.07411,0,162.1,0.2703851952813807,1.3,1.08,450.0
352434,45.995117,1.08697,0,162.1,0.28357630087336494,1.3,1.08,450.0
352435,46.004883,1.07902,0,162.1,0.2967687573210902,1.3,1.08,450.0
352436,46.015625,1.04915,0,162.1,0.3112796489001586,1.3,1.08,450.0
352437,46.025391,1.04523,0,162.1,0.32447210534788384,1.3,1.08,450.0
352438,46.035156,1.0821,0,162.1,0.3376632109399449,1.3,1.08,450.0
352439,46.044922,1.08837,0,162.1,0.35085566738759355,1.3,1.08,450.0
352440,46.054688,1.09617,0,162.1,0.3640481238353186,1.3,1.08,450.0
352441,46.060547,0.99146,0,162.1,0.37196278719052467,1.3,1.08,450.0
352442,46.070313,1.026,0,162.1,0.3851552436382497,1.3,1.08,450.0
352443,46.080078,1.1165,0,162.1,0.398346349230311,1.3,1.08,450.0
352444,46.089844,0.9858,0,162.1,0.411538805678036,1.3,1.08,450.0
352445,46.100586,1.08056,0,162.1,0.42604969725710484,1.3,1.08,450.0
352446,46.110352,1.05374,0,162.1,0.43924215370482966,1.3,1.08,450.0
352447,46.120117,1.23025,0,162.1,0.4524332592968141,1.3,1.08,450.0
352448,46.129883,1.28903,0,162.1,0.46562571574453937,1.3,1.08,450.0
352449,46.140625,1.33996,1,141.07,0.0,1.3,1.08,450.0
352450,46.145508,1.51444,0,141.07,0.005740336781176253,1.3,1.08,450.0
352451,46.155274,1.55614,0,141.07,0.017221010343528763,1.3,1.08,450.0
352452,46.165039,1.85741,0,141.07,0.028700508330053567,1.3,1.08,450.0
352453,46.174805,1.69362,0,141.07,0.04018118189233925,1.3,1.08,450.0
352454,46.185547,1.74251,0,141.07,0.05280921746540366,1.3,1.08,450.0
352455,46.195313,1.59493,0,141.07,0.06428989102775616,1.3,1.08,450.0
352456,46.205078,1.62682,0,141.07,0.07576938901428097,1.3,1.08,450.0
352457,46.214844,2.07532,0,141.07,0.08725006257663348,1.3,1.08,450.0
352458,46.225586,1.75165,0,141.07,0.09987809814969789,1.3,1.08,450.0
352459,46.235352,1.68102,0,141.07,0.1113587717120504,1.3,1.08,450.0
352460,46.245117,2.20652,0,141.07,0.12283826969850839,1.3,1.08,450.0
352461,46.254883,1.36384,0,141.07,0.13431894326086088,1.3,1.08,450.0
352462,46.259766,1.22349,0,141.07,0.14005928004203713,1.3,1.08,450.0
352463,46.270508,1.15407,0,141.07,0.15268731561510154,1.3,1.08,450.0
352464,46.280274,1.07918,0,141.07,0.16416798917745407,1.3,1.08,450.0
352465,46.290039,1.01897,0,141.07,0.17564748716397888,1.3,1.08,450.0
352466,46.299805,1.02855,0,141.07,0.18712816072626456,1.3,1.08,450.0
352467,46.310547,1.06677,0,141.07,0.19975619629932898,1.3,1.08,450.0
352468,46.320313,1.08148,0,141.07,0.21123686986168147,1.3,1.08,450.0
352469,46.330078,1.0936,0,141.07,0.22271636784820628,1.3,1.08,450.0
352470,46.339844,1.0338,0,141.07,0.2341970414105588,1.3,1.08,450.0
352471,46.350586,0.94135,0,141.07,0.2468250769836232,1.3,1.08,450.0
352472,46.355469,0.92412,0,141.07,0.2525654137647994,1.3,1.08,450.0
352473,46.365235,0.96446,0,141.07,0.2640460873270851,1.3,1.08,450.0
352474,46.375,1.03314,0,141.07,0.27552558531360993,1.3,1.08,450.0
352475,46.384766,1.1089,0,141.07,0.28700625887596243,1.3,1.08,450.0
352476,46.395508,1.12215,0,141.07,0.29963429444902684,1.3,1.08,450.0
352477,46.405274,1.06925,0,141.07,0.31111496801137933,1.3,1.08,450.0
352478,46.415039,1.02873,0,141.07,0.32259446599790415,1.3,1.08,450.0
352479,46.424805,1.04075,0,141.07,0.3340751395601898,1.3,1.08,450.0
352480,46.435547,1.12111,0,141.07,0.34670317513325427,1.3,1.08,450.0
352481,46.44043,1.20541,0,141.07,0.3524435119144305,1.3,1.08,450.0
352482,46.450195,1.22302,0,141.07,0.36392300990095533,1.3,1.08,450.0
352483,46.459961,1.22922,0,141.07,0.3754036834633078,1.3,1.08,450.0
352484,46.469727,1.29252,0,141.07,0.3868843570256603,1.3,1.08,450.0
352485,46.480469,1.41065,0,141.07,0.39951239259872473,1.3,1.08,450.0
352486,46.490235,1.48033,0,141.07,0.41099306616101045,1.3,1.08,450.0
352487,46.5,1.4723,0,141.07,0.4224725641475352,1.3,1.08,450.0
352488,46.509766,1.39013,0,141.07,0.43395323770988775,1.3,1.08,450.0
352489,46.520508,1.26883,0,141.07,0.4465812732829521,1.3,1.08,450.0
352490,46.530274,1.19256,0,141.07,0.4580619468453046,1.3,1.08,450.0
352491,46.540039,1.15897,0,141.07,0.46954144483182947,1.3,1.08,450.0
352492,46.549805,1.16113,0,141.07,0.48102211839411513,1.3,1.08,450.0
352493,46.560547,1.19835,0,141.07,0.49365015396717954,1.3,1.08,450.0
352494,46.56543,1.32989,0,141.07,0.4993904907483558,1.3,1.08,450.0
352495,46.575195,1.49364,0,141.07,0.5108699887348807,1.3,1.08,450.0
352496,46.584961,1.60903,0,141.07,0.5223506622972331,1.3,1.08,450.0
352497,46.594727,1.65402,0,141.07,0.5338313358595855,1.3,1.08,450.0
352498,46.605469,1.61593,0,141.07,0.5464593714326501,1.3,1.08,450.0
352499,46.615235,1.48988,0,141.07,0.5579400449949358,1.3,1.08,450.0
352500,46.625,1.38643,0,141.07,0.5694195429814606,1.3,1.08,450.0
352501,46.634766,1.36591,0,141.07,0.5809002165438131,1.3,1.08,450.0
352502,46.640625,1.40369,0,141.07,0.5877879153357012,1.3,1.08,450.0
352503,46.650391,1.41507,0,141.07,0.5992685888980537,1.3,1.08,450.0
352504,46.660156,1.37557,0,141.07,0.6107480868845785,1.3,1.08,450.0
352505,46.669922,1.30503,0,141.07,0.6222287604468641,1.3,1.08,450.0
352506,46.679688,1.25382,0,141.07,0.6337094340092168,1.3,1.08,450.0
352507,46.69043,1.26773,0,141.07,0.6463374695822811,1.3,1.08,450.0
352508,46.700195,1.3213,0,141.07,0.6578169675688059,1.3,1.08,450.0
352509,46.709961,1.32618,0,141.07,0.6692976411311584,1.3,1.08,450.0
352510,46.719727,1.26875,0,141.07,0.6807783146935109,1.3,1.08,450.0
352511,46.730469,1.20036,0,141.07,0.6934063502665754,1.3,1.08,450.0
352512,46.740235,1.19208,0,141.07,0.704887023828861,1.3,1.08,450.0
352513,46.75,1.20797,0,141.07,0.7163665218153858,1.3,1.08,450.0
352514,46.754883,1.21946,0,141.07,0.7221068585965621,1.3,1.08,450.0
352515,46.765625,1.23585,0,141.07,0.7347348941696266,1.3,1.08,450.0
352516,46.775391,0.93262,0,141.07,0.746215567731979,1.3,1.08,450.0
352517,46.785156,0.8037,0,141.07,0.7576950657185039,1.3,1.08,450.0
352518,46.794922,1.73017,1,158.0,0.0,1.3,1.08,450.0
352519,46.804688,1.69829,0,158.0,0.012858781504273026,1.3,1.08,450.0
352520,46.81543,1.06288,0,158.0,0.027002651145746296,1.3,1.08,450.0
352521,46.825195,0.64675,0,158.0,0.039860115961357453,1.3,1.08,450.0
352522,46.834961,1.35223,0,158.0,0.05271889746563048,1.3,1.08,450.0
352523,46.844727,2.53064,0,158.0,0.0655776789699035,1.3,1.08,450.0
352524,46.850586,2.23069,0,158.0,0.07329215785924026,1.3,1.08,450.0
352525,46.860352,1.64976,0,158.0,0.0861509393635133,1.3,1.08,450.0
352526,46.870117,1.19034,0,158.0,0.0990084041790496,1.3,1.08,450.0
352527,46.879883,1.14914,0,158.0,0.11186718568332263,1.3,1.08,450.0
352528,46.890625,1.25415,0,158.0,0.1260110553247959,1.3,1.08,450.0
352529,46.900391,1.63733,0,158.0,0.13886983682906892,1.3,1.08,450.0
352530,46.910156,1.28612,0,158.0,0.15172730164468007,1.3,1.08,450.0
352531,46.919922,1.26667,0,158.0,0.16458608314887826,1.3,1.08,450.0
352532,46.929688,1.12207,0,158.0,0.1774448646531513,1.3,1.08,450.0
352533,46.935547,1.12937,0,158.0,0.18515934354248803,1.3,1.08,450.0
352534,46.945313,1.22984,0,158.0,0.19801812504676108,1.3,1.08,450.0
352535,46.955078,1.10903,0,158.0,0.21087558986237223,1.3,1.08,450.0
352536,46.964844,1.15866,0,158.0,0.22373437136664526,1.3,1.08,450.0
352537,46.975586,1.17817,0,158.0,0.23787824100811852,1.3,1.08,450.0
352538,46.985352,1.12447,0,158.0,0.25073702251239155,1.3,1.08,450.0
352539,46.995117,1.13356,0,158.0,0.26359448732792784,1.3,1.08,450.0
352540,47.004883,1.14204,0,158.0,0.2764532688322009,1.3,1.08,450.0
352541,47.015625,1.03908,0,158.0,0.2905971384736742,1.3,1.08,450.0
352542,47.025391,1.06986,0,158.0,0.30345591997794713,1.3,1.08,450.0
352543,47.035156,1.02241,0,158.0,0.3163133847935583,1.3,1.08,450.0
352544,47.044922,1.02542,0,158.0,0.32917216629775653,1.3,1.08,450.0
352545,47.054688,1.02414,0,158.0,0.34203094780202953,1.3,1.08,450.0
352546,47.060547,1.03586,0,158.0,0.34974542669136627,1.3,1.08,450.0
352547,47.070313,1.04593,0,158.0,0.3626042081956393,1.3,1.08,450.0
352548,47.080078,1.04828,0,158.0,0.3754616730112505,1.3,1.08,450.0
352549,47.089844,1.0256,0,158.0,0.3883204545155235,1.3,1.08,450.0
352550,47.100586,1.03688,0,158.0,0.4024643241569968,1.3,1.08,450.0
352551,47.110352,1.0477,0,158.0,0.4153231056612698,1.3,1.08,450.0
352552,47.120117,1.00639,0,158.0,0.42818057047680613,1.3,1.08,450.0
352553,47.129883,1.07144,0,158.0,0.44103935198107913,1.3,1.08,450.0
352554,47.140625,1.07429,0,158.0,0.4551832216225524,1.3,1.08,450.0
352555,47.145508,1.03599,0,158.0,0.4616126123746889,1.3,1.08,450.0
352556,47.155274,1.04488,0,158.0,0.4744713938789619,1.3,1.08,450.0
352557,47.165039,1.06268,0,158.0,0.4873288586945731,1.3,1.08,450.0
352558,47.174805,1.00174,0,158.0,0.5001876401987713,1.3,1.08,450.0
352559,47.185547,1.05216,0,158.0,0.5143315098402446,1.3,1.08,450.0
352560,47.195313,1.03033,0,158.0,0.5271902913445176,1.3,1.08,450.0
352561,47.205078,1.03191,0,158.0,0.5400477561601288,1.3,1.08,450.0
352562,47.214844,1.03555,0,158.0,0.5529065376644018,1.3,1.08,450.0
352563,47.225586,1.02043,0,158.0,0.567050407305875,1.3,1.08,450.0
352564,47.235352,1.01391,0,158.0,0.5799091888101481,1.3,1.08,450.0
352565,47.245117,1.0127,0,158.0,0.5927666536256844,1.3,1.08,450.0
352566,47.25,1.05449,0,158.0,0.5991960443778209,1.3,1.08,450.0
352567,47.259766,0.98462,0,158.0,0.6120548258820939,1.3,1.08,450.0
352568,47.270508,1.04389,0,158.0,0.6261986955235671,1.3,1.08,450.0
352569,47.280274,1.05941,0,158.0,0.6390574770278402,1.3,1.08,450.0
352570,47.290039,0.98815,0,158.0,0.6519149418434513,1.3,1.08,450.0
352571,47.299805,1.04048,0,158.0,0.6647737233476495,1.3,1.08,450.0
352572,47.310547,1.00647,0,158.0,0.6789175929891228,1.3,1.08,450.0
352573,47.320313,1.04066,0,158.0,0.6917763744933958,1.3,1.08,450.0
352574,47.330078,1.0363,0,158.0,0.704633839309007,1.3,1.08,450.0
352575,47.339844,1.04227,0,158.0,0.71749262081328,1.3,1.08,450.0
352576,47.350586,1.04276,0,158.0,0.7316364904547533,1.3,1.08,450.0
352577,47.355469,1.04536,0,158.0,0.7380658812068898,1.3,1.08,450.0
352578,47.365235,1.035,0,158.0,0.7509246627110879,1.3,1.08,450.0
352579,47.375,1.00228,0,158.0,0.7637821275266992,1.3,1.08,450.0
352580,47.384766,1.05755,0,158.0,0.7766409090309722,1.3,1.08,450.0
352581,47.395508,1.05257,0,158.0,0.7907847786724455,1.3,1.08,450.0
352582,47.405274,1.05457,0,158.0,0.8036435601767185,1.3,1.08,450.0
352583,47.415039,1.03735,0,158.0,0.8165010249923296,1.3,1.08,450.0
352584,47.424805,1.04715,0,158.0,0.8293598064965279,1.3,1.08,450.0
352585,47.435547,1.05119,0,158.0,0.843503676138001,1.3,1.08,450.0
352586,47.44043,1.05032,0,158.0,0.8499330668901376,1.3,1.08,450.0
352587,47.450195,1.03607,0,158.0,0.8627905317057487,1.3,1.08,450.0
352588,47.459961,1.03195,0,158.0,0.8756493132100218,1.3,1.08,450.0
352589,47.469727,1.03941,0,158.0,0.8885080947142948,1.3,1.08,450.0
352590,47.480469,1.02992,0,158.0,0.902651964355768,1.3,1.08,450.0
352591,47.490235,1.03463,0,158.0,0.9155107458599663,1.3,1.08,450.0
352592,47.5,1.01801,0,158.0,0.9283682106755774,1.3,1.08,450.0
352593,47.509766,1.03495,0,158.0,0.9412269921798504,1.3,1.08,450.0
352594,47.520508,1.03459,0,158.0,0.9553708618213237,1.3,1.08,450.0
352595,47.530274,1.00004,0,158.0,0.9682296433255967,1.3,1.08,450.0
352596,47.540039,1.0366,0,158.0,0.9810871081412079,1.3,1.08,450.0
352597,47.549805,1.02683,0,158.0,0.9939458896454061,1.3,1.08,450.0
352598,47.560547,1.00763,0,158.0,0.008089759286879383,1.3,1.08,450.0
352599,47.56543,1.02056,0,158.0,0.014519150039015827,1.3,1.08,450.0
352600,47.575195,1.05044,0,158.0,0.027376614854627057,1.3,1.08,450.0
352601,47.584961,1.01201,0,158.0,0.040235396358899944,1.3,1.08,450.0
352602,47.594727,1.06237,0,158.0,0.05309417786317305,1.3,1.08,450.0
352603,47.605469,1.05262,0,158.0,0.06723804750464635,1.3,1.08,450.0
352604,47.615235,1.07063,0,158.0,0.08009682900884463,1.3,1.08,450.0
352605,47.625,1.04478,0,158.0,0.09295429382445564,1.3,1.08,450.0
352606,47.634766,1.0199,0,158.0,0.10581307532872875,1.3,1.08,450.0
352607,47.640625,0.89935,0,158.0,0.1135275542180656,1.3,1.08,450.0
352608,47.650391,1.10041,0,158.0,0.12638633572233848,1.3,1.08,450.0
352609,47.660156,1.1415,0,158.0,0.1392438005379497,1.3,1.08,450.0
352610,47.669922,1.19436,0,158.0,0.15210258204214777,1.3,1.08,450.0
352611,47.679688,1.09918,0,158.0,0.16496136354642088,1.3,1.08,450.0
352612,47.69043,1.03758,0,158.0,0.17910523318789418,1.3,1.08,450.0
352613,47.700195,1.06628,0,158.0,0.19196269800350518,1.3,1.08,450.0
352614,47.709961,1.118,0,158.0,0.2048214795077783,1.3,1.08,450.0
352615,47.719727,1.05645,0,158.0,0.2176802610120514,1.3,1.08,450.0
352616,47.730469,1.03426,0,158.0,0.2318241306535247,1.3,1.08,450.0
352617,47.740235,1.02541,0,158.0,0.24468291215772298,1.3,1.08,450.0
352618,47.745117,1.06025,0,158.0,0.2511109862211973,1.3,1.08,450.0
352619,47.754883,1.0895,0,158.0,0.26396976772547043,1.3,1.08,450.0
352620,47.765625,1.05764,0,158.0,0.2781136373669437,1.3,1.08,450.0
352621,47.775391,1.06587,0,158.0,0.29097241887121683,1.3,1.08,450.0
352622,47.785156,1.02804,0,158.0,0.30382988368682784,1.3,1.08,450.0
352623,47.794922,1.02705,0,158.0,0.3166886651910261,1.3,1.08,450.0
352624,47.804688,1.01556,0,158.0,0.329547446695299,1.3,1.08,450.0
352625,47.81543,1.05736,0,158.0,0.3436913163367725,1.3,1.08,450.0
352626,47.825195,1.03165,0,158.0,0.35654878115238353,1.3,1.08,450.0
352627,47.834961,1.04609,0,158.0,0.36940756265665664,1.3,1.08,450.0
352628,47.844727,1.06698,0,158.0,0.3822663441609295,1.3,1.08,450.0
352629,47.850586,1.10398,0,158.0,0.3899808230502664,1.3,1.08,450.0
352630,47.860352,1.14148,0,158.0,0.4028396045545395,1.3,1.08,450.0
352631,47.870117,1.28667,0,158.0,0.41569706937007567,1.3,1.08,450.0
352632,47.879883,1.30462,1,139.04,0.0,1.3,1.08,450.0
352633,47.890625,1.3526,0,139.04,0.012446648469435077,1.3,1.08,450.0
352634,47.900391,1.5222,0,139.04,0.023762415454423265,1.3,1.08,450.0
352635,47.910156,1.50907,0,139.04,0.035077023749368816,1.3,1.08,450.0
352636,47.919922,1.37035,0,139.04,0.04639279073429114,1.3,1.08,450.0
352637,47.929688,1.33616,0,139.04,0.057708557719279324,1.3,1.08,450.0
352638,47.94043,1.26993,0,139.04,0.07015520618871439,1.3,1.08,450.0
352639,47.945313,1.23123,0,139.04,0.0758130896812085,1.3,1.08,450.0
352640,47.955078,1.30615,0,139.04,0.08712769797615404,1.3,1.08,450.0
352641,47.964844,1.1907,0,139.04,0.09844346496114224,1.3,1.08,450.0
352642,47.975586,0.8765,0,139.04,0.11089011343057731,1.3,1.08,450.0
352643,47.985352,0.9953,0,139.04,0.12220588041556549,1.3,1.08,450.0
352644,47.995117,1.26154,0,139.04,0.1335204887104452,1.3,1.08,450.0
352645,48.004883,1.574,0,139.04,0.14483625569543337,1.3,1.08,450.0
352646,48.015625,1.54639,0,139.04,0.15728290416486843,1.3,1.08,450.0
352647,48.025391,1.35156,0,139.04,0.16859867114985663,1.3,1.08,450.0
352648,48.035156,1.14402,0,139.04,0.1799132794448022,1.3,1.08,450.0
352649,48.044922,1.21447,0,139.04,0.1912290464297245,1.3,1.08,450.0
352650,48.054688,3.25895,0,139.04,0.20254481341471267,1.3,1.08,450.0
352651,48.060547,2.83355,0,139.04,0.20933357839165367,1.3,1.08,450.0
352652,48.070313,1.98203,0,139.04,0.22064934537664185,1.3,1.08,450.0
352653,48.080078,1.31575,0,139.04,0.23196395367158743,1.3,1.08,450.0
352654,48.089844,1.21819,0,139.04,0.2432797206565756,1.3,1.08,450.0
352655,48.100586,0.74163,0,139.04,0.25572636912601066,1.3,1.08,450.0
352656,48.110352,0.58576,0,139.04,0.26704213611099886,1.3,1.08,450.0
352657,48.120117,0.51015,0,139.04,0.27835674440587854,1.3,1.08,450.0
352658,48.129883,0.32068,0,139.04,0.28967251139086675,1.3,1.08,450.0
352659,48.140625,0.18729,0,139.04,0.30211915986030186,1.3,1.08,450.0
352660,48.145508,0.09786,0,139.04,0.3077770433527959,1.3,1.08,450.0
352661,48.155274,0.27259,0,139.04,0.3190928103377841,1.3,1.08,450.0
352662,48.165039,0.59466,0,139.04,0.33040741863272965,1.3,1.08,450.0
352663,48.174805,0.90164,0,139.04,0.34172318561765197,1.3,1.08,450.0
352664,48.185547,1.16787,0,139.04,0.3541698340870871,1.3,1.08,450.0
352665,48.195313,1.32399,0,139.04,0.36548560107207523,1.3,1.08,450.0
352666,48.205078,1.41329,0,139.04,0.3768002093670208,1.3,1.08,450.0
352667,48.214844,1.39154,0,139.04,0.38811597635200895,1.3,1.08,450.0
352668,48.225586,1.24315,0,139.04,0.40056262482144406,1.3,1.08,450.0
352669,48.235352,1.03478,0,139.04,0.41187839180643226,1.3,1.08,450.0
352670,48.240235,0.85832,0,139.04,0.41753627529886045,1.3,1.08,450.0
352671,48.25,0.73816,0,139.04,0.428850883593806,1.3,1.08,450.0
352672,48.259766,0.70367,0,139.04,0.44016665057879417,1.3,1.08,450.0
352673,48.270508,0.80582,0,139.04,0.4526132990482293,1.3,1.08,450.0
352674,48.280274,1.0192,0,139.04,0.4639290660332175,1.3,1.08,450.0
352675,48.290039,1.28333,0,139.04,0.475243674328163,1.3,1.08,450.0
352676,48.299805,1.49812,0,139.04,0.4865594413130853,1.3,1.08,450.0
352677,48.310547,1.58572,0,139.04,0.4990060897825204,1.3,1.08,450.0
352678,48.320313,1.54942,0,139.04,0.5103218567675086,1.3,1.08,450.0
352679,48.330078,1.43252,0,139.04,0.5216364650624541,1.3,1.08,450.0
352680,48.339844,1.36661,0,139.04,0.5329522320474424,1.3,1.08,450.0
352681,48.350586,1.39257,0,139.04,0.5453988805168775,1.3,1.08,450.0
352682,48.355469,1.47097,0,139.04,0.5510567640093715,1.3,1.08,450.0
352683,48.365235,1.55158,0,139.04,0.5623725309942939,1.3,1.08,450.0
352684,48.375,1.59856,0,139.04,0.5736871392892394,1.3,1.08,450.0
352685,48.384766,1.64847,0,139.04,0.5850029062742276,1.3,1.08,450.0
352686,48.395508,1.7156,0,139.04,0.5974495547436626,1.3,1.08,450.0
352687,48.405274,1.8522,0,139.04,0.6087653217286508,1.3,1.08,450.0
352688,48.415039,2.01437,0,139.04,0.6200799300235964,1.3,1.08,450.0
352689,48.424805,2.03762,0,139.04,0.6313956970085186,1.3,1.08,450.0
352690,48.435547,1.92338,0,139.04,0.6438423454779537,1.3,1.08,450.0
352691,48.44043,1.76838,0,139.04,0.6495002289704479,1.3,1.08,450.0
352692,48.450195,1.67949,0,139.04,0.6608148372653934,1.3,1.08,450.0
352693,48.459961,1.66255,0,139.04,0.6721306042503816,1.3,1.08,450.0
352694,48.469727,1.68651,0,139.04,0.6834463712353698,1.3,1.08,450.0
352695,48.480469,1.7914,0,139.04,0.6958930197048049,1.3,1.08,450.0
352696,48.490235,1.8894,0,139.04,0.7072087866897273,1.3,1.08,450.0
352697,48.5,2.02594,0,139.04,0.7185233949846727,1.3,1.08,450.0
352698,48.509766,2.37234,0,139.04,0.7298391619696609,1.3,1.08,450.0
352699,48.520508,0.67442,0,139.04,0.742285810439096,1.3,1.08,450.0
352700,48.530274,2.00317,1,157.23,0.0,1.3,1.08,450.0
352701,48.540039,2.63334,0,157.23,0.01279438313589978,1.3,1.08,450.0
352702,48.549805,1.36858,0,157.23,0.025590076500409526,1.3,1.08,450.0
352703,48.554688,0.77432,0,157.23,0.03198792318270164,1.3,1.08,450.0
352704,48.56543,0.91318,0,157.23,0.04606239974650383,1.3,1.08,450.0
352705,48.575195,2.46055,0,157.23,0.058856782882403605,1.3,1.08,450.0
352706,48.584961,2.35971,0,157.23,0.07165247624698784,1.3,1.08,450.0
352707,48.594727,1.52468,0,157.23,0.08444816961157205,1.3,1.08,450.0
352708,48.605469,1.20085,0,157.23,0.09852264617537425,1.3,1.08,450.0
352709,48.615235,1.76652,0,157.23,0.11131833953988399,1.3,1.08,450.0
352710,48.625,1.51547,0,157.23,0.12411272267578376,1.3,1.08,450.0
352711,48.634766,1.31865,0,157.23,0.136908416040368,1.3,1.08,450.0
352712,48.640625,1.18353,0,157.23,0.14458504592187807,1.3,1.08,450.0
352713,48.650391,1.18197,0,157.23,0.1573807392864623,1.3,1.08,450.0
352714,48.660156,1.11427,0,157.23,0.17017512242236207,1.3,1.08,450.0
352715,48.669922,1.05777,0,157.23,0.18297081578687183,1.3,1.08,450.0
352716,48.679688,1.11661,0,157.23,0.19576650915145605,1.3,1.08,450.0
352717,48.69043,1.06205,0,157.23,0.20984098571525822,1.3,1.08,450.0
352718,48.700195,1.04112,0,157.23,0.222635368851158,1.3,1.08,450.0
352719,48.709961,1.02121,0,157.23,0.23543106221574223,1.3,1.08,450.0
352720,48.719727,0.95722,0,157.23,0.24822675558032647,1.3,1.08,450.0
352721,48.730469,0.9933,0,157.23,0.26230123214412865,1.3,1.08,450.0
352722,48.740235,1.02708,0,157.23,0.2750969255086384,1.3,1.08,450.0
352723,48.745117,1.00277,0,157.23,0.28149346196224606,1.3,1.08,450.0
352724,48.754883,1.04326,0,157.23,0.2942891553268303,1.3,1.08,450.0
352725,48.765625,1.0989,0,157.23,0.30836363189063243,1.3,1.08,450.0
352726,48.775391,0.97394,0,157.23,0.3211593252552167,1.3,1.08,450.0
352727,48.785156,1.04622,0,157.23,0.3339537083911165,1.3,1.08,450.0
352728,48.794922,1.05438,0,157.23,0.3467494017556262,1.3,1.08,450.0
352729,48.804688,1.042,0,157.23,0.35954509512021043,1.3,1.08,450.0
352730,48.81543,0.9818,0,157.23,0.3736195716840126,1.3,1.08,450.0
352731,48.825195,1.06487,0,157.23,0.3864139548199124,1.3,1.08,450.0
352732,48.834961,1.06891,0,157.23,0.3992096481844966,1.3,1.08,450.0
352733,48.844727,1.0583,0,157.23,0.41200534154908086,1.3,1.08,450.0
352734,48.850586,1.11283,0,157.23,0.41968197143059094,1.3,1.08,450.0
352735,48.860352,1.08431,0,157.23,0.43247766479517513,1.3,1.08,450.0
352736,48.870117,1.09232,0,157.23,0.44527204793100045,1.3,1.08,450.0
352737,48.879883,1.04552,0,157.23,0.4580677412955847,1.3,1.08,450.0
352738,48.890625,1.00893,0,157.23,0.47214221785938687,1.3,1.08,450.0
352739,48.900391,1.04781,0,157.23,0.4849379112239711,1.3,1.08,450.0
352740,48.910156,1.02165,0,157.23,0.4977322943598709,1.3,1.08,450.0
352741,48.919922,1.00232,0,157.23,0.5105279877243806,1.3,1.08,450.0
352742,48.929688,1.04138,0,157.23,0.5233236810889649,1.3,1.08,450.0
352743,48.935547,1.03531,0,157.23,0.531000310970475,1.3,1.08,450.0
352744,48.945313,1.01441,0,157.23,0.5437960043350591,1.3,1.08,450.0
352745,48.955078,1.01643,0,157.23,0.5565903874709589,1.3,1.08,450.0
352746,48.964844,1.01506,0,157.23,0.5693860808355431,1.3,1.08,450.0
352747,48.975586,0.99898,0,157.23,0.5834605573993453,1.3,1.08,450.0
352748,48.985352,1.04391,0,157.23,0.5962562507639295,1.3,1.08,450.0
352749,48.995117,0.99282,0,157.23,0.6090506338997549,1.3,1.08,450.0
352750,49.004883,1.02979,0,157.23,0.6218463272643391,1.3,1.08,450.0
352751,49.015625,1.07263,0,157.23,0.6359208038281412,1.3,1.08,450.0
352752,49.025391,1.03563,0,157.23,0.6487164971927254,1.3,1.08,450.0
352753,49.035156,1.02501,0,157.23,0.6615108803286253,1.3,1.08,450.0
352754,49.044922,1.0388,0,157.23,0.6743065736931351,1.3,1.08,450.0
352755,49.049805,1.02046,0,157.23,0.6807044203754271,1.3,1.08,450.0
352756,49.060547,1.00411,0,157.23,0.6947788969392293,1.3,1.08,450.0
352757,49.070313,1.0659,0,157.23,0.7075745903038135,1.3,1.08,450.0
352758,49.080078,1.04534,0,157.23,0.7203689734397133,1.3,1.08,450.0
352759,49.089844,1.0152,0,157.23,0.7331646668042976,1.3,1.08,450.0
352760,49.100586,1.01293,0,157.23,0.7472391433680997,1.3,1.08,450.0
352761,49.110352,1.03251,0,157.23,0.760034836732684,1.3,1.08,450.0
352762,49.120117,1.02384,0,157.23,0.7728292198685093,1.3,1.08,450.0
352763,49.129883,1.02102,0,157.23,0.7856249132330935,1.3,1.08,450.0
352764,49.140625,1.05513,0,157.23,0.7996993897968957,1.3,1.08,450.0
352765,49.145508,1.02775,0,157.23,0.8060972364791877,1.3,1.08,450.0
352766,49.155274,1.06171,0,157.23,0.818892929843772,1.3,1.08,450.0
352767,49.165039,1.01462,0,157.23,0.8316873129796718,1.3,1.08,450.0
352768,49.174805,1.03175,0,157.23,0.8444830063441816,1.3,1.08,450.0
352769,49.185547,1.06435,0,157.23,0.8585574829079837,1.3,1.08,450.0
352770,49.195313,1.06042,0,157.23,0.8713531762725679,1.3,1.08,450.0
352771,49.205078,1.01644,0,157.23,0.8841475594084678,1.3,1.08,450.0
352772,49.214844,1.02084,0,157.23,0.896943252773052,1.3,1.08,450.0
352773,49.225586,1.00371,0,157.23,0.9110177293368541,1.3,1.08,450.0
352774,49.230469,1.00843,0,157.23,0.9174155760191461,1.3,1.08,450.0
352775,49.240235,1.04547,0,157.23,0.9302112693836561,1.3,1.08,450.0
352776,49.25,1.08841,0,157.23,0.9430056525195558,1.3,1.08,450.0
352777,49.259766,1.02832,0,157.23,0.95580134588414,1.3,1.08,450.0
352778,49.270508,1.11676,0,157.23,0.9698758224479422,1.3,1.08,450.0
352779,49.280274,1.03954,0,157.23,0.9826715158125264,1.3,1.08,450.0
352780,49.290039,1.08886,0,157.23,0.9954658989484262,1.3,1.08,450.0
352781,49.299805,1.06278,0,157.23,0.008261592312935884,1.3,1.08,450.0
352782,49.310547,1.04771,0,157.23,0.022336068876738002,1.3,1.08,450.0
352783,49.320313,1.03596,0,157.23,0.035131762241322306,1.3,1.08,450.0
352784,49.330078,0.943,0,157.23,0.047926145377222173,1.3,1.08,450.0
352785,49.339844,1.0356,0,157.23,0.06072183874180648,1.3,1.08,450.0
352786,49.350586,1.08923,0,157.23,0.0747963153056086,1.3,1.08,450.0
352787,49.355469,1.22859,0,157.23,0.08119416198790064,1.3,1.08,450.0
352788,49.365235,1.11077,0,157.23,0.09398985535241056,1.3,1.08,450.0
352789,49.375,1.00918,0,157.23,0.1067842384883102,1.3,1.08,450.0
352790,49.384766,1.06461,0,157.23,0.11957993185289428,1.3,1.08,450.0
352791,49.395508,1.09214,0,157.23,0.13365440841669662,1.3,1.08,450.0
352792,49.405274,1.07573,0,157.23,0.1464501017812807,1.3,1.08,450.0
352793,49.415039,1.07494,0,157.23,0.15924448491718057,1.3,1.08,450.0
352794,49.424805,1.01458,0,157.23,0.17204017828169027,1.3,1.08,450.0
352795,49.435547,1.0819,0,157.23,0.1861146548454926,1.3,1.08,450.0
352796,49.44043,1.07407,0,157.23,0.19251250152778465,1.3,1.08,450.0
352797,49.450195,1.1042,0,157.23,0.20530688466368452,1.3,1.08,450.0
352798,49.459961,1.02865,0,157.23,0.2181025780282686,1.3,1.08,450.0
352799,49.469727,1.06875,0,157.23,0.2308982713928529,1.3,1.08,450.0
352800,49.480469,1.02082,0,157.23,0.24497274795665502,1.3,1.08,450.0
352801,49.490235,1.06674,0,157.23,0.2577684413211647,1.3,1.08,450.0
352802,49.5,1.0299,0,157.23,0.2705628244570646,1.3,1.08,450.0
352803,49.509766,1.03659,0,157.23,0.2833585178216489,1.3,1.08,450.0
352804,49.520508,1.10231,0,157.23,0.2974329943854508,1.3,1.08,450.0
352805,49.530274,1.14374,0,157.23,0.3102286877500353,1.3,1.08,450.0
352806,49.540039,1.26022,0,157.23,0.32302307088593496,1.3,1.08,450.0
352807,49.544922,1.33084,1,141.64,0.0,1.3,1.08,450.0
352808,49.554688,1.44833,0,141.64,0.011527421143685917,1.3,1.08,450.0
352809,49.56543,1.473,0,141.64,0.024206876184155863,1.3,1.08,450.0
352810,49.575195,1.59577,0,141.64,0.03573311696524558,1.3,1.08,450.0
352811,49.584961,1.39489,0,141.64,0.047260538108931494,1.3,1.08,450.0
352812,49.594727,1.34558,0,141.64,0.05878795925261741,1.3,1.08,450.0
352813,49.605469,1.28511,0,141.64,0.07146741429308735,1.3,1.08,450.0
352814,49.615235,1.28549,0,141.64,0.08299483543670619,1.3,1.08,450.0
352815,49.625,1.36318,0,141.64,0.09452107621779589,1.3,1.08,450.0
352816,49.634766,1.42944,0,141.64,0.10604849736148182,1.3,1.08,450.0
352817,49.640625,1.28288,0,141.64,0.11296424183010881,1.3,1.08,450.0
352818,49.650391,1.2175,0,141.64,0.12449166297379471,1.3,1.08,450.0
352819,49.660156,1.06596,0,141.64,0.13601790375488443,1.3,1.08,450.0
352820,49.669922,1.21876,0,141.64,0.14754532489850325,1.3,1.08,450.0
352821,49.679688,1.42484,0,141.64,0.15907274604218916,1.3,1.08,450.0
352822,49.69043,1.50545,0,141.64,0.17175220108265912,1.3,1.08,450.0
352823,49.700195,1.86333,0,141.64,0.1832784418637488,1.3,1.08,450.0
352824,49.709961,2.35661,0,141.64,0.19480586300743477,1.3,1.08,450.0
352825,49.719727,1.69249,0,141.64,0.20633328415112068,1.3,1.08,450.0
352826,49.730469,1.31338,0,141.64,0.21901273919159062,1.3,1.08,450.0
352827,49.740235,1.13737,0,141.64,0.23054016033520944,1.3,1.08,450.0
352828,49.745117,0.76634,0,141.64,0.23630269054445618,1.3,1.08,450.0
352829,49.754883,0.63644,0,141.64,0.24783011168814212,1.3,1.08,450.0
352830,49.765625,0.47524,0,141.64,0.26050956672861203,1.3,1.08,450.0
352831,49.775391,0.37788,0,141.64,0.27203698787229796,1.3,1.08,450.0
352832,49.785156,0.37652,0,141.64,0.2835632286533877,1.3,1.08,450.0
352833,49.794922,0.4737,0,141.64,0.2950906497970065,1.3,1.08,450.0
352834,49.804688,0.66762,0,141.64,0.30661807094069243,1.3,1.08,450.0
352835,49.81543,0.96668,0,141.64,0.31929752598116234,1.3,1.08,450.0
352836,49.825195,1.27211,0,141.64,0.3308237667622521,1.3,1.08,450.0
352837,49.834961,1.43977,0,141.64,0.342351187905938,1.3,1.08,450.0
352838,49.844727,1.41769,0,141.64,0.3538786090496239,1.3,1.08,450.0
352839,49.850586,1.32653,0,141.64,0.3607943535182509,1.3,1.08,450.0
352840,49.860352,1.24858,0,141.64,0.37232177466193683,1.3,1.08,450.0
352841,49.870117,1.12226,0,141.64,0.38384801544295943,1.3,1.08,450.0
352842,49.879883,0.98634,0,141.64,0.39537543658664537,1.3,1.08,450.0
352843,49.890625,0.83221,0,141.64,0.4080548916271153,1.3,1.08,450.0
352844,49.900391,0.72943,0,141.64,0.4195823127708012,1.3,1.08,450.0
352845,49.910156,0.7117,0,141.64,0.4311085535518909,1.3,1.08,450.0
352846,49.919922,0.83262,0,141.64,0.4426359746955098,1.3,1.08,450.0
352847,49.929688,1.04555,0,141.64,0.4541633958391957,1.3,1.08,450.0
352848,49.935547,1.19079,0,141.64,0.46107914030782265,1.3,1.08,450.0
352849,49.945313,1.20649,0,141.64,0.47260656145150853,1.3,1.08,450.0
352850,49.955078,1.17482,0,141.64,0.4841328022325983,1.3,1.08,450.0
352851,49.964844,1.13687,0,141.64,0.49566022337628424,1.3,1.08,450.0
352852,49.975586,1.17164,0,141.64,0.5083396784167541,1.3,1.08,450.0
352853,49.985352,1.24162,0,141.64,0.5198670995604401,1.3,1.08,450.0
352854,49.995117,1.30935,1,191.61,0.0,1.3,1.08,450.0
352855,50.004883,1.36669,0,191.61,0.015593581485965517,1.3,1.08,450.0
352856,50.015625,1.4067,0,191.61,0.03274556308763567,1.3,1.08,450.0
352857,50.025391,1.47555,0,191.61,0.04833914457360119,1.3,1.08,450.0
352858,50.035156,1.58417,0,191.61,0.06393112933814067,1.3,1.08,450.0
352859,50.040039,1.7264,0,191.61,0.07172792008112343,1.3,1.08,450.0
352860,50.049805,1.88258,0,191.61,0.08732150156699818,1.3,1.08,450.0
352861,50.060547,1.91478,0,191.61,0.10447348316866832,1.3,1.08,450.0
352862,50.070313,1.83106,0,191.61,0.12006706465463385,1.3,1.08,450.0
352863,50.080078,1.71722,0,191.61,0.13565904941917334,1.3,1.08,450.0
352864,50.089844,1.64213,0,191.61,0.15125263090513885,1.3,1.08,450.0
352865,50.100586,1.61671,0,191.61,0.16840461250680902,1.3,1.08,450.0
352866,50.110352,1.62377,0,191.61,0.18399819399277453,1.3,1.08,450.0
352867,50.120117,1.61313,0,191.61,0.19959017875722326,1.3,1.08,450.0
352868,50.129883,1.58488,0,191.61,0.21518376024318878,1.3,1.08,450.0
352869,50.140625,1.52097,0,191.61,0.23233574184485892,1.3,1.08,450.0
352870,50.145508,1.4596,0,191.61,0.2401325325878417,1.3,1.08,450.0
352871,50.155274,1.52364,0,191.61,0.2557261140738072,1.3,1.08,450.0
352872,50.165039,1.60346,0,191.61,0.2713180988383467,1.3,1.08,450.0
352873,50.174805,1.67632,0,191.61,0.2869116803242215,1.3,1.08,450.0
352874,50.185547,1.7277,0,191.61,0.30406366192589157,1.3,1.08,450.0
352875,50.195313,1.78122,0,191.61,0.31965724341185714,1.3,1.08,450.0
352876,50.205078,1.25361,0,191.61,0.33524922817639663,1.3,1.08,450.0
352877,50.214844,0.76733,0,191.61,0.35084280966236214,1.3,1.08,450.0
352878,50.225586,2.3835,0,191.61,0.3679947912640323,1.3,1.08,450.0
352879,50.235352,2.15838,0,191.61,0.38358837274999774,1.3,1.08,450.0
352880,50.240235,1.0541,0,191.61,0.39138516349288976,1.3,1.08,450.0
352881,50.25,0.48101,0,191.61,0.40697714825742926,1.3,1.08,450.0
352882,50.259766,1.08188,0,191.61,0.42257072974339477,1.3,1.08,450.0
352883,50.270508,2.23629,0,191.61,0.43972271134506496,1.3,1.08,450.0
352884,50.280274,1.90984,0,191.61,0.4553162928310304,1.3,1.08,450.0
352885,50.290039,1.33479,0,191.61,0.47090827759556997,1.3,1.08,450.0
352886,50.299805,1.23264,0,191.61,0.4865018590814447,1.3,1.08,450.0
352887,50.310547,1.6173,0,191.61,0.5036538406831148,1.3,1.08,450.0
352888,50.320313,2.08353,0,191.61,0.5192474221690804,1.3,1.08,450.0
352889,50.330078,1.55885,0,191.61,0.5348394069336198,1.3,1.08,450.0
352890,50.339844,1.2069,0,191.61,0.5504329884195853,1.3,1.08,450.0
352891,50.350586,1.13455,0,191.61,0.5675849700212555,1.3,1.08,450.0
352892,50.355469,1.09467,0,191.61,0.5753817607642382,1.3,1.08,450.0
352893,50.365235,1.12721,0,191.61,0.5909753422501131,1.3,1.08,450.0
352894,50.375,1.06896,0,191.61,0.6065673270146524,1.3,1.08,450.0
352895,50.384766,1.09911,0,191.61,0.622160908500618,1.3,1.08,450.0
352896,50.395508,1.06506,0,191.61,0.6393128901022881,1.3,1.08,450.0
352897,50.405274,0.96971,0,191.61,0.6549064715882537,1.3,1.08,450.0
352898,50.415039,0.98049,0,191.61,0.6704984563527933,1.3,1.08,450.0
352899,50.424805,1.01472,0,191.61,0.6860920378386679,1.3,1.08,450.0
352900,50.435547,1.0353,0,191.61,0.7032440194403381,1.3,1.08,450.0
352901,50.44043,1.0463,0,191.61,0.7110408101833208,1.3,1.08,450.0
352902,50.450195,1.04104,0,191.61,0.7266327949478604,1.3,1.08,450.0
352903,50.459961,1.04018,0,191.61,0.7422263764338258,1.3,1.08,450.0
352904,50.469727,1.04202,0,191.61,0.7578199579197914,1.3,1.08,450.0
352905,50.480469,1.03534,0,191.61,0.7749719395214616,1.3,1.08,450.0
352906,50.490235,1.05456,0,191.61,0.7905655210073362,1.3,1.08,450.0
352907,50.5,1.09212,0,191.61,0.8061575057718758,1.3,1.08,450.0
352908,50.509766,1.06331,0,191.61,0.8217510872578413,1.3,1.08,450.0
352909,50.520508,1.06998,0,191.61,0.8389030688595115,1.3,1.08,450.0
352910,50.530274,1.05772,0,191.61,0.854496650345477,1.3,1.08,450.0
352911,50.540039,1.11845,0,191.61,0.8700886351100164,1.3,1.08,450.0
352912,50.544922,1.01238,0,191.61,0.8778854258529084,1.3,1.08,450.0
352913,50.554688,1.08435,0,191.61,0.893479007338874,1.3,1.08,450.0
352914,50.56543,1.11975,0,191.61,0.9106309889405442,1.3,1.08,450.0
352915,50.575195,1.01547,0,191.61,0.9262229737050837,1.3,1.08,450.0
352916,50.584961,1.06859,0,191.61,0.9418165551910491,1.3,1.08,450.0
352917,50.594727,1.01122,0,191.61,0.9574101366770146,1.3,1.08,450.0
352918,50.605469,1.0444,0,191.61,0.9745621182786848,1.3,1.08,450.0
352919,50.615235,1.01576,0,191.61,0.9901556997645595,1.3,1.08,450.0
352920,50.625,1.02084,0,191.61,0.0057476845290989065,1.3,1.08,450.0
352921,50.634766,1.01076,0,191.61,0.021341266015064475,1.3,1.08,450.0
352922,50.640625,0.96766,0,191.61,0.030696456873751776,1.3,1.08,450.0
352923,50.650391,0.98919,0,191.61,0.046290038359717345,1.3,1.08,450.0
352924,50.660156,0.99314,0,191.61,0.061882023124256946,1.3,1.08,450.0
352925,50.669922,1.03552,0,191.61,0.0774756046101317,1.3,1.08,450.0
352926,50.679688,1.0009,0,191.61,0.09306918609609727,1.3,1.08,450.0
352927,50.69043,1.07064,0,191.61,0.11022116769776735,1.3,1.08,450.0
352928,50.700195,1.05193,0,191.61,0.12581315246230695,1.3,1.08,450.0
352929,50.709961,1.04576,0,191.61,0.1414067339482723,1.3,1.08,450.0
352930,50.719727,1.05454,0,191.61,0.15700031543423787,1.3,1.08,450.0
352931,50.730469,1.04323,0,191.61,0.17415229703590795,1.3,1.08,450.0
352932,50.735352,1.01753,0,191.61,0.18194908777889074,1.3,1.08,450.0
352933,50.745117,1.03506,0,191.61,0.19754107254333975,1.3,1.08,450.0
352934,50.754883,1.06207,0,191.61,0.21313465402930487,1.3,1.08,450.0
352935,50.765625,0.99205,0,191.61,0.23028663563097518,1.3,1.08,450.0
352936,50.775391,1.04637,0,191.61,0.24588021711694075,1.3,1.08,450.0
352937,50.785156,1.01595,0,191.61,0.26147220188148035,1.3,1.08,450.0
352938,50.794922,1.05849,0,191.61,0.2770657833673549,1.3,1.08,450.0
352939,50.804688,1.02362,0,191.61,0.29265936485332045,1.3,1.08,450.0
352940,50.81543,1.00483,0,191.61,0.30981134645499053,1.3,1.08,450.0
352941,50.825195,1.04248,0,191.61,0.32540333121953013,1.3,1.08,450.0
352942,50.834961,1.07251,0,191.61,0.3409969127054957,1.3,1.08,450.0
352943,50.844727,1.10257,0,191.61,0.35659049419146127,1.3,1.08,450.0
352944,50.850586,1.01453,0,191.61,0.3659456850501486,1.3,1.08,450.0
352945,50.860352,1.08453,0,191.61,0.3815392665361139,1.3,1.08,450.0
352946,50.870117,1.02787,0,191.61,0.3971312513005629,1.3,1.08,450.0
352947,50.879883,0.99824,0,191.61,0.4127248327865283,1.3,1.08,450.0
352948,50.890625,1.03749,0,191.61,0.42987681438819836,1.3,1.08,450.0
352949,50.900391,1.06306,0,191.61,0.4454703958741639,1.3,1.08,450.0
352950,50.910156,0.99608,0,191.61,0.46106238063870353,1.3,1.08,450.0
352951,50.919922,1.03813,0,191.61,0.4766559621245783,1.3,1.08,450.0
352952,50.929688,0.96846,0,191.61,0.49224954361054385,1.3,1.08,450.0
352953,50.935547,1.01054,0,191.61,0.5016047344692312,1.3,1.08,450.0
352954,50.945313,1.08496,0,191.61,0.5171983159551965,1.3,1.08,450.0
352955,50.955078,1.05039,0,191.61,0.5327903007197361,1.3,1.08,450.0
352956,50.964844,1.06762,0,191.61,0.5483838822057017,1.3,1.08,450.0
352957,50.975586,1.04938,0,191.61,0.5655358638073718,1.3,1.08,450.0
352958,50.985352,1.06571,0,191.61,0.5811294452933373,1.3,1.08,450.0
352959,50.995117,1.06485,0,191.61,0.5967214300577861,1.3,1.08,450.0
352960,51.004883,1.06352,0,191.61,0.6123150115437517,1.3,1.08,450.0
352961,51.015625,1.09046,0,191.61,0.6294669931454215,1.3,1.08,450.0
352962,51.025391,1.04394,0,191.61,0.6450605746313871,1.3,1.08,450.0
352963,51.035156,1.02026,0,191.61,0.6606525593959267,1.3,1.08,450.0
352964,51.040039,1.01085,0,191.61,0.6684493501389095,1.3,1.08,450.0
352965,51.049805,1.10218,0,191.61,0.6840429316247842,1.3,1.08,450.0
352966,51.060547,1.15397,0,191.61,0.7011949132264543,1.3,1.08,450.0
352967,51.070313,1.06061,0,191.61,0.7167884947124199,1.3,1.08,450.0
352968,51.080078,1.0395,0,191.61,0.7323804794769593,1.3,1.08,450.0
352969,51.089844,1.01214,0,191.61,0.7479740609629248,1.3,1.08,450.0
352970,51.100586,1.11127,0,191.61,0.7651260425645952,1.3,1.08,450.0
352971,51.110352,1.07754,0,191.61,0.7807196240505607,1.3,1.08,450.0
352972,51.120117,1.05615,0,191.61,0.7963116088150093,1.3,1.08,450.0
352973,51.129883,1.05871,0,191.61,0.8119051903009749,1.3,1.08,450.0
352974,51.140625,1.05499,0,191.61,0.8290571719026449,1.3,1.08,450.0
352975,51.145508,1.02745,0,191.61,0.8368539626456277,1.3,1.08,450.0
352976,51.155274,1.07902,0,191.61,0.8524475441315933,1.3,1.08,450.0
352977,51.165039,1.10963,0,191.61,0.8680395288961327,1.3,1.08,450.0
352978,51.174805,1.01543,0,191.61,0.8836331103820074,1.3,1.08,450.0
352979,51.185547,1.00084,0,191.61,0.9007850919836777,1.3,1.08,450.0
352980,51.195313,0.98904,0,191.61,0.9163786734696433,1.3,1.08,450.0
352981,51.205078,1.0295,0,191.61,0.9319706582341825,1.3,1.08,450.0
352982,51.214844,1.03881,0,191.61,0.947564239720148,1.3,1.08,450.0
352983,51.225586,1.08269,0,191.61,0.9647162213218183,1.3,1.08,450.0
352984,51.235352,1.19645,0,191.61,0.9803098028077839,1.3,1.08,450.0
352985,51.240235,1.30356,1,153.51,0.0,1.3,1.08,450.0
352986,51.25,1.42306,0,153.51,0.012492242929295596,1.3,1.08,450.0
352987,51.259766,1.5452,0,153.51,0.024985765146138324,1.3,1.08,450.0
352988,51.270508,1.56548,0,153.51,0.03872787201210796,1.3,1.08,450.0
352989,51.280274,1.55115,0,153.51,0.05122139422895068,1.3,1.08,450.0
352990,51.290039,1.58653,0,153.51,0.06371363715824628,1.3,1.08,450.0
352991,51.299805,1.60117,0,153.51,0.07620715937501628,1.3,1.08,450.0
352992,51.310547,1.53919,0,153.51,0.08994926624098593,1.3,1.08,450.0
352993,51.320313,1.30296,0,153.51,0.10244278845782866,1.3,1.08,450.0
352994,51.330078,1.21854,0,153.51,0.11493503138712424,1.3,1.08,450.0
352995,51.339844,1.02093,0,153.51,0.12742855360396696,1.3,1.08,450.0
352996,51.344727,0.87242,0,153.51,0.13367531471238833,1.3,1.08,450.0
352997,51.355469,1.21566,0,153.51,0.14741742157835797,1.3,1.08,450.0
352998,51.365235,1.51818,0,153.51,0.15991094379512796,1.3,1.08,450.0
352999,51.375,1.52514,0,153.51,0.17240318672442356,1.3,1.08,450.0
353000,51.384766,1.2921,0,153.51,0.1848967089412663,1.3,1.08,450.0
353001,51.395508,1.12579,0,153.51,0.1986388158072359,1.3,1.08,450.0
353002,51.405274,2.84741,0,153.51,0.21113233802407866,1.3,1.08,450.0
353003,51.415039,3.29558,0,153.51,0.22362458095337426,1.3,1.08,450.0
353004,51.424805,2.05738,0,153.51,0.23611810317014426,1.3,1.08,450.0
353005,51.435547,1.76279,0,153.51,0.2498602100361139,1.3,1.08,450.0
353006,51.44043,1.12182,0,153.51,0.25610697114453523,1.3,1.08,450.0
353007,51.450195,0.77432,0,153.51,0.26859921407383086,1.3,1.08,450.0
353008,51.459961,0.66677,0,153.51,0.2810927362906736,1.3,1.08,450.0
353009,51.469727,0.47045,0,153.51,0.2935862585075163,1.3,1.08,450.0
353010,51.480469,0.23568,0,153.51,0.30732836537348596,1.3,1.08,450.0
353011,51.490235,0.10749,0,153.51,0.3198218875902559,1.3,1.08,450.0
353012,51.5,0.08372,0,153.51,0.33231413051955155,1.3,1.08,450.0
353013,51.509766,0.23349,0,153.51,0.34480765273639424,1.3,1.08,450.0
353014,51.520508,0.58238,0,153.51,0.3585497596023639,1.3,1.08,450.0
353015,51.530274,1.02711,0,153.51,0.3710432818192066,1.3,1.08,450.0
353016,51.540039,1.41051,0,153.51,0.3835355247485022,1.3,1.08,450.0
353017,51.544922,1.65921,0,153.51,0.3897822858568508,1.3,1.08,450.0
353018,51.554688,1.56542,0,153.51,0.4022758080736936,1.3,1.08,450.0
353019,51.56543,1.31573,0,153.51,0.4160179149396633,1.3,1.08,450.0
353020,51.575195,1.04055,0,153.51,0.42851015786895885,1.3,1.08,450.0
353021,51.584961,0.81806,0,153.51,0.44100368008580154,1.3,1.08,450.0
353022,51.594727,0.69762,0,153.51,0.4534972023026443,1.3,1.08,450.0
353023,51.605469,0.67515,0,153.51,0.4672393091686139,1.3,1.08,450.0
353024,51.615235,0.76254,0,153.51,0.4797328313853839,1.3,1.08,450.0
353025,51.625,0.98876,0,153.51,0.4922250743146795,1.3,1.08,450.0
353026,51.634766,1.29209,0,153.51,0.5047185965315222,1.3,1.08,450.0
353027,51.640625,1.45304,0,153.51,0.5122139422890705,1.3,1.08,450.0
353028,51.650391,1.51468,0,153.51,0.5247074645059132,1.3,1.08,450.0
353029,51.660156,1.48931,0,153.51,0.5371997074352088,1.3,1.08,450.0
353030,51.669922,1.43918,0,153.51,0.5496932296519789,1.3,1.08,450.0
353031,51.679688,1.42774,0,153.51,0.5621867518688216,1.3,1.08,450.0
353032,51.69043,1.46349,0,153.51,0.5759288587347912,1.3,1.08,450.0
353033,51.700195,1.50933,0,153.51,0.5884211016640868,1.3,1.08,450.0
353034,51.709961,1.54067,0,153.51,0.6009146238809294,1.3,1.08,450.0
353035,51.719727,1.5736,0,153.51,0.6134081460977723,1.3,1.08,450.0
353036,51.730469,1.64616,0,153.51,0.6271502529637419,1.3,1.08,450.0
353037,51.735352,1.73796,0,153.51,0.6333970140721632,1.3,1.08,450.0
353038,51.745117,1.80211,0,153.51,0.6458892570013861,1.3,1.08,450.0
353039,51.754883,1.844,0,153.51,0.6583827792182289,1.3,1.08,450.0
353040,51.765625,1.85344,0,153.51,0.6721248860841985,1.3,1.08,450.0
353041,51.775391,1.80324,0,153.51,0.6846184083010413,1.3,1.08,450.0
353042,51.785156,1.71648,0,153.51,0.6971106512303369,1.3,1.08,450.0
353043,51.794922,1.62912,0,153.51,0.7096041734471068,1.3,1.08,450.0
353044,51.804688,1.53692,0,153.51,0.7220976956639495,1.3,1.08,450.0
353045,51.81543,1.43437,0,153.51,0.7358398025299191,1.3,1.08,450.0
353046,51.825195,1.38621,0,153.51,0.7483320454592147,1.3,1.08,450.0
353047,51.834961,1.46574,0,153.51,0.7608255676760575,1.3,1.08,450.0
353048,51.844727,1.52104,0,153.51,0.7733190898929003,1.3,1.08,450.0
353049,51.850586,1.55913,0,153.51,0.7808144356504485,1.3,1.08,450.0
353050,51.860352,1.59349,0,153.51,0.7933079578672912,1.3,1.08,450.0
353051,51.870117,1.61174,0,153.51,0.805800200796514,1.3,1.08,450.0
353052,51.879883,0.78053,0,153.51,0.8182937230133568,1.3,1.08,450.0
353053,51.890625,1.21038,0,153.51,0.8320358298793266,1.3,1.08,450.0
353054,51.900391,2.33223,1,164.82,0.0,1.3,1.08,450.0
353055,51.910156,1.75781,0,164.82,0.013412129063350757,1.3,1.08,450.0
353056,51.919922,0.92099,0,164.82,0.02682563161653941,1.3,1.08,450.0
353057,51.929688,0.54234,0,164.82,0.040239134169806144,1.3,1.08,450.0
353058,51.935547,1.30127,0,164.82,0.048286411607785365,1.3,1.08,450.0
353059,51.945313,2.11738,0,164.82,0.0616999141610521,1.3,1.08,450.0
353060,51.955078,1.87677,0,164.82,0.07511204322440285,1.3,1.08,450.0
353061,51.964844,1.37723,0,164.82,0.08852554577766956,1.3,1.08,450.0
353062,51.975586,1.52536,0,164.82,0.10327957449228216,1.3,1.08,450.0
353063,51.985352,2.24146,0,164.82,0.11669307704554889,1.3,1.08,450.0
353064,51.995117,1.56531,0,164.82,0.13010520610882156,1.3,1.08,450.0
353065,52.004883,1.25258,0,164.82,0.1435187086620883,1.3,1.08,450.0
353066,52.015625,1.19656,0,164.82,0.1582727373767009,1.3,1.08,450.0
353067,52.025391,1.26784,0,164.82,0.17168623992996762,1.3,1.08,450.0
353068,52.035156,1.09816,0,164.82,0.18509836899331839,1.3,1.08,450.0
353069,52.040039,1.0387,0,164.82,0.19180512026995175,1.3,1.08,450.0
353070,52.049805,0.99312,0,164.82,0.2052186228231404,1.3,1.08,450.0
353071,52.060547,1.07367,0,164.82,0.21997265153775297,1.3,1.08,450.0
353072,52.070313,1.02623,0,164.82,0.2333861540910197,1.3,1.08,450.0
353073,52.080078,1.01934,0,164.82,0.24679828315437044,1.3,1.08,450.0
353074,52.089844,1.00567,0,164.82,0.2602117857076372,1.3,1.08,450.0
353075,52.100586,1.00865,0,164.82,0.27496581442224977,1.3,1.08,450.0
353076,52.110352,1.02167,0,164.82,0.28837931697551655,1.3,1.08,450.0
353077,52.120117,1.0277,0,164.82,0.3017914460387892,1.3,1.08,450.0
353078,52.129883,0.98262,0,164.82,0.31520494859205594,1.3,1.08,450.0
353079,52.140625,1.014,0,164.82,0.3299589773066685,1.3,1.08,450.0
353080,52.145508,1.08164,0,164.82,0.3366657285833019,1.3,1.08,450.0
353081,52.155274,1.02816,0,164.82,0.3500792311365686,1.3,1.08,450.0
353082,52.165039,1.06468,0,164.82,0.36349136019991934,1.3,1.08,450.0
353083,52.174805,1.03921,0,164.82,0.37690486275310797,1.3,1.08,450.0
353084,52.185547,1.04735,0,164.82,0.3916588914677206,1.3,1.08,450.0
353085,52.195313,1.04828,0,164.82,0.4050723940209873,1.3,1.08,450.0
353086,52.205078,1.05097,0,164.82,0.4184845230843381,1.3,1.08,450.0
353087,52.214844,1.06257,0,164.82,0.43189802563760477,1.3,1.08,450.0
353088,52.225586,1.0785,0,164.82,0.4466520543522174,1.3,1.08,450.0
353089,52.230469,1.01237,0,164.82,0.4533588056288507,1.3,1.08,450.0
353090,52.240235,1.08661,0,164.82,0.4667723081820394,1.3,1.08,450.0
353091,52.25,1.05753,0,164.82,0.48018443724539017,1.3,1.08,450.0
353092,52.259766,1.05193,0,164.82,0.4935979397986569,1.3,1.08,450.0
353093,52.270508,1.05729,0,164.82,0.5083519685132695,1.3,1.08,450.0
353094,52.280274,1.06361,0,164.82,0.5217654710665361,1.3,1.08,450.0
353095,52.290039,1.02067,0,164.82,0.5351776001298869,1.3,1.08,450.0
353096,52.299805,1.03198,0,164.82,0.5485911026830756,1.3,1.08,450.0
353097,52.310547,1.01544,0,164.82,0.5633451313976882,1.3,1.08,450.0
353098,52.320313,1.02015,0,164.82,0.576758633950955,1.3,1.08,450.0
353099,52.330078,1.01019,0,164.82,0.5901707630143057,1.3,1.08,450.0
353100,52.334961,1.05056,0,164.82,0.596877514290939,1.3,1.08,450.0
353101,52.344727,1.02271,0,164.82,0.6102910168442058,1.3,1.08,450.0
353102,52.355469,1.00268,0,164.82,0.6250450455588185,1.3,1.08,450.0
353103,52.365235,1.04658,0,164.82,0.6384585481120071,1.3,1.08,450.0
353104,52.375,1.04037,0,164.82,0.6518706771753578,1.3,1.08,450.0
353105,52.384766,1.03062,0,164.82,0.6652841797286245,1.3,1.08,450.0
353106,52.395508,1.02086,0,164.82,0.6800382084432371,1.3,1.08,450.0
353107,52.405274,1.04817,0,164.82,0.6934517109965038,1.3,1.08,450.0
353108,52.415039,1.01627,0,164.82,0.7068638400598546,1.3,1.08,450.0
353109,52.424805,1.026,0,164.82,0.7202773426130432,1.3,1.08,450.0
353110,52.435547,1.02635,0,164.82,0.7350313713276558,1.3,1.08,450.0
353111,52.44043,1.04649,0,164.82,0.7417381226042892,1.3,1.08,450.0
353112,52.450195,1.05174,0,164.82,0.7551502516676399,1.3,1.08,450.0
353113,52.459961,1.05645,0,164.82,0.7685637542209066,1.3,1.08,450.0
353114,52.469727,1.08293,0,164.82,0.7819772567741734,1.3,1.08,450.0
353115,52.480469,1.08234,0,164.82,0.796731285488786,1.3,1.08,450.0
353116,52.490235,1.06247,0,164.82,0.8101447880419747,1.3,1.08,450.0
353117,52.5,1.02668,0,164.82,0.8235569171053254,1.3,1.08,450.0
353118,52.509766,1.05089,0,164.82,0.8369704196585921,1.3,1.08,450.0
353119,52.520508,1.03281,0,164.82,0.8517244483732047,1.3,1.08,450.0
353120,52.530274,1.04023,0,164.82,0.8651379509264714,1.3,1.08,450.0
353121,52.535156,1.0287,0,164.82,0.8718433287131888,1.3,1.08,450.0
353122,52.544922,1.01732,0,164.82,0.8852568312663774,1.3,1.08,450.0
353123,52.554688,1.02498,0,164.82,0.8986703338196442,1.3,1.08,450.0
353124,52.56543,0.99789,0,164.82,0.9134243625342567,1.3,1.08,450.0
353125,52.575195,1.03022,0,164.82,0.9268364915976075,1.3,1.08,450.0
353126,52.584961,1.00066,0,164.82,0.9402499941508743,1.3,1.08,450.0
353127,52.594727,1.04042,0,164.82,0.9536634967041411,1.3,1.08,450.0
353128,52.605469,1.00839,0,164.82,0.9684175254187537,1.3,1.08,450.0
353129,52.615235,1.00769,0,164.82,0.9818310279719423,1.3,1.08,450.0
353130,52.625,0.98332,0,164.82,0.9952431570352931,1.3,1.08,450.0
353131,52.634766,1.03642,0,164.82,0.008656659588559767,1.3,1.08,450.0
353132,52.640625,1.01075,0,164.82,0.01670393702653894,1.3,1.08,450.0
353133,52.650391,1.04781,0,164.82,0.030117439579805616,1.3,1.08,450.0
353134,52.660156,1.0581,0,164.82,0.04352956864315649,1.3,1.08,450.0
353135,52.669922,1.00483,0,164.82,0.05694307119634501,1.3,1.08,450.0
353136,52.679688,1.10454,0,164.82,0.0703565737496119,1.3,1.08,450.0
353137,52.69043,1.05022,0,164.82,0.0851106024642243,1.3,1.08,450.0
353138,52.700195,1.06913,0,164.82,0.09852273152757518,1.3,1.08,450.0
353139,52.709961,1.05362,0,164.82,0.11193623408084208,1.3,1.08,450.0
353140,52.719727,0.96903,0,164.82,0.12534973663410875,1.3,1.08,450.0
353141,52.725586,1.0641,0,164.82,0.13339701407208793,1.3,1.08,450.0
353142,52.735352,1.08612,0,164.82,0.1468105166253546,1.3,1.08,450.0
353143,52.745117,1.19216,0,164.82,0.16022264568862732,1.3,1.08,450.0
353144,52.754883,1.11591,0,164.82,0.173636148241894,1.3,1.08,450.0
353145,52.765625,1.07392,0,164.82,0.18839017695650662,1.3,1.08,450.0
353146,52.775391,1.03633,0,164.82,0.2018036795097733,1.3,1.08,450.0
353147,52.785156,1.0687,0,164.82,0.21521580857312395,1.3,1.08,450.0
353148,52.794922,1.07747,0,164.82,0.22862931112631268,1.3,1.08,450.0
353149,52.804688,1.04658,0,164.82,0.24204281367957936,1.3,1.08,450.0
353150,52.81543,1.06516,0,164.82,0.256796842394192,1.3,1.08,450.0
353151,52.825195,1.09294,0,164.82,0.27020897145754286,1.3,1.08,450.0
353152,52.830078,1.10151,0,164.82,0.2769157227341763,1.3,1.08,450.0
353153,52.839844,1.0779,0,164.82,0.290329225287443,1.3,1.08,450.0
353154,52.850586,1.04871,0,164.82,0.3050832540020556,1.3,1.08,450.0
353155,52.860352,1.09094,0,164.82,0.3184967565553223,1.3,1.08,450.0
353156,52.870117,1.04298,0,164.82,0.331908885618595,1.3,1.08,450.0
353157,52.879883,0.97131,0,164.82,0.34532238817186167,1.3,1.08,450.0
353158,52.890625,1.02054,0,164.82,0.3600764168864743,1.3,1.08,450.0
353159,52.900391,1.02958,0,164.82,0.37348991943974097,1.3,1.08,450.0
353160,52.910156,1.0971,0,164.82,0.3869020485030916,1.3,1.08,450.0
353161,52.919922,1.25602,0,164.82,0.40031555105628036,1.3,1.08,450.0
353162,52.929688,1.45969,1,145.53,0.0,1.3,1.08,450.0
353163,52.935547,1.65629,0,145.53,0.007105260303918643,1.3,1.08,450.0
353164,52.945313,1.49453,0,145.53,0.018948573519197837,1.3,1.08,450.0
353165,52.955078,1.54211,0,145.53,0.030790674025774865,1.3,1.08,450.0
353166,52.964844,1.59773,0,145.53,0.042633987241054064,1.3,1.08,450.0
353167,52.975586,1.39236,0,145.53,0.0556609041526123,1.3,1.08,450.0
353168,52.985352,1.41072,0,145.53,0.0675042173678915,1.3,1.08,450.0
353169,52.995117,1.22563,0,145.53,0.0793463178743996,1.3,1.08,450.0
353170,53.004883,1.10863,0,145.53,0.09118963108967879,1.3,1.08,450.0
353171,53.015625,1.19033,0,145.53,0.10421654800123702,1.3,1.08,450.0
353172,53.025391,0.9363,0,145.53,0.11605986121651622,1.3,1.08,450.0
353173,53.035156,1.06112,0,145.53,0.12790196172309326,1.3,1.08,450.0
353174,53.040039,1.30617,0,145.53,0.13382361833073286,1.3,1.08,450.0
353175,53.049805,1.44558,0,145.53,0.1456669315459431,1.3,1.08,450.0
353176,53.060547,1.49147,0,145.53,0.15869384845750137,1.3,1.08,450.0
353177,53.070313,1.33167,0,145.53,0.17053716167278055,1.3,1.08,450.0
353178,53.080078,1.54426,0,145.53,0.18237926217935757,1.3,1.08,450.0
353179,53.089844,3.28518,0,145.53,0.19422257539463678,1.3,1.08,450.0
353180,53.100586,2.58141,0,145.53,0.207249492306195,1.3,1.08,450.0
353181,53.110352,1.66062,0,145.53,0.2190928055214742,1.3,1.08,450.0
353182,53.120117,1.24033,0,145.53,0.2309349060279823,1.3,1.08,450.0
353183,53.129883,0.8414,0,145.53,0.2427782192432615,1.3,1.08,450.0
353184,53.140625,0.52725,0,145.53,0.25580513615481976,1.3,1.08,450.0
353185,53.145508,0.34818,0,145.53,0.26172679276245936,1.3,1.08,450.0
353186,53.155274,0.2146,0,145.53,0.27357010597773856,1.3,1.08,450.0
353187,53.165039,0.15596,0,145.53,0.2854122064843156,1.3,1.08,450.0
353188,53.174805,0.2522,0,145.53,0.29725551969952585,1.3,1.08,450.0
353189,53.185547,0.51144,0,145.53,0.31028243661108407,1.3,1.08,450.0
353190,53.195313,0.75059,0,145.53,0.3221257498263633,1.3,1.08,450.0
353191,53.205078,0.93389,0,145.53,0.3339678503329403,1.3,1.08,450.0
353192,53.214844,1.08729,0,145.53,0.3458111635482195,1.3,1.08,450.0
353193,53.225586,1.21327,0,145.53,0.3588380804597777,1.3,1.08,450.0
353194,53.230469,1.25849,0,145.53,0.3647597370674173,1.3,1.08,450.0
353195,53.240235,1.23038,0,145.53,0.3766030502826275,1.3,1.08,450.0
353196,53.25,1.18263,0,145.53,0.38844515078920455,1.3,1.08,450.0
353197,53.259766,1.14265,0,145.53,0.40028846400448376,1.3,1.08,450.0
353198,53.270508,1.14017,0,145.53,0.41331538091604203,1.3,1.08,450.0
353199,53.280274,1.09323,0,145.53,0.42515869413132124,1.3,1.08,450.0
353200,53.290039,1.05118,0,145.53,0.43700079463789826,1.3,1.08,450.0
353201,53.299805,1.03007,0,145.53,0.4488441078531086,1.3,1.08,450.0
353202,53.310547,1.06462,0,145.53,0.4618710247646668,1.3,1.08,450.0
353203,53.320313,1.1432,0,145.53,0.47371433797994594,1.3,1.08,450.0
353204,53.330078,1.23461,0,145.53,0.485556438486523,1.3,1.08,450.0
353205,53.339844,1.34465,0,145.53,0.4973997517018022,1.3,1.08,450.0
353206,53.344727,1.44161,0,145.53,0.5033214083094417,1.3,1.08,450.0
353207,53.355469,1.4741,0,145.53,0.516348325221,1.3,1.08,450.0
353208,53.365235,1.4764,0,145.53,0.5281916384362103,1.3,1.08,450.0
353209,53.375,1.46841,0,145.53,0.5400337389427873,1.3,1.08,450.0
353210,53.384766,1.48902,0,145.53,0.5518770521580666,1.3,1.08,450.0
353211,53.395508,1.50165,0,145.53,0.5649039690696248,1.3,1.08,450.0
353212,53.405274,1.53995,0,145.53,0.5767472822849039,1.3,1.08,450.0
353213,53.415039,1.65496,0,145.53,0.588589382791481,1.3,1.08,450.0
353214,53.424805,1.75618,0,145.53,0.6004326960066912,1.3,1.08,450.0
353215,53.435547,1.76635,0,145.53,0.6134596129182495,1.3,1.08,450.0
353216,53.44043,1.74945,0,145.53,0.619381269525889,1.3,1.08,450.0
353217,53.450195,1.74986,0,145.53,0.6312233700324661,1.3,1.08,450.0
353218,53.459961,1.76152,0,145.53,0.6430666832477453,1.3,1.08,450.0
353219,53.469727,1.70715,0,145.53,0.6549099964630245,1.3,1.08,450.0
353220,53.480469,1.66813,0,145.53,0.6679369133745827,1.3,1.08,450.0
353221,53.490235,1.56024,0,145.53,0.679780226589793,1.3,1.08,450.0
353222,53.5,1.41201,0,145.53,0.6916223270963701,1.3,1.08,450.0
353223,53.509766,1.28954,0,145.53,0.7034656403116492,1.3,1.08,450.0
353224,53.520508,1.32517,0,145.53,0.7164925572232074,1.3,1.08,450.0
353225,53.530274,1.36937,0,145.53,0.7283358704384867,1.3,1.08,450.0
353226,53.535156,1.44118,0,145.53,0.7342563143374241,1.3,1.08,450.0
353227,53.544922,1.46774,0,145.53,0.7460996275526344,1.3,1.08,450.0
353228,53.554688,1.49189,0,145.53,0.7579429407679136,1.3,1.08,450.0
353229,53.56543,1.45253,0,145.53,0.7709698576794718,1.3,1.08,450.0
353230,53.575195,1.36927,0,145.53,0.7828119581860488,1.3,1.08,450.0
353231,53.584961,1.1603,0,145.53,0.7946552714013281,1.3,1.08,450.0
353232,53.594727,0.95106,0,145.53,0.8064985846166072,1.3,1.08,450.0
353233,53.605469,2.68344,1,158.34,0.0,1.3,1.08,450.0
353234,53.615235,2.51719,0,158.34,0.012886558853704384,1.3,1.08,450.0
353235,53.625,1.2212,0,158.34,0.02577179817453055,1.3,1.08,450.0
353236,53.634766,0.63037,0,158.34,0.038658357028309935,1.3,1.08,450.0
353237,53.640625,0.77797,0,158.34,0.04638950062077563,1.3,1.08,450.0
353238,53.650391,1.99093,0,158.34,0.059276059474555026,1.3,1.08,450.0
353239,53.660156,2.25075,0,158.34,0.07216129879538119,1.3,1.08,450.0
353240,53.669922,1.75724,0,158.34,0.08504785764908558,1.3,1.08,450.0
353241,53.679688,1.26695,0,158.34,0.09793441650286497,1.3,1.08,450.0
353242,53.69043,1.43341,0,158.34,0.11210883952222035,1.3,1.08,450.0
353243,53.700195,1.63676,0,158.34,0.12499407884304652,1.3,1.08,450.0
353244,53.709961,1.52469,0,158.34,0.1378806376968259,1.3,1.08,450.0
353245,53.719727,1.34844,0,158.34,0.1507671965506053,1.3,1.08,450.0
353246,53.725586,1.35667,0,158.34,0.158498340143071,1.3,1.08,450.0
353247,53.735352,1.29611,0,158.34,0.1713848989968504,1.3,1.08,450.0
353248,53.745117,1.28619,0,158.34,0.18427013831760153,1.3,1.08,450.0
353249,53.754883,1.05668,0,158.34,0.19715669717138093,1.3,1.08,450.0
353250,53.765625,1.07405,0,158.34,0.21133112019073633,1.3,1.08,450.0
353251,53.775391,1.03478,0,158.34,0.2242176790445157,1.3,1.08,450.0
353252,53.785156,0.99268,0,158.34,0.23710291836534186,1.3,1.08,450.0
353253,53.794922,1.05052,0,158.34,0.24998947721904627,1.3,1.08,450.0
353254,53.804688,1.0213,0,158.34,0.26287603607282567,1.3,1.08,450.0
353255,53.81543,1.04982,0,158.34,0.27705045909218107,1.3,1.08,450.0
353256,53.825195,1.03481,0,158.34,0.2899356984130072,1.3,1.08,450.0
353257,53.834961,1.08014,0,158.34,0.3028222572667866,1.3,1.08,450.0
353258,53.839844,1.04668,0,158.34,0.3092655366936763,1.3,1.08,450.0
353259,53.850586,1.15375,0,158.34,0.32343995971303163,1.3,1.08,450.0
353260,53.860352,1.13151,0,158.34,0.3363265185668111,1.3,1.08,450.0
353261,53.870117,1.06155,0,158.34,0.3492117578875622,1.3,1.08,450.0
353262,53.879883,1.12244,0,158.34,0.3620983167413416,1.3,1.08,450.0
353263,53.890625,1.10809,0,158.34,0.37627273976069703,1.3,1.08,450.0
353264,53.900391,0.98638,0,158.34,0.3891592986144764,1.3,1.08,450.0
353265,53.910156,1.0499,0,158.34,0.4020445379353026,1.3,1.08,450.0
353266,53.919922,1.02174,0,158.34,0.41493109678900697,1.3,1.08,450.0
353267,53.929688,1.05892,0,158.34,0.42781765564278634,1.3,1.08,450.0
353268,53.935547,1.07269,0,158.34,0.435548799235252,1.3,1.08,450.0
353269,53.945313,1.09107,0,158.34,0.4484353580890314,1.3,1.08,450.0
353270,53.955078,1.0461,0,158.34,0.4613205974098576,1.3,1.08,450.0
353271,53.964844,1.09126,0,158.34,0.474207156263637,1.3,1.08,450.0
353272,53.975586,1.00395,0,158.34,0.48838157928299236,1.3,1.08,450.0
353273,53.985352,1.05078,0,158.34,0.5012681381367717,1.3,1.08,450.0
353274,53.995117,1.02351,0,158.34,0.5141533774575229,1.3,1.08,450.0
353275,54.004883,1.04089,0,158.34,0.5270399363113023,1.3,1.08,450.0
353276,54.015625,0.97888,0,158.34,0.5412143593306578,1.3,1.08,450.0
353277,54.025391,1.01932,0,158.34,0.5541009181844371,1.3,1.08,450.0
353278,54.030274,0.99295,0,158.34,0.5605441976113268,1.3,1.08,450.0
353279,54.040039,1.00406,0,158.34,0.573429436932153,1.3,1.08,450.0
353280,54.049805,1.02908,0,158.34,0.5863159957858574,1.3,1.08,450.0
353281,54.060547,1.00414,0,158.34,0.6004904188052128,1.3,1.08,450.0
353282,54.070313,1.06044,0,158.34,0.6133769776589921,1.3,1.08,450.0
353283,54.080078,1.01036,0,158.34,0.6262622169798182,1.3,1.08,450.0
353284,54.089844,1.02064,0,158.34,0.6391487758335976,1.3,1.08,450.0
353285,54.100586,1.02438,0,158.34,0.653323198852953,1.3,1.08,450.0
353286,54.110352,1.02888,0,158.34,0.6662097577067325,1.3,1.08,450.0
353287,54.120117,1.011,0,158.34,0.6790949970274837,1.3,1.08,450.0
353288,54.129883,1.0254,0,158.34,0.691981555881263,1.3,1.08,450.0
353289,54.140625,1.06211,0,158.34,0.7061559789006184,1.3,1.08,450.0
353290,54.145508,0.95103,0,158.34,0.712599258327508,1.3,1.08,450.0
353291,54.155274,1.05598,0,158.34,0.7254858171812875,1.3,1.08,450.0
353292,54.165039,1.06386,0,158.34,0.7383710565021137,1.3,1.08,450.0
353293,54.174805,1.04049,0,158.34,0.751257615355818,1.3,1.08,450.0
353294,54.185547,1.04905,0,158.34,0.7654320383751735,1.3,1.08,450.0
353295,54.195313,1.06945,0,158.34,0.7783185972289528,1.3,1.08,450.0
353296,54.205078,1.07646,0,158.34,0.7912038365497789,1.3,1.08,450.0
353297,54.214844,1.07753,0,158.34,0.8040903954035584,1.3,1.08,450.0
353298,54.225586,1.04961,0,158.34,0.8182648184229138,1.3,1.08,450.0
353299,54.230469,1.03835,0,158.34,0.8247080978498035,1.3,1.08,450.0
353300,54.240235,1.02911,0,158.34,0.8375946567035079,1.3,1.08,450.0
353301,54.25,1.00417,0,158.34,0.8504798960243339,1.3,1.08,450.0
353302,54.259766,1.03898,0,158.34,0.8633664548781134,1.3,1.08,450.0
353303,54.270508,1.04873,0,158.34,0.8775408778974687,1.3,1.08,450.0
353304,54.280274,1.06404,0,158.34,0.8904274367512481,1.3,1.08,450.0
353305,54.290039,1.04103,0,158.34,0.9033126760720743,1.3,1.08,450.0
353306,54.299805,1.02419,0,158.34,0.9161992349257787,1.3,1.08,450.0
353307,54.310547,1.01313,0,158.34,0.9303736579451342,1.3,1.08,450.0
353308,54.320313,1.02714,0,158.34,0.9432602167989135,1.3,1.08,450.0
353309,54.330078,0.99661,0,158.34,0.9561454561197397,1.3,1.08,450.0
353310,54.334961,1.00121,0,158.34,0.9625887355466294,1.3,1.08,450.0
353311,54.344727,1.02232,0,158.34,0.9754752944004088,1.3,1.08,450.0
353312,54.355469,1.01251,0,158.34,0.9896497174197642,1.3,1.08,450.0
353313,54.365235,1.04603,0,158.34,0.0025362762734684186,1.3,1.08,450.0
353314,54.375,1.05578,0,158.34,0.015421515594294721,1.3,1.08,450.0
353315,54.384766,1.08622,0,158.34,0.02830807444807415,1.3,1.08,450.0
353316,54.395508,1.07922,0,158.34,0.04248249746742938,1.3,1.08,450.0
353317,54.405274,1.04251,0,158.34,0.05536905632120881,1.3,1.08,450.0
353318,54.415039,1.05099,0,158.34,0.06825429564203511,1.3,1.08,450.0
353319,54.424805,1.08094,0,158.34,0.08114085449573949,1.3,1.08,450.0
353320,54.435547,1.03681,0,158.34,0.09531527751509472,1.3,1.08,450.0
353321,54.44043,1.04035,0,158.34,0.10175855694198455,1.3,1.08,450.0
353322,54.450195,1.08214,0,158.34,0.11464379626281063,1.3,1.08,450.0
353323,54.459961,1.01981,0,158.34,0.12753035511659006,1.3,1.08,450.0
353324,54.469727,1.20037,0,158.34,0.14041691397036948,1.3,1.08,450.0
353325,54.480469,1.06127,0,158.34,0.15459133698972494,1.3,1.08,450.0
353326,54.490235,1.03613,0,158.34,0.16747789584342931,1.3,1.08,450.0
353327,54.5,1.0424,0,158.34,0.1803631351642554,1.3,1.08,450.0
353328,54.509766,1.05185,0,158.34,0.19324969401803482,1.3,1.08,450.0
353329,54.520508,1.07618,0,158.34,0.20742411703739028,1.3,1.08,450.0
353330,54.525391,1.0487,0,158.34,0.21386739646427988,1.3,1.08,450.0
353331,54.535156,1.09091,0,158.34,0.22675263578510618,1.3,1.08,450.0
353332,54.544922,1.05322,0,158.34,0.23963919463881056,1.3,1.08,450.0
353333,54.554688,1.08527,0,158.34,0.25252575349258977,1.3,1.08,450.0
353334,54.56543,1.0571,0,158.34,0.2667001765119452,1.3,1.08,450.0
353335,54.575195,1.11342,0,158.34,0.2795854158327713,1.3,1.08,450.0
353336,54.584961,1.02142,0,158.34,0.29247197468655073,1.3,1.08,450.0
353337,54.594727,1.03843,0,158.34,0.30535853354032994,1.3,1.08,450.0
353338,54.605469,0.99243,0,158.34,0.3195329565596856,1.3,1.08,450.0
353339,54.615235,1.01027,0,158.34,0.33241951541338977,1.3,1.08,450.0
353340,54.625,1.0278,0,158.34,0.34530475473421607,1.3,1.08,450.0
353341,54.634766,1.03777,0,158.34,0.3581913135879953,1.3,1.08,450.0
353342,54.640625,1.11848,0,158.34,0.3659224571804611,1.3,1.08,450.0
353343,54.650391,1.20024,0,158.34,0.37880901603424055,1.3,1.08,450.0
353344,54.660156,1.38948,1,140.52,0.0,1.3,1.08,450.0
353345,54.669922,1.44093,0,140.52,0.011435782994030185,1.3,1.08,450.0
353346,54.679688,1.56756,0,140.52,0.022871565988126934,1.3,1.08,450.0
353347,54.69043,1.53181,0,140.52,0.035450224694080705,1.3,1.08,450.0
353348,54.700195,1.51917,0,140.52,0.04688483670896741,1.3,1.08,450.0
353349,54.709961,1.39931,0,140.52,0.05832061970306416,1.3,1.08,450.0
353350,54.719727,1.4001,0,140.52,0.06975640269716091,1.3,1.08,450.0
353351,54.725586,1.53554,0,140.52,0.0766171699060663,1.3,1.08,450.0
353352,54.735352,1.61393,0,140.52,0.08805295290016306,1.3,1.08,450.0
353353,54.745117,1.91696,0,140.52,0.0994875649149832,1.3,1.08,450.0
353354,54.754883,1.83917,0,140.52,0.11092334790907996,1.3,1.08,450.0
353355,54.765625,1.96395,0,140.52,0.12350200661503373,1.3,1.08,450.0
353356,54.775391,1.82589,0,140.52,0.13493778960913047,1.3,1.08,450.0
353357,54.785156,2.42095,0,140.52,0.14637240162401718,1.3,1.08,450.0
353358,54.794922,1.58947,0,140.52,0.15780818461804735,1.3,1.08,450.0
353359,54.804688,1.68833,0,140.52,0.1692439676121441,1.3,1.08,450.0
353360,54.81543,0.99246,0,140.52,0.1818226263180979,1.3,1.08,450.0
353361,54.825195,0.90478,0,140.52,0.1932572383329846,1.3,1.08,450.0
353362,54.834961,0.69798,0,140.52,0.20469302132708134,1.3,1.08,450.0
353363,54.839844,0.68833,0,140.52,0.21041091282412971,1.3,1.08,450.0
353364,54.850586,0.71153,0,140.52,0.2229895715300835,1.3,1.08,450.0
353365,54.860352,0.81429,0,140.52,0.23442535452418023,1.3,1.08,450.0
353366,54.870117,0.97838,0,140.52,0.24585996653900039,1.3,1.08,450.0
353367,54.879883,1.16023,0,140.52,0.25729574953309714,1.3,1.08,450.0
353368,54.890625,1.29474,0,140.52,0.26987440823905096,1.3,1.08,450.0
353369,54.900391,1.3283,0,140.52,0.2813101912331477,1.3,1.08,450.0
353370,54.910156,1.27981,0,140.52,0.29274480324803437,1.3,1.08,450.0
353371,54.919922,1.14129,0,140.52,0.30418058624206457,1.3,1.08,450.0
353372,54.929688,1.01193,0,140.52,0.3156163692361613,1.3,1.08,450.0
353373,54.935547,0.95046,0,140.52,0.3224771364450667,1.3,1.08,450.0
353374,54.945313,0.93943,0,140.52,0.33391291943916346,1.3,1.08,450.0
353375,54.955078,0.9904,0,140.52,0.34534753145405017,1.3,1.08,450.0
353376,54.964844,1.06468,0,140.52,0.3567833144481469,1.3,1.08,450.0
353377,54.975586,1.14708,0,140.52,0.3693619731541007,1.3,1.08,450.0
353378,54.985352,1.28894,0,140.52,0.38079775614819744,1.3,1.08,450.0
353379,54.995117,1.33173,0,140.52,0.3922323681630176,1.3,1.08,450.0
353380,55.004883,1.23444,0,140.52,0.4036681511571143,1.3,1.08,450.0
353381,55.015625,1.09677,0,140.52,0.4162468098630681,1.3,1.08,450.0
353382,55.025391,1.00544,0,140.52,0.42768259285716487,1.3,1.08,450.0
353383,55.030274,1.03107,0,140.52,0.43340048435421324,1.3,1.08,450.0
353384,55.040039,1.1337,0,140.52,0.4448350963690999,1.3,1.08,450.0
353385,55.049805,1.27476,0,140.52,0.4562708793631301,1.3,1.08,450.0
353386,55.060547,1.4036,0,140.52,0.4688495380690839,1.3,1.08,450.0
353387,55.070313,1.44564,0,140.52,0.48028532106318067,1.3,1.08,450.0
353388,55.080078,1.42201,0,140.52,0.49171993307806733,1.3,1.08,450.0
353389,55.089844,1.38062,0,140.52,0.5031557160721641,1.3,1.08,450.0
353390,55.100586,1.39592,0,140.52,0.5157343747781179,1.3,1.08,450.0
353391,55.110352,1.46315,0,140.52,0.5271701577722147,1.3,1.08,450.0
353392,55.120117,1.53155,0,140.52,0.5386047697870349,1.3,1.08,450.0
353393,55.125,1.60244,0,140.52,0.5443226612840831,1.3,1.08,450.0
353394,55.140625,1.67348,0,140.52,0.5626192114870853,1.3,1.08,450.0
353395,55.145508,1.66051,0,140.52,0.5683371029841336,1.3,1.08,450.0
353396,55.155274,1.58758,0,140.52,0.5797728859782304,1.3,1.08,450.0
353397,55.165039,1.58475,0,140.52,0.5912074979931171,1.3,1.08,450.0
353398,55.174805,1.64952,0,140.52,0.6026432809871473,1.3,1.08,450.0
353399,55.185547,1.68251,0,140.52,0.615221939693101,1.3,1.08,450.0
353400,55.195313,1.6675,0,140.52,0.6266577226871978,1.3,1.08,450.0
353401,55.205078,1.62332,0,140.52,0.6380923347020846,1.3,1.08,450.0
353402,55.214844,1.53366,0,140.52,0.6495281176961814,1.3,1.08,450.0
353403,55.225586,1.43832,0,140.52,0.6621067764021351,1.3,1.08,450.0
353404,55.230469,1.36897,0,140.52,0.6678246678991834,1.3,1.08,450.0
353405,55.240235,1.40134,0,140.52,0.6792604508932136,1.3,1.08,450.0
353406,55.25,1.43589,0,140.52,0.6906950629081003,1.3,1.08,450.0
353407,55.259766,1.46028,0,140.52,0.7021308459021971,1.3,1.08,450.0
353408,55.270508,1.47902,0,140.52,0.714709504608151,1.3,1.08,450.0
353409,55.280274,1.51609,0,140.52,0.7261452876022475,1.3,1.08,450.0
353410,55.290039,1.52835,0,140.52,0.7375798996171343,1.3,1.08,450.0
353411,55.299805,1.20731,0,140.52,0.7490156826111645,1.3,1.08,450.0
353412,55.310547,0.81539,0,140.52,0.7615943413171183,1.3,1.08,450.0
353413,55.320313,2.17691,1,157.02,0.0,1.3,1.08,450.0
353414,55.330078,2.09932,0,157.02,0.0127775415520148,1.3,1.08,450.0
353415,55.334961,1.08196,0,157.02,0.01916696658002014,1.3,1.08,450.0
353416,55.344727,0.59642,0,157.02,0.03194581663603081,1.3,1.08,450.0
353417,55.355469,1.1278,0,157.02,0.04600176659521528,1.3,1.08,450.0
353418,55.365235,2.2307,0,157.02,0.05878061665115158,1.3,1.08,450.0
353419,55.375,1.93621,0,157.02,0.07155815820316638,1.3,1.08,450.0
353420,55.384766,1.44583,0,157.02,0.08433700825917706,1.3,1.08,450.0
353421,55.395508,1.2234,0,157.02,0.09839295821836153,1.3,1.08,450.0
353422,55.405274,1.55893,0,157.02,0.1111718082743722,1.3,1.08,450.0
353423,55.415039,1.91611,0,157.02,0.123949349826387,1.3,1.08,450.0
353424,55.424805,1.66995,0,157.02,0.1367281998823233,1.3,1.08,450.0
353425,55.435547,1.15229,0,157.02,0.1507841498415078,1.3,1.08,450.0
353426,55.44043,1.18622,0,157.02,0.1571735748695131,1.3,1.08,450.0
353427,55.450195,1.1899,0,157.02,0.16995111642152788,1.3,1.08,450.0
353428,55.459961,1.17209,0,157.02,0.18272996647753859,1.3,1.08,450.0
353429,55.469727,1.05478,0,157.02,0.19550881653354926,1.3,1.08,450.0
353430,55.480469,1.04144,0,157.02,0.20956476649273373,1.3,1.08,450.0
353431,55.490235,0.99842,0,157.02,0.22234361654867002,1.3,1.08,450.0
353432,55.5,0.98052,0,157.02,0.23512115810068482,1.3,1.08,450.0
353433,55.509766,1.00611,0,157.02,0.2479000081566955,1.3,1.08,450.0
353434,55.520508,0.98486,0,157.02,0.26195595811587996,1.3,1.08,450.0
353435,55.525391,0.98799,0,157.02,0.26834538314388534,1.3,1.08,450.0
353436,55.535156,1.04876,0,157.02,0.2811229246959001,1.3,1.08,450.0
353437,55.544922,1.0065,0,157.02,0.2939017747518364,1.3,1.08,450.0
353438,55.554688,1.11089,0,157.02,0.3066806248078471,1.3,1.08,450.0
353439,55.56543,1.04493,0,157.02,0.32073657476703155,1.3,1.08,450.0
353440,55.575195,1.08308,0,157.02,0.3335141163190463,1.3,1.08,450.0
353441,55.584961,1.04435,0,157.02,0.346292966375057,1.3,1.08,450.0
353442,55.594727,1.05895,0,157.02,0.3590718164310677,1.3,1.08,450.0
353443,55.605469,1.03185,0,157.02,0.37312776639025214,1.3,1.08,450.0
353444,55.615235,1.02086,0,157.02,0.38590661644618846,1.3,1.08,450.0
353445,55.625,1.11569,0,157.02,0.3986841579982033,1.3,1.08,450.0
353446,55.634766,1.08855,0,157.02,0.41146300805421393,1.3,1.08,450.0
353447,55.640625,1.02987,0,157.02,0.41912953298539307,1.3,1.08,450.0
353448,55.650391,1.12145,0,157.02,0.4319083830414038,1.3,1.08,450.0
353449,55.660156,1.10564,0,157.02,0.44468592459341855,1.3,1.08,450.0
353450,55.669922,0.98342,0,157.02,0.45746477464935487,1.3,1.08,450.0
353451,55.679688,1.0508,0,157.02,0.4702436247053655,1.3,1.08,450.0
353452,55.69043,1.05463,0,157.02,0.48429957466455,1.3,1.08,450.0
353453,55.700195,1.04085,0,157.02,0.49707711621656475,1.3,1.08,450.0
353454,55.709961,1.06084,0,157.02,0.5098559662725755,1.3,1.08,450.0
353455,55.719727,1.03143,0,157.02,0.5226348163285862,1.3,1.08,450.0
353456,55.725586,1.02075,0,157.02,0.5303013412597652,1.3,1.08,450.0
353457,55.735352,1.00505,0,157.02,0.5430801913157759,1.3,1.08,450.0
353458,55.745117,1.0371,0,157.02,0.5558577328677163,1.3,1.08,450.0
353459,55.754883,0.9812,0,157.02,0.568636582923727,1.3,1.08,450.0
353460,55.765625,1.03619,0,157.02,0.5826925328829115,1.3,1.08,450.0
353461,55.775391,1.01644,0,157.02,0.5954713829389221,1.3,1.08,450.0
353462,55.785156,1.01384,0,157.02,0.6082489244909369,1.3,1.08,450.0
353463,55.794922,1.04407,0,157.02,0.6210277745468733,1.3,1.08,450.0
353464,55.804688,1.07066,0,157.02,0.6338066246028841,1.3,1.08,450.0
353465,55.81543,1.05138,0,157.02,0.6478625745620684,1.3,1.08,450.0
353466,55.825195,1.03263,0,157.02,0.6606401161140832,1.3,1.08,450.0
353467,55.830078,0.99433,0,157.02,0.6670295411420886,1.3,1.08,450.0
353468,55.839844,1.01601,0,157.02,0.6798083911980992,1.3,1.08,450.0
353469,55.850586,1.02237,0,157.02,0.6938643411572837,1.3,1.08,450.0
353470,55.860352,1.02171,0,157.02,0.7066431912132943,1.3,1.08,450.0
353471,55.870117,1.02888,0,157.02,0.7194207327652348,1.3,1.08,450.0
353472,55.879883,1.00591,0,157.02,0.7321995828212454,1.3,1.08,450.0
353473,55.890625,1.00073,0,157.02,0.7462555327804299,1.3,1.08,450.0
353474,55.900391,1.03215,0,157.02,0.7590343828364406,1.3,1.08,450.0
353475,55.910156,1.037,0,157.02,0.7718119243884554,1.3,1.08,450.0
353476,55.919922,1.06206,0,157.02,0.7845907744443917,1.3,1.08,450.0
353477,55.929688,1.10427,0,157.02,0.7973696245004025,1.3,1.08,450.0
353478,55.935547,1.07076,0,157.02,0.8050361494315815,1.3,1.08,450.0
353479,55.945313,1.04622,0,157.02,0.8178149994875922,1.3,1.08,450.0
353480,55.955078,1.08907,0,157.02,0.830592541039607,1.3,1.08,450.0
353481,55.964844,1.00989,0,157.02,0.8433713910956177,1.3,1.08,450.0
353482,55.975586,1.07703,0,157.02,0.8574273410548021,1.3,1.08,450.0
353483,55.985352,1.03644,0,157.02,0.8702061911108128,1.3,1.08,450.0
353484,55.995117,1.06718,0,157.02,0.8829837326627532,1.3,1.08,450.0
353485,56.004883,1.01044,0,157.02,0.8957625827187639,1.3,1.08,450.0
353486,56.015625,0.9989,0,157.02,0.9098185326779483,1.3,1.08,450.0
353487,56.020508,0.99661,0,157.02,0.9162079577059538,1.3,1.08,450.0
353488,56.030274,1.01981,0,157.02,0.9289868077619644,1.3,1.08,450.0
353489,56.040039,1.02694,0,157.02,0.9417643493139792,1.3,1.08,450.0
353490,56.049805,1.00701,0,157.02,0.9545431993699155,1.3,1.08,450.0
353491,56.060547,1.01039,0,157.02,0.9685991493291,1.3,1.08,450.0
353492,56.070313,0.99789,0,157.02,0.9813779993851106,1.3,1.08,450.0
353493,56.080078,0.99713,0,157.02,0.9941555409371254,1.3,1.08,450.0
353494,56.089844,1.06321,0,157.02,0.006934390993136086,1.3,1.08,450.0
353495,56.100586,1.09272,0,157.02,0.020990340952320663,1.3,1.08,450.0
353496,56.110352,1.08159,0,157.02,0.03376919100833131,1.3,1.08,450.0
353497,56.120117,1.05392,0,157.02,0.04654673256027175,1.3,1.08,450.0
353498,56.129883,1.05853,0,157.02,0.0593255826162824,1.3,1.08,450.0
353499,56.134766,1.06308,0,157.02,0.06571500764428762,1.3,1.08,450.0
353500,56.145508,0.99818,0,157.02,0.07977095760347219,1.3,1.08,450.0
353501,56.155274,1.10063,0,157.02,0.09254980765948284,1.3,1.08,450.0
353502,56.165039,1.03322,0,157.02,0.10532734921149767,1.3,1.08,450.0
353503,56.174805,1.18491,0,157.02,0.11810619926743393,1.3,1.08,450.0
353504,56.185547,1.11752,0,157.02,0.1321621492266185,1.3,1.08,450.0
353505,56.195313,1.0336,0,157.02,0.14494099928262894,1.3,1.08,450.0
353506,56.205078,1.04988,0,157.02,0.15771854083464398,1.3,1.08,450.0
353507,56.214844,1.04976,0,157.02,0.17049739089065463,1.3,1.08,450.0
353508,56.225586,1.08621,0,157.02,0.184553340849839,1.3,1.08,450.0
353509,56.230469,1.01887,0,157.02,0.1909427658778442,1.3,1.08,450.0
353510,56.240235,1.10187,0,157.02,0.2037216159337807,1.3,1.08,450.0
353511,56.25,1.09384,0,157.02,0.2164991574857955,1.3,1.08,450.0
353512,56.259766,1.02415,0,157.02,0.22927800754180594,1.3,1.08,450.0
353513,56.270508,1.08939,0,157.02,0.24333395750099052,1.3,1.08,450.0
353514,56.280274,1.03914,0,157.02,0.2561128075570014,1.3,1.08,450.0
353515,56.290039,1.10706,0,157.02,0.268890349109016,1.3,1.08,450.0
353516,56.299805,1.04798,0,157.02,0.2816691991649525,1.3,1.08,450.0
353517,56.310547,1.03414,0,157.02,0.29572514912413683,1.3,1.08,450.0
353518,56.320313,1.00539,0,157.02,0.3085039991801475,1.3,1.08,450.0
353519,56.325195,1.04861,0,157.02,0.3148921157041571,1.3,1.08,450.0
353520,56.334961,1.07304,0,157.02,0.3276709657601675,1.3,1.08,450.0
353521,56.344727,1.08692,0,157.02,0.3404498158161784,1.3,1.08,450.0
353522,56.355469,1.33631,1,140.58,0.0,1.3,1.08,450.0
353523,56.365235,1.38173,0,140.58,0.011441040756257159,1.3,1.08,450.0
353524,56.375,1.6549,0,140.58,0.022880909994996698,1.3,1.08,450.0
353525,56.384766,1.57666,0,140.58,0.034321950751320454,1.3,1.08,450.0
353526,56.395508,1.60374,0,140.58,0.04690639267269941,1.3,1.08,450.0
353527,56.405274,1.52049,0,140.58,0.05834743342902317,1.3,1.08,450.0
353528,56.415039,1.52542,0,140.58,0.0697873026677627,1.3,1.08,450.0
353529,56.424805,1.5615,0,140.58,0.08122834342401987,1.3,1.08,450.0
353530,56.435547,1.49558,0,140.58,0.09381278534539882,1.3,1.08,450.0
353531,56.44043,1.73354,0,140.58,0.09953330572356071,1.3,1.08,450.0
353532,56.450195,1.98542,0,140.58,0.11097317496230025,1.3,1.08,450.0
353533,56.459961,1.90305,0,140.58,0.122414215718624,1.3,1.08,450.0
353534,56.469727,1.77491,0,140.58,0.13385525647494773,1.3,1.08,450.0
353535,56.480469,2.31107,0,140.58,0.1464396983963267,1.3,1.08,450.0
353536,56.490235,1.52614,0,140.58,0.15788073915258388,1.3,1.08,450.0
353537,56.5,1.34574,0,140.58,0.1693206083913234,1.3,1.08,450.0
353538,56.509766,0.88882,0,140.58,0.18076164914764717,1.3,1.08,450.0
353539,56.515625,0.67113,0,140.58,0.18762557069086425,1.3,1.08,450.0
353540,56.525391,0.57526,0,140.58,0.199066611447188,1.3,1.08,450.0
353541,56.535156,0.68741,0,140.58,0.21050648068592753,1.3,1.08,450.0
353542,56.544922,0.80746,0,140.58,0.2219475214421847,1.3,1.08,450.0
353543,56.554688,0.96651,0,140.58,0.23338856219850845,1.3,1.08,450.0
353544,56.56543,1.13573,0,140.58,0.2459730041198874,1.3,1.08,450.0
353545,56.575195,1.23616,0,140.58,0.25741287335862695,1.3,1.08,450.0
353546,56.584961,1.23853,0,140.58,0.26885391411495074,1.3,1.08,450.0
353547,56.594727,1.12317,0,140.58,0.2802949548712744,1.3,1.08,450.0
353548,56.605469,0.91284,0,140.58,0.2928793967926534,1.3,1.08,450.0
353549,56.615235,0.73917,0,140.58,0.3043204375489106,1.3,1.08,450.0
353550,56.625,0.71497,0,140.58,0.31576030678765016,1.3,1.08,450.0
353551,56.634766,0.77483,0,140.58,0.32720134754397384,1.3,1.08,450.0
353552,56.640625,0.90075,0,140.58,0.3340652690871909,1.3,1.08,450.0
353553,56.650391,1.03458,0,140.58,0.3455063098435147,1.3,1.08,450.0
353554,56.660156,1.16414,0,140.58,0.3569461790822543,1.3,1.08,450.0
353555,56.669922,1.26431,0,140.58,0.3683872198385114,1.3,1.08,450.0
353556,56.679688,1.2627,0,140.58,0.37982826059483515,1.3,1.08,450.0
353557,56.69043,1.17686,0,140.58,0.39241270251621413,1.3,1.08,450.0
353558,56.700195,1.07952,0,140.58,0.40385257175495365,1.3,1.08,450.0
353559,56.709961,1.013,0,140.58,0.41529361251127744,1.3,1.08,450.0
353560,56.719727,0.99732,0,140.58,0.4267346532676012,1.3,1.08,450.0
353561,56.725586,1.05259,0,140.58,0.43359857481081826,1.3,1.08,450.0
353562,56.735352,1.17373,0,140.58,0.445039615567142,1.3,1.08,450.0
353563,56.745117,1.32846,0,140.58,0.45647948480581496,1.3,1.08,450.0
353564,56.754883,1.47801,0,140.58,0.46792052556213876,1.3,1.08,450.0
353565,56.765625,1.552,0,140.58,0.4805049674835177,1.3,1.08,450.0
353566,56.775391,1.50226,0,140.58,0.4919460082398414,1.3,1.08,450.0
353567,56.785156,1.4223,0,140.58,0.503385877478581,1.3,1.08,450.0
353568,56.794922,1.37609,0,140.58,0.5148269182348382,1.3,1.08,450.0
353569,56.804688,1.38153,0,140.58,0.5262679589911619,1.3,1.08,450.0
353570,56.81543,1.41091,0,140.58,0.5388524009125408,1.3,1.08,450.0
353571,56.825195,1.42037,0,140.58,0.5502922701512803,1.3,1.08,450.0
353572,56.830078,1.39558,0,140.58,0.5560127905294422,1.3,1.08,450.0
353573,56.839844,1.41405,0,140.58,0.567453831285766,1.3,1.08,450.0
353574,56.850586,1.47771,0,140.58,0.5800382732071451,1.3,1.08,450.0
353575,56.860352,1.52386,0,140.58,0.5914793139634686,1.3,1.08,450.0
353576,56.870117,1.5484,0,140.58,0.6029191832021417,1.3,1.08,450.0
353577,56.879883,1.5227,0,140.58,0.6143602239584655,1.3,1.08,450.0
353578,56.890625,1.43828,0,140.58,0.6269446658798443,1.3,1.08,450.0
353579,56.900391,1.33628,0,140.58,0.6383857066361681,1.3,1.08,450.0
353580,56.910156,1.27082,0,140.58,0.6498255758749077,1.3,1.08,450.0
353581,56.919922,1.2093,0,140.58,0.6612666166311648,1.3,1.08,450.0
353582,56.929688,1.16581,0,140.58,0.6727076573874886,1.3,1.08,450.0
353583,56.935547,1.15927,0,140.58,0.6795715789307056,1.3,1.08,450.0
353584,56.945313,1.13523,0,140.58,0.6910126196870294,1.3,1.08,450.0
353585,56.955078,1.12157,0,140.58,0.702452488925769,1.3,1.08,450.0
353586,56.964844,1.15295,0,140.58,0.7138935296820927,1.3,1.08,450.0
353587,56.975586,1.13842,0,140.58,0.7264779716034717,1.3,1.08,450.0
353588,56.985352,1.10449,0,140.58,0.7379190123597954,1.3,1.08,450.0
353589,56.995117,1.08439,0,140.58,0.7493588815984683,1.3,1.08,450.0
353590,57.004883,1.09396,0,140.58,0.7607999223547921,1.3,1.08,450.0
353591,57.015625,1.09091,0,140.58,0.7733843642761712,1.3,1.08,450.0
353592,57.020508,1.11576,0,140.58,0.7791048846543329,1.3,1.08,450.0
353593,57.030274,1.08303,0,140.58,0.7905459254106567,1.3,1.08,450.0
353594,57.040039,0.90581,0,140.58,0.8019857946493963,1.3,1.08,450.0
353595,57.049805,1.91568,1,153.48,0.0,1.3,1.08,450.0
353596,57.060547,2.00194,0,153.48,0.013739023526867566,1.3,1.08,450.0
353597,57.070313,1.14244,0,153.48,0.026229742551597945,1.3,1.08,450.0
353598,57.080078,0.6611,0,153.48,0.038719182575817045,1.3,1.08,450.0
353599,57.089844,0.87259,0,153.48,0.05120990160054742,1.3,1.08,450.0
353600,57.100586,1.37714,0,153.48,0.06494892512741499,1.3,1.08,450.0
353601,57.110352,1.82573,0,153.48,0.07743964415214537,1.3,1.08,450.0
353602,57.120117,1.71753,0,153.48,0.08992908417629177,1.3,1.08,450.0
353603,57.129883,1.42913,0,153.48,0.10241980320102215,1.3,1.08,450.0
353604,57.134766,1.29516,0,153.48,0.10866516271338732,1.3,1.08,450.0
353605,57.145508,1.35447,0,153.48,0.1224041862402549,1.3,1.08,450.0
353606,57.155274,1.30901,0,153.48,0.13489490526498527,1.3,1.08,450.0
353607,57.165039,1.11274,0,153.48,0.14738434528920438,1.3,1.08,450.0
353608,57.174805,1.1417,0,153.48,0.15987506431386206,1.3,1.08,450.0
353609,57.185547,1.26166,0,153.48,0.1736140878407296,1.3,1.08,450.0
353610,57.195313,1.098,0,153.48,0.18610480686546,1.3,1.08,450.0
353611,57.205078,1.45824,0,153.48,0.1985942468896791,1.3,1.08,450.0
353612,57.214844,1.07763,0,153.48,0.21108496591440945,1.3,1.08,450.0
353613,57.225586,1.14248,0,153.48,0.22482398944127704,1.3,1.08,450.0
353614,57.230469,1.14697,0,153.48,0.23106934895364223,1.3,1.08,450.0
353615,57.240235,1.09779,0,153.48,0.2435600679782999,1.3,1.08,450.0
353616,57.25,1.14403,0,153.48,0.25604950800251897,1.3,1.08,450.0
353617,57.259766,1.06586,0,153.48,0.2685402270272494,1.3,1.08,450.0
353618,57.270508,1.0991,0,153.48,0.28227925055411696,1.3,1.08,450.0
353619,57.280274,1.09291,0,153.48,0.2947699695788473,1.3,1.08,450.0
353620,57.290039,1.07969,0,153.48,0.3072594096030664,1.3,1.08,450.0
353621,57.299805,1.11622,0,153.48,0.3197501286277241,1.3,1.08,450.0
353622,57.310547,1.09927,0,153.48,0.33348915215459163,1.3,1.08,450.0
353623,57.320313,1.0735,0,153.48,0.34597987117932205,1.3,1.08,450.0
353624,57.325195,1.07413,0,153.48,0.35222395169117593,1.3,1.08,450.0
353625,57.334961,1.03947,0,153.48,0.3647146707159063,1.3,1.08,450.0
353626,57.344727,1.07494,0,153.48,0.3772053897406367,1.3,1.08,450.0
353627,57.355469,1.03291,0,153.48,0.39094441326750423,1.3,1.08,450.0
353628,57.365235,1.03788,0,153.48,0.40343513229216194,1.3,1.08,450.0
353629,57.375,1.04695,0,153.48,0.4159245723163811,1.3,1.08,450.0
353630,57.384766,1.10039,0,153.48,0.42841529134111145,1.3,1.08,450.0
353631,57.395508,1.06088,0,153.48,0.442154314867979,1.3,1.08,450.0
353632,57.405274,1.04708,0,153.48,0.4546450338927094,1.3,1.08,450.0
353633,57.415039,1.09829,0,153.48,0.46713447391692847,1.3,1.08,450.0
353634,57.424805,1.10943,0,153.48,0.4796251929415861,1.3,1.08,450.0
353635,57.435547,0.98852,0,153.48,0.4933642164684537,1.3,1.08,450.0
353636,57.44043,1.06676,0,153.48,0.4996095759808189,1.3,1.08,450.0
353637,57.450195,1.09847,0,153.48,0.5120990160050379,1.3,1.08,450.0
353638,57.459961,0.97688,0,153.48,0.5245897350297684,1.3,1.08,450.0
353639,57.469727,1.05746,0,153.48,0.5370804540544988,1.3,1.08,450.0
353640,57.480469,1.00525,0,153.48,0.5508194775813664,1.3,1.08,450.0
353641,57.490235,1.00391,0,153.48,0.563310196606024,1.3,1.08,450.0
353642,57.5,1.02728,0,153.48,0.5757996366302431,1.3,1.08,450.0
353643,57.509766,1.0299,0,153.48,0.5882903556549735,1.3,1.08,450.0
353644,57.515625,1.04405,0,153.48,0.5957840196694758,1.3,1.08,450.0
353645,57.525391,1.07024,0,153.48,0.6082747386942062,1.3,1.08,450.0
353646,57.535156,1.02983,0,153.48,0.6207641787184254,1.3,1.08,450.0
353647,57.544922,1.02537,0,153.48,0.633254897743083,1.3,1.08,450.0
353648,57.554688,1.06083,0,153.48,0.6457456167678134,1.3,1.08,450.0
353649,57.56543,1.03076,0,153.48,0.6594846402946809,1.3,1.08,450.0
353650,57.575195,1.0685,0,153.48,0.6719740803189,1.3,1.08,450.0
353651,57.584961,1.02195,0,153.48,0.6844647993436304,1.3,1.08,450.0
353652,57.594727,1.03726,0,153.48,0.6969555183683608,1.3,1.08,450.0
353653,57.605469,1.03096,0,153.48,0.7106945418952283,1.3,1.08,450.0
353654,57.615235,1.02851,0,153.48,0.723185260919886,1.3,1.08,450.0
353655,57.625,1.04284,0,153.48,0.7356747009441051,1.3,1.08,450.0
353656,57.629883,1.0514,0,153.48,0.7419200604564703,1.3,1.08,450.0
353657,57.640625,1.03936,0,153.48,0.7556590839833378,1.3,1.08,450.0
353658,57.650391,1.03998,0,153.48,0.7681498030080682,1.3,1.08,450.0
353659,57.660156,1.02895,0,153.48,0.7806392430322874,1.3,1.08,450.0
353660,57.669922,1.03324,0,153.48,0.7931299620569451,1.3,1.08,450.0
353661,57.679688,1.0235,0,153.48,0.8056206810816754,1.3,1.08,450.0
353662,57.69043,1.03817,0,153.48,0.819359704608543,1.3,1.08,450.0
353663,57.700195,1.00362,0,153.48,0.8318491446327622,1.3,1.08,450.0
353664,57.709961,0.98232,0,153.48,0.8443398636574925,1.3,1.08,450.0
353665,57.719727,1.01204,0,153.48,0.8568305826822229,1.3,1.08,450.0
353666,57.725586,0.99036,0,153.48,0.8643242466967253,1.3,1.08,450.0
353667,57.735352,1.04894,0,153.48,0.8768149657214557,1.3,1.08,450.0
353668,57.745117,1.06373,0,153.48,0.889304405745602,1.3,1.08,450.0
353669,57.754883,0.9851,0,153.48,0.9017951247703324,1.3,1.08,450.0
353670,57.765625,1.02984,0,153.48,0.9155341482971999,1.3,1.08,450.0
353671,57.775391,1.00311,0,153.48,0.9280248673219303,1.3,1.08,450.0
353672,57.785156,1.03708,0,153.48,0.9405143073461494,1.3,1.08,450.0
353673,57.794922,1.05171,0,153.48,0.9530050263708071,1.3,1.08,450.0
353674,57.804688,1.03156,0,153.48,0.9654957453955375,1.3,1.08,450.0
353675,57.81543,1.05052,0,153.48,0.979234768922405,1.3,1.08,450.0
353676,57.820313,1.05106,0,153.48,0.9854801284347702,1.3,1.08,450.0
353677,57.830078,1.05568,0,153.48,0.9979695684589893,1.3,1.08,450.0
353678,57.839844,1.04975,0,153.48,0.010460287483719632,1.3,1.08,450.0
353679,57.850586,1.07538,0,153.48,0.024199311010587143,1.3,1.08,450.0
353680,57.860352,1.06912,0,153.48,0.03669003003531768,1.3,1.08,450.0
353681,57.870117,1.09029,0,153.48,0.0491794700594641,1.3,1.08,450.0
353682,57.879883,0.99075,0,153.48,0.061670189084194416,1.3,1.08,450.0
353683,57.890625,1.04297,0,153.48,0.07540921261106215,1.3,1.08,450.0
353684,57.900391,1.02919,0,153.48,0.08789993163579246,1.3,1.08,450.0
353685,57.910156,1.15033,0,153.48,0.1003893716600115,1.3,1.08,450.0
353686,57.919922,1.12399,0,153.48,0.1128800906846692,1.3,1.08,450.0
353687,57.929688,1.07721,0,153.48,0.1253708097093995,1.3,1.08,450.0
353688,57.935547,1.04246,0,153.48,0.13286447372390198,1.3,1.08,450.0
353689,57.945313,1.04786,0,153.48,0.1453551927486323,1.3,1.08,450.0
353690,57.955078,1.03966,0,153.48,0.15784463277285132,1.3,1.08,450.0
353691,57.964844,1.04663,0,153.48,0.17033535179758186,1.3,1.08,450.0
353692,57.975586,1.07583,0,153.48,0.18407437532444937,1.3,1.08,450.0
353693,57.985352,1.07159,0,153.48,0.19656509434917968,1.3,1.08,450.0
353694,57.995117,1.06236,0,153.48,0.2090545343733261,1.3,1.08,450.0
353695,58.004883,1.05445,0,153.48,0.22154525339805642,1.3,1.08,450.0
353696,58.015625,1.09831,0,153.48,0.23528427692492415,1.3,1.08,450.0
353697,58.020508,1.0434,0,153.48,0.2415296364372892,1.3,1.08,450.0
353698,58.030274,1.04331,0,153.48,0.25402035546201973,1.3,1.08,450.0
353699,58.040039,1.08164,0,153.48,0.26650979548623877,1.3,1.08,450.0
353700,58.049805,0.95249,0,153.48,0.27900051451089647,1.3,1.08,450.0
353701,58.060547,1.05801,0,153.48,0.292739538037764,1.3,1.08,450.0
353702,58.070313,1.01066,0,153.48,0.3052302570624943,1.3,1.08,450.0
353703,58.080078,1.07504,0,153.48,0.3177196970867133,1.3,1.08,450.0
353704,58.089844,1.12909,0,153.48,0.33021041611144386,1.3,1.08,450.0
353705,58.100586,1.28267,0,153.48,0.34394943963831137,1.3,1.08,450.0
353706,58.110352,1.35198,1,137.35,0.0,1.3,1.08,450.0
353707,58.120117,1.45339,0,137.35,0.011176669105241403,1.3,1.08,450.0
353708,58.125,1.51509,0,137.35,0.016765575939977437,1.3,1.08,450.0
353709,58.134766,1.51334,0,137.35,0.027943389609449497,1.3,1.08,450.0
353710,58.145508,1.44831,0,137.35,0.04023829790734338,1.3,1.08,450.0
353711,58.155274,1.42273,0,137.35,0.05141611157681545,1.3,1.08,450.0
353712,58.165039,1.37397,0,137.35,0.06259278068212192,1.3,1.08,450.0
353713,58.174805,1.36163,0,137.35,0.07377059435152891,1.3,1.08,450.0
353714,58.185547,1.44453,0,137.35,0.0860655026494228,1.3,1.08,450.0
353715,58.195313,1.71633,0,137.35,0.09724331631889487,1.3,1.08,450.0
353716,58.205078,1.68817,0,137.35,0.10841998542420134,1.3,1.08,450.0
353717,58.214844,1.91723,0,137.35,0.1195977990936734,1.3,1.08,450.0
353718,58.225586,1.80143,0,137.35,0.13189270739156728,1.3,1.08,450.0
353719,58.230469,2.07315,0,137.35,0.1374816142263033,1.3,1.08,450.0
353720,58.240235,2.08071,0,137.35,0.14865942789571032,1.3,1.08,450.0
353721,58.25,2.01473,0,137.35,0.15983609700101678,1.3,1.08,450.0
353722,58.259766,1.5581,0,137.35,0.17101391067048882,1.3,1.08,450.0
353723,58.270508,0.84669,0,137.35,0.18330881896838272,1.3,1.08,450.0
353724,58.280274,0.58422,0,137.35,0.1944866326378548,1.3,1.08,450.0
353725,58.290039,0.41561,0,137.35,0.20566330174316125,1.3,1.08,450.0
353726,58.299805,0.50081,0,137.35,0.21684111541256826,1.3,1.08,450.0
353727,58.310547,0.56655,0,137.35,0.22913602371046213,1.3,1.08,450.0
353728,58.31543,0.78016,0,137.35,0.23472493054519816,1.3,1.08,450.0
353729,58.325195,1.03275,0,137.35,0.24590159965050465,1.3,1.08,450.0
353730,58.334961,1.25284,0,137.35,0.2570794133199767,1.3,1.08,450.0
353731,58.344727,1.38306,0,137.35,0.26825722698944876,1.3,1.08,450.0
353732,58.355469,1.40046,0,137.35,0.28055213528734263,1.3,1.08,450.0
353733,58.365235,1.27138,0,137.35,0.29172994895674964,1.3,1.08,450.0
353734,58.375,1.07345,0,137.35,0.3029066180620561,1.3,1.08,450.0
353735,58.384766,0.86625,0,137.35,0.31408443173152817,1.3,1.08,450.0
353736,58.395508,0.76177,0,137.35,0.32637934002942204,1.3,1.08,450.0
353737,58.405274,0.80903,0,137.35,0.3375571536988941,1.3,1.08,450.0
353738,58.415039,0.94862,0,137.35,0.3487338228042006,1.3,1.08,450.0
353739,58.424805,1.07787,0,137.35,0.3599116364736076,1.3,1.08,450.0
353740,58.435547,1.12183,0,137.35,0.37220654477150145,1.3,1.08,450.0
353741,58.44043,1.14405,0,137.35,0.3777954516062375,1.3,1.08,450.0
353742,58.450195,1.09154,0,137.35,0.38897212071154397,1.3,1.08,450.0
353743,58.459961,0.9856,0,137.35,0.40014993438101604,1.3,1.08,450.0
353744,58.469727,0.9594,0,137.35,0.4113277480504881,1.3,1.08,450.0
353745,58.480469,1.02462,0,137.35,0.423622656348382,1.3,1.08,450.0
353746,58.490235,1.11366,0,137.35,0.434800470017789,1.3,1.08,450.0
353747,58.5,1.14931,0,137.35,0.44597713912309545,1.3,1.08,450.0
353748,58.509766,1.18829,0,137.35,0.4571549527925675,1.3,1.08,450.0
353749,58.515625,1.22593,0,137.35,0.4638609542557254,1.3,1.08,450.0
353750,58.525391,1.27191,0,137.35,0.47503876792519745,1.3,1.08,450.0
353751,58.535156,1.35267,0,137.35,0.4862154370305039,1.3,1.08,450.0
353752,58.544922,1.50285,0,137.35,0.4973932506999109,1.3,1.08,450.0
353753,58.554688,1.6357,0,137.35,0.5085710643693829,1.3,1.08,450.0
353754,58.56543,1.74471,0,137.35,0.5208659726672769,1.3,1.08,450.0
353755,58.575195,1.77283,0,137.35,0.5320426417725833,1.3,1.08,450.0
353756,58.584961,1.71464,0,137.35,0.5432204554420553,1.3,1.08,450.0
353757,58.594727,1.6114,0,137.35,0.5543982691115275,1.3,1.08,450.0
353758,58.605469,1.58128,0,137.35,0.5666931774094213,1.3,1.08,450.0
353759,58.615235,1.65337,0,137.35,0.5778709910788283,1.3,1.08,450.0
353760,58.625,1.75298,0,137.35,0.5890476601841347,1.3,1.08,450.0
353761,58.629883,1.85513,0,137.35,0.5946365670188708,1.3,1.08,450.0
353762,58.640625,1.90149,0,137.35,0.6069314753167647,1.3,1.08,450.0
353763,58.650391,1.8696,0,137.35,0.6181092889862367,1.3,1.08,450.0
353764,58.660156,1.75243,0,137.35,0.6292859580915432,1.3,1.08,450.0
353765,58.669922,1.59039,0,137.35,0.6404637717609503,1.3,1.08,450.0
353766,58.679688,1.51729,0,137.35,0.6516415854304223,1.3,1.08,450.0
353767,58.69043,1.62909,0,137.35,0.6639364937283162,1.3,1.08,450.0
353768,58.700195,1.71325,0,137.35,0.6751131628336225,1.3,1.08,450.0
353769,58.709961,1.73269,0,137.35,0.6862909765030947,1.3,1.08,450.0
353770,58.719727,1.73851,0,137.35,0.6974687901725668,1.3,1.08,450.0
353771,58.725586,1.78198,0,137.35,0.7041747916357246,1.3,1.08,450.0
353772,58.735352,1.78847,0,137.35,0.7153526053051967,1.3,1.08,450.0
353773,58.745117,0.47442,0,137.35,0.7265292744104381,1.3,1.08,450.0
353774,58.754883,1.85294,1,156.88,0.0,1.3,1.08,450.0
353775,58.765625,2.7825,0,156.88,0.01404349786757726,1.3,1.08,450.0
353776,58.775391,1.64776,0,156.88,0.026811027208019495,1.3,1.08,450.0
353777,58.785156,0.86287,0,156.88,0.03957724920366261,1.3,1.08,450.0
353778,58.794922,0.46206,0,156.88,0.05234477854403053,1.3,1.08,450.0
353779,58.804688,1.29446,0,156.88,0.06511230788447277,1.3,1.08,450.0
353780,58.81543,1.87786,0,156.88,0.07915580575205003,1.3,1.08,450.0
353781,58.820313,1.6947,0,156.88,0.08553957042227114,1.3,1.08,450.0
353782,58.830078,1.40754,0,156.88,0.09830579241791426,1.3,1.08,450.0
353783,58.839844,1.28004,0,156.88,0.1110733217583565,1.3,1.08,450.0
353784,58.850586,1.46811,0,156.88,0.12511681962593374,1.3,1.08,450.0
353785,58.860352,1.56149,0,156.88,0.13788434896637597,1.3,1.08,450.0
353786,58.870117,1.38016,0,156.88,0.1506505709619448,1.3,1.08,450.0
353787,58.879883,1.40923,0,156.88,0.16341810030238701,1.3,1.08,450.0
353788,58.890625,1.45055,0,156.88,0.1774615981699643,1.3,1.08,450.0
353789,58.900391,1.13148,0,156.88,0.19022912751040652,1.3,1.08,450.0
353790,58.910156,1.20572,0,156.88,0.2029953495060496,1.3,1.08,450.0
353791,58.919922,1.27183,0,156.88,0.21576287884641757,1.3,1.08,450.0
353792,58.929688,1.09727,0,156.88,0.2285304081868598,1.3,1.08,450.0
353793,58.935547,1.06827,0,156.88,0.23619014138421593,1.3,1.08,450.0
353794,58.945313,1.05252,0,156.88,0.2489576707246582,1.3,1.08,450.0
353795,58.955078,0.95828,0,156.88,0.2617238927203013,1.3,1.08,450.0
353796,58.964844,0.97864,0,156.88,0.27449142206074356,1.3,1.08,450.0
353797,58.975586,1.01022,0,156.88,0.28853491992832075,1.3,1.08,450.0
353798,58.985352,1.05135,0,156.88,0.30130244926876304,1.3,1.08,450.0
353799,58.995117,1.0504,0,156.88,0.3140686712643318,1.3,1.08,450.0
353800,59.004883,1.08536,0,156.88,0.32683620060477403,1.3,1.08,450.0
353801,59.015625,0.99533,0,156.88,0.3408796984723513,1.3,1.08,450.0
353802,59.020508,1.08491,0,156.88,0.3472634631425724,1.3,1.08,450.0
353803,59.030274,1.05373,0,156.88,0.3600309924830147,1.3,1.08,450.0
353804,59.040039,1.07899,0,156.88,0.3727972144786578,1.3,1.08,450.0
353805,59.049805,1.09635,0,156.88,0.38556474381902567,1.3,1.08,450.0
353806,59.060547,1.05322,0,156.88,0.39960824168660297,1.3,1.08,450.0
353807,59.070313,1.04382,0,156.88,0.41237577102704515,1.3,1.08,450.0
353808,59.080078,1.0788,0,156.88,0.4251419930226883,1.3,1.08,450.0
353809,59.089844,1.03302,0,156.88,0.4379095223631306,1.3,1.08,450.0
353810,59.100586,1.05881,0,156.88,0.45195302023070777,1.3,1.08,450.0
353811,59.110352,1.07374,0,156.88,0.46472054957115005,1.3,1.08,450.0
353812,59.120117,1.08001,0,156.88,0.4774867715667188,1.3,1.08,450.0
353813,59.125,1.03992,0,156.88,0.48387053623693993,1.3,1.08,450.0
353814,59.134766,1.05661,0,156.88,0.4966380655773822,1.3,1.08,450.0
353815,59.145508,1.01808,0,156.88,0.5106815634449594,1.3,1.08,450.0
353816,59.155274,1.04409,0,156.88,0.5234490927854016,1.3,1.08,450.0
353817,59.165039,0.99787,0,156.88,0.5362153147810448,1.3,1.08,450.0
353818,59.174805,1.01081,0,156.88,0.5489828441214127,1.3,1.08,450.0
353819,59.185547,1.03052,0,156.88,0.56302634198899,1.3,1.08,450.0
353820,59.195313,1.01265,0,156.88,0.5757938713294323,1.3,1.08,450.0
353821,59.205078,1.01189,0,156.88,0.5885600933250753,1.3,1.08,450.0
353822,59.214844,1.03669,0,156.88,0.6013276226655175,1.3,1.08,450.0
353823,59.225586,1.03004,0,156.88,0.6153711205330948,1.3,1.08,450.0
353824,59.230469,0.99107,0,156.88,0.6217548852033159,1.3,1.08,450.0
353825,59.240235,1.06114,0,156.88,0.6345224145436839,1.3,1.08,450.0
353826,59.25,1.06509,0,156.88,0.647288636539327,1.3,1.08,450.0
353827,59.259766,0.97317,0,156.88,0.6600561658797692,1.3,1.08,450.0
353828,59.270508,1.05022,0,156.88,0.6740996637473465,1.3,1.08,450.0
353829,59.280274,1.04536,0,156.88,0.6868671930877887,1.3,1.08,450.0
353830,59.290039,1.01566,0,156.88,0.6996334150834318,1.3,1.08,450.0
353831,59.299805,1.02276,0,156.88,0.7124009444237998,1.3,1.08,450.0
353832,59.310547,1.02448,0,156.88,0.7264444422913771,1.3,1.08,450.0
353833,59.31543,1.02248,0,156.88,0.7328282069615981,1.3,1.08,450.0
353834,59.325195,1.03602,0,156.88,0.7455944289572413,1.3,1.08,450.0
353835,59.334961,1.05804,0,156.88,0.7583619582976835,1.3,1.08,450.0
353836,59.344727,1.07199,0,156.88,0.7711294876381257,1.3,1.08,450.0
353837,59.355469,1.08084,0,156.88,0.7851729855057029,1.3,1.08,450.0
353838,59.365235,1.05028,0,156.88,0.7979405148460709,1.3,1.08,450.0
353839,59.375,1.03391,0,156.88,0.810706736841714,1.3,1.08,450.0
353840,59.384766,1.01283,0,156.88,0.8234742661821562,1.3,1.08,450.0
353841,59.395508,1.0036,0,156.88,0.8375177640497335,1.3,1.08,450.0
353842,59.405274,1.04246,0,156.88,0.8502852933901757,1.3,1.08,450.0
353843,59.415039,1.00739,0,156.88,0.8630515153858188,1.3,1.08,450.0
353844,59.424805,1.00004,0,156.88,0.8758190447261868,1.3,1.08,450.0
353845,59.429688,1.02403,0,156.88,0.8822028093964078,1.3,1.08,450.0
353846,59.44043,0.99423,0,156.88,0.8962463072639851,1.3,1.08,450.0
353847,59.450195,1.04325,0,156.88,0.9090125292596283,1.3,1.08,450.0
353848,59.459961,1.01133,0,156.88,0.9217800586000705,1.3,1.08,450.0
353849,59.469727,1.04591,0,156.88,0.9345475879405127,1.3,1.08,450.0
353850,59.480469,1.01255,0,156.88,0.9485910858080899,1.3,1.08,450.0
353851,59.490235,1.00768,0,156.88,0.9613586151484579,1.3,1.08,450.0
353852,59.5,1.08333,0,156.88,0.974124837144101,1.3,1.08,450.0
353853,59.509766,1.07723,0,156.88,0.9868923664845433,1.3,1.08,450.0
353854,59.515625,1.04903,0,156.88,0.9945520996818994,1.3,1.08,450.0
353855,59.525391,1.06458,0,156.88,0.007319629022341623,1.3,1.08,450.0
353856,59.535156,1.10059,0,156.88,0.020085851017984657,1.3,1.08,450.0
353857,59.544922,1.04835,0,156.88,0.03285338035835261,1.3,1.08,450.0
353858,59.554688,1.04719,0,156.88,0.045620909698794954,1.3,1.08,450.0
353859,59.56543,0.97745,0,156.88,0.059664407566372146,1.3,1.08,450.0
353860,59.575195,1.0307,0,156.88,0.07243062956201518,1.3,1.08,450.0
353861,59.584961,1.06788,0,156.88,0.08519815890245752,1.3,1.08,450.0
353862,59.594727,1.17461,0,156.88,0.09796568824289986,1.3,1.08,450.0
353863,59.605469,1.17599,0,156.88,0.11200918611047705,1.3,1.08,450.0
353864,59.615235,1.03697,0,156.88,0.12477671545084501,1.3,1.08,450.0
353865,59.620117,1.05213,0,156.88,0.1311591727762671,1.3,1.08,450.0
353866,59.629883,1.05259,0,156.88,0.14392670211670922,1.3,1.08,450.0
353867,59.640625,1.14,0,156.88,0.1579701999842864,1.3,1.08,450.0
353868,59.650391,1.01999,0,156.88,0.17073772932472853,1.3,1.08,450.0
353869,59.660156,1.04441,0,156.88,0.18350395132037178,1.3,1.08,450.0
353870,59.669922,1.0537,0,156.88,0.19627148066073974,1.3,1.08,450.0
353871,59.679688,1.06902,0,156.88,0.20903901000118186,1.3,1.08,450.0
353872,59.69043,1.06867,0,156.88,0.22308250786875927,1.3,1.08,450.0
353873,59.700195,1.09759,0,156.88,0.2358487298644023,1.3,1.08,450.0
353874,59.709961,1.04508,0,156.88,0.24861625920484443,1.3,1.08,450.0
353875,59.719727,1.05566,0,156.88,0.26138378854528677,1.3,1.08,450.0
353876,59.725586,1.05927,0,156.88,0.2690435217426428,1.3,1.08,450.0
353877,59.735352,0.96246,0,156.88,0.28181105108308513,1.3,1.08,450.0
353878,59.745117,1.01299,0,156.88,0.294577273078654,1.3,1.08,450.0
353879,59.754883,0.97383,0,156.88,0.3073448024190961,1.3,1.08,450.0
353880,59.765625,1.05602,0,156.88,0.32138830028667353,1.3,1.08,450.0
353881,59.775391,1.00655,0,156.88,0.33415582962711565,1.3,1.08,450.0
353882,59.785156,1.11686,0,156.88,0.3469220516227587,1.3,1.08,450.0
353883,59.794922,1.16619,0,156.88,0.35968958096312686,1.3,1.08,450.0
353884,59.804688,1.29801,0,156.88,0.372457110303569,1.3,1.08,450.0
353885,59.810547,1.49482,1,139.6,0.0,1.3,1.08,450.0
353886,59.820313,1.50614,0,139.6,0.011360937434822587,1.3,1.08,450.0
353887,59.830078,1.50412,0,139.6,0.022720711554326093,1.3,1.08,450.0
353888,59.839844,1.58852,0,139.6,0.03408164898914868,1.3,1.08,450.0
353889,59.850586,1.45713,0,139.6,0.04657798217823563,1.3,1.08,450.0
353890,59.860352,1.54742,0,139.6,0.057938919613058214,1.3,1.08,450.0
353891,59.870117,1.44202,0,139.6,0.0692986937324956,1.3,1.08,450.0
353892,59.879883,1.272,0,139.6,0.08065963116731818,1.3,1.08,450.0
353893,59.890625,1.13368,0,139.6,0.09315596435640512,1.3,1.08,450.0
353894,59.900391,1.14598,0,139.6,0.10451690179122772,1.3,1.08,450.0
353895,59.910156,0.93106,0,139.6,0.11587667591073122,1.3,1.08,450.0
353896,59.919922,1.19983,0,139.6,0.1272376133454877,1.3,1.08,450.0
353897,59.924805,1.52082,0,139.6,0.13291808206289898,1.3,1.08,450.0
353898,59.935547,1.52895,0,139.6,0.14541441525198592,1.3,1.08,450.0
353899,59.945313,1.31457,0,139.6,0.1567753526868085,1.3,1.08,450.0
353900,59.955078,1.19404,0,139.6,0.168135126806312,1.3,1.08,450.0
353901,59.964844,1.98293,0,139.6,0.1794960642411346,1.3,1.08,450.0
353902,59.975586,3.14654,0,139.6,0.19199239743022156,1.3,1.08,450.0
