sequence,device_us,elapsed_us,received_utc,received_monotonic_ns,gx_raw,gy_raw,gz_raw,ax_raw,ay_raw,az_raw,gx_dps,gy_dps,gz_dps,ax_g,ay_g,az_g
294802,2808357421,0,2026-10-06T05:17:30.238087+00:00,216870259481793,-231,5527,-3628,3994,2029,4712,-8.085,193.445,-126.98,0.974536,0.495076,1.149728
294803,2808367187,9766,2026-10-06T05:17:30.238206+00:00,216870259593236,-340,5496,-3992,4220,2042,4605,-11.9,192.36,-139.72,1.02968,0.498248,1.12362
294804,2808376953,19532,2026-10-06T05:17:30.238349+00:00,216870259737108,-463,5427,-4376,4453,1938,4488,-16.205,189.945,-153.16,1.086532,0.472872,1.095072
294805,2808382812,25391,2026-10-06T05:17:30.240108+00:00,216870261501396,-629,5319,-4711,4757,1792,4361,-22.015,186.165,-164.885,1.160708,0.437248,1.064084
294806,2808392578,35157,2026-10-06T05:17:30.240304+00:00,216870261693127,-842,5180,-4948,5086,1411,4190,-29.47,181.3,-173.18,1.240984,0.344284,1.02236
294807,2808402343,44922,2026-10-06T05:17:30.283238+00:00,216870304634621,-1019,5008,-5052,5361,825,3818,-35.665,175.28,-176.82,1.308084,0.2013,0.931592
294808,2808412109,54688,2026-10-06T05:17:30.283521+00:00,216870304910809,-1071,4773,-4994,5644,312,3218,-37.485,167.055,-174.79,1.377136,0.076128,0.785192
294809,2808422851,65430,2026-10-06T05:17:30.283634+00:00,216870305023281,-1075,4388,-4703,5778,-167,2386,-37.625,153.58,-164.605,1.409832,-0.040748,0.582184
294810,2808432617,75196,2026-10-06T05:17:30.286080+00:00,216870307473552,-987,3943,-4215,6253,-430,1941,-34.545,138.005,-147.525,1.525732,-0.10492,0.473604
294811,2808442382,84961,2026-10-06T05:17:30.286192+00:00,216870307578000,-903,3444,-3563,6369,-614,1235,-31.605,120.54,-124.705,1.554036,-0.149816,0.30134
294812,2808452148,94727,2026-10-06T05:17:30.328272+00:00,216870349667321,-763,2941,-2824,6730,-712,854,-26.705,102.935,-98.84,1.64212,-0.173728,0.208376
294813,2808462890,105469,2026-10-06T05:17:30.328405+00:00,216870349793195,-600,2477,-2048,6958,-657,465,-21.0,86.695,-71.68,1.697752,-0.160308,0.11346
294814,2808467773,110352,2026-10-06T05:17:30.328499+00:00,216870349885683,-414,2037,-1317,6994,-571,-5,-14.49,71.295,-46.095,1.706536,-0.139324,-0.00122
294815,2808477539,120118,2026-10-06T05:17:30.330089+00:00,216870351476180,-239,1559,-671,6793,-382,-635,-8.365,54.565,-23.485,1.657492,-0.093208,-0.15494
294816,2808487304,129883,2026-10-06T05:17:30.330184+00:00,216870351572028,-108,968,-138,6552,-144,-1182,-3.78,33.88,-4.83,1.598688,-0.035136,-0.288408
294817,2808497070,139649,2026-10-06T05:17:30.373165+00:00,216870394560289,-45,250,275,6464,270,-1539,-1.575,8.75,9.625,1.577216,0.06588,-0.375516
294818,2808507812,150391,2026-10-06T05:17:30.373320+00:00,216870394708799,-118,-565,595,6533,735,-1710,-4.13,-19.775,20.825,1.594052,0.17934,-0.41724
294819,2808517578,160157,2026-10-06T05:17:30.373488+00:00,216870394876002,-317,-1444,834,6556,1588,-2106,-11.095,-50.54,29.19,1.599664,0.387472,-0.513864
294820,2808527343,169922,2026-10-06T05:17:30.374921+00:00,216870396309385,-1028,-2678,995,4485,757,-1657,-35.98,-93.73,34.825,1.09434,0.184708,-0.404308
294821,2808537109,179688,2026-10-06T05:17:30.418262+00:00,216870439659689,-1068,-3442,840,2739,557,3813,-37.38,-120.47,29.4,0.668316,0.135908,0.930372
294822,2808547851,190430,2026-10-06T05:17:30.418460+00:00,216870439849149,-983,-3241,657,2506,276,8463,-34.405,-113.435,22.995,0.611464,0.067344,2.064972
294823,2808557617,200196,2026-10-06T05:17:30.418643+00:00,216870440031501,-688,-2416,376,-177,104,7895,-24.08,-84.56,13.16,-0.043188,0.025376,1.92638
294824,2808567382,209961,2026-10-06T05:17:30.420039+00:00,216870441428349,-494,-2185,510,-1777,-425,3791,-17.29,-76.475,17.85,-0.433588,-0.1037,0.925004
294825,2808577148,219727,2026-10-06T05:17:30.420294+00:00,216870441682803,-282,-2902,887,-1051,-364,2820,-9.87,-101.57,31.045,-0.256444,-0.088816,0.68808
294826,2808582031,224610,2026-10-06T05:17:30.463309+00:00,216870484705028,0,-3671,1077,1984,846,4714,0.0,-128.485,37.695,0.484096,0.206424,1.150216
294827,2808592773,235352,2026-10-06T05:17:30.463471+00:00,216870484859093,112,-3571,925,3929,2069,5946,3.92,-124.985,32.375,0.958676,0.504836,1.450824
294828,2808602539,245118,2026-10-06T05:17:30.463727+00:00,216870485114349,-61,-2887,579,3352,2123,5065,-2.135,-101.045,20.265,0.817888,0.518012,1.23586
294829,2808612304,254883,2026-10-06T05:17:30.465018+00:00,216870486407209,-174,-2398,168,2047,1373,4133,-6.09,-83.93,5.88,0.499468,0.335012,1.008452
294830,2808622070,264649,2026-10-06T05:17:30.465241+00:00,216870486645275,-83,-2287,-152,1177,585,3656,-2.905,-80.045,-5.32,0.287188,0.14274,0.892064
294831,2808632812,275391,2026-10-06T05:17:30.508176+00:00,216870529576797,14,-2345,-177,1287,42,4015,0.49,-82.075,-6.195,0.314028,0.010248,0.97966
294832,2808642578,285157,2026-10-06T05:17:30.508326+00:00,216870529712428,42,-2336,180,2892,-1115,5307,1.47,-81.76,6.3,0.705648,-0.27206,1.294908
294833,2808652343,294922,2026-10-06T05:17:30.508578+00:00,216870529965285,169,-1839,688,4321,-1035,5389,5.915,-64.365,24.08,1.054324,-0.25254,1.314916
294834,2808662109,304688,2026-10-06T05:17:30.510018+00:00,216870531406689,653,-996,653,3217,1560,4560,22.855,-34.86,22.855,0.784948,0.38064,1.11264
294835,2808672851,315430,2026-10-06T05:17:30.553094+00:00,216870574488968,575,-587,393,1840,2396,4096,20.125,-20.545,13.755,0.44896,0.584624,0.999424
294836,2808677734,320313,2026-10-06T05:17:30.553244+00:00,216870574631773,242,-535,209,1810,2018,4239,8.47,-18.725,7.315,0.44164,0.492392,1.034316
294837,2808687500,330079,2026-10-06T05:17:30.553442+00:00,216870574830295,50,-482,142,1672,998,4328,1.75,-16.87,4.97,0.407968,0.243512,1.056032
294838,2808697265,339844,2026-10-06T05:17:30.556063+00:00,216870577455864,50,-400,149,1598,793,4124,1.75,-14.0,5.215,0.389912,0.193492,1.006256
294839,2808707031,349610,2026-10-06T05:17:30.556264+00:00,216870577651468,68,-388,146,1595,1099,4120,2.38,-13.58,5.11,0.38918,0.268156,1.00528
294840,2808717773,360352,2026-10-06T05:17:30.598216+00:00,216870619608530,34,-401,64,1770,999,4134,1.19,-14.035,2.24,0.43188,0.243756,1.008696
294841,2808727539,370118,2026-10-06T05:17:30.598323+00:00,216870619709719,26,-361,-9,1701,712,4150,0.91,-12.635,-0.315,0.415044,0.173728,1.0126
294842,2808737304,379883,2026-10-06T05:17:30.598516+00:00,216870619903265,87,-312,-35,1538,657,4095,3.045,-10.92,-1.225,0.375272,0.160308,0.99918
294843,2808747070,389649,2026-10-06T05:17:30.601698+00:00,216870623102586,157,-277,-61,1543,783,4168,5.495,-9.695,-2.135,0.376492,0.191052,1.016992
294844,2808757812,400391,2026-10-06T05:17:30.601859+00:00,216870623245951,201,-238,-91,1616,723,4069,7.035,-8.33,-3.185,0.394304,0.176412,0.992836
294845,2808767578,410157,2026-10-06T05:17:30.643251+00:00,216870664643097,263,-194,-115,1657,843,4183,9.205,-6.79,-4.025,0.404308,0.205692,1.020652
294846,2808772460,415039,2026-10-06T05:17:30.643367+00:00,216870664754044,321,-113,-146,1485,936,3890,11.235,-3.955,-5.11,0.36234,0.228384,0.94916
294847,2808782226,424805,2026-10-06T05:17:30.643565+00:00,216870664951480,316,-82,-150,1594,982,3861,11.06,-2.87,-5.25,0.388936,0.239608,0.942084
294848,2808791992,434571,2026-10-06T05:17:30.645995+00:00,216870667382536,295,-71,-141,1764,898,3729,10.325,-2.485,-4.935,0.430416,0.219112,0.909876
294849,2808802734,445313,2026-10-06T05:17:30.646049+00:00,216870667433877,275,-43,-134,1554,1028,3873,9.625,-1.505,-4.69,0.379176,0.250832,0.945012
294850,2808812500,455079,2026-10-06T05:17:30.688139+00:00,216870709533365,249,8,-142,1360,1214,3767,8.715,0.28,-4.97,0.33184,0.296216,0.919148
294851,2808822265,464844,2026-10-06T05:17:30.688278+00:00,216870709664179,153,-50,-71,1393,1315,3715,5.355,-1.75,-2.485,0.339892,0.32086,0.90646
294852,2808832031,474610,2026-10-06T05:17:30.688488+00:00,216870709876748,50,-104,-34,1611,1115,3539,1.75,-3.64,-1.19,0.393084,0.27206,0.863516
294853,2808842773,485352,2026-10-06T05:17:30.689948+00:00,216870711337140,-41,-139,12,1817,988,3938,-1.435,-4.865,0.42,0.443348,0.241072,0.960872
294854,2808852539,495118,2026-10-06T05:17:30.733286+00:00,216870754684210,-60,-111,37,1577,998,3800,-2.1,-3.885,1.295,0.384788,0.243512,0.9272
294855,2808862304,504883,2026-10-06T05:17:30.733703+00:00,216870755093893,-72,-114,72,1582,1172,3916,-2.52,-3.99,2.52,0.386008,0.285968,0.955504
294856,2808872070,514649,2026-10-06T05:17:30.734046+00:00,216870755435286,-83,-106,72,1522,1162,3895,-2.905,-3.71,2.52,0.371368,0.283528,0.95038
294857,2808882812,525391,2026-10-06T05:17:30.735526+00:00,216870756930229,-108,-111,89,1439,1023,3885,-3.78,-3.885,3.115,0.351116,0.249612,0.94794
294858,2808887695,530274,2026-10-06T05:17:30.735888+00:00,216870757276751,-127,-136,99,1547,924,3844,-4.445,-4.76,3.465,0.377468,0.225456,0.937936
294859,2808897460,540039,2026-10-06T05:17:30.778162+00:00,216870799556664,-148,-155,92,1675,643,3864,-5.18,-5.425,3.22,0.4087,0.156892,0.942816
294860,2808907226,549805,2026-10-06T05:17:30.778338+00:00,216870799724891,-106,-162,84,1733,754,3829,-3.71,-5.67,2.94,0.422852,0.183976,0.934276
294861,2808916992,559571,2026-10-06T05:17:30.778530+00:00,216870799919372,-85,-155,62,1727,732,3930,-2.975,-5.425,2.17,0.421388,0.178608,0.95892
294862,2808927734,570313,2026-10-06T05:17:30.781188+00:00,216870802577364,-44,-145,48,1686,718,3850,-1.54,-5.075,1.68,0.411384,0.175192,0.9394
294863,2808937500,580079,2026-10-06T05:17:30.781445+00:00,216870802831770,-12,-135,34,1597,883,3907,-0.42,-4.725,1.19,0.389668,0.215452,0.953308
294864,2808947265,589844,2026-10-06T05:17:30.824283+00:00,216870845678967,-2,-114,15,1459,874,3864,-0.07,-3.99,0.525,0.355996,0.213256,0.942816
294865,2808957031,599610,2026-10-06T05:17:30.824492+00:00,216870845881386,-1,-130,19,1570,888,3759,-0.035,-4.55,0.665,0.38308,0.216672,0.917196
294866,2808967773,610352,2026-10-06T05:17:30.824680+00:00,216870846066605,-10,-144,27,1689,929,3789,-0.35,-5.04,0.945,0.412116,0.226676,0.924516
294867,2808972656,615235,2026-10-06T05:17:30.824951+00:00,216870846339751,-25,-130,28,1566,918,3824,-0.875,-4.55,0.98,0.382104,0.223992,0.933056
294868,2808982421,625000,2026-10-06T05:17:30.825973+00:00,216870847362237,-30,-129,37,1768,819,3753,-1.05,-4.515,1.295,0.431392,0.199836,0.915732
294869,2808992187,634766,2026-10-06T05:17:30.869398+00:00,216870890795986,3,-103,36,1762,891,3846,0.105,-3.605,1.26,0.429928,0.217404,0.938424
294870,2809001953,644532,2026-10-06T05:17:30.869576+00:00,216870890964466,26,-60,14,1515,875,3866,0.91,-2.1,0.49,0.36966,0.2135,0.943304
294871,2809012695,655274,2026-10-06T05:17:30.869804+00:00,216870891191130,23,-65,22,1488,891,3712,0.805,-2.275,0.77,0.363072,0.217404,0.905728
294872,2809022460,665039,2026-10-06T05:17:30.870039+00:00,216870891427559,2,-103,40,1636,964,3815,0.07,-3.605,1.4,0.399184,0.235216,0.93086
294873,2809032226,674805,2026-10-06T05:17:30.914217+00:00,216870935613633,-16,-111,46,1573,946,3790,-0.56,-3.885,1.61,0.383812,0.230824,0.92476
294874,2809041992,684571,2026-10-06T05:17:30.914443+00:00,216870935832127,-38,-136,60,1593,906,3785,-1.33,-4.76,2.1,0.388692,0.221064,0.92354
294875,2809052734,695313,2026-10-06T05:17:30.914597+00:00,216870935985590,-49,-152,68,1645,886,3853,-1.715,-5.32,2.38,0.40138,0.216184,0.940132
294876,2809062500,705079,2026-10-06T05:17:30.914963+00:00,216870936365148,-47,-145,63,1583,870,3842,-1.645,-5.075,2.205,0.386252,0.21228,0.937448
294877,2809072265,714844,2026-10-06T05:17:30.915948+00:00,216870937336875,-43,-151,62,1614,845,3807,-1.505,-5.285,2.17,0.393816,0.20618,0.928908
294878,2809082031,724610,2026-10-06T05:17:31.003149+00:00,216871024545227,-37,-169,68,1630,794,3675,-1.295,-5.915,2.38,0.39772,0.193736,0.8967
294879,2809087890,730469,2026-10-06T05:17:31.003327+00:00,216871024715326,-28,-195,72,1479,895,3974,-0.98,-6.825,2.52,0.360876,0.21838,0.969656
294880,2809097656,740235,2026-10-06T05:17:31.003576+00:00,216871024965142,-27,-198,72,1668,752,3660,-0.945,-6.93,2.52,0.406992,0.183488,0.89304
294881,2809107421,750000,2026-10-06T05:17:31.005062+00:00,216871026453608,-23,-229,83,2014,823,3820,-0.805,-8.015,2.905,0.491416,0.200812,0.93208
294882,2809117187,759766,2026-10-06T05:17:31.005261+00:00,216871026648775,1,-175,47,1304,880,4079,0.035,-6.125,1.645,0.318176,0.21472,0.995276
294883,2809126953,769532,2026-10-06T05:17:31.005488+00:00,216871026875852,18,-175,36,1288,879,3768,0.63,-6.125,1.26,0.314272,0.214476,0.919392
294884,2809137695,780274,2026-10-06T05:17:31.007031+00:00,216871028419855,6,-237,67,1416,956,3807,0.21,-8.295,2.345,0.345504,0.233264,0.928908
294885,2809147460,790039,2026-10-06T05:17:31.007323+00:00,216871028711741,-7,-288,84,1519,831,3811,-0.245,-10.08,2.94,0.370636,0.202764,0.929884
294886,2809157226,799805,2026-10-06T05:17:31.007591+00:00,216871028977982,-14,-307,104,1709,812,3856,-0.49,-10.745,3.64,0.416996,0.198128,0.940864
294887,2809166992,809571,2026-10-06T05:17:31.048168+00:00,216871069560260,-1,-296,102,1690,838,3832,-0.035,-10.36,3.57,0.41236,0.204472,0.935008
294888,2809172851,815430,2026-10-06T05:17:31.048345+00:00,216871069731899,5,-286,78,1625,724,3825,0.175,-10.01,2.73,0.3965,0.176656,0.9333
294889,2809182617,825196,2026-10-06T05:17:31.048514+00:00,216871069901533,48,-271,53,1479,766,3826,1.68,-9.485,1.855,0.360876,0.186904,0.933544
294890,2809192382,834961,2026-10-06T05:17:31.050038+00:00,216871071426903,75,-292,48,1496,840,3840,2.625,-10.22,1.68,0.365024,0.20496,0.93696
294891,2809202148,844727,2026-10-06T05:17:31.050668+00:00,216871072056296,74,-323,68,1622,861,3785,2.59,-11.305,2.38,0.395768,0.210084,0.92354
294892,2809212890,855469,2026-10-06T05:17:31.093279+00:00,216871114672906,92,-341,80,1465,968,3815,3.22,-11.935,2.8,0.35746,0.236192,0.93086
294893,2809222656,865235,2026-10-06T05:17:31.093405+00:00,216871114794902,78,-382,87,1485,826,3872,2.73,-13.37,3.045,0.36234,0.201544,0.944768
294894,2809232421,875000,2026-10-06T05:17:31.093708+00:00,216871115096732,79,-425,115,1891,874,3985,2.765,-14.875,4.025,0.461404,0.213256,0.97234
294895,2809242187,884766,2026-10-06T05:17:31.096018+00:00,216871117405277,107,-394,85,1636,782,3954,3.745,-13.79,2.975,0.399184,0.190808,0.964776
294896,2809251953,894532,2026-10-06T05:17:31.096169+00:00,216871117558380,145,-402,62,1532,819,3877,5.075,-14.07,2.17,0.373808,0.199836,0.945988
294897,2809262695,905274,2026-10-06T05:17:31.138152+00:00,216871159546436,150,-451,83,1814,858,3857,5.25,-15.785,2.905,0.442616,0.209352,0.941108
294898,2809272460,915039,2026-10-06T05:17:31.138285+00:00,216871159671977,158,-466,80,1756,848,3881,5.53,-16.31,2.8,0.428464,0.206912,0.946964
294899,2809277343,919922,2026-10-06T05:17:31.138431+00:00,216871159817938,142,-484,100,1669,877,3848,4.97,-16.94,3.5,0.407236,0.213988,0.938912
294900,2809287109,929688,2026-10-06T05:17:31.140964+00:00,216871162351010,106,-525,168,1673,925,3835,3.71,-18.375,5.88,0.408212,0.2257,0.93574
294901,2809297851,940430,2026-10-06T05:17:31.141106+00:00,216871162491748,90,-550,219,1387,1013,3930,3.15,-19.25,7.665,0.338428,0.247172,0.95892
294902,2809307617,950196,2026-10-06T05:17:31.183136+00:00,216871204530870,61,-603,284,1609,782,3831,2.135,-21.105,9.94,0.392596,0.190808,0.934764
294903,2809317382,959961,2026-10-06T05:17:31.183276+00:00,216871204663597,43,-665,387,1969,690,3664,1.505,-23.275,13.545,0.480436,0.16836,0.894016
294904,2809327148,969727,2026-10-06T05:17:31.183446+00:00,216871204832946,33,-725,459,1966,649,3600,1.155,-25.375,16.065,0.479704,0.158356,0.8784
294905,2809337890,980469,2026-10-06T05:17:31.186469+00:00,216871207864090,56,-809,481,2039,593,3684,1.96,-28.315,16.835,0.497516,0.144692,0.898896
294906,2809347656,990235,2026-10-06T05:17:31.273260+00:00,216871294656091,177,-813,419,1472,1322,4167,6.195,-28.455,14.665,0.359168,0.322568,1.016748
294907,2809357421,1000000,2026-10-06T05:17:31.273429+00:00,216871294818153,178,-858,340,1230,1298,4134,6.23,-30.03,11.9,0.30012,0.316712,1.008696
294908,2809367187,1009766,2026-10-06T05:17:31.273540+00:00,216871294927627,141,-987,400,1174,1267,3914,4.935,-34.545,14.0,0.286456,0.309148,0.955016
294909,2809376953,1019532,2026-10-06T05:17:31.275085+00:00,216871296473239,83,-1237,507,1771,914,3856,2.905,-43.295,17.745,0.432124,0.223016,0.940864
294910,2809382812,1025391,2026-10-06T05:17:31.275308+00:00,216871296695920,173,-1402,535,1429,766,3982,6.055,-49.07,18.725,0.348676,0.186904,0.971608
294911,2809392578,1035157,2026-10-06T05:17:31.275442+00:00,216871296829970,333,-1622,531,1451,601,3775,11.655,-56.77,18.585,0.354044,0.146644,0.9211
294912,2809402343,1044922,2026-10-06T05:17:31.277125+00:00,216871298529234,576,-1930,567,1800,1542,3820,20.16,-67.55,19.845,0.4392,0.376248,0.93208
294913,2809412109,1054688,2026-10-06T05:17:31.277290+00:00,216871298678452,375,-2274,563,1656,568,4060,13.125,-79.59,19.705,0.404064,0.138592,0.99064
294914,2809422851,1065430,2026-10-06T05:17:31.277475+00:00,216871298863053,486,-2581,480,1568,586,3902,17.01,-90.335,16.8,0.382592,0.142984,0.952088
294915,2809432617,1075196,2026-10-06T05:17:31.279194+00:00,216871300597282,565,-2941,467,1532,827,3979,19.775,-102.935,16.345,0.373808,0.201788,0.970876
294916,2809442382,1084961,2026-10-06T05:17:31.319162+00:00,216871340558046,522,-3336,451,1805,738,3960,18.27,-116.76,15.785,0.44042,0.180072,0.96624
294917,2809452148,1094727,2026-10-06T05:17:31.319330+00:00,216871340737154,451,-3694,411,1864,583,3921,15.785,-129.29,14.385,0.454816,0.142252,0.956724
294918,2809462890,1105469,2026-10-06T05:17:31.319578+00:00,216871340965398,424,-4069,371,1910,483,3883,14.84,-142.415,12.985,0.46604,0.117852,0.947452
294919,2809467773,1110352,2026-10-06T05:17:31.319885+00:00,216871341271324,470,-4424,327,1752,682,3810,16.45,-154.84,11.445,0.427488,0.166408,0.92964
294920,2809477539,1120118,2026-10-06T05:17:31.321119+00:00,216871342507175,475,-4823,330,1835,870,3832,16.625,-168.805,11.55,0.44774,0.21228,0.935008
294921,2809487304,1129883,2026-10-06T05:17:31.364182+00:00,216871385576921,386,-5245,447,1976,982,3761,13.51,-183.575,15.645,0.482144,0.239608,0.917684
294922,2809497070,1139649,2026-10-06T05:17:31.364306+00:00,216871385692755,258,-5659,593,1960,1022,3691,9.03,-198.065,20.755,0.47824,0.249368,0.900604
294923,2809507812,1150391,2026-10-06T05:17:31.364541+00:00,216871385927627,205,-6062,689,2198,965,3464,7.175,-212.17,24.115,0.536312,0.23546,0.845216
294924,2809517578,1160157,2026-10-06T05:17:31.364832+00:00,216871386219595,210,-6446,760,2396,1003,3404,7.35,-225.61,26.6,0.584624,0.244732,0.830576
294925,2809527343,1169922,2026-10-06T05:17:31.408191+00:00,216871429586064,202,-6773,819,2578,910,3589,7.07,-237.055,28.665,0.629032,0.22204,0.875716
294926,2809537109,1179688,2026-10-06T05:17:31.408381+00:00,216871429770445,246,-7020,884,2948,594,3779,8.61,-245.7,30.94,0.719312,0.144936,0.922076
294927,2809547851,1190430,2026-10-06T05:17:31.408519+00:00,216871429906523,516,-7155,953,3755,583,4178,18.06,-250.425,33.355,0.91622,0.142252,1.019432
294928,2809557617,1200196,2026-10-06T05:17:31.410022+00:00,216871431410869,885,-7112,983,4831,509,4483,30.975,-248.92,34.405,1.178764,0.124196,1.093852
294929,2809567382,1209961,2026-10-06T05:17:31.410125+00:00,216871431511110,1549,-6832,974,5965,1144,4684,54.215,-239.12,34.09,1.45546,0.279136,1.142896
294930,2809577148,1219727,2026-10-06T05:17:31.453140+00:00,216871474536802,2218,-6292,948,6427,1487,4845,77.63,-220.22,33.18,1.568188,0.362828,1.18218
294931,2809582031,1224610,2026-10-06T05:17:31.453251+00:00,216871474638970,2663,-5744,1072,5657,1958,4399,93.205,-201.04,37.52,1.380308,0.477752,1.073356
294932,2809592773,1235352,2026-10-06T05:17:31.453464+00:00,216871474852777,2332,-5449,1647,5094,2308,4695,81.62,-190.715,57.645,1.242936,0.563152,1.14558
294933,2809602539,1245118,2026-10-06T05:17:31.454932+00:00,216871476320308,1754,-4963,2205,4462,885,5594,61.39,-173.705,77.175,1.088728,0.21594,1.364936
294934,2809612304,1254883,2026-10-06T05:17:31.455121+00:00,216871476509831,1863,-3999,2637,4016,-190,6073,65.205,-139.965,92.295,0.979904,-0.04636,1.481812
294935,2809622070,1264649,2026-10-06T05:17:31.498223+00:00,216871519619533,2476,-2747,3092,2838,1054,6235,86.66,-96.145,108.22,0.692472,0.257176,1.52134
294936,2809632812,1275391,2026-10-06T05:17:31.498358+00:00,216871519745619,2517,-1542,3727,3451,1672,7451,88.095,-53.97,130.445,0.842044,0.407968,1.818044
294937,2809642578,1285157,2026-10-06T05:17:31.498499+00:00,216871519887705,1872,-311,4307,1611,1841,5709,65.52,-10.885,150.745,0.393084,0.449204,1.392996
294938,2809652343,1294922,2026-10-06T05:17:31.500156+00:00,216871521546493,1225,317,4627,789,1496,4450,42.875,11.095,161.945,0.192516,0.365024,1.0858
294939,2809662109,1304688,2026-10-06T05:17:31.543275+00:00,216871564670398,1177,677,4564,1348,1770,4356,41.195,23.695,159.74,0.328912,0.43188,1.062864
294940,2809672851,1315430,2026-10-06T05:17:31.543402+00:00,216871564788740,1370,1084,4043,53,2959,3340,47.95,37.94,141.505,0.012932,0.721996,0.81496
294941,2809677734,1320313,2026-10-06T05:17:31.543674+00:00,216871565063143,1171,1143,3390,-302,3556,2679,40.985,40.005,118.65,-0.073688,0.867664,0.653676
294942,2809687500,1330079,2026-10-06T05:17:31.545955+00:00,216871567342522,781,1011,2614,31,3327,2706,27.335,35.385,91.49,0.007564,0.811788,0.660264
294943,2809697265,1339844,2026-10-06T05:17:31.546115+00:00,216871567503323,611,978,1710,341,2848,2831,21.385,34.23,59.85,0.083204,0.694912,0.690764
294944,2809707031,1349610,2026-10-06T05:17:31.588240+00:00,216871609636760,726,1071,781,786,2544,3032,25.41,37.485,27.335,0.191784,0.620736,0.739808
294945,2809717773,1360352,2026-10-06T05:17:31.588375+00:00,216871609763287,922,1273,-56,1237,2499,3265,32.27,44.555,-1.96,0.301828,0.609756,0.79666
294946,2809727539,1370118,2026-10-06T05:17:31.588638+00:00,216871610025457,973,1562,-702,1777,2355,3610,34.055,54.67,-24.57,0.433588,0.57462,0.88084
294947,2809737304,1379883,2026-10-06T05:17:31.589939+00:00,216871611328139,887,1957,-1156,2184,1984,3755,31.045,68.495,-40.46,0.532896,0.484096,0.91622
294948,2809747070,1389649,2026-10-06T05:17:31.590148+00:00,216871611536068,773,2407,-1445,2270,1491,3603,27.055,84.245,-50.575,0.55388,0.363804,0.879132
294949,2809757812,1400391,2026-10-06T05:17:31.633368+00:00,216871654767839,725,2803,-1600,2238,1079,3377,25.375,98.105,-56.0,0.546072,0.263276,0.823988
294950,2809767578,1410157,2026-10-06T05:17:31.634751+00:00,216871656152703,722,3103,-1662,2260,851,3138,25.27,108.605,-58.17,0.55144,0.207644,0.765672
294951,2809772460,1415039,2026-10-06T05:17:31.634873+00:00,216871656261081,720,3310,-1672,2433,769,3050,25.2,115.85,-58.52,0.593652,0.187636,0.7442
294952,2809782226,1424805,2026-10-06T05:17:31.637810+00:00,216871659210968,689,3475,-1678,2648,773,3060,24.115,121.625,-58.73,0.646112,0.188612,0.74664
294953,2809791992,1434571,2026-10-06T05:17:31.638256+00:00,216871659649227,630,3628,-1724,2818,738,3131,22.05,126.98,-60.34,0.687592,0.180072,0.763964
294954,2809802734,1445313,2026-10-06T05:17:31.679242+00:00,216871700637367,576,3782,-1823,2906,650,3172,20.16,132.37,-63.805,0.709064,0.1586,0.773968
294955,2809812500,1455079,2026-10-06T05:17:31.679362+00:00,216871700749813,531,3923,-1948,2912,571,3172,18.585,137.305,-68.18,0.710528,0.139324,0.773968
294956,2809822265,1464844,2026-10-06T05:17:31.679532+00:00,216871700920454,507,4033,-2062,2987,561,3172,17.745,141.155,-72.17,0.728828,0.136884,0.773968
294957,2809832031,1474610,2026-10-06T05:17:31.679742+00:00,216871701130892,471,4131,-2146,3103,769,3213,16.485,144.585,-75.11,0.757132,0.187636,0.783972
294958,2809842773,1485352,2026-10-06T05:17:31.904277+00:00,216871925672556,337,4230,-2203,3169,1126,3307,11.795,148.05,-77.105,0.773236,0.274744,0.806908
294959,2809852539,1495118,2026-10-06T05:17:31.904505+00:00,216871925894651,100,4338,-2280,3169,1311,3358,3.5,151.83,-79.8,0.773236,0.319884,0.819352
294960,2809862304,1504883,2026-10-06T05:17:31.904793+00:00,216871926180575,-134,4446,-2400,3095,1322,3440,-4.69,155.61,-84.0,0.75518,0.322568,0.83936
294961,2809872070,1514649,2026-10-06T05:17:31.904952+00:00,216871926338639,-270,4558,-2556,3009,1242,3521,-9.45,159.53,-89.46,0.734196,0.303048,0.859124
294962,2809882812,1525391,2026-10-06T05:17:31.948166+00:00,216871969559414,-290,4668,-2724,2919,1274,3583,-10.15,163.38,-95.34,0.712236,0.310856,0.874252
294963,2809887695,1530274,2026-10-06T05:17:31.948277+00:00,216871969663515,-278,4757,-2877,2851,1362,3661,-9.73,166.495,-100.695,0.695644,0.332328,0.893284
294964,2809897460,1540039,2026-10-06T05:17:31.948446+00:00,216871969834002,-274,4819,-3006,2924,1399,3843,-9.59,168.665,-105.21,0.713456,0.341356,0.937692
294965,2809907226,1549805,2026-10-06T05:17:31.950420+00:00,216871971822066,-259,4895,-3131,3143,1462,4045,-9.065,171.325,-109.585,0.766892,0.356728,0.98698
294966,2809916992,1559571,2026-10-06T05:17:31.951332+00:00,216871972733213,-247,5006,-3256,3278,1540,4141,-8.645,175.21,-113.96,0.799832,0.37576,1.010404
294967,2809927734,1570313,2026-10-06T05:17:31.951510+00:00,216871972900372,-269,5109,-3377,3354,1571,4210,-9.415,178.815,-118.195,0.818376,0.383324,1.02724
294968,2809937500,1580079,2026-10-06T05:17:31.953248+00:00,216871974642898,-298,5181,-3502,3480,1468,4287,-10.43,181.335,-122.57,0.84912,0.358192,1.046028
294969,2809947265,1589844,2026-10-06T05:17:31.953487+00:00,216871974875180,-293,5234,-3633,3649,1361,4357,-10.255,183.19,-127.155,0.890356,0.332084,1.063108
294970,2809957031,1599610,2026-10-06T05:17:31.953743+00:00,216871975131164,-290,5269,-3729,3801,1288,4394,-10.15,184.415,-130.515,0.927444,0.314272,1.072136
294971,2809967773,1610352,2026-10-06T05:17:31.954009+00:00,216871975397625,-325,5271,-3777,4013,1184,4397,-11.375,184.485,-132.195,0.979172,0.288896,1.072868
294972,2809972656,1615235,2026-10-06T05:17:31.954935+00:00,216871976321578,-376,5242,-3791,4321,1084,4360,-13.16,183.47,-132.685,1.054324,0.264496,1.06384
294973,2809982421,1625000,2026-10-06T05:17:31.955149+00:00,216871976535905,-440,5195,-3767,4732,910,4332,-15.4,181.825,-131.845,1.154608,0.22204,1.057008
294974,2809992187,1634766,2026-10-06T05:17:31.955292+00:00,216871976679429,-492,5150,-3693,5156,592,4211,-17.22,180.25,-129.255,1.258064,0.144448,1.027484
294975,2810001953,1644532,2026-10-06T05:17:31.957014+00:00,216871978401359,-499,5105,-3567,5490,270,3877,-17.465,178.675,-124.845,1.33956,0.06588,0.945988
294976,2810012695,1655274,2026-10-06T05:17:31.957118+00:00,216871978504614,-477,5009,-3366,5590,68,3247,-16.695,175.315,-117.81,1.36396,0.016592,0.792268
294981,2810062500,1705079,2026-10-06T05:17:31.957272+00:00,216871978660156,-664,2880,-1327,6149,199,47,-23.24,100.8,-46.445,1.500356,0.048556,0.011468
294982,2810072265,1714844,2026-10-06T05:17:31.959003+00:00,216871980389973,-576,2247,-979,6026,356,-592,-20.16,78.645,-34.265,1.470344,0.086864,-0.144448
294983,2810082031,1724610,2026-10-06T05:17:31.959170+00:00,216871980556728,-501,1531,-695,5955,463,-1034,-17.535,53.585,-24.325,1.45302,0.112972,-0.252296
294984,2810087890,1730469,2026-10-06T05:17:31.959374+00:00,216871980761819,-446,725,-485,5972,554,-1358,-15.61,25.375,-16.975,1.457168,0.135176,-0.331352
294986,2810107421,1750000,2026-10-06T05:17:31.961978+00:00,216871983365589,-545,-1050,-206,6160,870,-1890,-19.075,-36.75,-7.21,1.50304,0.21228,-0.46116
294987,2810117187,1759766,2026-10-06T05:17:31.962110+00:00,216871983496494,-1001,-2251,11,6259,1479,-2760,-35.035,-78.785,0.385,1.527196,0.360876,-0.67344
294988,2810126953,1769532,2026-10-06T05:17:31.994299+00:00,216872015692298,-1690,-3590,313,2280,-628,-72,-59.15,-125.65,10.955,0.55632,-0.153232,-0.017568
294989,2810137695,1780274,2026-10-06T05:17:31.994478+00:00,216872015865282,-1361,-4031,513,4211,146,7001,-47.635,-141.085,17.955,1.027484,0.035624,1.708244
294990,2810147460,1790039,2026-10-06T05:17:31.994716+00:00,216872016102661,-1350,-3197,558,2237,-453,9531,-47.25,-111.895,19.53,0.545828,-0.110532,2.325564
294991,2810157226,1799805,2026-10-06T05:17:32.038163+00:00,216872059561840,-917,-2291,582,-1049,-1542,5413,-32.095,-80.185,20.37,-0.255956,-0.376248,1.320772
294992,2810166992,1809571,2026-10-06T05:17:32.038388+00:00,216872059776897,-362,-2634,1005,-1761,-993,2454,-12.67,-92.19,35.175,-0.429684,-0.242292,0.598776
294993,2810172851,1815430,2026-10-06T05:17:32.038614+00:00,216872060006808,-124,-3687,1443,-105,-87,2992,-4.34,-129.045,50.505,-0.02562,-0.021228,0.730048
294994,2810182617,1825196,2026-10-06T05:17:32.039929+00:00,216872061317229,48,-4289,1486,2533,1502,4962,1.68,-150.115,52.01,0.618052,0.366488,1.210728
294995,2810192382,1834961,2026-10-06T05:17:32.040090+00:00,216872061476440,58,-4022,1143,3608,2499,5663,2.03,-140.77,40.005,0.880352,0.609756,1.381772
294996,2810202148,1844727,2026-10-06T05:17:32.083222+00:00,216872104615640,-207,-3525,909,5716,2980,7651,-7.245,-123.375,31.815,1.394704,0.72712,1.866844
294997,2810212890,1855469,2026-10-06T05:17:32.083372+00:00,216872104758881,-999,-2339,874,5259,-540,5308,-34.965,-81.865,30.59,1.283196,-0.13176,1.295152
294998,2810222656,1865235,2026-10-06T05:17:32.083565+00:00,216872104952738,-316,-1296,547,2592,327,4175,-11.06,-45.36,19.145,0.632448,0.079788,1.0187
294999,2810232421,1875000,2026-10-06T05:17:32.086481+00:00,216872107876287,-194,-1038,485,1976,776,4290,-6.79,-36.33,16.975,0.482144,0.189344,1.04676
295000,2810242187,1884766,2026-10-06T05:17:32.086911+00:00,216872108300776,-168,-842,393,1671,1436,4084,-5.88,-29.47,13.755,0.407724,0.350384,0.996496
295001,2810251953,1894532,2026-10-06T05:17:32.129328+00:00,216872150722937,-278,-731,325,1976,1437,4144,-9.73,-25.585,11.375,0.482144,0.350628,1.011136
295002,2810262695,1905274,2026-10-06T05:17:32.129485+00:00,216872150871895,-338,-558,255,1870,1098,3979,-11.83,-19.53,8.925,0.45628,0.267912,0.970876
295003,2810272460,1915039,2026-10-06T05:17:32.129585+00:00,216872150972647,-340,-470,231,1908,1148,4030,-11.9,-16.45,8.085,0.465552,0.280112,0.98332
295004,2810277343,1919922,2026-10-06T05:17:32.129827+00:00,216872151216195,-340,-402,201,2024,1156,4206,-11.9,-14.07,7.035,0.493856,0.282064,1.026264
295005,2810287109,1929688,2026-10-06T05:17:32.131036+00:00,216872152440399,-336,-297,140,1547,853,4234,-11.76,-10.395,4.9,0.377468,0.208132,1.033096
295006,2810297851,1940430,2026-10-06T05:17:32.173366+00:00,216872194765832,-290,-289,85,1649,491,4108,-10.15,-10.115,2.975,0.402356,0.119804,1.002352
295007,2810307617,1950196,2026-10-06T05:17:32.173584+00:00,216872194972926,-192,-295,52,1981,488,4123,-6.72,-10.325,1.82,0.483364,0.119072,1.006012
295008,2810317382,1959961,2026-10-06T05:17:32.173729+00:00,216872195117309,-68,-230,-19,1676,508,4356,-2.38,-8.05,-0.665,0.408944,0.123952,1.062864
295009,2810327148,1969727,2026-10-06T05:17:32.174937+00:00,216872196325453,61,-183,-81,1647,288,3942,2.135,-6.405,-2.835,0.401868,0.070272,0.961848
295010,2810337890,1980469,2026-10-06T05:17:32.218633+00:00,216872240034703,232,-152,-143,1822,628,4127,8.12,-5.32,-5.005,0.444568,0.153232,1.006988
295011,2810347656,1990235,2026-10-06T05:17:32.218839+00:00,216872240228451,315,-81,-194,1344,671,3861,11.025,-2.835,-6.79,0.327936,0.163724,0.942084
295012,2810357421,2000000,2026-10-06T05:17:32.219124+00:00,216872240512007,331,-96,-210,1509,668,3889,11.585,-3.36,-7.35,0.368196,0.162992,0.948916
295013,2810367187,2009766,2026-10-06T05:17:32.221088+00:00,216872242477253,340,-74,-205,1565,711,3924,11.9,-2.59,-7.175,0.38186,0.173484,0.957456
295014,2810376953,2019532,2026-10-06T05:17:32.221245+00:00,216872242631831,365,-51,-202,1581,862,3906,12.775,-1.785,-7.07,0.385764,0.210328,0.953064
295015,2810382812,2025391,2026-10-06T05:17:32.263159+00:00,216872284550879,359,-44,-182,1854,1005,3739,12.565,-1.54,-6.37,0.452376,0.24522,0.912316
295016,2810392578,2035157,2026-10-06T05:17:32.263320+00:00,216872284722602,322,-30,-158,1859,1092,3765,11.27,-1.05,-5.53,0.453596,0.266448,0.91866
295017,2810402343,2044922,2026-10-06T05:17:32.263527+00:00,216872284916257,266,-11,-129,1679,1053,3746,9.31,-0.385,-4.515,0.409676,0.256932,0.914024
295018,2810412109,2054688,2026-10-06T05:17:32.265021+00:00,216872286427957,189,-24,-81,1708,957,3728,6.615,-0.84,-2.835,0.416752,0.233508,0.909632
295019,2810422851,2065430,2026-10-06T05:17:32.265240+00:00,216872286628765,158,-20,-52,1600,1132,3857,5.53,-0.7,-1.82,0.3904,0.276208,0.941108
295020,2810432617,2075196,2026-10-06T05:17:32.308261+00:00,216872329656259,120,-13,-27,1498,1020,3861,4.2,-0.455,-0.945,0.365512,0.24888,0.942084
295021,2810442382,2084961,2026-10-06T05:17:32.308472+00:00,216872329860334,125,-28,-3,1674,1045,3932,4.375,-0.98,-0.105,0.408456,0.25498,0.959408
295022,2810452148,2094727,2026-10-06T05:17:32.309985+00:00,216872331374080,138,-23,-1,1754,975,3859,4.83,-0.805,-0.035,0.427976,0.2379,0.941596
295023,2810462890,2105469,2026-10-06T05:17:32.310188+00:00,216872331576832,124,-23,-2,1721,814,3843,4.34,-0.805,-0.07,0.419924,0.198616,0.937692
295024,2810467773,2110352,2026-10-06T05:17:32.312090+00:00,216872333476812,105,-38,3,1671,740,3842,3.675,-1.33,0.105,0.407724,0.18056,0.937448
295025,2810477539,2120118,2026-10-06T05:17:32.354145+00:00,216872375540069,106,-52,-16,1625,776,3899,3.71,-1.82,-0.56,0.3965,0.189344,0.951356
295026,2810487304,2129883,2026-10-06T05:17:32.354273+00:00,216872375659350,118,-45,-34,1641,739,3819,4.13,-1.575,-1.19,0.400404,0.180316,0.931836
295027,2810497070,2139649,2026-10-06T05:17:32.354441+00:00,216872375827854,127,-61,-24,1628,867,3886,4.445,-2.135,-0.84,0.397232,0.211548,0.948184
295028,2810507812,2150391,2026-10-06T05:17:32.354609+00:00,216872375997059,133,-71,-29,1677,837,3723,4.655,-2.485,-1.015,0.409188,0.204228,0.908412
295029,2810517578,2160157,2026-10-06T05:17:32.399089+00:00,216872420485317,136,-80,-31,1839,870,3742,4.76,-2.8,-1.085,0.448716,0.21228,0.913048
295030,2810527343,2169922,2026-10-06T05:17:32.399201+00:00,216872420588740,133,-71,-27,1654,940,3762,4.655,-2.485,-0.945,0.403576,0.22936,0.917928
295031,2810537109,2179688,2026-10-06T05:17:32.399355+00:00,216872420743809,114,-64,-28,1556,855,3725,3.99,-2.24,-0.98,0.379664,0.20862,0.9089
295032,2810547851,2190430,2026-10-06T05:17:32.399497+00:00,216872420885275,107,-71,-6,1553,1037,3777,3.745,-2.485,-0.21,0.378932,0.253028,0.921588
295033,2810557617,2200196,2026-10-06T05:17:32.402166+00:00,216872423559802,74,-79,12,1508,1066,3766,2.59,-2.765,0.42,0.367952,0.260104,0.918904
295034,2810567382,2209961,2026-10-06T05:17:32.443321+00:00,216872464733014,46,-90,27,1558,970,3698,1.61,-3.15,0.945,0.380152,0.23668,0.902312
295035,2810577148,2219727,2026-10-06T05:17:32.443521+00:00,216872464909372,24,-115,50,1595,1030,3772,0.84,-4.025,1.75,0.38918,0.25132,0.920368
295036,2810582031,2224610,2026-10-06T05:17:32.443753+00:00,216872465139976,-9,-129,57,1688,768,3759,-0.315,-4.515,1.995,0.411872,0.187392,0.917196
295037,2810592773,2235352,2026-10-06T05:17:32.446121+00:00,216872467525211,-5,-129,61,1717,814,3836,-0.175,-4.515,2.135,0.418948,0.198616,0.935984
295038,2810602539,2245118,2026-10-06T05:17:32.446405+00:00,216872467793442,6,-98,52,1371,909,3973,0.21,-3.43,1.82,0.334524,0.221796,0.969412
295039,2810612304,2254883,2026-10-06T05:17:32.488267+00:00,216872509657611,-1,-117,62,1468,880,3709,-0.035,-4.095,2.17,0.358192,0.21472,0.904996
295040,2810622070,2264649,2026-10-06T05:17:32.488460+00:00,216872509849700,-26,-174,82,1969,820,3838,-0.91,-6.09,2.87,0.480436,0.20008,0.936472
295041,2810632812,2275391,2026-10-06T05:17:32.488776+00:00,216872510162729,5,-122,56,1589,782,3926,0.175,-4.27,1.96,0.387716,0.190808,0.957944
295042,2810642578,2285157,2026-10-06T05:17:32.489998+00:00,216872511401522,29,-122,51,1559,899,3762,1.015,-4.27,1.785,0.380396,0.219356,0.917928
295043,2810652343,2294922,2026-10-06T05:17:32.533233+00:00,216872554642296,22,-149,48,1843,833,3811,0.77,-5.215,1.68,0.449692,0.203252,0.929884
295044,2810662109,2304688,2026-10-06T05:17:32.533374+00:00,216872554785865,29,-137,47,1603,879,3846,1.015,-4.795,1.645,0.391132,0.214476,0.938424
295045,2810672851,2315430,2026-10-06T05:17:32.533705+00:00,216872555095349,28,-149,51,1440,920,3718,0.98,-5.215,1.785,0.35136,0.22448,0.907192
295046,2810677734,2320313,2026-10-06T05:17:32.536113+00:00,216872557507438,10,-194,76,1572,989,3856,0.35,-6.79,2.66,0.383568,0.241316,0.940864
295047,2810687500,2330079,2026-10-06T05:17:32.536321+00:00,216872557708202,-3,-206,90,1611,897,3827,-0.105,-7.21,3.15,0.393084,0.218868,0.933788
295048,2810697265,2339844,2026-10-06T05:17:32.578295+00:00,216872599689890,-1,-213,103,1835,845,3742,-0.035,-7.455,3.605,0.44774,0.20618,0.913048
295049,2810707031,2349610,2026-10-06T05:17:32.578516+00:00,216872599903965,4,-208,106,1893,904,3835,0.14,-7.28,3.71,0.461892,0.220576,0.93574
295050,2810717773,2360352,2026-10-06T05:17:32.578725+00:00,216872600111513,13,-175,81,1543,792,3816,0.455,-6.125,2.835,0.376492,0.193248,0.931104
295051,2810727539,2370118,2026-10-06T05:17:32.581074+00:00,216872602463472,30,-188,84,1580,854,3819,1.05,-6.58,2.94,0.38552,0.208376,0.931836
295052,2810737304,2379883,2026-10-06T05:17:32.581267+00:00,216872602655339,20,-196,100,1553,884,3795,0.7,-6.86,3.5,0.378932,0.215696,0.92598
295053,2810747070,2389649,2026-10-06T05:17:32.623160+00:00,216872644555513,5,-216,118,1564,846,3825,0.175,-7.56,4.13,0.381616,0.206424,0.9333
295054,2810757812,2400391,2026-10-06T05:17:32.623372+00:00,216872644759030,-4,-236,141,1651,881,3857,-0.14,-8.26,4.935,0.402844,0.214964,0.941108
295055,2810767578,2410157,2026-10-06T05:17:32.623664+00:00,216872645050332,-10,-236,147,1624,873,3833,-0.35,-8.26,5.145,0.396256,0.213012,0.935252
295056,2810777343,2419922,2026-10-06T05:17:32.624982+00:00,216872646369479,-18,-247,153,1657,720,3751,-0.63,-8.645,5.355,0.404308,0.17568,0.915244
295057,2810782226,2424805,2026-10-06T05:17:32.625087+00:00,216872646473111,1,-252,157,1582,833,3885,0.035,-8.82,5.495,0.386008,0.203252,0.94794
295058,2810791992,2434571,2026-10-06T05:17:32.668262+00:00,216872689661382,18,-250,145,1457,847,3764,0.63,-8.75,5.075,0.355508,0.206668,0.918416
295059,2810802734,2445313,2026-10-06T05:17:32.668474+00:00,216872689862373,23,-298,157,1563,796,3828,0.805,-10.43,5.495,0.381372,0.194224,0.934032
295060,2810812500,2455079,2026-10-06T05:17:32.668776+00:00,216872690164273,30,-332,174,1655,816,3878,1.05,-11.62,6.09,0.40382,0.199104,0.946232
295061,2810822265,2464844,2026-10-06T05:17:32.669920+00:00,216872691308472,45,-350,182,1744,806,3753,1.575,-12.25,6.37,0.425536,0.196664,0.915732
295062,2810832031,2474610,2026-10-06T05:17:32.713151+00:00,216872734546952,57,-378,170,1637,829,3921,1.995,-13.23,5.95,0.399428,0.202276,0.956724
295063,2810842773,2485352,2026-10-06T05:17:32.713322+00:00,216872734709731,70,-388,152,1606,755,3828,2.45,-13.58,5.32,0.391864,0.18422,0.934032
295064,2810852539,2495118,2026-10-06T05:17:32.713476+00:00,216872734864288,98,-412,154,1697,807,3921,3.43,-14.42,5.39,0.414068,0.196908,0.956724
295065,2810862304,2504883,2026-10-06T05:17:32.715995+00:00,216872737383731,106,-427,166,1768,814,3826,3.71,-14.945,5.81,0.431392,0.198616,0.933544
295066,2810872070,2514649,2026-10-06T05:17:32.716161+00:00,216872737549265,115,-455,169,1829,757,3813,4.025,-15.925,5.915,0.446276,0.184708,0.930372
295067,2810882812,2525391,2026-10-06T05:17:32.803199+00:00,216872824596334,133,-485,159,1801,801,3845,4.655,-16.975,5.565,0.439444,0.195444,0.93818
295068,2810887695,2530274,2026-10-06T05:17:32.803416+00:00,216872824804367,133,-533,177,1768,847,3817,4.655,-18.655,6.195,0.431392,0.206668,0.931348
295069,2810897460,2540039,2026-10-06T05:17:32.803601+00:00,216872824989291,116,-571,217,1454,981,4012,4.06,-19.985,7.595,0.354776,0.239364,0.978928
295070,2810907226,2549805,2026-10-06T05:17:32.804984+00:00,216872826372559,84,-623,268,1588,899,3668,2.94,-21.805,9.38,0.387472,0.219356,0.894992
295071,2810916992,2559571,2026-10-06T05:17:32.805143+00:00,216872826531956,76,-726,338,1963,812,3718,2.66,-25.41,11.83,0.478972,0.198128,0.907192
295072,2810927734,2570313,2026-10-06T05:17:32.805301+00:00,216872826688639,105,-776,346,1635,890,3929,3.675,-27.16,12.11,0.39894,0.21716,0.958676
295073,2810937500,2580079,2026-10-06T05:17:32.806999+00:00,216872828387442,118,-863,332,1693,787,3814,4.13,-30.205,11.62,0.413092,0.192028,0.930616
295074,2810947265,2589844,2026-10-06T05:17:32.807163+00:00,216872828550813,106,-1001,382,1699,543,3511,3.71,-35.035,13.37,0.414556,0.132492,0.856684
295075,2810957031,2599610,2026-10-06T05:17:32.807317+00:00,216872828705454,141,-1225,403,1906,542,3638,4.935,-42.875,14.105,0.465064,0.132248,0.887672
295076,2810967773,2610352,2026-10-06T05:17:32.848205+00:00,216872869601510,226,-1410,350,1893,380,3722,7.91,-49.35,12.25,0.461892,0.09272,0.908168
295077,2810972656,2615235,2026-10-06T05:17:32.848448+00:00,216872869836844,401,-1571,273,1521,962,4112,14.035,-54.985,9.555,0.371124,0.234728,1.003328
295078,2810982421,2625000,2026-10-06T05:17:32.848614+00:00,216872870007341,452,-1729,208,1285,1464,4077,15.82,-60.515,7.28,0.31354,0.357216,0.994788
295079,2810992187,2634766,2026-10-06T05:17:32.849946+00:00,216872871334212,323,-1976,226,1368,1030,3954,11.305,-69.16,7.91,0.333792,0.25132,0.964776
295080,2811001953,2644532,2026-10-06T05:17:32.850213+00:00,216872871601453,380,-2281,296,1635,1128,3833,13.3,-79.835,10.36,0.39894,0.275232,0.935252
295081,2811012695,2655274,2026-10-06T05:17:32.893186+00:00,216872914581815,418,-2588,367,1340,887,4028,14.63,-90.58,12.845,0.32696,0.216428,0.982832
295082,2811022460,2665039,2026-10-06T05:17:32.893501+00:00,216872914891407,497,-2933,421,1678,1111,4067,17.395,-102.655,14.735,0.409432,0.271084,0.992348
295083,2811032226,2674805,2026-10-06T05:17:32.893986+00:00,216872915372940,447,-3273,457,1849,1106,3978,15.645,-114.555,15.995,0.451156,0.269864,0.970632
295084,2811041992,2684571,2026-10-06T05:17:32.896073+00:00,216872917462938,366,-3671,452,1787,1062,3877,12.81,-128.485,15.82,0.436028,0.259128,0.945988
295085,2811052734,2695313,2026-10-06T05:17:32.896314+00:00,216872917700774,319,-4106,423,1824,474,3990,11.165,-143.71,14.805,0.445056,0.115656,0.97356
295086,2811062500,2705079,2026-10-06T05:17:32.938155+00:00,216872959550942,366,-4531,443,1883,727,3869,12.81,-158.585,15.505,0.459452,0.177388,0.944036
295087,2811072265,2714844,2026-10-06T05:17:32.938287+00:00,216872959674073,356,-5033,479,2012,900,3771,12.46,-176.155,16.765,0.490928,0.2196,0.920124
295088,2811082031,2724610,2026-10-06T05:17:32.938470+00:00,216872959856841,266,-5620,590,1824,1099,3893,9.31,-196.7,20.65,0.445056,0.268156,0.949892
295089,2811087890,2730469,2026-10-06T05:17:32.939959+00:00,216872961347569,98,-6200,708,1811,853,3687,3.43,-217.0,24.78,0.441884,0.208132,0.899628
295090,2811097656,2740235,2026-10-06T05:17:32.940126+00:00,216872961513667,78,-6776,798,2055,855,3562,2.73,-237.16,27.93,0.50142,0.20862,0.869128
295091,2811107421,2750000,2026-10-06T05:17:32.983212+00:00,216873004604150,58,-7320,864,2285,680,3538,2.03,-256.2,30.24,0.55754,0.16592,0.863272
295092,2811117187,2759766,2026-10-06T05:17:32.983367+00:00,216873004754962,122,-7810,917,2530,622,3465,4.27,-273.35,32.095,0.61732,0.151768,0.84546
295093,2811126953,2769532,2026-10-06T05:17:32.983530+00:00,216873004917783,233,-8255,983,3234,597,3820,8.155,-288.925,34.405,0.789096,0.145668,0.93208
295094,2811137695,2780274,2026-10-06T05:17:32.986113+00:00,216873007508554,525,-8498,1007,3924,417,4041,18.375,-297.43,35.245,0.957456,0.101748,0.986004
295095,2811147460,2790039,2026-10-06T05:17:33.029306+00:00,216873050701858,1081,-8595,1012,4955,646,4232,37.835,-300.825,35.42,1.20902,0.157624,1.032608
295096,2811157226,2799805,2026-10-06T05:17:33.029430+00:00,216873050816186,1726,-8549,1046,5652,919,4265,60.41,-299.215,36.61,1.379088,0.224236,1.04066
295097,2811166992,2809571,2026-10-06T05:17:33.029544+00:00,216873050932329,2231,-8333,1186,5757,1266,4254,78.085,-291.655,41.51,1.404708,0.308904,1.037976
295098,2811172851,2815430,2026-10-06T05:17:33.029754+00:00,216873051142607,2504,-8028,1406,5705,1495,4035,87.64,-280.98,49.21,1.39202,0.36478,0.98454
295099,2811182617,2825196,2026-10-06T05:17:33.031989+00:00,216873053377538,2523,-7631,1722,5641,1837,4255,88.305,-267.085,60.27,1.376404,0.448228,1.03822
295100,2811192382,2834961,2026-10-06T05:17:33.073200+00:00,216873094596431,2565,-7021,1923,5145,1719,4472,89.775,-245.735,67.305,1.25538,0.419436,1.091168
295101,2811202148,2844727,2026-10-06T05:17:33.073332+00:00,216873094718003,2962,-6308,1972,4755,1778,4075,103.67,-220.78,69.02,1.16022,0.433832,0.9943
295102,2811212890,2855469,2026-10-06T05:17:33.073414+00:00,216873094801436,3249,-5668,2134,5611,1452,4549,113.715,-198.38,74.69,1.369084,0.354288,1.109956
295103,2811222656,2865235,2026-10-06T05:17:33.075034+00:00,216873096422587,3166,-4587,2467,5520,-32,4380,110.81,-160.545,86.345,1.34688,-0.007808,1.06872
295104,2811232421,2875000,2026-10-06T05:17:33.075227+00:00,216873096615714,3343,-3287,2876,4025,434,4561,117.005,-115.045,100.66,0.9821,0.105896,1.112884
295105,2811242187,2884766,2026-10-06T05:17:33.118724+00:00,216873140120857,3620,-1797,3191,4670,2586,6477,126.7,-62.895,111.685,1.13948,0.630984,1.580388
295106,2811251953,2894532,2026-10-06T05:17:33.118884+00:00,216873140272494,2892,-152,3570,3395,1941,6997,101.22,-5.32,124.95,0.82838,0.473604,1.707268
295107,2811262695,2905274,2026-10-06T05:17:33.119111+00:00,216873140498686,2131,1170,3926,2553,1086,5138,74.585,40.95,137.41,0.622932,0.264984,1.253672
295108,2811272460,2915039,2026-10-06T05:17:33.119256+00:00,216873140643016,2015,1963,3813,1920,1973,4832,70.525,68.705,133.455,0.46848,0.481412,1.179008
295109,2811277343,2919922,2026-10-06T05:17:33.121051+00:00,216873142438926,1719,2672,3605,-492,2257,2830,60.165,93.52,126.175,-0.120048,0.550708,0.69052
295110,2811287109,2929688,2026-10-06T05:17:33.163159+00:00,216873184553958,1322,2636,3291,-1001,2423,1816,46.27,92.26,115.185,-0.244244,0.591212,0.443104
295111,2811297851,2940430,2026-10-06T05:17:33.163298+00:00,216873184687165,968,2296,2705,-887,2098,1388,33.88,80.36,94.675,-0.216428,0.511912,0.338672
295112,2811307617,2950196,2026-10-06T05:17:33.208171+00:00,216873229566438,980,1965,1962,-196,1710,1853,34.3,68.775,68.67,-0.047824,0.41724,0.452132
295113,2811317382,2959961,2026-10-06T05:17:33.208308+00:00,216873229697068,1288,1909,1068,555,1930,2407,45.08,66.815,37.38,0.13542,0.47092,0.587308
295114,2811327148,2969727,2026-10-06T05:17:33.208495+00:00,216873229883016,1502,2095,137,1496,2500,3109,52.57,73.325,4.795,0.365024,0.61,0.758596
295115,2811337890,2980469,2026-10-06T05:17:33.210046+00:00,216873231433921,1320,2550,-668,2300,2739,3673,46.2,89.25,-23.38,0.5612,0.668316,0.896212
295116,2811347656,2990235,2026-10-06T05:17:33.210141+00:00,216873231528736,827,3195,-1274,2725,2250,3854,28.945,111.825,-44.59,0.6649,0.549,0.940376
295117,2811357421,3000000,2026-10-06T05:17:33.210348+00:00,216873231736664,406,3893,-1704,2864,1289,3652,14.21,136.255,-59.64,0.698816,0.314516,0.891088
295118,2811367187,3009766,2026-10-06T05:17:33.213109+00:00,216873234496968,282,4522,-1979,2633,514,3096,9.87,158.27,-69.265,0.642452,0.125416,0.755424
295119,2811376953,3019532,2026-10-06T05:17:33.253142+00:00,216873274537527,357,4933,-2066,2300,46,2465,12.495,172.655,-72.31,0.5612,0.011224,0.60146
295120,2811382812,3025391,2026-10-06T05:17:33.253266+00:00,216873274654299,508,5081,-1996,2284,-130,2212,17.78,177.835,-69.86,0.557296,-0.03172,0.539728
295121,2811392578,3035157,2026-10-06T05:17:33.253480+00:00,216873274869008,635,5100,-1844,2614,-92,2289,22.225,178.5,-64.54,0.637816,-0.022448,0.558516
295122,2811402343,3044922,2026-10-06T05:17:33.254956+00:00,216873276344740,677,5125,-1668,3059,25,2533,23.695,179.375,-58.38,0.746396,0.0061,0.618052
295123,2811412109,3054688,2026-10-06T05:17:33.255125+00:00,216873276513220,651,5198,-1540,3465,177,2868,22.785,181.93,-53.9,0.84546,0.043188,0.699792
295124,2811422851,3065430,2026-10-06T05:17:33.298177+00:00,216873319572334,577,5332,-1506,3765,186,3129,20.195,186.62,-52.71,0.91866,0.045384,0.763476
295125,2811432617,3075196,2026-10-06T05:17:33.298318+00:00,216873319706129,511,5505,-1549,4042,58,3328,17.885,192.675,-54.215,0.986248,0.014152,0.812032
295126,2811442382,3084961,2026-10-06T05:17:33.298637+00:00,216873320025814,513,5699,-1640,4180,-63,3294,17.955,199.465,-57.4,1.01992,-0.015372,0.803736
295127,2811452148,3094727,2026-10-06T05:17:33.299973+00:00,216873321361795,539,5848,-1730,4046,62,3034,18.865,204.68,-60.55,0.987224,0.015128,0.740296
295128,2811462890,3105469,2026-10-06T05:17:33.344161+00:00,216873365556317,463,5856,-1780,3824,456,2790,16.205,204.96,-62.3,0.933056,0.111264,0.68076
295129,2811467773,3110352,2026-10-06T05:17:33.344288+00:00,216873365674435,215,5706,-1805,3658,795,2698,7.525,199.71,-63.175,0.892552,0.19398,0.658312
295130,2811477539,3120118,2026-10-06T05:17:33.344428+00:00,216873365816771,-105,5464,-1865,3690,959,2845,-3.675,191.24,-65.275,0.90036,0.233996,0.69418
295131,2811487304,3129883,2026-10-06T05:17:33.344526+00:00,216873365913199,-333,5254,-1997,3764,1047,3088,-11.655,183.89,-69.895,0.918416,0.255468,0.753472
295132,2811497070,3139649,2026-10-06T05:17:33.346088+00:00,216873367476183,-451,5114,-2187,3681,1217,3251,-15.785,178.99,-76.545,0.898164,0.296948,0.793244
295133,2811507812,3150391,2026-10-06T05:17:33.388177+00:00,216873409571364,-521,5009,-2396,3521,1434,3329,-18.235,175.315,-83.86,0.859124,0.349896,0.812276
295134,2811517578,3160157,2026-10-06T05:17:33.388292+00:00,216873409679924,-593,4900,-2596,3385,1568,3396,-20.755,171.5,-90.86,0.82594,0.382592,0.828624
295135,2811527343,3169922,2026-10-06T05:17:33.388490+00:00,216873409878697,-642,4785,-2789,3309,1522,3505,-22.47,167.475,-97.615,0.807396,0.371368,0.85522
295136,2811537109,3179688,2026-10-06T05:17:33.389954+00:00,216873411342804,-589,4687,-2997,3396,1304,3737,-20.615,164.045,-104.895,0.828624,0.318176,0.911828
295137,2811547851,3190430,2026-10-06T05:17:33.390122+00:00,216873411511965,-399,4654,-3208,3606,1343,3954,-13.965,162.89,-112.28,0.879864,0.327692,0.964776
295138,2811557617,3200196,2026-10-06T05:17:33.478182+00:00,216873499574981,-241,4675,-3383,3734,1486,4086,-8.435,163.625,-118.405,0.911096,0.362584,0.996984
295139,2811567382,3209961,2026-10-06T05:17:33.478301+00:00,216873499704346,-213,4698,-3507,3964,1488,4133,-7.455,164.43,-122.745,0.967216,0.363072,1.008452
295140,2811577148,3219727,2026-10-06T05:17:33.478525+00:00,216873499911912,-258,4729,-3581,4219,1537,4123,-9.03,165.515,-125.335,1.029436,0.375028,1.006012
295141,2811582031,3224610,2026-10-06T05:17:33.481071+00:00,216873502472971,-364,4754,-3629,4319,1589,4013,-12.74,166.39,-127.015,1.053836,0.387716,0.979172
295142,2811592773,3235352,2026-10-06T05:17:33.481414+00:00,216873502800490,-503,4729,-3676,4296,1402,3856,-17.605,165.515,-128.66,1.048224,0.342088,0.940864
295143,2811602539,3245118,2026-10-06T05:17:33.481697+00:00,216873503083419,-572,4639,-3732,4232,1037,3667,-20.02,162.365,-130.62,1.032608,0.253028,0.894748
295144,2811612304,3254883,2026-10-06T05:17:33.481962+00:00,216873503361717,-514,4495,-3761,4155,621,3489,-17.99,157.325,-131.635,1.01382,0.151524,0.851316
295145,2811622070,3264649,2026-10-06T05:17:33.484471+00:00,216873505878241,-363,4300,-3719,4191,356,3361,-12.705,150.5,-130.165,1.022604,0.086864,0.820084
295146,2811632812,3275391,2026-10-06T05:17:33.485356+00:00,216873506746470,-228,4075,-3577,4386,125,3279,-7.98,142.625,-125.195,1.070184,0.0305,0.800076
295147,2811642578,3285157,2026-10-06T05:17:33.523251+00:00,216873544645491,-145,3868,-3338,4687,-38,3213,-5.075,135.38,-116.83,1.143628,-0.009272,0.783972
295148,2811652343,3294922,2026-10-06T05:17:33.523445+00:00,216873544833505,-141,3698,-3003,4944,-156,3096,-4.935,129.43,-105.105,1.206336,-0.038064,0.755424
295149,2811662109,3304688,2026-10-06T05:17:33.523741+00:00,216873545129238,-197,3559,-2582,5076,-293,2878,-6.895,124.565,-90.37,1.238544,-0.071492,0.702232
295150,2811672851,3315430,2026-10-06T05:17:33.524975+00:00,216873546363759,-261,3425,-2099,4961,-427,2514,-9.135,119.875,-73.465,1.210484,-0.104188,0.613416
295151,2811677734,3320313,2026-10-06T05:17:33.525166+00:00,216873546554027,-279,3236,-1593,4769,-372,2061,-9.765,113.26,-55.755,1.163636,-0.090768,0.502884
295152,2811687500,3330079,2026-10-06T05:17:33.568942+00:00,216873590337782,-270,2960,-1110,4579,-217,1545,-9.45,103.6,-38.85,1.117276,-0.052948,0.37698
295153,2811697265,3339844,2026-10-06T05:17:33.569079+00:00,216873590468353,-230,2576,-672,4391,-8,997,-8.05,90.16,-23.52,1.071404,-0.001952,0.243268
295154,2811707031,3349610,2026-10-06T05:17:33.569230+00:00,216873590616567,-137,2103,-306,4337,154,677,-4.795,73.605,-10.71,1.058228,0.037576,0.165188
295155,2811717773,3360352,2026-10-06T05:17:33.569367+00:00,216873590752867,-4,1596,-30,4404,450,453,-0.14,55.86,-1.05,1.074576,0.1098,0.110532
295156,2811727539,3370118,2026-10-06T05:17:33.571987+00:00,216873593375289,65,1056,131,4368,777,210,2.275,36.96,4.585,1.065792,0.189588,0.05124
295157,2811737304,3379883,2026-10-06T05:17:33.613302+00:00,216873634712274,17,469,178,4415,983,40,0.595,16.415,6.23,1.07726,0.239852,0.00976
295158,2811747070,3389649,2026-10-06T05:17:33.613469+00:00,216873634856448,-116,-169,110,4484,1154,-210,-4.06,-5.915,3.85,1.094096,0.281576,-0.05124
295159,2811757812,3400391,2026-10-06T05:17:33.613636+00:00,216873635023983,-406,-996,-5,4642,2059,-1490,-14.21,-34.86,-0.175,1.132648,0.502396,-0.36356
295160,2811767578,3410157,2026-10-06T05:17:33.615025+00:00,216873636428595,-1326,-2424,-45,4207,181,-2636,-46.41,-84.84,-1.575,1.026508,0.044164,-0.643184
295161,2811777343,3419922,2026-10-06T05:17:33.658210+00:00,216873679605793,-1161,-3666,-267,1403,-828,413,-40.635,-128.31,-9.345,0.342332,-0.202032,0.100772
295162,2811782226,3424805,2026-10-06T05:17:33.658392+00:00,216873679779361,-795,-4278,-298,2436,-348,6390,-27.825,-149.73,-10.43,0.594384,-0.084912,1.55916
295163,2811791992,3434571,2026-10-06T05:17:33.658578+00:00,216873679966310,-926,-3830,46,1114,-1191,7840,-32.41,-134.05,1.61,0.271816,-0.290604,1.91296
295164,2811802734,3445313,2026-10-06T05:17:33.660985+00:00,216873682372320,-704,-3504,650,-887,-2407,4888,-24.64,-122.64,22.75,-0.216428,-0.587308,1.192672
295165,2811812500,3455079,2026-10-06T05:17:33.661102+00:00,216873682490500,-125,-3968,1300,-970,-1483,2228,-4.375,-138.88,45.5,-0.23668,-0.361852,0.543632
295166,2811822265,3464844,2026-10-06T05:17:33.703243+00:00,216873724638309,213,-4929,1684,-175,-278,1906,7.455,-172.515,58.94,-0.0427,-0.067832,0.465064
295167,2811832031,3474610,2026-10-06T05:17:33.703396+00:00,216873724784292,582,-5712,1561,1605,1038,3791,20.37,-199.92,54.635,0.39162,0.253272,0.925004
295168,2811842773,3485352,2026-10-06T05:17:33.703714+00:00,216873725102588,705,-6068,1635,10703,6650,12984,24.675,-212.38,57.225,2.611532,1.6226,3.168096
295169,2811852539,3495118,2026-10-06T05:17:33.704945+00:00,216873726334066,-1376,-3293,1228,12001,1598,8019,-48.16,-115.255,42.98,2.928244,0.389912,1.956636
295170,2811862304,3504883,2026-10-06T05:17:33.705122+00:00,216873726510501,-440,-156,104,3997,-405,3173,-15.4,-5.46,3.64,0.975268,-0.09882,0.774212
295171,2811872070,3514649,2026-10-06T05:17:33.793192+00:00,216873814586914,16,94,134,672,841,3546,0.56,3.29,4.69,0.163968,0.205204,0.865224
295172,2811882812,3525391,2026-10-06T05:17:33.793304+00:00,216873814692376,52,-266,72,877,1900,4307,1.82,-9.31,2.52,0.213988,0.4636,1.050908
295173,2811887695,3530274,2026-10-06T05:17:33.793515+00:00,216873814903680,-283,-392,218,406,2020,3158,-9.905,-13.72,7.63,0.099064,0.49288,0.770552
295174,2811897460,3540039,2026-10-06T05:17:33.795115+00:00,216873816503324,-652,-658,413,1401,532,3790,-22.82,-23.03,14.455,0.341844,0.129808,0.92476
295175,2811907226,3549805,2026-10-06T05:17:33.795303+00:00,216873816691762,-599,-578,395,1798,335,3598,-20.965,-20.23,13.825,0.438712,0.08174,0.877912
295176,2811916992,3559571,2026-10-06T05:17:33.795468+00:00,216873816856071,-463,-458,379,2238,895,4020,-16.205,-16.03,13.265,0.546072,0.21838,0.98088
295177,2811927734,3570313,2026-10-06T05:17:33.796961+00:00,216873818349548,-429,-232,296,1566,727,3725,-15.015,-8.12,10.36,0.382104,0.177388,0.9089
295178,2811937500,3580079,2026-10-06T05:17:33.797121+00:00,216873818509136,-404,-192,240,1763,373,3975,-14.14,-6.72,8.4,0.430172,0.091012,0.9699
295179,2811947265,3589844,2026-10-06T05:17:33.797293+00:00,216873818681300,-298,-164,191,1717,414,4038,-10.43,-5.74,6.685,0.418948,0.101016,0.985272
295180,2811957031,3599610,2026-10-06T05:17:33.838198+00:00,216873859595811,-171,-138,115,1667,778,4137,-5.985,-4.83,4.025,0.406748,0.189832,1.009428
295181,2811967773,3610352,2026-10-06T05:17:33.838331+00:00,216873859718806,-156,-122,46,1607,653,4180,-5.46,-4.27,1.61,0.392108,0.159332,1.01992
295182,2811972656,3615235,2026-10-06T05:17:33.838551+00:00,216873859939818,-117,-122,3,1707,476,4181,-4.095,-4.27,0.105,0.416508,0.116144,1.020164
295183,2811982421,3625000,2026-10-06T05:17:33.840046+00:00,216873861434830,-19,-106,-59,1713,443,4240,-0.665,-3.71,-2.065,0.417972,0.108092,1.03456
295184,2811992187,3634766,2026-10-06T05:17:33.840170+00:00,216873861558130,87,-86,-112,1695,465,4096,3.045,-3.01,-3.92,0.41358,0.11346,0.999424
295185,2812001953,3644532,2026-10-06T05:17:33.883768+00:00,216873905176902,181,-69,-160,1751,526,4037,6.335,-2.415,-5.6,0.427244,0.128344,0.985028
295186,2812012695,3655274,2026-10-06T05:17:33.884355+00:00,216873905749436,242,-55,-192,1605,503,4043,8.47,-1.925,-6.72,0.39162,0.122732,0.986492
295187,2812022460,3665039,2026-10-06T05:17:33.884459+00:00,216873905847851,314,-42,-226,1553,573,3865,10.99,-1.47,-7.91,0.378932,0.139812,0.94306
295188,2812032226,3674805,2026-10-06T05:17:33.885193+00:00,216873906583333,360,-28,-236,1572,884,3970,12.6,-0.98,-8.26,0.383568,0.215696,0.96868
295189,2812041992,3684571,2026-10-06T05:17:33.885493+00:00,216873906881936,337,-10,-221,1567,985,3757,11.795,-0.35,-7.735,0.382348,0.24034,0.916708
295190,2812052734,3695313,2026-10-06T05:17:33.928252+00:00,216873949647334,291,-26,-185,1770,1015,3751,10.185,-0.91,-6.475,0.43188,0.24766,0.915244
295191,2812062500,3705079,2026-10-06T05:17:33.928380+00:00,216873949766516,255,-8,-154,1796,982,3787,8.925,-0.28,-5.39,0.438224,0.239608,0.924028
295192,2812072265,3714844,2026-10-06T05:17:33.928452+00:00,216873949838941,222,15,-127,1645,995,3766,7.77,0.525,-4.445,0.40138,0.24278,0.918904
295193,2812082031,3724610,2026-10-06T05:17:33.930013+00:00,216873951401645,174,7,-93,1614,991,3825,6.09,0.245,-3.255,0.393816,0.241804,0.9333
295194,2812087890,3730469,2026-10-06T05:17:33.930214+00:00,216873951602575,130,0,-63,1666,801,3803,4.55,0.0,-2.205,0.406504,0.195444,0.927932
295195,2812097656,3740235,2026-10-06T05:17:33.973269+00:00,216873994664858,125,5,-45,1592,878,3952,4.375,0.175,-1.575,0.388448,0.214232,0.964288
295196,2812107421,3750000,2026-10-06T05:17:33.973433+00:00,216873994820857,105,4,-36,1725,755,3824,3.675,0.14,-1.26,0.4209,0.18422,0.933056
295197,2812117187,3759766,2026-10-06T05:17:33.973692+00:00,216873995080283,98,-42,-20,2108,615,3798,3.43,-1.47,-0.7,0.514352,0.15006,0.926712
295198,2812126953,3769532,2026-10-06T05:17:33.975006+00:00,216873996395102,143,-19,-35,1924,644,3803,5.005,-0.665,-1.225,0.469456,0.157136,0.927932
295199,2812137695,3780274,2026-10-06T05:17:34.018846+00:00,216874040251643,203,38,-66,1497,896,4011,7.105,1.33,-2.31,0.365268,0.218624,0.978684
295200,2812147460,3790039,2026-10-06T05:17:34.019179+00:00,216874040567133,189,5,-40,1401,1047,3915,6.615,0.175,-1.4,0.341844,0.255468,0.95526
295201,2812157226,3799805,2026-10-06T05:17:34.019518+00:00,216874040906502,165,-20,-42,1603,793,3862,5.775,-0.7,-1.47,0.391132,0.193492,0.942328
295202,2812166992,3809571,2026-10-06T05:17:34.019823+00:00,216874041210825,152,-22,-32,1604,899,3974,5.32,-0.77,-1.12,0.391376,0.219356,0.969656
295203,2812172851,3815430,2026-10-06T05:17:34.020177+00:00,216874041579747,111,-49,-25,1769,720,3723,3.885,-1.715,-0.875,0.431636,0.17568,0.908412
295204,2812182617,3825196,2026-10-06T05:17:34.064263+00:00,216874085656871,126,-59,-33,1894,715,3842,4.41,-2.065,-1.155,0.462136,0.17446,0.937448
295205,2812192382,3834961,2026-10-06T05:17:34.064398+00:00,216874085785947,147,-24,-38,1610,766,3820,5.145,-0.84,-1.33,0.39284,0.186904,0.93208
295206,2812202148,3844727,2026-10-06T05:17:34.064537+00:00,216874085926151,142,-30,-27,1621,861,3714,4.97,-1.05,-0.945,0.395524,0.210084,0.906216
295207,2812212890,3855469,2026-10-06T05:17:34.064736+00:00,216874086124319,121,-46,-22,1623,915,3785,4.235,-1.61,-0.77,0.396012,0.22326,0.92354
295208,2812222656,3865235,2026-10-06T05:17:34.066983+00:00,216874088371580,97,-40,-12,1478,923,3793,3.395,-1.4,-0.42,0.360632,0.225212,0.925492
295209,2812232421,3875000,2026-10-06T05:17:34.108168+00:00,216874129563370,72,-64,9,1752,934,3699,2.52,-2.24,0.315,0.427488,0.227896,0.902556
295210,2812242187,3884766,2026-10-06T05:17:34.108275+00:00,216874129661556,51,-70,17,1830,827,3845,1.785,-2.45,0.595,0.44652,0.201788,0.93818
295211,2812251953,3894532,2026-10-06T05:17:34.108491+00:00,216874129879892,61,-47,11,1689,790,3693,2.135,-1.645,0.385,0.412116,0.19276,0.901092
295212,2812262695,3905274,2026-10-06T05:17:34.109989+00:00,216874131378240,55,-63,5,1818,655,3867,1.925,-2.205,0.175,0.443592,0.15982,0.943548
295213,2812272460,3915039,2026-10-06T05:17:34.154283+00:00,216874175678481,87,-30,-8,1614,728,3829,3.045,-1.05,-0.28,0.393816,0.177632,0.934276
295214,2812277343,3919922,2026-10-06T05:17:34.154564+00:00,216874175952838,98,-39,-12,1718,796,3817,3.43,-1.365,-0.42,0.419192,0.194224,0.931348
295215,2812287109,3929688,2026-10-06T05:17:34.154833+00:00,216874176221193,98,-39,-15,1860,738,3811,3.43,-1.365,-0.525,0.45384,0.180072,0.929884
295216,2812297851,3940430,2026-10-06T05:17:34.155113+00:00,216874176501288,112,-12,-23,1830,764,3797,3.92,-0.42,-0.805,0.44652,0.186416,0.926468
295217,2812307617,3950196,2026-10-06T05:17:34.155980+00:00,216874177369845,105,-2,-18,1744,842,3744,3.675,-0.07,-0.63,0.425536,0.205448,0.913536
295218,2812317382,3959961,2026-10-06T05:17:34.198442+00:00,216874219838598,77,-22,-4,1730,856,3761,2.695,-0.77,-0.14,0.42212,0.208864,0.917684
295219,2812327148,3969727,2026-10-06T05:17:34.198584+00:00,216874219972102,54,-16,1,1565,839,3810,1.89,-0.56,0.035,0.38186,0.204716,0.92964
295220,2812337890,3980469,2026-10-06T05:17:34.198763+00:00,216874220150141,32,-30,27,1403,939,3794,1.12,-1.05,0.945,0.342332,0.229116,0.925736
295221,2812347656,3990235,2026-10-06T05:17:34.199949+00:00,216874221337181,-2,-69,36,1592,895,3843,-0.07,-2.415,1.26,0.388448,0.21838,0.937692
295222,2812357421,4000000,2026-10-06T05:17:34.200109+00:00,216874221497172,-5,-89,57,1568,1016,3784,-0.175,-3.115,1.995,0.382592,0.247904,0.923296
295223,2812367187,4009766,2026-10-06T05:17:34.244273+00:00,216874265669677,-35,-125,67,1638,711,3764,-1.225,-4.375,2.345,0.399672,0.173484,0.918416
295224,2812376953,4019532,2026-10-06T05:17:34.244401+00:00,216874265786739,-23,-137,76,1657,847,3874,-0.805,-4.795,2.66,0.404308,0.206668,0.945256
295225,2812382812,4025391,2026-10-06T05:17:34.244526+00:00,216874265913282,-23,-125,74,1521,824,3852,-0.805,-4.375,2.59,0.371124,0.201056,0.939888
295226,2812392578,4035157,2026-10-06T05:17:34.244713+00:00,216874266100952,-27,-134,80,1611,749,3789,-0.945,-4.69,2.8,0.393084,0.182756,0.924516
295227,2812402343,4044922,2026-10-06T05:17:34.247255+00:00,216874268643179,-27,-147,93,1662,846,3957,-0.945,-5.145,3.255,0.405528,0.206424,0.965508
295228,2812412109,4054688,2026-10-06T05:17:34.288181+00:00,216874309575308,-23,-117,84,1636,786,3751,-0.805,-4.095,2.94,0.399184,0.191784,0.915244
295229,2812422851,4065430,2026-10-06T05:17:34.288354+00:00,216874309742058,-31,-158,118,1829,869,3702,-1.085,-5.53,4.13,0.446276,0.212036,0.903288
295230,2812432617,4075196,2026-10-06T05:17:34.288527+00:00,216874309914559,-28,-168,112,1473,727,3885,-0.98,-5.88,3.92,0.359412,0.177388,0.94794
295231,2812442382,4084961,2026-10-06T05:17:34.290066+00:00,216874311455664,6,-166,114,1258,788,3764,0.21,-5.81,3.99,0.306952,0.192272,0.918416
295232,2812452148,4094727,2026-10-06T05:17:34.333238+00:00,216874354631706,-14,-228,172,1333,939,3765,-0.49,-7.98,6.02,0.325252,0.229116,0.91866
295233,2812462890,4105469,2026-10-06T05:17:34.333365+00:00,216874354753071,-33,-268,206,1624,729,3859,-1.155,-9.38,7.21,0.396256,0.177876,0.941596
295234,2812467773,4110352,2026-10-06T05:17:34.379290+00:00,216874400683931,-23,-269,233,1726,758,3819,-0.805,-9.415,8.155,0.421144,0.184952,0.931836
295235,2812477539,4120118,2026-10-06T05:17:34.379438+00:00,216874400824337,0,-271,236,1594,858,3693,0.0,-9.485,8.26,0.388936,0.209352,0.901092
295236,2812487304,4129883,2026-10-06T05:17:34.379599+00:00,216874401017781,8,-303,228,1422,719,3890,0.28,-10.605,7.98,0.346968,0.175436,0.94916
295237,2812497070,4139649,2026-10-06T05:17:34.379903+00:00,216874401292035,8,-334,274,1520,775,3853,0.28,-11.69,9.59,0.37088,0.1891,0.940132
295238,2812507812,4150391,2026-10-06T05:17:34.381078+00:00,216874402465695,13,-339,313,1493,989,3798,0.455,-11.865,10.955,0.364292,0.241316,0.926712
295239,2812517578,4160157,2026-10-06T05:17:34.381310+00:00,216874402697807,-33,-372,340,1644,866,3883,-1.155,-13.02,11.9,0.401136,0.211304,0.947452
295240,2812527343,4169922,2026-10-06T05:17:34.381605+00:00,216874402992616,-33,-383,348,1750,727,3859,-1.155,-13.405,12.18,0.427,0.177388,0.941596
295241,2812537109,4179688,2026-10-06T05:17:34.383190+00:00,216874404579710,-10,-386,348,1830,725,3858,-0.35,-13.51,12.18,0.44652,0.1769,0.941352
295242,2812547851,4190430,2026-10-06T05:17:34.424211+00:00,216874445606379,14,-379,337,1790,733,3846,0.49,-13.265,11.795,0.43676,0.178852,0.938424
295243,2812557617,4200196,2026-10-06T05:17:34.424397+00:00,216874445785920,47,-387,303,1855,652,3919,1.645,-13.545,10.605,0.45262,0.159088,0.956236
295244,2812567382,4209961,2026-10-06T05:17:34.424592+00:00,216874445980294,109,-376,253,1579,629,3938,3.815,-13.16,8.855,0.385276,0.153476,0.960872
295245,2812577148,4219727,2026-10-06T05:17:34.424754+00:00,216874446141441,115,-422,244,1681,755,3926,4.025,-14.77,8.54,0.410164,0.18422,0.957944
295246,2812582031,4224610,2026-10-06T05:17:34.426920+00:00,216874448307703,119,-467,223,1799,619,3917,4.165,-16.345,7.805,0.438956,0.151036,0.955748
295247,2812592773,4235352,2026-10-06T05:17:34.469227+00:00,216874490621119,147,-505,205,1729,699,3913,5.145,-17.675,7.175,0.421876,0.170556,0.954772
295248,2812602539,4245118,2026-10-06T05:17:34.469376+00:00,216874490763318,164,-557,200,1785,715,3864,5.74,-19.495,7.0,0.43554,0.17446,0.942816
295249,2812612304,4254883,2026-10-06T05:17:34.469646+00:00,216874491032809,163,-625,220,1776,834,3988,5.705,-21.875,7.7,0.433344,0.203496,0.973072
295250,2812622070,4264649,2026-10-06T05:17:34.469908+00:00,216874491294609,172,-672,216,1661,742,3858,6.02,-23.52,7.56,0.405284,0.181048,0.941352
295251,2812632812,4275391,2026-10-06T05:17:34.513124+00:00,216874534517227,188,-760,248,1471,943,3810,6.58,-26.6,8.68,0.358924,0.230092,0.92964
295252,2812642578,4285157,2026-10-06T05:17:34.513268+00:00,216874534656906,130,-869,277,1616,551,3618,4.55,-30.415,9.695,0.394304,0.134444,0.882792
295253,2812652343,4294922,2026-10-06T05:17:34.513438+00:00,216874534824364,116,-1069,358,2018,394,3527,4.06,-37.415,12.53,0.492392,0.096136,0.860588
295254,2812662109,4304688,2026-10-06T05:17:34.515003+00:00,216874536390633,189,-1283,371,1951,460,3628,6.615,-44.905,12.985,0.476044,0.11224,0.885232
295255,2812672851,4315430,2026-10-06T05:17:34.515160+00:00,216874536548204,355,-1454,276,1385,935,4335,12.425,-50.89,9.66,0.33794,0.22814,1.05774
295256,2812677734,4320313,2026-10-06T05:17:34.558170+00:00,216874579566790,453,-1610,210,1216,1632,4431,15.855,-56.35,7.35,0.296704,0.398208,1.081164
295257,2812687500,4330079,2026-10-06T05:17:34.558280+00:00,216874579667237,352,-1873,247,1286,1141,3914,12.32,-65.555,8.645,0.313784,0.278404,0.955016
295258,2812697265,4339844,2026-10-06T05:17:34.558434+00:00,216874579822463,397,-2276,344,1717,1060,3863,13.895,-79.66,12.04,0.418948,0.25864,0.942572
295259,2812707031,4349610,2026-10-06T05:17:34.560002+00:00,216874581389968,458,-2619,402,1501,756,3856,16.03,-91.665,14.07,0.366244,0.184464,0.940864
295260,2812717773,4360352,2026-10-06T05:17:34.560190+00:00,216874581578602,498,-3002,442,1807,1081,4203,17.43,-105.07,15.47,0.440908,0.263764,1.025532
295261,2812727539,4370118,2026-10-06T05:17:34.603093+00:00,216874624490854,406,-3301,420,1577,889,4146,14.21,-115.535,14.7,0.384788,0.216916,1.011624
295262,2812737304,4379883,2026-10-06T05:17:34.603233+00:00,216874624621086,347,-3665,374,1637,626,3921,12.145,-128.275,13.09,0.399428,0.152744,0.956724
295263,2812747070,4389649,2026-10-06T05:17:34.603420+00:00,216874624806850,307,-4062,369,1750,503,4038,10.745,-142.17,12.915,0.427,0.122732,0.985272
295264,2812757812,4400391,2026-10-06T05:17:34.605028+00:00,216874626417204,279,-4427,414,2068,441,3922,9.765,-154.945,14.49,0.504592,0.107604,0.956968
295265,2812767578,4410157,2026-10-06T05:17:34.648097+00:00,216874669492500,292,-4824,509,2091,763,3774,10.22,-168.84,17.815,0.510204,0.186172,0.920856
295266,2812777343,4419922,2026-10-06T05:17:34.648252+00:00,216874669639476,169,-5263,593,1808,654,3692,5.915,-184.205,20.755,0.441152,0.159576,0.900848
295267,2812782226,4424805,2026-10-06T05:17:34.648422+00:00,216874669808735,129,-5730,648,1875,622,3666,4.515,-200.55,22.68,0.4575,0.151768,0.894504
295268,2812791992,4434571,2026-10-06T05:17:34.654036+00:00,216874675432123,166,-6154,741,2101,848,3707,5.81,-215.39,25.935,0.512644,0.206912,0.904508
295269,2812802734,4445313,2026-10-06T05:17:34.654187+00:00,216874675573832,126,-6511,852,2177,900,3458,4.41,-227.885,29.82,0.531188,0.2196,0.843752
295270,2812812500,4455079,2026-10-06T05:17:34.694373+00:00,216874715799138,96,-6885,944,2587,963,3473,3.36,-240.975,33.04,0.631228,0.234972,0.847412
295271,2812822265,4464844,2026-10-06T05:17:34.695303+00:00,216874716710353,81,-7172,989,3147,739,3436,2.835,-251.02,34.615,0.767868,0.180316,0.838384
295272,2812832031,4474610,2026-10-06T05:17:34.696026+00:00,216874717430795,236,-7308,1024,3646,526,3771,8.26,-255.78,35.84,0.889624,0.128344,0.920124
295273,2812842773,4485352,2026-10-06T05:17:34.696665+00:00,216874718070004,512,-7326,1045,4231,279,3699,17.92,-256.41,36.575,1.032364,0.068076,0.902556
295274,2812852539,4495118,2026-10-06T05:17:34.697236+00:00,216874718641633,1110,-7314,989,4814,611,3629,38.85,-255.99,34.615,1.174616,0.149084,0.885476
295275,2812862304,4504883,2026-10-06T05:17:34.738097+00:00,216874759489858,1594,-7237,1019,4735,777,3576,55.79,-253.295,35.665,1.15534,0.189588,0.872544
295276,2812872070,4514649,2026-10-06T05:17:34.738265+00:00,216874759653478,2052,-7168,1104,5099,1108,3559,71.82,-250.88,38.64,1.244156,0.270352,0.868396
295277,2812882812,4525391,2026-10-06T05:17:34.738502+00:00,216874759889558,2267,-7071,1310,5374,1741,3840,79.345,-247.485,45.85,1.311256,0.424804,0.93696
295278,2812887695,4530274,2026-10-06T05:17:34.739954+00:00,216874761342758,2077,-6722,1629,6247,1464,4993,72.695,-235.27,57.015,1.524268,0.357216,1.218292
295279,2812897460,4540039,2026-10-06T05:17:34.740117+00:00,216874761503252,2298,-5980,1771,5501,1768,4888,80.43,-209.3,61.985,1.342244,0.431392,1.192672
295280,2812907226,4549805,2026-10-06T05:17:34.783157+00:00,216874804551468,2519,-5383,1945,4825,1498,4430,88.165,-188.405,68.075,1.1773,0.365512,1.08092
295281,2812916992,4559571,2026-10-06T05:17:34.783306+00:00,216874804693391,2583,-4742,2273,5235,303,5519,90.405,-165.97,79.555,1.27734,0.073932,1.346636
295282,2812927734,4570313,2026-10-06T05:17:34.783512+00:00,216874804900237,2653,-3622,2795,4514,421,5238,92.855,-126.77,97.825,1.101416,0.102724,1.278072
295283,2812937500,4580079,2026-10-06T05:17:34.785039+00:00,216874806430651,2805,-2417,3345,3238,1297,5930,98.175,-84.595,117.075,0.790072,0.316468,1.44692
295284,2812947265,4589844,2026-10-06T05:17:34.829267+00:00,216874850658922,2555,-1065,3930,4271,1626,7565,89.425,-37.275,137.55,1.042124,0.396744,1.84586
295285,2812957031,4599610,2026-10-06T05:17:34.829388+00:00,216874850777119,1920,295,4413,1668,802,5486,67.2,10.325,154.455,0.406992,0.195688,1.338584
295286,2812967773,4610352,2026-10-06T05:17:34.829613+00:00,216874850999530,1778,935,4581,1868,1178,4789,62.23,32.725,160.335,0.455792,0.287432,1.168516
295287,2812972656,4615235,2026-10-06T05:17:34.829782+00:00,216874851168368,1797,1487,4410,562,2118,3978,62.895,52.045,154.35,0.137128,0.516792,0.970632
295288,2812982421,4625000,2026-10-06T05:17:34.831930+00:00,216874853317602,1586,1738,3998,-488,2854,2772,55.51,60.83,139.93,-0.119072,0.696376,0.676368
295289,2812992187,4634766,2026-10-06T05:17:34.873229+00:00,216874894625756,1172,1582,3368,-295,3020,2368,41.02,55.37,117.88,-0.07198,0.73688,0.577792
295290,2813001953,4644532,2026-10-06T05:17:34.873365+00:00,216874894753446,930,1426,2530,354,2813,2728,32.55,49.91,88.55,0.086376,0.686372,0.665632
295291,2813012695,4655274,2026-10-06T05:17:34.873688+00:00,216874895075877,975,1502,1522,962,2880,3120,34.125,52.57,53.27,0.234728,0.70272,0.76128
295292,2813022460,4665039,2026-10-06T05:17:34.875125+00:00,216874896515262,1039,1770,464,1458,3138,3431,36.365,61.95,16.24,0.355752,0.765672,0.837164
295293,2813032226,4674805,2026-10-06T05:17:34.875229+00:00,216874896618346,895,2155,-483,1782,3059,3652,31.325,75.425,-16.905,0.434808,0.746396,0.891088
295294,2813041992,4684571,2026-10-06T05:17:34.919198+00:00,216874940594228,624,2600,-1235,1966,2436,3669,21.84,91.0,-43.225,0.479704,0.594384,0.895236
295295,2813052734,4695313,2026-10-06T05:17:34.919427+00:00,216874940816365,433,3044,-1769,1968,1647,3475,15.155,106.54,-61.915,0.480192,0.401868,0.8479
295296,2813062500,4705079,2026-10-06T05:17:34.919601+00:00,216874940988792,412,3411,-2096,2000,970,3320,14.42,119.385,-73.36,0.488,0.23668,0.81008
295297,2813072265,4714844,2026-10-06T05:17:34.919801+00:00,216874941189072,528,3707,-2225,2086,563,3213,18.48,129.745,-77.875,0.508984,0.137372,0.783972
295298,2813082031,4724610,2026-10-06T05:17:34.964289+00:00,216874985682477,653,3938,-2203,2230,376,3163,22.855,137.83,-77.105,0.54412,0.091744,0.771772
295299,2813087890,4730469,2026-10-06T05:17:34.964417+00:00,216874985805440,723,4123,-2081,2431,383,3225,25.305,144.305,-72.835,0.593164,0.093452,0.7869
295300,2813097656,4740235,2026-10-06T05:17:34.964612+00:00,216874985999584,712,4296,-1931,2702,390,3374,24.92,150.36,-67.585,0.659288,0.09516,0.823256
295301,2813107421,4750000,2026-10-06T05:17:34.964925+00:00,216874986313245,671,4489,-1834,2910,331,3515,23.485,157.115,-64.19,0.71004,0.080764,0.85766
295302,2813117187,4759766,2026-10-06T05:17:34.967509+00:00,216874988922013,658,4699,-1827,3035,210,3630,23.03,164.465,-63.945,0.74054,0.05124,0.88572
295303,2813126953,4769532,2026-10-06T05:17:35.008134+00:00,216875029527421,712,4916,-1896,3234,146,3805,24.92,172.06,-66.36,0.789096,0.035624,0.92842
295304,2813137695,4780274,2026-10-06T05:17:35.008248+00:00,216875029634771,765,5157,-1989,3333,224,3841,26.775,180.495,-69.615,0.813252,0.054656,0.937204
295305,2813147460,4790039,2026-10-06T05:17:35.008441+00:00,216875029829852,732,5375,-2056,3312,364,3792,25.62,188.125,-71.96,0.808128,0.088816,0.925248
295306,2813157226,4799805,2026-10-06T05:17:35.009920+00:00,216875031310284,607,5531,-2099,3196,550,3683,21.245,193.585,-73.465,0.779824,0.1342,0.898652
295307,2813166992,4809571,2026-10-06T05:17:35.010082+00:00,216875031468587,418,5605,-2146,3057,643,3631,14.63,196.175,-75.11,0.745908,0.156892,0.885964
295308,2813172851,4815430,2026-10-06T05:17:35.053170+00:00,216875074565747,254,5617,-2227,2985,549,3665,8.89,196.595,-77.945,0.72834,0.133956,0.89426
295309,2813182617,4825196,2026-10-06T05:17:35.053298+00:00,216875074685715,213,5616,-2329,2987,583,3789,7.455,196.56,-81.515,0.728828,0.142252,0.924516
295310,2813192382,4834961,2026-10-06T05:17:35.053470+00:00,216875074858963,216,5621,-2426,2987,689,3952,7.56,196.735,-84.91,0.728828,0.168116,0.964288
295311,2813202148,4844727,2026-10-06T05:17:35.054970+00:00,216875076358560,208,5634,-2501,3062,852,4099,7.28,197.19,-87.535,0.747128,0.207888,1.000156
295312,2813212890,4855469,2026-10-06T05:17:35.055132+00:00,216875076521257,173,5660,-2557,3178,1156,4225,6.055,198.1,-89.495,0.775432,0.282064,1.0309
295313,2813222656,4865235,2026-10-06T05:17:35.143119+00:00,216875164512565,79,5687,-2644,3240,1423,4275,2.765,199.045,-92.54,0.79056,0.347212,1.0431
295314,2813232421,4875000,2026-10-06T05:17:35.143235+00:00,216875164620884,-35,5692,-2801,3276,1634,4318,-1.225,199.22,-98.035,0.799344,0.398696,1.053592
295315,2813242187,4884766,2026-10-06T05:17:35.143363+00:00,216875164751778,-145,5669,-3039,3363,1795,4421,-5.075,198.415,-106.365,0.820572,0.43798,1.078724
295316,2813251953,4894532,2026-10-06T05:17:35.146076+00:00,216875167462693,-234,5632,-3355,3567,1939,4572,-8.19,197.12,-117.425,0.870348,0.473116,1.115568
295317,2813262695,4905274,2026-10-06T05:17:35.146163+00:00,216875167550028,-322,5606,-3715,3936,2083,4808,-11.27,196.21,-130.025,0.960384,0.508252,1.173152
295318,2813272460,4915039,2026-10-06T05:17:35.146343+00:00,216875167730872,-448,5632,-4079,4416,2235,5037,-15.68,197.12,-142.765,1.077504,0.54534,1.229028
295319,2813277343,4919922,2026-10-06T05:17:35.146508+00:00,216875167894951,-681,5716,-4399,4696,2196,5067,-23.835,200.06,-153.965,1.145824,0.535824,1.236348
295320,2813287109,4929688,2026-10-06T05:17:35.146655+00:00,216875168040681,-953,5789,-4645,4813,1796,4877,-33.355,202.615,-162.575,1.174372,0.438224,1.189988
295321,2813297851,4940430,2026-10-06T05:17:35.148944+00:00,216875170331245,-1123,5787,-4798,4844,1394,4519,-39.305,202.545,-167.93,1.181936,0.340136,1.102636
295322,2813307617,4950196,2026-10-06T05:17:35.188198+00:00,216875209590241,-1203,5668,-4847,4984,939,4150,-42.105,198.38,-169.645,1.216096,0.229116,1.0126
295323,2813317382,4959961,2026-10-06T05:17:35.188320+00:00,216875209708212,-1206,5456,-4785,5196,511,3709,-42.21,190.96,-167.475,1.267824,0.124684,0.904996
295324,2813327148,4969727,2026-10-06T05:17:35.188510+00:00,216875209898124,-1146,5165,-4592,5560,266,3264,-40.11,180.775,-160.72,1.35664,0.064904,0.796416
295325,2813337890,4980469,2026-10-06T05:17:35.190121+00:00,216875211509777,-1105,4818,-4259,5921,133,2703,-38.675,168.63,-149.065,1.444724,0.032452,0.659532
295326,2813347656,4990235,2026-10-06T05:17:35.190298+00:00,216875211685856,-1125,4403,-3803,6027,-35,1918,-39.375,154.105,-133.105,1.470588,-0.00854,0.467992
295327,2813357421,5000000,2026-10-06T05:17:35.233164+00:00,216875254559375,-1139,3882,-3245,5991,-348,1138,-39.865,135.87,-113.575,1.461804,-0.084912,0.277672
295328,2813367187,5009766,2026-10-06T05:17:35.233294+00:00,216875254683490,-1004,3281,-2621,6072,-590,479,-35.14,114.835,-91.735,1.481568,-0.14396,0.116876
295329,2813376953,5019532,2026-10-06T05:17:35.233445+00:00,216875254832621,-738,2646,-1968,6430,-587,207,-25.83,92.61,-68.88,1.56892,-0.143228,0.050508
295330,2813382812,5025391,2026-10-06T05:17:35.239030+00:00,216875260425775,-436,2112,-1330,7198,-678,354,-15.26,73.92,-46.55,1.756312,-0.165432,0.086376
295331,2813392578,5035157,2026-10-06T05:17:35.239180+00:00,216875260568649,-75,1819,-805,7807,-661,260,-2.625,63.665,-28.175,1.904908,-0.161284,0.06344
295332,2813402343,5044922,2026-10-06T05:17:35.278129+00:00,216875299523456,186,1652,-382,7361,-260,-726,6.51,57.82,-13.37,1.796084,-0.06344,-0.177144
295333,2813412109,5054688,2026-10-06T05:17:35.278251+00:00,216875299638583,204,1196,-10,6401,176,-2063,7.14,41.86,-0.35,1.561844,0.042944,-0.503372
295334,2813422851,5065430,2026-10-06T05:17:35.278368+00:00,216875299754051,14,255,334,5990,399,-2918,0.49,8.925,11.69,1.46156,0.097356,-0.711992
295335,2813432617,5075196,2026-10-06T05:17:35.280053+00:00,216875301440356,-193,-994,600,6143,818,-3524,-6.755,-34.79,21.0,1.498892,0.199592,-0.859856
295336,2813442382,5084961,2026-10-06T05:17:35.325115+00:00,216875346542644,-557,-2653,805,4023,74,-2626,-19.495,-92.855,28.175,0.981612,0.018056,-0.640744
295337,2813452148,5094727,2026-10-06T05:17:35.327379+00:00,216875348796964,-284,-3602,776,1926,1182,4179,-9.94,-126.07,27.16,0.469944,0.288408,1.019676
295338,2813462890,5105469,2026-10-06T05:17:35.328807+00:00,216875350222614,-534,-3575,738,900,196,9327,-18.69,-125.125,25.83,0.2196,0.047824,2.275788
295339,2813467773,5110352,2026-10-06T05:17:35.329713+00:00,216875351128853,-113,-2986,576,-2703,65,6667,-3.955,-104.51,20.16,-0.659532,0.01586,1.626748
295340,2813477539,5120118,2026-10-06T05:17:35.330579+00:00,216875351994232,-41,-3569,917,-3054,-382,1712,-1.435,-124.915,32.095,-0.745176,-0.093208,0.417728
295341,2813487304,5129883,2026-10-06T05:17:35.368300+00:00,216875389700436,-104,-5021,1431,-931,-330,1590,-3.64,-175.735,50.085,-0.227164,-0.08052,0.38796
295342,2813497070,5139649,2026-10-06T05:17:35.368529+00:00,216875389920728,133,-6078,1509,4024,1060,5606,4.655,-212.73,52.815,0.981856,0.25864,1.367864
295343,2813507812,5150391,2026-10-06T05:17:35.368789+00:00,216875390180051,504,-5433,948,6900,2122,7384,17.64,-190.155,33.18,1.6836,0.517768,1.801696
295344,2813517578,5160157,2026-10-06T05:17:35.370437+00:00,216875391831441,508,-3916,261,5359,1233,6109,17.78,-137.06,9.135,1.307596,0.300852,1.490596
295345,2813527343,5169922,2026-10-06T05:17:35.370642+00:00,216875392032157,694,-2941,-165,3227,988,4871,24.29,-102.935,-5.775,0.787388,0.241072,1.188524
295346,2813537109,5179688,2026-10-06T05:17:35.414204+00:00,216875435597389,556,-2647,24,2720,402,5067,19.46,-92.645,0.84,0.66368,0.098088,1.236348
295347,2813547851,5190430,2026-10-06T05:17:35.414494+00:00,216875435882897,217,-2382,600,4495,1025,6272,7.595,-83.37,21.0,1.09678,0.2501,1.530368
295348,2813557617,5200196,2026-10-06T05:17:35.414747+00:00,216875436148523,228,-1511,531,2699,2379,4425,7.98,-52.885,18.585,0.658556,0.580476,1.0797
295349,2813567382,5209961,2026-10-06T05:17:35.414962+00:00,216875436350499,20,-1238,298,1614,1724,3917,0.7,-43.33,10.43,0.393816,0.420656,0.955748
295350,2813577148,5219727,2026-10-06T05:17:35.458184+00:00,216875479579813,-188,-1122,216,1795,1111,4190,-6.58,-39.27,7.56,0.43798,0.271084,1.02236
295351,2813587890,5230469,2026-10-06T05:17:35.458294+00:00,216875479681798,-261,-919,273,2259,882,4254,-9.135,-32.165,9.555,0.551196,0.215208,1.037976
295352,2813592773,5235352,2026-10-06T05:17:35.458513+00:00,216875479901350,-210,-646,294,1828,1340,4088,-7.35,-22.61,10.29,0.446032,0.32696,0.997472
295353,2813602539,5245118,2026-10-06T05:17:35.460006+00:00,216875481393895,-255,-496,250,1395,1603,4014,-8.925,-17.36,8.75,0.34038,0.391132,0.979416
295354,2813612304,5254883,2026-10-06T05:17:35.460210+00:00,216875481598616,-397,-517,225,1851,1149,4012,-13.895,-18.095,7.875,0.451644,0.280356,0.978928
295355,2813622070,5264649,2026-10-06T05:17:35.503271+00:00,216875524667595,-417,-455,209,2070,832,4195,-14.595,-15.925,7.315,0.50508,0.203008,1.02358
295356,2813632812,5275391,2026-10-06T05:17:35.503410+00:00,216875524798388,-332,-310,144,1741,811,4367,-11.62,-10.85,5.04,0.424804,0.197884,1.065548
295357,2813642578,5285157,2026-10-06T05:17:35.503618+00:00,216875525015026,-278,-249,96,1493,528,3899,-9.73,-8.715,3.36,0.364292,0.128832,0.951356
295358,2813652343,5294922,2026-10-06T05:17:35.505038+00:00,216875526429677,-192,-271,50,1907,495,4144,-6.72,-9.485,1.75,0.465308,0.12078,1.011136
295359,2813662109,5304688,2026-10-06T05:17:35.505236+00:00,216875526624754,-83,-210,-22,1712,311,4048,-2.905,-7.35,-0.77,0.417728,0.075884,0.987712
295360,2813672851,5315430,2026-10-06T05:17:35.549154+00:00,216875570546504,61,-165,-93,1731,315,4121,2.135,-5.775,-3.255,0.422364,0.07686,1.005524
295361,2813677734,5320313,2026-10-06T05:17:35.549325+00:00,216875570712532,221,-91,-159,1873,475,4126,7.735,-3.185,-5.565,0.457012,0.1159,1.006744
295362,2813687500,5330079,2026-10-06T05:17:35.549517+00:00,216875570906308,355,14,-213,1641,662,3947,12.425,0.49,-7.455,0.400404,0.161528,0.963068
295363,2813697265,5339844,2026-10-06T05:17:35.551056+00:00,216875572445628,404,51,-223,1534,902,3828,14.14,1.785,-7.805,0.374296,0.220088,0.934032
295364,2813707031,5349610,2026-10-06T05:17:35.551271+00:00,216875572660729,387,46,-216,1759,979,3719,13.545,1.61,-7.56,0.429196,0.238876,0.907436
295365,2813717773,5360352,2026-10-06T05:17:35.640740+00:00,216875662137955,341,63,-183,1612,1052,3714,11.935,2.205,-6.405,0.393328,0.256688,0.906216
295366,2813727539,5370118,2026-10-06T05:17:35.640856+00:00,216875662244943,278,56,-147,1609,1012,3676,9.73,1.96,-5.145,0.392596,0.246928,0.896944
295367,2813737304,5379883,2026-10-06T05:17:35.640964+00:00,216875662352163,233,47,-113,1440,1127,3988,8.155,1.645,-3.955,0.35136,0.274988,0.973072
295368,2813747070,5389649,2026-10-06T05:17:35.641715+00:00,216875663111849,184,53,-89,1208,1071,3781,6.44,1.855,-3.115,0.294752,0.261324,0.922564
295369,2813757812,5400391,2026-10-06T05:17:35.642689+00:00,216875664085167,124,-2,-39,1344,1153,3982,4.34,-0.07,-1.365,0.327936,0.281332,0.971608
295370,2813767578,5410157,2026-10-06T05:17:35.642843+00:00,216875664230794,61,-21,-21,1462,874,3788,2.135,-0.735,-0.735,0.356728,0.213256,0.924272
295371,2813777343,5419922,2026-10-06T05:17:35.643226+00:00,216875664613529,30,-75,8,1988,756,3850,1.05,-2.625,0.28,0.485072,0.184464,0.9394
295372,2813782226,5424805,2026-10-06T05:17:35.643439+00:00,216875664827725,65,-41,-15,1968,693,3930,2.275,-1.435,-0.525,0.480192,0.169092,0.95892
295373,2813791992,5434571,2026-10-06T05:17:35.684919+00:00,216875706327949,142,29,-37,1539,811,3985,4.97,1.015,-1.295,0.375516,0.197884,0.97234
295374,2813802734,5445313,2026-10-06T05:17:35.685263+00:00,216875706652204,179,14,-38,1648,1054,3747,6.265,0.49,-1.33,0.402112,0.257176,0.914268
295375,2813812500,5455079,2026-10-06T05:17:35.686473+00:00,216875707873079,161,-7,-48,1684,952,3957,5.635,-0.245,-1.68,0.410896,0.232288,0.965508
295376,2813822265,5464844,2026-10-06T05:17:35.686607+00:00,216875707995311,154,6,-45,1266,961,3987,5.39,0.21,-1.575,0.308904,0.234484,0.972828
295377,2813832031,5474610,2026-10-06T05:17:35.686894+00:00,216875708282716,118,-36,-38,1502,761,3753,4.13,-1.26,-1.33,0.366488,0.185684,0.915732
295378,2813842773,5485352,2026-10-06T05:17:35.687223+00:00,216875708610603,124,-77,-32,1994,878,3924,4.34,-2.695,-1.12,0.486536,0.214232,0.957456
295379,2813852539,5495118,2026-10-06T05:17:35.728195+00:00,216875749586982,133,-30,-48,1737,648,3805,4.655,-1.05,-1.68,0.423828,0.158112,0.92842
295380,2813862304,5504883,2026-10-06T05:17:35.728322+00:00,216875749710270,178,-17,-51,1680,791,3815,6.23,-0.595,-1.785,0.40992,0.193004,0.93086
295381,2813872070,5514649,2026-10-06T05:17:35.728586+00:00,216875749974400,205,-3,-49,1574,950,3839,7.175,-0.105,-1.715,0.384056,0.2318,0.936716
295382,2813882812,5525391,2026-10-06T05:17:35.730959+00:00,216875752346238,210,6,-51,1456,964,3816,7.35,0.21,-1.785,0.355264,0.235216,0.931104
295383,2813887695,5530274,2026-10-06T05:17:35.731139+00:00,216875752527779,199,-2,-44,1567,952,3714,6.965,-0.07,-1.54,0.382348,0.232288,0.906216
295384,2813897460,5540039,2026-10-06T05:17:35.773131+00:00,216875794528966,173,-27,-23,1679,1054,3622,6.055,-0.945,-0.805,0.409676,0.257176,0.883768
295385,2813907226,5549805,2026-10-06T05:17:35.773344+00:00,216875794732705,118,-61,-11,1686,965,3720,4.13,-2.135,-0.385,0.411384,0.23546,0.90768
295386,2813916992,5559571,2026-10-06T05:17:35.773592+00:00,216875794979882,93,-61,-5,1402,981,3836,3.255,-2.135,-0.175,0.342088,0.239364,0.935984
295387,2813927734,5570313,2026-10-06T05:17:35.775040+00:00,216875796431544,52,-100,21,1452,996,3611,1.82,-3.5,0.735,0.354288,0.243024,0.881084
295388,2813937500,5580079,2026-10-06T05:17:35.863187+00:00,216875884581906,-8,-155,39,1789,936,3785,-0.28,-5.425,1.365,0.436516,0.228384,0.92354
295389,2813947265,5589844,2026-10-06T05:17:35.863309+00:00,216875884695784,-35,-118,32,1296,795,4033,-1.225,-4.13,1.12,0.316224,0.19398,0.984052
295390,2813957031,5599610,2026-10-06T05:17:35.863486+00:00,216875884873339,-4,-130,47,1639,791,3788,-0.14,-4.55,1.645,0.399916,0.193004,0.924272
295391,2813967773,5610352,2026-10-06T05:17:35.864994+00:00,216875886380675,50,-109,32,2002,934,3997,1.75,-3.815,1.12,0.488488,0.227896,0.975268
295392,2813972656,5615235,2026-10-06T05:17:35.865152+00:00,216875886540864,98,-28,-8,1570,790,3817,3.43,-0.98,-0.28,0.38308,0.19276,0.931348
295393,2813982421,5625000,2026-10-06T05:17:35.865296+00:00,216875886685057,116,-37,-16,1657,775,3817,4.06,-1.295,-0.56,0.404308,0.1891,0.931348
295394,2813992187,5634766,2026-10-06T05:17:35.868940+00:00,216875890342007,134,-28,-19,1515,878,3898,4.69,-0.98,-0.665,0.36966,0.214232,0.951112
295395,2814001953,5644532,2026-10-06T05:17:35.869190+00:00,216875890578053,129,-37,-17,1438,869,3838,4.515,-1.295,-0.595,0.350872,0.212036,0.936472
295396,2814012695,5655274,2026-10-06T05:17:35.869481+00:00,216875890868096,117,-70,-10,1602,863,3808,4.095,-2.45,-0.35,0.390888,0.210572,0.929152
295397,2814022460,5665039,2026-10-06T05:17:35.869793+00:00,216875891179823,105,-99,5,1654,915,3825,3.675,-3.465,0.175,0.403576,0.22326,0.9333
295398,2814032226,5674805,2026-10-06T05:17:35.954089+00:00,216875975484787,83,-110,4,1557,819,3801,2.905,-3.85,0.14,0.379908,0.199836,0.927444
295399,2814041992,5684571,2026-10-06T05:17:35.999304+00:00,216876020696869,81,-128,7,1610,855,3720,2.835,-4.48,0.245,0.39284,0.20862,0.90768
295400,2814052734,5695313,2026-10-06T05:17:35.999449+00:00,216876020836884,74,-150,19,1433,936,3839,2.59,-5.25,0.665,0.349652,0.228384,0.936716
295401,2814062500,5705079,2026-10-06T05:17:35.999643+00:00,216876021032146,72,-176,26,1396,968,3805,2.52,-6.16,0.91,0.340624,0.236192,0.92842
295402,2814072265,5714844,2026-10-06T05:17:35.999941+00:00,216876021330452,51,-219,47,1615,988,3834,1.785,-7.665,1.645,0.39406,0.241072,0.935496
295403,2814082031,5724610,2026-10-06T05:17:36.001810+00:00,216876023211102,42,-228,54,1533,1003,3752,1.47,-7.98,1.89,0.374052,0.244732,0.915488
295404,2814087890,5730469,2026-10-06T05:17:36.002003+00:00,216876023391277,19,-264,62,1609,956,3780,0.665,-9.24,2.17,0.392596,0.233264,0.92232
295405,2814097656,5740235,2026-10-06T05:17:36.002205+00:00,216876023593816,5,-277,71,1698,928,3887,0.175,-9.695,2.485,0.414312,0.226432,0.948428
295406,2814107421,5750000,2026-10-06T05:17:36.002374+00:00,216876023762013,15,-252,59,1557,914,3784,0.525,-8.82,2.065,0.379908,0.223016,0.923296
295407,2814117187,5759766,2026-10-06T05:17:36.002968+00:00,216876024356271,20,-258,66,1421,949,3736,0.7,-9.03,2.31,0.346724,0.231556,0.911584
295408,2814126953,5769532,2026-10-06T05:17:36.003143+00:00,216876024530862,-3,-301,106,1435,1048,3907,-0.105,-10.535,3.71,0.35014,0.255712,0.953308
295409,2814137695,5780274,2026-10-06T05:17:36.005032+00:00,216876026421791,-26,-317,128,1644,868,3653,-0.91,-11.095,4.48,0.401136,0.211792,0.891332
295410,2814147460,5790039,2026-10-06T05:17:36.005305+00:00,216876026692049,-36,-339,160,1676,1011,3919,-1.26,-11.865,5.6,0.408944,0.246684,0.956236
295411,2814157226,5799805,2026-10-06T05:17:36.005628+00:00,216876027018107,-33,-327,145,1476,853,3750,-1.155,-11.445,5.075,0.360144,0.208132,0.915
295412,2814166992,5809571,2026-10-06T05:17:36.045990+00:00,216876067414662,-25,-363,159,1592,872,3882,-0.875,-12.705,5.565,0.388448,0.212768,0.947208
295413,2814172851,5815430,2026-10-06T05:17:36.046840+00:00,216876068259025,-6,-357,155,1382,860,3814,-0.21,-12.495,5.425,0.337208,0.20984,0.930616
295414,2814182617,5825196,2026-10-06T05:17:36.047831+00:00,216876069247673,9,-379,160,1280,886,3835,0.315,-13.265,5.6,0.31232,0.216184,0.93574
295415,2814192382,5834961,2026-10-06T05:17:36.048711+00:00,216876070128973,-32,-430,231,1598,980,3886,-1.12,-15.05,8.085,0.389912,0.23912,0.948184
295416,2814202148,5844727,2026-10-06T05:17:36.049536+00:00,216876070955152,-104,-428,307,1755,852,3766,-3.64,-14.98,10.745,0.42822,0.207888,0.918904
295417,2814212890,5855469,2026-10-06T05:17:36.089056+00:00,216876110466129,-99,-399,348,1491,1044,3969,-3.465,-13.965,12.18,0.363804,0.254736,0.968436
295418,2814222656,5865235,2026-10-06T05:17:36.090272+00:00,216876111673609,-111,-382,375,1416,869,3713,-3.885,-13.37,13.125,0.345504,0.212036,0.905972
295419,2814232421,5875000,2026-10-06T05:17:36.091177+00:00,216876112578963,-128,-445,448,1856,888,3875,-4.48,-15.575,15.68,0.452864,0.216672,0.9455
295420,2814242187,5884766,2026-10-06T05:17:36.091711+00:00,216876113110020,-97,-416,436,1458,1033,3948,-3.395,-14.56,15.26,0.355752,0.252052,0.963312
295421,2814251953,5894532,2026-10-06T05:17:36.133852+00:00,216876155268140,-75,-447,395,1640,782,3879,-2.625,-15.645,13.825,0.40016,0.190808,0.946476
295422,2814262695,5905274,2026-10-06T05:17:36.135089+00:00,216876156500737,-35,-496,405,1897,715,3895,-1.225,-17.36,14.175,0.462868,0.17446,0.95038
295423,2814272460,5915039,2026-10-06T05:17:36.138588+00:00,216876159999739,16,-512,384,1868,769,3823,0.56,-17.92,13.44,0.455792,0.187636,0.932812
295424,2814277343,5919922,2026-10-06T05:17:36.138940+00:00,216876160343325,36,-541,376,1708,768,3830,1.26,-18.935,13.16,0.416752,0.187392,0.93452
295425,2814287109,5929688,2026-10-06T05:17:36.139164+00:00,216876160561450,54,-585,386,1758,841,3973,1.89,-20.475,13.51,0.428952,0.205204,0.969412
295426,2814297851,5940430,2026-10-06T05:17:36.179310+00:00,216876200726988,56,-601,380,1680,863,3859,1.96,-21.035,13.3,0.40992,0.210572,0.941596
295427,2814307617,5950196,2026-10-06T05:17:36.183563+00:00,216876204983191,61,-661,388,1943,800,3848,2.135,-23.135,13.58,0.474092,0.1952,0.938912
295428,2814317382,5959961,2026-10-06T05:17:36.184875+00:00,216876206283684,89,-697,393,1918,732,3773,3.115,-24.395,13.755,0.467992,0.178608,0.920612
295429,2814327148,5969727,2026-10-06T05:17:36.185838+00:00,216876207248717,120,-754,381,1787,644,3686,4.2,-26.39,13.335,0.436028,0.157136,0.899384
295430,2814337890,5980469,2026-10-06T05:17:36.187512+00:00,216876208930915,109,-913,424,1691,743,3609,3.815,-31.955,14.84,0.412604,0.181292,0.880596
295431,2814347656,5990235,2026-10-06T05:17:36.225526+00:00,216876246944187,103,-1128,464,1715,502,3622,3.605,-39.48,16.24,0.41846,0.122488,0.883768
295432,2814357421,6000000,2026-10-06T05:17:36.271723+00:00,216876293147403,228,-1302,443,1455,1029,4072,7.98,-45.57,15.505,0.35502,0.251076,0.993568
295433,2814367187,6009766,2026-10-06T05:17:36.273013+00:00,216876294425818,285,-1447,378,1433,1084,4274,9.975,-50.645,13.23,0.349652,0.264496,1.042856
295434,2814376953,6019532,2026-10-06T05:17:36.274093+00:00,216876295500187,399,-1599,369,1351,1267,4048,13.965,-55.965,12.915,0.329644,0.309148,0.987712
295435,2814382812,6025391,2026-10-06T05:17:36.274696+00:00,216876296101718,400,-1855,448,1578,1334,3765,14.0,-64.925,15.68,0.385032,0.325496,0.91866
295436,2814392578,6035157,2026-10-06T05:17:36.275380+00:00,216876296785723,360,-2186,523,1798,896,3920,12.6,-76.51,18.305,0.438712,0.218624,0.95648
295437,2814402343,6044922,2026-10-06T05:17:36.276103+00:00,216876297504967,466,-2463,545,1335,657,3888,16.31,-86.205,19.075,0.32574,0.160308,0.948672
295438,2814412109,6054688,2026-10-06T05:17:36.276721+00:00,216876298122034,579,-2808,527,1508,946,4031,20.265,-98.28,18.445,0.367952,0.230824,0.983564
295439,2814422851,6065430,2026-10-06T05:17:36.277450+00:00,216876298854039,554,-3176,465,1726,919,3955,19.39,-111.16,16.275,0.421144,0.224236,0.96502
295440,2814432617,6075196,2026-10-06T05:17:36.313874+00:00,216876335280234,441,-3570,379,1898,485,4150,15.435,-124.95,13.265,0.463112,0.11834,1.0126
295441,2814442382,6084961,2026-10-06T05:17:36.358860+00:00,216876380271314,404,-3948,334,1861,476,4027,14.14,-138.18,11.69,0.454084,0.116144,0.982588
295442,2814452148,6094727,2026-10-06T05:17:36.359486+00:00,216876380887933,419,-4363,293,1976,573,3870,14.665,-152.705,10.255,0.482144,0.139812,0.94428
295443,2814462890,6105469,2026-10-06T05:17:36.360324+00:00,216876381732704,430,-4833,302,1924,786,3733,15.05,-169.155,10.57,0.469456,0.191784,0.910852
295444,2814472656,6115235,2026-10-06T05:17:36.361066+00:00,216876382471955,412,-5371,380,1820,1056,3829,14.42,-187.985,13.3,0.44408,0.257664,0.934276
295445,2814477539,6120118,2026-10-06T05:17:36.361803+00:00,216876383210413,264,-5911,520,1673,919,3832,9.24,-206.885,18.2,0.408212,0.224236,0.935008
295446,2814487304,6129883,2026-10-06T05:17:36.362487+00:00,216876383892494,192,-6460,681,1997,941,3585,6.72,-226.1,23.835,0.487268,0.229604,0.87474
295447,2814497070,6139649,2026-10-06T05:17:36.363164+00:00,216876384571228,185,-6968,798,2315,868,3444,6.475,-243.88,27.93,0.56486,0.211792,0.840336
295448,2814507812,6150391,2026-10-06T05:17:36.363765+00:00,216876385173532,226,-7414,889,2482,978,3581,7.91,-259.49,31.115,0.605608,0.238632,0.873764
295449,2814517578,6160157,2026-10-06T05:17:36.364291+00:00,216876385692984,212,-7767,977,2922,521,3543,7.42,-271.845,34.195,0.712968,0.127124,0.864492
295450,2814527343,6169922,2026-10-06T05:17:36.406728+00:00,216876428149708,497,-8010,998,3902,429,3954,17.395,-280.35,34.93,0.952088,0.104676,0.964776
295451,2814537109,6179688,2026-10-06T05:17:36.407750+00:00,216876429160005,979,-8059,987,4717,319,4338,34.265,-282.065,34.545,1.150948,0.077836,1.058472
295452,2814547851,6190430,2026-10-06T05:17:36.411610+00:00,216876433195363,1699,-7966,955,5057,752,3766,59.465,-278.81,33.425,1.233908,0.183488,0.918904
295453,2814557617,6200196,2026-10-06T05:17:36.412098+00:00,216876433505031,2256,-7869,1049,5418,1148,3974,78.96,-275.415,36.715,1.321992,0.280112,0.969656
295454,2814567382,6209961,2026-10-06T05:17:36.448994+00:00,216876470409598,2580,-7669,1236,5309,1594,3684,90.3,-268.415,43.26,1.295396,0.388936,0.898896
295455,2814577148,6219727,2026-10-06T05:17:36.449793+00:00,216876471199495,2505,-7500,1575,4957,1949,3974,87.675,-262.5,55.125,1.209508,0.475556,0.969656
295456,2814587890,6230469,2026-10-06T05:17:36.454898+00:00,216876476323015,2414,-7164,1849,5345,1274,4572,84.49,-250.74,64.715,1.30418,0.310856,1.115568
295457,2814592773,6235352,2026-10-06T05:17:36.455248+00:00,216876476651754,2791,-6503,2000,4619,2017,4168,97.685,-227.605,70.0,1.127036,0.492148,1.016992
295458,2814602539,6245118,2026-10-06T05:17:36.457829+00:00,216876479239755,3146,-5998,2074,5028,1859,3967,110.11,-209.93,72.59,1.226832,0.453596,0.967948
295459,2814612304,6254883,2026-10-06T05:17:36.539519+00:00,216876560932612,3411,-5318,2249,5466,1354,4408,119.385,-186.13,78.715,1.333704,0.330376,1.075552
295460,2814622070,6264649,2026-10-06T05:17:36.540517+00:00,216876561926323,3307,-4262,2626,5656,482,4671,115.745,-149.17,91.91,1.380064,0.117608,1.139724
295461,2814632812,6275391,2026-10-06T05:17:36.542188+00:00,216876563596024,3319,-2904,3050,3897,354,5074,116.165,-101.64,106.75,0.950868,0.086376,1.238056
295462,2814642578,6285157,2026-10-06T05:17:36.543463+00:00,216876564875823,3496,-1394,3488,4802,2208,7534,122.36,-48.79,122.08,1.171688,0.538752,1.838296
295463,2814652343,6294922,2026-10-06T05:17:36.544802+00:00,216876566203972,2722,304,3995,2744,1475,6539,95.27,10.64,139.825,0.669536,0.3599,1.595516
295464,2814662109,6304688,2026-10-06T05:17:36.545449+00:00,216876566857792,2122,1325,4233,2865,1667,5126,74.27,46.375,148.155,0.69906,0.406748,1.250744
295465,2814672851,6315430,2026-10-06T05:17:36.546125+00:00,216876567534550,1765,2097,4072,583,2207,3897,61.775,73.395,142.52,0.142252,0.538508,0.950868
295466,2814677734,6320313,2026-10-06T05:17:36.546615+00:00,216876568042398,1411,2437,3794,-540,2556,2681,49.385,85.295,132.79,-0.13176,0.623664,0.654164
295467,2814687500,6330079,2026-10-06T05:17:36.547297+00:00,216876568700863,969,2285,3235,-913,2566,1783,33.915,79.975,113.225,-0.222772,0.626104,0.435052
295468,2814697265,6339844,2026-10-06T05:17:36.548073+00:00,216876569485986,736,1939,2464,-108,2297,1965,25.76,67.865,86.24,-0.026352,0.560468,0.47946
295469,2814707031,6349610,2026-10-06T05:17:36.587002+00:00,216876608415365,819,1838,1597,864,2360,2725,28.665,64.33,55.895,0.210816,0.57584,0.6649
295470,2814717773,6360352,2026-10-06T05:17:36.587260+00:00,216876608656913,942,2069,600,1489,2828,3217,32.97,72.415,21.0,0.363316,0.690032,0.784948
295471,2814727539,6370118,2026-10-06T05:17:36.590234+00:00,216876611650634,782,2491,-351,2016,3071,3581,27.37,87.185,-12.285,0.491904,0.749324,0.873764
295472,2814737304,6379883,2026-10-06T05:17:36.590701+00:00,216876612113701,344,3018,-1128,2111,2567,3517,12.04,105.63,-39.48,0.515084,0.626348,0.858148
295473,2814747070,6389649,2026-10-06T05:17:36.629014+00:00,216876650432370,-31,3506,-1696,2023,1620,3208,-1.085,122.71,-59.36,0.493612,0.39528,0.782752
295474,2814757812,6400391,2026-10-06T05:17:36.629696+00:00,216876651104898,-109,3886,-2069,2136,822,2990,-3.815,136.01,-72.415,0.521184,0.200568,0.72956
295475,2814767578,6410157,2026-10-06T05:17:36.630488+00:00,216876651887148,32,4192,-2262,2347,447,2874,1.12,146.72,-79.17,0.572668,0.109068,0.701256
295476,2814777343,6419922,2026-10-06T05:17:36.631300+00:00,216876652708744,194,4444,-2274,2596,342,2934,6.79,155.54,-79.59,0.633424,0.083448,0.715896
295477,2814782226,6424805,2026-10-06T05:17:36.631995+00:00,216876653394208,263,4674,-2165,2848,310,3097,9.205,163.59,-75.775,0.694912,0.07564,0.755668
295478,2814791992,6434571,2026-10-06T05:17:36.675563+00:00,216876696982298,253,4908,-2004,3126,271,3264,8.855,171.78,-70.14,0.762744,0.066124,0.796416
295479,2814802734,6445313,2026-10-06T05:17:36.677281+00:00,216876698687488,217,5157,-1853,3255,158,3294,7.595,180.495,-64.855,0.79422,0.038552,0.803736
295480,2814812500,6455079,2026-10-06T05:17:36.678368+00:00,216876699779702,232,5374,-1772,3254,54,3258,8.12,188.09,-62.02,0.793976,0.013176,0.794952
295481,2814822265,6464844,2026-10-06T05:17:36.680815+00:00,216876702232625,320,5532,-1775,3330,71,3234,11.2,193.62,-62.125,0.81252,0.017324,0.789096
295482,2814832031,6474610,2026-10-06T05:17:36.681960+00:00,216876703366495,403,5647,-1823,3371,181,3164,14.105,197.645,-63.805,0.822524,0.044164,0.772016
295483,2814842773,6485352,2026-10-06T05:17:36.719611+00:00,216876741064117,398,5699,-1870,3328,453,3066,13.93,199.465,-65.45,0.812032,0.110532,0.748104
295484,2814852539,6495118,2026-10-06T05:17:36.721583+00:00,216876743000173,267,5669,-1895,3230,681,3031,9.345,198.415,-66.325,0.78812,0.166164,0.739564
295485,2814862304,6504883,2026-10-06T05:17:36.725332+00:00,216876746747528,77,5579,-1920,3239,626,3117,2.695,195.265,-67.2,0.790316,0.152744,0.760548
295486,2814872070,6514649,2026-10-06T05:17:36.726516+00:00,216876747931367,3,5500,-1978,3455,574,3371,0.105,192.5,-69.23,0.84302,0.140056,0.822524
295487,2814882812,6525391,2026-10-06T05:17:36.765144+00:00,216876786559069,44,5501,-2067,3616,770,3592,1.54,192.535,-72.345,0.882304,0.18788,0.876448
295488,2814887695,6530274,2026-10-06T05:17:36.765758+00:00,216876787165218,54,5552,-2150,3542,1092,3630,1.89,194.32,-75.25,0.864248,0.266448,0.88572
295489,2814897460,6540039,2026-10-06T05:17:36.766604+00:00,216876788044858,-32,5581,-2225,3429,1303,3679,-1.12,195.335,-77.875,0.836676,0.317932,0.897676
295490,2814907226,6549805,2026-10-06T05:17:36.767417+00:00,216876788822549,-124,5589,-2329,3299,1260,3762,-4.34,195.615,-81.515,0.804956,0.30744,0.917928
295491,2814916992,6559571,2026-10-06T05:17:36.769249+00:00,216876790669744,-123,5579,-2488,3221,1079,3859,-4.305,195.265,-87.08,0.785924,0.263276,0.941596
295492,2814927734,6570313,2026-10-06T05:17:36.855991+00:00,216876877408528,14,5562,-2667,3272,1278,3950,0.49,194.67,-93.345,0.798368,0.311832,0.9638
295493,2814937500,6580079,2026-10-06T05:17:36.856734+00:00,216876878139860,76,5525,-2829,3291,1674,3970,2.66,193.375,-99.015,0.803004,0.408456,0.96868
295494,2814947265,6589844,2026-10-06T05:17:36.857372+00:00,216876878776182,-30,5447,-2989,3345,1790,4013,-1.05,190.645,-104.615,0.81618,0.43676,0.979172
295495,2814957031,6599610,2026-10-06T05:17:36.858122+00:00,216876879526186,-142,5354,-3197,3516,1791,4125,-4.97,187.39,-111.895,0.857904,0.437004,1.0065
295496,2814967773,6610352,2026-10-06T05:17:36.858754+00:00,216876880156849,-207,5281,-3467,3673,1857,4232,-7.245,184.835,-121.345,0.896212,0.453108,1.032608
295497,2814972656,6615235,2026-10-06T05:17:36.859438+00:00,216876880842942,-276,5213,-3782,3836,1943,4323,-9.66,182.455,-132.37,0.935984,0.474092,1.054812
295498,2814982421,6625000,2026-10-06T05:17:36.860387+00:00,216876881790607,-392,5143,-4101,4042,1910,4375,-13.72,180.005,-143.535,0.986248,0.46604,1.0675
295499,2814992187,6634766,2026-10-06T05:17:36.861261+00:00,216876882665208,-551,5072,-4363,4250,1734,4348,-19.285,177.52,-152.705,1.037,0.423096,1.060912
295500,2815001953,6644532,2026-10-06T05:17:36.862021+00:00,216876883424081,-713,4987,-4523,4424,1361,4295,-24.955,174.545,-158.305,1.079456,0.332084,1.04798
295501,2815012695,6655274,2026-10-06T05:17:36.862703+00:00,216876884103785,-809,4890,-4581,4694,907,4205,-28.315,171.15,-160.335,1.145336,0.221308,1.02602
295502,2815022460,6665039,2026-10-06T05:17:36.898897+00:00,216876920309104,-821,4792,-4528,5140,477,4194,-28.735,167.72,-158.48,1.25416,0.116388,1.023336
295503,2815032226,6674805,2026-10-06T05:17:36.899603+00:00,216876921031633,-772,4729,-4366,5564,106,3981,-27.02,165.515,-152.81,1.357616,0.025864,0.971364
295504,2815041992,6684571,2026-10-06T05:17:36.900186+00:00,216876921594307,-747,4668,-4085,5847,-59,3546,-26.145,163.38,-142.975,1.426668,-0.014396,0.865224
295505,2815052734,6695313,2026-10-06T05:17:36.901443+00:00,216876922858852,-808,4546,-3678,5859,-151,2814,-28.28,159.11,-128.73,1.429596,-0.036844,0.686616
295506,2815062500,6705079,2026-10-06T05:17:36.945675+00:00,216876967094700,-925,4286,-3158,5817,-257,2035,-32.375,150.01,-110.53,1.419348,-0.062708,0.49654
295507,2815072265,6714844,2026-10-06T05:17:36.947662+00:00,216876969076570,-985,3894,-2563,5739,-403,1329,-34.475,136.29,-89.705,1.400316,-0.098332,0.324276
295508,2815082031,6724610,2026-10-06T05:17:36.948857+00:00,216876970261318,-855,3412,-1950,5752,-509,737,-29.925,119.42,-68.25,1.403488,-0.124196,0.179828
295509,2815087890,6730469,2026-10-06T05:17:36.949812+00:00,216876971217594,-525,2882,-1373,5781,-436,189,-18.375,100.87,-48.055,1.410564,-0.106384,0.046116
295510,2815097656,6740235,2026-10-06T05:17:36.951386+00:00,216876972801969,-119,2321,-878,5989,-195,-106,-4.165,81.235,-30.73,1.461316,-0.04758,-0.025864
295511,2815107421,6750000,2026-10-06T05:17:36.990937+00:00,216877012357080,196,1775,-492,6207,164,-432,6.86,62.125,-17.22,1.514508,0.040016,-0.105408
295512,2815117187,6759766,2026-10-06T05:17:36.992399+00:00,216877013810339,293,1208,-196,6211,566,-932,10.255,42.28,-6.86,1.515484,0.138104,-0.227408
295513,2815126953,6769532,2026-10-06T05:17:36.993999+00:00,216877015408179,155,490,27,6195,686,-1496,5.425,17.15,0.945,1.51158,0.167384,-0.365024
295514,2815137695,6780274,2026-10-06T05:17:36.994967+00:00,216877016376556,-66,-317,172,6210,662,-1880,-2.31,-11.095,6.02,1.51524,0.161528,-0.45872
295515,2815147460,6790039,2026-10-06T05:17:36.995877+00:00,216877017285851,-294,-1248,292,5777,694,-2105,-10.29,-43.68,10.22,1.409588,0.169336,-0.51362
295516,2815157226,6799805,2026-10-06T05:17:37.079890+00:00,216877101304026,-505,-2356,429,1416,286,631,-17.675,-82.46,15.015,0.345504,0.069784,0.153964
295517,2815166992,6809571,2026-10-06T05:17:37.080518+00:00,216877101925725,-356,-2806,569,1289,1062,6955,-12.46,-98.21,19.915,0.314516,0.259128,1.69702
295518,2815172851,6815430,2026-10-06T05:17:37.081309+00:00,216877102714901,-588,-2479,706,-1992,-149,8497,-20.58,-86.765,24.71,-0.486048,-0.036356,2.073268
295519,2815182617,6825196,2026-10-06T05:17:37.082028+00:00,216877103433323,-78,-2375,782,-4222,194,4272,-2.73,-83.125,27.37,-1.030168,0.047336,1.042368
295520,2815192382,6834961,2026-10-06T05:17:37.082696+00:00,216877104100940,-127,-3547,1246,-2899,97,1390,-4.445,-124.145,43.61,-0.707356,0.023668,0.33916
295521,2815202148,6844727,2026-10-06T05:17:37.083347+00:00,216877104751467,-196,-4966,1555,447,458,2635,-6.86,-173.81,54.425,0.109068,0.111752,0.64294
295522,2815212890,6855469,2026-10-06T05:17:37.084421+00:00,216877105835015,-160,-5542,1438,2778,1162,4760,-5.6,-193.97,50.33,0.677832,0.283528,1.16144
295523,2815222656,6865235,2026-10-06T05:17:37.085615+00:00,216877107048927,134,-5228,887,4246,1474,5990,4.69,-182.98,31.045,1.036024,0.359656,1.46156
295524,2815232421,6875000,2026-10-06T05:17:37.086347+00:00,216877107752358,420,-4395,252,4433,1331,5839,14.7,-153.825,8.82,1.081652,0.324764,1.424716
295525,2815242187,6884766,2026-10-06T05:17:37.125160+00:00,216877146577372,520,-3582,-34,3382,659,5070,18.2,-125.37,-1.19,0.825208,0.160796,1.23708
295526,2815251953,6894532,2026-10-06T05:17:37.125828+00:00,216877147240270,625,-3096,-4,3199,573,5030,21.875,-108.36,-0.14,0.780556,0.139812,1.22732
295527,2815262695,6905274,2026-10-06T05:17:37.126711+00:00,216877148112523,611,-2710,223,4045,455,5841,21.385,-94.85,7.805,0.98698,0.11102,1.425204
295528,2815272460,6915039,2026-10-06T05:17:37.127322+00:00,216877148729345,449,-2010,558,5027,1385,6364,15.715,-70.35,19.53,1.226588,0.33794,1.552816
295529,2815277343,6919922,2026-10-06T05:17:37.128049+00:00,216877149457219,479,-1006,372,3083,2729,4636,16.765,-35.21,13.02,0.752252,0.665876,1.131184
295530,2815287109,6929688,2026-10-06T05:17:37.169807+00:00,216877191229612,278,-681,105,1742,2355,4164,9.73,-23.835,3.675,0.425048,0.57462,1.016016
295531,2815297851,6940430,2026-10-06T05:17:37.171494+00:00,216877192907261,4,-619,23,1442,1242,4309,0.14,-21.665,0.805,0.351848,0.303048,1.051396
295532,2815307617,6950196,2026-10-06T05:17:37.172463+00:00,216877193869430,-26,-590,82,1516,660,4062,-0.91,-20.65,2.87,0.369904,0.16104,0.991128
295533,2815317382,6959961,2026-10-06T05:17:37.173512+00:00,216877194917885,40,-544,165,1534,1052,3690,1.4,-19.04,5.775,0.374296,0.256688,0.90036
295534,2815327148,6969727,2026-10-06T05:17:37.174194+00:00,216877195599925,12,-515,178,1573,1544,3831,0.42,-18.025,6.23,0.383812,0.376736,0.934764
295535,2815337890,6980469,2026-10-06T05:17:37.214858+00:00,216877236273345,-140,-460,162,1586,1103,3748,-4.9,-16.1,5.67,0.386984,0.269132,0.914512
295536,2815347656,6990235,2026-10-06T05:17:37.215775+00:00,216877237184808,-139,-405,137,1815,827,4314,-4.865,-14.175,4.795,0.44286,0.201788,1.052616
295537,2815357421,7000000,2026-10-06T05:17:37.217522+00:00,216877238935363,6,-239,38,1963,684,4407,0.21,-8.365,1.33,0.478972,0.166896,1.075308
295538,2815367187,7009766,2026-10-06T05:17:37.219197+00:00,216877240609737,152,-53,-45,1469,728,4145,5.32,-1.855,-1.575,0.358436,0.177632,1.01138
295539,2815376953,7019532,2026-10-06T05:17:37.259379+00:00,216877280795621,218,-17,-86,1194,728,4006,7.63,-0.595,-3.01,0.291336,0.177632,0.977464
295540,2815382812,7025391,2026-10-06T05:17:37.260204+00:00,216877281612083,247,-50,-103,1374,754,3959,8.645,-1.75,-3.605,0.335256,0.183976,0.965996
295541,2815392578,7035157,2026-10-06T05:17:37.260940+00:00,216877282344090,290,-55,-129,1485,738,3854,10.15,-1.925,-4.515,0.36234,0.180072,0.940376
295542,2815402343,7044922,2026-10-06T05:17:37.261618+00:00,216877283049858,320,-60,-124,1450,877,3880,11.2,-2.1,-4.34,0.3538,0.213988,0.94672
295543,2815412109,7054688,2026-10-06T05:17:37.262817+00:00,216877284216763,322,-59,-130,1613,840,4173,11.27,-2.065,-4.55,0.393572,0.20496,1.018212
295544,2815422851,7065430,2026-10-06T05:17:37.305793+00:00,216877327207961,405,38,-158,1580,904,3938,14.175,1.33,-5.53,0.38552,0.220576,0.960872
295545,2815432617,7075196,2026-10-06T05:17:37.350152+00:00,216877371562404,452,77,-136,1508,1220,3715,15.82,2.695,-4.76,0.367952,0.29768,0.90646
295546,2815442382,7084961,2026-10-06T05:17:37.351805+00:00,216877373214478,398,52,-108,1565,1349,3717,13.93,1.82,-3.78,0.38186,0.329156,0.906948
295547,2815452148,7094727,2026-10-06T05:17:37.353242+00:00,216877374650639,300,94,-112,1452,1256,3914,10.5,3.29,-3.92,0.354288,0.306464,0.955016
295548,2815462890,7105469,2026-10-06T05:17:37.354215+00:00,216877375615817,237,80,-37,1078,1306,3754,8.295,2.8,-1.295,0.263032,0.318664,0.915976
295549,2815472656,7115235,2026-10-06T05:17:37.354955+00:00,216877376353557,178,6,-10,1463,1384,3761,6.23,0.21,-0.35,0.356972,0.337696,0.917684
295550,2815477539,7120118,2026-10-06T05:17:37.355547+00:00,216877376949767,98,-9,14,1452,1252,3929,3.43,-0.315,0.49,0.354288,0.305488,0.958676
295551,2815487304,7129883,2026-10-06T05:17:37.356238+00:00,216877377638354,41,-47,31,1385,1003,3788,1.435,-1.645,1.085,0.33794,0.244732,0.924272
295552,2815497070,7139649,2026-10-06T05:17:37.356783+00:00,216877378180495,32,-98,35,1728,901,3827,1.12,-3.43,1.225,0.421632,0.219844,0.933788
295553,2815507812,7150391,2026-10-06T05:17:37.357415+00:00,216877378819628,66,-85,31,1627,953,3907,2.31,-2.975,1.085,0.396988,0.232532,0.953308
295554,2815517578,7160157,2026-10-06T05:17:37.395256+00:00,216877416676595,93,-88,32,1576,1035,3784,3.255,-3.08,1.12,0.384544,0.25254,0.923296
295555,2815527343,7169922,2026-10-06T05:17:37.396152+00:00,216877417562742,105,-101,25,1746,935,4027,3.675,-3.535,0.875,0.426024,0.22814,0.982588
295556,2815537109,7179688,2026-10-06T05:17:37.397019+00:00,216877418426642,154,-42,-14,1562,948,3973,5.39,-1.47,-0.49,0.381128,0.231312,0.969412
295557,2815547851,7190430,2026-10-06T05:17:37.397699+00:00,216877419106696,171,-13,-33,1479,1023,3866,5.985,-0.455,-1.155,0.360876,0.249612,0.943304
295558,2815557617,7200196,2026-10-06T05:17:37.439412+00:00,216877460827534,167,-27,-40,1407,1109,3814,5.845,-0.945,-1.4,0.343308,0.270596,0.930616
295559,2815567382,7209961,2026-10-06T05:17:37.440562+00:00,216877461970302,132,-65,-26,1593,978,3753,4.62,-2.275,-0.91,0.388692,0.238632,0.915732
295560,2815577148,7219727,2026-10-06T05:17:37.441369+00:00,216877462773620,133,-71,-4,1533,1093,3782,4.655,-2.485,-0.14,0.374052,0.266692,0.922808
295561,2815587890,7230469,2026-10-06T05:17:37.441970+00:00,216877463375051,106,-83,12,1348,1149,3683,3.71,-2.905,0.42,0.328912,0.280356,0.898652
295562,2815592773,7235352,2026-10-06T05:17:37.442597+00:00,216877464028725,51,-127,41,1310,1111,3751,1.785,-4.445,1.435,0.31964,0.271084,0.915244
295563,2815602539,7245118,2026-10-06T05:17:37.485551+00:00,216877506965992,7,-156,61,1305,1065,3732,0.245,-5.46,2.135,0.31842,0.25986,0.910608
295564,2815612304,7254883,2026-10-06T05:17:37.485902+00:00,216877507306229,-27,-185,94,1184,1148,3791,-0.945,-6.475,3.29,0.288896,0.280112,0.925004
295565,2815622070,7264649,2026-10-06T05:17:37.486753+00:00,216877508161151,-74,-230,125,1397,1126,3643,-2.59,-8.05,4.375,0.340868,0.274744,0.888892
295566,2815632812,7275391,2026-10-06T05:17:37.487475+00:00,216877508882629,-110,-276,160,1802,1111,3853,-3.85,-9.66,5.6,0.439688,0.271084,0.940132
295567,2815642578,7285157,2026-10-06T05:17:37.488117+00:00,216877509524391,-88,-232,132,1735,1023,3948,-3.08,-8.12,4.62,0.42334,0.249612,0.963312
295568,2815652343,7294922,2026-10-06T05:17:37.574981+00:00,216877596396927,-50,-174,93,1756,859,3774,-1.75,-6.09,3.255,0.428464,0.209596,0.920856
295569,2815662109,7304688,2026-10-06T05:17:37.575714+00:00,216877597120952,-22,-154,82,1607,969,3936,-0.77,-5.39,2.87,0.392108,0.236436,0.960384
295570,2815672851,7315430,2026-10-06T05:17:37.576382+00:00,216877597786324,-6,-127,49,1441,866,3827,-0.21,-4.445,1.715,0.351604,0.211304,0.933788
295571,2815677734,7320313,2026-10-06T05:17:37.577024+00:00,216877598427172,15,-141,58,1447,1015,3797,0.525,-4.935,2.03,0.353068,0.24766,0.926468
295572,2815687500,7330079,2026-10-06T05:17:37.577739+00:00,216877599142035,4,-173,67,1611,1119,3741,0.14,-6.055,2.345,0.393084,0.273036,0.912804
295573,2815697265,7339844,2026-10-06T05:17:37.578346+00:00,216877599749733,-22,-175,59,1670,1040,3869,-0.77,-6.125,2.065,0.40748,0.25376,0.944036
295574,2815707031,7349610,2026-10-06T05:17:37.579045+00:00,216877600448577,-12,-160,56,1711,1013,3716,-0.42,-5.6,1.96,0.417484,0.247172,0.906704
295575,2815717773,7360352,2026-10-06T05:17:37.579875+00:00,216877601277340,-23,-162,64,1707,1057,3800,-0.805,-5.67,2.24,0.416508,0.257908,0.9272
295576,2815727539,7370118,2026-10-06T05:17:37.580499+00:00,216877601897392,-38,-146,47,1343,1053,3983,-1.33,-5.11,1.645,0.327692,0.256932,0.971852
295577,2815737304,7379883,2026-10-06T05:17:37.619001+00:00,216877640414445,-48,-143,42,1420,917,3723,-1.68,-5.005,1.47,0.34648,0.223748,0.908412
295578,2815747070,7389649,2026-10-06T05:17:37.619669+00:00,216877641080485,-52,-203,90,1617,1153,3720,-1.82,-7.105,3.15,0.394548,0.281332,0.90768
295579,2815757812,7400391,2026-10-06T05:17:37.620299+00:00,216877641704437,-95,-224,84,1522,1166,4024,-3.325,-7.84,2.94,0.371368,0.284504,0.981856
295580,2815767578,7410157,2026-10-06T05:17:37.620997+00:00,216877642401162,-93,-185,48,1479,776,3725,-3.255,-6.475,1.68,0.360876,0.189344,0.9089
295581,2815777343,7419922,2026-10-06T05:17:37.621901+00:00,216877643307513,-55,-221,84,1353,1112,3791,-1.925,-7.735,2.94,0.330132,0.271328,0.925004
295582,2815782226,7424805,2026-10-06T05:17:37.664755+00:00,216877686160849,-95,-268,94,1402,1010,3795,-3.325,-9.38,3.29,0.342088,0.24644,0.92598
295583,2815791992,7434571,2026-10-06T05:17:37.665169+00:00,216877686569400,-116,-289,108,1359,976,3820,-4.06,-10.115,3.78,0.331596,0.238144,0.93208
295584,2815802734,7445313,2026-10-06T05:17:37.665754+00:00,216877687152650,-115,-328,133,1250,1091,3717,-4.025,-11.48,4.655,0.305,0.266204,0.906948
295585,2815812500,7455079,2026-10-06T05:17:37.666484+00:00,216877687885197,-166,-398,172,1396,1067,3741,-5.81,-13.93,6.02,0.340624,0.260348,0.912804
295586,2815822265,7464844,2026-10-06T05:17:37.667287+00:00,216877688683068,-205,-437,207,1530,1057,3834,-7.175,-15.295,7.245,0.37332,0.257908,0.935496
295587,2815832031,7474610,2026-10-06T05:17:37.708166+00:00,216877729562717,-228,-433,222,1532,1032,3803,-7.98,-15.155,7.77,0.373808,0.251808,0.927932
295588,2815842773,7485352,2026-10-06T05:17:37.708495+00:00,216877729884013,-219,-423,218,1261,999,3865,-7.665,-14.805,7.63,0.307684,0.243756,0.94306
295589,2815852539,7495118,2026-10-06T05:17:37.708762+00:00,216877730150351,-237,-468,250,1463,941,3832,-8.295,-16.38,8.75,0.356972,0.229604,0.935008
295590,2815862304,7504883,2026-10-06T05:17:37.711054+00:00,216877732443792,-266,-489,284,1741,953,3820,-9.31,-17.115,9.94,0.424804,0.232532,0.93208
295591,2815872070,7514649,2026-10-06T05:17:37.754277+00:00,216877775675877,-256,-481,280,1706,965,3794,-8.96,-16.835,9.8,0.416264,0.23546,0.925736
295592,2815882812,7525391,2026-10-06T05:17:37.754444+00:00,216877775833668,-258,-495,269,1645,876,3840,-9.03,-17.325,9.415,0.40138,0.213744,0.93696
295593,2815887695,7530274,2026-10-06T05:17:37.754755+00:00,216877776146021,-240,-493,270,1456,864,3831,-8.4,-17.255,9.45,0.355264,0.210816,0.934764
295594,2815897460,7540039,2026-10-06T05:17:37.754969+00:00,216877776359963,-251,-506,304,1330,929,3851,-8.785,-17.71,10.64,0.32452,0.226676,0.939644
295595,2815907226,7549805,2026-10-06T05:17:37.755985+00:00,216877777373054,-297,-534,375,1660,978,3936,-10.395,-18.69,13.125,0.40504,0.238632,0.960384
295596,2815916992,7559571,2026-10-06T05:17:37.798214+00:00,216877819607979,-320,-493,424,1724,858,3804,-11.2,-17.255,14.84,0.420656,0.209352,0.928176
295597,2815927734,7570313,2026-10-06T05:17:37.798488+00:00,216877819878711,-307,-465,469,1785,891,3838,-10.745,-16.275,16.415,0.43554,0.217404,0.936472
295598,2815937500,7580079,2026-10-06T05:17:37.798794+00:00,216877820183347,-279,-451,484,1607,919,3922,-9.765,-15.785,16.94,0.392108,0.224236,0.956968
295599,2815947265,7589844,2026-10-06T05:17:37.801721+00:00,216877823130161,-244,-459,489,1562,844,3849,-8.54,-16.065,17.115,0.381128,0.205936,0.939156
295600,2815957031,7599610,2026-10-06T05:17:37.802574+00:00,216877823973322,-206,-504,511,1687,923,4009,-7.21,-17.64,17.885,0.411628,0.225212,0.978196
295601,2815967773,7610352,2026-10-06T05:17:37.844784+00:00,216877866199144,-176,-510,495,1714,708,3939,-6.16,-17.85,17.325,0.418216,0.172752,0.961116
295602,2815972656,7615235,2026-10-06T05:17:37.845503+00:00,216877866903360,-125,-525,485,1842,709,3874,-4.375,-18.375,16.975,0.449448,0.172996,0.945256
295603,2815982421,7625000,2026-10-06T05:17:37.846154+00:00,216877867554678,-84,-561,472,1885,725,3878,-2.94,-19.635,16.52,0.45994,0.1769,0.946232
295604,2815992187,7634766,2026-10-06T05:17:37.846961+00:00,216877868365464,-31,-586,423,1680,669,3926,-1.085,-20.51,14.805,0.40992,0.163236,0.957944
295605,2816001953,7644532,2026-10-06T05:17:37.848078+00:00,216877869486294,30,-654,387,1801,760,3929,1.05,-22.89,13.545,0.439444,0.18544,0.958676
295606,2816012695,7655274,2026-10-06T05:17:37.889912+00:00,216877911325603,76,-715,379,1651,707,3747,2.66,-25.025,13.265,0.402844,0.172508,0.914268
295607,2816022460,7665039,2026-10-06T05:17:37.890653+00:00,216877912062519,132,-808,374,1670,769,4020,4.62,-28.28,13.09,0.40748,0.187636,0.98088
295608,2816032226,7674805,2026-10-06T05:17:37.891417+00:00,216877912818839,100,-921,409,1420,662,3429,3.5,-32.235,14.315,0.34648,0.161528,0.836676
295609,2816041992,7684571,2026-10-06T05:17:37.892453+00:00,216877913863784,10,-1226,519,2203,391,3495,0.35,-42.91,18.165,0.537532,0.095404,0.85278
295610,2816052734,7695313,2026-10-06T05:17:37.934236+00:00,216877955650672,175,-1383,474,1706,1010,4159,6.125,-48.405,16.59,0.416264,0.24644,1.014796
295611,2816062500,7705079,2026-10-06T05:17:37.936257+00:00,216877957674973,272,-1496,329,1257,1113,4258,9.52,-52.36,11.515,0.306708,0.271572,1.038952
295612,2816072265,7714844,2026-10-06T05:17:37.939613+00:00,216877961054012,323,-1697,331,1037,1331,4082,11.305,-59.395,11.585,0.253028,0.324764,0.996008
295613,2816082031,7724610,2026-10-06T05:17:37.941015+00:00,216877962426605,290,-2012,408,1372,1130,3836,10.15,-70.42,14.28,0.334768,0.27572,0.935984
295614,2816087890,7730469,2026-10-06T05:17:37.942159+00:00,216877963566867,313,-2350,465,1538,749,3972,10.955,-82.25,16.275,0.375272,0.182756,0.969168
295615,2816097656,7740235,2026-10-06T05:17:37.979229+00:00,216878000645252,391,-2658,496,1750,743,4070,13.685,-93.03,17.36,0.427,0.181292,0.99308
295616,2816107421,7750000,2026-10-06T05:17:37.979848+00:00,216878001249298,471,-2944,450,1832,1002,3950,16.485,-103.04,15.75,0.447008,0.244488,0.9638
295617,2816117187,7759766,2026-10-06T05:17:37.980683+00:00,216878002091916,402,-3291,363,1715,831,4051,14.07,-115.185,12.705,0.41846,0.202764,0.988444
295618,2816126953,7769532,2026-10-06T05:17:37.981574+00:00,216878002981419,292,-3684,329,1869,395,4052,10.22,-128.94,11.515,0.456036,0.09638,0.988688
295619,2816137695,7780274,2026-10-06T05:17:37.992841+00:00,216878014255732,327,-4025,319,1736,468,4088,11.445,-140.875,11.165,0.423584,0.114192,0.997472
295620,2816147460,7790039,2026-10-06T05:17:38.024057+00:00,216878045473766,346,-4400,319,2051,589,3818,12.11,-154.0,11.165,0.500444,0.143716,0.931592
295621,2816157226,7799805,2026-10-06T05:17:38.025073+00:00,216878046481372,364,-4823,361,2081,963,3748,12.74,-168.805,12.635,0.507764,0.234972,0.914512
295622,2816166992,7809571,2026-10-06T05:17:38.025917+00:00,216878047324454,201,-5290,459,1937,780,3595,7.035,-185.15,16.065,0.472628,0.19032,0.87718
295623,2816172851,7815430,2026-10-06T05:17:38.026747+00:00,216878048154234,139,-5767,553,1884,696,3552,4.865,-201.845,19.355,0.459696,0.169824,0.866688
295624,2816182617,7825196,2026-10-06T05:17:38.027406+00:00,216878048814457,149,-6207,649,2207,737,3569,5.215,-217.245,22.715,0.538508,0.179828,0.870836
295625,2816192382,7834961,2026-10-06T05:17:38.069467+00:00,216878090887295,166,-6539,738,2216,815,3475,5.81,-228.865,25.83,0.540704,0.19886,0.8479
295626,2816202148,7844727,2026-10-06T05:17:38.072467+00:00,216878093882029,158,-6848,827,2583,913,3375,5.53,-239.68,28.945,0.630252,0.222772,0.8235
295627,2816212890,7855469,2026-10-06T05:17:38.073263+00:00,216878094664185,146,-7110,900,3180,670,3339,5.11,-248.85,31.5,0.77592,0.16348,0.814716
295628,2816222656,7865235,2026-10-06T05:17:38.074394+00:00,216878095801636,347,-7277,927,3861,561,3611,12.145,-254.695,32.445,0.942084,0.136884,0.881084
295629,2816232421,7875000,2026-10-06T05:17:38.114259+00:00,216878135676696,675,-7318,948,4405,478,3619,23.625,-256.13,33.18,1.07482,0.116632,0.883036
295630,2816242187,7884766,2026-10-06T05:17:38.115190+00:00,216878136595150,1230,-7287,931,5014,865,3874,43.05,-255.045,32.585,1.223416,0.21106,0.945256
295631,2816251953,7894532,2026-10-06T05:17:38.116379+00:00,216878137783828,1641,-7179,993,4866,910,3653,57.435,-251.265,34.755,1.187304,0.22204,0.891332
295632,2816262695,7905274,2026-10-06T05:17:38.118246+00:00,216878139664310,1931,-7090,1155,4902,1234,3781,67.585,-248.15,40.425,1.196088,0.301096,0.922564
295633,2816272460,7915039,2026-10-06T05:17:38.122715+00:00,216878144135763,2060,-6974,1349,4403,1466,3429,72.1,-244.09,47.215,1.074332,0.357704,0.836676
295634,2816282226,7924805,2026-10-06T05:17:38.160291+00:00,216878181706016,2056,-6954,1596,3999,1587,3259,71.96,-243.39,55.86,0.975756,0.387228,0.795196
295635,2816287109,7929688,2026-10-06T05:17:38.161115+00:00,216878182522477,2046,-6952,1810,4138,1286,3396,71.61,-243.32,63.35,1.009672,0.313784,0.828624
295636,2816297851,7940430,2026-10-06T05:17:38.161958+00:00,216878183366063,2343,-6774,1902,4076,1204,3090,82.005,-237.09,66.57,0.994544,0.293776,0.75396
295637,2816307617,7950196,2026-10-06T05:17:38.162686+00:00,216878184093403,2781,-6593,1937,4739,1307,3124,97.335,-230.755,67.795,1.156316,0.318908,0.762256
295638,2816317382,7959961,2026-10-06T05:17:38.163322+00:00,216878184729403,3268,-6187,1905,5491,1014,3444,114.38,-216.545,66.675,1.339804,0.247416,0.840336
295639,2816327148,7969727,2026-10-06T05:17:38.205833+00:00,216878227250618,3689,-5520,1946,5122,1190,2961,129.115,-193.2,68.11,1.249768,0.29036,0.722484
295640,2816337890,7980469,2026-10-06T05:17:38.208470+00:00,216878229884199,3789,-4896,2120,5805,1256,3261,132.615,-171.36,74.2,1.41642,0.306464,0.795684
295641,2816347656,7990235,2026-10-06T05:17:38.209367+00:00,216878230773235,3748,-4030,2257,5248,1252,2973,131.18,-141.05,78.995,1.280512,0.305488,0.725412
295642,2816357421,8000000,2026-10-06T05:17:38.210498+00:00,216878231902446,3701,-3044,2401,5418,1946,4266,129.535,-106.54,84.035,1.321992,0.474824,1.040904
295643,2816367187,8009766,2026-10-06T05:17:38.248939+00:00,216878270355412,3355,-1712,2450,4822,2602,5834,117.425,-59.92,85.75,1.176568,0.634888,1.423496
295644,2816376953,8019532,2026-10-06T05:17:38.249614+00:00,216878271049828,2598,-257,2441,5839,3331,5603,90.93,-8.995,85.435,1.424716,0.812764,1.367132
295645,2816382812,8025391,2026-10-06T05:17:38.250745+00:00,216878272155598,1572,1185,2152,4451,3948,5526,55.02,41.475,75.32,1.086044,0.963312,1.348344
295646,2816392578,8035157,2026-10-06T05:17:38.252613+00:00,216878274054825,282,2313,1963,389,3169,2983,9.87,80.955,68.705,0.094916,0.773236,0.727852
295647,2816402343,8044922,2026-10-06T05:17:38.253395+00:00,216878274804317,-650,2315,1884,91,1368,1170,-22.75,81.025,65.94,0.022204,0.333792,0.28548
295648,2816412109,8054688,2026-10-06T05:17:38.293869+00:00,216878315287157,-656,1940,1651,167,392,816,-22.96,67.9,57.785,0.040748,0.095648,0.199104
295649,2816422851,8065430,2026-10-06T05:17:38.294572+00:00,216878315977514,-48,1600,1266,-46,27,730,-1.68,56.0,44.31,-0.011224,0.006588,0.17812
295650,2816432617,8075196,2026-10-06T05:17:38.295346+00:00,216878316752464,728,1268,715,66,672,714,25.48,44.38,25.025,0.016104,0.163968,0.174216
295651,2816442382,8084961,2026-10-06T05:17:38.296093+00:00,216878317498434,1152,944,131,270,1542,1121,40.32,33.04,4.585,0.06588,0.376248,0.273524
295652,2816452148,8094727,2026-10-06T05:17:38.296771+00:00,216878318170774,1051,713,-418,821,1971,1631,36.785,24.955,-14.63,0.200324,0.480924,0.397964
295653,2816462890,8105469,2026-10-06T05:17:38.341329+00:00,216878362740927,697,658,-949,1701,1927,2416,24.395,23.03,-33.215,0.415044,0.470188,0.589504
295654,2816472656,8115235,2026-10-06T05:17:38.345948+00:00,216878367357139,392,924,-1492,2820,1587,3298,13.72,32.34,-52.22,0.68808,0.387228,0.804712
295655,2816477539,8120118,2026-10-06T05:17:38.346293+00:00,216878367700336,206,1572,-2003,3615,1421,3968,7.21,55.02,-70.105,0.88206,0.346724,0.968192
295656,2816487304,8129883,2026-10-06T05:17:38.346587+00:00,216878367991078,-13,2475,-2369,4003,1296,4321,-0.455,86.625,-82.915,0.976732,0.316224,1.054324
295657,2816497070,8139649,2026-10-06T05:17:38.385025+00:00,216878406451320,-332,3458,-2509,3947,980,4168,-11.62,121.03,-87.815,0.963068,0.23912,1.016992
295658,2816507812,8150391,2026-10-06T05:17:38.386187+00:00,216878407593555,-667,4336,-2445,3484,396,3629,-23.345,151.76,-85.575,0.850096,0.096624,0.885476
295659,2816517578,8160157,2026-10-06T05:17:38.387252+00:00,216878408653262,-831,4958,-2267,2934,-226,2995,-29.085,173.53,-79.345,0.715896,-0.055144,0.73078
295660,2816527343,8169922,2026-10-06T05:17:38.387955+00:00,216878409356023,-747,5307,-2036,2700,-540,2666,-26.145,185.745,-71.26,0.6588,-0.13176,0.650504
295661,2816537109,8179688,2026-10-06T05:17:38.388455+00:00,216878409855263,-533,5502,-1788,2681,-501,2590,-18.655,192.57,-62.58,0.654164,-0.122244,0.63196
295662,2816547851,8190430,2026-10-06T05:17:38.428480+00:00,216878449885021,-350,5637,-1534,2827,-330,2722,-12.25,197.295,-53.69,0.689788,-0.08052,0.664168
295663,2816557617,8200196,2026-10-06T05:17:38.428877+00:00,216878450273898,-258,5787,-1311,2954,-94,2872,-9.03,202.545,-45.885,0.720776,-0.022936,0.700768
295664,2816567382,8209961,2026-10-06T05:17:38.429404+00:00,216878450800544,-246,5954,-1138,2995,67,2930,-8.61,208.39,-39.83,0.73078,0.016348,0.71492
295665,2816577148,8219727,2026-10-06T05:17:38.431347+00:00,216878452743785,-243,6106,-1018,2977,196,2895,-8.505,213.71,-35.63,0.726388,0.047824,0.70638
295666,2816587890,8230469,2026-10-06T05:17:38.431840+00:00,216878453236735,-209,6217,-956,2967,396,2907,-7.315,217.595,-33.46,0.723948,0.096624,0.709308
295667,2816592773,8235352,2026-10-06T05:17:38.474678+00:00,216878496081102,-148,6295,-962,2961,651,2967,-5.18,220.325,-33.67,0.722484,0.158844,0.723948
295668,2816602539,8245118,2026-10-06T05:17:38.475061+00:00,216878496456678,-117,6347,-1042,2936,832,3084,-4.095,222.145,-36.47,0.716384,0.203008,0.752496
295669,2816612304,8254883,2026-10-06T05:17:38.475758+00:00,216878497156187,-76,6380,-1196,2842,955,3107,-2.66,223.3,-41.86,0.693448,0.23302,0.758108
295670,2816622070,8264649,2026-10-06T05:17:38.476177+00:00,216878497573497,-23,6373,-1409,2754,1162,3175,-0.805,223.055,-49.315,0.671976,0.283528,0.7747
295671,2816632812,8275391,2026-10-06T05:17:38.476581+00:00,216878497977849,-11,6326,-1656,2689,1166,3332,-0.385,221.41,-57.96,0.656116,0.284504,0.813008
295672,2816642578,8285157,2026-10-06T05:17:38.519271+00:00,216878540687918,41,6262,-1912,2810,1092,3564,1.435,219.17,-66.92,0.68564,0.266448,0.869616
295673,2816652343,8294922,2026-10-06T05:17:38.520246+00:00,216878541661954,136,6219,-2138,3058,1296,3802,4.76,217.665,-74.83,0.746152,0.316224,0.927688
295674,2816662109,8304688,2026-10-06T05:17:38.521352+00:00,216878542765371,158,6210,-2314,3458,1644,4148,5.53,217.35,-80.99,0.843752,0.401136,1.012112
295675,2816672851,8315430,2026-10-06T05:17:38.526462+00:00,216878547869572,64,6268,-2470,3901,1943,4520,2.24,219.38,-86.45,0.951844,0.474092,1.10288
295676,2816677734,8320313,2026-10-06T05:17:38.526761+00:00,216878548160980,-103,6410,-2650,4134,2118,4694,-3.605,224.35,-92.75,1.008696,0.516792,1.145336
295677,2816687500,8330079,2026-10-06T05:17:38.609779+00:00,216878631204749,-277,6552,-2871,4136,2282,4630,-9.695,229.32,-100.485,1.009184,0.556808,1.12972
295678,2816697265,8339844,2026-10-06T05:17:38.610926+00:00,216878632345312,-457,6593,-3139,4074,2391,4519,-15.995,230.755,-109.865,0.994056,0.583404,1.102636
295679,2816707031,8349610,2026-10-06T05:17:38.612758+00:00,216878634177793,-605,6518,-3455,4167,2404,4473,-21.175,228.13,-120.925,1.016748,0.586576,1.091412
295680,2816717773,8360352,2026-10-06T05:17:38.613997+00:00,216878635406332,-700,6368,-3804,4413,2389,4475,-24.5,222.88,-133.14,1.076772,0.582916,1.0919
295681,2816727539,8370118,2026-10-06T05:17:38.615082+00:00,216878636500065,-756,6189,-4153,4702,2232,4483,-26.46,216.615,-145.355,1.147288,0.544608,1.093852
295682,2816737304,8379883,2026-10-06T05:17:38.616205+00:00,216878637621155,-750,6001,-4465,5098,1998,4547,-26.25,210.035,-156.275,1.243912,0.487512,1.109468
295683,2816747070,8389649,2026-10-06T05:17:38.617510+00:00,216878638927240,-722,5841,-4696,5539,1748,4535,-25.27,204.435,-164.36,1.351516,0.426512,1.10654
295684,2816757812,8400391,2026-10-06T05:17:38.619873+00:00,216878641297139,-732,5703,-4821,5875,1242,4271,-25.62,199.605,-168.735,1.4335,0.303048,1.042124
295685,2816767578,8410157,2026-10-06T05:17:38.623596+00:00,216878645049243,-724,5527,-4809,6026,637,3707,-25.34,193.445,-168.315,1.470344,0.155428,0.904508
295686,2816772460,8415039,2026-10-06T05:17:38.658161+00:00,216878679590272,-663,5255,-4607,6184,257,3095,-23.205,183.925,-161.245,1.508896,0.062708,0.75518
295687,2816782226,8424805,2026-10-06T05:17:38.660403+00:00,216878681824533,-633,4886,-4196,6197,-35,2363,-22.155,171.01,-146.86,1.512068,-0.00854,0.576572
295688,2816791992,8434571,2026-10-06T05:17:38.662193+00:00,216878683609601,-622,4417,-3574,6157,-389,1680,-21.77,154.595,-125.09,1.502308,-0.094916,0.40992
295689,2816802734,8445313,2026-10-06T05:17:38.664328+00:00,216878685746664,-524,3895,-2787,6207,-595,1070,-18.34,136.325,-97.545,1.514508,-0.14518,0.26108
295690,2816812500,8455079,2026-10-06T05:17:38.666225+00:00,216878687633774,-337,3356,-1908,6280,-822,586,-11.795,117.46,-66.78,1.53232,-0.200568,0.142984
295691,2816822265,8464844,2026-10-06T05:17:38.698321+00:00,216878719716452,-11,2856,-1084,6543,-1266,115,-0.385,99.96,-37.94,1.596492,-0.308904,0.02806
295692,2816832031,8474610,2026-10-06T05:17:38.698746+00:00,216878720137420,480,2389,-374,6968,-818,-513,16.8,83.615,-13.09,1.700192,-0.199592,-0.125172
295693,2816842773,8485352,2026-10-06T05:17:38.699025+00:00,216878720418135,725,1889,268,6964,-168,-1456,25.375,66.115,9.38,1.699216,-0.040992,-0.355264
295694,2816852539,8495118,2026-10-06T05:17:38.700151+00:00,216878721541381,608,1194,769,6724,87,-2371,21.28,41.79,26.915,1.640656,0.021228,-0.578524
295695,2816862304,8504883,2026-10-06T05:17:38.744387+00:00,216878765787883,356,262,1046,6498,526,-3002,12.46,9.17,36.61,1.585512,0.128344,-0.732488
295696,2816872070,8514649,2026-10-06T05:17:38.744773+00:00,216878766166874,-89,-894,1170,5655,2086,-3146,-3.115,-31.29,40.95,1.37982,0.508984,-0.767624
295697,2816882812,8525391,2026-10-06T05:17:38.745091+00:00,216878766484299,-1297,-2355,1206,1011,-680,109,-45.395,-82.425,42.21,0.246684,-0.16592,0.026596
295698,2816887695,8530274,2026-10-06T05:17:38.745594+00:00,216878766987593,-767,-2836,1068,984,468,7180,-26.845,-99.26,37.38,0.240096,0.114192,1.75192
295699,2816897460,8540039,2026-10-06T05:17:38.747130+00:00,216878768523847,-436,-2547,803,-3261,964,8681,-15.26,-89.145,28.105,-0.795684,0.235216,2.118164
295700,2816907226,8549805,2026-10-06T05:17:38.789426+00:00,216878810828909,-272,-2802,844,-4439,537,3543,-9.52,-98.07,29.54,-1.083116,0.131028,0.864492
295701,2816916992,8559571,2026-10-06T05:17:38.789840+00:00,216878811233174,-509,-4257,1296,-2565,-949,469,-17.815,-148.995,45.36,-0.62586,-0.231556,0.114436
295702,2816927734,8570313,2026-10-06T05:17:38.790197+00:00,216878811589091,-193,-5739,1473,2349,-500,3589,-6.755,-200.865,51.555,0.573156,-0.122,0.875716
295703,2816937500,8580079,2026-10-06T05:17:38.790737+00:00,216878812129662,464,-5648,1109,7710,869,7823,16.24,-197.68,38.815,1.88124,0.212036,1.908812
295704,2816947265,8589844,2026-10-06T05:17:38.792575+00:00,216878813974679,843,-3870,450,5603,657,6576,29.505,-135.45,15.75,1.367132,0.160308,1.604544
295705,2816957031,8599610,2026-10-06T05:17:38.835919+00:00,216878857342116,1202,-2692,22,1640,1260,5208,42.07,-94.22,0.77,0.40016,0.30744,1.270752
295706,2816967773,8610352,2026-10-06T05:17:38.837452+00:00,216878858873532,1156,-2606,72,1049,1706,4438,40.46,-91.21,2.52,0.255956,0.416264,1.082872
295707,2816972656,8615235,2026-10-06T05:17:38.838940+00:00,216878860359814,901,-2741,264,2857,2052,4933,31.535,-95.935,9.24,0.697108,0.500688,1.203652
295708,2816982421,8625000,2026-10-06T05:17:38.841100+00:00,216878862515536,475,-2430,424,4904,3540,6533,16.625,-85.05,14.84,1.196576,0.86376,1.594052
295709,2816992187,8634766,2026-10-06T05:17:38.842210+00:00,216878863624532,-143,-1445,279,3184,2637,4403,-5.005,-50.575,9.765,0.776896,0.643428,1.074332
295710,2817001953,8644532,2026-10-06T05:17:38.879230+00:00,216878900651988,-318,-1022,137,2239,1875,4285,-11.13,-35.77,4.795,0.546316,0.4575,1.04554
295711,2817012695,8655274,2026-10-06T05:17:38.880171+00:00,216878901585109,-443,-787,146,1832,1327,4424,-15.505,-27.545,5.11,0.447008,0.323788,1.079456
295712,2817022460,8665039,2026-10-06T05:17:38.881148+00:00,216878902562368,-377,-652,133,2067,1010,4501,-13.195,-22.82,4.655,0.504348,0.24644,1.098244
295713,2817032226,8674805,2026-10-06T05:17:38.882683+00:00,216878904090359,-263,-427,97,2066,523,4202,-9.205,-14.945,3.395,0.504104,0.127612,1.025288
295714,2817041992,8684571,2026-10-06T05:17:38.925182+00:00,216878946599338,-77,-237,73,1869,522,3947,-2.695,-8.295,2.555,0.456036,0.127368,0.963068
295715,2817052734,8695313,2026-10-06T05:17:38.926091+00:00,216878947496328,65,-139,63,1931,770,3921,2.275,-4.865,2.205,0.471164,0.18788,0.956724
295716,2817062500,8705079,2026-10-06T05:17:38.927020+00:00,216878948424354,170,-27,4,1971,909,4119,5.95,-0.945,0.14,0.480924,0.221796,1.005036
295717,2817072265,8714844,2026-10-06T05:17:38.927893+00:00,216878949299920,262,98,-68,1706,876,3868,9.17,3.43,-2.38,0.416264,0.213744,0.943792
295718,2817082031,8724610,2026-10-06T05:17:38.928853+00:00,216878950258597,328,155,-92,1393,1116,3875,11.48,5.425,-3.22,0.339892,0.272304,0.9455
295719,2817087890,8730469,2026-10-06T05:17:38.970368+00:00,216878991789295,322,153,-116,1056,1182,3749,11.27,5.355,-4.06,0.257664,0.288408,0.914756
295720,2817097656,8740235,2026-10-06T05:17:38.972821+00:00,216878994240580,262,76,-96,1013,1114,3703,9.17,2.66,-3.36,0.247172,0.271816,0.903532
295721,2817107421,8750000,2026-10-06T05:17:38.973833+00:00,216878995242316,238,-7,-80,1194,1168,3676,8.33,-0.245,-2.8,0.291336,0.284992,0.896944
295722,2817117187,8759766,2026-10-06T05:17:38.975013+00:00,216878996421521,204,-35,-59,1241,1315,3792,7.14,-1.225,-2.065,0.302804,0.32086,0.925248
295723,2817126953,8769532,2026-10-06T05:17:38.976024+00:00,216878997431805,129,-60,-28,1085,1072,3574,4.515,-2.1,-0.98,0.26474,0.261568,0.872056
295724,2817137695,8780274,2026-10-06T05:17:39.014792+00:00,216879036202416,114,-128,14,1288,1187,3812,3.99,-4.48,0.49,0.314272,0.289628,0.930128
295725,2817147460,8790039,2026-10-06T05:17:39.015317+00:00,216879036716476,88,-122,26,1218,1280,3961,3.08,-4.27,0.91,0.297192,0.31232,0.966484
295726,2817157226,8799805,2026-10-06T05:17:39.015956+00:00,216879037355129,34,-128,59,958,1132,3681,1.19,-4.48,2.065,0.233752,0.276208,0.898164
295727,2817166992,8809571,2026-10-06T05:17:39.017034+00:00,216879038448607,-2,-196,104,1306,1183,3794,-0.07,-6.86,3.64,0.318664,0.288652,0.925736
295728,2817172851,8815430,2026-10-06T05:17:39.018011+00:00,216879039423993,-45,-212,129,1321,1124,3888,-1.575,-7.42,4.515,0.322324,0.274256,0.948672
295729,2817182617,8825196,2026-10-06T05:17:39.059918+00:00,216879081333096,-71,-205,142,1249,1086,3952,-2.485,-7.175,4.97,0.304756,0.264984,0.964288
295730,2817192382,8834961,2026-10-06T05:17:39.060595+00:00,216879082031167,-86,-211,148,1213,1092,4038,-3.01,-7.385,5.18,0.295972,0.266448,0.985272
295731,2817202148,8844727,2026-10-06T05:17:39.061305+00:00,216879082711558,-83,-220,144,1296,1153,4066,-2.905,-7.7,5.04,0.316224,0.281332,0.992104
295732,2817212890,8855469,2026-10-06T05:17:39.062211+00:00,216879083616898,-72,-217,124,1392,1122,3942,-2.52,-7.595,4.34,0.339648,0.273768,0.961848
295733,2817222656,8865235,2026-10-06T05:17:39.104968+00:00,216879126377658,-92,-248,130,1766,1039,3675,-3.22,-8.68,4.55,0.430904,0.253516,0.8967
295734,2817232421,8875000,2026-10-06T05:17:39.106026+00:00,216879127430887,-119,-277,142,1926,1042,4008,-4.165,-9.695,4.97,0.469944,0.254248,0.977952
295735,2817242187,8884766,2026-10-06T05:17:39.106878+00:00,216879128281091,-96,-211,101,1798,926,3824,-3.36,-7.385,3.535,0.438712,0.225944,0.933056
295736,2817251953,8894532,2026-10-06T05:17:39.107435+00:00,216879128838170,-48,-200,114,1863,1177,3945,-1.68,-7.0,3.99,0.454572,0.287188,0.96258
295737,2817262695,8905274,2026-10-06T05:17:39.108065+00:00,216879129468147,-7,-167,88,1374,1343,4232,-0.245,-5.845,3.08,0.335256,0.327692,1.032608
295738,2817272460,8915039,2026-10-06T05:17:39.151039+00:00,216879172449071,16,-93,37,1621,868,4002,0.56,-3.255,1.295,0.395524,0.211792,0.976488
295739,2817282226,8924805,2026-10-06T05:17:39.151797+00:00,216879173205166,83,-60,50,1427,1126,3924,2.905,-2.1,1.75,0.348188,0.274744,0.957456
295740,2817287109,8929688,2026-10-06T05:17:39.156723+00:00,216879178132268,63,-96,34,1484,1099,3590,2.205,-3.36,1.19,0.362096,0.268156,0.87596
295741,2817297851,8940430,2026-10-06T05:17:39.157011+00:00,216879178411611,25,-128,59,1708,1051,3828,0.875,-4.48,2.065,0.416752,0.256444,0.934032
295742,2817307617,8950196,2026-10-06T05:17:39.157276+00:00,216879178682244,18,-126,84,1473,1082,3679,0.63,-4.41,2.94,0.359412,0.264008,0.897676
295743,2817317382,8959961,2026-10-06T05:17:39.195011+00:00,216879216428436,-10,-162,101,1468,1139,3736,-0.35,-5.67,3.535,0.358192,0.277916,0.911584
295744,2817327148,8969727,2026-10-06T05:17:39.195825+00:00,216879217226817,-46,-183,117,1368,1149,3788,-1.61,-6.405,4.095,0.333792,0.280356,0.924272
295745,2817337890,8980469,2026-10-06T05:17:39.196479+00:00,216879217879030,-85,-206,137,1379,1076,3785,-2.975,-7.21,4.795,0.336476,0.262544,0.92354
295746,2817347656,8990235,2026-10-06T05:17:39.197100+00:00,216879218501868,-112,-223,156,1465,1081,3773,-3.92,-7.805,5.46,0.35746,0.263764,0.920612
295747,2817357421,9000000,2026-10-06T05:17:39.239933+00:00,216879261344497,-133,-231,172,1440,1096,3752,-4.655,-8.085,6.02,0.35136,0.267424,0.915488
295748,2817367187,9009766,2026-10-06T05:17:39.240514+00:00,216879261917853,-155,-245,191,1568,1060,3817,-5.425,-8.575,6.685,0.382592,0.25864,0.931348
295749,2817376953,9019532,2026-10-06T05:17:39.241430+00:00,216879262833642,-159,-229,188,1655,962,3745,-5.565,-8.015,6.58,0.40382,0.234728,0.91378
295750,2817382812,9025391,2026-10-06T05:17:39.242058+00:00,216879263456372,-156,-212,188,1550,1045,3868,-5.46,-7.42,6.58,0.3782,0.25498,0.943792
295751,2817392578,9035157,2026-10-06T05:17:39.242675+00:00,216879264074441,-180,-201,182,1454,917,3868,-6.3,-7.035,6.37,0.354776,0.223748,0.943792
295752,2817402343,9044922,2026-10-06T05:17:39.284166+00:00,216879305587944,-172,-201,180,1504,938,3798,-6.02,-7.035,6.3,0.366976,0.228872,0.926712
295753,2817412109,9054688,2026-10-06T05:17:39.285831+00:00,216879307239068,-170,-217,185,1607,985,3801,-5.95,-7.595,6.475,0.392108,0.24034,0.927444
295754,2817422851,9065430,2026-10-06T05:17:39.286501+00:00,216879307909223,-180,-220,178,1553,959,3835,-6.3,-7.7,6.23,0.378932,0.233996,0.93574
295755,2817432617,9075196,2026-10-06T05:17:39.288703+00:00,216879310112615,-179,-230,177,1523,909,3732,-6.265,-8.05,6.195,0.371612,0.221796,0.910608
295756,2817442382,9084961,2026-10-06T05:17:39.290247+00:00,216879311650820,-184,-262,192,1611,1011,3799,-6.44,-9.17,6.72,0.393084,0.246684,0.926956
295757,2817452148,9094727,2026-10-06T05:17:39.328829+00:00,216879350236384,-224,-260,199,1362,1025,3963,-7.84,-9.1,6.965,0.332328,0.2501,0.966972
295758,2817462890,9105469,2026-10-06T05:17:39.329415+00:00,216879350821411,-257,-270,211,1422,961,3714,-8.995,-9.45,7.385,0.346968,0.234484,0.906216
295759,2817472656,9115235,2026-10-06T05:17:39.330030+00:00,216879351428985,-281,-314,244,1629,1099,3899,-9.835,-10.99,8.54,0.397476,0.268156,0.951356
295760,2817477539,9120118,2026-10-06T05:17:39.330965+00:00,216879352363423,-304,-302,234,1606,926,3783,-10.64,-10.57,8.19,0.391864,0.225944,0.923052
295761,2817487304,9129883,2026-10-06T05:17:39.331581+00:00,216879352984838,-281,-314,225,1704,909,3834,-9.835,-10.99,7.875,0.415776,0.221796,0.935496
295762,2817497070,9139649,2026-10-06T05:17:39.374896+00:00,216879396307962,-255,-314,214,1626,909,3832,-8.925,-10.99,7.49,0.396744,0.221796,0.935008
295763,2817507812,9150391,2026-10-06T05:17:39.375559+00:00,216879396963745,-220,-304,202,1229,945,3810,-7.7,-10.64,7.07,0.299876,0.23058,0.92964
295764,2817517578,9160157,2026-10-06T05:17:39.376151+00:00,216879397556673,-230,-359,224,1407,936,3897,-8.05,-12.565,7.84,0.343308,0.228384,0.950868
295765,2817527343,9169922,2026-10-06T05:17:39.376701+00:00,216879398105660,-247,-392,246,1763,874,3778,-8.645,-13.72,8.61,0.430172,0.213256,0.921832
295766,2817537109,9179688,2026-10-06T05:17:39.421839+00:00,216879443254865,-222,-363,231,1484,908,4026,-7.77,-12.705,8.085,0.362096,0.221552,0.982344
295767,2817547851,9190430,2026-10-06T05:17:39.423876+00:00,216879445282231,-199,-356,211,1530,739,3572,-6.965,-12.46,7.385,0.37332,0.180316,0.871568
295768,2817557617,9200196,2026-10-06T05:17:39.425391+00:00,216879446791139,-184,-428,238,1841,782,3820,-6.44,-14.98,8.33,0.449204,0.190808,0.93208
295769,2817567382,9209961,2026-10-06T05:17:39.426614+00:00,216879448040562,-140,-395,227,999,914,3949,-4.9,-13.825,7.945,0.243756,0.223016,0.963556
295770,2817577148,9219727,2026-10-06T05:17:39.427598+00:00,216879449021054,-141,-455,278,963,947,3815,-4.935,-15.925,9.73,0.234972,0.231068,0.93086
295771,2817582031,9224610,2026-10-06T05:17:39.464841+00:00,216879486246661,-195,-558,380,1644,875,3929,-6.825,-19.53,13.3,0.401136,0.2135,0.958676
295772,2817592773,9235352,2026-10-06T05:17:39.465386+00:00,216879486785428,-190,-534,407,1859,780,3900,-6.65,-18.69,14.245,0.453596,0.19032,0.9516
295773,2817602539,9245118,2026-10-06T05:17:39.466221+00:00,216879487625972,-156,-468,403,1684,754,3890,-5.46,-16.38,14.105,0.410896,0.183976,0.94916
295774,2817612304,9254883,2026-10-06T05:17:39.466859+00:00,216879488262261,-115,-450,413,1561,814,3866,-4.025,-15.75,14.455,0.380884,0.198616,0.943304
295775,2817622070,9264649,2026-10-06T05:17:39.468733+00:00,216879490143155,-87,-437,431,1142,938,3847,-3.045,-15.295,15.085,0.278648,0.228872,0.938668
295776,2817632812,9275391,2026-10-06T05:17:39.509873+00:00,216879531280479,-124,-505,504,1525,1006,3866,-4.34,-17.675,17.64,0.3721,0.245464,0.943304
295777,2817642578,9285157,2026-10-06T05:17:39.510680+00:00,216879532079984,-142,-542,549,1831,906,3819,-4.97,-18.97,19.215,0.446764,0.221064,0.931836
295778,2817652343,9294922,2026-10-06T05:17:39.511288+00:00,216879532694123,-119,-546,538,1880,779,3852,-4.165,-19.11,18.83,0.45872,0.190076,0.939888
295779,2817662109,9304688,2026-10-06T05:17:39.512022+00:00,216879533427633,-81,-558,532,2003,809,3883,-2.835,-19.53,18.62,0.488732,0.197396,0.947452
295780,2817672851,9315430,2026-10-06T05:17:39.554546+00:00,216879575957931,-36,-549,517,1779,676,3874,-1.26,-19.215,18.095,0.434076,0.164944,0.945256
295781,2817677734,9320313,2026-10-06T05:17:39.555401+00:00,216879576800106,32,-579,490,1674,727,3986,1.12,-20.265,17.15,0.408456,0.177388,0.972584
295782,2817687500,9330079,2026-10-06T05:17:39.556433+00:00,216879577831674,47,-631,469,1697,761,3987,1.645,-22.085,16.415,0.414068,0.185684,0.972828
295783,2817697265,9339844,2026-10-06T05:17:39.557601+00:00,216879579029786,71,-672,450,1855,643,3779,2.485,-23.52,15.75,0.45262,0.156892,0.922076
295784,2817707031,9349610,2026-10-06T05:17:39.558515+00:00,216879579919507,103,-757,445,2021,659,3840,3.605,-26.495,15.575,0.493124,0.160796,0.93696
295785,2817717773,9360352,2026-10-06T05:17:39.599794+00:00,216879621204056,145,-827,397,1855,761,3793,5.075,-28.945,13.895,0.45262,0.185684,0.925492
295786,2817727539,9370118,2026-10-06T05:17:39.600643+00:00,216879622048189,134,-965,378,1839,694,3825,4.69,-33.775,13.23,0.448716,0.169336,0.9333
295787,2817737304,9379883,2026-10-06T05:17:39.601700+00:00,216879623104981,163,-1088,367,1693,596,3872,5.705,-38.08,12.845,0.413092,0.145424,0.944768
295788,2817747070,9389649,2026-10-06T05:17:39.602605+00:00,216879624038928,264,-1234,353,1619,757,3899,9.24,-43.19,12.355,0.395036,0.184708,0.951356
295789,2817757812,9400391,2026-10-06T05:17:39.603660+00:00,216879625068295,266,-1458,393,1679,262,3205,9.31,-51.03,13.755,0.409676,0.063928,0.78202
295790,2817767578,9410157,2026-10-06T05:17:39.644830+00:00,216879666246863,415,-1785,457,2029,511,3757,14.525,-62.475,15.995,0.495076,0.124684,0.916708
295791,2817777343,9419922,2026-10-06T05:17:39.645437+00:00,216879666842712,468,-2003,431,1557,868,3900,16.38,-70.105,15.085,0.379908,0.211792,0.9516
295792,2817782226,9424805,2026-10-06T05:17:39.646288+00:00,216879667693722,503,-2225,320,1689,1224,4474,17.605,-77.875,11.2,0.412116,0.298656,1.091656
295793,2817791992,9434571,2026-10-06T05:17:39.646958+00:00,216879668363919,486,-2366,256,1234,1126,4066,17.01,-82.81,8.96,0.301096,0.274744,0.992104
295794,2817802734,9445313,2026-10-06T05:17:39.647562+00:00,216879668961987,506,-2678,259,1433,1132,3920,17.71,-93.73,9.065,0.349652,0.276208,0.95648
295795,2817812500,9455079,2026-10-06T05:17:39.690432+00:00,216879711829838,434,-3044,321,1731,924,3895,15.19,-106.54,11.235,0.422364,0.225456,0.95038
295796,2817822265,9464844,2026-10-06T05:17:39.690880+00:00,216879712272873,396,-3345,359,1884,901,4058,13.86,-117.075,12.565,0.459696,0.219844,0.990152
295797,2817832031,9474610,2026-10-06T05:17:39.691174+00:00,216879712565630,372,-3628,332,2037,1024,4025,13.02,-126.98,11.62,0.497028,0.249856,0.9821
295798,2817842773,9485352,2026-10-06T05:17:39.691467+00:00,216879712858343,326,-3950,271,2085,736,3499,11.41,-138.25,9.485,0.50874,0.179584,0.853756
295799,2817852539,9495118,2026-10-06T05:17:39.734560+00:00,216879755957774,315,-4389,273,2162,730,3658,11.025,-153.615,9.555,0.527528,0.17812,0.892552
295800,2817862304,9504883,2026-10-06T05:17:39.735006+00:00,216879756397112,291,-4784,319,1573,907,4048,10.185,-167.44,11.165,0.383812,0.221308,0.987712
295801,2817872070,9514649,2026-10-06T05:17:39.735480+00:00,216879756871173,187,-5225,430,1807,698,3746,6.545,-182.875,15.05,0.440908,0.170312,0.914024
295802,2817882812,9525391,2026-10-06T05:17:39.735970+00:00,216879757361923,160,-5712,591,2191,912,3647,5.6,-199.92,20.685,0.534604,0.222528,0.889868
295803,2817887695,9530274,2026-10-06T05:17:39.736243+00:00,216879757634905,84,-6167,687,2135,809,3467,2.94,-215.845,24.045,0.52094,0.197396,0.845948
295804,2817897460,9540039,2026-10-06T05:17:39.778251+00:00,216879799649107,91,-6652,783,2201,831,3416,3.185,-232.82,27.405,0.537044,0.202764,0.833504
295805,2817907226,9549805,2026-10-06T05:17:39.778428+00:00,216879799816763,64,-7099,917,2529,957,3585,2.24,-248.465,32.095,0.617076,0.233508,0.87474
295806,2817916992,9559571,2026-10-06T05:17:39.778764+00:00,216879800152912,-1,-7414,1049,2921,652,3614,-0.035,-259.49,36.715,0.712724,0.159088,0.881816
295807,2817927734,9570313,2026-10-06T05:17:39.781128+00:00,216879802517488,199,-7638,1116,3802,640,3819,6.965,-267.33,39.06,0.927688,0.15616,0.931836
295808,2817937500,9580079,2026-10-06T05:17:39.781363+00:00,216879802751737,531,-7715,1156,4704,555,3823,18.585,-270.025,40.46,1.147776,0.13542,0.932812
295809,2817947265,9589844,2026-10-06T05:17:39.824277+00:00,216879845671056,1115,-7690,1137,5432,729,4018,39.025,-269.15,39.795,1.325408,0.177876,0.980392
295810,2817957031,9599610,2026-10-06T05:17:39.824493+00:00,216879845882853,1664,-7576,1194,5305,1032,3904,58.24,-265.16,41.79,1.29442,0.251808,0.952576
295811,2817967773,9610352,2026-10-06T05:17:39.824764+00:00,216879846153308,1998,-7435,1368,5230,1383,3966,69.93,-260.225,47.88,1.27612,0.337452,0.967704
295812,2817972656,9615235,2026-10-06T05:17:39.825000+00:00,216879846390679,2063,-7277,1643,4566,1776,3769,72.205,-254.695,57.505,1.114104,0.433344,0.919636
295813,2817982421,9625000,2026-10-06T05:17:39.826264+00:00,216879847653266,1991,-7147,1938,4804,1728,4307,69.685,-250.145,67.83,1.172176,0.421632,1.050908
295814,2817992187,9634766,2026-10-06T05:17:39.868338+00:00,216879889739800,2092,-6718,2127,5178,1617,4369,73.22,-235.13,74.445,1.263432,0.394548,1.066036
295815,2818001953,9644532,2026-10-06T05:17:39.868557+00:00,216879889946904,2496,-6189,2215,4975,1937,3815,87.36,-216.615,77.525,1.2139,0.472628,0.93086
295816,2818012695,9655274,2026-10-06T05:17:39.869020+00:00,216879890411591,2695,-5701,2358,6138,1689,4408,94.325,-199.535,82.53,1.497672,0.412116,1.075552
295817,2818022460,9665039,2026-10-06T05:17:39.871085+00:00,216879892477051,2597,-4701,2611,5667,1019,4392,90.895,-164.535,91.385,1.382748,0.248636,1.071648
295818,2818032226,9674805,2026-10-06T05:17:39.914360+00:00,216879935757766,2347,-3510,3019,5085,341,4838,82.145,-122.85,105.665,1.24074,0.083204,1.180472
295819,2818041992,9684571,2026-10-06T05:17:39.914577+00:00,216879935967237,2497,-2056,3323,4428,1007,6008,87.395,-71.96,116.305,1.080432,0.245708,1.465952
295820,2818052734,9695313,2026-10-06T05:17:39.914854+00:00,216879936245137,2551,-490,3630,3880,1436,7246,89.285,-17.15,127.05,0.94672,0.350384,1.768024
295821,2818062500,9705079,2026-10-06T05:17:39.915136+00:00,216879936527591,2153,870,3947,3212,1398,5310,75.355,30.45,138.145,0.783728,0.341112,1.29564
295822,2818072265,9714844,2026-10-06T05:17:39.917117+00:00,216879938508319,2005,1680,3778,1748,2437,4634,70.175,58.8,132.23,0.426512,0.594628,1.130696
295823,2818082031,9724610,2026-10-06T05:17:39.958238+00:00,216879979635569,1530,2271,3584,-380,2581,2783,53.55,79.485,125.44,-0.09272,0.629764,0.679052
295824,2818087890,9730469,2026-10-06T05:17:39.958628+00:00,216879980021908,1052,2159,3207,-702,2379,1843,36.82,75.565,112.245,-0.171288,0.580476,0.449692
295825,2818097656,9740235,2026-10-06T05:17:39.958881+00:00,216879980272177,865,1841,2546,-362,2065,1577,30.275,64.435,89.11,-0.088328,0.50386,0.384788
295826,2818107421,9750000,2026-10-06T05:17:39.960085+00:00,216879981476844,1026,1616,1769,489,2264,2305,35.91,56.56,61.915,0.119316,0.552416,0.56242
295827,2818117187,9759766,2026-10-06T05:17:39.960302+00:00,216879981691714,1201,1701,833,1001,2636,2780,42.035,59.535,29.155,0.244244,0.643184,0.67832
295828,2818126953,9769532,2026-10-06T05:17:40.003380+00:00,216880024775245,1159,1960,-116,1532,2863,3172,40.565,68.6,-4.06,0.373808,0.698572,0.773968
295829,2818137695,9780274,2026-10-06T05:17:40.003685+00:00,216880025075075,902,2362,-945,2019,2637,3478,31.57,82.67,-33.075,0.492636,0.643428,0.848632
295830,2818147460,9790039,2026-10-06T05:17:40.004007+00:00,216880025396661,579,2869,-1601,2221,1956,3481,20.265,100.415,-56.035,0.541924,0.477264,0.849364
295831,2818157226,9799805,2026-10-06T05:17:40.005830+00:00,216880027224462,381,3387,-2072,2337,1212,3324,13.335,118.545,-72.52,0.570228,0.295728,0.811056
295832,2818166992,9809571,2026-10-06T05:17:40.049308+00:00,216880070704342,327,3844,-2334,2263,608,3027,11.445,134.54,-81.69,0.552172,0.148352,0.738588
295833,2818172851,9815430,2026-10-06T05:17:40.049528+00:00,216880070916979,359,4163,-2381,2234,165,2814,12.565,145.705,-83.335,0.545096,0.04026,0.686616
295834,2818182617,9825196,2026-10-06T05:17:40.049821+00:00,216880071209127,442,4378,-2264,2453,-57,2848,15.47,153.23,-79.24,0.598532,-0.013908,0.694912
295835,2818192382,9834961,2026-10-06T05:17:40.050103+00:00,216880071491039,509,4582,-2053,2735,-115,2948,17.815,160.37,-71.855,0.66734,-0.02806,0.719312
295836,2818202148,9844727,2026-10-06T05:17:40.052159+00:00,216880073557213,533,4796,-1822,2947,-40,3100,18.655,167.86,-63.77,0.719068,-0.00976,0.7564
295837,2818212890,9855469,2026-10-06T05:17:40.094237+00:00,216880115630373,530,5030,-1648,3267,60,3378,18.55,176.05,-57.68,0.797148,0.01464,0.824232
295838,2818222656,9865235,2026-10-06T05:17:40.094364+00:00,216880115753323,522,5317,-1579,3463,66,3476,18.27,186.095,-55.265,0.844972,0.016104,0.848144
295839,2818232421,9875000,2026-10-06T05:17:40.094502+00:00,216880115887691,527,5600,-1617,3416,23,3348,18.445,196.0,-56.595,0.833504,0.005612,0.816912
295840,2818242187,9884766,2026-10-06T05:17:40.094597+00:00,216880115985624,573,5804,-1719,3230,37,3125,20.055,203.14,-60.165,0.78812,0.009028,0.7625
295841,2818251953,9894532,2026-10-06T05:17:40.097103+00:00,216880118489522,592,5878,-1803,3045,188,2912,20.72,205.73,-63.105,0.74298,0.045872,0.710528
295842,2818262695,9905274,2026-10-06T05:17:40.138282+00:00,216880159678747,526,5831,-1841,3042,333,2901,18.41,204.085,-64.435,0.742248,0.081252,0.707844
295843,2818272460,9915039,2026-10-06T05:17:40.138411+00:00,216880159798592,423,5741,-1860,3202,511,3026,14.805,200.935,-65.1,0.781288,0.124684,0.738344
295844,2818282226,9924805,2026-10-06T05:17:40.138577+00:00,216880159964622,312,5682,-1890,3478,834,3277,10.92,198.87,-66.15,0.848632,0.203496,0.799588
295845,2818287109,9929688,2026-10-06T05:17:40.143098+00:00,216880164491117,173,5691,-1963,3566,1136,3460,6.055,199.185,-68.705,0.870104,0.277184,0.84424
295846,2818297851,9940430,2026-10-06T05:17:40.143250+00:00,216880164637515,-2,5727,-2074,3426,1283,3488,-0.07,200.445,-72.59,0.835944,0.313052,0.851072
295847,2818307617,9950196,2026-10-06T05:17:40.183204+00:00,216880204599568,-113,5732,-2232,3231,1405,3454,-3.955,200.62,-78.12,0.788364,0.34282,0.842776
295848,2818317382,9959961,2026-10-06T05:17:40.183326+00:00,216880204713578,-149,5686,-2445,3115,1609,3480,-5.215,199.01,-85.575,0.76006,0.392596,0.84912
295849,2818327148,9969727,2026-10-06T05:17:40.183500+00:00,216880204888361,-176,5598,-2702,3088,1771,3605,-6.16,195.93,-94.57,0.753472,0.432124,0.87962
295850,2818337890,9980469,2026-10-06T05:17:40.185838+00:00,216880207233460,-196,5503,-2987,3166,1817,3786,-6.86,192.605,-104.545,0.772504,0.443348,0.923784
295851,2818347656,9990235,2026-10-06T05:17:40.273190+00:00,216880294582149,-174,5424,-3289,3366,1810,4030,-6.09,189.84,-115.115,0.821304,0.44164,0.98332
295852,2818357421,10000000,2026-10-06T05:17:40.319216+00:00,216880340615333,-110,5391,-3591,3587,1775,4238,-3.85,188.685,-125.685,0.875228,0.4331,1.034072
295853,2818367187,10009766,2026-10-06T05:17:40.319888+00:00,216880341276482,-16,5395,-3890,3833,1893,4407,-0.56,188.825,-136.15,0.935252,0.461892,1.075308
295854,2818376953,10019532,2026-10-06T05:17:40.320003+00:00,216880341390751,1,5403,-4169,4101,2049,4522,0.035,189.105,-145.915,1.000644,0.499956,1.103368
295855,2818382812,10025391,2026-10-06T05:17:40.320194+00:00,216880341581241,-107,5403,-4410,4451,2103,4649,-3.745,189.105,-154.35,1.086044,0.513132,1.134356
295856,2818392578,10035157,2026-10-06T05:17:40.320353+00:00,216880341739335,-292,5413,-4604,4772,2015,4683,-10.22,189.455,-161.14,1.164368,0.49166,1.142652
295857,2818402343,10044922,2026-10-06T05:17:40.320581+00:00,216880341968195,-481,5415,-4748,4896,1692,4559,-16.835,189.525,-166.18,1.194624,0.412848,1.112396
295858,2818412109,10054688,2026-10-06T05:17:40.322040+00:00,216880343428870,-580,5357,-4841,5013,1098,4437,-20.3,187.495,-169.435,1.223172,0.267912,1.082628
295859,2818422851,10065430,2026-10-06T05:17:40.322227+00:00,216880343615476,-540,5257,-4843,5264,623,4410,-18.9,183.995,-169.505,1.284416,0.152012,1.07604
295860,2818432617,10075196,2026-10-06T05:17:40.408156+00:00,216880429567056,-483,5145,-4676,5588,278,4244,-16.905,180.075,-163.66,1.363472,0.067832,1.035536
295861,2818442382,10084961,2026-10-06T05:17:40.408372+00:00,216880429759628,-465,5024,-4337,5906,-3,3849,-16.275,175.84,-151.795,1.441064,-0.000732,0.939156
295862,2818452148,10094727,2026-10-06T05:17:40.408541+00:00,216880429928497,-474,4858,-3875,6023,-195,3205,-16.59,170.03,-135.625,1.469612,-0.04758,0.78202
295863,2818462890,10105469,2026-10-06T05:17:40.410872+00:00,216880432258956,-486,4601,-3345,6133,-276,2573,-17.01,161.035,-117.075,1.496452,-0.067344,0.627812
295864,2818472656,10115235,2026-10-06T05:17:40.410927+00:00,216880432311882,-505,4265,-2770,6075,-310,1875,-17.675,149.275,-96.95,1.4823,-0.07564,0.4575
295865,2818477539,10120118,2026-10-06T05:17:40.410966+00:00,216880432350616,-463,3840,-2190,5838,-459,1108,-16.205,134.4,-76.65,1.424472,-0.111996,0.270352
295866,2818487304,10129883,2026-10-06T05:17:40.412050+00:00,216880433437655,-263,3301,-1683,5591,-762,343,-9.205,115.535,-58.905,1.364204,-0.185928,0.083692
295867,2818497070,10139649,2026-10-06T05:17:40.453124+00:00,216880474522762,127,2666,-1298,6006,-764,-134,4.445,93.31,-45.43,1.465464,-0.186416,-0.032696
295868,2818507812,10150391,2026-10-06T05:17:40.453262+00:00,216880474650275,473,2060,-966,6391,-186,-693,16.555,72.1,-33.81,1.559404,-0.045384,-0.169092
295869,2818517578,10160157,2026-10-06T05:17:40.456025+00:00,216880477414014,475,1415,-648,6467,65,-1374,16.625,49.525,-22.68,1.577948,0.01586,-0.335256
295870,2818527343,10169922,2026-10-06T05:17:40.456120+00:00,216880477506428,262,605,-406,6506,-6,-1970,9.17,21.175,-14.21,1.587464,-0.001464,-0.48068
295871,2818537109,10179688,2026-10-06T05:17:40.456345+00:00,216880477731705,38,-290,-222,6833,-41,-2190,1.33,-10.15,-7.77,1.667252,-0.010004,-0.53436
295872,2818547851,10190430,2026-10-06T05:17:40.456577+00:00,216880477964875,-222,-1222,-13,6746,247,-2269,-7.77,-42.77,-0.455,1.646024,0.060268,-0.553636
295873,2818557617,10200196,2026-10-06T05:17:40.458941+00:00,216880480328464,-658,-2187,242,2030,-249,458,-23.03,-76.545,8.47,0.49532,-0.060756,0.111752
295874,2818567382,10209961,2026-10-06T05:17:40.459123+00:00,216880480509649,-625,-2602,556,637,393,6797,-21.875,-91.07,19.46,0.155428,0.095892,1.658468
295875,2818577148,10219727,2026-10-06T05:17:40.459323+00:00,216880480709607,-634,-2314,871,-2293,-8,9516,-22.19,-80.99,30.485,-0.559492,-0.001952,2.321904
295876,2818587890,10230469,2026-10-06T05:17:40.459526+00:00,216880480914292,-251,-2176,1036,-4769,351,4433,-8.785,-76.16,36.26,-1.163636,0.085644,1.081652
295877,2818592773,10235352,2026-10-06T05:17:40.459780+00:00,216880481168903,-350,-3425,1493,-3830,-210,638,-12.25,-119.875,52.255,-0.93452,-0.05124,0.155672
295878,2818602539,10245118,2026-10-06T05:17:40.462122+00:00,216880483510626,-278,-5129,1716,94,-323,1785,-9.73,-179.515,60.06,0.022936,-0.078812,0.43554
295879,2818612304,10254883,2026-10-06T05:17:40.462233+00:00,216880483620655,210,-5837,1434,4126,762,5217,7.35,-204.295,50.19,1.006744,0.185928,1.272948
295880,2818622070,10264649,2026-10-06T05:17:40.498161+00:00,216880519555926,632,-5106,840,5013,1200,6670,22.12,-178.71,29.4,1.223172,0.2928,1.62748
295881,2818632812,10275391,2026-10-06T05:17:40.498293+00:00,216880519678835,952,-3958,273,3840,1159,6065,33.32,-138.53,9.555,0.93696,0.282796,1.47986
295882,2818642578,10285157,2026-10-06T05:17:40.500028+00:00,216880521417597,1057,-3222,90,2339,1078,4643,36.995,-112.77,3.15,0.570716,0.263032,1.132892
295883,2818652343,10294922,2026-10-06T05:17:40.500193+00:00,216880521581332,1045,-3026,181,2582,1679,4809,36.575,-105.91,6.335,0.630008,0.409676,1.173396
295884,2818662109,10304688,2026-10-06T05:17:40.543227+00:00,216880564619460,854,-2804,309,4271,2647,6340,29.89,-98.14,10.815,1.042124,0.645868,1.54696
295885,2818672851,10315430,2026-10-06T05:17:40.588156+00:00,216880609552582,258,-2008,417,5093,2701,6255,9.03,-70.28,14.595,1.242692,0.659044,1.52622
295886,2818677734,10320313,2026-10-06T05:17:40.588285+00:00,216880609671470,37,-925,119,3000,2476,4507,1.295,-32.375,4.165,0.732,0.604144,1.099708
295887,2818687500,10330079,2026-10-06T05:17:40.588458+00:00,216880609846742,-85,-586,-29,1680,1588,4230,-2.975,-20.51,-1.015,0.40992,0.387472,1.03212
295888,2818697265,10339844,2026-10-06T05:17:40.589973+00:00,216880611360546,-141,-505,-42,1649,1077,4442,-4.935,-17.675,-1.47,0.402356,0.262788,1.083848
295889,2818707031,10349610,2026-10-06T05:17:40.590080+00:00,216880611467146,-98,-417,-11,1939,749,4181,-3.43,-14.595,-0.385,0.473116,0.182756,1.020164
295890,2818717773,10360352,2026-10-06T05:17:40.590246+00:00,216880611632473,4,-311,26,1828,773,3813,0.14,-10.885,0.91,0.446032,0.188612,0.930372
295891,2818727539,10370118,2026-10-06T05:17:40.591941+00:00,216880613328317,115,-229,18,2000,1194,3981,4.025,-8.015,0.63,0.488,0.291336,0.971364
295892,2818737304,10379883,2026-10-06T05:17:40.592132+00:00,216880613520221,127,-88,-9,1725,1212,4057,4.445,-3.08,-0.315,0.4209,0.295728,0.989908
295893,2818747070,10389649,2026-10-06T05:17:40.593986+00:00,216880615373681,167,9,-50,1630,1133,3911,5.845,0.315,-1.75,0.39772,0.276452,0.954284
295894,2818757812,10400391,2026-10-06T05:17:40.634454+00:00,216880655850827,192,58,-65,1660,1153,3741,6.72,2.03,-2.275,0.40504,0.281332,0.912804
295895,2818767578,10410157,2026-10-06T05:17:40.634850+00:00,216880656241886,181,80,-74,1052,1246,4000,6.335,2.8,-2.59,0.256688,0.304024,0.976
295896,2818777343,10419922,2026-10-06T05:17:40.635239+00:00,216880656628231,141,57,-115,1037,910,3702,4.935,1.995,-4.025,0.253028,0.22204,0.903288
295897,2818782226,10424805,2026-10-06T05:17:40.635475+00:00,216880656865446,133,-23,-71,1076,1055,3768,4.655,-0.805,-2.485,0.262544,0.25742,0.919392
295898,2818791992,10434571,2026-10-06T05:17:40.637024+00:00,216880658415275,120,-88,-67,1077,1159,3799,4.2,-3.08,-2.345,0.262788,0.282796,0.926956
295899,2818802734,10445313,2026-10-06T05:17:40.678232+00:00,216880699625277,79,-107,-48,1035,1104,3702,2.765,-3.745,-1.68,0.25254,0.269376,0.903288
295900,2818812500,10455079,2026-10-06T05:17:40.678360+00:00,216880699748773,61,-151,-17,1213,1162,3896,2.135,-5.285,-0.595,0.295972,0.283528,0.950624
295901,2818822265,10464844,2026-10-06T05:17:40.678495+00:00,216880699881710,79,-140,-12,1501,1252,3937,2.765,-4.9,-0.42,0.366244,0.305488,0.960628
295902,2818832031,10474610,2026-10-06T05:17:40.681056+00:00,216880702442967,81,-86,-12,1407,1172,3832,2.835,-3.01,-0.42,0.343308,0.285968,0.935008
295903,2818842773,10485352,2026-10-06T05:17:40.723087+00:00,216880744482346,80,-67,-12,1358,1127,3878,2.8,-2.345,-0.42,0.331352,0.274988,0.946232
295904,2818852539,10495118,2026-10-06T05:17:40.723202+00:00,216880744589506,71,-71,10,1269,1126,3938,2.485,-2.485,0.35,0.309636,0.274744,0.960872
295905,2818862304,10504883,2026-10-06T05:17:40.723367+00:00,216880744753873,77,-75,12,1421,1091,3905,2.695,-2.625,0.42,0.346724,0.266204,0.95282
295906,2818872070,10514649,2026-10-06T05:17:40.724921+00:00,216880746308236,78,-70,20,1256,1065,3984,2.73,-2.45,0.7,0.306464,0.25986,0.972096
295907,2818882812,10525391,2026-10-06T05:17:40.725090+00:00,216880746476409,79,-68,8,1223,853,3916,2.765,-2.38,0.28,0.298412,0.208132,0.955504
295908,2818887695,10530274,2026-10-06T05:17:40.773895+00:00,216880795310753,123,-84,13,1492,802,3934,4.305,-2.94,0.455,0.364048,0.195688,0.959896
295909,2818897460,10540039,2026-10-06T05:17:40.774195+00:00,216880795595728,170,-101,9,1600,846,3852,5.95,-3.535,0.315,0.3904,0.206424,0.939888
295910,2818907226,10549805,2026-10-06T05:17:40.776198+00:00,216880797608090,212,-93,3,1743,1082,3881,7.42,-3.255,0.105,0.425292,0.264008,0.946964
295911,2818916992,10559571,2026-10-06T05:17:40.777082+00:00,216880798489164,248,-51,-7,1515,1378,3937,8.68,-1.785,-0.245,0.36966,0.336232,0.960628
295912,2818927734,10570313,2026-10-06T05:17:40.777616+00:00,216880799034647,237,-52,-13,1420,1505,3916,8.295,-1.82,-0.455,0.34648,0.36722,0.955504
295913,2818937500,10580079,2026-10-06T05:17:40.813248+00:00,216880834643353,201,-50,-27,1504,1307,3904,7.035,-1.75,-0.945,0.366976,0.318908,0.952576
295914,2818947265,10589844,2026-10-06T05:17:40.813407+00:00,216880834794448,176,-51,-1,1521,1096,3934,6.16,-1.785,-0.035,0.371124,0.267424,0.959896
295915,2818957031,10599610,2026-10-06T05:17:40.813728+00:00,216880835116049,183,-57,-9,1394,1000,3735,6.405,-1.995,-0.315,0.340136,0.244,0.91134
295916,2818967773,10610352,2026-10-06T05:17:40.816106+00:00,216880837496758,204,-91,-18,1387,1014,3812,7.14,-3.185,-0.63,0.338428,0.247416,0.930128
295917,2818972656,10615235,2026-10-06T05:17:40.816303+00:00,216880837693100,218,-126,16,1355,1127,3860,7.63,-4.41,0.56,0.33062,0.274988,0.94184
295918,2818982421,10625000,2026-10-06T05:17:40.858151+00:00,216880879545020,204,-145,33,1424,1083,3768,7.14,-5.075,1.155,0.347456,0.264252,0.919392
295919,2818992187,10634766,2026-10-06T05:17:40.858285+00:00,216880879673711,203,-148,34,1389,1231,3882,7.105,-5.18,1.19,0.338916,0.300364,0.947208
295920,2819001953,10644532,2026-10-06T05:17:40.858476+00:00,216880879863526,192,-151,28,1316,1242,3826,6.72,-5.285,0.98,0.321104,0.303048,0.933544
295921,2819012695,10655274,2026-10-06T05:17:40.859975+00:00,216880881362569,176,-160,28,1395,1214,3716,6.16,-5.6,0.98,0.34038,0.296216,0.906704
295922,2819022460,10665039,2026-10-06T05:17:40.903200+00:00,216880924595771,149,-180,48,1340,1231,3739,5.215,-6.3,1.68,0.32696,0.300364,0.912316
295923,2819032226,10674805,2026-10-06T05:17:40.903332+00:00,216880924719586,113,-207,73,1480,1147,3649,3.955,-7.245,2.555,0.36112,0.279868,0.890356
295924,2819041992,10684571,2026-10-06T05:17:40.903466+00:00,216880924854104,87,-224,117,1428,1184,3794,3.045,-7.84,4.095,0.348432,0.288896,0.925736
295925,2819052734,10695313,2026-10-06T05:17:40.904944+00:00,216880926332943,70,-210,126,1236,1292,3925,2.45,-7.35,4.41,0.301584,0.315248,0.9577
295926,2819062500,10705079,2026-10-06T05:17:40.905125+00:00,216880926513532,31,-223,161,1270,1213,3580,1.085,-7.805,5.635,0.30988,0.295972,0.87352
295927,2819072265,10714844,2026-10-06T05:17:40.948201+00:00,216880969596870,-32,-290,200,1690,1171,3671,-1.12,-10.15,7.0,0.41236,0.285724,0.895724
295928,2819082031,10724610,2026-10-06T05:17:40.948351+00:00,216880969750361,-68,-268,187,1329,1203,3907,-2.38,-9.38,6.545,0.324276,0.293532,0.953308
295929,2819087890,10730469,2026-10-06T05:17:40.950014+00:00,216880971401632,-75,-287,204,1312,1085,3685,-2.625,-10.045,7.14,0.320128,0.26474,0.89914
295930,2819097656,10740235,2026-10-06T05:17:40.950190+00:00,216880971592746,-72,-326,223,1625,1226,3785,-2.52,-11.41,7.805,0.3965,0.299144,0.92354
295931,2819107421,10750000,2026-10-06T05:17:40.950404+00:00,216880971792963,-81,-311,205,1579,1164,3906,-2.835,-10.885,7.175,0.385276,0.284016,0.953064
295932,2819117187,10759766,2026-10-06T05:17:40.993198+00:00,216881014592865,-89,-282,191,1444,1104,3842,-3.115,-9.87,6.685,0.352336,0.269376,0.937448
295933,2819126953,10769532,2026-10-06T05:17:40.993431+00:00,216881014817021,-100,-281,194,1364,1197,3779,-3.5,-9.835,6.79,0.332816,0.292068,0.922076
295934,2819137695,10780274,2026-10-06T05:17:40.993680+00:00,216881015066717,-140,-320,208,1418,1166,3804,-4.9,-11.2,7.28,0.345992,0.284504,0.928176
295935,2819147460,10790039,2026-10-06T05:17:40.994985+00:00,216881016371867,-171,-343,217,1515,1054,3743,-5.985,-12.005,7.595,0.36966,0.257176,0.913292
295936,2819157226,10799805,2026-10-06T05:17:41.041347+00:00,216881062759567,-182,-370,236,1567,1137,3691,-6.37,-12.95,8.26,0.382348,0.277428,0.900604
295937,2819166992,10809571,2026-10-06T05:17:41.042075+00:00,216881063480067,-222,-390,239,1403,1176,3856,-7.77,-13.65,8.365,0.342332,0.286944,0.940864
295938,2819172851,10815430,2026-10-06T05:17:41.042701+00:00,216881064100708,-242,-408,244,1391,1106,3783,-8.47,-14.28,8.54,0.339404,0.269864,0.923052
295939,2819182617,10825196,2026-10-06T05:17:41.043945+00:00,216881065344655,-269,-429,257,1433,1155,3868,-9.415,-15.015,8.995,0.349652,0.28182,0.943792
295940,2819192382,10834961,2026-10-06T05:17:41.044512+00:00,216881065908404,-290,-441,261,1370,1149,3798,-10.15,-15.435,9.135,0.33428,0.280356,0.926712
295941,2819202148,10844727,2026-10-06T05:17:41.083422+00:00,216881104826010,-335,-473,283,1476,1192,3905,-11.725,-16.555,9.905,0.360144,0.290848,0.95282
295942,2819212890,10855469,2026-10-06T05:17:41.083983+00:00,216881105376047,-359,-469,278,1557,1070,3780,-12.565,-16.415,9.73,0.379908,0.26108,0.92232
295943,2819222656,10865235,2026-10-06T05:17:41.084279+00:00,216881105670888,-358,-475,278,1522,1093,3806,-12.53,-16.625,9.73,0.371368,0.266692,0.928664
295944,2819232421,10875000,2026-10-06T05:17:41.086129+00:00,216881107523071,-352,-481,273,1281,1107,3860,-12.32,-16.835,9.555,0.312564,0.270108,0.94184
295945,2819242187,10884766,2026-10-06T05:17:41.086352+00:00,216881107745132,-360,-520,289,1499,1082,3835,-12.6,-18.2,10.115,0.365756,0.264008,0.93574
295946,2819251953,10894532,2026-10-06T05:17:41.128197+00:00,216881149591956,-367,-540,309,1760,1047,3772,-12.845,-18.9,10.815,0.42944,0.255468,0.920368
295947,2819262695,10905274,2026-10-06T05:17:41.174511+00:00,216881195907279,-359,-532,302,1673,1007,3848,-12.565,-18.62,10.57,0.408212,0.245708,0.938912
295948,2819272460,10915039,2026-10-06T05:17:41.174705+00:00,216881196093892,-344,-534,302,1827,919,3753,-12.04,-18.69,10.57,0.445788,0.224236,0.915732
295949,2819282226,10924805,2026-10-06T05:17:41.174834+00:00,216881196221275,-305,-513,290,1588,1034,3969,-10.675,-17.955,10.15,0.387472,0.252296,0.968436
295950,2819287109,10929688,2026-10-06T05:17:41.174998+00:00,216881196385740,-259,-489,268,1272,1001,3798,-9.065,-17.115,9.38,0.310368,0.244244,0.926712
295951,2819297851,10940430,2026-10-06T05:17:41.175286+00:00,216881196673022,-265,-537,309,1358,991,3840,-9.275,-18.795,10.815,0.331352,0.241804,0.93696
295952,2819307617,10950196,2026-10-06T05:17:41.176996+00:00,216881198383304,-263,-569,355,1526,1056,3877,-9.205,-19.915,12.425,0.372344,0.257664,0.945988
295953,2819317382,10959961,2026-10-06T05:17:41.177168+00:00,216881198555861,-272,-571,385,1628,882,3802,-9.52,-19.985,13.475,0.397232,0.215208,0.927688
295954,2819327148,10969727,2026-10-06T05:17:41.177332+00:00,216881198720201,-252,-575,429,1819,896,3895,-8.82,-20.125,15.015,0.443836,0.218624,0.95038
295955,2819337890,10980469,2026-10-06T05:17:41.218191+00:00,216881239588458,-223,-545,450,1908,827,3826,-7.805,-19.075,15.75,0.465552,0.201788,0.933544
295956,2819347656,10990235,2026-10-06T05:17:41.218368+00:00,216881239754909,-166,-489,438,1448,1030,4023,-5.81,-17.115,15.33,0.353312,0.25132,0.981612
295957,2819357421,11000000,2026-10-06T05:17:41.218510+00:00,216881239898301,-165,-513,441,1647,860,3785,-5.775,-17.955,15.435,0.401868,0.20984,0.92354
295958,2819367187,11009766,2026-10-06T05:17:41.219905+00:00,216881241293724,-137,-555,474,2025,790,3776,-4.795,-19.425,16.59,0.4941,0.19276,0.921344
295959,2819376953,11019532,2026-10-06T05:17:41.220042+00:00,216881241430229,-105,-532,453,1642,777,3895,-3.675,-18.62,15.855,0.400648,0.189588,0.95038
295960,2819382812,11025391,2026-10-06T05:17:41.264182+00:00,216881285577553,-66,-571,438,1790,880,3825,-2.31,-19.985,15.33,0.43676,0.21472,0.9333
295961,2819392578,11035157,2026-10-06T05:17:41.264311+00:00,216881285697749,-37,-607,440,1800,755,3857,-1.295,-21.245,15.4,0.4392,0.18422,0.941108
295962,2819402343,11044922,2026-10-06T05:17:41.264420+00:00,216881285808228,22,-644,408,1795,787,3877,0.77,-22.54,14.28,0.43798,0.192028,0.945988
295963,2819412109,11054688,2026-10-06T05:17:41.264542+00:00,216881285929557,76,-681,360,1849,796,3906,2.66,-23.835,12.6,0.451156,0.194224,0.953064
295964,2819422851,11065430,2026-10-06T05:17:41.266056+00:00,216881287443925,102,-733,328,1798,780,3737,3.57,-25.655,11.48,0.438712,0.19032,0.911828
295965,2819432617,11075196,2026-10-06T05:17:41.308084+00:00,216881329479645,130,-834,299,1774,693,3715,4.55,-29.19,10.465,0.432856,0.169092,0.90646
295966,2819442382,11084961,2026-10-06T05:17:41.308209+00:00,216881329596836,194,-959,272,1842,747,3791,6.79,-33.565,9.52,0.449448,0.182268,0.925004
295967,2819452148,11094727,2026-10-06T05:17:41.308549+00:00,216881329936250,206,-1080,276,1841,706,3766,7.21,-37.8,9.66,0.449204,0.172264,0.918904
295968,2819462890,11105469,2026-10-06T05:17:41.309988+00:00,216881331377341,227,-1235,295,1549,569,3269,7.945,-43.225,10.325,0.377956,0.138836,0.797636
295969,2819472656,11115235,2026-10-06T05:17:41.353108+00:00,216881374502526,355,-1507,322,2123,511,3792,12.425,-52.745,11.27,0.518012,0.124684,0.925248
295970,2819477539,11120118,2026-10-06T05:17:41.353227+00:00,216881374614299,497,-1648,326,1734,1100,3806,17.395,-57.68,11.41,0.423096,0.2684,0.928664
295971,2819487304,11129883,2026-10-06T05:17:41.353395+00:00,216881374782298,477,-1772,251,1535,1292,4357,16.695,-62.02,8.785,0.37454,0.315248,1.063108
295972,2819497070,11139649,2026-10-06T05:17:41.355981+00:00,216881377369686,461,-1914,209,1291,1457,3878,16.135,-66.99,7.315,0.315004,0.355508,0.946232
295973,2819507812,11150391,2026-10-06T05:17:41.356146+00:00,216881377534621,392,-2221,269,1684,1080,3746,13.72,-77.735,9.415,0.410896,0.26352,0.914024
295974,2819517578,11160157,2026-10-06T05:17:41.398146+00:00,216881419541050,455,-2546,331,1790,810,3838,15.925,-89.11,11.585,0.43676,0.19764,0.936472
295975,2819527343,11169922,2026-10-06T05:17:41.398272+00:00,216881419659837,577,-2812,355,1430,966,4162,20.195,-98.42,12.425,0.34892,0.235704,1.015528
295976,2819537109,11179688,2026-10-06T05:17:41.400213+00:00,216881421608180,574,-3102,362,1803,1156,3929,20.09,-108.57,12.67,0.439932,0.282064,0.958676
295977,2819547851,11190430,2026-10-06T05:17:41.400589+00:00,216881421978503,476,-3440,351,2137,871,3736,16.66,-120.4,12.285,0.521428,0.212524,0.911584
295978,2819557617,11200196,2026-10-06T05:17:41.400850+00:00,216881422239132,478,-3790,289,1788,778,3915,16.73,-132.65,10.115,0.436272,0.189832,0.95526
295979,2819567382,11209961,2026-10-06T05:17:41.443313+00:00,216881464709227,452,-4166,270,1925,494,3772,15.82,-145.81,9.45,0.4697,0.120536,0.920368
295980,2819577148,11219727,2026-10-06T05:17:41.443523+00:00,216881464911576,490,-4556,326,2014,940,3782,17.15,-159.46,11.41,0.491416,0.22936,0.922808
295981,2819587890,11230469,2026-10-06T05:17:41.443791+00:00,216881465193058,433,-4996,406,1965,1080,3650,15.155,-174.86,14.21,0.47946,0.26352,0.8906
295982,2819592773,11235352,2026-10-06T05:17:41.446055+00:00,216881467443359,346,-5475,518,1791,1090,3671,12.11,-191.625,18.13,0.437004,0.26596,0.895724
295983,2819602539,11245118,2026-10-06T05:17:41.446258+00:00,216881467644482,249,-5978,646,2021,938,3602,8.715,-209.23,22.61,0.493124,0.228872,0.878888
295984,2819612304,11254883,2026-10-06T05:17:41.489132+00:00,216881510527538,259,-6417,750,2241,936,3475,9.065,-224.595,26.25,0.546804,0.228384,0.8479
295985,2819622070,11264649,2026-10-06T05:17:41.489309+00:00,216881510696170,247,-6836,841,2482,885,3271,8.645,-239.26,29.435,0.605608,0.21594,0.798124
295986,2819632812,11275391,2026-10-06T05:17:41.489548+00:00,216881510935091,333,-7230,882,2995,791,3487,11.655,-253.05,30.87,0.73078,0.193004,0.850828
295987,2819642578,11285157,2026-10-06T05:17:41.491970+00:00,216881513356998,463,-7476,899,3289,566,3890,16.205,-261.66,31.465,0.802516,0.138104,0.94916
295988,2819652343,11294922,2026-10-06T05:17:41.535302+00:00,216881556730272,849,-7630,853,3896,361,3656,29.715,-267.05,29.855,0.950624,0.088084,0.892064
295989,2819662109,11304688,2026-10-06T05:17:41.536534+00:00,216881557941647,1477,-7771,807,4842,691,3562,51.695,-271.985,28.245,1.181448,0.168604,0.869128
295990,2819672851,11315430,2026-10-06T05:17:41.538163+00:00,216881559577889,2038,-7812,815,5396,906,4140,71.33,-273.42,28.525,1.316624,0.221064,1.01016
295991,2819677734,11320313,2026-10-06T05:17:41.539134+00:00,216881560548805,2506,-7713,928,5296,1374,3873,87.71,-269.955,32.48,1.292224,0.335256,0.945012
295992,2819687500,11330079,2026-10-06T05:17:41.540160+00:00,216881561575746,2637,-7639,1163,5069,1737,3655,92.295,-267.365,40.705,1.236836,0.423828,0.89182
295993,2819697265,11339844,2026-10-06T05:17:41.578209+00:00,216881599605157,2519,-7574,1483,4632,1575,3819,88.165,-265.09,51.905,1.130208,0.3843,0.931836
295994,2819707031,11349610,2026-10-06T05:17:41.578416+00:00,216881599805551,2638,-7436,1706,4450,1731,4006,92.33,-260.26,59.71,1.0858,0.422364,0.977464
295995,2819717773,11360352,2026-10-06T05:17:41.578703+00:00,216881600091372,2747,-7163,1912,4250,2067,3587,96.145,-250.705,66.92,1.037,0.504348,0.875228
295996,2819727539,11370118,2026-10-06T05:17:41.579987+00:00,216881601375673,2830,-6894,2034,5225,2070,3858,99.05,-241.29,71.19,1.2749,0.50508,0.941352
295997,2819737304,11379883,2026-10-06T05:17:41.580199+00:00,216881601586712,3055,-6287,2088,5931,1517,3864,106.925,-220.045,73.08,1.447164,0.370148,0.942816
295998,2819747070,11389649,2026-10-06T05:17:41.669209+00:00,216881690605701,3272,-5466,2199,5769,1582,3330,114.52,-191.31,76.965,1.407636,0.386008,0.81252
295999,2819757812,11400391,2026-10-06T05:17:41.669382+00:00,216881690771275,3062,-4508,2398,6016,1060,3958,107.17,-157.78,83.93,1.467904,0.25864,0.965752
296000,2819767578,11410157,2026-10-06T05:17:41.669558+00:00,216881690944590,3089,-3104,2426,5135,1530,4528,108.115,-108.64,84.91,1.25294,0.37332,1.104832
296001,2819777343,11419922,2026-10-06T05:17:41.669734+00:00,216881691121963,2949,-1635,2508,5079,2836,6376,103.215,-57.225,87.78,1.239276,0.691984,1.555744
296002,2819782226,11424805,2026-10-06T05:17:41.672001+00:00,216881693389453,1947,-10,2725,3791,2305,5516,68.145,-0.35,95.375,0.925004,0.56242,1.345904
296003,2819791992,11434571,2026-10-06T05:17:41.672255+00:00,216881693643702,1324,1062,2575,4495,2979,6157,46.34,37.17,90.125,1.09678,0.726876,1.502308
296004,2819802734,11445313,2026-10-06T05:17:41.672536+00:00,216881693924249,550,2262,2317,257,2269,3053,19.25,79.17,81.095,0.062708,0.553636,0.744932
296005,2819812500,11455079,2026-10-06T05:17:41.672800+00:00,216881694189084,127,2406,2162,-223,1931,1886,4.445,84.21,75.67,-0.054412,0.471164,0.460184
296006,2819822265,11464844,2026-10-06T05:17:41.675022+00:00,216881696410088,-156,2159,1945,-543,1366,844,-5.46,75.565,68.075,-0.132492,0.333304,0.205936
296007,2819832031,11474610,2026-10-06T05:17:41.714324+00:00,216881735719516,-63,1738,1645,-149,1200,1126,-2.205,60.83,57.575,-0.036356,0.2928,0.274744
296008,2819842773,11485352,2026-10-06T05:17:41.714441+00:00,216881735851032,151,1497,1229,220,1237,1535,5.285,52.395,43.015,0.05368,0.301828,0.37454
296009,2819852539,11495118,2026-10-06T05:17:41.714643+00:00,216881736043306,395,1442,708,1062,1660,2185,13.825,50.47,24.78,0.259128,0.40504,0.53314
296010,2819862304,11504883,2026-10-06T05:17:41.714903+00:00,216881736290063,422,1660,172,1856,2010,2822,14.77,58.1,6.02,0.452864,0.49044,0.688568
296011,2819872070,11514649,2026-10-06T05:17:41.716077+00:00,216881737465189,250,2138,-340,2610,2001,3336,8.75,74.83,-11.9,0.63684,0.488244,0.813984
296012,2819882812,11525391,2026-10-06T05:17:41.758116+00:00,216881779511184,-6,2824,-790,2987,1747,3472,-0.21,98.84,-27.65,0.728828,0.426268,0.847168
296013,2819887695,11530274,2026-10-06T05:17:41.758232+00:00,216881779619462,-254,3564,-1139,3194,1299,3418,-8.89,124.74,-39.865,0.779336,0.316956,0.833992
296014,2819897460,11540039,2026-10-06T05:17:41.758418+00:00,216881779807079,-396,4284,-1363,3180,843,3188,-13.86,149.94,-47.705,0.77592,0.205692,0.777872
296015,2819907226,11549805,2026-10-06T05:17:41.759886+00:00,216881781273864,-458,4880,-1446,2883,422,2695,-16.03,170.8,-50.61,0.703452,0.102968,0.65758
296016,2819916992,11559571,2026-10-06T05:17:41.760150+00:00,216881781536688,-437,5256,-1402,2566,95,2256,-15.295,183.96,-49.07,0.626104,0.02318,0.550464
296017,2819927734,11570313,2026-10-06T05:17:41.803918+00:00,216881825312701,-323,5416,-1291,2305,-65,1907,-11.305,189.56,-45.185,0.56242,-0.01586,0.465308
296018,2819937500,11580079,2026-10-06T05:17:41.804094+00:00,216881825480230,-180,5398,-1160,2319,14,1835,-6.3,188.93,-40.6,0.565836,0.003416,0.44774
296019,2819947265,11589844,2026-10-06T05:17:41.804267+00:00,216881825654409,-60,5318,-1059,2589,217,2074,-2.1,186.13,-37.065,0.631716,0.052948,0.506056
296020,2819957031,11599610,2026-10-06T05:17:41.804440+00:00,216881825827900,1,5289,-1036,2992,461,2470,0.035,185.115,-36.26,0.730048,0.112484,0.60268
296021,2819967773,11610352,2026-10-06T05:17:41.848215+00:00,216881869622226,2,5372,-1097,3516,586,2973,0.07,188.02,-38.395,0.857904,0.142984,0.725412
296022,2819972656,11615235,2026-10-06T05:17:41.848365+00:00,216881869750796,-31,5593,-1206,3832,573,3251,-1.085,195.755,-42.21,0.935008,0.139812,0.793244
296023,2819982421,11625000,2026-10-06T05:17:41.848744+00:00,216881870132516,-35,5872,-1303,3906,388,3277,-1.225,205.52,-45.605,0.953064,0.094672,0.799588
296024,2819992187,11634766,2026-10-06T05:17:41.849996+00:00,216881871385451,35,6118,-1360,3678,284,3020,1.225,214.13,-47.6,0.897432,0.069296,0.73688
296025,2820001953,11644532,2026-10-06T05:17:41.850291+00:00,216881871679908,132,6223,-1357,3391,376,2713,4.62,217.805,-47.495,0.827404,0.091744,0.661972
296026,2820012695,11655274,2026-10-06T05:17:41.894114+00:00,216881915508792,182,6173,-1310,3187,623,2538,6.37,216.055,-45.85,0.777628,0.152012,0.619272
296027,2820022460,11665039,2026-10-06T05:17:41.894273+00:00,216881915661189,154,6016,-1272,3153,887,2595,5.39,210.56,-44.52,0.769332,0.216428,0.63318
296028,2820032226,11674805,2026-10-06T05:17:41.894605+00:00,216881915993628,102,5836,-1305,3213,1007,2840,3.57,204.26,-45.675,0.783972,0.245708,0.69296
296029,2820041992,11684571,2026-10-06T05:17:41.894826+00:00,216881916214876,112,5707,-1442,3367,1171,3133,3.92,199.745,-50.47,0.821548,0.285724,0.764452
296030,2820052734,11695313,2026-10-06T05:17:41.896972+00:00,216881918358613,139,5648,-1659,3443,1617,3353,4.865,197.68,-58.065,0.840092,0.394548,0.818132
296031,2820062500,11705079,2026-10-06T05:17:41.939829+00:00,216881961243449,30,5611,-1916,3362,1928,3421,1.05,196.385,-67.06,0.820328,0.470432,0.834724
296032,2820072265,11714844,2026-10-06T05:17:41.940513+00:00,216881961917106,-140,5545,-2208,3297,1989,3486,-4.9,194.075,-77.28,0.804468,0.485316,0.850584
296033,2820082031,11724610,2026-10-06T05:17:41.941207+00:00,216881962613299,-254,5455,-2555,3323,1988,3626,-8.89,190.925,-89.425,0.810812,0.485072,0.884744
296034,2820087890,11730469,2026-10-06T05:17:41.941962+00:00,216881963369180,-284,5372,-2961,3504,2004,3907,-9.94,188.02,-103.635,0.854976,0.488976,0.953308
296035,2820097656,11740235,2026-10-06T05:17:41.942503+00:00,216881963911116,-272,5341,-3403,3756,2074,4200,-9.52,186.935,-119.105,0.916464,0.506056,1.0248
296036,2820107421,11750000,2026-10-06T05:17:41.983594+00:00,216882004995064,-300,5366,-3821,4138,2133,4550,-10.5,187.81,-133.735,1.009672,0.520452,1.1102
296037,2820117187,11759766,2026-10-06T05:17:41.984355+00:00,216882005759430,-427,5467,-4150,4542,2104,4812,-14.945,191.345,-145.25,1.108248,0.513376,1.174128
296038,2820126953,11769532,2026-10-06T05:17:41.985425+00:00,216882006823103,-651,5624,-4345,4697,1817,4778,-22.785,196.84,-152.075,1.146068,0.443348,1.165832
296039,2820137695,11780274,2026-10-06T05:17:41.985996+00:00,216882007391436,-833,5747,-4412,4693,1367,4542,-29.155,201.145,-154.42,1.145092,0.333548,1.108248
296040,2820147460,11790039,2026-10-06T05:17:42.029353+00:00,216882050748404,-875,5770,-4387,4627,1017,4217,-30.625,201.95,-153.545,1.128988,0.248148,1.028948
296041,2820157226,11799805,2026-10-06T05:17:42.029774+00:00,216882051165382,-814,5668,-4298,4604,694,3925,-28.49,198.38,-150.43,1.123376,0.169336,0.9577
296042,2820166992,11809571,2026-10-06T05:17:42.030055+00:00,216882051447521,-677,5447,-4165,4710,390,3708,-23.695,190.645,-145.775,1.14924,0.09516,0.904752
296043,2820172851,11815430,2026-10-06T05:17:42.030521+00:00,216882051911831,-490,5161,-3984,5229,277,3740,-17.15,180.635,-139.44,1.275876,0.067588,0.91256
296044,2820182617,11825196,2026-10-06T05:17:42.031145+00:00,216882052535734,-368,4925,-3735,5867,270,3725,-12.88,172.375,-130.725,1.431548,0.06588,0.9089
296045,2820192382,11834961,2026-10-06T05:17:42.075437+00:00,216882096835008,-401,4765,-3381,6196,161,3398,-14.035,166.775,-118.335,1.511824,0.039284,0.829112
296046,2820202148,11844727,2026-10-06T05:17:42.076984+00:00,216882098380388,-494,4599,-2909,6258,-138,2818,-17.29,160.965,-101.815,1.526952,-0.033672,0.687592
296047,2820212890,11855469,2026-10-06T05:17:42.077162+00:00,216882098553718,-475,4380,-2337,6375,-424,2248,-16.625,153.3,-81.795,1.5555,-0.103456,0.548512
296048,2820222656,11865235,2026-10-06T05:17:42.077514+00:00,216882098909712,-281,4141,-1716,6288,-483,1571,-9.835,144.935,-60.06,1.534272,-0.117852,0.383324
296049,2820232421,11875000,2026-10-06T05:17:42.078080+00:00,216882099473177,20,3820,-1111,5880,-529,706,0.7,133.7,-38.885,1.43472,-0.129076,0.172264
296050,2820242187,11884766,2026-10-06T05:17:42.118369+00:00,216882139766124,397,3324,-623,5655,-757,-148,13.895,116.34,-21.805,1.37982,-0.184708,-0.036112
296051,2820251953,11894532,2026-10-06T05:17:42.118753+00:00,216882140142435,827,2689,-286,6021,-111,-751,28.945,94.115,-10.01,1.469124,-0.027084,-0.183244
296052,2820262695,11905274,2026-10-06T05:17:42.119110+00:00,216882140499254,865,1944,1,6099,656,-1607,30.275,68.04,0.035,1.488156,0.160064,-0.392108
296053,2820272460,11915039,2026-10-06T05:17:42.121017+00:00,216882142406381,482,1026,213,6089,631,-2220,16.87,35.91,7.455,1.485716,0.153964,-0.54168
296054,2820282226,11924805,2026-10-06T05:17:42.163212+00:00,216882184606539,111,2,286,6230,614,-2582,3.885,0.07,10.01,1.52012,0.149816,-0.630008
296055,2820287109,11929688,2026-10-06T05:17:42.163337+00:00,216882184723138,-241,-1093,275,5865,1237,-2419,-8.435,-38.255,9.625,1.43106,0.301828,-0.590236
296056,2820297851,11940430,2026-10-06T05:17:42.163399+00:00,216882184786406,-839,-2193,244,1204,226,1001,-29.365,-76.755,8.54,0.293776,0.055144,0.244244
296057,2820307617,11950196,2026-10-06T05:17:42.165057+00:00,216882186444836,-733,-2552,296,449,753,7277,-25.655,-89.32,10.36,0.109556,0.183732,1.775588
296058,2820317382,11959961,2026-10-06T05:17:42.165263+00:00,216882186649956,-675,-2306,348,-2916,300,8626,-23.625,-80.71,12.18,-0.711504,0.0732,2.104744
296059,2820327148,11969727,2026-10-06T05:17:42.208892+00:00,216882230306650,-461,-2444,539,-4802,213,3428,-16.135,-85.54,18.865,-1.171688,0.051972,0.836432
296060,2820337890,11980469,2026-10-06T05:17:42.209569+00:00,216882230968310,-714,-3922,1135,-3720,-989,-34,-24.99,-137.27,39.725,-0.90768,-0.241316,-0.008296
296061,2820347656,11990235,2026-10-06T05:17:42.210599+00:00,216882232023234,-529,-5668,1457,735,-846,1811,-18.515,-198.38,50.995,0.17934,-0.206424,0.441884
296062,2820357421,12000000,2026-10-06T05:17:42.211274+00:00,216882232676984,13,-6162,1288,5219,464,6140,0.455,-215.67,45.08,1.273436,0.113216,1.49816
296063,2820367187,12009766,2026-10-06T05:17:42.211913+00:00,216882233310909,371,-5073,802,5370,674,6851,12.985,-177.555,28.07,1.31028,0.164456,1.671644
296064,2820376953,12019532,2026-10-06T05:17:42.253916+00:00,216882275331210,665,-3896,391,2468,758,5010,23.275,-136.36,13.685,0.602192,0.184952,1.22244
296065,2820382812,12025391,2026-10-06T05:17:42.298851+00:00,216882320266295,860,-3632,303,1457,1235,3941,30.1,-127.12,10.605,0.355508,0.30134,0.961604
296066,2820392578,12035157,2026-10-06T05:17:42.299537+00:00,216882320941994,807,-3810,472,3796,2506,6168,28.245,-133.35,16.52,0.926224,0.611464,1.504992
296067,2820402343,12044922,2026-10-06T05:17:42.300305+00:00,216882321711404,49,-3204,809,7808,3628,8702,1.715,-112.14,28.315,1.905152,0.885232,2.123288
296068,2820412109,12054688,2026-10-06T05:17:42.302025+00:00,216882323438294,-349,-1302,320,4166,2152,4456,-12.215,-45.57,11.2,1.016504,0.525088,1.087264
296069,2820422851,12065430,2026-10-06T05:17:42.305096+00:00,216882326512685,-239,-640,54,2071,1375,4296,-8.365,-22.4,1.89,0.505324,0.3355,1.048224
296070,2820432617,12075196,2026-10-06T05:17:42.306151+00:00,216882327558588,-265,-511,26,1707,1048,4488,-9.275,-17.885,0.91,0.416508,0.255712,1.095072
296071,2820442382,12084961,2026-10-06T05:17:42.307743+00:00,216882329152957,-214,-480,32,2097,604,4272,-7.49,-16.8,1.12,0.511668,0.147376,1.042368
296072,2820452148,12094727,2026-10-06T05:17:42.308404+00:00,216882329811430,-100,-362,18,1861,313,3937,-3.5,-12.67,0.63,0.454084,0.076372,0.960628
296073,2820462890,12105469,2026-10-06T05:17:42.344900+00:00,216882366312395,54,-274,4,1974,473,3930,1.89,-9.59,0.14,0.481656,0.115412,0.95892
296074,2820472656,12115235,2026-10-06T05:17:42.345570+00:00,216882366978221,194,-172,-8,1834,843,3946,6.79,-6.02,-0.28,0.447496,0.205692,0.962824
296075,2820477539,12120118,2026-10-06T05:17:42.346437+00:00,216882367845448,284,-38,-52,1759,1138,4184,9.94,-1.33,-1.82,0.429196,0.277672,1.020896
296076,2820487304,12129883,2026-10-06T05:17:42.347036+00:00,216882368442088,341,97,-102,1721,1022,3912,11.935,3.395,-3.57,0.419924,0.249368,0.954528
296077,2820497070,12139649,2026-10-06T05:17:42.348063+00:00,216882369468359,382,180,-119,1627,990,3853,13.37,6.3,-4.165,0.396988,0.24156,0.940132
296078,2820507812,12150391,2026-10-06T05:17:42.389868+00:00,216882411287193,406,247,-145,1281,1006,3860,14.21,8.645,-5.075,0.312564,0.245464,0.94184
296079,2820517578,12160157,2026-10-06T05:17:42.390716+00:00,216882412124012,370,234,-139,877,961,3617,12.95,8.19,-4.865,0.213988,0.234484,0.882548
296080,2820527343,12169922,2026-10-06T05:17:42.391462+00:00,216882412866911,337,107,-95,943,1109,3691,11.795,3.745,-3.325,0.230092,0.270596,0.900604
296081,2820537109,12179688,2026-10-06T05:17:42.392186+00:00,216882413594591,285,7,-47,1230,1216,3798,9.975,0.245,-1.645,0.30012,0.296704,0.926712
296082,2820547851,12190430,2026-10-06T05:17:42.393050+00:00,216882414450972,223,-1,-30,1232,1181,4011,7.805,-0.035,-1.05,0.300608,0.288164,0.978684
296083,2820557617,12200196,2026-10-06T05:17:42.434504+00:00,216882455932253,208,-13,-5,1316,1047,3661,7.28,-0.455,-0.175,0.321104,0.255468,0.893284
296084,2820567382,12209961,2026-10-06T05:17:42.437423+00:00,216882458842102,201,-33,18,1760,1251,3930,7.035,-1.155,0.63,0.42944,0.305244,0.95892
296085,2820577148,12219727,2026-10-06T05:17:42.437876+00:00,216882459281354,173,66,-14,1302,1147,4225,6.055,2.31,-0.49,0.317688,0.279868,1.0309
296086,2820587890,12230469,2026-10-06T05:17:42.438233+00:00,216882459638149,158,90,-9,1141,752,3836,5.53,3.15,-0.315,0.278404,0.183488,0.935984
296087,2820592773,12235352,2026-10-06T05:17:42.438836+00:00,216882460248436,237,84,-1,1588,1107,4148,8.295,2.94,-0.035,0.387472,0.270108,1.012112
296088,2820602539,12245118,2026-10-06T05:17:42.479361+00:00,216882500773618,243,140,-10,1398,1043,3883,8.505,4.9,-0.35,0.341112,0.254492,0.947452
296089,2820612304,12254883,2026-10-06T05:17:42.482989+00:00,216882504395707,256,115,-9,1606,1072,3752,8.96,4.025,-0.315,0.391864,0.261568,0.915488
296090,2820622070,12264649,2026-10-06T05:17:42.483231+00:00,216882504626922,239,87,-1,1612,1164,3829,8.365,3.045,-0.035,0.393328,0.284016,0.934276
296091,2820632812,12275391,2026-10-06T05:17:42.483379+00:00,216882504772192,212,71,-14,1505,1054,3782,7.42,2.485,-0.49,0.36722,0.257176,0.922808
296092,2820642578,12285157,2026-10-06T05:17:42.525073+00:00,216882546486696,188,15,12,1553,1190,3915,6.58,0.525,0.42,0.378932,0.29036,0.95526
296093,2820652343,12294922,2026-10-06T05:17:42.525740+00:00,216882547144959,173,4,-12,1444,1088,3833,6.055,0.14,-0.42,0.352336,0.265472,0.935252
296094,2820662109,12304688,2026-10-06T05:17:42.526443+00:00,216882547846740,182,-2,2,1299,1091,4007,6.37,-0.07,0.07,0.316956,0.266204,0.977708
296095,2820672851,12315430,2026-10-06T05:17:42.527094+00:00,216882548496805,209,-24,3,1334,1204,3654,7.315,-0.84,0.105,0.325496,0.293776,0.891576
296096,2820677734,12320313,2026-10-06T05:17:42.527758+00:00,216882549161634,136,-104,60,1574,1229,3852,4.76,-3.64,2.1,0.384056,0.299876,0.939888
296097,2820687500,12330079,2026-10-06T05:17:42.569074+00:00,216882590489507,84,-122,52,1504,1077,3679,2.94,-4.27,1.82,0.366976,0.262788,0.897676
296098,2820697265,12339844,2026-10-06T05:17:42.570077+00:00,216882591488755,45,-165,68,1363,1109,3792,1.575,-5.775,2.38,0.332572,0.270596,0.925248
296099,2820707031,12349610,2026-10-06T05:17:42.571306+00:00,216882592715342,1,-198,89,1280,1116,3963,0.035,-6.93,3.115,0.31232,0.272304,0.966972
296100,2820717773,12360352,2026-10-06T05:17:42.572114+00:00,216882593522288,-7,-202,106,1281,1091,3800,-0.245,-7.07,3.71,0.312564,0.266204,0.9272
296101,2820727539,12370118,2026-10-06T05:17:42.572811+00:00,216882594216126,-14,-213,120,1330,1253,3840,-0.49,-7.455,4.2,0.32452,0.305732,0.93696
296102,2820737304,12379883,2026-10-06T05:17:42.613858+00:00,216882635273029,-48,-238,139,1428,1209,3587,-1.68,-8.33,4.865,0.348432,0.294996,0.875228
296103,2820747070,12389649,2026-10-06T05:17:42.614903+00:00,216882636311905,-107,-278,168,1617,1209,3712,-3.745,-9.73,5.88,0.394548,0.294996,0.905728
296104,2820757812,12400391,2026-10-06T05:17:42.616025+00:00,216882637432016,-152,-275,171,1542,1061,3663,-5.32,-9.625,5.985,0.376248,0.258884,0.893772
296105,2820767578,12410157,2026-10-06T05:17:42.617908+00:00,216882639327423,-192,-289,208,1279,1134,3804,-6.72,-10.115,7.28,0.312076,0.276696,0.928176
296106,2820777343,12419922,2026-10-06T05:17:42.658970+00:00,216882680383073,-253,-320,240,1236,1081,3650,-8.855,-11.2,8.4,0.301584,0.263764,0.8906
296107,2820782226,12424805,2026-10-06T05:17:42.659780+00:00,216882681189035,-311,-376,295,1356,1226,3851,-10.885,-13.16,10.325,0.330864,0.299144,0.939644
296108,2820791992,12434571,2026-10-06T05:17:42.661598+00:00,216882683023494,-378,-387,303,1472,1036,3821,-13.23,-13.545,10.605,0.359168,0.252784,0.932324
296109,2820802734,12445313,2026-10-06T05:17:42.662204+00:00,216882683612008,-365,-388,296,1737,970,3823,-12.775,-13.58,10.36,0.423828,0.23668,0.932812
296110,2820812500,12455079,2026-10-06T05:17:42.662740+00:00,216882684137701,-337,-366,273,1822,901,3865,-11.795,-12.81,9.555,0.444568,0.219844,0.94306
296111,2820822265,12464844,2026-10-06T05:17:42.749206+00:00,216882770622075,-299,-316,234,1673,869,3944,-10.465,-11.06,8.19,0.408212,0.212036,0.962336
296112,2820832031,12474610,2026-10-06T05:17:42.750229+00:00,216882771638265,-264,-281,217,1483,932,3840,-9.24,-9.835,7.595,0.361852,0.227408,0.93696
296113,2820842773,12485352,2026-10-06T05:17:42.751163+00:00,216882772572841,-280,-300,236,1479,1006,3853,-9.8,-10.5,8.26,0.360876,0.245464,0.940132
296114,2820852539,12495118,2026-10-06T05:17:42.752497+00:00,216882773908649,-302,-316,251,1494,1006,3884,-10.57,-11.06,8.785,0.364536,0.245464,0.947696
296115,2820862304,12504883,2026-10-06T05:17:42.755922+00:00,216882777337120,-297,-308,242,1614,1019,3812,-10.395,-10.78,8.47,0.393816,0.248636,0.930128
296116,2820872070,12514649,2026-10-06T05:17:42.756251+00:00,216882777654752,-289,-328,253,1774,1063,3745,-10.115,-11.48,8.855,0.432856,0.259372,0.91378
296117,2820882812,12525391,2026-10-06T05:17:42.756496+00:00,216882777894140,-297,-330,241,1566,1017,3900,-10.395,-11.55,8.435,0.382104,0.248148,0.9516
296118,2820887695,12530274,2026-10-06T05:17:42.756830+00:00,216882778232658,-280,-288,211,1377,817,3770,-9.8,-10.08,7.385,0.335988,0.199348,0.91988
296119,2820897460,12540039,2026-10-06T05:17:42.757127+00:00,216882778526216,-272,-333,256,1389,1058,3902,-9.52,-11.655,8.96,0.338916,0.258152,0.952088
296120,2820907226,12549805,2026-10-06T05:17:42.757919+00:00,216882779324917,-314,-349,268,1412,987,3783,-10.99,-12.215,9.38,0.344528,0.240828,0.923052
296121,2820916992,12559571,2026-10-06T05:17:42.794787+00:00,216882816200635,-342,-388,295,1644,935,3902,-11.97,-13.58,10.325,0.401136,0.22814,0.952088
296122,2820927734,12570313,2026-10-06T05:17:42.795451+00:00,216882816855226,-345,-386,296,1766,867,3821,-12.075,-13.51,10.36,0.430904,0.211548,0.932324
296123,2820937500,12580079,2026-10-06T05:17:42.796086+00:00,216882817488645,-305,-365,267,1792,810,3846,-10.675,-12.775,9.345,0.437248,0.19764,0.938424
296124,2820947265,12589844,2026-10-06T05:17:42.796715+00:00,216882818113241,-240,-340,230,1457,906,3834,-8.4,-11.9,8.05,0.355508,0.221064,0.935496
296125,2820957031,12599610,2026-10-06T05:17:42.839289+00:00,216882860707820,-223,-373,226,1531,765,3839,-7.805,-13.055,7.91,0.373564,0.18666,0.936716
296126,2820967773,12610352,2026-10-06T05:17:42.840497+00:00,216882861900294,-182,-379,245,1372,907,3886,-6.37,-13.265,8.575,0.334768,0.221308,0.948184
296127,2820977539,12620118,2026-10-06T05:17:42.841410+00:00,216882862817742,-196,-407,274,1473,831,3762,-6.86,-14.245,9.59,0.359412,0.202764,0.917928
296128,2820982421,12625000,2026-10-06T05:17:42.842374+00:00,216882863780199,-217,-440,327,1699,866,3912,-7.595,-15.4,11.445,0.414556,0.211304,0.954528
296129,2820992187,12634766,2026-10-06T05:17:42.843403+00:00,216882864808934,-211,-418,331,1749,730,3886,-7.385,-14.63,11.585,0.426756,0.17812,0.948184
296130,2821001953,12644532,2026-10-06T05:17:42.883174+00:00,216882904566349,-165,-394,329,1664,744,3942,-5.775,-13.79,11.515,0.406016,0.181536,0.961848
296131,2821012695,12655274,2026-10-06T05:17:42.883312+00:00,216882904700919,-105,-366,327,1396,871,3876,-3.675,-12.81,11.445,0.340624,0.212524,0.945744
296132,2821022460,12665039,2026-10-06T05:17:42.886332+00:00,216882907726734,-95,-386,358,1447,898,3840,-3.325,-13.51,12.53,0.353068,0.219112,0.93696
296133,2821032226,12674805,2026-10-06T05:17:42.886605+00:00,216882907994244,-104,-418,413,1722,835,3772,-3.64,-14.63,14.455,0.420168,0.20374,0.920368
296134,2821041992,12684571,2026-10-06T05:17:42.886776+00:00,216882908163531,-103,-428,445,1705,793,3865,-3.605,-14.98,15.575,0.41602,0.193492,0.94306
296135,2821052734,12695313,2026-10-06T05:17:42.929142+00:00,216882950535804,-86,-443,459,1653,828,3831,-3.01,-15.505,16.065,0.403332,0.202032,0.934764
296136,2821062500,12705079,2026-10-06T05:17:42.929268+00:00,216882950656948,-82,-488,500,1844,792,3969,-2.87,-17.08,17.5,0.449936,0.193248,0.968436
296137,2821072265,12714844,2026-10-06T05:17:42.929546+00:00,216882950932860,-43,-476,493,1528,801,3915,-1.505,-16.66,17.255,0.372832,0.195444,0.95526
296138,2821082031,12724610,2026-10-06T05:17:42.929761+00:00,216882951147534,-20,-547,498,1788,803,3969,-0.7,-19.145,17.43,0.436272,0.195932,0.968436
296139,2821087890,12730469,2026-10-06T05:17:42.932089+00:00,216882953477859,6,-567,512,1607,695,3806,0.21,-19.845,17.92,0.392108,0.16958,0.928664
296140,2821097656,12740235,2026-10-06T05:17:42.975586+00:00,216882997046792,40,-660,511,1818,695,3868,1.4,-23.1,17.885,0.443592,0.16958,0.943792
296141,2821107421,12750000,2026-10-06T05:17:42.977033+00:00,216882998440162,61,-739,508,1843,666,3870,2.135,-25.865,17.78,0.449692,0.162504,0.94428
296142,2821117187,12759766,2026-10-06T05:17:42.978087+00:00,216882999494527,96,-811,483,1631,708,3947,3.36,-28.385,16.905,0.397964,0.172752,0.963068
296143,2821126953,12769532,2026-10-06T05:17:42.979006+00:00,216883000418017,99,-932,474,1657,655,3750,3.465,-32.62,16.59,0.404308,0.15982,0.915
296144,2821137695,12780274,2026-10-06T05:17:43.022696+00:00,216883044127087,19,-1168,550,1889,300,3359,0.665,-40.88,19.25,0.460916,0.0732,0.819596
296145,2821147460,12790039,2026-10-06T05:17:43.024735+00:00,216883046160733,63,-1412,572,2042,-8,3549,2.205,-49.42,20.02,0.498248,-0.001952,0.865956
296146,2821157226,12799805,2026-10-06T05:17:43.026402+00:00,216883047820264,346,-1587,450,1604,1068,4492,12.11,-55.545,15.75,0.391376,0.260592,1.096048
296147,2821166992,12809571,2026-10-06T05:17:43.028080+00:00,216883049494484,434,-1708,320,1373,1433,4312,15.19,-59.78,11.2,0.335012,0.349652,1.052128
296148,2821172851,12815430,2026-10-06T05:17:43.029461+00:00,216883050874780,400,-1938,337,1004,1405,3855,14.0,-67.83,11.795,0.244976,0.34282,0.94062
296149,2821182617,12825196,2026-10-06T05:17:43.065293+00:00,216883086706669,308,-2338,411,1342,751,3735,10.78,-81.83,14.385,0.327448,0.183244,0.91134
296150,2821192382,12834961,2026-10-06T05:17:43.066401+00:00,216883087818573,401,-2690,492,1458,760,4145,14.035,-94.15,17.22,0.355752,0.18544,1.01138
296151,2821202148,12844727,2026-10-06T05:17:43.068687+00:00,216883090104673,434,-2963,504,1751,956,4305,15.19,-103.705,17.64,0.427244,0.233264,1.05042
296152,2821212890,12855469,2026-10-06T05:17:43.069567+00:00,216883090982438,370,-3223,445,1824,990,3967,12.95,-112.805,15.575,0.445056,0.24156,0.967948
296153,2821222656,12865235,2026-10-06T05:17:43.071223+00:00,216883092636420,304,-3584,332,1843,690,3897,10.64,-125.44,11.62,0.449692,0.16836,0.950868
296154,2821232421,12875000,2026-10-06T05:17:43.110372+00:00,216883131801007,246,-3996,308,1832,412,3983,8.61,-139.86,10.78,0.447008,0.100528,0.971852
296155,2821242187,12884766,2026-10-06T05:17:43.111365+00:00,216883132782442,245,-4402,360,1955,546,4037,8.575,-154.07,12.6,0.47702,0.133224,0.985028
296156,2821251953,12894532,2026-10-06T05:17:43.112279+00:00,216883133689531,230,-4819,450,1863,905,3848,8.05,-168.665,15.75,0.454572,0.22082,0.938912
296157,2821262695,12905274,2026-10-06T05:17:43.113240+00:00,216883134659670,99,-5342,570,1877,960,3700,3.465,-186.97,19.95,0.457988,0.23424,0.9028
296158,2821272460,12915039,2026-10-06T05:17:43.157021+00:00,216883178436315,-1,-5912,672,1964,673,3530,-0.035,-206.92,23.52,0.479216,0.164212,0.86132
296159,2821282226,12924805,2026-10-06T05:17:43.158393+00:00,216883179800997,29,-6447,775,2142,767,3600,1.015,-225.645,27.125,0.522648,0.187148,0.8784
296160,2821287109,12929688,2026-10-06T05:17:43.158978+00:00,216883180382019,-6,-6915,883,2140,629,3393,-0.21,-242.025,30.905,0.52216,0.153476,0.827892
296161,2821297851,12940430,2026-10-06T05:17:43.160116+00:00,216883181523010,5,-7377,1004,2619,726,3501,0.175,-258.195,35.14,0.639036,0.177144,0.854244
296162,2821307617,12950196,2026-10-06T05:17:43.161293+00:00,216883182699407,49,-7705,1098,3279,665,3715,1.715,-269.675,38.43,0.800076,0.16226,0.90646
296163,2821317382,12959961,2026-10-06T05:17:43.198665+00:00,216883220071545,244,-7890,1158,4066,528,3803,8.54,-276.15,40.53,0.992104,0.128832,0.927932
296164,2821327148,12969727,2026-10-06T05:17:43.199141+00:00,216883220536593,624,-7968,1202,5189,485,4035,21.84,-278.88,42.07,1.266116,0.11834,0.98454
296165,2821337890,12980469,2026-10-06T05:17:43.200868+00:00,216883222273461,1204,-7901,1235,5495,899,4144,42.14,-276.535,43.225,1.34078,0.219356,1.011136
296166,2821347656,12990235,2026-10-06T05:17:43.201431+00:00,216883222829420,1614,-7768,1349,5055,1099,3990,56.49,-271.88,47.215,1.23342,0.268156,0.97356
296167,2821357421,13000000,2026-10-06T05:17:43.202128+00:00,216883223532447,1859,-7670,1563,4845,1316,4078,65.065,-268.45,54.705,1.18218,0.321104,0.995032
296168,2821367187,13009766,2026-10-06T05:17:43.243855+00:00,216883265261269,1966,-7551,1818,4272,1648,4048,68.81,-264.285,63.63,1.042368,0.402112,0.987712
296169,2821376953,13019532,2026-10-06T05:17:43.244301+00:00,216883265701385,1975,-7423,2085,3940,1518,3779,69.125,-259.805,72.975,0.96136,0.370392,0.922076
296170,2821382812,13025391,2026-10-06T05:17:43.244909+00:00,216883266308210,2153,-7259,2283,4305,1407,3557,75.355,-254.065,79.905,1.05042,0.343308,0.867908
296171,2821392578,13035157,2026-10-06T05:17:43.246448+00:00,216883267847862,2473,-6979,2381,4661,1509,3296,86.555,-244.265,83.335,1.137284,0.368196,0.804224
296172,2821402343,13044922,2026-10-06T05:17:43.246956+00:00,216883268355882,2884,-6561,2380,6262,1254,4038,100.94,-229.635,83.3,1.527928,0.305976,0.985272
296173,2821412109,13054688,2026-10-06T05:17:43.290151+00:00,216883311554691,3147,-5612,2450,6020,1239,3438,110.145,-196.42,85.75,1.46888,0.302316,0.838872
296174,2821422851,13065430,2026-10-06T05:17:43.290876+00:00,216883312273418,2888,-4600,2720,6253,1035,3962,101.08,-161.0,95.2,1.525732,0.25254,0.966728
296175,2821432617,13075196,2026-10-06T05:17:43.291417+00:00,216883312815262,2604,-3297,2965,5484,310,4022,91.14,-115.395,103.775,1.338096,0.07564,0.981368
296176,2821442382,13084961,2026-10-06T05:17:43.291924+00:00,216883313324149,2886,-1788,3158,5394,392,6396,101.01,-62.58,110.53,1.316136,0.095648,1.560624
296177,2821452148,13094727,2026-10-06T05:17:43.333891+00:00,216883355301806,3095,-92,3459,4643,1490,5454,108.325,-3.22,121.065,1.132892,0.36356,1.330776
296178,2821462890,13105469,2026-10-06T05:17:43.335095+00:00,216883356497550,2766,1066,3313,4463,3308,5370,96.81,37.31,115.955,1.088972,0.807152,1.31028
296179,2821472656,13115235,2026-10-06T05:17:43.335865+00:00,216883357267207,1677,2135,3011,-455,3508,2629,58.695,74.725,105.385,-0.11102,0.855952,0.641476
296180,2821477539,13120118,2026-10-06T05:17:43.336543+00:00,216883357941449,672,1959,2691,-522,2242,1061,23.52,68.565,94.185,-0.127368,0.547048,0.258884
296181,2821487304,13129883,2026-10-06T05:17:43.337074+00:00,216883358471781,420,1484,2065,-284,1745,851,14.7,51.94,72.275,-0.069296,0.42578,0.207644
296182,2821497070,13139649,2026-10-06T05:17:43.379602+00:00,216883401024456,645,1115,1299,-336,1580,1064,22.575,39.025,45.465,-0.081984,0.38552,0.259616
296183,2821507812,13150391,2026-10-06T05:17:43.380034+00:00,216883401433499,961,833,423,29,2048,1272,33.635,29.155,14.805,0.007076,0.499712,0.310368
296184,2821517578,13160157,2026-10-06T05:17:43.380497+00:00,216883401895623,1004,656,-421,482,2454,1836,35.14,22.96,-14.735,0.117608,0.598776,0.447984
296185,2821527343,13169922,2026-10-06T05:17:43.381032+00:00,216883402431022,740,666,-1164,1360,2418,2579,25.9,23.31,-40.74,0.33184,0.589992,0.629276
296186,2821537109,13179688,2026-10-06T05:17:43.381564+00:00,216883402964153,410,979,-1832,2346,1959,3339,14.35,34.265,-64.12,0.572424,0.477996,0.814716
296187,2821547851,13190430,2026-10-06T05:17:43.424649+00:00,216883446056818,176,1625,-2387,3056,1447,3877,6.16,56.875,-83.545,0.745664,0.353068,0.945988
296188,2821557617,13200196,2026-10-06T05:17:43.425095+00:00,216883446495898,-1,2475,-2756,3207,940,3913,-0.035,86.625,-96.46,0.782508,0.22936,0.954772
296189,2821567382,13209961,2026-10-06T05:17:43.425549+00:00,216883446944239,-151,3302,-2897,3205,559,3702,-5.285,115.57,-101.395,0.78202,0.136396,0.903288
296190,2821577148,13219727,2026-10-06T05:17:43.426104+00:00,216883447503074,-329,4008,-2819,3081,167,3350,-11.515,140.28,-98.665,0.751764,0.040748,0.8174
296191,2821587890,13230469,2026-10-06T05:17:43.469645+00:00,216883491051229,-478,4547,-2587,2762,-268,2886,-16.73,159.145,-90.545,0.673928,-0.065392,0.704184
296192,2821592773,13235352,2026-10-06T05:17:43.470155+00:00,216883491553876,-522,4876,-2273,2520,-616,2559,-18.27,170.66,-79.555,0.61488,-0.150304,0.624396
296193,2821602539,13245118,2026-10-06T05:17:43.470584+00:00,216883491982437,-436,5049,-1959,2547,-696,2479,-15.26,176.715,-68.565,0.621468,-0.169824,0.604876
296194,2821612304,13254883,2026-10-06T05:17:43.471352+00:00,216883492751649,-313,5160,-1678,2595,-625,2482,-10.955,180.6,-58.73,0.63318,-0.1525,0.605608
296195,2821622070,13264649,2026-10-06T05:17:43.471943+00:00,216883493342854,-202,5232,-1456,2716,-477,2636,-7.07,183.12,-50.96,0.662704,-0.116388,0.643184
296196,2821632812,13275391,2026-10-06T05:17:43.514611+00:00,216883536033862,-92,5309,-1326,3008,-270,2944,-3.22,185.815,-46.41,0.733952,-0.06588,0.718336
296197,2821642578,13285157,2026-10-06T05:17:43.515092+00:00,216883536491651,17,5465,-1275,3597,30,3465,0.595,191.275,-44.625,0.877668,0.00732,0.84546
296198,2821652343,13294922,2026-10-06T05:17:43.515613+00:00,216883537037111,61,5784,-1272,3971,299,3739,2.135,202.44,-44.52,0.968924,0.072956,0.912316
296199,2821662109,13304688,2026-10-06T05:17:43.516180+00:00,216883537579555,-1,6178,-1273,3872,607,3654,-0.035,216.23,-44.555,0.944768,0.148108,0.891576
296200,2821672851,13315430,2026-10-06T05:17:43.516695+00:00,216883538094354,-146,6479,-1279,3433,746,3280,-5.11,226.765,-44.765,0.837652,0.182024,0.80032
296201,2821677734,13320313,2026-10-06T05:17:43.559597+00:00,216883581025987,-275,6576,-1315,2917,756,2857,-9.625,230.16,-46.025,0.711748,0.184464,0.697108
296202,2821687500,13330079,2026-10-06T05:17:43.560084+00:00,216883581484382,-308,6475,-1397,2543,723,2692,-10.78,226.625,-48.895,0.620492,0.176412,0.656848
296203,2821697265,13339844,2026-10-06T05:17:43.560576+00:00,216883581974557,-200,6267,-1535,2489,750,2846,-7.0,219.345,-53.725,0.607316,0.183,0.694424
296204,2821707031,13349610,2026-10-06T05:17:43.561312+00:00,216883582712558,3,6073,-1711,2779,1086,3271,0.105,212.555,-59.885,0.678076,0.264984,0.798124
296205,2821717773,13360352,2026-10-06T05:17:43.561924+00:00,216883583321098,125,5976,-1898,3022,1550,3631,4.375,209.16,-66.43,0.737368,0.3782,0.885964
296206,2821727539,13370118,2026-10-06T05:17:43.604555+00:00,216883625962263,83,5942,-2084,3138,1876,3869,2.905,207.97,-72.94,0.765672,0.457744,0.944036
296207,2821737304,13379883,2026-10-06T05:17:43.605127+00:00,216883626526729,-14,5927,-2298,3408,1967,4157,-0.49,207.445,-80.43,0.831552,0.479948,1.014308
296208,2821747070,13389649,2026-10-06T05:17:43.605527+00:00,216883626926868,-35,5962,-2586,3686,2008,4378,-1.225,208.67,-90.51,0.899384,0.489952,1.068232
296209,2821757812,13400391,2026-10-06T05:17:43.606021+00:00,216883627420625,-12,6036,-2928,3823,2144,4518,-0.42,211.26,-102.48,0.932812,0.523136,1.102392
296210,2821767578,13410157,2026-10-06T05:17:43.648441+00:00,216883669845097,-8,6086,-3301,4005,2246,4632,-0.28,213.01,-115.535,0.97722,0.548024,1.130208
296211,2821777343,13419922,2026-10-06T05:17:43.648805+00:00,216883670198479,-50,6107,-3673,4282,2259,4689,-1.75,213.745,-128.555,1.044808,0.551196,1.144116
296212,2821782226,13424805,2026-10-06T05:17:43.650349+00:00,216883671746598,-140,6112,-3986,4525,2197,4666,-4.9,213.92,-139.51,1.1041,0.536068,1.138504
296213,2821791992,13434571,2026-10-06T05:17:43.650859+00:00,216883672259822,-253,6081,-4210,4784,1991,4634,-8.855,212.835,-147.35,1.167296,0.485804,1.130696
296214,2821802734,13445313,2026-10-06T05:17:43.651449+00:00,216883672845566,-327,6024,-4355,5102,1775,4640,-11.445,210.84,-152.425,1.244888,0.4331,1.13216
296215,2821812500,13455079,2026-10-06T05:17:43.693182+00:00,216883714578005,-355,5965,-4430,5413,1540,4570,-12.425,208.775,-155.05,1.320772,0.37576,1.11508
296216,2821822265,13464844,2026-10-06T05:17:43.693363+00:00,216883714754534,-371,5886,-4451,5559,1147,4306,-12.985,206.01,-155.785,1.356396,0.279868,1.050664
296217,2821832031,13474610,2026-10-06T05:17:43.696038+00:00,216883717428055,-365,5739,-4415,5595,597,3888,-12.775,200.865,-154.525,1.36518,0.145668,0.948672
296218,2821842773,13485352,2026-10-06T05:17:43.738868+00:00,216883760265336,-290,5491,-4290,5715,249,3500,-10.15,192.185,-150.15,1.39446,0.060756,0.854
296219,2821852539,13495118,2026-10-06T05:17:43.739024+00:00,216883760413518,-237,5170,-4013,5940,206,3125,-8.295,180.95,-140.455,1.44936,0.050264,0.7625
296220,2821862304,13504883,2026-10-06T05:17:43.739232+00:00,216883760622331,-309,4824,-3561,6249,234,2827,-10.815,168.84,-124.635,1.524756,0.057096,0.689788
296221,2821872070,13514649,2026-10-06T05:17:43.740005+00:00,216883761396155,-463,4516,-2985,6367,-12,2360,-16.205,158.06,-104.475,1.553548,-0.002928,0.57584
296222,2821882812,13525391,2026-10-06T05:17:43.740351+00:00,216883761741180,-468,4227,-2368,6171,-340,1702,-16.38,147.945,-82.88,1.505724,-0.08296,0.415288
296223,2821887695,13530274,2026-10-06T05:17:43.742100+00:00,216883763490495,-217,3875,-1787,5754,-645,922,-7.595,135.625,-62.545,1.403976,-0.15738,0.224968
296224,2821897460,13540039,2026-10-06T05:17:43.742312+00:00,216883763702427,221,3388,-1309,5450,-986,143,7.735,118.58,-45.815,1.3298,-0.240584,0.034892
296225,2821907226,13549805,2026-10-06T05:17:43.783395+00:00,216883804791311,737,2783,-948,5728,-472,-424,25.795,97.405,-33.18,1.397632,-0.115168,-0.103456
296226,2821916992,13559571,2026-10-06T05:17:43.783669+00:00,216883805059785,899,2121,-603,5784,121,-1065,31.465,74.235,-21.105,1.411296,0.029524,-0.25986
296227,2821927734,13570313,2026-10-06T05:17:43.784165+00:00,216883805555719,680,1340,-312,5760,64,-1533,23.8,46.9,-10.92,1.40544,0.015616,-0.374052
296228,2821937500,13580079,2026-10-06T05:17:43.785132+00:00,216883806523086,488,487,-141,5711,50,-1771,17.08,17.045,-4.935,1.393484,0.0122,-0.432124
296229,2821947265,13589844,2026-10-06T05:17:43.828580+00:00,216883849976435,277,-459,8,5677,407,-1954,9.695,-16.065,0.28,1.385188,0.099308,-0.476776
296230,2821957031,13599610,2026-10-06T05:17:43.828761+00:00,216883850148713,-99,-1408,179,5555,1062,-1462,-3.465,-49.28,6.265,1.35542,0.259128,-0.356728
296231,2821967773,13610352,2026-10-06T05:17:43.829014+00:00,216883850402249,-798,-2189,243,1459,245,1218,-27.93,-76.615,8.505,0.355996,0.05978,0.297192
296232,2821977539,13620118,2026-10-06T05:17:43.830090+00:00,216883851477789,-885,-2561,262,158,879,7016,-30.975,-89.635,9.17,0.038552,0.214476,1.711904
296233,2821982421,13625000,2026-10-06T05:17:43.830289+00:00,216883851677246,-926,-2310,399,-2525,308,9430,-32.41,-80.85,13.965,-0.6161,0.075152,2.30092
296234,2821992187,13634766,2026-10-06T05:17:43.874281+00:00,216883895705827,-717,-2249,517,-4872,-426,4249,-25.095,-78.715,18.095,-1.188768,-0.103944,1.036756
296235,2822001953,13644532,2026-10-06T05:17:43.875461+00:00,216883896877691,-584,-3475,1048,-3863,-1041,685,-20.44,-121.625,36.68,-0.942572,-0.254004,0.16714
296236,2822012695,13655274,2026-10-06T05:17:43.876489+00:00,216883897903721,-515,-5175,1550,-500,-1440,1089,-18.025,-181.125,54.25,-0.122,-0.35136,0.265716
296237,2822022460,13665039,2026-10-06T05:17:43.877525+00:00,216883898940577,-79,-6135,1657,3145,-474,4150,-2.765,-214.725,57.995,0.76738,-0.115656,1.0126
296238,2822032226,13674805,2026-10-06T05:17:43.878488+00:00,216883899903214,456,-5794,1392,4858,479,6540,15.96,-202.79,48.72,1.185352,0.116876,1.59576
296239,2822041992,13684571,2026-10-06T05:17:43.919790+00:00,216883941212398,999,-4756,850,4438,1115,6071,34.965,-166.46,29.75,1.082872,0.27206,1.481324
296240,2822052734,13695313,2026-10-06T05:17:43.920688+00:00,216883942103759,1297,-3915,432,3838,1571,5255,45.395,-137.025,15.12,0.936472,0.383324,1.28222
296241,2822062500,13705079,2026-10-06T05:17:43.921526+00:00,216883942941334,1255,-3353,353,4971,2301,6264,43.925,-117.355,12.355,1.212924,0.561444,1.528416
296242,2822072265,13714844,2026-10-06T05:17:43.922459+00:00,216883943874777,680,-2497,622,6996,3510,8126,23.8,-87.395,21.77,1.707024,0.85644,1.982744
296243,2822082031,13724610,2026-10-06T05:17:43.965262+00:00,216883986687814,111,-982,409,3077,2940,4415,3.885,-34.37,14.315,0.750788,0.71736,1.07726
296244,2822087890,13730469,2026-10-06T05:17:43.966206+00:00,216883987613019,10,-624,85,1208,2892,4222,0.35,-21.84,2.975,0.294752,0.705648,1.030168
296245,2822097656,13740235,2026-10-06T05:17:44.008338+00:00,216884029733968,-373,-730,38,1337,1596,4004,-13.055,-25.55,1.33,0.326228,0.389424,0.976976
296246,2822107421,13750000,2026-10-06T05:17:44.008590+00:00,216884029981791,-472,-796,65,2212,615,4222,-16.52,-27.86,2.275,0.539728,0.15006,1.030168
296247,2822117187,13759766,2026-10-06T05:17:44.008910+00:00,216884030301425,-355,-592,69,2149,218,4136,-12.425,-20.72,2.415,0.524356,0.053192,1.009184
296248,2822126953,13769532,2026-10-06T05:17:44.010079+00:00,216884031471787,-143,-390,81,1881,443,3856,-5.005,-13.65,2.835,0.458964,0.108092,0.940864
296249,2822137695,13780274,2026-10-06T05:17:44.010421+00:00,216884031811830,40,-267,80,1819,1166,4064,1.4,-9.345,2.8,0.443836,0.284504,0.991616
296250,2822147460,13790039,2026-10-06T05:17:44.012223+00:00,216884033613980,103,-124,-1,1676,1214,4027,3.605,-4.34,-0.035,0.408944,0.296216,0.982588
296251,2822157226,13799805,2026-10-06T05:17:44.012535+00:00,216884033926806,124,-15,-51,1647,911,3962,4.34,-0.525,-1.785,0.401868,0.222284,0.966728
296252,2822166992,13809571,2026-10-06T05:17:44.012832+00:00,216884034223189,164,53,-56,1347,928,3802,5.74,1.855,-1.96,0.328668,0.226432,0.927688
296253,2822172851,13815430,2026-10-06T05:17:44.053394+00:00,216884074795604,183,45,-58,1276,1098,3879,6.405,1.575,-2.03,0.311344,0.267912,0.946476
296254,2822182617,13825196,2026-10-06T05:17:44.053651+00:00,216884075043923,171,20,-56,1110,1179,3802,5.985,0.7,-1.96,0.27084,0.287676,0.927688
296255,2822192382,13834961,2026-10-06T05:17:44.055159+00:00,216884076553059,143,6,-51,1241,1203,4008,5.005,0.21,-1.785,0.302804,0.293532,0.977952
296256,2822202148,13844727,2026-10-06T05:17:44.055466+00:00,216884076859288,137,40,-59,1178,1053,3892,4.795,1.4,-2.065,0.287432,0.256932,0.949648
296257,2822212890,13855469,2026-10-06T05:17:44.055755+00:00,216884077148935,158,46,-47,1107,1090,3828,5.53,1.61,-1.645,0.270108,0.26596,0.934032
296258,2822222656,13865235,2026-10-06T05:17:44.099448+00:00,216884120848779,166,11,-32,1543,1177,3833,5.81,0.385,-1.12,0.376492,0.287188,0.935252
296259,2822232421,13875000,2026-10-06T05:17:44.099825+00:00,216884121216990,153,29,-47,1686,1066,3986,5.355,1.015,-1.645,0.411384,0.260104,0.972584
296260,2822242187,13884766,2026-10-06T05:17:44.100161+00:00,216884121553921,187,91,-76,1394,1004,3901,6.545,3.185,-2.66,0.340136,0.244976,0.951844
296261,2822251953,13894532,2026-10-06T05:17:44.101842+00:00,216884123249231,199,97,-70,1278,1171,3879,6.965,3.395,-2.45,0.311832,0.285724,0.946476
296262,2822262695,13905274,2026-10-06T05:17:44.143335+00:00,216884164730935,156,57,-52,1236,1121,3977,5.46,1.995,-1.82,0.301584,0.273524,0.970388
296263,2822272460,13915039,2026-10-06T05:17:44.143551+00:00,216884164944473,142,36,-50,1239,1001,3997,4.97,1.26,-1.75,0.302316,0.244244,0.975268
296264,2822282226,13924805,2026-10-06T05:17:44.146244+00:00,216884167634745,162,36,-53,1276,965,3805,5.67,1.26,-1.855,0.311344,0.23546,0.92842
296265,2822287109,13929688,2026-10-06T05:17:44.146685+00:00,216884168076170,150,-23,-16,1520,1000,3640,5.25,-0.805,-0.56,0.37088,0.244,0.88816
296266,2822297851,13940430,2026-10-06T05:17:44.147035+00:00,216884168426001,121,-85,13,1735,1152,3849,4.235,-2.975,0.455,0.42334,0.281088,0.939156
296267,2822307617,13950196,2026-10-06T05:17:44.188424+00:00,216884209824767,96,-75,11,1584,1126,3838,3.36,-2.625,0.385,0.386496,0.274744,0.936472
296268,2822317382,13959961,2026-10-06T05:17:44.188641+00:00,216884210034087,109,-61,15,1355,1228,3975,3.815,-2.135,0.525,0.33062,0.299632,0.9699
296269,2822327148,13969727,2026-10-06T05:17:44.188940+00:00,216884210332155,108,-74,31,1261,1441,3890,3.78,-2.59,1.085,0.307684,0.351604,0.94916
296270,2822337890,13980469,2026-10-06T05:17:44.190148+00:00,216884211538396,49,-109,46,1472,1249,3853,1.715,-3.815,1.61,0.359168,0.304756,0.940132
296271,2822347656,13990235,2026-10-06T05:17:44.190401+00:00,216884211792219,6,-139,73,1645,971,3804,0.21,-4.865,2.555,0.40138,0.236924,0.928176
296272,2822357421,14000000,2026-10-06T05:17:44.233427+00:00,216884254828158,10,-156,79,1570,924,3785,0.35,-5.46,2.765,0.38308,0.225456,0.92354
296273,2822367187,14009766,2026-10-06T05:17:44.233788+00:00,216884255183132,29,-158,72,1249,1101,4001,1.015,-5.53,2.52,0.304756,0.268644,0.976244
296274,2822376953,14019532,2026-10-06T05:17:44.234282+00:00,216884255682991,1,-191,98,1290,909,3613,0.035,-6.685,3.43,0.31476,0.221796,0.881572
296275,2822382812,14025391,2026-10-06T05:17:44.236597+00:00,216884258015193,-15,-264,145,1636,1126,3792,-0.525,-9.24,5.075,0.399184,0.274744,0.925248
296276,2822392578,14035157,2026-10-06T05:17:44.237562+00:00,216884258959290,-49,-240,134,978,1211,4055,-1.715,-8.4,4.69,0.238632,0.295484,0.98942
296277,2822402343,14044922,2026-10-06T05:17:44.278418+00:00,216884299817753,-55,-272,147,1023,1056,3523,-1.925,-9.52,5.145,0.249612,0.257664,0.859612
296278,2822412109,14054688,2026-10-06T05:17:44.278786+00:00,216884300181569,-101,-363,205,1594,1271,3772,-3.535,-12.705,7.175,0.388936,0.310124,0.920368
296279,2822422851,14065430,2026-10-06T05:17:44.279114+00:00,216884300506295,-169,-370,218,1327,1081,3716,-5.915,-12.95,7.63,0.323788,0.263764,0.906704
296280,2822432617,14075196,2026-10-06T05:17:44.280253+00:00,216884301644129,-203,-391,246,1451,1002,3757,-7.105,-13.685,8.61,0.354044,0.244488,0.916708
296281,2822442382,14084961,2026-10-06T05:17:44.369390+00:00,216884390788449,-216,-396,278,1209,1265,3733,-7.56,-13.86,9.73,0.294996,0.30866,0.910852
296282,2822452148,14094727,2026-10-06T05:17:44.369662+00:00,216884391051865,-286,-448,302,1250,1221,3754,-10.01,-15.68,10.57,0.305,0.297924,0.915976
296283,2822462890,14105469,2026-10-06T05:17:44.369889+00:00,216884391279421,-350,-489,329,1562,1014,3792,-12.25,-17.115,11.515,0.381128,0.247416,0.925248
296284,2822472656,14115235,2026-10-06T05:17:44.370263+00:00,216884391654228,-353,-489,334,1769,1012,3835,-12.355,-17.115,11.69,0.431636,0.246928,0.93574
296285,2822477539,14120118,2026-10-06T05:17:44.372113+00:00,216884393504007,-339,-445,312,1735,967,3839,-11.865,-15.575,10.92,0.42334,0.235948,0.936716
296286,2822487304,14129883,2026-10-06T05:17:44.372285+00:00,216884393675015,-307,-410,284,1790,959,3813,-10.745,-14.35,9.94,0.43676,0.233996,0.930372
296287,2822497070,14139649,2026-10-06T05:17:44.372557+00:00,216884393947376,-278,-379,258,1708,1005,3934,-9.73,-13.265,9.03,0.416752,0.24522,0.959896
296288,2822507812,14150391,2026-10-06T05:17:44.372779+00:00,216884394170237,-264,-341,234,1598,987,3872,-9.24,-11.935,8.19,0.389912,0.240828,0.944768
296289,2822517578,14160157,2026-10-06T05:17:44.374976+00:00,216884396366026,-272,-326,240,1459,986,3850,-9.52,-11.41,8.4,0.355996,0.240584,0.9394
296290,2822527343,14169922,2026-10-06T05:17:44.375169+00:00,216884396558953,-284,-343,258,1421,1052,3824,-9.94,-12.005,9.03,0.346724,0.256688,0.933056
296291,2822537109,14179688,2026-10-06T05:17:44.414245+00:00,216884435641477,-323,-379,278,1682,989,3888,-11.305,-13.265,9.73,0.410408,0.241316,0.948672
296292,2822547851,14190430,2026-10-06T05:17:44.458197+00:00,216884479593468,-319,-364,270,1726,936,3848,-11.165,-12.74,9.45,0.421144,0.228384,0.938912
296293,2822557617,14200196,2026-10-06T05:17:44.458335+00:00,216884479721555,-283,-344,249,1521,951,3863,-9.905,-12.04,8.715,0.371124,0.232044,0.942572
296294,2822567382,14209961,2026-10-06T05:17:44.458476+00:00,216884479863994,-258,-356,241,1294,981,3854,-9.03,-12.46,8.435,0.315736,0.239364,0.940376
296295,2822577148,14219727,2026-10-06T05:17:44.459979+00:00,216884481367642,-263,-407,255,1378,1003,3976,-9.205,-14.245,8.925,0.336232,0.244732,0.970144
296296,2822587890,14230469,2026-10-06T05:17:44.460101+00:00,216884481489404,-262,-414,258,1464,927,3795,-9.17,-14.49,9.03,0.357216,0.226188,0.92598
296297,2822592773,14235352,2026-10-06T05:17:44.460401+00:00,216884481789196,-267,-439,275,1700,954,3978,-9.345,-15.365,9.625,0.4148,0.232776,0.970632
296298,2822602539,14245118,2026-10-06T05:17:44.461961+00:00,216884483349473,-246,-404,252,1633,832,3858,-8.61,-14.14,8.82,0.398452,0.203008,0.941352
296299,2822612304,14254883,2026-10-06T05:17:44.462087+00:00,216884483475691,-208,-398,241,1727,797,3926,-7.28,-13.93,8.435,0.421388,0.194468,0.957944
296300,2822622070,14264649,2026-10-06T05:17:44.503192+00:00,216884524588819,-170,-371,229,1658,749,3820,-5.95,-12.985,8.015,0.404552,0.182756,0.93208
296301,2822632812,14275391,2026-10-06T05:17:44.503319+00:00,216884524707244,-121,-360,220,1561,895,3824,-4.235,-12.6,7.7,0.380884,0.21838,0.933056
296302,2822642578,14285157,2026-10-06T05:17:44.503504+00:00,216884524892450,-108,-372,224,1483,829,3809,-3.78,-13.02,7.84,0.361852,0.202276,0.929396
296303,2822652343,14294922,2026-10-06T05:17:44.504973+00:00,216884526361842,-111,-404,258,1748,784,3824,-3.885,-14.14,9.03,0.426512,0.191296,0.933056
296304,2822662109,14304688,2026-10-06T05:17:44.505134+00:00,216884526521939,-87,-398,269,1843,803,3881,-3.045,-13.93,9.415,0.449692,0.195932,0.946964
296305,2822672851,14315430,2026-10-06T05:17:44.550186+00:00,216884571600494,-51,-363,248,1630,877,3846,-1.785,-12.705,8.68,0.39772,0.213988,0.938424
296306,2822677734,14320313,2026-10-06T05:17:44.551446+00:00,216884572855071,-43,-386,260,1750,855,3830,-1.505,-13.51,9.1,0.427,0.20862,0.93452
296307,2822687500,14330079,2026-10-06T05:17:44.552306+00:00,216884573712028,-32,-384,265,1683,831,3878,-1.12,-13.44,9.275,0.410652,0.202764,0.946232
296308,2822697265,14339844,2026-10-06T05:17:44.553491+00:00,216884574901728,-3,-348,250,1298,843,3818,-0.105,-12.18,8.75,0.316712,0.205692,0.931592
296309,2822707031,14349610,2026-10-06T05:17:44.555396+00:00,216884576800529,-24,-413,313,1692,999,3872,-0.84,-14.455,10.955,0.412848,0.243756,0.944768
296310,2822717773,14360352,2026-10-06T05:17:44.594342+00:00,216884615737631,-37,-420,330,1833,780,3807,-1.295,-14.7,11.55,0.447252,0.19032,0.928908
296311,2822727539,14370118,2026-10-06T05:17:44.594762+00:00,216884616154731,-2,-434,328,1797,810,3918,-0.07,-15.19,11.48,0.438468,0.19764,0.955992
296312,2822737304,14379883,2026-10-06T05:17:44.595010+00:00,216884616401846,18,-459,313,1756,727,3840,0.63,-16.065,10.955,0.428464,0.177388,0.93696
296313,2822747070,14389649,2026-10-06T05:17:44.595440+00:00,216884616832178,78,-487,291,1739,708,3904,2.73,-17.045,10.185,0.424316,0.172752,0.952576
296314,2822757812,14400391,2026-10-06T05:17:44.639204+00:00,216884660600860,111,-512,280,1781,799,3830,3.885,-17.92,9.8,0.434564,0.194956,0.93452
296315,2822767578,14410157,2026-10-06T05:17:44.639356+00:00,216884660742102,97,-547,284,1927,667,3837,3.395,-19.145,9.94,0.470188,0.162748,0.936228
296316,2822777343,14419922,2026-10-06T05:17:44.639530+00:00,216884660917324,139,-564,261,1810,717,3811,4.865,-19.74,9.135,0.44164,0.174948,0.929884
296317,2822787109,14429688,2026-10-06T05:17:44.639840+00:00,216884661228697,162,-601,246,1705,772,3789,5.67,-21.035,8.61,0.41602,0.188368,0.924516
296318,2822791992,14434571,2026-10-06T05:17:44.640965+00:00,216884662353964,182,-676,245,1887,799,3883,6.37,-23.66,8.575,0.460428,0.194956,0.947452
296319,2822802734,14445313,2026-10-06T05:17:44.683501+00:00,216884704903018,209,-713,223,1687,761,3770,7.315,-24.955,7.805,0.411628,0.185684,0.91988
296320,2822812500,14455079,2026-10-06T05:17:44.687458+00:00,216884708866191,205,-819,233,1773,818,3781,7.175,-28.665,8.155,0.432612,0.199592,0.922564
296321,2822822265,14464844,2026-10-06T05:17:44.687778+00:00,216884709177240,210,-923,253,1845,551,3702,7.35,-32.305,8.855,0.45018,0.134444,0.903288
296322,2822832031,14474610,2026-10-06T05:17:44.688527+00:00,216884709924025,271,-1053,278,1858,540,3288,9.485,-36.855,9.73,0.453352,0.13176,0.802272
296323,2822842773,14485352,2026-10-06T05:17:44.689657+00:00,216884711056548,272,-1283,333,2016,516,3551,9.52,-44.905,11.655,0.491904,0.125904,0.866444
296324,2822852539,14495118,2026-10-06T05:17:44.728260+00:00,216884749653780,369,-1446,312,1713,640,3824,12.915,-50.61,10.92,0.417972,0.15616,0.933056
296325,2822862304,14504883,2026-10-06T05:17:44.728394+00:00,216884749781047,510,-1546,227,1362,1507,4349,17.85,-54.11,7.945,0.332328,0.367708,1.061156
296326,2822872070,14514649,2026-10-06T05:17:44.730946+00:00,216884752332553,401,-1658,182,1292,1148,4055,14.035,-58.03,6.37,0.315248,0.280112,0.98942
296327,2822882812,14525391,2026-10-06T05:17:44.731086+00:00,216884752474317,421,-1872,246,1580,1295,3733,14.735,-65.52,8.61,0.38552,0.31598,0.910852
296328,2822887695,14530274,2026-10-06T05:17:44.731275+00:00,216884752663431,393,-2188,334,1798,864,3711,13.755,-76.58,11.69,0.438712,0.210816,0.905484
296329,2822897460,14540039,2026-10-06T05:17:44.773176+00:00,216884794569722,513,-2431,359,1425,859,3987,17.955,-85.085,12.565,0.3477,0.209596,0.972828
296330,2822907226,14549805,2026-10-06T05:17:44.773296+00:00,216884794682576,546,-2694,374,1715,1115,3986,19.11,-94.29,13.09,0.41846,0.27206,0.972584
296331,2822916992,14559571,2026-10-06T05:17:44.774982+00:00,216884796370719,455,-2972,344,1887,1047,3848,15.925,-104.02,12.04,0.460428,0.255468,0.938912
296332,2822927734,14570313,2026-10-06T05:17:44.775119+00:00,216884796506726,392,-3284,257,1936,775,4117,13.72,-114.94,8.995,0.472384,0.1891,1.004548
296333,2822937500,14580079,2026-10-06T05:17:44.819341+00:00,216884840739136,372,-3581,244,1766,536,3961,13.02,-125.335,8.54,0.430904,0.130784,0.966484
296334,2822947265,14589844,2026-10-06T05:17:44.819487+00:00,216884840875111,413,-3944,282,2049,766,3863,14.455,-138.04,9.87,0.499956,0.186904,0.942572
296335,2822957031,14599610,2026-10-06T05:17:44.819705+00:00,216884841093689,412,-4372,331,2289,877,3418,14.42,-153.02,11.585,0.558516,0.213988,0.833992
296336,2822967773,14610352,2026-10-06T05:17:44.819945+00:00,216884841332125,379,-4850,397,2052,1096,3849,13.265,-169.75,13.895,0.500688,0.267424,0.939156
296337,2822977539,14620118,2026-10-06T05:17:44.820950+00:00,216884842339234,236,-5322,491,1763,720,3479,8.26,-186.27,17.185,0.430172,0.17568,0.848876
296338,2822982421,14625000,2026-10-06T05:17:44.864200+00:00,216884885594711,267,-5853,613,2101,879,3693,9.345,-204.855,21.455,0.512644,0.214476,0.901092
296339,2822992187,14634766,2026-10-06T05:17:44.908202+00:00,216884929598346,249,-6234,704,1912,830,3700,8.715,-218.19,24.64,0.466528,0.20252,0.9028
296340,2823001953,14644532,2026-10-06T05:17:44.908324+00:00,216884929711860,267,-6649,807,2515,942,3412,9.345,-232.715,28.245,0.61366,0.229848,0.832528
296341,2823012695,14655274,2026-10-06T05:17:44.911004+00:00,216884932391252,289,-7000,874,3012,777,3437,10.115,-245.0,30.59,0.734928,0.189588,0.838628
296342,2823022460,14665039,2026-10-06T05:17:44.911115+00:00,216884932502196,360,-7212,891,3291,525,3526,12.6,-252.42,31.185,0.803004,0.1281,0.860344
296343,2823032226,14674805,2026-10-06T05:17:44.911374+00:00,216884932761697,713,-7364,885,4008,553,3746,24.955,-257.74,30.975,0.977952,0.134932,0.914024
296344,2823041992,14684571,2026-10-06T05:17:44.911643+00:00,216884933030883,1161,-7400,882,4581,740,3730,40.635,-259.0,30.87,1.117764,0.18056,0.91012
296345,2823052734,14695313,2026-10-06T05:17:44.911936+00:00,216884933324247,1648,-7371,897,4992,939,3778,57.68,-257.985,31.395,1.218048,0.229116,0.921832
296346,2823062500,14705079,2026-10-06T05:17:44.914007+00:00,216884935394187,1984,-7280,1030,5086,1386,3776,69.44,-254.8,36.05,1.240984,0.338184,0.921344
296347,2823072265,14714844,2026-10-06T05:17:44.954106+00:00,216884975501575,2129,-7163,1205,5089,1533,3553,74.515,-250.705,42.175,1.241716,0.374052,0.866932
296348,2823082031,14724610,2026-10-06T05:17:44.954241+00:00,216884975629134,2098,-7025,1479,4875,1485,3720,73.43,-245.875,51.765,1.1895,0.36234,0.90768
296349,2823087890,14730469,2026-10-06T05:17:44.954401+00:00,216884975788846,2233,-6760,1689,5328,1533,4321,78.155,-236.6,59.115,1.300032,0.374052,1.054324
296350,2823097656,14740235,2026-10-06T05:17:44.954552+00:00,216884975939754,2519,-6203,1822,5009,1818,4165,88.165,-217.105,63.77,1.222196,0.443592,1.01626
296351,2823107421,14750000,2026-10-06T05:17:44.955880+00:00,216884977268574,2803,-5676,1898,5165,1945,4088,98.105,-198.66,66.43,1.26026,0.47458,0.997472
296352,2823117187,14759766,2026-10-06T05:17:44.998722+00:00,216885020130960,2868,-5012,2073,5377,1378,4309,100.38,-175.42,72.555,1.311988,0.336232,1.051396
296353,2823126953,14769532,2026-10-06T05:17:44.999290+00:00,216885020684614,2790,-4098,2387,5257,877,4076,97.65,-143.43,83.545,1.282708,0.213988,0.994544
296354,2823137695,14780274,2026-10-06T05:17:45.003546+00:00,216885024942008,2699,-3022,2784,4451,-110,4833,94.465,-105.77,97.44,1.086044,-0.02684,1.179252
296355,2823147460,14790039,2026-10-06T05:17:45.003684+00:00,216885025074132,3033,-1508,3236,5231,1557,6927,106.155,-52.78,113.26,1.276364,0.379908,1.690188
296356,2823157226,14799805,2026-10-06T05:17:45.003770+00:00,216885025158386,2626,74,3776,3332,1876,6063,91.91,2.59,132.16,0.813008,0.457744,1.479372
296357,2823166992,14809571,2026-10-06T05:17:45.043306+00:00,216885064702188,1745,1063,4257,2806,1487,4513,61.075,37.205,148.995,0.684664,0.362828,1.101172
296358,2823172851,14815430,2026-10-06T05:17:45.043574+00:00,216885064962107,1285,1690,4358,2087,2039,4343,44.975,59.15,152.53,0.509228,0.497516,1.059692
296359,2823182617,14825196,2026-10-06T05:17:45.045008+00:00,216885066395240,946,2230,4164,128,2099,2639,33.11,78.05,145.74,0.031232,0.512156,0.643916
296360,2823192382,14834961,2026-10-06T05:17:45.045151+00:00,216885066539386,723,2170,3749,-429,2264,1608,25.305,75.95,131.215,-0.104676,0.552416,0.392352
296361,2823202148,14844727,2026-10-06T05:17:45.045334+00:00,216885066721522,588,1821,3139,-176,2278,1336,20.58,63.735,109.865,-0.042944,0.555832,0.325984
296362,2823212890,14855469,2026-10-06T05:17:45.088234+00:00,216885109625826,647,1508,2358,337,2370,1843,22.645,52.78,82.53,0.082228,0.57828,0.449692
296363,2823222656,14865235,2026-10-06T05:17:45.088341+00:00,216885109728323,779,1430,1385,867,2596,2250,27.265,50.05,48.475,0.211548,0.633424,0.549
296364,2823232421,14875000,2026-10-06T05:17:45.090035+00:00,216885111422107,855,1549,360,1579,2818,2712,29.925,54.215,12.6,0.385276,0.687592,0.661728
296365,2823242187,14884766,2026-10-06T05:17:45.090266+00:00,216885111666212,758,1875,-573,2156,2854,3045,26.53,65.625,-20.055,0.526064,0.696376,0.74298
296366,2823251953,14894532,2026-10-06T05:17:45.134640+00:00,216885156037272,479,2331,-1340,2443,2553,3173,16.765,81.585,-46.9,0.596092,0.622932,0.774212
296367,2823262695,14905274,2026-10-06T05:17:45.134779+00:00,216885156166523,156,2820,-1922,2682,1848,3207,5.46,98.7,-67.27,0.654408,0.450912,0.782508
296368,2823272460,14915039,2026-10-06T05:17:45.178343+00:00,216885199740051,-40,3316,-2308,2713,1042,2993,-1.4,116.06,-80.78,0.661972,0.254248,0.730292
296369,2823282226,14924805,2026-10-06T05:17:45.178515+00:00,216885199906350,-57,3723,-2482,2628,455,2699,-1.995,130.305,-86.87,0.641232,0.11102,0.658556
296370,2823287109,14929688,2026-10-06T05:17:45.181095+00:00,216885202486182,15,4007,-2458,2655,118,2529,0.525,140.245,-86.03,0.64782,0.028792,0.617076
296371,2823297851,14940430,2026-10-06T05:17:45.181290+00:00,216885202680761,104,4200,-2313,2823,31,2530,3.64,147.0,-80.955,0.688812,0.007564,0.61732
296372,2823307617,14950196,2026-10-06T05:17:45.181486+00:00,216885202876030,136,4349,-2119,2973,36,2534,4.76,152.215,-74.165,0.725412,0.008784,0.618296
296373,2823317382,14959961,2026-10-06T05:17:45.181732+00:00,216885203122476,89,4460,-1918,3136,136,2644,3.115,156.1,-67.13,0.765184,0.033184,0.645136
296374,2823327148,14969727,2026-10-06T05:17:45.181925+00:00,216885203315347,6,4564,-1774,3401,161,2882,0.21,159.74,-62.09,0.829844,0.039284,0.703208
296375,2823337890,14980469,2026-10-06T05:17:45.184200+00:00,216885205595659,-41,4727,-1716,3772,180,3213,-1.435,165.445,-60.06,0.920368,0.04392,0.783972
296376,2823347656,14990235,2026-10-06T05:17:45.223337+00:00,216885244733031,-62,4988,-1715,3904,183,3339,-2.17,174.58,-60.025,0.952576,0.044652,0.814716
296377,2823357421,15000000,2026-10-06T05:17:45.223473+00:00,216885244860858,-83,5261,-1711,3687,148,3162,-2.905,184.135,-59.885,0.899628,0.036112,0.771528
296378,2823367187,15009766,2026-10-06T05:17:45.223730+00:00,216885245119679,-87,5425,-1676,3357,162,2873,-3.045,189.875,-58.66,0.819108,0.039528,0.701012
296379,2823376953,15019532,2026-10-06T05:17:45.224936+00:00,216885246325382,-68,5444,-1613,3146,300,2649,-2.38,190.54,-56.455,0.767624,0.0732,0.646356
296380,2823382812,15025391,2026-10-06T05:17:45.225109+00:00,216885246496918,-52,5361,-1554,3071,617,2607,-1.82,187.635,-54.39,0.749324,0.150548,0.636108
296381,2823392578,15035157,2026-10-06T05:17:45.272800+00:00,216885294226156,-80,5244,-1540,3068,1023,2768,-2.8,183.54,-53.9,0.748592,0.249612,0.675392
296382,2823402343,15044922,2026-10-06T05:17:45.273608+00:00,216885295059467,-148,5153,-1606,3062,1274,2998,-5.18,180.355,-56.21,0.747128,0.310856,0.731512
296383,2823412109,15054688,2026-10-06T05:17:45.274499+00:00,216885295899507,-186,5106,-1759,2995,1411,3189,-6.51,178.71,-61.565,0.73078,0.344284,0.778116
296384,2823422851,15065430,2026-10-06T05:17:45.275088+00:00,216885296492504,-156,5093,-1968,3001,1451,3452,-5.46,178.255,-68.88,0.732244,0.354044,0.842288
296385,2823432617,15075196,2026-10-06T05:17:45.358414+00:00,216885379816259,-50,5129,-2204,3022,1523,3645,-1.75,179.515,-77.14,0.737368,0.371612,0.88938
296386,2823442382,15084961,2026-10-06T05:17:45.358777+00:00,216885380170207,66,5185,-2436,3045,1634,3794,2.31,181.475,-85.26,0.74298,0.398696,0.925736
296387,2823452148,15094727,2026-10-06T05:17:45.360149+00:00,216885381542315,163,5246,-2662,3195,1712,3992,5.705,183.61,-93.17,0.77958,0.417728,0.974048
296388,2823462890,15105469,2026-10-06T05:17:45.360441+00:00,216885381832992,220,5329,-2892,3286,1796,4133,7.7,186.515,-101.22,0.801784,0.438224,1.008452
296389,2823472656,15115235,2026-10-06T05:17:45.360780+00:00,216885382171952,218,5406,-3125,3253,1818,4157,7.63,189.21,-109.375,0.793732,0.443592,1.014308
296390,2823477539,15120118,2026-10-06T05:17:45.363195+00:00,216885384586585,179,5427,-3363,3215,1768,4135,6.265,189.945,-117.705,0.78446,0.431392,1.00894
296391,2823487304,15129883,2026-10-06T05:17:45.363450+00:00,216885384841834,133,5385,-3595,3292,1700,4177,4.655,188.475,-125.825,0.803248,0.4148,1.019188
296392,2823497070,15139649,2026-10-06T05:17:45.363784+00:00,216885385175651,77,5309,-3798,3433,1636,4291,2.695,185.815,-132.93,0.837652,0.399184,1.047004
296393,2823507812,15150391,2026-10-06T05:17:45.364041+00:00,216885385432770,20,5220,-3967,3689,1509,4490,0.7,182.7,-138.845,0.900116,0.368196,1.09556
296394,2823517578,15160157,2026-10-06T05:17:45.364281+00:00,216885385672262,-20,5160,-4109,4003,1430,4692,-0.7,180.6,-143.815,0.976732,0.34892,1.144848
296395,2823527343,15169922,2026-10-06T05:17:45.406923+00:00,216885428353633,-104,5136,-4198,4249,1359,4756,-3.64,179.76,-146.93,1.036756,0.331596,1.160464
296396,2823537109,15179688,2026-10-06T05:17:45.410205+00:00,216885431630574,-258,5099,-4216,4343,956,4612,-9.03,178.465,-147.56,1.059692,0.233264,1.125328
296397,2823547851,15190430,2026-10-06T05:17:45.412302+00:00,216885433722105,-340,5015,-4161,4711,478,4563,-11.9,175.525,-145.635,1.149484,0.116632,1.113372
296398,2823557617,15200196,2026-10-06T05:17:45.414141+00:00,216885435558081,-330,4944,-4012,5281,240,4548,-11.55,173.04,-140.42,1.288564,0.05856,1.109712
296399,2823567382,15209961,2026-10-06T05:17:45.451733+00:00,216885473158606,-344,4924,-3760,5827,251,4342,-12.04,172.34,-131.6,1.421788,0.061244,1.059448
296400,2823577148,15219727,2026-10-06T05:17:45.452214+00:00,216885473631706,-467,4913,-3393,6014,281,3723,-16.345,171.955,-118.755,1.467416,0.068564,0.908412
296401,2823587890,15230469,2026-10-06T05:17:45.457478+00:00,216885478900716,-647,4807,-2935,5873,204,2775,-22.645,168.245,-102.725,1.433012,0.049776,0.6771
296402,2823592773,15235352,2026-10-06T05:17:45.459270+00:00,216885480679830,-733,4518,-2440,5606,-36,1778,-25.655,158.13,-85.4,1.367864,-0.008784,0.433832
296403,2823602539,15245118,2026-10-06T05:17:45.460739+00:00,216885482154315,-580,4045,-1967,5370,-198,888,-20.3,141.575,-68.845,1.31028,-0.048312,0.216672
296404,2823612304,15254883,2026-10-06T05:17:45.493454+00:00,216885514857854,-241,3431,-1562,5311,-307,276,-8.435,120.085,-54.67,1.295884,-0.074908,0.067344
296405,2823622070,15264649,2026-10-06T05:17:45.493891+00:00,216885515285365,150,2764,-1257,5650,-390,-101,5.25,96.74,-43.995,1.3786,-0.09516,-0.024644
296406,2823632812,15275391,2026-10-06T05:17:45.494232+00:00,216885515628234,467,2136,-1006,6130,10,-499,16.345,74.76,-35.21,1.49572,0.00244,-0.121756
296407,2823642578,15285157,2026-10-06T05:17:45.496296+00:00,216885517689526,438,1499,-724,6127,167,-1281,15.33,52.465,-25.34,1.494988,0.040748,-0.312564
296408,2823652343,15294922,2026-10-06T05:17:45.496547+00:00,216885517940685,171,671,-442,5991,-112,-2050,5.985,23.485,-15.47,1.461804,-0.027328,-0.5002
296409,2823662109,15304688,2026-10-06T05:17:45.538296+00:00,216885559698086,-44,-288,-173,6096,-230,-2544,-1.54,-10.08,-6.055,1.487424,-0.05612,-0.620736
296410,2823672851,15315430,2026-10-06T05:17:45.538563+00:00,216885559954825,-273,-1380,127,5942,262,-2800,-9.555,-48.3,4.445,1.449848,0.063928,-0.6832
296411,2823677734,15320313,2026-10-06T05:17:45.540137+00:00,216885561526600,-832,-2628,504,1707,-285,-373,-29.12,-91.98,17.64,0.416508,-0.06954,-0.091012
296412,2823687500,15330079,2026-10-06T05:17:45.540409+00:00,216885561798561,-817,-3221,886,789,469,6428,-28.595,-112.735,31.01,0.192516,0.114436,1.568432
296413,2823697265,15339844,2026-10-06T05:17:45.540763+00:00,216885562152345,-750,-2995,1119,-888,164,10112,-26.25,-104.825,39.165,-0.216672,0.040016,2.467328
296414,2823707031,15349610,2026-10-06T05:17:45.584362+00:00,216885605767934,-278,-2585,1167,-2851,537,5479,-9.73,-90.475,40.845,-0.695644,0.131028,1.336876
296415,2823717773,15360352,2026-10-06T05:17:45.628228+00:00,216885649621967,-261,-3359,1537,-2557,-50,1025,-9.135,-117.565,53.795,-0.623908,-0.0122,0.2501
296416,2823727539,15370118,2026-10-06T05:17:45.673242+00:00,216885694641037,-113,-4770,1628,992,-33,2049,-3.955,-166.95,56.98,0.242048,-0.008052,0.499956
296417,2823737304,15379883,2026-10-06T05:17:45.673445+00:00,216885694837212,235,-5338,1271,3376,1122,4854,8.225,-186.83,44.485,0.823744,0.273768,1.184376
296418,2823747070,15389649,2026-10-06T05:17:45.675309+00:00,216885696701857,459,-4952,761,2560,1208,5240,16.065,-173.32,26.635,0.62464,0.294752,1.27856
296419,2823757812,15400391,2026-10-06T05:17:45.675585+00:00,216885696976930,656,-4635,350,926,935,4076,22.96,-162.225,12.25,0.225944,0.22814,0.994544
296420,2823767578,15410157,2026-10-06T05:17:45.675968+00:00,216885697359323,841,-4840,248,1646,1386,3966,29.435,-169.4,8.68,0.401624,0.338184,0.967704
296421,2823777343,15419922,2026-10-06T05:17:45.677075+00:00,216885698466710,336,-5104,914,7664,3954,9607,11.76,-178.64,31.99,1.870016,0.964776,2.344108
296422,2823787109,15429688,2026-10-06T05:17:45.677329+00:00,216885698721066,-965,-3197,1020,8390,1934,6422,-33.775,-111.895,35.7,2.04716,0.471896,1.566968
296423,2823791992,15434571,2026-10-06T05:17:45.677649+00:00,216885699039399,-442,-1107,326,4647,1980,4867,-15.47,-38.745,11.41,1.133868,0.48312,1.187548
296424,2823802734,15445313,2026-10-06T05:17:45.679105+00:00,216885700497231,-403,-290,137,1873,1676,4707,-14.105,-10.15,4.795,0.457012,0.408944,1.148508
296425,2823812500,15455079,2026-10-06T05:17:45.679366+00:00,216885700758134,-282,-168,-21,1510,1193,4518,-9.87,-5.88,-0.735,0.36844,0.291092,1.102392
296426,2823822265,15464844,2026-10-06T05:17:45.679807+00:00,216885701198456,-139,-146,-118,2988,223,4955,-4.865,-5.11,-4.13,0.729072,0.054412,1.20902
296427,2823832031,15474610,2026-10-06T05:17:45.681057+00:00,216885702448367,229,236,-268,2583,-252,4410,8.015,8.26,-9.38,0.630252,-0.061488,1.07604
296428,2823842773,15485352,2026-10-06T05:17:45.719496+00:00,216885740897046,603,505,-367,2101,495,3971,21.105,17.675,-12.845,0.512644,0.12078,0.968924
296429,2823852539,15495118,2026-10-06T05:17:45.719799+00:00,216885741190997,762,609,-415,2009,954,3814,26.67,21.315,-14.525,0.490196,0.232776,0.930616
296430,2823862304,15504883,2026-10-06T05:17:45.720081+00:00,216885741470896,769,702,-433,1537,1057,3771,26.915,24.57,-15.155,0.375028,0.257908,0.920124
296431,2823872070,15514649,2026-10-06T05:17:45.721219+00:00,216885742609331,743,719,-386,774,1351,3690,26.005,25.165,-13.51,0.188856,0.329644,0.90036
296432,2823882812,15525391,2026-10-06T05:17:45.764332+00:00,216885785745436,608,578,-301,595,1444,3186,21.28,20.23,-10.535,0.14518,0.352336,0.777384
296433,2823887695,15530274,2026-10-06T05:17:45.765232+00:00,216885786640133,448,311,-221,1067,1492,3305,15.68,10.885,-7.735,0.260348,0.364048,0.80642
296434,2823897460,15540039,2026-10-06T05:17:45.767409+00:00,216885788828224,301,195,-186,967,1602,3861,10.535,6.825,-6.51,0.235948,0.390888,0.942084
296435,2823907226,15549805,2026-10-06T05:17:45.769030+00:00,216885790456618,181,135,-163,746,1095,3394,6.335,4.725,-5.705,0.182024,0.26718,0.828136
296436,2823916992,15559571,2026-10-06T05:17:45.771533+00:00,216885792960112,142,24,-89,1022,1195,3779,4.97,0.84,-3.115,0.249368,0.29158,0.922076
296437,2823927734,15570313,2026-10-06T05:17:45.809434+00:00,216885830856948,82,-21,-28,932,1030,3803,2.87,-0.735,-0.98,0.227408,0.25132,0.927932
296438,2823937500,15580079,2026-10-06T05:17:45.810515+00:00,216885831933132,88,-69,28,1103,1085,3742,3.08,-2.415,0.98,0.269132,0.26474,0.913048
296439,2823947265,15589844,2026-10-06T05:17:45.812117+00:00,216885833532129,85,-97,61,1429,1245,3863,2.975,-3.395,2.135,0.348676,0.30378,0.942572
296440,2823957031,15599610,2026-10-06T05:17:45.812971+00:00,216885834382548,54,-60,74,1347,1224,3862,1.89,-2.1,2.59,0.328668,0.298656,0.942328
296441,2823967773,15610352,2026-10-06T05:17:45.813981+00:00,216885835388034,33,-52,90,1102,1282,3781,1.155,-1.82,3.15,0.268888,0.312808,0.922564
296442,2823977539,15620118,2026-10-06T05:17:45.855408+00:00,216885876827906,-7,-116,107,1139,1263,3868,-0.245,-4.06,3.745,0.277916,0.308172,0.943792
296443,2823982421,15625000,2026-10-06T05:17:45.898842+00:00,216885920249298,-57,-158,114,1196,1131,3964,-1.995,-5.53,3.99,0.291824,0.275964,0.967216
296444,2823992187,15634766,2026-10-06T05:17:45.943947+00:00,216885965361534,-76,-172,100,1231,853,3997,-2.66,-6.02,3.5,0.300364,0.208132,0.975268
296445,2824001953,15644532,2026-10-06T05:17:45.944939+00:00,216885966347539,-34,-195,106,1410,876,3892,-1.19,-6.825,3.71,0.34404,0.213744,0.949648
296446,2824012695,15655274,2026-10-06T05:17:45.945888+00:00,216885967295550,-4,-230,117,1714,1069,3907,-0.14,-8.05,4.095,0.418216,0.260836,0.953308
296447,2824022460,15665039,2026-10-06T05:17:45.946709+00:00,216885968107629,9,-208,95,1669,1167,3974,0.315,-7.28,3.325,0.407236,0.284748,0.969656
296448,2824032226,15674805,2026-10-06T05:17:45.947705+00:00,216885969109631,32,-170,81,1478,1297,3968,1.12,-5.95,2.835,0.360632,0.316468,0.968192
296449,2824041992,15684571,2026-10-06T05:17:45.948656+00:00,216885970060226,33,-173,81,1246,1334,3813,1.155,-6.055,2.835,0.304024,0.325496,0.930372
296450,2824052734,15695313,2026-10-06T05:17:45.949307+00:00,216885970711357,-9,-218,100,1342,1152,3962,-0.315,-7.63,3.5,0.327448,0.281088,0.966728
296451,2824062500,15705079,2026-10-06T05:17:45.950078+00:00,216885971483905,-29,-226,124,1393,1013,3948,-1.015,-7.91,4.34,0.339892,0.247172,0.963312
296452,2824072265,15714844,2026-10-06T05:17:45.950988+00:00,216885972398457,-17,-245,128,1440,976,3651,-0.595,-8.575,4.48,0.35136,0.238144,0.890844
296453,2824082031,15724610,2026-10-06T05:17:45.952535+00:00,216885973948810,-27,-304,149,1574,1051,3779,-0.945,-10.64,5.215,0.384056,0.256444,0.922076
296454,2824087890,15730469,2026-10-06T05:17:45.953647+00:00,216885975051946,-49,-312,159,1439,1061,3964,-1.715,-10.92,5.565,0.351116,0.258884,0.967216
296455,2824097656,15740235,2026-10-06T05:17:45.954313+00:00,216885975721051,-46,-316,164,1506,1009,3679,-1.61,-11.06,5.74,0.367464,0.246196,0.897676
296456,2824107421,15750000,2026-10-06T05:17:45.954977+00:00,216885976377983,-43,-335,174,1525,1235,3885,-1.505,-11.725,6.09,0.3721,0.30134,0.94794
296457,2824117187,15759766,2026-10-06T05:17:45.989451+00:00,216886010862507,-78,-322,163,1415,1153,3691,-2.73,-11.27,5.705,0.34526,0.281332,0.900604
296458,2824126953,15769532,2026-10-06T05:17:45.990594+00:00,216886012026100,-119,-344,192,1502,1123,3748,-4.165,-12.04,6.72,0.366488,0.274012,0.914512
296459,2824137695,15780274,2026-10-06T05:17:45.992715+00:00,216886014122954,-154,-349,217,1409,1187,3708,-5.39,-12.215,7.595,0.343796,0.289628,0.904752
296460,2824147460,15790039,2026-10-06T05:17:45.994355+00:00,216886015769087,-211,-360,239,1475,1182,3797,-7.385,-12.6,8.365,0.3599,0.288408,0.926468
296461,2824157226,15799805,2026-10-06T05:17:46.037947+00:00,216886059362362,-250,-362,267,1442,1162,3694,-8.75,-12.67,9.345,0.351848,0.283528,0.901336
296462,2824166992,15809571,2026-10-06T05:17:46.038422+00:00,216886059832045,-303,-390,299,1530,1172,3750,-10.605,-13.65,10.465,0.37332,0.285968,0.915
296463,2824172851,15815430,2026-10-06T05:17:46.039994+00:00,216886061404500,-355,-386,306,1380,1106,3971,-12.425,-13.51,10.71,0.33672,0.269864,0.968924
296464,2824182617,15825196,2026-10-06T05:17:46.041421+00:00,216886062827192,-359,-374,299,1439,903,3654,-12.565,-13.09,10.465,0.351116,0.220332,0.891576
296465,2824192382,15834961,2026-10-06T05:17:46.042385+00:00,216886063790809,-337,-434,328,1710,1128,3701,-11.795,-15.19,11.48,0.41724,0.275232,0.903044
296466,2824202148,15844727,2026-10-06T05:17:46.079989+00:00,216886101402818,-380,-435,317,1316,1046,4068,-13.3,-15.225,11.095,0.321104,0.255224,0.992592
296467,2824212890,15855469,2026-10-06T05:17:46.080674+00:00,216886102072657,-343,-422,296,1242,880,3704,-12.005,-14.77,10.36,0.303048,0.21472,0.903776
296468,2824222656,15865235,2026-10-06T05:17:46.081422+00:00,216886102829838,-329,-488,328,1348,1096,3975,-11.515,-17.08,11.48,0.328912,0.267424,0.9699
296469,2824232421,15875000,2026-10-06T05:17:46.082095+00:00,216886103500145,-375,-497,322,1239,1003,3886,-13.125,-17.395,11.27,0.302316,0.244732,0.948184
296470,2824242187,15884766,2026-10-06T05:17:46.124174+00:00,216886145595571,-398,-520,334,1662,947,4052,-13.93,-18.2,11.69,0.405528,0.231068,0.988688
296471,2824251953,15894532,2026-10-06T05:17:46.125037+00:00,216886146447165,-375,-471,327,1617,1020,3866,-13.125,-16.485,11.445,0.394548,0.24888,0.943304
296472,2824262695,15905274,2026-10-06T05:17:46.125977+00:00,216886147387066,-383,-460,320,1742,860,3822,-13.405,-16.1,11.2,0.425048,0.20984,0.932568
296473,2824272460,15915039,2026-10-06T05:17:46.126934+00:00,216886148341602,-378,-445,335,1704,935,3835,-13.23,-15.575,11.725,0.415776,0.22814,0.93574
296474,2824282226,15924805,2026-10-06T05:17:46.127813+00:00,216886149215466,-402,-447,355,1730,960,3807,-14.07,-15.645,12.425,0.42212,0.23424,0.928908
296475,2824287109,15929688,2026-10-06T05:17:46.172230+00:00,216886193646609,-398,-440,355,1631,943,3866,-13.93,-15.4,12.425,0.397964,0.230092,0.943304
296476,2824297851,15940430,2026-10-06T05:17:46.173170+00:00,216886194577455,-380,-428,359,1391,1001,3830,-13.3,-14.98,12.565,0.339404,0.244244,0.93452
296477,2824307617,15950196,2026-10-06T05:17:46.173961+00:00,216886195359454,-393,-465,387,1585,924,3901,-13.755,-16.275,13.545,0.38674,0.225456,0.951844
296478,2824317382,15959961,2026-10-06T05:17:46.174581+00:00,216886195979006,-361,-453,391,1653,905,3894,-12.635,-15.855,13.685,0.403332,0.22082,0.950136
296479,2824327148,15969727,2026-10-06T05:17:46.175356+00:00,216886196762157,-330,-434,395,1800,782,3932,-11.55,-15.19,13.825,0.4392,0.190808,0.959408
296480,2824337890,15980469,2026-10-06T05:17:46.214103+00:00,216886235515563,-286,-385,397,1703,755,3852,-10.01,-13.475,13.895,0.415532,0.18422,0.939888
296481,2824347656,15990235,2026-10-06T05:17:46.214871+00:00,216886236275232,-244,-363,399,1614,802,3809,-8.54,-12.705,13.965,0.393816,0.195688,0.929396
296482,2824357421,16000000,2026-10-06T05:17:46.215920+00:00,216886237324852,-218,-363,407,1544,831,3739,-7.63,-12.705,14.245,0.376736,0.202764,0.912316
296483,2824367187,16009766,2026-10-06T05:17:46.216929+00:00,216886238330836,-212,-397,430,1723,843,3861,-7.42,-13.895,15.05,0.420412,0.205692,0.942084
296484,2824376953,16019532,2026-10-06T05:17:46.258991+00:00,216886280402555,-183,-401,411,1776,775,3811,-6.405,-14.035,14.385,0.433344,0.1891,0.929884
296485,2824382812,16025391,2026-10-06T05:17:46.259739+00:00,216886281144412,-144,-406,385,1814,743,3947,-5.04,-14.21,13.475,0.442616,0.181292,0.963068
296486,2824392578,16035157,2026-10-06T05:17:46.260811+00:00,216886282216877,-107,-380,358,1657,671,3926,-3.745,-13.3,12.53,0.404308,0.163724,0.957944
296487,2824402343,16044922,2026-10-06T05:17:46.261500+00:00,216886282905267,-65,-381,337,1719,799,3925,-2.275,-13.335,11.795,0.419436,0.194956,0.9577
296488,2824412109,16054688,2026-10-06T05:17:46.262430+00:00,216886283837303,-43,-370,306,1662,683,3873,-1.505,-12.95,10.71,0.405528,0.166652,0.945012
296489,2824422851,16065430,2026-10-06T05:17:46.305513+00:00,216886326926477,0,-388,291,1867,701,3844,0.0,-13.58,10.185,0.455548,0.171044,0.937936
296490,2824432617,16075196,2026-10-06T05:17:46.307660+00:00,216886329072144,25,-400,287,1874,689,3789,0.875,-14.0,10.045,0.457256,0.168116,0.924516
296491,2824442382,16084961,2026-10-06T05:17:46.308951+00:00,216886330357730,54,-414,278,1725,729,3957,1.89,-14.49,9.73,0.4209,0.177876,0.965508
296492,2824452148,16094727,2026-10-06T05:17:46.309542+00:00,216886330943685,74,-435,277,1715,734,3822,2.59,-15.225,9.695,0.41846,0.179096,0.932568
296493,2824462890,16105469,2026-10-06T05:17:46.310195+00:00,216886331597365,71,-480,307,1797,763,3865,2.485,-16.8,10.745,0.438468,0.186172,0.94306
296494,2824472656,16115235,2026-10-06T05:17:46.350174+00:00,216886371583730,71,-523,306,1803,722,3860,2.485,-18.305,10.71,0.439932,0.176168,0.94184
296495,2824477539,16120118,2026-10-06T05:17:46.351406+00:00,216886372825739,102,-549,282,1578,732,3906,3.57,-19.215,9.87,0.385032,0.178608,0.953064
296496,2824487304,16129883,2026-10-06T05:17:46.353814+00:00,216886375223868,103,-642,299,1960,712,3724,3.605,-22.47,10.465,0.47824,0.173728,0.908656
296497,2824497070,16139649,2026-10-06T05:17:46.354196+00:00,216886375601507,113,-732,317,2052,644,3756,3.955,-25.62,11.095,0.500688,0.157136,0.916464
296498,2824507812,16150391,2026-10-06T05:17:46.355452+00:00,216886376858125,139,-779,286,1467,685,3801,4.865,-27.265,10.01,0.357948,0.16714,0.927444
296499,2824517578,16160157,2026-10-06T05:17:46.395106+00:00,216886416513524,144,-908,298,1723,749,3856,5.04,-31.78,10.43,0.420412,0.182756,0.940864
296500,2824527343,16169922,2026-10-06T05:17:46.441531+00:00,216886462943686,188,-1015,317,1768,697,3756,6.58,-35.525,11.095,0.431392,0.170068,0.916464
296501,2824537109,16179688,2026-10-06T05:17:46.443680+00:00,216886465092020,226,-1156,330,1832,543,3649,7.91,-40.46,11.55,0.447008,0.132492,0.890356
296502,2824547851,16190430,2026-10-06T05:17:46.444507+00:00,216886465915122,268,-1342,388,1857,333,3108,9.38,-46.97,13.58,0.453108,0.081252,0.758352
296503,2824557617,16200196,2026-10-06T05:17:46.445525+00:00,216886466926259,370,-1629,453,2092,721,3523,12.95,-57.015,15.855,0.510448,0.175924,0.859612
296504,2824567382,16209961,2026-10-06T05:17:46.446569+00:00,216886467976438,373,-1836,429,1681,760,4120,13.055,-64.26,15.015,0.410164,0.18544,1.00528
296505,2824577148,16219727,2026-10-06T05:17:46.447754+00:00,216886469160116,439,-1961,325,1419,1272,4306,15.365,-68.635,11.375,0.346236,0.310368,1.050664
296506,2824587890,16230469,2026-10-06T05:17:46.449363+00:00,216886470770851,367,-2136,297,1360,1075,4054,12.845,-74.76,10.395,0.33184,0.2623,0.989176
296507,2824592773,16235352,2026-10-06T05:17:46.450356+00:00,216886471761868,371,-2431,346,1722,1008,3819,12.985,-85.085,12.11,0.420168,0.245952,0.931836
296508,2824602539,16245118,2026-10-06T05:17:46.488050+00:00,216886509462384,346,-2778,420,1842,885,4052,12.11,-97.23,14.7,0.449448,0.21594,0.988688
296509,2824612304,16254883,2026-10-06T05:17:46.488372+00:00,216886509776900,353,-3042,441,1402,883,3910,12.355,-106.47,15.435,0.342088,0.215452,0.95404
296510,2824622070,16264649,2026-10-06T05:17:46.488615+00:00,216886510042968,362,-3371,405,1447,1055,3890,12.67,-117.985,14.175,0.353068,0.25742,0.94916
296511,2824632812,16275391,2026-10-06T05:17:46.488811+00:00,216886510204711,298,-3737,333,1867,709,4110,10.43,-130.795,11.655,0.455548,0.172996,1.00284
296512,2824642578,16285157,2026-10-06T05:17:46.489028+00:00,216886510422084,230,-4109,352,1997,542,3994,8.05,-143.815,12.32,0.487268,0.132248,0.974536
296513,2824652343,16294922,2026-10-06T05:17:46.529427+00:00,216886550829063,222,-4570,430,2074,840,3949,7.77,-159.95,15.05,0.506056,0.20496,0.963556
296514,2824662109,16304688,2026-10-06T05:17:46.573467+00:00,216886594869583,138,-5098,572,1713,1071,3806,4.83,-178.43,20.02,0.417972,0.261324,0.928664
296515,2824672851,16315430,2026-10-06T05:17:46.618549+00:00,216886639951940,38,-5752,720,1674,1078,3645,1.33,-201.32,25.2,0.408456,0.263032,0.88938
296516,2824677734,16320313,2026-10-06T05:17:46.618908+00:00,216886640302884,4,-6476,843,2200,931,3520,0.14,-226.66,29.505,0.5368,0.227164,0.85888
296517,2824687500,16330079,2026-10-06T05:17:46.620225+00:00,216886641623320,-21,-7132,947,2006,779,3602,-0.735,-249.62,33.145,0.489464,0.190076,0.878888
296518,2824697265,16339844,2026-10-06T05:17:46.620834+00:00,216886642231485,0,-7778,1055,2165,617,3664,0.0,-272.23,36.925,0.52826,0.150548,0.894016
296519,2824707031,16349610,2026-10-06T05:17:46.621261+00:00,216886642656908,42,-8347,1217,2855,528,3899,1.47,-292.145,42.595,0.69662,0.128832,0.951356
296520,2824717773,16360352,2026-10-06T05:17:46.623618+00:00,216886645034381,241,-8754,1320,3879,436,4018,8.435,-306.39,46.2,0.946476,0.106384,0.980392
296521,2824727539,16370118,2026-10-06T05:17:46.624055+00:00,216886645452588,673,-8948,1403,5042,484,4238,23.555,-313.18,49.105,1.230248,0.118096,1.034072
296522,2824737304,16379883,2026-10-06T05:17:46.624710+00:00,216886646105616,1383,-8946,1414,6212,674,4561,48.405,-313.11,49.49,1.515728,0.164456,1.112884
296523,2824747070,16389649,2026-10-06T05:17:46.625165+00:00,216886646561241,2144,-8726,1461,6170,1080,4320,75.04,-305.41,51.135,1.50548,0.26352,1.05408
296524,2824757812,16400391,2026-10-06T05:17:46.625535+00:00,216886646932639,2519,-8426,1696,5820,1478,4250,88.165,-294.91,59.36,1.42008,0.360632,1.037
296525,2824767578,16410157,2026-10-06T05:17:46.625939+00:00,216886647333732,2558,-8080,2005,5159,2024,4377,89.53,-282.8,70.175,1.258796,0.493856,1.067988
296526,2824777343,16419922,2026-10-06T05:17:46.626549+00:00,216886647946961,2435,-7606,2280,5109,1855,4665,85.225,-266.21,79.8,1.246596,0.45262,1.13826
296527,2824782226,16424805,2026-10-06T05:17:46.628253+00:00,216886649645702,2657,-6898,2354,4551,1740,3774,92.995,-241.43,82.39,1.110444,0.42456,0.920856
296528,2824791992,16434571,2026-10-06T05:17:46.664554+00:00,216886685960501,3127,-6352,2385,5925,1642,4111,109.445,-222.32,83.475,1.4457,0.400648,1.003084
296529,2824802734,16445313,2026-10-06T05:17:46.664952+00:00,216886686347222,3243,-5325,2563,6141,1050,4066,113.505,-186.375,89.705,1.498404,0.2562,0.992104
296530,2824812500,16455079,2026-10-06T05:17:46.665663+00:00,216886687062379,2974,-3888,2916,5784,555,4784,104.09,-136.08,102.06,1.411296,0.13542,1.167296
296531,2824822265,16464844,2026-10-06T05:17:46.668490+00:00,216886689893833,2887,-2257,3210,4332,906,4968,101.045,-78.995,112.35,1.057008,0.221064,1.212192
296532,2824832031,16474610,2026-10-06T05:17:46.709816+00:00,216886731228741,2897,-705,3424,4179,1832,6928,101.395,-24.675,119.84,1.019676,0.447008,1.690432
296533,2824842773,16485352,2026-10-06T05:17:46.711800+00:00,216886733207820,2437,820,3601,3752,1278,5323,85.295,28.7,126.035,0.915488,0.311832,1.298812
296534,2824852539,16495118,2026-10-06T05:17:46.712474+00:00,216886733882877,2429,1846,3161,2433,2593,4897,85.015,64.61,110.635,0.593652,0.632692,1.194868
296535,2824862304,16504883,2026-10-06T05:17:46.713260+00:00,216886734660088,1922,2652,2728,-781,2971,2376,67.27,92.82,95.48,-0.190564,0.724924,0.579744
296536,2824872070,16514649,2026-10-06T05:17:46.755132+00:00,216886776548581,1242,2468,2279,-1119,2723,1482,43.47,86.38,79.765,-0.273036,0.664412,0.361608
296537,2824882812,16525391,2026-10-06T05:17:46.755843+00:00,216886777248999,714,2022,1617,-1189,2023,700,24.99,70.77,56.595,-0.290116,0.493612,0.1708
296538,2824887695,16530274,2026-10-06T05:17:46.756483+00:00,216886777886171,687,1508,895,-435,1663,1249,24.045,52.78,31.325,-0.10614,0.405772,0.304756
296539,2824897460,16540039,2026-10-06T05:17:46.800311+00:00,216886821732297,892,1275,77,1,1779,1706,31.22,44.625,2.695,0.000244,0.434076,0.416264
296540,2824907226,16549805,2026-10-06T05:17:46.801514+00:00,216886822934613,982,1211,-717,623,2146,2194,34.37,42.385,-25.095,0.152012,0.523624,0.535336
296541,2824916992,16559571,2026-10-06T05:17:46.802590+00:00,216886824032459,803,1343,-1379,1586,2239,2957,28.105,47.005,-48.265,0.386984,0.546316,0.721508
296542,2824927734,16570313,2026-10-06T05:17:46.804166+00:00,216886825577227,493,1775,-1943,2585,1972,3670,17.255,62.125,-68.005,0.63074,0.481168,0.89548
296543,2824937500,16580079,2026-10-06T05:17:46.805384+00:00,216886826789602,169,2508,-2386,3180,1481,3960,5.915,87.78,-83.51,0.77592,0.361364,0.96624
296544,2824947265,16589844,2026-10-06T05:17:46.806426+00:00,216886827831115,-82,3353,-2663,3254,853,3723,-2.87,117.355,-93.205,0.793976,0.208132,0.908412
296545,2824957031,16599610,2026-10-06T05:17:46.807604+00:00,216886829036918,-209,4099,-2759,2928,338,3298,-7.315,143.465,-96.565,0.714432,0.082472,0.804712
296546,2824967773,16610352,2026-10-06T05:17:46.844242+00:00,216886865661067,-268,4627,-2671,2544,-85,2702,-9.38,161.945,-93.485,0.620736,-0.02074,0.659288
296547,2824977539,16620118,2026-10-06T05:17:46.845058+00:00,216886866465853,-265,4886,-2428,2373,-354,2304,-9.275,171.01,-84.98,0.579012,-0.086376,0.562176
296548,2824982421,16625000,2026-10-06T05:17:46.846771+00:00,216886868182070,-214,4979,-2116,2488,-432,2328,-7.49,174.265,-74.06,0.607072,-0.105408,0.568032
296549,2824992187,16634766,2026-10-06T05:17:46.847542+00:00,216886868949118,-145,5045,-1806,2849,-391,2592,-5.075,176.575,-63.21,0.695156,-0.095404,0.632448
296550,2825001953,16644532,2026-10-06T05:17:46.848289+00:00,216886869698209,-77,5162,-1559,3215,-331,2920,-2.695,180.67,-54.565,0.78446,-0.080764,0.71248
296551,2825012695,16655274,2026-10-06T05:17:46.888998+00:00,216886910418663,24,5348,-1409,3549,-287,3207,0.84,187.18,-49.315,0.865956,-0.070028,0.782508
296552,2825022460,16665039,2026-10-06T05:17:46.889891+00:00,216886911301064,155,5587,-1337,3860,-41,3374,5.425,195.545,-46.795,0.94184,-0.010004,0.823256
296553,2825032226,16674805,2026-10-06T05:17:46.891248+00:00,216886912657143,210,5842,-1305,4185,252,3542,7.35,204.47,-45.675,1.02114,0.061488,0.864248
296554,2825041992,16684571,2026-10-06T05:17:46.892080+00:00,216886913482026,167,6101,-1295,4263,428,3459,5.845,213.535,-45.325,1.040172,0.104432,0.843996
296555,2825052734,16695313,2026-10-06T05:17:46.935435+00:00,216886956853361,70,6289,-1285,4120,548,3213,2.45,220.115,-44.975,1.00528,0.133712,0.783972
296556,2825062500,16705079,2026-10-06T05:17:46.936601+00:00,216886958044814,-33,6344,-1271,3875,734,2917,-1.155,222.04,-44.485,0.9455,0.179096,0.711748
296557,2825072265,16714844,2026-10-06T05:17:46.938345+00:00,216886959748239,-138,6250,-1276,3642,985,2741,-4.83,218.75,-44.66,0.888648,0.24034,0.668804
296558,2825082031,16724610,2026-10-06T05:17:46.939752+00:00,216886961164172,-244,6040,-1333,3511,1064,2801,-8.54,211.4,-46.655,0.856684,0.259616,0.683444
296559,2825087890,16730469,2026-10-06T05:17:46.940835+00:00,216886962246283,-245,5806,-1468,3615,1087,2991,-8.575,203.21,-51.38,0.88206,0.265228,0.729804
296560,2825097656,16740235,2026-10-06T05:17:46.978554+00:00,216886999958020,-121,5626,-1664,3758,1427,3176,-4.235,196.91,-58.24,0.916952,0.348188,0.774944
296561,2825107421,16750000,2026-10-06T05:17:46.979077+00:00,216887000473912,-62,5486,-1882,3666,1806,3200,-2.17,192.01,-65.87,0.894504,0.440664,0.7808
296562,2825117187,16759766,2026-10-06T05:17:46.984166+00:00,216887005573140,-125,5311,-2115,3485,1906,3220,-4.375,185.885,-74.025,0.85034,0.465064,0.78568
296563,2825126953,16769532,2026-10-06T05:17:46.984399+00:00,216887005796215,-156,5100,-2395,3549,1709,3426,-5.46,178.5,-83.825,0.865956,0.416996,0.835944
296564,2825137695,16780274,2026-10-06T05:17:46.984569+00:00,216887005965838,-32,4944,-2733,3731,1781,3703,-1.12,173.04,-95.655,0.910364,0.434564,0.903532
296565,2825147460,16790039,2026-10-06T05:17:47.024493+00:00,216887045895755,52,4867,-3060,3799,1994,3907,1.82,170.345,-107.1,0.926956,0.486536,0.953308
296566,2825157226,16799805,2026-10-06T05:17:47.068882+00:00,216887090287079,-18,4814,-3342,3766,2039,3969,-0.63,168.49,-116.97,0.918904,0.497516,0.968436
296567,2825166992,16809571,2026-10-06T05:17:47.069313+00:00,216887090710567,-159,4748,-3587,3886,1873,4086,-5.565,166.18,-125.545,0.948184,0.457012,0.996984
296568,2825172851,16815430,2026-10-06T05:17:47.069775+00:00,216887091169619,-268,4708,-3811,4010,1690,4192,-9.38,164.78,-133.385,0.97844,0.41236,1.022848
296569,2825182617,16825196,2026-10-06T05:17:47.070253+00:00,216887091649374,-353,4690,-3998,3978,1557,4223,-12.355,164.15,-139.93,0.970632,0.379908,1.030412
296570,2825192382,16834961,2026-10-06T05:17:47.070680+00:00,216887092076172,-444,4649,-4128,3929,1396,4210,-15.54,162.715,-144.48,0.958676,0.340624,1.02724
296571,2825202148,16844727,2026-10-06T05:17:47.075357+00:00,216887096756998,-523,4574,-4188,3968,1210,4206,-18.305,160.09,-146.58,0.968192,0.29524,1.026264
296572,2825212890,16855469,2026-10-06T05:17:47.075815+00:00,216887097211422,-572,4493,-4170,4118,1032,4256,-20.02,157.255,-145.95,1.004792,0.251808,1.038464
296573,2825222656,16865235,2026-10-06T05:17:47.076277+00:00,216887097674857,-598,4433,-4073,4174,880,4186,-20.93,155.155,-142.555,1.018456,0.21472,1.021384
296574,2825232421,16875000,2026-10-06T05:17:47.113676+00:00,216887135079385,-620,4360,-3899,4182,634,4013,-21.7,152.6,-136.465,1.020408,0.154696,0.979172
296575,2825242187,16884766,2026-10-06T05:17:47.114097+00:00,216887135493639,-578,4254,-3688,4260,190,3834,-20.23,148.89,-129.08,1.03944,0.04636,0.935496
296576,2825251953,16894532,2026-10-06T05:17:47.116486+00:00,216887137886410,-408,4140,-3467,4418,-109,3735,-14.28,144.9,-121.345,1.077992,-0.026596,0.91134
296577,2825262695,16905274,2026-10-06T05:17:47.116896+00:00,216887138296295,-214,4043,-3193,4701,143,3706,-7.49,141.505,-111.755,1.147044,0.034892,0.904264
296578,2825272460,16915039,2026-10-06T05:17:47.118047+00:00,216887139450426,-231,3978,-2814,4861,232,3484,-8.085,139.23,-98.49,1.186084,0.056608,0.850096
296579,2825282226,16924805,2026-10-06T05:17:47.160449+00:00,216887181858842,-331,3915,-2380,4778,-112,3054,-11.585,137.025,-83.3,1.165832,-0.027328,0.745176
296580,2825287109,16929688,2026-10-06T05:17:47.204860+00:00,216887226275367,-274,3795,-1949,4303,-541,2445,-9.59,132.825,-68.215,1.049932,-0.132004,0.59658
296581,2825297851,16940430,2026-10-06T05:17:47.293783+00:00,216887315194999,-9,3537,-1557,4168,-925,1818,-0.315,123.795,-54.495,1.016992,-0.2257,0.443592
296582,2825307617,16950196,2026-10-06T05:17:47.294346+00:00,216887315744072,370,3187,-1123,4376,-492,1356,12.95,111.545,-39.305,1.067744,-0.120048,0.330864
296583,2825317382,16959961,2026-10-06T05:17:47.296517+00:00,216887317996449,544,2785,-561,4533,-392,815,19.04,97.475,-19.635,1.106052,-0.095648,0.19886
296584,2825327148,16969727,2026-10-06T05:17:47.297279+00:00,216887318684089,694,2338,-34,4670,-453,358,24.29,81.83,-1.19,1.13948,-0.110532,0.087352
296585,2825337890,16980469,2026-10-06T05:17:47.297960+00:00,216887319363922,911,1857,325,4792,-107,-39,31.885,64.995,11.375,1.169248,-0.026108,-0.009516
296586,2825347656,16990235,2026-10-06T05:17:47.298682+00:00,216887320086972,964,1330,557,4928,394,-362,33.74,46.55,19.495,1.202432,0.096136,-0.088328
296587,2825357421,17000000,2026-10-06T05:17:47.299607+00:00,216887321039452,775,752,720,4844,616,-697,27.125,26.32,25.2,1.181936,0.150304,-0.170068
296588,2825367187,17009766,2026-10-06T05:17:47.300202+00:00,216887321606202,529,96,812,4610,643,-895,18.515,3.36,28.42,1.12484,0.156892,-0.21838
296589,2825376953,17019532,2026-10-06T05:17:47.300965+00:00,216887322371629,238,-729,850,4299,1664,-1177,8.33,-25.515,29.75,1.048956,0.406016,-0.287188
296590,2825382812,17025391,2026-10-06T05:17:47.302285+00:00,216887323694839,-498,-1678,817,3930,2199,-139,-17.43,-58.73,28.595,0.95892,0.536556,-0.033916
296591,2825392578,17035157,2026-10-06T05:17:47.305845+00:00,216887327256447,-1148,-2232,573,-449,328,3489,-40.18,-78.12,20.055,-0.109556,0.080032,0.851316
296592,2825402343,17044922,2026-10-06T05:17:47.306119+00:00,216887327518939,-754,-2349,352,-371,1866,8776,-26.39,-82.215,12.32,-0.090524,0.455304,2.141344
296593,2825412109,17054688,2026-10-06T05:17:47.306403+00:00,216887327802219,-705,-1999,136,-4194,1059,7955,-24.675,-69.965,4.76,-1.023336,0.258396,1.94102
296594,2825422851,17065430,2026-10-06T05:17:47.308830+00:00,216887330239541,-707,-2499,291,-4251,-143,2948,-24.745,-87.465,10.185,-1.037244,-0.034892,0.719312
296595,2825432617,17075196,2026-10-06T05:17:47.310214+00:00,216887331621336,-590,-3819,734,-2218,-896,747,-20.65,-133.665,25.69,-0.541192,-0.218624,0.182268
296596,2825442382,17084961,2026-10-06T05:17:47.311717+00:00,216887333122370,-473,-5169,1004,2008,-1376,3048,-16.555,-180.915,35.14,0.489952,-0.335744,0.743712
296597,2825452148,17094727,2026-10-06T05:17:47.312702+00:00,216887334106492,177,-5257,958,5872,-393,6955,6.195,-183.995,33.53,1.432768,-0.095892,1.69702
296598,2825462890,17105469,2026-10-06T05:17:47.340325+00:00,216887361740793,562,-3968,827,4572,108,7105,19.67,-138.88,28.945,1.115568,0.026352,1.73362
296599,2825472656,17115235,2026-10-06T05:17:47.344865+00:00,216887366281612,937,-2922,669,2411,834,5529,32.795,-102.27,23.415,0.588284,0.203496,1.349076
296600,2825477539,17120118,2026-10-06T05:17:47.345173+00:00,216887366575181,1089,-2617,535,1724,1401,4270,38.115,-91.595,18.725,0.420656,0.341844,1.04188
296601,2825487304,17129883,2026-10-06T05:17:47.345414+00:00,216887366813968,1164,-2614,334,2471,1928,4669,40.74,-91.49,11.69,0.602924,0.470432,1.139236
296602,2825497070,17139649,2026-10-06T05:17:47.345770+00:00,216887367174238,1156,-2369,70,3024,2399,5024,40.46,-82.915,2.45,0.737856,0.585356,1.225856
296603,2825507812,17150391,2026-10-06T05:17:47.385881+00:00,216887407295327,936,-1950,-70,2911,2442,5012,32.76,-68.25,-2.45,0.710284,0.595848,1.222928
296604,2825517578,17160157,2026-10-06T05:17:47.386708+00:00,216887408117687,613,-1529,-45,2442,1968,4474,21.455,-53.515,-1.575,0.595848,0.480192,1.091656
296605,2825527343,17169922,2026-10-06T05:17:47.387791+00:00,216887409197493,417,-1244,21,1861,1970,4297,14.595,-43.54,0.735,0.454084,0.48068,1.048468
296606,2825537109,17179688,2026-10-06T05:17:47.389676+00:00,216887411085099,144,-1084,139,2160,2178,4846,5.04,-37.94,4.865,0.52704,0.531432,1.182424
296607,2825547851,17190430,2026-10-06T05:17:47.428796+00:00,216887450200534,-90,-804,171,1391,1573,3831,-3.15,-28.14,5.985,0.339404,0.383812,0.934764
296608,2825557617,17200196,2026-10-06T05:17:47.475320+00:00,216887496733209,-104,-767,171,1620,1459,3997,-3.64,-26.845,5.985,0.39528,0.355996,0.975268
296609,2825567382,17209961,2026-10-06T05:17:47.476249+00:00,216887497653462,-159,-653,181,1818,1231,4136,-5.565,-22.855,6.335,0.443592,0.300364,1.009184
296610,2825577148,17219727,2026-10-06T05:17:47.476972+00:00,216887498374524,-137,-494,172,1758,999,4138,-4.795,-17.29,6.02,0.428952,0.243756,1.009672
296611,2825587890,17230469,2026-10-06T05:17:47.477608+00:00,216887499033487,-89,-339,170,1258,986,4040,-3.115,-11.865,5.95,0.306952,0.240584,0.98576
296612,2825592773,17235352,2026-10-06T05:17:47.478278+00:00,216887499679482,-41,-287,161,914,1187,4035,-1.435,-10.045,5.635,0.223016,0.289628,0.98454
296613,2825602539,17245118,2026-10-06T05:17:47.479223+00:00,216887500630041,-41,-325,155,976,1005,3839,-1.435,-11.375,5.425,0.238144,0.24522,0.936716
296614,2825612304,17254883,2026-10-06T05:17:47.479735+00:00,216887501138592,-11,-357,147,1336,1047,3979,-0.385,-12.495,5.145,0.325984,0.255468,0.970876
296615,2825622070,17264649,2026-10-06T05:17:47.480328+00:00,216887501732487,2,-330,144,1287,1084,3782,0.07,-11.55,5.04,0.314028,0.264496,0.922808
296616,2825632812,17275391,2026-10-06T05:17:47.481124+00:00,216887502529930,6,-331,143,1345,1210,3817,0.21,-11.585,5.005,0.32818,0.29524,0.931348
296617,2825642578,17285157,2026-10-06T05:17:47.519408+00:00,216887540820019,-1,-318,125,1327,1310,3926,-0.035,-11.13,4.375,0.323788,0.31964,0.957944
296618,2825652343,17294922,2026-10-06T05:17:47.520592+00:00,216887542029112,-31,-282,121,1474,1266,4084,-1.085,-9.87,4.235,0.359656,0.308904,0.996496
296619,2825662109,17304688,2026-10-06T05:17:47.524954+00:00,216887546372468,-31,-203,112,1530,1194,3950,-1.085,-7.105,3.92,0.37332,0.291336,0.9638
296620,2825672851,17315430,2026-10-06T05:17:47.525280+00:00,216887546683564,-23,-155,114,1508,1083,3911,-0.805,-5.425,3.99,0.367952,0.264252,0.954284
296621,2825677734,17320313,2026-10-06T05:17:47.526583+00:00,216887547990322,14,-106,95,1342,1182,4188,0.49,-3.71,3.325,0.327448,0.288408,1.021872
296622,2825687500,17330079,2026-10-06T05:17:47.568492+00:00,216887589903486,20,-70,89,1276,1035,3748,0.7,-2.45,3.115,0.311344,0.25254,0.914512
296623,2825697265,17339844,2026-10-06T05:17:47.568821+00:00,216887590224557,19,-124,109,1629,1084,3825,0.665,-4.34,3.815,0.397476,0.264496,0.9333
296624,2825707031,17349610,2026-10-06T05:17:47.569064+00:00,216887590465525,30,-103,79,1216,1278,4372,1.05,-3.605,2.765,0.296704,0.311832,1.066768
296625,2825717773,17360352,2026-10-06T05:17:47.569302+00:00,216887590704021,26,-76,53,979,961,3764,0.91,-2.66,1.855,0.238876,0.234484,0.918416
296626,2825727539,17370118,2026-10-06T05:17:47.612033+00:00,216887633443834,67,-134,64,1641,1279,4054,2.345,-4.69,2.24,0.400404,0.312076,0.989176
296627,2825737304,17379883,2026-10-06T05:17:47.614784+00:00,216887636197445,30,-120,50,1703,977,3723,1.05,-4.2,1.75,0.415532,0.238388,0.908412
296628,2825747070,17389649,2026-10-06T05:17:47.618860+00:00,216887640274692,39,-131,41,1786,931,3973,1.365,-4.585,1.435,0.435784,0.227164,0.969412
296629,2825757812,17400391,2026-10-06T05:17:47.619145+00:00,216887640546434,82,-92,25,1748,981,3924,2.87,-3.22,0.875,0.426512,0.239364,0.957456
296630,2825767578,17410157,2026-10-06T05:17:47.619361+00:00,216887640758995,146,-44,9,1382,1200,3984,5.11,-1.54,0.315,0.337208,0.2928,0.972096
296631,2825777343,17419922,2026-10-06T05:17:47.654701+00:00,216887676104562,159,-50,4,1254,1334,3827,5.565,-1.75,0.14,0.305976,0.325496,0.933788
296632,2825787109,17429688,2026-10-06T05:17:47.655662+00:00,216887677058349,111,-93,28,1309,1234,3905,3.885,-3.255,0.98,0.319396,0.301096,0.95282
296633,2825791992,17434571,2026-10-06T05:17:47.656104+00:00,216887677500215,60,-106,61,1371,1024,3768,2.1,-3.71,2.135,0.334524,0.249856,0.919392
296634,2825802734,17445313,2026-10-06T05:17:47.656637+00:00,216887678034349,54,-134,84,1317,1212,3733,1.89,-4.69,2.94,0.321348,0.295728,0.910852
296635,2825812500,17455079,2026-10-06T05:17:47.657044+00:00,216887678438398,2,-188,113,1207,1120,3715,0.07,-6.58,3.955,0.294508,0.27328,0.90646
296636,2825822265,17464844,2026-10-06T05:17:47.699329+00:00,216887720722035,-24,-240,147,1400,1139,3622,-0.84,-8.4,5.145,0.3416,0.277916,0.883768
296637,2825832031,17474610,2026-10-06T05:17:47.699548+00:00,216887720937026,-78,-280,194,1250,1252,3871,-2.73,-9.8,6.79,0.305,0.305488,0.944524
296638,2825842773,17485352,2026-10-06T05:17:47.699858+00:00,216887721245156,-110,-303,207,1250,1122,3716,-3.85,-10.605,7.245,0.305,0.273768,0.906704
296639,2825852539,17495118,2026-10-06T05:17:47.702286+00:00,216887723680478,-138,-324,234,1445,1223,3874,-4.83,-11.34,8.19,0.35258,0.298412,0.945256
296640,2825862304,17504883,2026-10-06T05:17:47.743329+00:00,216887764725749,-165,-332,243,1439,1174,3620,-5.775,-11.62,8.505,0.351116,0.286456,0.88328
296641,2825872070,17514649,2026-10-06T05:17:47.743572+00:00,216887764962639,-209,-361,255,1545,1186,3891,-7.315,-12.635,8.925,0.37698,0.289384,0.949404
296642,2825882812,17525391,2026-10-06T05:17:47.745074+00:00,216887766464726,-224,-341,245,1508,1047,3718,-7.84,-11.935,8.575,0.367952,0.255468,0.907192
296643,2825887695,17530274,2026-10-06T05:17:47.745352+00:00,216887766743808,-230,-356,259,1562,1095,3819,-8.05,-12.46,9.065,0.381128,0.26718,0.931836
296644,2825897460,17540039,2026-10-06T05:17:47.745638+00:00,216887767027200,-242,-349,252,1364,1095,3851,-8.47,-12.215,8.82,0.332816,0.26718,0.939644
296645,2825907226,17549805,2026-10-06T05:17:47.788534+00:00,216887809934202,-267,-359,256,1522,973,3718,-9.345,-12.565,8.96,0.371368,0.237412,0.907192
296646,2825916992,17559571,2026-10-06T05:17:47.788933+00:00,216887810326386,-294,-383,293,1541,1162,3823,-10.29,-13.405,10.255,0.376004,0.283528,0.932812
296647,2825927734,17570313,2026-10-06T05:17:47.791101+00:00,216887812493599,-347,-387,293,1582,1053,3766,-12.145,-13.545,10.255,0.386008,0.256932,0.918904
296648,2825937500,17580079,2026-10-06T05:17:47.791342+00:00,216887812732229,-351,-393,292,1694,1068,3859,-12.285,-13.755,10.22,0.413336,0.260592,0.941596
296649,2825947265,17589844,2026-10-06T05:17:47.791629+00:00,216887813019578,-336,-373,270,1596,1026,3959,-11.76,-13.055,9.45,0.389424,0.250344,0.965996
296650,2825957031,17599610,2026-10-06T05:17:47.833339+00:00,216887854732418,-298,-331,230,1413,929,3921,-10.43,-11.585,8.05,0.344772,0.226676,0.956724
296651,2825967773,17610352,2026-10-06T05:17:47.833718+00:00,216887855109742,-253,-340,221,1495,995,3852,-8.855,-11.9,7.735,0.36478,0.24278,0.939888
296652,2825977539,17620118,2026-10-06T05:17:47.835974+00:00,216887857374890,-255,-360,218,1697,992,3791,-8.925,-12.6,7.63,0.414068,0.242048,0.925004
296653,2825982421,17625000,2026-10-06T05:17:47.836554+00:00,216887857944992,-280,-345,225,1301,979,3903,-9.8,-12.075,7.875,0.317444,0.238876,0.952332
296654,2825992187,17634766,2026-10-06T05:17:47.836858+00:00,216887858253215,-294,-360,240,1276,985,3608,-10.29,-12.6,8.4,0.311344,0.24034,0.880352
296655,2826001953,17644532,2026-10-06T05:17:47.878475+00:00,216887899878787,-330,-453,293,1696,1087,3839,-11.55,-15.855,10.255,0.413824,0.265228,0.936716
296656,2826012695,17655274,2026-10-06T05:17:47.878907+00:00,216887900299726,-349,-421,270,1280,1064,4106,-12.215,-14.735,9.45,0.31232,0.259616,1.001864
296657,2826022460,17665039,2026-10-06T05:17:47.880591+00:00,216887901987041,-308,-380,250,1125,961,3813,-10.78,-13.3,8.75,0.2745,0.234484,0.930372
296658,2826032226,17674805,2026-10-06T05:17:47.881202+00:00,216887902597769,-344,-454,306,1581,1011,3814,-12.04,-15.89,10.71,0.385764,0.246684,0.930616
296659,2826041992,17684571,2026-10-06T05:17:47.971679+00:00,216887993081669,-402,-479,348,1766,958,3826,-14.07,-16.765,12.18,0.430904,0.233752,0.933544
296660,2826052734,17695313,2026-10-06T05:17:47.972154+00:00,216887993545947,-398,-454,343,1793,936,3905,-13.93,-15.89,12.005,0.437492,0.228384,0.95282
296661,2826062500,17705079,2026-10-06T05:17:47.972584+00:00,216887993979143,-364,-421,318,1710,905,3881,-12.74,-14.735,11.13,0.41724,0.22082,0.946964
296662,2826072265,17714844,2026-10-06T05:17:47.972947+00:00,216887994339947,-316,-393,281,1544,815,3894,-11.06,-13.755,9.835,0.376736,0.19886,0.950136
296663,2826082031,17724610,2026-10-06T05:17:47.973270+00:00,216887994661924,-259,-393,262,1389,876,3811,-9.065,-13.755,9.17,0.338916,0.213744,0.929884
296664,2826087890,17730469,2026-10-06T05:17:47.973855+00:00,216887995247335,-246,-448,272,1671,785,3815,-8.61,-15.68,9.52,0.407724,0.19154,0.93086
296665,2826097656,17740235,2026-10-06T05:17:47.974428+00:00,216887995819585,-215,-454,284,1669,809,3875,-7.525,-15.89,9.94,0.407236,0.197396,0.9455
296666,2826107421,17750000,2026-10-06T05:17:47.974920+00:00,216887996311855,-177,-452,283,1784,723,3836,-6.195,-15.82,9.905,0.435296,0.176412,0.935984
296667,2826117187,17759766,2026-10-06T05:17:47.975252+00:00,216887996648350,-134,-433,292,1674,810,3932,-4.69,-15.155,10.22,0.408456,0.19764,0.959408
296668,2826126953,17769532,2026-10-06T05:17:47.975757+00:00,216887997149391,-118,-419,297,1662,763,3885,-4.13,-14.665,10.395,0.405528,0.186172,0.94794
296669,2826137695,17780274,2026-10-06T05:17:48.013505+00:00,216888034907113,-72,-401,296,1410,825,3849,-2.52,-14.035,10.36,0.34404,0.2013,0.939156
296670,2826147460,17790039,2026-10-06T05:17:48.013875+00:00,216888035270856,-52,-435,310,1598,824,3847,-1.82,-15.225,10.85,0.389912,0.201056,0.938668
296671,2826157226,17799805,2026-10-06T05:17:48.015508+00:00,216888036903590,-32,-455,332,1678,867,3846,-1.12,-15.925,11.62,0.409432,0.211548,0.938424
296672,2826166992,17809571,2026-10-06T05:17:48.015954+00:00,216888037349587,-26,-467,341,1696,775,3919,-0.91,-16.345,11.935,0.413824,0.1891,0.956236
296673,2826172851,17815430,2026-10-06T05:17:48.016275+00:00,216888037669103,-9,-467,349,1800,757,3833,-0.315,-16.345,12.215,0.4392,0.184708,0.935252
296674,2826182617,17825196,2026-10-06T05:17:48.059336+00:00,216888080736543,17,-458,344,1777,898,3889,0.595,-16.03,12.04,0.433588,0.219112,0.948916
296675,2826192382,17834961,2026-10-06T05:17:48.059803+00:00,216888081196047,20,-449,328,1544,774,3932,0.7,-15.715,11.48,0.376736,0.188856,0.959408
296676,2826202148,17844727,2026-10-06T05:17:48.104002+00:00,216888125407240,56,-480,333,1834,707,3743,1.96,-16.8,11.655,0.447496,0.172508,0.913292
296677,2826212890,17855469,2026-10-06T05:17:48.104352+00:00,216888125747304,72,-520,353,2085,750,3824,2.52,-18.2,12.355,0.50874,0.183,0.933056
296678,2826222656,17865235,2026-10-06T05:17:48.104840+00:00,216888126235156,108,-504,305,1861,646,3769,3.78,-17.64,10.675,0.454084,0.157624,0.919636
296679,2826232421,17875000,2026-10-06T05:17:48.106181+00:00,216888127572790,156,-537,270,1746,744,3869,5.46,-18.795,9.45,0.426024,0.181536,0.944036
296680,2826242187,17884766,2026-10-06T05:17:48.106592+00:00,216888127987963,163,-574,273,1628,825,3925,5.705,-20.09,9.555,0.397232,0.2013,0.9577
296681,2826251953,17894532,2026-10-06T05:17:48.106954+00:00,216888128349641,166,-608,266,1516,777,3882,5.81,-21.28,9.31,0.369904,0.189588,0.947208
296682,2826262695,17905274,2026-10-06T05:17:48.109561+00:00,216888130956696,164,-696,278,1901,814,3815,5.74,-24.36,9.73,0.463844,0.198616,0.93086
296683,2826272460,17915039,2026-10-06T05:17:48.149478+00:00,216888170882123,150,-766,280,2094,652,3685,5.25,-26.81,9.8,0.510936,0.159088,0.89914
296684,2826282226,17924805,2026-10-06T05:17:48.149886+00:00,216888171283964,187,-831,244,1768,640,3859,6.545,-29.085,8.54,0.431392,0.15616,0.941596
296685,2826287109,17929688,2026-10-06T05:17:48.150248+00:00,216888171645181,250,-918,201,1807,611,3630,8.75,-32.13,7.035,0.440908,0.149084,0.88572
296686,2826297851,17940430,2026-10-06T05:17:48.151104+00:00,216888172498956,298,-1043,202,1659,730,3533,10.43,-36.505,7.07,0.404796,0.17812,0.862052
296687,2826307617,17950196,2026-10-06T05:17:48.151496+00:00,216888172890592,280,-1227,228,1677,485,3740,9.8,-42.945,7.98,0.409188,0.11834,0.91256
296688,2826317382,17959961,2026-10-06T05:17:48.194391+00:00,216888215787768,359,-1405,263,1838,624,3532,12.565,-49.175,9.205,0.448472,0.152256,0.861808
296689,2826327148,17969727,2026-10-06T05:17:48.194616+00:00,216888216021179,395,-1631,295,1745,1034,3855,13.825,-57.085,10.325,0.42578,0.252296,0.94062
296690,2826337890,17980469,2026-10-06T05:17:48.194991+00:00,216888216383878,428,-1772,216,1748,1374,4449,14.98,-62.02,7.56,0.426512,0.335256,1.085556
296691,2826347656,17990235,2026-10-06T05:17:48.195375+00:00,216888216766739,405,-1885,197,1301,1394,3921,14.175,-65.975,6.895,0.317444,0.340136,0.956724
296692,2826357421,18000000,2026-10-06T05:17:48.238488+00:00,216888259892285,360,-2219,300,1797,997,3785,12.6,-77.665,10.5,0.438468,0.243268,0.92354
296693,2826367187,18009766,2026-10-06T05:17:48.238876+00:00,216888260271415,450,-2497,396,1276,978,3753,15.75,-87.395,13.86,0.311344,0.238632,0.915732
296694,2826376953,18019532,2026-10-06T05:17:48.240203+00:00,216888261599050,447,-2834,437,1512,996,4300,15.645,-99.19,15.295,0.368928,0.243024,1.0492
296695,2826382812,18025391,2026-10-06T05:17:48.240572+00:00,216888261968160,377,-3077,431,2056,908,3963,13.195,-107.695,15.085,0.501664,0.221552,0.966972
296696,2826392578,18035157,2026-10-06T05:17:48.240911+00:00,216888262307387,313,-3347,383,2017,963,3842,10.955,-117.145,13.405,0.492148,0.234972,0.937448
296697,2826402343,18044922,2026-10-06T05:17:48.283418+00:00,216888304821810,248,-3694,299,1915,540,3878,8.68,-129.29,10.465,0.46726,0.13176,0.946232
296698,2826412109,18054688,2026-10-06T05:17:48.284279+00:00,216888305678494,290,-4037,297,1830,505,3823,10.15,-141.295,10.395,0.44652,0.12322,0.932812
296699,2826422851,18065430,2026-10-06T05:17:48.285720+00:00,216888307121721,270,-4436,384,2092,803,3734,9.45,-155.26,13.44,0.510448,0.195932,0.911096
296700,2826432617,18075196,2026-10-06T05:17:48.286515+00:00,216888307911429,194,-4858,431,2151,730,3680,6.79,-170.03,15.085,0.524844,0.17812,0.89792
296701,2826442382,18084961,2026-10-06T05:17:48.286983+00:00,216888308376186,159,-5277,451,2011,669,3541,5.565,-184.695,15.785,0.490684,0.163236,0.864004
296702,2826452148,18094727,2026-10-06T05:17:48.328739+00:00,216888350141577,186,-5711,503,2191,698,3525,6.51,-199.885,17.605,0.534604,0.170312,0.8601
296703,2826462890,18105469,2026-10-06T05:17:48.329365+00:00,216888350758443,213,-6099,601,2338,846,3451,7.455,-213.465,21.035,0.570472,0.206424,0.842044
296704,2826472656,18115235,2026-10-06T05:17:48.330210+00:00,216888351604075,212,-6448,702,2494,906,3397,7.42,-225.68,24.57,0.608536,0.221064,0.828868
296705,2826477539,18120118,2026-10-06T05:17:48.330601+00:00,216888351992695,178,-6749,783,2771,720,3303,6.23,-236.215,27.405,0.676124,0.17568,0.805932
296706,2826487304,18129883,2026-10-06T05:17:48.331016+00:00,216888352408620,305,-6993,811,3472,712,3540,10.675,-244.755,28.385,0.847168,0.173728,0.86376
296707,2826497070,18139649,2026-10-06T05:17:48.374589+00:00,216888396046396,532,-7082,813,3778,529,3357,18.62,-247.87,28.455,0.921832,0.129076,0.819108
296708,2826507812,18150391,2026-10-06T05:17:48.375752+00:00,216888397168154,907,-7157,799,4586,534,3607,31.745,-250.495,27.965,1.118984,0.130296,0.880108
296709,2826517578,18160157,2026-10-06T05:17:48.377008+00:00,216888398423409,1402,-7131,790,4801,885,3492,49.07,-249.585,27.65,1.171444,0.21594,0.852048
296710,2826527343,18169922,2026-10-06T05:17:48.377913+00:00,216888399328115,1714,-7111,896,4817,1145,3479,59.99,-248.885,31.36,1.175348,0.27938,0.848876
296711,2826537109,18179688,2026-10-06T05:17:48.421857+00:00,216888443268304,1897,-7083,1042,4964,1287,3630,66.395,-247.905,36.47,1.211216,0.314028,0.88572
296712,2826547851,18190430,2026-10-06T05:17:48.422517+00:00,216888443932817,1968,-7002,1242,4519,1451,3608,68.88,-245.07,43.47,1.102636,0.354044,0.880352
296713,2826557617,18200196,2026-10-06T05:17:48.423715+00:00,216888445132827,2049,-6898,1448,5210,1319,4229,71.715,-241.43,50.68,1.27124,0.321836,1.031876
296714,2826567382,18209961,2026-10-06T05:17:48.425357+00:00,216888446778214,2336,-6464,1598,5180,1574,4082,81.76,-226.24,55.93,1.26392,0.384056,0.996008
296715,2826577148,18219727,2026-10-06T05:17:48.426563+00:00,216888447973633,2639,-6009,1724,4778,1937,3739,92.365,-210.315,60.34,1.165832,0.472628,0.912316
296716,2826587890,18230469,2026-10-06T05:17:48.465300+00:00,216888486724891,2692,-5621,1930,5605,1567,4317,94.22,-196.735,67.55,1.36762,0.382348,1.053348
296717,2826592773,18235352,2026-10-06T05:17:48.466318+00:00,216888487737976,2724,-4837,2178,5395,781,4197,95.34,-169.295,76.23,1.31638,0.190564,1.024068
296718,2826602539,18245118,2026-10-06T05:17:48.467221+00:00,216888488639427,2663,-3867,2610,5459,223,4750,93.205,-135.345,91.35,1.331996,0.054412,1.159
296719,2826612304,18254883,2026-10-06T05:17:48.470317+00:00,216888491741030,2848,-2489,3064,4583,24,5623,99.68,-87.115,107.24,1.118252,0.005856,1.372012
296720,2826622070,18264649,2026-10-06T05:17:48.470938+00:00,216888492350353,3206,-890,3625,5329,1495,7692,112.21,-31.15,126.875,1.300276,0.36478,1.876848
296721,2826632812,18275391,2026-10-06T05:17:48.508909+00:00,216888530309254,2633,750,4263,2336,930,5480,92.155,26.25,149.205,0.569984,0.22692,1.33712
296722,2826642578,18285157,2026-10-06T05:17:48.509584+00:00,216888530983070,2189,1465,4651,2702,1544,4758,76.615,51.275,162.785,0.659288,0.376736,1.160952
296723,2826652343,18294922,2026-10-06T05:17:48.510445+00:00,216888531847322,1819,2084,4637,1225,2596,3968,63.665,72.94,162.295,0.2989,0.633424,0.968192
296724,2826662109,18304688,2026-10-06T05:17:48.553594+00:00,216888575019552,1257,2408,4379,-182,3028,2557,43.995,84.28,153.265,-0.044408,0.738832,0.623908
296725,2826672851,18315430,2026-10-06T05:17:48.554228+00:00,216888575632335,662,2216,3840,-355,2908,1730,23.17,77.56,134.4,-0.08662,0.709552,0.42212
296726,2826677734,18320313,2026-10-06T05:17:48.555436+00:00,216888576832214,412,1891,3066,107,2654,1848,14.42,66.185,107.31,0.026108,0.647576,0.450912
296727,2826687500,18330079,2026-10-06T05:17:48.555932+00:00,216888577327556,526,1730,2099,423,2632,2097,18.41,60.55,73.465,0.103212,0.642208,0.511668
296728,2826697265,18339844,2026-10-06T05:17:48.556354+00:00,216888577749820,775,1711,983,1000,2915,2476,27.125,59.885,34.405,0.244,0.71126,0.604144
296729,2826707031,18349610,2026-10-06T05:17:48.557392+00:00,216888578787438,861,1857,-106,1760,3260,3017,30.135,64.995,-3.71,0.42944,0.79544,0.736148
296730,2826717773,18360352,2026-10-06T05:17:48.599101+00:00,216888620496813,651,2204,-1042,2395,3093,3417,22.785,77.14,-36.47,0.58438,0.754692,0.833748
296731,2826727539,18370118,2026-10-06T05:17:48.599222+00:00,216888620607899,309,2705,-1767,2765,2492,3501,10.815,94.675,-61.845,0.67466,0.608048,0.854244
296732,2826737304,18379883,2026-10-06T05:17:48.599384+00:00,216888620770576,31,3250,-2266,2844,1682,3306,1.085,113.75,-79.31,0.693936,0.410408,0.806664
296733,2826747070,18389649,2026-10-06T05:17:48.599474+00:00,216888620861696,-81,3721,-2546,2634,891,2879,-2.835,130.235,-89.11,0.642696,0.217404,0.702476
296734,2826757812,18400391,2026-10-06T05:17:48.602260+00:00,216888623660206,-24,4021,-2606,2442,363,2522,-0.84,140.735,-91.21,0.595848,0.088572,0.615368
296735,2826767578,18410157,2026-10-06T05:17:48.644256+00:00,216888665650160,107,4167,-2481,2491,96,2390,3.745,145.845,-86.835,0.607804,0.023424,0.58316
296736,2826777343,18419922,2026-10-06T05:17:48.644387+00:00,216888665775471,258,4249,-2258,2833,5,2542,9.03,148.715,-79.03,0.691252,0.00122,0.620248
296737,2826787109,18429688,2026-10-06T05:17:48.691893+00:00,216888713315156,382,4371,-2021,3234,123,2770,13.37,152.985,-70.735,0.789096,0.030012,0.67588
296738,2826791992,18434571,2026-10-06T05:17:48.694346+00:00,216888715766120,413,4560,-1823,3543,349,2980,14.455,159.6,-63.805,0.864492,0.085156,0.72712
296739,2826802734,18445313,2026-10-06T05:17:48.695723+00:00,216888717140181,337,4787,-1691,3642,421,3063,11.795,167.545,-59.185,0.888648,0.102724,0.747372
296740,2826812500,18455079,2026-10-06T05:17:48.696698+00:00,216888718116922,271,5005,-1643,3719,298,3130,9.485,175.175,-57.505,0.907436,0.072712,0.76372
296741,2826822265,18464844,2026-10-06T05:17:48.697827+00:00,216888719245329,322,5214,-1676,3771,210,3155,11.27,182.49,-58.66,0.920124,0.05124,0.76982
296742,2826832031,18474610,2026-10-06T05:17:48.698802+00:00,216888720218111,415,5384,-1730,3709,262,3048,14.525,188.44,-60.55,0.904996,0.063928,0.743712
296743,2826842773,18485352,2026-10-06T05:17:48.699597+00:00,216888721051439,479,5478,-1751,3639,363,2987,16.765,191.73,-61.285,0.887916,0.088572,0.728828
296744,2826852539,18495118,2026-10-06T05:17:48.734682+00:00,216888756102873,485,5496,-1729,3655,407,2977,16.975,192.36,-60.515,0.89182,0.099308,0.726388
296745,2826862304,18504883,2026-10-06T05:17:48.737425+00:00,216888758843183,467,5472,-1685,3732,555,2999,16.345,191.52,-58.975,0.910608,0.13542,0.731756
296746,2826872070,18514649,2026-10-06T05:17:48.739236+00:00,216888760644884,428,5432,-1631,3775,770,3037,14.98,190.12,-57.085,0.9211,0.18788,0.741028
296747,2826882812,18525391,2026-10-06T05:17:48.740298+00:00,216888761708868,378,5394,-1603,3812,1089,3158,13.23,188.79,-56.105,0.930128,0.265716,0.770552
296748,2826887695,18530274,2026-10-06T05:17:48.741322+00:00,216888762732942,296,5371,-1634,3647,1378,3216,10.36,187.985,-57.19,0.889868,0.336232,0.784704
296749,2826897460,18540039,2026-10-06T05:17:48.779422+00:00,216888800846861,207,5330,-1757,3358,1502,3234,7.245,186.55,-61.495,0.819352,0.366488,0.789096
296750,2826907226,18549805,2026-10-06T05:17:48.780332+00:00,216888801749238,176,5250,-1984,3166,1579,3297,6.16,183.75,-69.44,0.772504,0.385276,0.804468
296751,2826916992,18559571,2026-10-06T05:17:48.781309+00:00,216888802727048,222,5157,-2304,3109,1693,3457,7.77,180.495,-80.64,0.758596,0.413092,0.843508
296752,2826927734,18570313,2026-10-06T05:17:48.782216+00:00,216888803635186,266,5077,-2688,3075,1842,3654,9.31,177.695,-94.08,0.7503,0.449448,0.891576
296753,2826937500,18580079,2026-10-06T05:17:48.783140+00:00,216888804558503,254,5018,-3106,3129,1893,3873,8.89,175.63,-108.71,0.763476,0.461892,0.945012
296754,2826947265,18589844,2026-10-06T05:17:48.824720+00:00,216888846147848,181,4986,-3528,3259,1857,4070,6.335,174.51,-123.48,0.795196,0.453108,0.99308
296755,2826957031,18599610,2026-10-06T05:17:48.825823+00:00,216888847242347,73,4982,-3919,3394,1695,4220,2.555,174.37,-137.165,0.828136,0.41358,1.02968
296756,2826967773,18610352,2026-10-06T05:17:48.826825+00:00,216888848237982,-46,4996,-4250,3484,1550,4331,-1.61,174.86,-148.75,0.850096,0.3782,1.056764
296757,2826977539,18620118,2026-10-06T05:17:48.827790+00:00,216888849205409,-178,5007,-4507,3627,1387,4449,-6.23,175.245,-157.745,0.884988,0.338428,1.085556
296758,2826982421,18625000,2026-10-06T05:17:48.828838+00:00,216888850251869,-308,5016,-4688,3788,1220,4552,-10.78,175.56,-164.08,0.924272,0.29768,1.110688
296759,2826992187,18634766,2026-10-06T05:17:48.872821+00:00,216888894243655,-423,5021,-4784,3976,1070,4598,-14.805,175.735,-167.44,0.970144,0.26108,1.121912
296760,2827001953,18644532,2026-10-06T05:17:48.875141+00:00,216888896563691,-523,5018,-4784,4164,911,4554,-18.305,175.63,-167.44,1.016016,0.222284,1.111176
296761,2827012695,18655274,2026-10-06T05:17:48.877750+00:00,216888899174634,-611,4995,-4693,4258,621,4361,-21.385,174.825,-164.255,1.038952,0.151524,1.064084
296762,2827022460,18665039,2026-10-06T05:17:48.879411+00:00,216888900826455,-636,4915,-4525,4372,172,4109,-22.26,172.025,-158.375,1.066768,0.041968,1.002596
296763,2827032226,18674805,2026-10-06T05:17:48.915445+00:00,216888936868590,-558,4778,-4291,4711,-5,3950,-19.53,167.23,-150.185,1.149484,-0.00122,0.9638
296764,2827041992,18684571,2026-10-06T05:17:48.916555+00:00,216888937970236,-504,4627,-3960,5324,2,3859,-17.64,161.945,-138.6,1.299056,0.000488,0.941596
296765,2827052734,18695313,2026-10-06T05:17:48.918267+00:00,216888939682169,-556,4514,-3537,5855,82,3561,-19.46,157.99,-123.795,1.42862,0.020008,0.868884
296766,2827062500,18705079,2026-10-06T05:17:48.920050+00:00,216888941470691,-702,4401,-3051,6032,51,2921,-24.57,154.035,-106.785,1.471808,0.012444,0.712724
296767,2827072265,18714844,2026-10-06T05:17:48.923072+00:00,216888944497594,-802,4207,-2562,5977,-206,2084,-28.07,147.245,-89.67,1.458388,-0.050264,0.508496
296768,2827082031,18724610,2026-10-06T05:17:48.958400+00:00,216888979802568,-706,3878,-2090,5842,-300,1234,-24.71,135.73,-73.15,1.425448,-0.0732,0.301096
296769,2827087890,18730469,2026-10-06T05:17:48.958852+00:00,216888980249834,-478,3415,-1655,5804,-386,555,-16.73,119.525,-57.925,1.416176,-0.094184,0.13542
296770,2827097656,18740235,2026-10-06T05:17:48.961262+00:00,216888982657419,-195,2876,-1289,5896,-640,-56,-6.825,100.66,-45.115,1.438624,-0.15616,-0.013664
296771,2827107421,18750000,2026-10-06T05:17:48.961588+00:00,216888982981141,141,2298,-982,6355,-449,-615,4.935,80.43,-34.37,1.55062,-0.109556,-0.15006
296772,2827117187,18759766,2026-10-06T05:17:48.961962+00:00,216888983353059,296,1692,-653,6373,-123,-1528,10.36,59.22,-22.855,1.555012,-0.030012,-0.372832
296773,2827126953,18769532,2026-10-06T05:17:49.003516+00:00,216889024914210,155,849,-316,6402,-176,-2439,5.425,29.715,-11.06,1.562088,-0.042944,-0.595116
296774,2827137695,18780274,2026-10-06T05:17:49.003857+00:00,216889025248461,-21,-136,-35,6692,-252,-2869,-0.735,-4.76,-1.225,1.632848,-0.061488,-0.700036
296775,2827147460,18790039,2026-10-06T05:17:49.004141+00:00,216889025535575,-230,-1239,246,6292,55,-3226,-8.05,-43.365,8.61,1.535248,0.01342,-0.787144
296776,2827157226,18799805,2026-10-06T05:17:49.005094+00:00,216889026485236,-640,-2590,664,1537,-954,198,-22.4,-90.65,23.24,0.375028,-0.232776,0.048312
296777,2827166992,18809571,2026-10-06T05:17:49.050537+00:00,216889071963348,-190,-2936,1017,329,586,7682,-6.65,-102.76,35.595,0.080276,0.142984,1.874408
296778,2827172851,18815430,2026-10-06T05:17:49.051714+00:00,216889073133721,-41,-2719,1220,-3983,1089,9139,-1.435,-95.165,42.7,-0.971852,0.265716,2.229916
296779,2827182617,18825196,2026-10-06T05:17:49.052885+00:00,216889074293205,-26,-3079,1578,-5147,1363,2723,-0.91,-107.765,55.23,-1.255868,0.332572,0.664412
296780,2827192382,18834961,2026-10-06T05:17:49.054760+00:00,216889076181192,-464,-4879,2012,-2957,419,-683,-16.24,-170.765,70.42,-0.721508,0.102236,-0.166652
296781,2827202148,18844727,2026-10-06T05:17:49.058059+00:00,216889079479322,-218,-6691,1725,2766,1016,3676,-7.63,-234.185,60.375,0.674904,0.247904,0.896944
296782,2827212890,18855469,2026-10-06T05:17:49.096743+00:00,216889118167974,575,-6494,701,8442,2036,8395,20.125,-227.29,24.535,2.059848,0.496784,2.04838
296783,2827222656,18865235,2026-10-06T05:17:49.098848+00:00,216889120263860,843,-4448,-206,6407,1105,7246,29.505,-155.68,-7.21,1.563308,0.26962,1.768024
296784,2827232421,18875000,2026-10-06T05:17:49.102490+00:00,216889123908572,898,-3074,-322,2701,630,5672,31.43,-107.59,-11.27,0.659044,0.15372,1.383968
296785,2827242187,18884766,2026-10-06T05:17:49.103847+00:00,216889125262516,775,-2770,89,3148,879,5583,27.125,-96.95,3.115,0.768112,0.214476,1.362252
296786,2827251953,18894532,2026-10-06T05:17:49.105852+00:00,216889127268448,699,-2385,385,6266,3130,7625,24.465,-83.475,13.475,1.528904,0.76372,1.8605
296787,2827262695,18905274,2026-10-06T05:17:49.139936+00:00,216889161342162,237,-1142,144,3058,2575,4363,8.295,-39.97,5.04,0.746152,0.6283,1.064572
296788,2827272460,18915039,2026-10-06T05:17:49.141874+00:00,216889163279110,40,-742,-163,2403,2305,4643,1.4,-25.97,-5.705,0.586332,0.56242,1.132892
296789,2827282226,18924805,2026-10-06T05:17:49.142271+00:00,216889163669833,-156,-514,-284,2619,1049,4672,-5.46,-17.99,-9.94,0.639036,0.255956,1.139968
296790,2827287109,18929688,2026-10-06T05:17:49.146571+00:00,216889167973186,-10,-206,-281,2199,310,4226,-0.35,-7.21,-9.835,0.536556,0.07564,1.031144
296791,2827297851,18940430,2026-10-06T05:17:49.147714+00:00,216889169112487,243,19,-245,1729,535,4050,8.505,0.665,-8.575,0.421876,0.13054,0.9882
296792,2827307617,18950196,2026-10-06T05:17:49.184733+00:00,216889206133536,393,141,-223,1501,838,4049,13.755,4.935,-7.805,0.366244,0.204472,0.987956
296793,2827317382,18959961,2026-10-06T05:17:49.184886+00:00,216889206274289,483,230,-188,1210,1081,3730,16.905,8.05,-6.58,0.29524,0.263764,0.91012
296794,2827327148,18969727,2026-10-06T05:17:49.228257+00:00,216889249652486,521,246,-138,1194,1411,3628,18.235,8.61,-4.83,0.291336,0.344284,0.885232
296795,2827337890,18980469,2026-10-06T05:17:49.228417+00:00,216889249805745,470,244,-130,968,1530,3652,16.45,8.54,-4.55,0.236192,0.37332,0.891088
296796,2827347656,18990235,2026-10-06T05:17:49.230045+00:00,216889251434389,379,196,-112,699,1417,3536,13.265,6.86,-3.92,0.170556,0.345748,0.862784
296797,2827357421,19000000,2026-10-06T05:17:49.230238+00:00,216889251627070,286,83,-83,772,1325,3679,10.01,2.905,-2.905,0.188368,0.3233,0.897676
296798,2827367187,19009766,2026-10-06T05:17:49.230494+00:00,216889251883002,228,-2,-70,723,1201,3797,7.98,-0.07,-2.45,0.176412,0.293044,0.926468
296799,2827376953,19019532,2026-10-06T05:17:49.232097+00:00,216889253486154,206,-82,-48,841,1054,3777,7.21,-2.87,-1.68,0.205204,0.257176,0.921588
296800,2827382812,19025391,2026-10-06T05:17:49.232289+00:00,216889253678753,210,-140,-30,1327,1006,3982,7.35,-4.9,-1.05,0.323788,0.245464,0.971608
296801,2827392578,19035157,2026-10-06T05:17:49.275679+00:00,216889297102954,255,-104,-24,1245,994,4020,8.925,-3.64,-0.84,0.30378,0.242536,0.98088
296802,2827402343,19044922,2026-10-06T05:17:49.276550+00:00,216889297957182,314,-67,-33,1227,966,3859,10.99,-2.345,-1.155,0.299388,0.235704,0.941596
296803,2827412109,19054688,2026-10-06T05:17:49.277798+00:00,216889299207036,370,-50,-13,1269,1248,4011,12.95,-1.75,-0.455,0.309636,0.304512,0.978684
296804,2827422851,19065430,2026-10-06T05:17:49.278759+00:00,216889300177429,370,-20,7,1055,1277,3865,12.95,-0.7,0.245,0.25742,0.311588,0.94306
296805,2827432617,19075196,2026-10-06T05:17:49.279831+00:00,216889301250809,345,-33,37,1089,1345,3912,12.075,-1.155,1.295,0.265716,0.32818,0.954528
296806,2827442382,19084961,2026-10-06T05:17:49.321267+00:00,216889342693955,311,-52,67,1160,1371,3785,10.885,-1.82,2.345,0.28304,0.334524,0.92354
296807,2827452148,19094727,2026-10-06T05:17:49.322905+00:00,216889344325701,271,-104,116,1403,1387,3670,9.485,-3.64,4.06,0.342332,0.338428,0.89548
296808,2827462890,19105469,2026-10-06T05:17:49.325044+00:00,216889346466553,229,-151,146,1536,1463,3823,8.015,-5.285,5.11,0.374784,0.356972,0.932812
296809,2827472656,19115235,2026-10-06T05:17:49.326954+00:00,216889348377279,191,-164,131,1535,1259,3869,6.685,-5.74,4.585,0.37454,0.307196,0.944036
296810,2827477539,19120118,2026-10-06T05:17:49.328384+00:00,216889349797487,203,-167,118,1556,1220,4090,7.105,-5.845,4.13,0.379664,0.29768,0.99796
296811,2827487304,19129883,2026-10-06T05:17:49.364294+00:00,216889385718842,247,-106,59,1308,1404,4157,8.645,-3.71,2.065,0.319152,0.342576,1.014308
296812,2827497070,19139649,2026-10-06T05:17:49.365312+00:00,216889386730208,245,-104,47,1369,1336,3864,8.575,-3.64,1.645,0.334036,0.325984,0.942816
296813,2827507812,19150391,2026-10-06T05:17:49.366438+00:00,216889387852516,227,-133,40,1513,1382,3903,7.945,-4.655,1.4,0.369172,0.337208,0.952332
296814,2827517578,19160157,2026-10-06T05:17:49.367896+00:00,216889389310957,187,-98,12,1493,1333,3994,6.545,-3.43,0.42,0.364292,0.325252,0.974536
296815,2827527343,19169922,2026-10-06T05:17:49.408846+00:00,216889430261417,148,-101,33,1089,1291,3640,5.18,-3.535,1.155,0.265716,0.315004,0.88816
296816,2827537109,19179688,2026-10-06T05:17:49.409607+00:00,216889431045190,104,-194,49,1367,1369,3695,3.64,-6.79,1.715,0.333548,0.334036,0.90158
296817,2827547851,19190430,2026-10-06T05:17:49.410708+00:00,216889432113858,41,-227,89,1305,1372,3814,1.435,-7.945,3.115,0.31842,0.334768,0.930616
296818,2827557617,19200196,2026-10-06T05:17:49.411439+00:00,216889432844243,1,-236,115,1202,1360,3785,0.035,-8.26,4.025,0.293288,0.33184,0.92354
296819,2827567382,19209961,2026-10-06T05:17:49.412089+00:00,216889433494441,-27,-248,138,1312,1409,3797,-0.945,-8.68,4.83,0.320128,0.343796,0.926468
296820,2827577148,19219727,2026-10-06T05:17:49.456773+00:00,216889478186243,-52,-246,149,1441,1355,3683,-1.82,-8.61,5.215,0.351604,0.33062,0.898652
296821,2827587890,19230469,2026-10-06T05:17:49.457469+00:00,216889478879054,-91,-239,157,1384,1261,3709,-3.185,-8.365,5.495,0.337696,0.307684,0.904996
296822,2827592773,19235352,2026-10-06T05:17:49.458159+00:00,216889479564712,-111,-244,174,1388,1191,3692,-3.885,-8.54,6.09,0.338672,0.290604,0.900848
296823,2827602539,19245118,2026-10-06T05:17:49.459183+00:00,216889480582858,-114,-246,189,1246,1320,3872,-3.99,-8.61,6.615,0.304024,0.32208,0.944768
296824,2827612304,19254883,2026-10-06T05:17:49.460216+00:00,216889481615883,-133,-248,186,1215,1179,3742,-4.655,-8.68,6.51,0.29646,0.287676,0.913048
296825,2827622070,19264649,2026-10-06T05:17:49.500196+00:00,216889521611803,-147,-273,205,1288,1209,3811,-5.145,-9.555,7.175,0.314272,0.294996,0.929884
296826,2827632812,19275391,2026-10-06T05:17:49.501395+00:00,216889522819099,-162,-297,220,1382,1212,3661,-5.67,-10.395,7.7,0.337208,0.295728,0.893284
296827,2827642578,19285157,2026-10-06T05:17:49.505763+00:00,216889527173419,-209,-325,241,1397,1108,3802,-7.315,-11.375,8.435,0.340868,0.270352,0.927688
296828,2827652343,19294922,2026-10-06T05:17:49.506046+00:00,216889527445420,-201,-318,228,1473,1125,3792,-7.035,-11.13,7.98,0.359412,0.2745,0.925248
296829,2827662109,19304688,2026-10-06T05:17:49.544850+00:00,216889566257318,-193,-311,234,1429,1202,3769,-6.755,-10.885,8.19,0.348676,0.293288,0.919636
296830,2827672851,19315430,2026-10-06T05:17:49.590135+00:00,216889611549103,-209,-321,232,1320,1246,3813,-7.315,-11.235,8.12,0.32208,0.304024,0.930372
296831,2827677734,19320313,2026-10-06T05:17:49.633962+00:00,216889655378771,-234,-333,227,1404,1195,3794,-8.19,-11.655,7.945,0.342576,0.29158,0.925736
296832,2827687500,19330079,2026-10-06T05:17:49.635238+00:00,216889656648180,-243,-353,240,1545,1152,3779,-8.505,-12.355,8.4,0.37698,0.281088,0.922076
296833,2827697265,19339844,2026-10-06T05:17:49.640189+00:00,216889661604595,-244,-366,240,1600,1124,3850,-8.54,-12.81,8.4,0.3904,0.274256,0.9394
296834,2827707031,19349610,2026-10-06T05:17:49.647218+00:00,216889668632306,-233,-343,217,1646,1097,3818,-8.155,-12.005,7.595,0.401624,0.267668,0.931592
296835,2827717773,19360352,2026-10-06T05:17:49.647535+00:00,216889668937882,-236,-347,224,1515,1146,3792,-8.26,-12.145,7.84,0.36966,0.279624,0.925248
296836,2827727539,19370118,2026-10-06T05:17:49.647821+00:00,216889669222856,-258,-349,214,1440,1185,3910,-9.03,-12.215,7.49,0.35136,0.28914,0.95404
296837,2827737304,19379883,2026-10-06T05:17:49.648150+00:00,216889669552363,-266,-341,202,1305,1203,3837,-9.31,-11.935,7.07,0.31842,0.293532,0.936228
296838,2827747070,19389649,2026-10-06T05:17:49.651857+00:00,216889673271811,-303,-369,215,1347,1193,3816,-10.605,-12.915,7.525,0.328668,0.291092,0.931104
296839,2827757812,19400391,2026-10-06T05:17:49.652168+00:00,216889673569917,-329,-401,232,1409,1209,3794,-11.515,-14.035,8.12,0.343796,0.294996,0.925736
296840,2827767578,19410157,2026-10-06T05:17:49.652576+00:00,216889673972981,-371,-428,242,1518,1179,3730,-12.985,-14.98,8.47,0.370392,0.287676,0.91012
296841,2827777343,19419922,2026-10-06T05:17:49.654783+00:00,216889676187383,-419,-458,257,1488,1050,3669,-14.665,-16.03,8.995,0.363072,0.2562,0.895236
296842,2827787109,19429688,2026-10-06T05:17:49.655766+00:00,216889677168391,-433,-496,273,1231,1258,3911,-15.155,-17.36,9.555,0.300364,0.306952,0.954284
296843,2827791992,19434571,2026-10-06T05:17:49.656347+00:00,216889677747967,-459,-502,265,1165,1067,3818,-16.065,-17.57,9.275,0.28426,0.260348,0.931592
296844,2827802734,19445313,2026-10-06T05:17:49.678387+00:00,216889699785705,-445,-572,312,1346,1201,3742,-15.575,-20.02,10.92,0.328424,0.293044,0.913048
296845,2827812500,19455079,2026-10-06T05:17:49.678611+00:00,216889700012988,-488,-628,340,1416,1199,4049,-17.08,-21.98,11.9,0.345504,0.292556,0.987956
296846,2827822265,19464844,2026-10-06T05:17:49.680177+00:00,216889701570239,-480,-586,311,1449,921,3764,-16.8,-20.51,10.885,0.353556,0.224724,0.918416
296847,2827832031,19474610,2026-10-06T05:17:49.680454+00:00,216889701846434,-449,-609,332,1539,1053,3887,-15.715,-21.315,11.62,0.375516,0.256932,0.948428
296848,2827842773,19485352,2026-10-06T05:17:49.725273+00:00,216889746671279,-422,-610,316,1646,934,3890,-14.77,-21.35,11.06,0.401624,0.227896,0.94916
296849,2827852539,19495118,2026-10-06T05:17:49.725512+00:00,216889746903007,-371,-575,302,1659,928,3942,-12.985,-20.125,10.57,0.404796,0.226432,0.961848
296850,2827862304,19504883,2026-10-06T05:17:49.725807+00:00,216889747198320,-301,-541,282,1475,967,3799,-10.535,-18.935,9.87,0.3599,0.235948,0.926956
296851,2827872070,19514649,2026-10-06T05:17:49.727196+00:00,216889748588252,-294,-569,291,1736,889,3909,-10.29,-19.915,10.185,0.423584,0.216916,0.953796
296852,2827882812,19525391,2026-10-06T05:17:49.727454+00:00,216889748843611,-259,-544,289,1793,903,3833,-9.065,-19.04,10.115,0.437492,0.220332,0.935252
296853,2827887695,19530274,2026-10-06T05:17:49.770599+00:00,216889792065521,-216,-520,262,1719,866,3832,-7.56,-18.2,9.17,0.419436,0.211304,0.935008
296854,2827897460,19540039,2026-10-06T05:17:49.774132+00:00,216889795558562,-185,-511,250,1677,878,3926,-6.475,-17.885,8.75,0.409188,0.214232,0.957944
296855,2827907226,19549805,2026-10-06T05:17:49.776874+00:00,216889798293683,-142,-496,242,1548,943,3832,-4.97,-17.36,8.47,0.377712,0.230092,0.935008
296856,2827916992,19559571,2026-10-06T05:17:49.779011+00:00,216889800430537,-129,-506,243,1612,907,3940,-4.515,-17.71,8.505,0.393328,0.221308,0.96136
296857,2827927734,19570313,2026-10-06T05:17:49.780814+00:00,216889802233521,-98,-506,253,1805,878,3849,-3.43,-17.71,8.855,0.44042,0.214232,0.939156
296858,2827937500,19580079,2026-10-06T05:17:49.814346+00:00,216889835760501,-64,-497,250,1756,834,3899,-2.24,-17.395,8.75,0.428464,0.203496,0.951356
296859,2827947265,19589844,2026-10-06T05:17:49.815614+00:00,216889837071599,-20,-494,234,1652,805,3862,-0.7,-17.29,8.19,0.403088,0.19642,0.942328
296860,2827957031,19599610,2026-10-06T05:17:49.816845+00:00,216889838282177,15,-522,237,1733,865,3902,0.525,-18.27,8.295,0.422852,0.21106,0.952088
296861,2827967773,19610352,2026-10-06T05:17:49.818273+00:00,216889839690899,49,-540,219,1676,837,3893,1.715,-18.9,7.665,0.408944,0.204228,0.949892
296862,2827977539,19620118,2026-10-06T05:17:49.859432+00:00,216889880857705,92,-565,192,1617,808,3915,3.22,-19.775,6.72,0.394548,0.197152,0.95526
296863,2827982421,19625000,2026-10-06T05:17:49.860378+00:00,216889881795813,125,-615,184,1886,857,3799,4.375,-21.525,6.44,0.460184,0.209108,0.926956
296864,2827992187,19634766,2026-10-06T05:17:49.907354+00:00,216889928781462,121,-652,196,1809,905,3885,4.235,-22.82,6.86,0.441396,0.22082,0.94794
296865,2828001953,19644532,2026-10-06T05:17:49.909507+00:00,216889930926489,157,-663,156,1602,759,3797,5.495,-23.205,5.46,0.390888,0.185196,0.926468
296866,2828012695,19655274,2026-10-06T05:17:49.912381+00:00,216889933798771,183,-729,184,1817,788,3774,6.405,-25.515,6.44,0.443348,0.192272,0.920856
296867,2828022460,19665039,2026-10-06T05:17:49.915114+00:00,216889936535914,183,-810,217,1748,599,3197,6.405,-28.35,7.595,0.426512,0.146156,0.780068
296868,2828032226,19674805,2026-10-06T05:17:49.916016+00:00,216889937439577,217,-990,254,2162,391,3646,7.595,-34.65,8.89,0.527528,0.095404,0.889624
296869,2828041992,19684571,2026-10-06T05:17:49.917946+00:00,216889939366465,348,-1079,223,1572,1275,4248,12.18,-37.765,7.805,0.383568,0.3111,1.036512
296870,2828052734,19695313,2026-10-06T05:17:49.922417+00:00,216889943832795,376,-1145,114,1150,1571,4516,13.16,-40.075,3.99,0.2806,0.383324,1.101904
296871,2828062500,19705079,2026-10-06T05:17:49.922772+00:00,216889944177460,381,-1294,130,809,1577,3559,13.335,-45.29,4.55,0.197396,0.384788,0.868396
296872,2828072265,19714844,2026-10-06T05:17:49.949423+00:00,216889970824253,334,-1681,268,2178,937,3934,11.69,-58.835,9.38,0.531432,0.228628,0.959896
296873,2828082031,19724610,2026-10-06T05:17:49.993234+00:00,216890014631812,413,-1859,383,1238,1097,3768,14.455,-65.065,13.405,0.302072,0.267668,0.919392
296874,2828087890,19730469,2026-10-06T05:17:49.993662+00:00,216890015054197,422,-2144,406,1280,720,4156,14.77,-75.04,14.21,0.31232,0.17568,1.014064
296875,2828097656,19740235,2026-10-06T05:17:49.995148+00:00,216890016540431,594,-2342,381,1413,1531,3746,20.79,-81.97,13.335,0.344772,0.373564,0.914024
296876,2828107421,19750000,2026-10-06T05:17:49.995405+00:00,216890016796610,472,-2664,347,1932,648,4151,16.52,-93.24,12.145,0.471408,0.158112,1.012844
296877,2828117187,19759766,2026-10-06T05:17:49.995586+00:00,216890016978144,577,-2885,325,1735,600,3784,20.195,-100.975,11.375,0.42334,0.1464,0.923296
296878,2828126953,19769532,2026-10-06T05:17:49.998082+00:00,216890019473500,553,-3262,422,2123,980,4061,19.355,-114.17,14.77,0.518012,0.23912,0.990884
296879,2828137695,19780274,2026-10-06T05:17:49.998323+00:00,216890019715266,512,-3523,423,1634,997,3756,17.92,-123.305,14.805,0.398696,0.243268,0.916464
296880,2828147460,19790039,2026-10-06T05:17:49.998567+00:00,216890019957931,554,-3904,385,1847,952,3767,19.39,-136.64,13.475,0.450668,0.232288,0.919148
296881,2828157226,19799805,2026-10-06T05:17:50.038308+00:00,216890059705611,536,-4279,404,2217,823,3557,18.76,-149.765,14.14,0.540948,0.200812,0.867908
296882,2828166992,19809571,2026-10-06T05:17:50.038533+00:00,216890059922353,565,-4589,401,2021,745,3585,19.775,-160.615,14.035,0.493124,0.18178,0.87474
296883,2828172851,19815430,2026-10-06T05:17:50.040149+00:00,216890061540130,530,-4944,477,2044,1018,3635,18.55,-173.04,16.695,0.498736,0.248392,0.88694
296884,2828182617,19825196,2026-10-06T05:17:50.040437+00:00,216890061825994,402,-5273,601,2155,988,3376,14.07,-184.555,21.035,0.52582,0.241072,0.823744
296885,2828192382,19834961,2026-10-06T05:17:50.040756+00:00,216890062145715,331,-5612,712,2391,1171,3426,11.585,-196.42,24.92,0.583404,0.285724,0.835944
296886,2828202148,19844727,2026-10-06T05:17:50.083318+00:00,216890104717161,312,-5847,724,2336,979,3248,10.92,-204.645,25.34,0.569984,0.238876,0.792512
296887,2828212890,19855469,2026-10-06T05:17:50.083610+00:00,216890105010427,301,-6090,755,2644,831,3338,10.535,-213.15,26.425,0.645136,0.202764,0.814472
296888,2828222656,19865235,2026-10-06T05:17:50.086423+00:00,216890107824183,391,-6265,756,2914,755,3238,13.685,-219.275,26.46,0.711016,0.18422,0.790072
296889,2828232421,19875000,2026-10-06T05:17:50.086582+00:00,216890107973494,554,-6436,744,3361,728,3259,19.39,-225.26,26.04,0.820084,0.177632,0.795196
296890,2828242187,19884766,2026-10-06T05:17:50.086684+00:00,216890108072557,803,-6549,713,3743,555,3412,28.105,-229.215,24.955,0.913292,0.13542,0.832528
296891,2828251953,19894532,2026-10-06T05:17:50.174601+00:00,216890195998496,1215,-6625,686,3793,777,3258,42.525,-231.875,24.01,0.925492,0.189588,0.794952
296892,2828262695,19905274,2026-10-06T05:17:50.174853+00:00,216890196242394,1616,-6760,684,4455,724,3409,56.56,-236.6,23.94,1.08702,0.176656,0.831796
296893,2828272460,19915039,2026-10-06T05:17:50.175216+00:00,216890196604352,2124,-6803,723,4846,1072,3484,74.34,-238.105,25.305,1.182424,0.261568,0.850096
296894,2828282226,19924805,2026-10-06T05:17:50.175535+00:00,216890196924316,2466,-6796,859,5034,1949,3355,86.31,-237.86,30.065,1.228296,0.475556,0.81862
296895,2828287109,19929688,2026-10-06T05:17:50.175755+00:00,216890197143041,2277,-6807,1160,4776,1335,3502,79.695,-238.245,40.6,1.165344,0.32574,0.854488
296896,2828297851,19940430,2026-10-06T05:17:50.177015+00:00,216890198404625,2243,-6832,1444,4431,1517,3585,78.505,-239.12,50.54,1.081164,0.370148,0.87474
296897,2828307617,19950196,2026-10-06T05:17:50.177233+00:00,216890198621720,2439,-6766,1598,4154,1665,3528,85.365,-236.81,55.93,1.013576,0.40626,0.860832
296898,2828317382,19959961,2026-10-06T05:17:50.177449+00:00,216890198836201,2625,-6677,1797,4305,2031,3595,91.875,-233.695,62.895,1.05042,0.495564,0.87718
296899,2828327148,19969727,2026-10-06T05:17:50.179079+00:00,216890200466673,2777,-6463,1925,4907,2168,3837,97.195,-226.205,67.375,1.197308,0.528992,0.936228
296900,2828337890,19980469,2026-10-06T05:17:50.220068+00:00,216890241466380,2982,-6010,1976,5570,1582,4129,104.37,-210.35,69.16,1.35908,0.386008,1.007476
296901,2828347656,19990235,2026-10-06T05:17:50.220483+00:00,216890241872133,3256,-5324,2081,5103,1516,3140,113.96,-186.34,72.835,1.245132,0.369904,0.76616
296902,2828357421,20000000,2026-10-06T05:17:50.220932+00:00,216890242320691,3197,-4699,2312,5852,1624,3409,111.895,-164.465,80.92,1.427888,0.396256,0.831796
296903,2828367187,20009766,2026-10-06T05:17:50.221256+00:00,216890242643942,3045,-3664,2411,5261,1041,3568,106.575,-128.24,84.385,1.283684,0.254004,0.870592
296904,2828376953,20019532,2026-10-06T05:17:50.221546+00:00,216890242932552,3066,-2420,2530,5478,2412,5326,107.31,-84.7,88.55,1.336632,0.588528,1.299544
296905,2828382812,20025391,2026-10-06T05:17:50.264140+00:00,216890285535101,2359,-901,2773,4549,2845,6617,82.565,-31.535,97.055,1.109956,0.69418,1.614548
296906,2828392578,20035157,2026-10-06T05:17:50.264369+00:00,216890285756928,1188,581,3132,4467,2473,5730,41.58,20.335,109.62,1.089948,0.603412,1.39812
296907,2828402343,20044922,2026-10-06T05:17:50.264591+00:00,216890285978396,344,1785,3304,3753,2366,5704,12.04,62.475,115.64,0.915732,0.577304,1.391776
296908,2828412109,20054688,2026-10-06T05:17:50.264765+00:00,216890286151386,-350,2868,3463,218,1759,2905,-12.25,100.38,121.205,0.053192,0.429196,0.70882
296909,2828422851,20065430,2026-10-06T05:17:50.265989+00:00,216890287376656,-577,2919,3488,-365,1275,1759,-20.195,102.165,122.08,-0.08906,0.3111,0.429196
296910,2828432617,20075196,2026-10-06T05:17:50.308109+00:00,216890329522301,-517,2602,3344,-292,933,771,-18.095,91.07,117.04,-0.071248,0.227652,0.188124
296911,2828442382,20084961,2026-10-06T05:17:50.308307+00:00,216890329707232,-33,2199,2975,55,1146,1308,-1.155,76.965,104.125,0.01342,0.279624,0.319152
296912,2828452148,20094727,2026-10-06T05:17:50.311062+00:00,216890332450532,460,1995,2370,278,1658,1443,16.1,69.825,82.95,0.067832,0.404552,0.352092
296913,2828462890,20105469,2026-10-06T05:17:50.311310+00:00,216890332696756,849,1871,1584,1098,2452,2188,29.715,65.485,55.44,0.267912,0.598288,0.533872
296914,2828472656,20115235,2026-10-06T05:17:50.354798+00:00,216890376195629,936,2031,683,1913,3036,2876,32.76,71.085,23.905,0.466772,0.740784,0.701744
296915,2828482421,20125000,2026-10-06T05:17:50.354956+00:00,216890376342983,690,2440,-247,2488,3351,3247,24.15,85.4,-8.645,0.607072,0.817644,0.792268
296916,2828487304,20129883,2026-10-06T05:17:50.355201+00:00,216890376588586,186,2991,-1080,2753,3051,3340,6.51,104.685,-37.8,0.671732,0.744444,0.81496
296917,2828497070,20139649,2026-10-06T05:17:50.355471+00:00,216890376857443,-304,3556,-1742,2663,2215,3112,-10.64,124.46,-60.97,0.649772,0.54046,0.759328
296918,2828507812,20150391,2026-10-06T05:17:50.355949+00:00,216890377337997,-561,4012,-2187,2386,1259,2617,-19.635,140.42,-76.545,0.582184,0.307196,0.638548
296919,2828517578,20160157,2026-10-06T05:17:50.398230+00:00,216890419622407,-541,4293,-2417,2397,627,2462,-18.935,150.255,-84.595,0.584868,0.152988,0.600728
296920,2828527343,20169922,2026-10-06T05:17:50.398513+00:00,216890419902476,-334,4492,-2498,2581,352,2453,-11.69,157.22,-87.43,0.629764,0.085888,0.598532
296921,2828537109,20179688,2026-10-06T05:17:50.400215+00:00,216890421605155,-107,4676,-2465,3009,390,2686,-3.745,163.66,-86.275,0.734196,0.09516,0.655384
296922,2828547851,20190430,2026-10-06T05:17:50.400429+00:00,216890421818458,-12,4922,-2349,3300,502,2902,-0.42,172.27,-82.215,0.8052,0.122488,0.708088
296923,2828557617,20200196,2026-10-06T05:17:50.400889+00:00,216890422279476,-68,5194,-2174,3303,520,2916,-2.38,181.79,-76.09,0.805932,0.12688,0.711504
296924,2828567382,20209961,2026-10-06T05:17:50.443255+00:00,216890464650287,-156,5402,-1987,3290,360,2909,-5.46,189.07,-69.545,0.80276,0.08784,0.709796
296925,2828577148,20219727,2026-10-06T05:17:50.443392+00:00,216890464778635,-135,5563,-1838,3479,168,2979,-4.725,194.705,-64.33,0.848876,0.040992,0.726876
296926,2828587890,20230469,2026-10-06T05:17:50.444955+00:00,216890466342049,44,5748,-1757,3849,228,3171,1.54,201.18,-61.495,0.939156,0.055632,0.773724
296927,2828592773,20235352,2026-10-06T05:17:50.445074+00:00,216890466462439,230,5995,-1718,3887,552,3197,8.05,209.825,-60.13,0.948428,0.134688,0.780068
296928,2828602539,20245118,2026-10-06T05:17:50.445266+00:00,216890466654972,267,6200,-1691,3707,919,3050,9.345,217.0,-59.185,0.904508,0.224236,0.7442
296929,2828612304,20254883,2026-10-06T05:17:50.489479+00:00,216890510880941,139,6288,-1674,3418,1179,2824,4.865,220.08,-58.59,0.833992,0.287676,0.689056
296930,2828622070,20264649,2026-10-06T05:17:50.489968+00:00,216890511361126,-50,6241,-1699,3116,1301,2670,-1.75,218.435,-59.465,0.760304,0.317444,0.65148
296931,2828632812,20275391,2026-10-06T05:17:50.490306+00:00,216890511699274,-180,6089,-1805,2879,1321,2676,-6.3,213.115,-63.175,0.702476,0.322324,0.652944
296932,2828642578,20285157,2026-10-06T05:17:50.491338+00:00,216890512730852,-185,5896,-2012,2809,1406,2895,-6.475,206.36,-70.42,0.685396,0.343064,0.70638
296933,2828652343,20294922,2026-10-06T05:17:50.533213+00:00,216890554607948,-104,5723,-2297,2828,1566,3212,-3.64,200.305,-80.395,0.690032,0.382104,0.783728
296934,2828662109,20304688,2026-10-06T05:17:50.578263+00:00,216890599659305,-29,5595,-2604,2841,1755,3503,-1.015,195.825,-91.14,0.693204,0.42822,0.854732
296935,2828672851,20315430,2026-10-06T05:17:50.578391+00:00,216890599779180,-19,5503,-2872,2950,1878,3841,-0.665,192.605,-100.52,0.7198,0.458232,0.937204
296936,2828677734,20320313,2026-10-06T05:17:50.579962+00:00,216890601350698,-33,5454,-3087,3179,1894,4179,-1.155,190.89,-108.045,0.775676,0.462136,1.019676
296937,2828687500,20330079,2026-10-06T05:17:50.580113+00:00,216890601501804,-35,5474,-3267,3561,1862,4576,-1.225,191.59,-114.345,0.868884,0.454328,1.116544
296938,2828697265,20339844,2026-10-06T05:17:50.580269+00:00,216890601657790,-5,5592,-3438,3874,1827,4828,-0.175,195.72,-120.33,0.945256,0.445788,1.178032
296939,2828707031,20349610,2026-10-06T05:17:50.583048+00:00,216890604437020,28,5762,-3593,4031,1825,4838,0.98,201.67,-125.755,0.983564,0.4453,1.180472
296940,2828717773,20360352,2026-10-06T05:17:50.583321+00:00,216890604709257,27,5897,-3721,4076,1780,4670,0.945,206.395,-130.235,0.994544,0.43432,1.13948
296941,2828727539,20370118,2026-10-06T05:17:50.583502+00:00,216890604890357,8,5938,-3816,4158,1659,4476,0.28,207.83,-133.56,1.014552,0.404796,1.092144
296942,2828737304,20379883,2026-10-06T05:17:50.583756+00:00,216890605147118,7,5888,-3897,4327,1537,4351,0.245,206.08,-136.395,1.055788,0.375028,1.061644
296943,2828747070,20389649,2026-10-06T05:17:50.623117+00:00,216890644513528,20,5778,-3960,4542,1451,4307,0.7,202.23,-138.6,1.108248,0.354044,1.050908
296944,2828757812,20400391,2026-10-06T05:17:50.623249+00:00,216890644635641,5,5620,-3993,4762,1333,4265,0.175,196.7,-139.755,1.161928,0.325252,1.04066
296945,2828767578,20410157,2026-10-06T05:17:50.624984+00:00,216890646372736,-41,5424,-3988,5142,1000,4301,-1.435,189.84,-139.58,1.254648,0.244,1.049444
296946,2828777343,20419922,2026-10-06T05:17:50.625154+00:00,216890646543369,-34,5244,-3945,5708,624,4287,-1.19,183.54,-138.075,1.392752,0.152256,1.046028
296947,2828787109,20429688,2026-10-06T05:17:50.668558+00:00,216890689956982,1,5111,-3817,6033,380,3941,0.035,178.885,-133.595,1.472052,0.09272,0.961604
296948,2828791992,20434571,2026-10-06T05:17:50.668704+00:00,216890690092704,-17,4948,-3547,6156,221,3320,-0.595,173.18,-124.145,1.502064,0.053924,0.81008
296949,2828802734,20445313,2026-10-06T05:17:50.668919+00:00,216890690306396,-107,4686,-3111,6108,38,2491,-3.745,164.01,-108.885,1.490352,0.009272,0.607804
296950,2828812500,20455079,2026-10-06T05:17:50.670943+00:00,216890692330453,-177,4287,-2548,6055,-164,1669,-6.195,150.045,-89.18,1.47742,-0.040016,0.407236
296951,2828822265,20464844,2026-10-06T05:17:50.671142+00:00,216890692528651,-144,3791,-1947,6276,-121,1150,-5.04,132.685,-68.145,1.531344,-0.029524,0.2806
296952,2828832031,20474610,2026-10-06T05:17:50.713284+00:00,216890734675405,-72,3308,-1419,6460,-129,656,-2.52,115.78,-49.665,1.57624,-0.031476,0.160064
296953,2828842773,20485352,2026-10-06T05:17:50.713402+00:00,216890734790403,25,2836,-1035,6501,-442,-68,0.875,99.26,-36.225,1.586244,-0.107848,-0.016592
296954,2828852539,20495118,2026-10-06T05:17:50.714954+00:00,216890736343087,237,2313,-786,6770,-236,-857,8.295,80.955,-27.51,1.65188,-0.057584,-0.209108
296955,2828862304,20504883,2026-10-06T05:17:50.715123+00:00,216890736512073,268,1654,-560,6627,60,-2024,9.38,57.89,-19.6,1.616988,0.01464,-0.493856
296956,2828872070,20514649,2026-10-06T05:17:50.715315+00:00,216890736703158,72,752,-365,6474,-104,-2819,2.52,26.32,-12.775,1.579656,-0.025376,-0.687836
296957,2828882812,20525391,2026-10-06T05:17:50.758231+00:00,216890779627730,-148,-346,-226,6561,-47,-3223,-5.18,-12.11,-7.91,1.600884,-0.011468,-0.786412
296958,2828887695,20530274,2026-10-06T05:17:50.758416+00:00,216890779822275,-540,-1577,-81,5321,1007,-2705,-18.9,-55.195,-2.835,1.298324,0.245708,-0.66002
296959,2828897460,20540039,2026-10-06T05:17:50.761129+00:00,216890782531019,-1448,-2861,193,989,-941,1514,-50.68,-100.135,6.755,0.241316,-0.229604,0.369416
296960,2828907226,20549805,2026-10-06T05:17:50.761378+00:00,216890782766850,-1040,-3044,510,242,174,8285,-36.4,-106.54,17.85,0.059048,0.042456,2.02154
296961,2828916992,20559571,2026-10-06T05:17:50.761528+00:00,216890782915564,-821,-2784,722,-3152,-97,9414,-28.735,-97.44,25.27,-0.769088,-0.023668,2.297016
296962,2828927734,20570313,2026-10-06T05:17:50.803170+00:00,216890824562005,-639,-2936,1150,-3384,-922,3278,-22.365,-102.76,40.25,-0.825696,-0.224968,0.799832
296963,2828937500,20580079,2026-10-06T05:17:50.803334+00:00,216890824722982,-383,-4176,1748,-1301,-1239,989,-13.405,-146.16,61.18,-0.317444,-0.302316,0.241316
296964,2828947265,20589844,2026-10-06T05:17:50.804992+00:00,216890826379550,229,-5335,1814,4229,31,4395,8.015,-186.725,63.49,1.031876,0.007564,1.07238
296965,2828957031,20599610,2026-10-06T05:17:50.805128+00:00,216890826515028,906,-4781,1198,6793,1471,7419,31.71,-167.335,41.93,1.657492,0.358924,1.810236
296966,2828967773,20610352,2026-10-06T05:17:50.850171+00:00,216890871564818,1274,-3220,366,4419,1968,6718,44.59,-112.7,12.81,1.078236,0.480192,1.639192
296967,2828977539,20620118,2026-10-06T05:17:50.850301+00:00,216890871688301,1338,-2343,-66,1429,2263,4855,46.83,-82.005,-2.31,0.348676,0.552172,1.18462
296968,2828982421,20625000,2026-10-06T05:17:50.850472+00:00,216890871859459,970,-2399,41,1687,2150,4508,33.95,-83.965,1.435,0.411628,0.5246,1.099952
296969,2828992187,20634766,2026-10-06T05:17:50.850596+00:00,216890871982786,645,-2397,175,3919,2545,5581,22.575,-83.895,6.125,0.956236,0.62098,1.361764
296970,2829001953,20644532,2026-10-06T05:17:50.853073+00:00,216890874465743,208,-1764,199,4751,3157,5800,7.28,-61.74,6.965,1.159244,0.770308,1.4152
296971,2829012695,20655274,2026-10-06T05:17:50.893276+00:00,216890914668234,-134,-894,3,2170,1975,4157,-4.69,-31.29,0.105,0.52948,0.4819,1.014308
296972,2829022460,20665039,2026-10-06T05:17:50.893389+00:00,216890914775047,-106,-658,-143,1775,1736,4490,-3.71,-23.03,-5.005,0.4331,0.423584,1.09556
296973,2829032226,20674805,2026-10-06T05:17:50.895087+00:00,216890916473813,-191,-504,-143,1475,1245,4166,-6.685,-17.64,-5.005,0.3599,0.30378,1.016504
296974,2829041992,20684571,2026-10-06T05:17:50.895287+00:00,216890916673851,-129,-428,-135,1643,839,4222,-4.515,-14.98,-4.725,0.400892,0.204716,1.030168
296975,2829052734,20695313,2026-10-06T05:17:50.895515+00:00,216890916904464,-4,-276,-132,1553,732,3881,-0.14,-9.66,-4.62,0.378932,0.178608,0.946964
296976,2829062500,20705079,2026-10-06T05:17:50.938209+00:00,216890959603357,100,-207,-68,1452,977,3634,3.5,-7.245,-2.38,0.354288,0.238388,0.886696
296977,2829072265,20714844,2026-10-06T05:17:50.983269+00:00,216891004658340,153,-188,-29,1402,1448,3705,5.355,-6.58,-1.015,0.342088,0.353312,0.90402
296978,2829082031,20724610,2026-10-06T05:17:50.983403+00:00,216891004789502,77,-167,-24,1099,1371,3655,2.695,-5.845,-0.84,0.268156,0.334524,0.89182
296979,2829087890,20730469,2026-10-06T05:17:50.985204+00:00,216891006602278,25,-209,-1,1071,1253,3767,0.875,-7.315,-0.035,0.261324,0.305732,0.919148
296980,2829097656,20740235,2026-10-06T05:17:50.985327+00:00,216891006714830,2,-238,27,1077,1133,3834,0.07,-8.33,0.945,0.262788,0.276452,0.935496
296981,2829107421,20750000,2026-10-06T05:17:50.985485+00:00,216891006871805,8,-246,42,1197,1050,3750,0.28,-8.61,1.47,0.292068,0.2562,0.915
296982,2829117187,20759766,2026-10-06T05:17:50.988026+00:00,216891009413131,9,-263,85,1013,1194,3744,0.315,-9.205,2.975,0.247172,0.291336,0.913536
296983,2829126953,20769532,2026-10-06T05:17:50.988260+00:00,216891009646950,-5,-297,98,1182,1429,3773,-0.175,-10.395,3.43,0.288408,0.348676,0.920612
296984,2829137695,20780274,2026-10-06T05:17:50.988445+00:00,216891009833306,-69,-319,126,1096,1378,3677,-2.415,-11.165,4.41,0.267424,0.336232,0.897188
296985,2829147460,20790039,2026-10-06T05:17:51.029193+00:00,216891050589685,-131,-362,153,1181,1249,3861,-4.585,-12.67,5.355,0.288164,0.304756,0.942084
296986,2829157226,20799805,2026-10-06T05:17:51.029310+00:00,216891050697561,-154,-352,180,1161,1231,3903,-5.39,-12.32,6.3,0.283284,0.300364,0.952332
296987,2829166992,20809571,2026-10-06T05:17:51.029445+00:00,216891050831816,-162,-349,213,1165,1203,3784,-5.67,-12.215,7.455,0.28426,0.293532,0.923296
296988,2829172851,20815430,2026-10-06T05:17:51.031919+00:00,216891053307521,-161,-379,225,1302,1304,3865,-5.635,-13.265,7.875,0.317688,0.318176,0.94306
296989,2829182617,20825196,2026-10-06T05:17:51.032086+00:00,216891053474450,-198,-377,224,1389,1243,3936,-6.93,-13.195,7.84,0.338916,0.303292,0.960384
296990,2829192382,20834961,2026-10-06T05:17:51.073173+00:00,216891094568411,-226,-362,234,1446,1100,3981,-7.91,-12.67,8.19,0.352824,0.2684,0.971364
296991,2829202148,20844727,2026-10-06T05:17:51.073296+00:00,216891094683391,-210,-323,219,1373,1242,4129,-7.35,-11.305,7.665,0.335012,0.303048,1.007476
296992,2829212890,20855469,2026-10-06T05:17:51.074952+00:00,216891096339138,-209,-278,194,1388,1058,4014,-7.315,-9.73,6.79,0.338672,0.258152,0.979416
296993,2829222656,20865235,2026-10-06T05:17:51.075094+00:00,216891096482104,-161,-251,178,1436,1078,4074,-5.635,-8.785,6.23,0.350384,0.263032,0.994056
296994,2829232421,20875000,2026-10-06T05:17:51.075254+00:00,216891096641778,-120,-214,157,1428,1125,3833,-4.2,-7.49,5.495,0.348432,0.2745,0.935252
296995,2829242187,20884766,2026-10-06T05:17:51.118997+00:00,216891140404632,-123,-242,172,1493,1193,3784,-4.305,-8.47,6.02,0.364292,0.291092,0.923296
296996,2829251953,20894532,2026-10-06T05:17:51.119513+00:00,216891140917382,-145,-270,175,1597,1254,3862,-5.075,-9.45,6.125,0.389668,0.305976,0.942328
296997,2829262695,20905274,2026-10-06T05:17:51.120309+00:00,216891141710318,-183,-273,184,1477,1141,3862,-6.405,-9.555,6.44,0.360388,0.278404,0.942328
296998,2829272460,20915039,2026-10-06T05:17:51.120723+00:00,216891142122042,-194,-305,203,1474,1141,3865,-6.79,-10.675,7.105,0.359656,0.278404,0.94306
296999,2829282226,20924805,2026-10-06T05:17:51.163192+00:00,216891184584504,-209,-335,219,1622,1105,4007,-7.315,-11.725,7.665,0.395768,0.26962,0.977708
297000,2829287109,20929688,2026-10-06T05:17:51.163361+00:00,216891184748296,-175,-301,194,1633,981,3909,-6.125,-10.535,6.79,0.398452,0.239364,0.953796
297001,2829297851,20940430,2026-10-06T05:17:51.164935+00:00,216891186323397,-113,-255,195,1490,1266,3915,-3.955,-8.925,6.825,0.36356,0.308904,0.95526
297002,2829307617,20950196,2026-10-06T05:17:51.165103+00:00,216891186490638,-95,-279,189,1497,1319,3552,-3.325,-9.765,6.615,0.365268,0.321836,0.866688
297003,2829317382,20959961,2026-10-06T05:17:51.165272+00:00,216891186658242,-169,-328,218,1699,1090,3945,-5.915,-11.48,7.63,0.414556,0.26596,0.96258
297004,2829327148,20969727,2026-10-06T05:17:51.208098+00:00,216891229492657,-190,-255,204,1367,995,3914,-6.65,-8.925,7.14,0.333548,0.24278,0.955016
297005,2829337890,20980469,2026-10-06T05:17:51.208231+00:00,216891229617054,-165,-285,214,1148,1176,3830,-5.775,-9.975,7.49,0.280112,0.286944,0.93452
297006,2829347656,20990235,2026-10-06T05:17:51.209902+00:00,216891231290750,-185,-327,215,1584,1069,3782,-6.475,-11.445,7.525,0.386496,0.260836,0.922808
297007,2829357421,21000000,2026-10-06T05:17:51.210095+00:00,216891231482327,-199,-321,246,1574,1118,3737,-6.965,-11.235,8.61,0.384056,0.272792,0.911828
297008,2829367187,21009766,2026-10-06T05:17:51.210286+00:00,216891231672307,-228,-332,251,1577,1106,3693,-7.98,-11.62,8.785,0.384788,0.269864,0.901092
297009,2829376953,21019532,2026-10-06T05:17:51.253156+00:00,216891274550522,-255,-328,263,1544,1139,3750,-8.925,-11.48,9.205,0.376736,0.277916,0.915
297010,2829382812,21025391,2026-10-06T05:17:51.253300+00:00,216891274687561,-274,-335,269,1430,1184,3773,-9.59,-11.725,9.415,0.34892,0.288896,0.920612
297011,2829392578,21035157,2026-10-06T05:17:51.254938+00:00,216891276326495,-310,-345,261,1462,1007,3796,-10.85,-12.075,9.135,0.356728,0.245708,0.926224
297012,2829402343,21044922,2026-10-06T05:17:51.255123+00:00,216891276511744,-313,-348,274,1422,980,3887,-10.955,-12.18,9.59,0.346968,0.23912,0.948428
297013,2829412109,21054688,2026-10-06T05:17:51.255437+00:00,216891276824333,-308,-348,276,1408,1068,3744,-10.78,-12.18,9.66,0.343552,0.260592,0.913536
297014,2829422851,21065430,2026-10-06T05:17:51.298154+00:00,216891319545637,-350,-383,297,1643,1026,3847,-12.25,-13.405,10.395,0.400892,0.250344,0.938668
297015,2829432617,21075196,2026-10-06T05:17:51.298270+00:00,216891319657689,-358,-368,289,1639,982,3806,-12.53,-12.88,10.115,0.399916,0.239608,0.928664
297016,2829442382,21084961,2026-10-06T05:17:51.299964+00:00,216891321352712,-355,-362,275,1656,937,3876,-12.425,-12.67,9.625,0.404064,0.228628,0.945744
297017,2829452148,21094727,2026-10-06T05:17:51.300195+00:00,216891321582757,-332,-340,254,1585,951,3897,-11.62,-11.9,8.89,0.38674,0.232044,0.950868
297018,2829462890,21105469,2026-10-06T05:17:51.343229+00:00,216891364626443,-309,-322,242,1538,939,3839,-10.815,-11.27,8.47,0.375272,0.229116,0.936716
297019,2829472656,21115235,2026-10-06T05:17:51.343356+00:00,216891364745665,-295,-335,244,1670,987,3824,-10.325,-11.725,8.54,0.40748,0.240828,0.933056
297020,2829482421,21125000,2026-10-06T05:17:51.346104+00:00,216891367493602,-283,-331,235,1770,926,3863,-9.905,-11.585,8.225,0.43188,0.225944,0.942572
297021,2829487304,21129883,2026-10-06T05:17:51.346414+00:00,216891367803203,-253,-305,221,1664,948,3755,-8.855,-10.675,7.735,0.406016,0.231312,0.91622
297022,2829497070,21139649,2026-10-06T05:17:51.346660+00:00,216891368048599,-235,-319,216,1666,983,3817,-8.225,-11.165,7.56,0.406504,0.239852,0.931348
297023,2829507812,21150391,2026-10-06T05:17:51.388163+00:00,216891409559445,-216,-324,203,1503,944,3901,-7.56,-11.34,7.105,0.366732,0.230336,0.951844
297024,2829517578,21160157,2026-10-06T05:17:51.388274+00:00,216891409661016,-188,-330,190,1457,880,3777,-6.58,-11.55,6.65,0.355508,0.21472,0.921588
297025,2829527343,21169922,2026-10-06T05:17:51.389972+00:00,216891411360329,-177,-368,208,1533,999,3855,-6.195,-12.88,7.28,0.374052,0.243756,0.94062
297026,2829537109,21179688,2026-10-06T05:17:51.390165+00:00,216891411553677,-185,-390,214,1651,945,3770,-6.475,-13.65,7.49,0.402844,0.23058,0.91988
297027,2829547851,21190430,2026-10-06T05:17:51.390350+00:00,216891411738343,-184,-405,218,1798,907,3874,-6.44,-14.175,7.63,0.438712,0.221308,0.945256
297028,2829557617,21200196,2026-10-06T05:17:51.433133+00:00,216891454529838,-168,-378,214,1734,822,3865,-5.88,-13.23,7.49,0.423096,0.200568,0.94306
297029,2829567382,21209961,2026-10-06T05:17:51.433238+00:00,216891454625236,-130,-346,192,1579,845,3949,-4.55,-12.11,6.72,0.385276,0.20618,0.963556
297030,2829577148,21219727,2026-10-06T05:17:51.436322+00:00,216891457717103,-93,-323,188,1440,925,3861,-3.255,-11.305,6.58,0.35136,0.2257,0.942084
297031,2829587890,21230469,2026-10-06T05:17:51.436535+00:00,216891457922810,-95,-354,218,1530,921,3754,-3.325,-12.39,7.63,0.37332,0.224724,0.915976
297032,2829592773,21235352,2026-10-06T05:17:51.436770+00:00,216891458157943,-95,-387,255,1397,1042,3918,-3.325,-13.545,8.925,0.340868,0.254248,0.955992
297033,2829602539,21245118,2026-10-06T05:17:51.479445+00:00,216891500841128,-101,-409,267,1508,785,3767,-3.535,-14.315,9.345,0.367952,0.19154,0.919148
297034,2829612304,21254883,2026-10-06T05:17:51.523176+00:00,216891544571657,-81,-471,319,2074,825,3771,-2.835,-16.485,11.165,0.506056,0.2013,0.920124
297035,2829622070,21264649,2026-10-06T05:17:51.523313+00:00,216891544699405,-60,-434,309,1709,930,3997,-2.1,-15.19,10.815,0.416996,0.22692,0.975268
297036,2829632812,21275391,2026-10-06T05:17:51.524936+00:00,216891546324470,-41,-392,263,1310,672,3922,-1.435,-13.72,9.205,0.31964,0.163968,0.956968
297037,2829642578,21285157,2026-10-06T05:17:51.525175+00:00,216891546563524,3,-435,301,1413,979,3892,0.105,-15.225,10.535,0.344772,0.238876,0.949648
297038,2829652343,21294922,2026-10-06T05:17:51.525282+00:00,216891546670173,-28,-475,335,1656,878,3816,-0.98,-16.625,11.725,0.404064,0.214232,0.931104
297039,2829662109,21304688,2026-10-06T05:17:51.526925+00:00,216891548312796,-11,-500,334,1897,778,3830,-0.385,-17.5,11.69,0.462868,0.189832,0.93452
297040,2829672851,21315430,2026-10-06T05:17:51.527124+00:00,216891548512831,18,-500,324,1755,756,3668,0.63,-17.5,11.34,0.42822,0.184464,0.894992
297041,2829677734,21320313,2026-10-06T05:17:51.527392+00:00,216891548780104,63,-534,302,2029,731,3954,2.205,-18.69,10.57,0.495076,0.178364,0.964776
297042,2829687500,21330079,2026-10-06T05:17:51.615840+00:00,216891637246757,81,-484,278,1707,814,3823,2.835,-16.94,9.73,0.416508,0.198616,0.932812
297043,2829697265,21339844,2026-10-06T05:17:51.616017+00:00,216891637404935,80,-508,262,1932,677,3798,2.8,-17.78,9.17,0.471408,0.165188,0.926712
297044,2829707031,21349610,2026-10-06T05:17:51.616328+00:00,216891637717392,114,-511,251,1942,740,3789,3.99,-17.885,8.785,0.473848,0.18056,0.924516
297045,2829717773,21360352,2026-10-06T05:17:51.616501+00:00,216891637902495,135,-527,227,1964,727,3721,4.725,-18.445,7.945,0.479216,0.177388,0.907924
297046,2829727539,21370118,2026-10-06T05:17:51.618223+00:00,216891639618786,159,-560,215,1893,739,3769,5.565,-19.6,7.525,0.461892,0.180316,0.919636
297047,2829737304,21379883,2026-10-06T05:17:51.618354+00:00,216891639741615,186,-590,200,1752,834,3784,6.51,-20.65,7.0,0.427488,0.203496,0.923296
297048,2829747070,21389649,2026-10-06T05:17:51.618501+00:00,216891639890280,170,-646,209,1681,844,3799,5.95,-22.61,7.315,0.410164,0.205936,0.926956
297049,2829757812,21400391,2026-10-06T05:17:51.618689+00:00,216891640076927,140,-721,230,1774,729,3753,4.9,-25.235,8.05,0.432856,0.177876,0.915732
297050,2829767578,21410157,2026-10-06T05:17:51.619832+00:00,216891641223551,174,-800,225,1933,740,3747,6.09,-28.0,7.875,0.471652,0.18056,0.914268
297051,2829777343,21419922,2026-10-06T05:17:51.658250+00:00,216891679645120,208,-873,212,1846,810,3819,7.28,-30.555,7.42,0.450424,0.19764,0.931836
297052,2829787109,21429688,2026-10-06T05:17:51.703345+00:00,216891724742507,222,-954,203,1756,795,3740,7.77,-33.39,7.105,0.428464,0.19398,0.91256
297053,2829791992,21434571,2026-10-06T05:17:51.703509+00:00,216891724896036,217,-1088,236,1908,421,3239,7.595,-38.08,8.26,0.465552,0.102724,0.790316
297054,2829802734,21445313,2026-10-06T05:17:51.706128+00:00,216891727518851,270,-1317,310,2017,506,3464,9.45,-46.095,10.85,0.492148,0.123464,0.845216
297055,2829812500,21455079,2026-10-06T05:17:51.706419+00:00,216891727808246,317,-1524,338,1919,707,3633,11.095,-53.34,11.83,0.468236,0.172508,0.886452
297056,2829822265,21464844,2026-10-06T05:17:51.706545+00:00,216891727932900,403,-1657,271,1795,1459,4697,14.105,-57.995,9.485,0.43798,0.355996,1.146068
297057,2829832031,21474610,2026-10-06T05:17:51.706732+00:00,216891728119678,394,-1668,178,921,1598,3936,13.79,-58.38,6.23,0.224724,0.389912,0.960384
297058,2829842773,21485352,2026-10-06T05:17:51.709031+00:00,216891730418503,332,-1980,241,1356,1143,3770,11.62,-69.3,8.435,0.330864,0.278892,0.91988
297059,2829852539,21495118,2026-10-06T05:17:51.709143+00:00,216891730530515,367,-2340,372,1874,947,3585,12.845,-81.9,13.02,0.457256,0.231068,0.87474
297060,2829862304,21504883,2026-10-06T05:17:51.748275+00:00,216891769669401,421,-2572,394,1556,1014,4300,14.735,-90.02,13.79,0.379664,0.247416,1.0492
297061,2829872070,21514649,2026-10-06T05:17:51.748408+00:00,216891769794029,355,-2757,371,1850,1160,4226,12.425,-96.495,12.985,0.4514,0.28304,1.031144
297062,2829882812,21525391,2026-10-06T05:17:51.751586+00:00,216891772988215,287,-2938,322,1947,1065,3572,10.045,-102.83,11.27,0.475068,0.25986,0.871568
297063,2829887695,21530274,2026-10-06T05:17:51.751912+00:00,216891773302246,236,-3261,254,1856,838,3876,8.26,-114.135,8.89,0.452864,0.204472,0.945744
297064,2829897460,21540039,2026-10-06T05:17:51.752560+00:00,216891773951550,162,-3569,261,2150,155,3720,5.67,-124.915,9.135,0.5246,0.03782,0.90768
297065,2829907226,21549805,2026-10-06T05:17:51.752987+00:00,216891774375740,261,-3836,321,2323,560,3579,9.135,-134.26,11.235,0.566812,0.13664,0.873276
297066,2829916992,21559571,2026-10-06T05:17:51.794326+00:00,216891815720597,251,-4141,355,2101,1065,3803,8.785,-144.935,12.425,0.512644,0.25986,0.927932
297067,2829927734,21570313,2026-10-06T05:17:51.794501+00:00,216891815888839,126,-4490,371,1969,842,3477,4.41,-157.15,12.985,0.480436,0.205448,0.848388
297068,2829937500,21580079,2026-10-06T05:17:51.794729+00:00,216891816116298,88,-4903,430,2308,521,3403,3.08,-171.605,15.05,0.563152,0.127124,0.830332
297069,2829947265,21589844,2026-10-06T05:17:51.797090+00:00,216891818478152,135,-5214,489,2304,740,3342,4.725,-182.49,17.115,0.562176,0.18056,0.815448
297070,2829957031,21599610,2026-10-06T05:17:51.838162+00:00,216891859556836,131,-5517,549,2326,669,3186,4.585,-193.095,19.215,0.567544,0.163236,0.777384
297071,2829967773,21610352,2026-10-06T05:17:51.838295+00:00,216891859682460,208,-5812,603,2465,969,3090,7.28,-203.42,21.105,0.60146,0.236436,0.75396
297072,2829977539,21620118,2026-10-06T05:17:51.839944+00:00,216891861332696,200,-6071,643,2715,945,3325,7.0,-212.485,22.505,0.66246,0.23058,0.8113
297073,2829982421,21625000,2026-10-06T05:17:51.840043+00:00,216891861430777,185,-6280,676,2950,677,3112,6.475,-219.8,23.66,0.7198,0.165188,0.759328
297074,2829992187,21634766,2026-10-06T05:17:51.840194+00:00,216891861579855,367,-6450,673,3404,624,3077,12.845,-225.75,23.555,0.830576,0.152256,0.750788
297075,2830001953,21644532,2026-10-06T05:17:51.883251+00:00,216891904643415,595,-6577,670,3753,568,3101,20.825,-230.195,23.45,0.915732,0.138592,0.756644
297076,2830012695,21655274,2026-10-06T05:17:51.883362+00:00,216891904749436,939,-6713,630,4299,452,3057,32.865,-234.955,22.05,1.048956,0.110288,0.745908
297077,2830022460,21665039,2026-10-06T05:17:51.928231+00:00,216891949623987,1432,-6807,581,4653,643,3332,50.12,-238.245,20.335,1.135332,0.156892,0.813008
297078,2830032226,21674805,2026-10-06T05:17:51.928359+00:00,216891949746629,1821,-6876,631,4524,797,3419,63.735,-240.66,22.085,1.103856,0.194468,0.834236
297079,2830041992,21684571,2026-10-06T05:17:51.931014+00:00,216891952401164,2154,-6951,725,4639,1045,3631,75.39,-243.285,25.375,1.131916,0.25498,0.885964
297080,2830052734,21695313,2026-10-06T05:17:51.931161+00:00,216891952549126,2310,-7017,903,4542,1335,3363,80.85,-245.595,31.605,1.108248,0.32574,0.820572
297081,2830062500,21705079,2026-10-06T05:17:51.931315+00:00,216891952702041,2368,-7123,1137,4658,1401,3474,82.88,-249.305,39.795,1.136552,0.341844,0.847656
297082,2830072265,21714844,2026-10-06T05:17:51.931440+00:00,216891952825933,2474,-7167,1372,4690,1620,3564,86.59,-250.845,48.02,1.14436,0.39528,0.869616
297083,2830082031,21724610,2026-10-06T05:17:51.932012+00:00,216891953399183,2529,-7122,1596,4614,1615,3438,88.515,-249.27,55.86,1.125816,0.39406,0.838872
297084,2830087890,21730469,2026-10-06T05:17:51.932223+00:00,216891953609564,2607,-7038,1796,4192,1676,2893,91.245,-246.33,62.86,1.022848,0.408944,0.705892
297085,2830097656,21740235,2026-10-06T05:17:51.974008+00:00,216891995396571,2730,-7050,1943,4470,1439,2874,95.55,-246.75,68.005,1.09068,0.351116,0.701256
297086,2830107421,21750000,2026-10-06T05:17:51.974069+00:00,216891995454652,3082,-6880,1991,4475,1031,2315,107.87,-240.8,69.685,1.0919,0.251564,0.56486
297087,2830117187,21759766,2026-10-06T05:17:51.974953+00:00,216891996339895,3495,-6747,2095,3896,1375,1221,122.325,-236.145,73.325,0.950624,0.3355,0.297924
297088,2830126953,21769532,2026-10-06T05:17:51.975080+00:00,216891996466856,3567,-6774,2295,4693,1280,1398,124.845,-237.09,80.325,1.145092,0.31232,0.341112
297089,2830137695,21780274,2026-10-06T05:17:52.018277+00:00,216892039674166,3824,-6474,2281,5615,1065,2048,133.84,-226.59,79.835,1.37006,0.25986,0.499712
297090,2830147460,21790039,2026-10-06T05:17:52.018431+00:00,216892039818599,4220,-5878,2131,5448,1453,1876,147.7,-205.73,74.585,1.329312,0.354532,0.457744
297091,2830157226,21799805,2026-10-06T05:17:52.021105+00:00,216892042493684,4235,-5248,2151,5075,1567,1857,148.225,-183.68,75.285,1.2383,0.382348,0.453108
297092,2830166992,21809571,2026-10-06T05:17:52.021276+00:00,216892042664381,3860,-4576,2396,4444,1824,2067,135.1,-160.16,83.86,1.084336,0.445056,0.504348
297093,2830172851,21815430,2026-10-06T05:17:52.021438+00:00,216892042826077,3074,-3921,2687,3766,3319,2362,107.59,-137.235,94.045,0.918904,0.809836,0.576328
297094,2830182617,21825196,2026-10-06T05:17:52.064150+00:00,216892085544107,1965,-3035,2209,9836,4862,6596,68.775,-106.225,77.315,2.399984,1.186328,1.609424
297095,2830192382,21834961,2026-10-06T05:17:52.064270+00:00,216892085657379,860,-460,1267,5124,5240,5631,30.1,-16.1,44.345,1.250256,1.27856,1.373964
297096,2830202148,21844727,2026-10-06T05:17:52.064446+00:00,216892085834520,-311,1397,374,4715,3474,4679,-10.885,48.895,13.09,1.15046,0.847656,1.141676
297097,2830212890,21855469,2026-10-06T05:17:52.064589+00:00,216892085976806,-1096,2866,-284,4415,2564,3275,-38.36,100.31,-9.94,1.07726,0.625616,0.7991
297098,2830222656,21865235,2026-10-06T05:17:52.065944+00:00,216892087332253,-1411,3899,-679,3340,1589,2935,-49.385,136.465,-23.765,0.81496,0.387716,0.71614
297099,2830232421,21875000,2026-10-06T05:17:52.108126+00:00,216892129520067,-1539,4690,-846,2396,631,2074,-53.865,164.15,-29.61,0.584624,0.153964,0.506056
297100,2830242187,21884766,2026-10-06T05:17:52.108296+00:00,216892129682330,-1373,5115,-869,2080,30,1600,-48.055,179.025,-30.415,0.50752,0.00732,0.3904
297101,2830251953,21894532,2026-10-06T05:17:52.109956+00:00,216892131345711,-1044,5326,-798,1574,-130,1122,-36.54,186.41,-27.93,0.384056,-0.03172,0.273768
297102,2830262695,21905274,2026-10-06T05:17:52.110107+00:00,216892131494657,-760,5250,-643,653,-182,403,-26.6,183.75,-22.505,0.159332,-0.044408,0.098332
297103,2830272460,21915039,2026-10-06T05:17:52.153298+00:00,216892174690636,-581,4805,-403,9,-158,-111,-20.335,168.175,-14.105,0.002196,-0.038552,-0.027084
297104,2830282226,21924805,2026-10-06T05:17:52.153522+00:00,216892174920813,-460,4159,-194,23,-158,-116,-16.1,145.565,-6.79,0.005612,-0.038552,-0.028304
297105,2830287109,21929688,2026-10-06T05:17:52.155983+00:00,216892177372069,-320,3506,-141,612,64,332,-11.2,122.71,-4.935,0.149328,0.015616,0.081008
297106,2830297851,21940430,2026-10-06T05:17:52.156175+00:00,216892177564040,-202,3072,-270,1494,483,1082,-7.07,107.52,-9.45,0.364536,0.117852,0.264008
297107,2830307617,21950196,2026-10-06T05:17:52.156307+00:00,216892177693957,-150,2962,-525,2690,914,2141,-5.25,103.67,-18.375,0.65636,0.223016,0.522404
297108,2830317382,21959961,2026-10-06T05:17:52.199261+00:00,216892220654894,-208,3262,-847,3674,1373,2969,-7.28,114.17,-29.645,0.896456,0.335012,0.724436
297109,2830327148,21969727,2026-10-06T05:17:52.199381+00:00,216892220769610,-473,3879,-1162,4449,1577,3640,-16.555,135.765,-40.67,1.085556,0.384788,0.88816
297110,2830337890,21980469,2026-10-06T05:17:52.199572+00:00,216892220958510,-808,4735,-1437,4740,1285,3813,-28.28,165.725,-50.295,1.15656,0.31354,0.930372
297111,2830347656,21990235,2026-10-06T05:17:52.199780+00:00,216892221167768,-1030,5642,-1658,4640,903,3619,-36.05,197.47,-58.03,1.13216,0.220332,0.883036
297112,2830357421,22000000,2026-10-06T05:17:52.203424+00:00,216892224826443,-1135,6442,-1785,4121,410,3109,-39.725,225.47,-62.475,1.005524,0.10004,0.758596
297113,2830367187,22009766,2026-10-06T05:17:52.244314+00:00,216892265736321,-1089,6988,-1795,3353,21,2403,-38.115,244.58,-62.825,0.818132,0.005124,0.586332
297114,2830376953,22019532,2026-10-06T05:17:52.245099+00:00,216892266514841,-914,7193,-1698,2767,-131,1886,-31.99,251.755,-59.43,0.675148,-0.031964,0.460184
297115,2830382812,22025391,2026-10-06T05:17:52.246263+00:00,216892267678637,-721,7134,-1536,2394,-74,1549,-25.235,249.69,-53.76,0.584136,-0.018056,0.377956
297116,2830392578,22035157,2026-10-06T05:17:52.247087+00:00,216892268502593,-558,6905,-1358,2205,109,1544,-19.53,241.675,-47.53,0.53802,0.026596,0.376736
297117,2830402343,22044922,2026-10-06T05:17:52.247769+00:00,216892269183598,-426,6630,-1225,2347,358,1945,-14.91,232.05,-42.875,0.572668,0.087352,0.47458
297118,2830412109,22054688,2026-10-06T05:17:52.289387+00:00,216892310785182,-303,6455,-1200,2714,605,2559,-10.605,225.925,-42.0,0.662216,0.14762,0.624396
297119,2830422851,22065430,2026-10-06T05:17:52.289654+00:00,216892311047287,-198,6455,-1293,2949,887,3046,-6.93,225.925,-45.255,0.719556,0.216428,0.743224
297120,2830432617,22075196,2026-10-06T05:17:52.289998+00:00,216892311390336,-152,6568,-1473,2927,1102,3300,-5.32,229.88,-51.555,0.714188,0.268888,0.8052
297121,2830442382,22084961,2026-10-06T05:17:52.292125+00:00,216892313518974,-139,6684,-1705,2706,1184,3323,-4.865,233.94,-59.675,0.660264,0.288896,0.810812
297122,2830452148,22094727,2026-10-06T05:17:52.334759+00:00,216892356163694,-125,6730,-1956,2532,1204,3305,-4.375,235.55,-68.46,0.617808,0.293776,0.80642
297123,2830462890,22105469,2026-10-06T05:17:52.335528+00:00,216892356922928,-79,6705,-2218,2504,1177,3391,-2.765,234.675,-77.63,0.610976,0.287188,0.827404
297124,2830472656,22115235,2026-10-06T05:17:52.336026+00:00,216892357420954,0,6643,-2477,2680,1290,3680,0.0,232.505,-86.695,0.65392,0.31476,0.89792
297125,2830482421,22125000,2026-10-06T05:17:52.336568+00:00,216892357963880,15,6601,-2707,2977,1506,4023,0.525,231.035,-94.745,0.726388,0.367464,0.981612
297126,2830487304,22129883,2026-10-06T05:17:52.337707+00:00,216892359105915,-88,6594,-2888,3294,1638,4351,-3.08,230.79,-101.08,0.803736,0.399672,1.061644
297127,2830497070,22139649,2026-10-06T05:17:52.379129+00:00,216892400526072,-236,6628,-3035,3754,1697,4734,-8.26,231.98,-106.225,0.915976,0.414068,1.155096
297128,2830507812,22150391,2026-10-06T05:17:52.379362+00:00,216892400751226,-362,6730,-3166,4203,1720,5021,-12.67,235.55,-110.81,1.025532,0.41968,1.225124
297129,2830517578,22160157,2026-10-06T05:17:52.423245+00:00,216892444639551,-451,6866,-3271,4473,1696,5135,-15.785,240.31,-114.485,1.091412,0.413824,1.25294
297130,2830527343,22169922,2026-10-06T05:17:52.423506+00:00,216892444896233,-478,6961,-3360,4606,1667,5098,-16.73,243.635,-117.6,1.123864,0.406748,1.243912
297131,2830537109,22179688,2026-10-06T05:17:52.426137+00:00,216892447525970,-435,6961,-3430,4716,1681,4963,-15.225,243.635,-120.05,1.150704,0.410164,1.210972
297132,2830547851,22190430,2026-10-06T05:17:52.426393+00:00,216892447781810,-340,6849,-3480,5004,1808,4934,-11.9,239.715,-121.8,1.220976,0.441152,1.203896
297133,2830557617,22200196,2026-10-06T05:17:52.426749+00:00,216892448138064,-251,6686,-3540,5631,1977,5057,-8.785,234.01,-123.9,1.373964,0.482388,1.233908
297134,2830567382,22209961,2026-10-06T05:17:52.426997+00:00,216892448389160,-231,6553,-3627,6428,1947,5139,-8.085,229.355,-126.945,1.568432,0.475068,1.253916
297135,2830577148,22219727,2026-10-06T05:17:52.428069+00:00,216892449459368,-251,6494,-3720,7091,1592,4871,-8.785,227.29,-130.2,1.730204,0.388448,1.188524
297136,2830587890,22230469,2026-10-06T05:17:52.471379+00:00,216892492815893,-253,6436,-3769,7316,1170,4109,-8.855,225.26,-131.915,1.785104,0.28548,1.002596
297137,2830592773,22235352,2026-10-06T05:17:52.474202+00:00,216892495628905,-295,6192,-3678,7229,949,2730,-10.325,216.72,-128.73,1.763876,0.231556,0.66612
297138,2830602539,22245118,2026-10-06T05:17:52.476992+00:00,216892498409915,-432,5628,-3387,6966,285,1630,-15.12,196.98,-118.545,1.699704,0.06954,0.39772
297139,2830612304,22254883,2026-10-06T05:17:52.478074+00:00,216892499496650,-370,4954,-2954,7116,-137,741,-12.95,173.39,-103.39,1.736304,-0.033428,0.180804
297140,2830622070,22264649,2026-10-06T05:17:52.479334+00:00,216892500748118,-180,4173,-2418,6953,-191,-84,-6.3,146.055,-84.63,1.696532,-0.046604,-0.020496
297141,2830632812,22275391,2026-10-06T05:17:52.513833+00:00,216892535247343,12,3368,-1864,7092,-829,-823,0.42,117.88,-65.24,1.730448,-0.202276,-0.200812
297142,2830642578,22285157,2026-10-06T05:17:52.514458+00:00,216892535859036,380,2578,-1360,7848,-818,-1578,13.3,90.23,-47.6,1.914912,-0.199592,-0.385032
297143,2830652343,22294922,2026-10-06T05:17:52.516690+00:00,216892538091381,620,1832,-800,8166,-169,-2725,21.7,64.12,-28.0,1.992504,-0.041236,-0.6649
297144,2830662109,22304688,2026-10-06T05:17:52.518674+00:00,216892540086261,421,895,-223,7883,166,-4277,14.735,31.325,-7.805,1.923452,0.040504,-1.043588
297145,2830672851,22315430,2026-10-06T05:17:52.519000+00:00,216892540405559,-261,-716,362,7986,800,-6349,-9.135,-25.06,12.67,1.948584,0.1952,-1.549156
297146,2830677734,22320313,2026-10-06T05:17:52.558609+00:00,216892580034083,-1415,-2592,809,2447,-1941,-3367,-49.525,-90.72,28.315,0.597068,-0.473604,-0.821548
297147,2830687500,22330079,2026-10-06T05:17:52.559079+00:00,216892580474877,-668,-3488,860,1632,-180,5799,-23.38,-122.08,30.1,0.398208,-0.04392,1.414956
297148,2830697265,22339844,2026-10-06T05:17:52.561303+00:00,216892582700352,-463,-3392,963,-1702,869,11786,-16.205,-118.72,33.705,-0.415288,0.212036,2.875784
297149,2830707031,22349610,2026-10-06T05:17:52.561653+00:00,216892583045743,-399,-2964,1115,-2660,252,6411,-13.965,-103.74,39.025,-0.64904,0.061488,1.564284
297150,2830717773,22360352,2026-10-06T05:17:52.562024+00:00,216892583418187,-209,-3625,1378,-851,-1026,1717,-7.315,-126.875,48.23,-0.207644,-0.250344,0.418948
297151,2830727539,22370118,2026-10-06T05:17:52.605150+00:00,216892626557983,415,-4529,1338,3422,-94,3028,14.525,-158.515,46.83,0.834968,-0.022936,0.738832
297152,2830737304,22379883,2026-10-06T05:17:52.605967+00:00,216892627366331,775,-4389,970,5424,1098,5877,27.125,-153.615,33.95,1.323456,0.267912,1.433988
297153,2830747070,22389649,2026-10-06T05:17:52.606393+00:00,216892627788187,972,-3372,422,3606,1209,6514,34.02,-118.02,14.77,0.879864,0.294996,1.589416
297154,2830757812,22400391,2026-10-06T05:17:52.607244+00:00,216892628637139,1150,-2640,79,1063,1666,5300,40.25,-92.4,2.765,0.259372,0.406504,1.2932
297155,2830767578,22410157,2026-10-06T05:17:52.648430+00:00,216892669833589,1018,-2624,150,1682,1930,4314,35.63,-91.84,5.25,0.410408,0.47092,1.052616
297156,2830777343,22419922,2026-10-06T05:17:52.648802+00:00,216892670193532,824,-2623,201,3601,2386,4655,28.84,-91.805,7.035,0.878644,0.582184,1.13582
297157,2830787109,22429688,2026-10-06T05:17:52.651764+00:00,216892673168222,635,-2119,38,3846,2508,5542,22.225,-74.165,1.33,0.938424,0.611952,1.352248
297158,2830791992,22434571,2026-10-06T05:17:52.652690+00:00,216892674095778,210,-1395,48,3966,2473,5850,7.35,-48.825,1.68,0.967704,0.603412,1.4274
297159,2830802734,22445313,2026-10-06T05:17:52.653384+00:00,216892674780216,-56,-655,63,1694,1484,3722,-1.96,-22.925,2.205,0.413336,0.362096,0.908168
297160,2830812500,22455079,2026-10-06T05:17:52.695454+00:00,216892716876263,29,-601,67,1119,1813,4314,1.015,-21.035,2.345,0.273036,0.442372,1.052616
297161,2830822265,22464844,2026-10-06T05:17:52.696490+00:00,216892717907922,-110,-526,61,1820,1481,4444,-3.85,-18.41,2.135,0.44408,0.361364,1.084336
297162,2830832031,22474610,2026-10-06T05:17:52.698055+00:00,216892719468666,-147,-352,79,1656,856,3906,-5.145,-12.32,2.765,0.404064,0.208864,0.953064
297163,2830842773,22485352,2026-10-06T05:17:52.699136+00:00,216892720554146,-75,-266,122,1468,867,3810,-2.625,-9.31,4.27,0.358192,0.211548,0.92964
297164,2830852539,22495118,2026-10-06T05:17:52.700004+00:00,216892721423423,5,-207,127,1631,1100,3916,0.175,-7.245,4.445,0.397964,0.2684,0.955504
297165,2830862304,22504883,2026-10-06T05:17:52.741011+00:00,216892762442812,36,-133,97,1191,1075,3836,1.26,-4.655,3.395,0.290604,0.2623,0.935984
297166,2830872070,22514649,2026-10-06T05:17:52.743421+00:00,216892764843887,54,-135,75,908,1000,3936,1.89,-4.725,2.625,0.221552,0.244,0.960384
297167,2830882812,22525391,2026-10-06T05:17:52.744707+00:00,216892766123566,84,-177,73,976,1002,3929,2.94,-6.195,2.555,0.238144,0.244488,0.958676
297168,2830887695,22530274,2026-10-06T05:17:52.745756+00:00,216892767175645,117,-212,62,1153,1010,3723,4.095,-7.42,2.17,0.281332,0.24644,0.908412
297169,2830897460,22540039,2026-10-06T05:17:52.746710+00:00,216892768129729,111,-247,71,1040,1117,3580,3.885,-8.645,2.485,0.25376,0.272548,0.87352
297170,2830907226,22549805,2026-10-06T05:17:52.784350+00:00,216892805776982,67,-344,116,1077,1398,3591,2.345,-12.04,4.06,0.262788,0.341112,0.876204
297171,2830916992,22559571,2026-10-06T05:17:52.786188+00:00,216892807602112,-30,-413,155,1257,1580,3979,-1.05,-14.455,5.425,0.306708,0.38552,0.970876
297172,2830927734,22570313,2026-10-06T05:17:52.791035+00:00,216892812457914,-121,-379,165,1209,1363,3888,-4.235,-13.265,5.775,0.294996,0.332572,0.948672
297173,2830937500,22580079,2026-10-06T05:17:52.792133+00:00,216892813549461,-159,-358,188,1163,1251,3878,-5.565,-12.53,6.58,0.283772,0.305244,0.946232
297174,2830947265,22589844,2026-10-06T05:17:52.829357+00:00,216892850777825,-186,-368,220,1235,1209,3890,-6.51,-12.88,7.7,0.30134,0.294996,0.94916
297175,2830957031,22599610,2026-10-06T05:17:52.830326+00:00,216892851735760,-204,-370,236,1467,1184,3993,-7.14,-12.95,8.26,0.357948,0.288896,0.974292
297176,2830967773,22610352,2026-10-06T05:17:52.832112+00:00,216892853525308,-212,-327,223,1545,1051,4012,-7.42,-11.445,7.805,0.37698,0.256444,0.978928
297177,2830977539,22620118,2026-10-06T05:17:52.833179+00:00,216892854587686,-188,-278,206,1445,1048,4146,-6.58,-9.73,7.21,0.35258,0.255712,1.011624
297178,2830982421,22625000,2026-10-06T05:17:52.834848+00:00,216892856269396,-146,-234,173,1335,1032,4070,-5.11,-8.19,6.055,0.32574,0.251808,0.99308
297179,2830992187,22634766,2026-10-06T05:17:52.874733+00:00,216892896159813,-120,-239,162,1515,1052,3990,-4.2,-8.365,5.67,0.36966,0.256688,0.97356
297180,2831001953,22644532,2026-10-06T05:17:52.877887+00:00,216892899315187,-108,-245,140,1601,1100,3998,-3.78,-8.575,4.9,0.390644,0.2684,0.975512
297181,2831012695,22655274,2026-10-06T05:17:52.879854+00:00,216892901272758,-120,-258,137,1786,872,3845,-4.2,-9.03,4.795,0.435784,0.212768,0.93818
297182,2831022460,22665039,2026-10-06T05:17:52.883185+00:00,216892904609798,-62,-235,113,1714,1133,3954,-2.17,-8.225,3.955,0.418216,0.276452,0.964776
297183,2831032226,22674805,2026-10-06T05:17:52.886049+00:00,216892907469451,-57,-203,115,1493,1199,3846,-1.995,-7.105,4.025,0.364292,0.292556,0.938424
297184,2831041992,22684571,2026-10-06T05:17:52.918724+00:00,216892940131776,-56,-232,121,1381,1329,3886,-1.96,-8.12,4.235,0.336964,0.324276,0.948184
297185,2831052734,22695313,2026-10-06T05:17:52.920281+00:00,216892941684693,-122,-251,144,1496,1027,3912,-4.27,-8.785,5.04,0.365024,0.250588,0.954528
297186,2831062500,22705079,2026-10-06T05:17:52.920813+00:00,216892942209639,-136,-249,154,1335,1057,3847,-4.76,-8.715,5.39,0.32574,0.257908,0.938668
297187,2831072265,22714844,2026-10-06T05:17:52.921304+00:00,216892942700677,-163,-297,172,1504,998,3603,-5.705,-10.395,6.02,0.366976,0.243512,0.879132
297188,2831082031,22724610,2026-10-06T05:17:52.964785+00:00,216892986206992,-210,-342,224,1715,1074,3771,-7.35,-11.97,7.84,0.41846,0.262056,0.920124
297189,2831087890,22730469,2026-10-06T05:17:52.965822+00:00,216892987237558,-249,-328,247,1403,1063,3775,-8.715,-11.48,8.645,0.342332,0.259372,0.9211
297190,2831097656,22740235,2026-10-06T05:17:52.966874+00:00,216892988290221,-271,-331,257,1311,1139,3772,-9.485,-11.585,8.995,0.319884,0.277916,0.920368
297191,2831107421,22750000,2026-10-06T05:17:52.968352+00:00,216892989779912,-302,-386,300,1360,1183,3610,-10.57,-13.51,10.5,0.33184,0.288652,0.88084
297192,2831117187,22759766,2026-10-06T05:17:52.971402+00:00,216892992825624,-368,-425,309,1664,1041,3875,-12.88,-14.875,10.815,0.406016,0.254004,0.9455
297193,2831126953,22769532,2026-10-06T05:17:53.009310+00:00,216893030735949,-385,-348,295,1514,845,3836,-13.475,-12.18,10.325,0.369416,0.20618,0.935984
297194,2831137695,22780274,2026-10-06T05:17:53.010393+00:00,216893031810011,-344,-367,328,1475,1150,3799,-12.04,-12.845,11.48,0.3599,0.2806,0.926956
297195,2831147460,22790039,2026-10-06T05:17:53.057568+00:00,216893078995843,-380,-374,306,1762,1047,3802,-13.3,-13.09,10.71,0.429928,0.255468,0.927688
297196,2831157226,22799805,2026-10-06T05:17:53.058488+00:00,216893079901685,-385,-342,280,1728,852,3963,-13.475,-11.97,9.8,0.421632,0.207888,0.966972
297197,2831166992,22809571,2026-10-06T05:17:53.060077+00:00,216893081491192,-328,-297,249,1565,875,3815,-11.48,-10.395,8.715,0.38186,0.2135,0.93086
297198,2831172851,22815430,2026-10-06T05:17:53.061154+00:00,216893082566346,-294,-290,233,1518,963,3940,-10.29,-10.15,8.155,0.370392,0.234972,0.96136
297199,2831182617,22825196,2026-10-06T05:17:53.062153+00:00,216893083565420,-278,-286,217,1487,893,3812,-9.73,-10.01,7.595,0.362828,0.217892,0.930128
297200,2831192382,22834961,2026-10-06T05:17:53.063226+00:00,216893084637588,-274,-304,223,1591,890,3803,-9.59,-10.64,7.805,0.388204,0.21716,0.927932
297201,2831202148,22844727,2026-10-06T05:17:53.064162+00:00,216893085572732,-282,-306,232,1663,952,3827,-9.87,-10.71,8.12,0.405772,0.232288,0.933788
297202,2831212890,22855469,2026-10-06T05:17:53.065162+00:00,216893086575490,-284,-291,226,1573,953,3839,-9.94,-10.185,7.91,0.383812,0.232532,0.936716
297203,2831222656,22865235,2026-10-06T05:17:53.099329+00:00,216893120752724,-276,-290,228,1637,995,3926,-9.66,-10.15,7.98,0.399428,0.24278,0.957944
297204,2831232421,22875000,2026-10-06T05:17:53.100435+00:00,216893121849901,-260,-265,210,1572,842,3844,-9.1,-9.275,7.35,0.383568,0.205448,0.937936
297205,2831242187,22884766,2026-10-06T05:17:53.102357+00:00,216893123782484,-220,-262,199,1559,900,3918,-7.7,-9.17,6.965,0.380396,0.2196,0.955992
297206,2831251953,22894532,2026-10-06T05:17:53.105095+00:00,216893126522809,-180,-258,186,1369,943,3833,-6.3,-9.03,6.51,0.334036,0.230092,0.935252
297207,2831262695,22905274,2026-10-06T05:17:53.145329+00:00,216893166758794,-164,-306,187,1500,932,3815,-5.74,-10.71,6.545,0.366,0.227408,0.93086
297208,2831272460,22915039,2026-10-06T05:17:53.146363+00:00,216893167780771,-179,-349,194,1887,806,3854,-6.265,-12.215,6.79,0.460428,0.196664,0.940376
297209,2831282226,22924805,2026-10-06T05:17:53.147692+00:00,216893169107291,-140,-315,172,1753,844,3935,-4.9,-11.025,6.02,0.427732,0.205936,0.96014
297210,2831287109,22929688,2026-10-06T05:17:53.148929+00:00,216893170344639,-93,-278,131,1563,782,3852,-3.255,-9.73,4.585,0.381372,0.190808,0.939888
297211,2831297851,22940430,2026-10-06T05:17:53.149920+00:00,216893171337046,-64,-289,125,1747,809,3868,-2.24,-10.115,4.375,0.426268,0.197396,0.943792
297212,2831307617,22950196,2026-10-06T05:17:53.191008+00:00,216893212440989,-31,-273,110,1615,878,3865,-1.085,-9.555,3.85,0.39406,0.214232,0.94306
297213,2831317382,22959961,2026-10-06T05:17:53.192576+00:00,216893213995915,-16,-280,105,1629,841,3731,-0.56,-9.8,3.675,0.397476,0.205204,0.910364
297214,2831327148,22969727,2026-10-06T05:17:53.193781+00:00,216893215197561,-15,-304,117,1698,881,3855,-0.525,-10.64,4.095,0.414312,0.214964,0.94062
297215,2831337890,22980469,2026-10-06T05:17:53.194851+00:00,216893216269854,-13,-296,121,1632,812,3835,-0.455,-10.36,4.235,0.398208,0.198128,0.93574
297216,2831347656,22990235,2026-10-06T05:17:53.195895+00:00,216893217310924,6,-288,124,1631,814,3888,0.21,-10.08,4.34,0.397964,0.198616,0.948672
297217,2831357421,23000000,2026-10-06T05:17:53.234685+00:00,216893256110865,26,-275,120,1618,780,3868,0.91,-9.625,4.2,0.394792,0.19032,0.943792
297218,2831367187,23009766,2026-10-06T05:17:53.238701+00:00,216893260125166,53,-270,112,1646,767,3884,1.855,-9.45,3.92,0.401624,0.187148,0.947696
297219,2831376953,23019532,2026-10-06T05:17:53.240704+00:00,216893262127800,87,-275,112,1821,747,3788,3.045,-9.625,3.92,0.444324,0.182268,0.924272
297220,2831382812,23025391,2026-10-06T05:17:53.242002+00:00,216893263420453,122,-280,108,1891,843,3785,4.27,-9.8,3.78,0.461404,0.205692,0.92354
297221,2831392578,23035157,2026-10-06T05:17:53.244063+00:00,216893265484696,122,-250,88,1337,799,3957,4.27,-8.75,3.08,0.326228,0.194956,0.965508
297222,2831402343,23044922,2026-10-06T05:17:53.278579+00:00,216893299980952,131,-259,97,1296,826,3725,4.585,-9.065,3.395,0.316224,0.201544,0.9089
297223,2831412109,23054688,2026-10-06T05:17:53.279045+00:00,216893300442462,108,-328,167,1798,921,3763,3.78,-11.48,5.845,0.438712,0.224724,0.918172
297224,2831422851,23065430,2026-10-06T05:17:53.280282+00:00,216893301677391,105,-306,170,1434,919,3868,3.675,-10.71,5.95,0.349896,0.224236,0.943792
297225,2831432617,23075196,2026-10-06T05:17:53.280706+00:00,216893302101797,117,-334,169,1622,829,3849,4.095,-11.69,5.915,0.395768,0.202276,0.939156
297226,2831442382,23084961,2026-10-06T05:17:53.323468+00:00,216893344871282,123,-357,207,1736,827,3777,4.305,-12.495,7.245,0.423584,0.201788,0.921588
297227,2831452148,23094727,2026-10-06T05:17:53.323806+00:00,216893345201957,122,-383,236,1800,907,3832,4.27,-13.405,8.26,0.4392,0.221308,0.935008
297228,2831462890,23105469,2026-10-06T05:17:53.326293+00:00,216893347688788,146,-377,216,1501,819,3861,5.11,-13.195,7.56,0.366244,0.199836,0.942084
297229,2831472656,23115235,2026-10-06T05:17:53.326681+00:00,216893348075727,148,-420,243,1538,868,3898,5.18,-14.7,8.505,0.375272,0.211792,0.951112
297230,2831482421,23125000,2026-10-06T05:17:53.327099+00:00,216893348494864,151,-469,255,1674,776,3807,5.285,-16.415,8.925,0.408456,0.189344,0.928908
297231,2831487304,23129883,2026-10-06T05:17:53.369891+00:00,216893391300855,189,-528,231,1978,694,3929,6.615,-18.48,8.085,0.482632,0.169336,0.958676
297232,2831497070,23139649,2026-10-06T05:17:53.418471+00:00,216893439904589,210,-534,189,1870,690,3798,7.35,-18.69,6.615,0.45628,0.16836,0.926712
297233,2831507812,23150391,2026-10-06T05:17:53.419270+00:00,216893440678095,220,-564,160,1794,773,3843,7.7,-19.74,5.6,0.437736,0.188612,0.937692
297234,2831517578,23160157,2026-10-06T05:17:53.420168+00:00,216893441577039,225,-614,154,1717,841,3841,7.875,-21.49,5.39,0.418948,0.205204,0.937204
297235,2831527343,23169922,2026-10-06T05:17:53.421927+00:00,216893443335933,223,-662,171,1685,635,3750,7.805,-23.17,5.985,0.41114,0.15494,0.915
297236,2831537109,23179688,2026-10-06T05:17:53.423819+00:00,216893445231873,221,-769,230,1975,544,3256,7.735,-26.915,8.05,0.4819,0.132736,0.794464
297237,2831547851,23190430,2026-10-06T05:17:53.425003+00:00,216893446412950,212,-950,288,2084,392,3352,7.42,-33.25,10.08,0.508496,0.095648,0.817888
297238,2831557617,23200196,2026-10-06T05:17:53.426699+00:00,216893448111414,284,-1122,290,1636,797,4200,9.94,-39.27,10.15,0.399184,0.194468,1.0248
297239,2831567382,23209961,2026-10-06T05:17:53.428039+00:00,216893449448111,433,-1183,165,1361,1884,4666,15.155,-41.405,5.775,0.332084,0.459696,1.138504
297240,2831577148,23219727,2026-10-06T05:17:53.459171+00:00,216893480586805,360,-1262,139,528,1781,4036,12.6,-44.17,4.865,0.128832,0.434564,0.984784
297241,2831587890,23230469,2026-10-06T05:17:53.460022+00:00,216893481432720,280,-1625,284,1459,1171,3649,9.8,-56.875,9.94,0.355996,0.285724,0.890356
297242,2831592773,23235352,2026-10-06T05:17:53.460725+00:00,216893482133514,340,-1995,458,1815,977,3769,11.9,-69.825,16.03,0.44286,0.238388,0.919636
297243,2831602539,23245118,2026-10-06T05:17:53.461819+00:00,216893483230158,418,-2256,486,1610,732,4277,14.63,-78.96,17.01,0.39284,0.178608,1.043588
297244,2831612304,23254883,2026-10-06T05:17:53.466116+00:00,216893487529051,541,-2435,438,1306,1015,3797,18.935,-85.225,15.33,0.318664,0.24766,0.926468
297245,2831622070,23264649,2026-10-06T05:17:53.505113+00:00,216893526524766,581,-2790,367,1500,1102,3902,20.335,-97.65,12.845,0.366,0.268888,0.952088
297246,2831632812,23275391,2026-10-06T05:17:53.505960+00:00,216893527370165,545,-3147,304,1661,510,4097,19.075,-110.145,10.64,0.405284,0.12444,0.999668
297247,2831642578,23285157,2026-10-06T05:17:53.506792+00:00,216893528203408,465,-3445,345,1920,382,4234,16.275,-120.575,12.075,0.46848,0.093208,1.033096
297248,2831652343,23294922,2026-10-06T05:17:53.507690+00:00,216893529092392,472,-3696,360,1964,788,4050,16.52,-129.36,12.6,0.479216,0.192272,0.9882
297249,2831662109,23304688,2026-10-06T05:17:53.508377+00:00,216893529785990,514,-4001,293,1778,990,3604,17.99,-140.035,10.255,0.433832,0.24156,0.879376
297250,2831672851,23315430,2026-10-06T05:17:53.549088+00:00,216893570505106,472,-4458,285,2199,840,3636,16.52,-156.03,9.975,0.536556,0.20496,0.887184
297251,2831677734,23320313,2026-10-06T05:17:53.549863+00:00,216893571269107,466,-4860,324,2184,856,3537,16.31,-170.1,11.34,0.532896,0.208864,0.863028
297252,2831687500,23330079,2026-10-06T05:17:53.551241+00:00,216893572657751,409,-5254,421,1929,907,3756,14.315,-183.89,14.735,0.470676,0.221308,0.916464
297253,2831697265,23339844,2026-10-06T05:17:53.552265+00:00,216893573672985,328,-5624,545,1995,781,3347,11.48,-196.84,19.075,0.48678,0.190564,0.816668
297254,2831707031,23349610,2026-10-06T05:17:53.553251+00:00,216893574657067,356,-6004,656,2394,1116,3291,12.46,-210.14,22.96,0.584136,0.272304,0.803004
297255,2831717773,23360352,2026-10-06T05:17:53.595243+00:00,216893616659960,317,-6321,710,2699,1012,3397,11.095,-221.235,24.85,0.658556,0.246928,0.828868
297256,2831727539,23370118,2026-10-06T05:17:53.595819+00:00,216893617226452,334,-6516,730,2696,746,3272,11.69,-228.06,25.55,0.657824,0.182024,0.798368
297257,2831737304,23379883,2026-10-06T05:17:53.596508+00:00,216893617917826,430,-6722,772,3244,617,3244,15.05,-235.27,27.02,0.791536,0.150548,0.791536
297258,2831747070,23389649,2026-10-06T05:17:53.597246+00:00,216893618657477,678,-6842,771,3884,588,3446,23.73,-239.47,26.985,0.947696,0.143472,0.840824
297259,2831757812,23400391,2026-10-06T05:17:53.639365+00:00,216893660783126,1073,-6886,755,4089,734,3288,37.555,-241.01,26.425,0.997716,0.179096,0.802272
297260,2831767578,23410157,2026-10-06T05:17:53.640090+00:00,216893661500106,1463,-6948,778,4588,801,3478,51.205,-243.18,27.23,1.119472,0.195444,0.848632
297261,2831777343,23419922,2026-10-06T05:17:53.640830+00:00,216893662237384,1859,-6942,873,4667,1112,3591,65.065,-242.97,30.555,1.138748,0.271328,0.876204
297262,2831787109,23429688,2026-10-06T05:17:53.641493+00:00,216893662898143,2075,-6913,1041,4817,1402,3630,72.625,-241.955,36.435,1.175348,0.342088,0.88572
297263,2831791992,23434571,2026-10-06T05:17:53.642782+00:00,216893664189792,2104,-6873,1271,4393,1490,3313,73.64,-240.555,44.485,1.071892,0.36356,0.808372
297264,2831802734,23445313,2026-10-06T05:17:53.683232+00:00,216893704628029,2052,-6899,1562,4311,1591,3505,71.82,-241.465,54.67,1.051884,0.388204,0.85522
297265,2831812500,23455079,2026-10-06T05:17:53.683615+00:00,216893705017064,2160,-6822,1753,4373,1526,3621,75.6,-238.77,61.355,1.067012,0.372344,0.883524
297266,2831822265,23464844,2026-10-06T05:17:53.686347+00:00,216893707747716,2331,-6622,1951,4496,1791,3659,81.585,-231.77,68.285,1.097024,0.437004,0.892796
297267,2831832031,23474610,2026-10-06T05:17:53.686610+00:00,216893708013825,2573,-6317,2051,5086,1962,3754,90.055,-221.095,71.785,1.240984,0.478728,0.915976
297268,2831842773,23485352,2026-10-06T05:17:53.686937+00:00,216893708329298,2807,-5856,2123,5803,1581,3982,98.245,-204.96,74.305,1.415932,0.385764,0.971608
297269,2831852539,23495118,2026-10-06T05:17:53.728244+00:00,216893749639872,2967,-5143,2309,5337,1573,3265,103.845,-180.005,80.815,1.302228,0.383812,0.79666
297270,2831862304,23504883,2026-10-06T05:17:53.728390+00:00,216893749776992,2780,-4420,2614,5950,1233,3703,97.3,-154.7,91.49,1.4518,0.300852,0.903532
297271,2831872070,23514649,2026-10-06T05:17:53.729999+00:00,216893751387650,2620,-3305,2848,5352,299,4163,91.7,-115.675,99.68,1.305888,0.072956,1.015772
297272,2831882812,23525391,2026-10-06T05:17:53.730100+00:00,216893751488359,2941,-1867,3116,5796,1856,6353,102.935,-65.345,109.06,1.414224,0.452864,1.550132
297273,2831887695,23530274,2026-10-06T05:17:53.730314+00:00,216893751703107,2525,-217,3579,3894,1882,5929,88.375,-7.595,125.265,0.950136,0.459208,1.446676
297274,2831897460,23540039,2026-10-06T05:17:53.774752+00:00,216893796176690,1758,879,4049,4033,1987,4887,61.53,30.765,141.715,0.984052,0.484828,1.192428
297275,2831907226,23549805,2026-10-06T05:17:53.775971+00:00,216893797385797,1120,1748,4175,2090,2339,4076,39.2,61.18,146.125,0.50996,0.570716,0.994544
297276,2831916992,23559571,2026-10-06T05:17:53.777492+00:00,216893798909986,627,2258,4115,195,2357,2486,21.945,79.03,144.025,0.04758,0.575108,0.606584
297277,2831927734,23570313,2026-10-06T05:17:53.778675+00:00,216893800083660,283,2148,3810,-347,2095,1359,9.905,75.18,133.35,-0.084668,0.51118,0.331596
297278,2831937500,23580079,2026-10-06T05:17:53.820902+00:00,216893842325888,230,1743,3256,-36,2065,1137,8.05,61.005,113.96,-0.008784,0.50386,0.277428
297279,2831947265,23589844,2026-10-06T05:17:53.822111+00:00,216893843526942,440,1421,2502,317,2160,1699,15.4,49.735,87.57,0.077348,0.52704,0.414556
297280,2831957031,23599610,2026-10-06T05:17:53.824282+00:00,216893845702548,738,1313,1526,601,2449,1852,25.83,45.955,53.41,0.146644,0.597556,0.451888
297281,2831967773,23610352,2026-10-06T05:17:53.825924+00:00,216893847338077,943,1310,458,1257,2979,2444,33.005,45.85,16.03,0.306708,0.726876,0.596336
297282,2831977539,23620118,2026-10-06T05:17:53.826836+00:00,216893848241467,862,1525,-584,1975,3132,3030,30.17,53.375,-20.44,0.4819,0.764208,0.73932
297283,2831982421,23625000,2026-10-06T05:17:53.865186+00:00,216893886608640,550,1946,-1504,2446,2930,3309,19.25,68.11,-52.64,0.596824,0.71492,0.807396
297284,2831992187,23634766,2026-10-06T05:17:53.866087+00:00,216893887498896,161,2483,-2231,2821,2276,3464,5.635,86.905,-78.085,0.688324,0.555344,0.845216
297285,2832001953,23644532,2026-10-06T05:17:53.867221+00:00,216893888632603,-134,3074,-2728,2788,1508,3283,-4.69,107.59,-95.48,0.680272,0.367952,0.801052
297286,2832012695,23655274,2026-10-06T05:17:53.868266+00:00,216893889678651,-282,3581,-2971,2605,867,2956,-9.87,125.335,-103.985,0.63562,0.211548,0.721264
297287,2832022460,23665039,2026-10-06T05:17:53.871445+00:00,216893892871701,-318,3946,-2978,2611,313,2796,-11.13,138.11,-104.23,0.637084,0.076372,0.682224
297288,2832032226,23674805,2026-10-06T05:17:53.911427+00:00,216893932850572,-213,4229,-2834,2790,-39,2811,-7.455,148.015,-99.19,0.68076,-0.009516,0.685884
297289,2832041992,23684571,2026-10-06T05:17:53.912467+00:00,216893933883279,-44,4518,-2601,3326,-48,3158,-1.54,158.13,-91.035,0.811544,-0.011712,0.770552
297290,2832052734,23695313,2026-10-06T05:17:53.913381+00:00,216893934796721,59,4915,-2322,3503,10,3240,2.065,172.025,-81.27,0.854732,0.00244,0.79056
297291,2832062500,23705079,2026-10-06T05:17:53.914288+00:00,216893935706230,55,5297,-2037,3447,67,3202,1.925,185.395,-71.295,0.841068,0.016348,0.781288
297292,2832072265,23714844,2026-10-06T05:17:53.954435+00:00,216893975859745,16,5603,-1784,3258,-47,3039,0.56,196.105,-62.44,0.794952,-0.011468,0.741516
297293,2832082031,23724610,2026-10-06T05:17:53.955520+00:00,216893976921007,49,5797,-1594,3118,-120,2846,1.715,202.895,-55.79,0.760792,-0.02928,0.694424
297294,2832087890,23730469,2026-10-06T05:17:53.956685+00:00,216893978084133,148,5890,-1461,3011,-88,2722,5.18,206.15,-51.135,0.734684,-0.021472,0.664168
297295,2832097656,23740235,2026-10-06T05:17:53.957109+00:00,216893978505255,279,5907,-1367,2961,106,2729,9.765,206.745,-47.845,0.722484,0.025864,0.665876
297296,2832107421,23750000,2026-10-06T05:17:53.957422+00:00,216893978814629,361,5877,-1326,3031,452,2863,12.635,205.695,-46.41,0.739564,0.110288,0.698572
297297,2832117187,23759766,2026-10-06T05:17:53.999388+00:00,216894020788662,341,5836,-1347,3132,719,3061,11.935,204.26,-47.145,0.764208,0.175436,0.746884
297298,2832126953,23769532,2026-10-06T05:17:53.999761+00:00,216894021154573,269,5815,-1436,3236,825,3270,9.415,203.525,-50.26,0.789584,0.2013,0.79788
297299,2832137695,23780274,2026-10-06T05:17:54.000052+00:00,216894021445839,229,5829,-1571,3367,924,3515,8.015,204.015,-54.985,0.821548,0.225456,0.85766
297300,2832147460,23790039,2026-10-06T05:17:54.002657+00:00,216894024062120,244,5879,-1744,3644,908,3809,8.54,205.765,-61.04,0.889136,0.221552,0.929396
297301,2832157226,23799805,2026-10-06T05:17:54.002867+00:00,216894024262664,324,5994,-1929,3833,993,3938,11.34,209.79,-67.515,0.935252,0.242292,0.960872
297302,2832166992,23809571,2026-10-06T05:17:54.043384+00:00,216894064782642,370,6122,-2059,3916,1342,3905,12.95,214.27,-72.065,0.955504,0.327448,0.95282
297303,2832172851,23815430,2026-10-06T05:17:54.043610+00:00,216894065012323,289,6189,-2146,3823,1712,3786,10.115,216.615,-75.11,0.932812,0.417728,0.923784
297304,2832182617,23825196,2026-10-06T05:17:54.046201+00:00,216894067595124,113,6163,-2256,3696,1915,3669,3.955,215.705,-78.96,0.901824,0.46726,0.895236
297305,2832192382,23834961,2026-10-06T05:17:54.046514+00:00,216894067907885,-46,6054,-2457,3496,2025,3554,-1.61,211.89,-85.995,0.853024,0.4941,0.867176
297306,2832202148,23844727,2026-10-06T05:17:54.046818+00:00,216894068212369,-146,5862,-2782,3284,2122,3499,-5.11,205.17,-97.37,0.801296,0.517768,0.853756
297307,2832212890,23855469,2026-10-06T05:17:54.089380+00:00,216894110777559,-211,5598,-3202,3199,2173,3553,-7.385,195.93,-112.07,0.780556,0.530212,0.866932
297308,2832222656,23865235,2026-10-06T05:17:54.089677+00:00,216894111071857,-243,5307,-3661,3376,2161,3769,-8.505,185.745,-128.135,0.823744,0.527284,0.919636
297309,2832232421,23875000,2026-10-06T05:17:54.089957+00:00,216894111351143,-245,5064,-4108,3784,2115,4104,-8.575,177.24,-143.78,0.923296,0.51606,1.001376
297310,2832242187,23884766,2026-10-06T05:17:54.091125+00:00,216894112518248,-268,4922,-4497,4145,2123,4372,-9.38,172.27,-157.395,1.01138,0.518012,1.066768
297311,2832251953,23894532,2026-10-06T05:17:54.134832+00:00,216894156247084,-394,4851,-4774,4298,1979,4501,-13.79,169.785,-167.09,1.048712,0.482876,1.098244
297312,2832262695,23905274,2026-10-06T05:17:54.136216+00:00,216894157616162,-578,4788,-4928,4321,1660,4452,-20.23,167.58,-172.48,1.054324,0.40504,1.086288
297313,2832272460,23915039,2026-10-06T05:17:54.179614+00:00,216894201033104,-753,4685,-4955,4318,1180,4273,-26.355,163.975,-173.425,1.053592,0.28792,1.042612
297314,2832282226,23924805,2026-10-06T05:17:54.180028+00:00,216894201426021,-840,4528,-4867,4577,585,4302,-29.4,158.48,-170.345,1.116788,0.14274,1.049688
297315,2832291992,23934571,2026-10-06T05:17:54.180661+00:00,216894202060742,-779,4401,-4686,5139,185,4402,-27.265,154.035,-164.01,1.253916,0.04514,1.074088
297316,2832297851,23940430,2026-10-06T05:17:54.181369+00:00,216894202767222,-700,4369,-4363,5781,72,4399,-24.5,152.915,-152.705,1.410564,0.017568,1.073356
297317,2832307617,23950196,2026-10-06T05:17:54.182576+00:00,216894203973797,-709,4425,-3886,6220,3,4069,-24.815,154.875,-136.01,1.51768,0.000732,0.992836
297318,2832317382,23959961,2026-10-06T05:17:54.183227+00:00,216894204627089,-780,4479,-3295,6258,-136,3312,-27.3,156.765,-115.325,1.526952,-0.033184,0.808128
297319,2832327148,23969727,2026-10-06T05:17:54.183589+00:00,216894204985922,-791,4409,-2651,6145,-350,2403,-27.685,154.315,-92.785,1.49938,-0.0854,0.586332
297320,2832337890,23980469,2026-10-06T05:17:54.184189+00:00,216894205589148,-635,4181,-2012,5997,-518,1440,-22.225,146.335,-70.42,1.463268,-0.126392,0.35136
297321,2832347656,23990235,2026-10-06T05:17:54.223481+00:00,216894244884786,-315,3782,-1425,5717,-622,422,-11.025,132.37,-49.875,1.394948,-0.151768,0.102968
297322,2832357421,24000000,2026-10-06T05:17:54.223848+00:00,216894245244812,109,3188,-933,5629,-848,-478,3.815,111.58,-32.655,1.373476,-0.206912,-0.116632
297323,2832367187,24009766,2026-10-06T05:17:54.225323+00:00,216894246720003,570,2461,-549,6082,-577,-1157,19.95,86.135,-19.215,1.484008,-0.140788,-0.282308
297324,2832376953,24019532,2026-10-06T05:17:54.225803+00:00,216894247200397,788,1693,-185,6396,-44,-1906,27.58,59.255,-6.475,1.560624,-0.010736,-0.465064
297325,2832382812,24025391,2026-10-06T05:17:54.226172+00:00,216894247569554,671,854,167,6824,68,-2349,23.485,29.89,5.845,1.665056,0.016592,-0.573156
297326,2832392578,24035157,2026-10-06T05:17:54.270303+00:00,216894291713798,414,-32,440,7555,347,-2529,14.49,-1.12,15.4,1.84342,0.084668,-0.617076
297327,2832402343,24044922,2026-10-06T05:17:54.270857+00:00,216894292256026,21,-829,634,7850,905,-2416,0.735,-29.015,22.19,1.9154,0.22082,-0.589504
297328,2832412109,24054688,2026-10-06T05:17:54.271533+00:00,216894292929840,-717,-1536,758,4421,572,-462,-25.095,-53.76,26.53,1.078724,0.139568,-0.112728
297329,2832422851,24065430,2026-10-06T05:17:54.271962+00:00,216894293360834,-955,-1895,854,80,661,5101,-33.425,-66.325,29.89,0.01952,0.161284,1.244644
297330,2832432617,24075196,2026-10-06T05:17:54.314822+00:00,216894336222360,-564,-1830,918,-2457,1428,11588,-19.74,-64.05,32.13,-0.599508,0.348432,2.827472
297331,2832442382,24084961,2026-10-06T05:17:54.315268+00:00,216894336665805,-284,-1527,714,-6124,1135,5748,-9.94,-53.445,24.99,-1.494256,0.27694,1.402512
297332,2832452148,24094727,2026-10-06T05:17:54.315791+00:00,216894337187680,-277,-2884,1052,-4283,122,657,-9.695,-100.94,36.82,-1.045052,0.029768,0.160308
297333,2832462890,24105469,2026-10-06T05:17:54.317680+00:00,216894339083693,-39,-4670,1191,2084,-161,1993,-1.365,-163.45,41.685,0.508496,-0.039284,0.486292
297334,2832472656,24115235,2026-10-06T05:17:54.319830+00:00,216894341241503,102,-5048,904,4234,96,4587,3.57,-176.68,31.64,1.033096,0.023424,1.119228
297335,2832477539,24120118,2026-10-06T05:17:54.358497+00:00,216894379899377,465,-4418,541,5116,355,7462,16.275,-154.63,18.935,1.248304,0.08662,1.820728
297336,2832487304,24129883,2026-10-06T05:17:54.358918+00:00,216894380315392,775,-3263,336,2966,529,6490,27.125,-114.205,11.76,0.723704,0.129076,1.58356
297337,2832497070,24139649,2026-10-06T05:17:54.360307+00:00,216894381705060,884,-2685,459,2184,1212,4758,30.94,-93.975,16.065,0.532896,0.295728,1.160952
297338,2832507812,24150391,2026-10-06T05:17:54.360655+00:00,216894382051428,842,-2539,503,2659,1973,4336,29.47,-88.865,17.605,0.648796,0.481412,1.057984
297339,2832517578,24160157,2026-10-06T05:17:54.361055+00:00,216894382448873,811,-2327,223,3349,2991,5057,28.385,-81.445,7.805,0.817156,0.729804,1.233908
297340,2832527343,24169922,2026-10-06T05:17:54.403916+00:00,216894425319391,538,-1822,-55,3146,2866,5520,18.83,-63.77,-1.925,0.767624,0.699304,1.34688
297341,2832537109,24179688,2026-10-06T05:17:54.404304+00:00,216894425702378,103,-1303,-48,3028,2398,5322,3.605,-45.605,-1.68,0.738832,0.585112,1.298568
297342,2832547851,24190430,2026-10-06T05:17:54.406343+00:00,216894427740576,-229,-833,68,1774,1140,3749,-8.015,-29.155,2.38,0.432856,0.27816,0.914756
297343,2832557617,24200196,2026-10-06T05:17:54.406708+00:00,216894428105256,-95,-735,78,1517,1840,4180,-3.325,-25.725,2.73,0.370148,0.44896,1.01992
297344,2832567382,24209961,2026-10-06T05:17:54.448605+00:00,216894470027145,-274,-666,105,1435,1388,4022,-9.59,-23.31,3.675,0.35014,0.338672,0.981368
297345,2832577148,24219727,2026-10-06T05:17:54.449016+00:00,216894470413469,-300,-609,122,1615,1034,3980,-10.5,-21.315,4.27,0.39406,0.252296,0.97112
297346,2832587890,24230469,2026-10-06T05:17:54.450273+00:00,216894471670287,-262,-499,159,1599,908,3958,-9.17,-17.465,5.565,0.390156,0.221552,0.965752
297347,2832592773,24235352,2026-10-06T05:17:54.450825+00:00,216894472223938,-180,-364,169,1189,1224,4046,-6.3,-12.74,5.915,0.290116,0.298656,0.987224
297348,2832602539,24245118,2026-10-06T05:17:54.451374+00:00,216894472776204,-183,-348,175,977,1017,3497,-6.405,-12.18,6.125,0.238388,0.248148,0.853268
297349,2832612304,24254883,2026-10-06T05:17:54.494519+00:00,216894515917856,-184,-441,187,1412,973,3931,-6.44,-15.435,6.545,0.344528,0.237412,0.959164
297350,2832622070,24264649,2026-10-06T05:17:54.494957+00:00,216894516350707,-130,-381,124,1575,970,4262,-4.55,-13.335,4.34,0.3843,0.23668,1.039928
297351,2832632812,24275391,2026-10-06T05:17:54.495565+00:00,216894516958733,-73,-298,92,1072,659,3722,-2.555,-10.43,3.22,0.261568,0.160796,0.908168
297352,2832642578,24285157,2026-10-06T05:17:54.496342+00:00,216894517735119,31,-317,83,1362,1018,4093,1.085,-11.095,2.905,0.332328,0.248392,0.998692
297353,2832652343,24294922,2026-10-06T05:17:54.496965+00:00,216894518359135,51,-263,67,1224,1230,3958,1.785,-9.205,2.345,0.298656,0.30012,0.965752
297354,2832662109,24304688,2026-10-06T05:17:54.538746+00:00,216894560148880,22,-252,68,1173,1221,3742,0.77,-8.82,2.38,0.286212,0.297924,0.913048
297355,2832672851,24315430,2026-10-06T05:17:54.539134+00:00,216894560527845,7,-276,74,1307,1241,3826,0.245,-9.66,2.59,0.318908,0.302804,0.933544
297356,2832677734,24320313,2026-10-06T05:17:54.540291+00:00,216894561685451,-15,-266,91,1524,1249,3913,-0.525,-9.31,3.185,0.371856,0.304756,0.954772
297357,2832687500,24330079,2026-10-06T05:17:54.540973+00:00,216894562366694,-27,-229,104,1596,1110,3900,-0.945,-8.015,3.64,0.389424,0.27084,0.9516
297358,2832697265,24339844,2026-10-06T05:17:54.541703+00:00,216894563099997,8,-178,83,1590,1120,3972,0.28,-6.23,2.905,0.38796,0.27328,0.969168
297359,2832707031,24349610,2026-10-06T05:17:54.586327+00:00,216894607731109,19,-145,81,1206,1112,3945,0.665,-5.075,2.835,0.294264,0.271328,0.96258
297360,2832717773,24360352,2026-10-06T05:17:54.587427+00:00,216894608828820,19,-168,85,1201,1104,3977,0.665,-5.88,2.975,0.293044,0.269376,0.970388
297361,2832727539,24370118,2026-10-06T05:17:54.588164+00:00,216894609564986,22,-193,87,1336,1052,3868,0.77,-6.755,3.045,0.325984,0.256688,0.943792
297362,2832737304,24379883,2026-10-06T05:17:54.588655+00:00,216894610052256,21,-216,88,1195,1001,3892,0.735,-7.56,3.08,0.29158,0.244244,0.949648
297363,2832747070,24389649,2026-10-06T05:17:54.674579+00:00,216894695985225,28,-246,89,1258,967,3934,0.98,-8.61,3.115,0.306952,0.235948,0.959896
297364,2832757812,24400391,2026-10-06T05:17:54.675134+00:00,216894696532065,18,-266,114,1302,882,3924,0.63,-9.31,3.99,0.317688,0.215208,0.957456
297365,2832767578,24410157,2026-10-06T05:17:54.675542+00:00,216894696939534,60,-271,108,1254,1256,3983,2.1,-9.485,3.78,0.305976,0.306464,0.971852
297366,2832777343,24419922,2026-10-06T05:17:54.676259+00:00,216894697655608,18,-282,118,1310,1222,3907,0.63,-9.87,4.13,0.31964,0.298168,0.953308
297367,2832787109,24429688,2026-10-06T05:17:54.676825+00:00,216894698222622,-15,-296,132,1554,1135,3871,-0.525,-10.36,4.62,0.379176,0.27694,0.944524
297368,2832791992,24434571,2026-10-06T05:17:54.677489+00:00,216894698886571,-37,-304,165,1620,1075,3806,-1.295,-10.64,5.775,0.39528,0.2623,0.928664
297369,2832802734,24445313,2026-10-06T05:17:54.678188+00:00,216894699585374,-41,-299,167,1705,1072,3942,-1.435,-10.465,5.845,0.41602,0.261568,0.961848
297370,2832812500,24455079,2026-10-06T05:17:54.678769+00:00,216894700166014,-24,-252,165,1531,1122,3958,-0.84,-8.82,5.775,0.373564,0.273768,0.965752
297371,2832822265,24464844,2026-10-06T05:17:54.679220+00:00,216894700617915,-5,-249,174,1437,1306,3781,-0.175,-8.715,6.09,0.350628,0.318664,0.922564
297372,2832832031,24474610,2026-10-06T05:17:54.679674+00:00,216894701071128,-44,-259,171,1338,1262,3958,-1.54,-9.065,5.985,0.326472,0.307928,0.965752
297373,2832842773,24485352,2026-10-06T05:17:54.720836+00:00,216894742267994,-102,-271,193,1382,1016,3743,-3.57,-9.485,6.755,0.337208,0.247904,0.913292
297374,2832852539,24495118,2026-10-06T05:17:54.723505+00:00,216894744929211,-118,-326,213,1560,1179,3706,-4.13,-11.41,7.455,0.38064,0.287676,0.904264
297375,2832862304,24504883,2026-10-06T05:17:54.726354+00:00,216894747774651,-181,-344,212,1489,998,3814,-6.335,-12.04,7.42,0.363316,0.243512,0.930616
297376,2832872070,24514649,2026-10-06T05:17:54.728546+00:00,216894749963458,-211,-346,247,1384,1003,3702,-7.385,-12.11,8.645,0.337696,0.244732,0.903288
297377,2832882812,24525391,2026-10-06T05:17:54.765276+00:00,216894786700012,-281,-394,314,1377,1239,3710,-9.835,-13.79,10.99,0.335988,0.302316,0.90524
297378,2832887695,24530274,2026-10-06T05:17:54.766255+00:00,216894787671677,-387,-442,349,1460,1227,3739,-13.545,-15.47,12.215,0.35624,0.299388,0.912316
297379,2832897460,24540039,2026-10-06T05:17:54.767165+00:00,216894788584484,-453,-452,371,1282,1198,3937,-15.855,-15.82,12.985,0.312808,0.292312,0.960628
297380,2832907226,24549805,2026-10-06T05:17:54.768504+00:00,216894789926155,-485,-470,394,1488,1093,3577,-16.975,-16.45,13.79,0.363072,0.266692,0.872788
297381,2832916992,24559571,2026-10-06T05:17:54.771472+00:00,216894792891240,-517,-521,419,1931,1150,3779,-18.095,-18.235,14.665,0.471164,0.2806,0.922076
297382,2832927734,24570313,2026-10-06T05:17:54.809276+00:00,216894830683556,-542,-462,375,1530,962,4080,-18.97,-16.17,13.125,0.37332,0.234728,0.99552
297383,2832937500,24580079,2026-10-06T05:17:54.810019+00:00,216894831426482,-484,-423,339,1449,883,3736,-16.94,-14.805,11.865,0.353556,0.215452,0.911584
297384,2832947265,24589844,2026-10-06T05:17:54.811618+00:00,216894833048960,-488,-445,358,1557,990,3912,-17.08,-15.575,12.53,0.379908,0.24156,0.954528
297385,2832957031,24599610,2026-10-06T05:17:54.812235+00:00,216894833642156,-485,-442,349,1246,1016,3826,-16.975,-15.47,12.215,0.304024,0.247904,0.933544
297386,2832967773,24610352,2026-10-06T05:17:54.813000+00:00,216894834402644,-483,-485,344,1503,889,3923,-16.905,-16.975,12.04,0.366732,0.216916,0.957212
297387,2832977539,24620118,2026-10-06T05:17:54.853729+00:00,216894875133736,-437,-489,333,1817,941,3962,-15.295,-17.115,11.655,0.443348,0.229604,0.966728
297388,2832982421,24625000,2026-10-06T05:17:54.854239+00:00,216894875637109,-388,-430,287,1774,783,3862,-13.58,-15.05,10.045,0.432856,0.191052,0.942328
297389,2832992187,24634766,2026-10-06T05:17:54.856318+00:00,216894877714802,-330,-376,250,1760,749,3892,-11.55,-13.16,8.75,0.42944,0.182756,0.949648
297390,2833001953,24644532,2026-10-06T05:17:54.856599+00:00,216894877992970,-269,-339,241,1459,923,3913,-9.415,-11.865,8.435,0.355996,0.225212,0.954772
297391,2833012695,24655274,2026-10-06T05:17:54.857008+00:00,216894878400821,-266,-344,239,1470,850,3924,-9.31,-12.04,8.365,0.35868,0.2074,0.957456
297392,2833022460,24665039,2026-10-06T05:17:54.899195+00:00,216894920587697,-256,-346,240,1792,834,3867,-8.96,-12.11,8.4,0.437248,0.203496,0.943548
297393,2833032226,24674805,2026-10-06T05:17:54.899302+00:00,216894920688523,-226,-316,213,1810,760,3927,-7.91,-11.06,7.455,0.44164,0.18544,0.958188
297394,2833041992,24684571,2026-10-06T05:17:54.899551+00:00,216894920940337,-165,-277,175,1895,667,3887,-5.775,-9.695,6.125,0.46238,0.162748,0.948428
297395,2833052734,24695313,2026-10-06T05:17:54.902196+00:00,216894923592365,-85,-234,143,1812,738,3848,-2.975,-8.19,5.005,0.442128,0.180072,0.938912
297396,2833062500,24705079,2026-10-06T05:17:54.988081+00:00,216895009476254,-20,-212,104,1712,783,3850,-0.7,-7.42,3.64,0.417728,0.191052,0.9394
297397,2833072265,24714844,2026-10-06T05:17:54.988264+00:00,216895009651161,14,-210,85,1743,756,3850,0.49,-7.35,2.975,0.425292,0.184464,0.9394
297398,2833082031,24724610,2026-10-06T05:17:54.989961+00:00,216895011349871,35,-198,76,1762,742,3883,1.225,-6.93,2.66,0.429928,0.181048,0.947452
297399,2833087890,24730469,2026-10-06T05:17:54.990129+00:00,216895011516288,57,-177,65,1663,767,3865,1.995,-6.195,2.275,0.405772,0.187148,0.94306
297400,2833097656,24740235,2026-10-06T05:17:54.990305+00:00,216895011692008,61,-182,68,1767,812,3801,2.135,-6.37,2.38,0.431148,0.198128,0.927444
297401,2833107421,24750000,2026-10-06T05:17:54.991939+00:00,216895013327709,60,-188,75,1860,845,3787,2.1,-6.58,2.625,0.45384,0.20618,0.924028
297402,2833117187,24759766,2026-10-06T05:17:54.992145+00:00,216895013532461,76,-169,56,1520,800,3806,2.66,-5.915,1.96,0.37088,0.1952,0.928664
297403,2833126953,24769532,2026-10-06T05:17:54.992312+00:00,216895013697896,80,-200,67,1590,820,3886,2.8,-7.0,2.345,0.38796,0.20008,0.948184
297404,2833137695,24780274,2026-10-06T05:17:54.995070+00:00,216895016458809,81,-195,71,1542,821,3832,2.835,-6.825,2.485,0.376248,0.200324,0.935008
297405,2833147460,24790039,2026-10-06T05:17:54.995261+00:00,216895016647343,70,-214,84,1707,798,3821,2.45,-7.49,2.94,0.416508,0.194712,0.932324
297406,2833157226,24799805,2026-10-06T05:17:55.034109+00:00,216895055505088,49,-222,108,1714,794,3770,1.715,-7.77,3.78,0.418216,0.193736,0.91988
297407,2833166992,24809571,2026-10-06T05:17:55.034326+00:00,216895055715619,50,-226,117,1582,869,3773,1.75,-7.91,4.095,0.386008,0.212036,0.920612
297408,2833172851,24815430,2026-10-06T05:17:55.034642+00:00,216895056032226,37,-252,136,1504,863,3793,1.295,-8.82,4.76,0.366976,0.210572,0.925492
297409,2833182617,24825196,2026-10-06T05:17:55.036049+00:00,216895057439945,22,-288,172,1580,790,3808,0.77,-10.08,6.02,0.38552,0.19276,0.929152
297410,2833192382,24834961,2026-10-06T05:17:55.036218+00:00,216895057607251,31,-298,193,1442,873,3843,1.085,-10.43,6.755,0.351848,0.213012,0.937692
297411,2833202148,24844727,2026-10-06T05:17:55.078266+00:00,216895099662398,20,-313,211,1553,817,3791,0.7,-10.955,7.385,0.378932,0.199348,0.925004
297412,2833212890,24855469,2026-10-06T05:17:55.078392+00:00,216895099778399,32,-358,254,1832,826,3764,1.12,-12.53,8.89,0.447008,0.201544,0.918416
297413,2833222656,24865235,2026-10-06T05:17:55.079924+00:00,216895101311529,36,-373,265,1762,780,3941,1.26,-13.055,9.275,0.429928,0.19032,0.961604
297414,2833232421,24875000,2026-10-06T05:17:55.080095+00:00,216895101480967,99,-339,225,1370,725,3848,3.465,-11.865,7.875,0.33428,0.1769,0.938912
297415,2833242187,24884766,2026-10-06T05:17:55.123130+00:00,216895144526557,108,-409,265,1759,882,3880,3.78,-14.315,9.275,0.429196,0.215208,0.94672
297416,2833251953,24894532,2026-10-06T05:17:55.123249+00:00,216895144635450,97,-416,287,1659,854,3804,3.395,-14.56,10.045,0.404796,0.208376,0.928176
297417,2833262695,24905274,2026-10-06T05:17:55.125114+00:00,216895146501818,80,-469,314,1769,844,3853,2.8,-16.415,10.99,0.431636,0.205936,0.940132
297418,2833272460,24915039,2026-10-06T05:17:55.125237+00:00,216895146623777,68,-504,354,1777,849,3779,2.38,-17.64,12.39,0.433588,0.207156,0.922076
297419,2833282226,24924805,2026-10-06T05:17:55.125498+00:00,216895146885954,75,-543,357,1731,783,3865,2.625,-19.005,12.495,0.422364,0.191052,0.94306
297420,2833287109,24929688,2026-10-06T05:17:55.214250+00:00,216895235646517,102,-594,349,1787,730,3801,3.57,-20.79,12.215,0.436028,0.17812,0.927444
297421,2833297851,24940430,2026-10-06T05:17:55.214393+00:00,216895235781474,122,-650,355,1831,761,3878,4.27,-22.75,12.425,0.446764,0.185684,0.946232
297422,2833307617,24950196,2026-10-06T05:17:55.214531+00:00,216895235919407,141,-690,339,1674,671,3852,4.935,-24.15,11.865,0.408456,0.163724,0.939888
297423,2833317382,24959961,2026-10-06T05:17:55.214788+00:00,216895236193502,93,-851,395,1852,462,3198,3.255,-29.785,13.825,0.451888,0.112728,0.780312
297424,2833327148,24969727,2026-10-06T05:17:55.217322+00:00,216895238724028,61,-1081,468,2058,85,3438,2.135,-37.835,16.38,0.502152,0.02074,0.838872
297425,2833337890,24980469,2026-10-06T05:17:55.217586+00:00,216895238975242,265,-1257,413,1682,1090,4287,9.275,-43.995,14.455,0.410408,0.26596,1.046028
297426,2833347656,24990235,2026-10-06T05:17:55.217802+00:00,216895239189924,363,-1317,242,1366,1601,4753,12.705,-46.095,8.47,0.333304,0.390644,1.159732
297427,2833357421,25000000,2026-10-06T05:17:55.218066+00:00,216895239454098,352,-1400,218,325,1586,3876,12.32,-49.0,7.63,0.0793,0.386984,0.945744
297428,2833367187,25009766,2026-10-06T05:17:55.219038+00:00,216895240426950,258,-1854,380,1575,1238,3736,9.03,-64.89,13.3,0.3843,0.302072,0.911584
297429,2833376953,25019532,2026-10-06T05:17:55.219238+00:00,216895240626650,294,-2205,507,1737,838,4032,10.29,-77.175,17.745,0.423828,0.204472,0.983808
297430,2833382812,25025391,2026-10-06T05:17:55.259144+00:00,216895280539768,400,-2442,521,1633,954,4313,14.0,-85.47,18.235,0.398452,0.232776,1.052372
297431,2833392578,25035157,2026-10-06T05:17:55.259304+00:00,216895280691905,402,-2660,505,1668,1086,3990,14.07,-93.1,17.675,0.406992,0.264984,0.97356
297432,2833402343,25044922,2026-10-06T05:17:55.259470+00:00,216895280856355,368,-3012,478,1702,1045,3644,12.88,-105.42,16.73,0.415288,0.25498,0.889136
297433,2833412109,25054688,2026-10-06T05:17:55.262019+00:00,216895283406196,262,-3428,412,1779,328,4039,9.17,-119.98,14.42,0.434076,0.080032,0.985516
297434,2833422851,25065430,2026-10-06T05:17:55.304234+00:00,216895325628937,233,-3746,426,1852,286,4095,8.155,-131.11,14.91,0.451888,0.069784,0.99918
297435,2833432617,25075196,2026-10-06T05:17:55.304362+00:00,216895325750068,254,-4040,425,2083,413,3902,8.89,-141.4,14.875,0.508252,0.100772,0.952088
297436,2833442382,25084961,2026-10-06T05:17:55.304527+00:00,216895325914410,307,-4401,404,1997,848,3654,10.745,-154.035,14.14,0.487268,0.206912,0.891576
297437,2833452148,25094727,2026-10-06T05:17:55.306965+00:00,216895328352821,200,-4853,418,1959,658,3608,7.0,-169.855,14.63,0.477996,0.160552,0.880352
297438,2833462890,25105469,2026-10-06T05:17:55.307094+00:00,216895328480540,89,-5289,514,1936,631,3733,3.115,-185.115,17.99,0.472384,0.153964,0.910852
297439,2833472656,25115235,2026-10-06T05:17:55.349281+00:00,216895370673535,99,-5638,573,1871,587,3498,3.465,-197.33,20.055,0.456524,0.143228,0.853512
297440,2833482421,25125000,2026-10-06T05:17:55.349402+00:00,216895370791544,151,-6024,652,2232,838,3338,5.285,-210.84,22.82,0.544608,0.204472,0.814472
297441,2833487304,25129883,2026-10-06T05:17:55.349734+00:00,216895371121899,162,-6364,685,2518,798,3353,5.67,-222.74,23.975,0.614392,0.194712,0.818132
297442,2833497070,25139649,2026-10-06T05:17:55.349947+00:00,216895371336205,180,-6616,699,2694,742,3183,6.3,-231.56,24.465,0.657336,0.181048,0.776652
297443,2833507812,25150391,2026-10-06T05:17:55.351247+00:00,216895372644215,253,-6880,722,3461,668,3212,8.855,-240.8,25.27,0.844484,0.162992,0.783728
297444,2833517578,25160157,2026-10-06T05:17:55.393188+00:00,216895414583345,436,-7031,756,3888,559,3531,15.26,-246.085,26.46,0.948672,0.136396,0.861564
297445,2833527343,25169922,2026-10-06T05:17:55.393328+00:00,216895414714423,804,-7066,745,4200,373,3365,28.14,-247.31,26.075,1.0248,0.091012,0.82106
297446,2833537109,25179688,2026-10-06T05:17:55.396046+00:00,216895417433580,1356,-7107,752,4837,867,3686,47.46,-248.745,26.32,1.180228,0.211548,0.899384
297447,2833547851,25190430,2026-10-06T05:17:55.396249+00:00,216895417638572,1668,-7082,862,4635,865,3570,58.38,-247.87,30.17,1.13094,0.21106,0.87108
297448,2833557617,25200196,2026-10-06T05:17:55.438178+00:00,216895459570662,1955,-7093,1018,4674,936,3587,68.425,-248.255,35.63,1.140456,0.228384,0.875228
297449,2833567382,25209961,2026-10-06T05:17:55.438307+00:00,216895459694403,2198,-7092,1209,4554,1249,3451,76.93,-248.22,42.315,1.111176,0.304756,0.842044
297450,2833577148,25219727,2026-10-06T05:17:55.441003+00:00,216895462389989,2257,-7108,1477,4475,1504,3553,78.995,-248.78,51.695,1.0919,0.366976,0.866932
297451,2833587890,25230469,2026-10-06T05:17:55.441225+00:00,216895462611881,2278,-7076,1730,4322,1360,3571,79.73,-247.66,60.55,1.054568,0.33184,0.871324
297452,2833592773,25235352,2026-10-06T05:17:55.441403+00:00,216895462789850,2452,-6963,1921,4190,1252,3235,85.82,-243.705,67.235,1.02236,0.305488,0.78934
297453,2833602539,25245118,2026-10-06T05:17:55.487073+00:00,216895508475665,2773,-6857,2057,3960,1496,2725,97.055,-239.995,71.995,0.96624,0.365024,0.6649
297454,2833612304,25254883,2026-10-06T05:17:55.487326+00:00,216895508715143,3094,-6778,2136,4749,1258,2837,108.29,-237.23,74.76,1.158756,0.306952,0.692228
297455,2833622070,25264649,2026-10-06T05:17:55.487736+00:00,216895509124665,3521,-6495,2220,4541,1181,2098,123.235,-227.325,77.7,1.108004,0.288164,0.511912
297456,2833632812,25275391,2026-10-06T05:17:55.487892+00:00,216895509279851,3704,-6287,2455,4774,1529,1729,129.64,-220.045,85.925,1.164856,0.373076,0.421876
297457,2833642578,25285157,2026-10-06T05:17:55.488204+00:00,216895509591326,3634,-5968,2635,5362,1306,2119,127.19,-208.88,92.225,1.308328,0.318664,0.517036
297458,2833652343,25294922,2026-10-06T05:17:55.529189+00:00,216895550591776,3754,-5414,2629,5455,1307,2297,131.39,-189.49,92.015,1.33102,0.318908,0.560468
297459,2833662109,25304688,2026-10-06T05:17:55.529326+00:00,216895550714462,3795,-4739,2669,5067,1725,2458,132.825,-165.865,93.415,1.236348,0.4209,0.599752
297460,2833672851,25315430,2026-10-06T05:17:55.532100+00:00,216895553490492,3546,-4037,2765,4042,1830,2791,124.11,-141.295,96.775,0.986248,0.44652,0.681004
297461,2833677734,25320313,2026-10-06T05:17:55.532279+00:00,216895553667884,3088,-3365,2830,5054,2349,3803,108.08,-117.775,99.05,1.233176,0.573156,0.927932
297462,2833687500,25330079,2026-10-06T05:17:55.574134+00:00,216895595528831,2543,-2217,2390,7319,3737,6000,89.005,-77.595,83.65,1.785836,0.911828,1.464
297463,2833697265,25339844,2026-10-06T05:17:55.574261+00:00,216895595647790,1747,-349,1640,4074,4143,4900,61.145,-12.215,57.4,0.994056,1.010892,1.1956
297464,2833707031,25349610,2026-10-06T05:17:55.574551+00:00,216895595938412,675,906,1022,3237,3163,3814,23.625,31.71,35.77,0.789828,0.771772,0.930616
297465,2833717773,25360352,2026-10-06T05:17:55.575947+00:00,216895597334079,-93,1747,478,3236,2305,2988,-3.255,61.145,16.73,0.789584,0.56242,0.729072
297466,2833727539,25370118,2026-10-06T05:17:55.576180+00:00,216895597567051,-404,2408,-4,2397,1593,2608,-14.14,84.28,-0.14,0.584868,0.388692,0.636352
297467,2833737304,25379883,2026-10-06T05:17:55.619743+00:00,216895641139672,-488,2884,-392,1858,977,1945,-17.08,100.94,-13.72,0.453352,0.238388,0.47458
297468,2833747070,25389649,2026-10-06T05:17:55.619957+00:00,216895641346134,-398,3118,-676,1531,749,1591,-13.93,109.13,-23.66,0.373564,0.182756,0.388204
297469,2833757812,25400391,2026-10-06T05:17:55.620257+00:00,216895641645072,-311,3164,-849,821,605,1078,-10.885,110.74,-29.715,0.200324,0.14762,0.263032
297470,2833767578,25410157,2026-10-06T05:17:55.620419+00:00,216895641806654,-301,2948,-881,472,486,810,-10.535,103.18,-30.835,0.115168,0.118584,0.19764
297471,2833777343,25419922,2026-10-06T05:17:55.620663+00:00,216895642050523,-323,2645,-844,764,377,934,-11.305,92.575,-29.54,0.186416,0.091988,0.227896
297472,2833782226,25424805,2026-10-06T05:17:55.665337+00:00,216895686751336,-303,2420,-846,1342,425,1314,-10.605,84.7,-29.61,0.327448,0.1037,0.320616
297473,2833791992,25434571,2026-10-06T05:17:55.666293+00:00,216895687701707,-278,2389,-920,1948,617,1833,-9.73,83.615,-32.2,0.475312,0.150548,0.447252
297474,2833802734,25445313,2026-10-06T05:17:55.667220+00:00,216895688628851,-307,2571,-1049,2622,820,2420,-10.745,89.985,-36.715,0.639768,0.20008,0.59048
297475,2833812500,25455079,2026-10-06T05:17:55.668831+00:00,216895690257729,-420,2964,-1201,3026,1016,2760,-14.7,103.74,-42.035,0.738344,0.247904,0.67344
297476,2833822265,25464844,2026-10-06T05:17:55.670214+00:00,216895691635071,-617,3468,-1349,3324,1076,2981,-21.595,121.38,-47.215,0.811056,0.262544,0.727364
297477,2833832031,25474610,2026-10-06T05:17:55.709870+00:00,216895731272003,-824,4025,-1502,3443,982,3030,-28.84,140.875,-52.57,0.840092,0.239608,0.73932
297478,2833842773,25485352,2026-10-06T05:17:55.710440+00:00,216895731835471,-961,4569,-1659,3592,780,3058,-33.635,159.915,-58.065,0.876448,0.19032,0.746152
297479,2833852539,25495118,2026-10-06T05:17:55.710898+00:00,216895732291350,-994,5100,-1802,3610,542,3005,-34.79,178.5,-63.07,0.88084,0.132248,0.73322
297480,2833862304,25504883,2026-10-06T05:17:55.711414+00:00,216895732807688,-917,5592,-1910,3586,312,2968,-32.095,195.72,-66.85,0.874984,0.076128,0.724192
297481,2833872070,25514649,2026-10-06T05:17:55.755262+00:00,216895776660609,-760,6033,-1962,3500,154,2847,-26.6,211.155,-68.67,0.854,0.037576,0.694668
297482,2833882812,25525391,2026-10-06T05:17:55.755418+00:00,216895776807177,-621,6379,-1927,3167,155,2535,-21.735,223.265,-67.445,0.772748,0.03782,0.61854
297483,2833887695,25530274,2026-10-06T05:17:55.755589+00:00,216895776978093,-547,6541,-1801,2797,103,2255,-19.145,228.935,-63.035,0.682468,0.025132,0.55022
297484,2833897460,25540039,2026-10-06T05:17:55.755821+00:00,216895777209914,-458,6535,-1634,2668,56,2178,-16.03,228.725,-57.19,0.650992,0.013664,0.531432
297485,2833907226,25549805,2026-10-06T05:17:55.755999+00:00,216895777386762,-319,6463,-1488,2751,213,2294,-11.165,226.205,-52.08,0.671244,0.051972,0.559736
297486,2833916992,25559571,2026-10-06T05:17:55.801559+00:00,216895822974248,-213,6410,-1390,2887,560,2574,-7.455,224.35,-48.65,0.704428,0.13664,0.628056
297487,2833927734,25570313,2026-10-06T05:17:55.802299+00:00,216895823706995,-207,6402,-1356,2938,842,2847,-7.245,224.07,-47.46,0.716872,0.205448,0.694668
297488,2833937500,25580079,2026-10-06T05:17:55.803103+00:00,216895824507555,-255,6426,-1391,2955,1010,3099,-8.925,224.91,-48.685,0.72102,0.24644,0.756156
297489,2833947265,25589844,2026-10-06T05:17:55.803765+00:00,216895825168556,-295,6465,-1498,2829,1093,3206,-10.325,226.275,-52.43,0.690276,0.266692,0.782264
297490,2833957031,25599610,2026-10-06T05:17:55.804423+00:00,216895825824243,-270,6477,-1679,2723,1224,3321,-9.45,226.695,-58.765,0.664412,0.298656,0.810324
297491,2833967773,25610352,2026-10-06T05:17:55.845775+00:00,216895867190116,-208,6465,-1937,2710,1380,3488,-7.28,226.275,-67.795,0.66124,0.33672,0.851072
297492,2833977539,25620118,2026-10-06T05:17:55.846708+00:00,216895868114905,-158,6434,-2246,2881,1589,3790,-5.53,225.19,-78.61,0.702964,0.387716,0.92476
297493,2833982421,25625000,2026-10-06T05:17:55.847894+00:00,216895869299435,-159,6430,-2571,3100,1758,4080,-5.565,225.05,-89.985,0.7564,0.428952,0.99552
297494,2833992187,25634766,2026-10-06T05:17:55.849007+00:00,216895870412645,-213,6453,-2890,3335,1823,4323,-7.455,225.855,-101.15,0.81374,0.444812,1.054812
297495,2834001953,25644532,2026-10-06T05:17:55.850142+00:00,216895871546443,-298,6490,-3173,3581,1855,4525,-10.43,227.15,-111.055,0.873764,0.45262,1.1041
297496,2834012695,25655274,2026-10-06T05:17:55.935679+00:00,216895957097488,-394,6528,-3409,3783,1863,4606,-13.79,228.48,-119.315,0.923052,0.454572,1.123864
297497,2834022460,25665039,2026-10-06T05:17:55.936479+00:00,216895957884795,-493,6532,-3595,3928,1810,4634,-17.255,228.62,-125.825,0.958432,0.44164,1.130696
297498,2834032226,25674805,2026-10-06T05:17:55.937440+00:00,216895958849337,-545,6484,-3740,4116,1742,4688,-19.075,226.94,-130.9,1.004304,0.425048,1.143872
297499,2834041992,25684571,2026-10-06T05:17:55.938128+00:00,216895959533952,-536,6396,-3849,4475,1850,4836,-18.76,223.86,-134.715,1.0919,0.4514,1.179984
297500,2834052734,25695313,2026-10-06T05:17:55.939245+00:00,216895960653761,-524,6306,-3935,4925,2058,4978,-18.34,220.71,-137.725,1.2017,0.502152,1.214632
297501,2834062500,25705079,2026-10-06T05:17:55.939998+00:00,216895961406736,-568,6235,-3998,5325,2272,5005,-19.88,218.225,-139.93,1.2993,0.554368,1.22122
297502,2834072265,25714844,2026-10-06T05:17:55.940598+00:00,216895962026652,-681,6156,-4035,5679,2220,4905,-23.835,215.46,-141.225,1.385676,0.54168,1.19682
297503,2834082031,25724610,2026-10-06T05:17:55.941218+00:00,216895962622892,-752,6061,-4052,6110,1798,4683,-26.32,212.135,-141.82,1.49084,0.438712,1.142652
297504,2834087890,25730469,2026-10-06T05:17:55.942086+00:00,216895963486745,-658,5966,-4069,6571,1037,4404,-23.03,208.81,-142.415,1.603324,0.253028,1.074576
297505,2834097656,25740235,2026-10-06T05:17:55.980899+00:00,216896002314753,-368,5886,-4056,6956,601,3955,-12.88,206.01,-141.96,1.697264,0.146644,0.96502
297506,2834107421,25750000,2026-10-06T05:17:55.993142+00:00,216896014544732,-126,5761,-3897,7001,404,3139,-4.41,201.635,-136.395,1.708244,0.098576,0.765916
297507,2834117187,25759766,2026-10-06T05:17:55.994449+00:00,216896015853478,-56,5463,-3552,6944,19,2076,-1.96,191.205,-124.32,1.694336,0.004636,0.506544
297508,2834126953,25769532,2026-10-06T05:17:55.994717+00:00,216896016113995,-42,4982,-3050,6816,-380,1156,-1.47,174.37,-106.75,1.663104,-0.09272,0.282064
297509,2834137695,25780274,2026-10-06T05:17:55.994878+00:00,216896016271693,16,4411,-2458,6500,-780,234,0.56,154.385,-86.03,1.586,-0.19032,0.057096
297510,2834147460,25790039,2026-10-06T05:17:56.027608+00:00,216896049050747,155,3667,-1856,6664,-1392,-659,5.425,128.345,-64.96,1.626016,-0.339648,-0.160796
297511,2834157226,25799805,2026-10-06T05:17:56.028820+00:00,216896050225940,499,2918,-1178,7486,-899,-1466,17.465,102.13,-41.23,1.826584,-0.219356,-0.357704
297512,2834166992,25809571,2026-10-06T05:17:56.029893+00:00,216896051301098,595,2197,-359,7765,-952,-2690,20.825,76.895,-12.565,1.89466,-0.232288,-0.65636
297513,2834172851,25815430,2026-10-06T05:17:56.030885+00:00,216896052293738,699,1308,319,7926,-709,-3790,24.465,45.78,11.165,1.933944,-0.172996,-0.92476
297514,2834182617,25825196,2026-10-06T05:17:56.031938+00:00,216896053344432,652,197,749,7601,1188,-4854,22.82,6.895,26.215,1.854644,0.289872,-1.184376
297515,2834192382,25834961,2026-10-06T05:17:56.069936+00:00,216896091352132,-758,-1592,1165,4853,793,-4221,-26.53,-55.72,40.775,1.184132,0.193492,-1.029924
297516,2834202148,25844727,2026-10-06T05:17:56.070748+00:00,216896092154105,-1355,-2847,1194,260,-763,3462,-47.425,-99.645,41.79,0.06344,-0.186172,0.844728
297517,2834212890,25855469,2026-10-06T05:17:56.071507+00:00,216896092909156,-417,-3042,1032,-806,880,11385,-14.595,-106.47,36.12,-0.196664,0.21472,2.77794
297518,2834222656,25865235,2026-10-06T05:17:56.072491+00:00,216896093894999,0,-2501,830,-3842,1556,7732,0.0,-87.535,29.05,-0.937448,0.379664,1.886608
297519,2834232421,25875000,2026-10-06T05:17:56.115902+00:00,216896137315597,-330,-3251,1204,-2540,-722,1286,-11.55,-113.785,42.14,-0.61976,-0.176168,0.313784
297520,2834242187,25884766,2026-10-06T05:17:56.116410+00:00,216896137814658,21,-4625,1332,1054,-802,1386,0.735,-161.875,46.62,0.257176,-0.195688,0.338184
297521,2834251953,25894532,2026-10-06T05:17:56.117298+00:00,216896138705976,424,-5257,1194,5010,504,5562,14.84,-183.995,41.79,1.22244,0.122976,1.357128
297522,2834262695,25905274,2026-10-06T05:17:56.118267+00:00,216896139673913,661,-4397,874,4949,788,7081,23.135,-153.895,30.59,1.207556,0.192272,1.727764
297523,2834272460,25915039,2026-10-06T05:17:56.119426+00:00,216896140832516,948,-3289,516,2411,1296,5860,33.18,-115.115,18.06,0.588284,0.316224,1.42984
297524,2834282226,25924805,2026-10-06T05:17:56.159987+00:00,216896181399831,1045,-2906,425,2021,2322,4629,36.575,-101.71,14.875,0.493124,0.566568,1.129476
297525,2834291992,25934571,2026-10-06T05:17:56.160732+00:00,216896182137057,759,-2831,414,3327,2683,4422,26.565,-99.085,14.49,0.811788,0.654652,1.078968
297526,2834297851,25940430,2026-10-06T05:17:56.161401+00:00,216896182804203,531,-2451,199,3321,2907,4854,18.585,-85.785,6.965,0.810324,0.709308,1.184376
297527,2834307617,25950196,2026-10-06T05:17:56.162133+00:00,216896183538885,60,-1967,196,3784,3743,6284,2.1,-68.845,6.86,0.923296,0.913292,1.533296
297528,2834317382,25959961,2026-10-06T05:17:56.162744+00:00,216896184148129,-625,-1225,216,1831,1414,3848,-21.875,-42.875,7.56,0.446764,0.345016,0.938912
297529,2834327148,25969727,2026-10-06T05:17:56.205192+00:00,216896226600874,-434,-1076,173,1845,1570,4158,-15.19,-37.66,6.055,0.45018,0.38308,1.014552
297530,2834337890,25980469,2026-10-06T05:17:56.206129+00:00,216896227532742,-547,-928,220,1983,1019,4269,-19.145,-32.48,7.7,0.483852,0.248636,1.041636
297531,2834347656,25990235,2026-10-06T05:17:56.206996+00:00,216896228403384,-467,-728,220,1860,620,4232,-16.345,-25.48,7.7,0.45384,0.15128,1.032608
297532,2834357421,26000000,2026-10-06T05:17:56.207761+00:00,216896229166827,-322,-547,236,1522,457,4124,-11.27,-19.145,8.26,0.371368,0.111508,1.006256
297533,2834367187,26009766,2026-10-06T05:17:56.251352+00:00,216896272775685,-134,-435,232,1472,860,4001,-4.69,-15.225,8.12,0.359168,0.20984,0.976244
297534,2834376953,26019532,2026-10-06T05:17:56.252747+00:00,216896274157698,-29,-361,190,1608,1265,3868,-1.015,-12.635,6.65,0.392352,0.30866,0.943792
297535,2834382812,26025391,2026-10-06T05:17:56.253254+00:00,216896274658955,-45,-298,144,1418,1178,3893,-1.575,-10.43,5.04,0.345992,0.287432,0.949892
297536,2834392578,26035157,2026-10-06T05:17:56.254226+00:00,216896275630876,-50,-248,109,1507,1052,4137,-1.75,-8.68,3.815,0.367708,0.256688,1.009428
297537,2834402343,26044922,2026-10-06T05:17:56.254923+00:00,216896276332771,-16,-192,93,1444,728,3746,-0.56,-6.72,3.255,0.352336,0.177632,0.914024
297538,2834412109,26054688,2026-10-06T05:17:56.294944+00:00,216896316357517,88,-172,75,1411,1049,4040,3.08,-6.02,2.625,0.344284,0.255956,0.98576
297539,2834422851,26065430,2026-10-06T05:17:56.295673+00:00,216896317078988,125,-86,18,1269,1262,4192,4.375,-3.01,0.63,0.309636,0.307928,1.022848
297540,2834432617,26075196,2026-10-06T05:17:56.296334+00:00,216896317739158,97,-85,31,681,1104,3562,3.395,-2.975,1.085,0.166164,0.269376,0.869128
297541,2834442382,26084961,2026-10-06T05:17:56.297087+00:00,216896318492605,79,-226,78,1213,1336,3759,2.765,-7.91,2.73,0.295972,0.325984,0.917196
297542,2834452148,26094727,2026-10-06T05:17:56.297744+00:00,216896319148127,19,-241,101,1330,1398,3848,0.665,-8.435,3.535,0.32452,0.341112,0.938912
297543,2834462890,26105469,2026-10-06T05:17:56.339898+00:00,216896361314463,-51,-246,122,1323,1131,3662,-1.785,-8.61,4.27,0.322812,0.275964,0.893528
297544,2834472656,26115235,2026-10-06T05:17:56.340676+00:00,216896362085025,-65,-259,149,1477,1293,4050,-2.275,-9.065,5.215,0.360388,0.315492,0.9882
297545,2834482421,26125000,2026-10-06T05:17:56.341414+00:00,216896362821518,-75,-201,132,1445,1258,3988,-2.625,-7.035,4.62,0.35258,0.306952,0.973072
297546,2834487304,26129883,2026-10-06T05:17:56.342076+00:00,216896363483770,-78,-151,115,1447,1197,4106,-2.73,-5.285,4.025,0.353068,0.292068,1.001864
297547,2834497070,26139649,2026-10-06T05:17:56.342893+00:00,216896364299157,-64,-123,97,1369,1052,3806,-2.24,-4.305,3.395,0.334036,0.256688,0.928664
297548,2834507812,26150391,2026-10-06T05:17:56.385471+00:00,216896406885473,-62,-133,98,1504,1100,3976,-2.17,-4.655,3.43,0.366976,0.2684,0.970144
297549,2834517578,26160157,2026-10-06T05:17:56.386414+00:00,216896407819122,-64,-141,101,1344,1014,3826,-2.24,-4.935,3.535,0.327936,0.247416,0.933544
297550,2834527343,26169922,2026-10-06T05:17:56.387120+00:00,216896408523581,-55,-165,97,1546,1118,3960,-1.925,-5.775,3.395,0.377224,0.272792,0.96624
297551,2834537109,26179688,2026-10-06T05:17:56.387745+00:00,216896409142941,-68,-175,101,1404,1106,3858,-2.38,-6.125,3.535,0.342576,0.269864,0.941352
297552,2834547851,26190430,2026-10-06T05:17:56.429831+00:00,216896451245229,-65,-195,87,1599,1014,3986,-2.275,-6.825,3.045,0.390156,0.247416,0.972584
297553,2834557617,26200196,2026-10-06T05:17:56.430440+00:00,216896451843054,-16,-161,75,1531,1054,4010,-0.56,-5.635,2.625,0.373564,0.257176,0.97844
297554,2834567382,26209961,2026-10-06T05:17:56.431104+00:00,216896452506466,21,-160,90,1510,1186,3736,0.735,-5.6,3.15,0.36844,0.289384,0.911584
297555,2834577148,26219727,2026-10-06T05:17:56.431763+00:00,216896453165894,9,-192,91,1593,1216,3921,0.315,-6.72,3.185,0.388692,0.296704,0.956724
297556,2834587890,26230469,2026-10-06T05:17:56.432358+00:00,216896453757922,-33,-193,119,1475,971,3933,-1.155,-6.755,4.165,0.3599,0.236924,0.959652
297557,2834592773,26235352,2026-10-06T05:17:56.474940+00:00,216896496353828,-25,-206,133,1368,1047,3936,-0.875,-7.21,4.655,0.333792,0.255468,0.960384
297558,2834602539,26245118,2026-10-06T05:17:56.475570+00:00,216896496974218,-20,-218,124,1389,1099,3816,-0.7,-7.63,4.34,0.338916,0.268156,0.931104
297559,2834612304,26254883,2026-10-06T05:17:56.476238+00:00,216896497640203,-36,-233,147,1409,1147,3922,-1.26,-8.155,5.145,0.343796,0.279868,0.956968
297560,2834622070,26264649,2026-10-06T05:17:56.477021+00:00,216896498424747,-58,-248,172,1450,1071,3685,-2.03,-8.68,6.02,0.3538,0.261324,0.89914
297561,2834632812,26275391,2026-10-06T05:17:56.477715+00:00,216896499114398,-73,-266,177,1604,1145,3861,-2.555,-9.31,6.195,0.391376,0.27938,0.942084
297562,2834642578,26285157,2026-10-06T05:17:56.520116+00:00,216896541530310,-81,-252,164,1530,1038,3702,-2.835,-8.82,5.74,0.37332,0.253272,0.903288
297563,2834652343,26294922,2026-10-06T05:17:56.520816+00:00,216896542219791,-85,-263,171,1650,1040,3742,-2.975,-9.205,5.985,0.4026,0.25376,0.913048
297564,2834662109,26304688,2026-10-06T05:17:56.521480+00:00,216896542883359,-94,-245,177,1455,1075,3838,-3.29,-8.575,6.195,0.35502,0.2623,0.936472
297565,2834672851,26315430,2026-10-06T05:17:56.522770+00:00,216896544175107,-106,-236,177,1339,1077,3819,-3.71,-8.26,6.195,0.326716,0.262788,0.931836
297566,2834677734,26320313,2026-10-06T05:17:56.523470+00:00,216896544875848,-128,-262,203,1542,1114,3640,-4.48,-9.17,7.105,0.376248,0.271816,0.88816
297567,2834687500,26330079,2026-10-06T05:17:56.565906+00:00,216896587319933,-174,-296,232,1755,1087,3712,-6.09,-10.36,8.12,0.42822,0.265228,0.905728
297568,2834697265,26339844,2026-10-06T05:17:56.566577+00:00,216896587983537,-200,-271,222,1490,991,3893,-7.0,-9.485,7.77,0.36356,0.241804,0.949892
297569,2834707031,26349610,2026-10-06T05:17:56.567367+00:00,216896588771147,-187,-274,217,1522,949,3606,-6.545,-9.59,7.595,0.371368,0.231556,0.879864
297570,2834717773,26360352,2026-10-06T05:17:56.568340+00:00,216896589748201,-204,-319,230,1792,986,3749,-7.14,-11.165,8.05,0.437248,0.240584,0.914756
297571,2834727539,26370118,2026-10-06T05:17:56.609907+00:00,216896631319806,-226,-281,207,1250,973,4029,-7.91,-9.835,7.245,0.305,0.237412,0.983076
297572,2834737304,26379883,2026-10-06T05:17:56.610581+00:00,216896631985473,-203,-289,199,1250,1083,3754,-7.105,-10.115,6.965,0.305,0.264252,0.915976
297573,2834747070,26389649,2026-10-06T05:17:56.611264+00:00,216896632666783,-258,-344,232,1553,1066,3896,-9.03,-12.04,8.12,0.378932,0.260104,0.950624
297574,2834757812,26400391,2026-10-06T05:17:56.611936+00:00,216896633337687,-276,-350,231,1560,963,3809,-9.66,-12.25,8.085,0.38064,0.234972,0.929396
297575,2834767578,26410157,2026-10-06T05:17:56.612541+00:00,216896633939501,-283,-355,227,1803,896,3845,-9.905,-12.425,7.945,0.439932,0.218624,0.93818
297576,2834777343,26419922,2026-10-06T05:17:56.655549+00:00,216896676971842,-252,-321,205,1622,954,3938,-8.82,-11.235,7.175,0.395768,0.232776,0.960872
297577,2834787109,26429688,2026-10-06T05:17:56.656839+00:00,216896678258944,-227,-290,182,1307,938,3886,-7.945,-10.15,6.37,0.318908,0.228872,0.948184
297578,2834791992,26434571,2026-10-06T05:17:56.657396+00:00,216896678808571,-218,-313,191,1497,961,3879,-7.63,-10.955,6.685,0.365268,0.234484,0.946476
297579,2834802734,26445313,2026-10-06T05:17:56.658426+00:00,216896679840557,-220,-338,205,1792,995,3883,-7.7,-11.83,7.175,0.437248,0.24278,0.947452
297580,2834812500,26455079,2026-10-06T05:17:56.659321+00:00,216896680736112,-200,-301,180,1607,893,3834,-7.0,-10.535,6.3,0.392108,0.217892,0.935496
297581,2834822265,26464844,2026-10-06T05:17:56.701711+00:00,216896723141629,-172,-304,172,1728,927,3857,-6.02,-10.64,6.02,0.421632,0.226188,0.941108
297582,2834832031,26474610,2026-10-06T05:17:56.707611+00:00,216896729075734,-162,-296,168,1681,852,3864,-5.67,-10.36,5.88,0.410164,0.207888,0.942816
297583,2834842773,26485352,2026-10-06T05:17:56.708116+00:00,216896729531470,-127,-285,156,1618,881,3874,-4.445,-9.975,5.46,0.394792,0.214964,0.945256
297584,2834852539,26495118,2026-10-06T05:17:56.708501+00:00,216896729910921,-96,-276,152,1461,982,3776,-3.36,-9.66,5.32,0.356484,0.239608,0.921344
297585,2834862304,26504883,2026-10-06T05:17:56.745534+00:00,216896766931696,-102,-313,168,1573,931,3777,-3.57,-10.955,5.88,0.383812,0.227164,0.921588
297586,2834872070,26514649,2026-10-06T05:17:56.745896+00:00,216896767288665,-108,-333,190,1748,895,3790,-3.78,-11.655,6.65,0.426512,0.21838,0.92476
297587,2834882812,26525391,2026-10-06T05:17:56.746324+00:00,216896767722047,-90,-327,185,1765,874,3854,-3.15,-11.445,6.475,0.43066,0.213256,0.940376
297588,2834887695,26530274,2026-10-06T05:17:56.746654+00:00,216896768049525,-68,-307,170,1744,791,3830,-2.38,-10.745,5.95,0.425536,0.193004,0.93452
297589,2834897460,26540039,2026-10-06T05:17:56.746981+00:00,216896768376128,-37,-290,165,1645,801,3865,-1.295,-10.15,5.775,0.40138,0.195444,0.94306
297590,2834907226,26549805,2026-10-06T05:17:56.789576+00:00,216896810978540,-12,-286,170,1474,950,3811,-0.42,-10.01,5.95,0.359656,0.2318,0.929884
297591,2834916992,26559571,2026-10-06T05:17:56.789962+00:00,216896811358432,-33,-310,197,1423,834,3674,-1.155,-10.85,6.895,0.347212,0.203496,0.896456
297592,2834927734,26570313,2026-10-06T05:17:56.790325+00:00,216896811721088,-53,-371,266,1753,1007,3898,-1.855,-12.985,9.31,0.427732,0.245708,0.951112
297593,2834937500,26580079,2026-10-06T05:17:56.791183+00:00,216896812578507,-49,-340,266,1604,908,3699,-1.715,-11.9,9.31,0.391376,0.221552,0.902556
297594,2834947265,26589844,2026-10-06T05:17:56.791492+00:00,216896812885815,-66,-371,291,1724,807,3896,-2.31,-12.985,10.185,0.420656,0.196908,0.950624
297595,2834957031,26599610,2026-10-06T05:17:56.835502+00:00,216896856917333,-27,-350,282,1577,798,3796,-0.945,-12.25,9.87,0.384788,0.194712,0.926224
297596,2834967773,26610352,2026-10-06T05:17:56.836825+00:00,216896858234078,-4,-359,280,1517,846,3959,-0.14,-12.565,9.8,0.370148,0.206424,0.965996
297597,2834977539,26620118,2026-10-06T05:17:56.838779+00:00,216896860191933,14,-378,291,1654,868,3849,0.49,-13.23,10.185,0.403576,0.211792,0.939156
297598,2834982421,26625000,2026-10-06T05:17:56.840948+00:00,216896862358960,17,-409,309,1859,728,3804,0.595,-14.315,10.815,0.453596,0.177632,0.928176
297599,2834992187,26634766,2026-10-06T05:17:56.841355+00:00,216896862756048,64,-406,290,1538,846,4002,2.24,-14.21,10.15,0.375272,0.206424,0.976488
297600,2835001953,26644532,2026-10-06T05:17:56.879755+00:00,216896901165301,94,-426,259,1676,707,3734,3.29,-14.91,9.065,0.408944,0.172508,0.911096
297601,2835012695,26655274,2026-10-06T05:17:56.880318+00:00,216896901717290,135,-495,258,2037,683,3816,4.725,-17.325,9.03,0.497028,0.166652,0.931104
297602,2835022460,26665039,2026-10-06T05:17:56.880978+00:00,216896902381272,205,-491,185,1614,740,4010,7.175,-17.185,6.475,0.393816,0.18056,0.97844
297603,2835032226,26674805,2026-10-06T05:17:56.882532+00:00,216896903935362,275,-529,104,1553,690,3759,9.625,-18.515,3.64,0.378932,0.16836,0.917196
297604,2835041992,26684571,2026-10-06T05:17:56.924825+00:00,216896946236172,324,-620,97,2015,709,3971,11.34,-21.7,3.395,0.49166,0.172996,0.968924
297605,2835052734,26695313,2026-10-06T05:17:56.925296+00:00,216896946697289,348,-625,73,1802,796,3787,12.18,-21.875,2.555,0.439688,0.194224,0.924028
297606,2835062500,26705079,2026-10-06T05:17:56.925920+00:00,216896947324987,377,-691,57,1818,708,3794,13.195,-24.185,1.995,0.443592,0.172752,0.925736
297607,2835072265,26714844,2026-10-06T05:17:56.926848+00:00,216896948252378,379,-768,83,1788,550,3541,13.265,-26.88,2.905,0.436272,0.1342,0.864004
297608,2835082031,26724610,2026-10-06T05:17:56.927315+00:00,216896948719250,392,-936,133,1678,581,3535,13.72,-32.76,4.655,0.409432,0.141764,0.86254
297609,2835087890,26730469,2026-10-06T05:17:56.972058+00:00,216896993470878,422,-1174,181,1611,603,3554,14.77,-41.09,6.335,0.393084,0.147132,0.867176
297610,2835097656,26740235,2026-10-06T05:17:56.973001+00:00,216896994403818,481,-1361,176,1538,1420,4415,16.835,-47.635,6.16,0.375272,0.34648,1.07726
297611,2835107421,26750000,2026-10-06T05:17:56.974471+00:00,216896995870361,472,-1430,102,1193,1680,4204,16.52,-50.05,3.57,0.291092,0.40992,1.025776
297612,2835117187,26759766,2026-10-06T05:17:56.975183+00:00,216896996580894,436,-1631,165,1128,1632,3792,15.26,-57.085,5.775,0.275232,0.398208,0.925248
297613,2835126953,26769532,2026-10-06T05:17:56.975695+00:00,216896997097216,359,-1970,321,1515,1157,3764,12.565,-68.95,11.235,0.36966,0.282308,0.918416
297614,2835137695,26780274,2026-10-06T05:17:57.014715+00:00,216897036124418,472,-2241,397,1511,1088,4009,16.52,-78.435,13.895,0.368684,0.265472,0.978196
297615,2835147460,26790039,2026-10-06T05:17:57.015231+00:00,216897036634919,536,-2453,412,1622,1077,4209,18.76,-85.855,14.42,0.395768,0.262788,1.026996
297616,2835157226,26799805,2026-10-06T05:17:57.015740+00:00,216897037141308,579,-2677,394,1846,1061,3762,20.265,-93.695,13.79,0.450424,0.258884,0.917928
297617,2835166992,26809571,2026-10-06T05:17:57.016475+00:00,216897037876001,658,-3029,375,1793,1148,3725,23.03,-106.015,13.125,0.437492,0.280112,0.9089
297618,2835177734,26820313,2026-10-06T05:17:57.060734+00:00,216897082141947,583,-3433,372,1787,689,4117,20.405,-120.155,13.02,0.436028,0.168116,1.004548
297619,2835182617,26825196,2026-10-06T05:17:57.061353+00:00,216897082755584,554,-3730,401,1810,506,3942,19.39,-130.55,14.035,0.44164,0.123464,0.961848
297620,2835192382,26834961,2026-10-06T05:17:57.061909+00:00,216897083311395,609,-4059,424,2175,758,3721,21.315,-142.065,14.84,0.5307,0.184952,0.907924
297621,2835202148,26844727,2026-10-06T05:17:57.062385+00:00,216897083786739,588,-4404,398,1831,911,3643,20.58,-154.14,13.93,0.446764,0.222284,0.888892
297622,2835212890,26855469,2026-10-06T05:17:57.062931+00:00,216897084333263,545,-4831,366,1917,635,3472,19.075,-169.085,12.81,0.467748,0.15494,0.847168
297623,2835222656,26865235,2026-10-06T05:17:57.105874+00:00,216897127284766,553,-5268,437,2146,993,3751,19.355,-184.38,15.295,0.523624,0.242292,0.915244
297624,2835232421,26875000,2026-10-06T05:17:57.109831+00:00,216897131240985,359,-5609,530,2069,709,3378,12.565,-196.315,18.55,0.504836,0.172996,0.824232
297625,2835242187,26884766,2026-10-06T05:17:57.110118+00:00,216897131525423,379,-5969,569,2289,905,3442,13.265,-208.915,19.915,0.558516,0.22082,0.839848
297626,2835251953,26894532,2026-10-06T05:17:57.110373+00:00,216897131771242,397,-6266,539,2546,827,3138,13.895,-219.31,18.865,0.621224,0.201788,0.765672
297627,2835262695,26905274,2026-10-06T05:17:57.110515+00:00,216897131907333,476,-6510,521,2973,824,3262,16.66,-227.85,18.235,0.725412,0.201056,0.795928
297628,2835272460,26915039,2026-10-06T05:17:57.151249+00:00,216897172665652,587,-6683,511,3246,760,3169,20.545,-233.905,17.885,0.792024,0.18544,0.773236
297629,2835282226,26924805,2026-10-06T05:17:57.154902+00:00,216897176312678,821,-6824,495,3698,652,3318,28.735,-238.84,17.325,0.902312,0.159088,0.809592
297630,2835291992,26934571,2026-10-06T05:17:57.155799+00:00,216897177206541,1201,-6899,488,3887,822,3429,42.035,-241.465,17.08,0.948428,0.200568,0.836676
297631,2835297851,26940430,2026-10-06T05:17:57.157314+00:00,216897178720137,1589,-6959,512,4277,802,3320,55.615,-243.565,17.92,1.043588,0.195688,0.81008
297632,2835307617,26950196,2026-10-06T05:17:57.158412+00:00,216897179817300,2010,-7019,595,4794,1071,3374,70.35,-245.665,20.825,1.169736,0.261324,0.823256
297633,2835317382,26959961,2026-10-06T05:17:57.195010+00:00,216897216419610,2311,-6996,761,5180,1618,3975,80.885,-244.86,26.635,1.26392,0.394792,0.9699
297634,2835327148,26969727,2026-10-06T05:17:57.195562+00:00,216897216962152,2312,-6875,993,4518,1673,3188,80.92,-240.625,34.755,1.102392,0.408212,0.777872
297635,2835337890,26980469,2026-10-06T05:17:57.196110+00:00,216897217505468,2209,-6881,1326,4855,1614,3729,77.315,-240.835,46.41,1.18462,0.393816,0.909876
297636,2835347656,26990235,2026-10-06T05:17:57.196914+00:00,216897218311142,2355,-6664,1558,5005,1808,4140,82.425,-233.24,54.53,1.22122,0.441152,1.01016
297637,2835357421,27000000,2026-10-06T05:17:57.240690+00:00,216897262099350,2686,-6255,1714,5265,2094,4323,94.01,-218.925,59.99,1.28466,0.510936,1.054812
297638,2835367187,27009766,2026-10-06T05:17:57.241356+00:00,216897262759232,2913,-5768,1911,5109,2433,3993,101.955,-201.88,66.885,1.246596,0.593652,0.974292
297639,2835376953,27019532,2026-10-06T05:17:57.241938+00:00,216897263335433,2832,-5248,2168,5974,2006,4778,99.12,-183.68,75.88,1.457656,0.489464,1.165832
297640,2835382812,27025391,2026-10-06T05:17:57.242365+00:00,216897263769418,2614,-4271,2502,5341,878,4148,91.49,-149.485,87.57,1.303204,0.214232,1.012112
297641,2835392578,27035157,2026-10-06T05:17:57.242995+00:00,216897264392334,2614,-3251,2888,5362,4,4872,91.49,-113.785,101.08,1.308328,0.000976,1.188768
297642,2835402343,27044922,2026-10-06T05:17:57.287160+00:00,216897308578644,2978,-1665,3398,5430,1455,6604,104.23,-58.275,118.93,1.32492,0.35502,1.611376
297643,2835412109,27054688,2026-10-06T05:17:57.289692+00:00,216897311103399,2759,29,4047,4244,1997,6857,96.565,1.015,141.645,1.035536,0.487268,1.673108
297644,2835422851,27065430,2026-10-06T05:17:57.290679+00:00,216897312088487,1740,1253,4806,2000,1069,4629,60.9,43.855,168.21,0.488,0.260836,1.129476
297645,2835432617,27075196,2026-10-06T05:17:57.292137+00:00,216897313542082,1323,1751,5186,3001,2117,5010,46.305,61.285,181.51,0.732244,0.516548,1.22244
297646,2835442382,27084961,2026-10-06T05:17:57.293080+00:00,216897314482370,904,2470,5055,613,2714,3299,31.64,86.45,176.925,0.149572,0.662216,0.804956
297647,2835452148,27094727,2026-10-06T05:17:57.330773+00:00,216897352182309,492,2603,4628,-366,3408,2153,17.22,91.105,161.98,-0.089304,0.831552,0.525332
297648,2835462890,27105469,2026-10-06T05:17:57.331294+00:00,216897352696224,-43,2312,3964,-378,3188,1523,-1.505,80.92,138.74,-0.092232,0.777872,0.371612
297649,2835472656,27115235,2026-10-06T05:17:57.331971+00:00,216897353372777,-212,1955,3110,-23,2788,1746,-7.42,68.425,108.85,-0.005612,0.680272,0.426024
297650,2835482421,27125000,2026-10-06T05:17:57.332476+00:00,216897353877881,-9,1776,2071,199,2602,1878,-0.315,62.16,72.485,0.048556,0.634888,0.458232
297651,2835487304,27129883,2026-10-06T05:17:57.333172+00:00,216897354573775,345,1693,953,753,2936,2297,12.075,59.255,33.355,0.183732,0.716384,0.560468
297652,2835497070,27139649,2026-10-06T05:17:57.421240+00:00,216897442664236,514,1773,-92,1700,3209,3033,17.99,62.055,-3.22,0.4148,0.782996,0.740052
297653,2835507812,27150391,2026-10-06T05:17:57.423242+00:00,216897444655078,402,2120,-985,2388,3107,3535,14.07,74.2,-34.475,0.582672,0.758108,0.86254
297654,2835517578,27160157,2026-10-06T05:17:57.425471+00:00,216897446883271,138,2651,-1666,2880,2489,3801,4.83,92.785,-58.31,0.70272,0.607316,0.927444
297655,2835527343,27169922,2026-10-06T05:17:57.426705+00:00,216897448112189,-55,3291,-2123,3067,1697,3787,-1.925,115.185,-74.305,0.748348,0.414068,0.924028
297656,2835537109,27179688,2026-10-06T05:17:57.427811+00:00,216897449221805,-91,3905,-2350,2865,1006,3374,-3.185,136.675,-82.25,0.69906,0.245464,0.823256
297657,2835547851,27190430,2026-10-06T05:17:57.428792+00:00,216897450202721,-8,4345,-2340,2765,523,3058,-0.28,152.075,-81.9,0.67466,0.127612,0.746152
297658,2835557617,27200196,2026-10-06T05:17:57.429647+00:00,216897451056865,163,4648,-2170,2795,241,2883,5.705,162.68,-75.95,0.68198,0.058804,0.703452
297659,2835567382,27209961,2026-10-06T05:17:57.430415+00:00,216897451822742,333,4858,-1924,2826,125,2764,11.655,170.03,-67.34,0.689544,0.0305,0.674416
297660,2835577148,27219727,2026-10-06T05:17:57.431217+00:00,216897452625777,479,4998,-1674,2874,190,2676,16.765,174.93,-58.59,0.701256,0.04636,0.652944
297661,2835587890,27230469,2026-10-06T05:17:57.466222+00:00,216897487638862,567,5072,-1484,2887,366,2595,19.845,177.52,-51.94,0.704428,0.089304,0.63318
297662,2835592773,27235352,2026-10-06T05:17:57.467126+00:00,216897488536531,590,5075,-1387,2965,469,2645,20.65,177.625,-48.545,0.72346,0.114436,0.64538
297663,2835602539,27245118,2026-10-06T05:17:57.469479+00:00,216897490897101,613,5063,-1415,3283,496,2968,21.455,177.205,-49.525,0.801052,0.121024,0.724192
297664,2835612304,27254883,2026-10-06T05:17:57.472196+00:00,216897493614998,673,5136,-1552,3599,462,3289,23.555,179.76,-54.32,0.878156,0.112728,0.802516
297665,2835622070,27264649,2026-10-06T05:17:57.473097+00:00,216897494503351,716,5292,-1720,3687,403,3358,25.06,185.22,-60.2,0.899628,0.098332,0.819352
297666,2835632812,27275391,2026-10-06T05:17:57.511017+00:00,216897532432615,743,5439,-1850,3551,390,3226,26.005,190.365,-64.75,0.866444,0.09516,0.787144
297667,2835642578,27285157,2026-10-06T05:17:57.511713+00:00,216897533115661,717,5494,-1909,3409,495,3047,25.095,192.29,-66.815,0.831796,0.12078,0.743468
297668,2835652343,27294922,2026-10-06T05:17:57.512455+00:00,216897533859751,623,5447,-1907,3357,672,2966,21.805,190.645,-66.745,0.819108,0.163968,0.723704
297669,2835662109,27304688,2026-10-06T05:17:57.513207+00:00,216897534615960,484,5351,-1894,3349,872,3013,16.94,187.285,-66.29,0.817156,0.212768,0.735172
297670,2835672851,27315430,2026-10-06T05:17:57.557510+00:00,216897578923747,350,5253,-1913,3300,1094,3133,12.25,183.855,-66.955,0.8052,0.266936,0.764452
297671,2835677734,27320313,2026-10-06T05:17:57.558165+00:00,216897579573232,244,5161,-1997,3202,1326,3238,8.54,180.635,-69.895,0.781288,0.323544,0.790072
297672,2835687500,27330079,2026-10-06T05:17:57.558776+00:00,216897580179370,125,5074,-2137,3133,1580,3396,4.375,177.59,-74.795,0.764452,0.38552,0.828624
297673,2835697265,27339844,2026-10-06T05:17:57.559467+00:00,216897580878078,12,4999,-2337,3149,1805,3591,0.42,174.965,-81.795,0.768356,0.44042,0.876204
297674,2835707031,27349610,2026-10-06T05:17:57.560547+00:00,216897581957468,-86,4960,-2614,3416,1940,3961,-3.01,173.6,-91.49,0.833504,0.47336,0.966484
297675,2835717773,27360352,2026-10-06T05:17:57.600321+00:00,216897621739428,-144,5021,-2984,3580,2009,4189,-5.04,175.735,-104.44,0.87352,0.490196,1.022116
297676,2835727539,27370118,2026-10-06T05:17:57.601048+00:00,216897622456777,-182,5134,-3417,3592,2020,4235,-6.37,179.69,-119.595,0.876448,0.49288,1.03334
297677,2835737304,27379883,2026-10-06T05:17:57.602208+00:00,216897623615872,-212,5219,-3868,3519,1966,4164,-7.42,182.665,-135.38,0.858636,0.479704,1.016016
297678,2835747070,27389649,2026-10-06T05:17:57.603520+00:00,216897624932846,-261,5231,-4279,3618,1834,4173,-9.135,183.085,-149.765,0.882792,0.447496,1.018212
297679,2835757812,27400391,2026-10-06T05:17:57.606365+00:00,216897627778816,-337,5207,-4592,3818,1694,4280,-11.795,182.245,-160.72,0.931592,0.413336,1.04432
297680,2835767578,27410157,2026-10-06T05:17:57.645777+00:00,216897667179776,-445,5189,-4791,4159,1456,4493,-15.575,181.615,-167.685,1.014796,0.355264,1.096292
297681,2835777343,27419922,2026-10-06T05:17:57.646743+00:00,216897668141992,-557,5213,-4865,4495,1236,4627,-19.495,182.455,-170.275,1.09678,0.301584,1.128988
297682,2835787109,27429688,2026-10-06T05:17:57.646956+00:00,216897668350010,-666,5269,-4807,4771,921,4670,-23.31,184.415,-168.245,1.164124,0.224724,1.13948
297683,2835791992,27434571,2026-10-06T05:17:57.647726+00:00,216897669123356,-724,5328,-4642,4923,544,4542,-25.34,186.48,-162.47,1.201212,0.132736,1.108248
297684,2835802734,27445313,2026-10-06T05:17:57.649111+00:00,216897670512732,-697,5331,-4387,4955,159,4250,-24.395,186.585,-153.545,1.20902,0.038796,1.037
297685,2835812500,27455079,2026-10-06T05:17:57.689339+00:00,216897710735651,-596,5233,-4036,5100,-111,3881,-20.86,183.155,-141.26,1.2444,-0.027084,0.946964
297686,2835822265,27464844,2026-10-06T05:17:57.689518+00:00,216897710906450,-462,5035,-3589,5447,-188,3527,-16.17,176.225,-125.615,1.329068,-0.045872,0.860588
297687,2835832031,27474610,2026-10-06T05:17:57.689685+00:00,216897711072878,-351,4794,-3069,5985,-54,3246,-12.285,167.79,-107.415,1.46034,-0.013176,0.792024
297688,2835842773,27485352,2026-10-06T05:17:57.691013+00:00,216897712402064,-320,4579,-2507,6480,77,2900,-11.2,160.265,-87.745,1.58112,0.018788,0.7076
297689,2835852539,27495118,2026-10-06T05:17:57.780277+00:00,216897801672972,-311,4403,-1972,6651,-85,2322,-10.885,154.105,-69.02,1.622844,-0.02074,0.566568
297690,2835862304,27504883,2026-10-06T05:17:57.780404+00:00,216897801792700,-157,4186,-1501,6376,-212,1412,-5.495,146.51,-52.535,1.555744,-0.051728,0.344528
297691,2835872070,27514649,2026-10-06T05:17:57.780748+00:00,216897802137899,99,3796,-1111,5887,-250,393,3.465,132.86,-38.885,1.436428,-0.061,0.095892
297692,2835882812,27525391,2026-10-06T05:17:57.780959+00:00,216897802348751,371,3183,-839,5888,-396,-379,12.985,111.405,-29.365,1.436672,-0.096624,-0.092476
297693,2835887695,27530274,2026-10-06T05:17:57.781194+00:00,216897802582574,636,2470,-654,6448,110,-995,22.26,86.45,-22.89,1.573312,0.02684,-0.24278
297694,2835897460,27540039,2026-10-06T05:17:57.783079+00:00,216897804468154,611,1744,-455,6666,413,-1751,21.385,61.04,-15.925,1.626504,0.100772,-0.427244
297695,2835907226,27549805,2026-10-06T05:17:57.783257+00:00,216897804646621,406,934,-304,6759,242,-2378,14.21,32.69,-10.64,1.649196,0.059048,-0.580232
297696,2835916992,27559571,2026-10-06T05:17:57.783466+00:00,216897804855147,246,3,-246,6609,611,-3051,8.61,0.105,-8.61,1.612596,0.149084,-0.744444
297697,2835927734,27570313,2026-10-06T05:17:57.783697+00:00,216897805086771,-213,-1193,-192,6406,963,-3428,-7.455,-41.755,-6.72,1.563064,0.234972,-0.836432
297698,2835937500,27580079,2026-10-06T05:17:57.785115+00:00,216897806509879,-946,-2307,-189,2619,230,-555,-33.11,-80.745,-6.615,0.639036,0.05612,-0.13542
297699,2835947265,27589844,2026-10-06T05:17:57.824290+00:00,216897845685454,-1075,-2901,-117,-292,635,5874,-37.625,-101.535,-4.095,-0.071248,0.15494,1.433256
297700,2835957031,27599610,2026-10-06T05:17:57.824511+00:00,216897845901395,-902,-2801,122,-3345,974,12139,-31.57,-98.035,4.27,-0.81618,0.237656,2.961916
297701,2835967773,27610352,2026-10-06T05:17:57.824779+00:00,216897846168836,-989,-2568,369,-6215,-1236,5152,-34.615,-89.88,12.915,-1.51646,-0.301584,1.257088
297702,2835977539,27620118,2026-10-06T05:17:57.826045+00:00,216897847435125,-616,-3992,1098,-3622,-1808,525,-21.56,-139.72,38.43,-0.883768,-0.441152,0.1281
297703,2835982421,27625000,2026-10-06T05:17:57.826275+00:00,216897847665536,-254,-5625,1725,2767,-1610,2774,-8.89,-196.875,60.375,0.675148,-0.39284,0.676856
297704,2835992187,27634766,2026-10-06T05:17:57.873405+00:00,216897894823842,500,-5611,1612,8113,-4,7436,17.5,-196.385,56.42,1.979572,-0.000976,1.814384
297705,2836001953,27644532,2026-10-06T05:17:57.874377+00:00,216897895797239,1066,-3795,940,5483,1144,7161,37.31,-132.825,32.9,1.337852,0.279136,1.747284
297706,2836012695,27655274,2026-10-06T05:17:57.876185+00:00,216897897600275,1376,-2619,373,946,1847,5167,48.16,-91.665,13.055,0.230824,0.450668,1.260748
297707,2836022460,27665039,2026-10-06T05:17:57.877234+00:00,216897898654179,1324,-2731,261,439,2556,4074,46.34,-95.585,9.135,0.107116,0.623664,0.994056
297708,2836032226,27674805,2026-10-06T05:17:57.918955+00:00,216897940378187,1005,-3111,225,2936,2936,4719,35.175,-108.885,7.875,0.716384,0.716384,1.151436
297709,2836041992,27684571,2026-10-06T05:17:57.960991+00:00,216897982417681,672,-2840,28,4617,2795,5649,23.52,-99.4,0.98,1.126548,0.68198,1.378356
297710,2836052734,27695313,2026-10-06T05:17:57.963850+00:00,216897985262898,141,-2010,30,5437,2758,6658,4.935,-70.35,1.05,1.326628,0.672952,1.624552
297711,2836062500,27705079,2026-10-06T05:17:57.964892+00:00,216897986307957,-217,-904,-3,2042,1447,3920,-7.595,-31.64,-0.105,0.498248,0.353068,0.95648
297712,2836072265,27714844,2026-10-06T05:17:57.965854+00:00,216897987270477,-98,-780,-3,1200,1909,4223,-3.43,-27.3,-0.105,0.2928,0.465796,1.030412
297713,2836082031,27724610,2026-10-06T05:17:57.967069+00:00,216897988484202,-248,-777,-30,1810,1669,4369,-8.68,-27.195,-1.05,0.44164,0.407236,1.066036
297714,2836087890,27730469,2026-10-06T05:17:57.968491+00:00,216897989909129,-275,-631,-100,2104,770,4196,-9.625,-22.085,-3.5,0.513376,0.18788,1.023824
297715,2836097656,27740235,2026-10-06T05:17:57.970784+00:00,216897992204949,-137,-403,-77,1907,508,3940,-4.795,-14.105,-2.695,0.465308,0.123952,0.96136
297716,2836107421,27750000,2026-10-06T05:17:57.972715+00:00,216897994136870,15,-235,-1,1798,1004,3847,0.525,-8.225,-0.035,0.438712,0.244976,0.938668
297717,2836117187,27759766,2026-10-06T05:17:57.973999+00:00,216897995414395,83,-141,9,1440,1382,3668,2.905,-4.935,0.315,0.35136,0.337208,0.894992
297718,2836126953,27769532,2026-10-06T05:17:58.007915+00:00,216898029343241,43,-108,-13,1191,1453,3870,1.505,-3.78,-0.455,0.290604,0.354532,0.94428
297719,2836137695,27780274,2026-10-06T05:17:58.010127+00:00,216898031543242,-26,-110,-12,1048,1147,3857,-0.91,-3.85,-0.42,0.255712,0.279868,0.941108
297720,2836147460,27790039,2026-10-06T05:17:58.011412+00:00,216898032818871,-34,-123,7,1106,1066,3947,-1.19,-4.305,0.245,0.269864,0.260104,0.963068
297721,2836157226,27799805,2026-10-06T05:17:58.012197+00:00,216898033602980,-1,-110,-1,1091,1098,3943,-0.035,-3.85,-0.035,0.266204,0.267912,0.962092
297722,2836166992,27809571,2026-10-06T05:17:58.095271+00:00,216898116669608,23,-97,-12,1255,1127,3784,0.805,-3.395,-0.42,0.30622,0.274988,0.923296
297723,2836177734,27820313,2026-10-06T05:17:58.095439+00:00,216898116829669,-10,-97,8,1265,1031,3785,-0.35,-3.395,0.28,0.30866,0.251564,0.92354
297724,2836182617,27825196,2026-10-06T05:17:58.095783+00:00,216898117175087,5,-95,3,1204,996,3845,0.175,-3.325,0.105,0.293776,0.243024,0.93818
297725,2836192382,27834961,2026-10-06T05:17:58.096012+00:00,216898117403967,34,-80,12,1026,1074,4106,1.19,-2.8,0.42,0.250344,0.262056,1.001864
297726,2836202148,27844727,2026-10-06T05:17:58.096230+00:00,216898117621703,65,-92,30,1087,973,3767,2.275,-3.22,1.05,0.265228,0.237412,0.919148
297727,2836212890,27855469,2026-10-06T05:17:58.097059+00:00,216898118451136,115,-123,46,1611,1187,3860,4.025,-4.305,1.61,0.393084,0.289628,0.94184
297728,2836222656,27865235,2026-10-06T05:17:58.097297+00:00,216898118689118,114,-58,25,1400,1345,4155,3.99,-2.03,0.875,0.3416,0.32818,1.01382
297729,2836232421,27875000,2026-10-06T05:17:58.097535+00:00,216898118926660,74,-32,36,945,1012,3663,2.59,-1.12,1.26,0.23058,0.246928,0.893772
297730,2836242187,27884766,2026-10-06T05:17:58.099115+00:00,216898120507079,89,-111,74,1372,1208,3981,3.115,-3.885,2.59,0.334768,0.294752,0.971364
297731,2836251953,27894532,2026-10-06T05:17:58.099337+00:00,216898120728883,67,-93,73,1291,1105,4054,2.345,-3.255,2.555,0.315004,0.26962,0.989176
297732,2836262695,27905274,2026-10-06T05:17:58.140556+00:00,216898161951474,80,-77,66,1136,1034,3940,2.8,-2.695,2.31,0.277184,0.252296,0.96136
297733,2836272460,27915039,2026-10-06T05:17:58.140699+00:00,216898162088472,111,-105,75,1314,1198,3881,3.885,-3.675,2.625,0.320616,0.292312,0.946964
297734,2836282226,27924805,2026-10-06T05:17:58.140784+00:00,216898162172026,90,-141,85,1457,1203,3769,3.15,-4.935,2.975,0.355508,0.293532,0.919636
297735,2836291992,27934571,2026-10-06T05:17:58.141178+00:00,216898162569330,58,-181,92,1824,1064,3907,2.03,-6.335,3.22,0.445056,0.259616,0.953308
297736,2836297851,27940430,2026-10-06T05:17:58.141501+00:00,216898162896484,90,-141,83,1740,1024,3862,3.15,-4.935,2.905,0.42456,0.249856,0.942328
297737,2836307617,27950196,2026-10-06T05:17:58.185430+00:00,216898206852928,148,-104,91,1371,1321,4032,5.18,-3.64,3.185,0.334524,0.322324,0.983808
297738,2836317382,27959961,2026-10-06T05:17:58.186813+00:00,216898208216917,152,-111,76,1224,1463,3831,5.32,-3.885,2.66,0.298656,0.356972,0.934764
297739,2836327148,27969727,2026-10-06T05:17:58.187556+00:00,216898208959791,77,-161,102,1337,1239,4092,2.695,-5.635,3.57,0.326228,0.302316,0.998448
297740,2836337890,27980469,2026-10-06T05:17:58.188741+00:00,216898210145000,47,-159,115,1421,935,3764,1.645,-5.565,4.025,0.346724,0.22814,0.918416
297741,2836347656,27990235,2026-10-06T05:17:58.229688+00:00,216898251095018,60,-184,132,1401,1073,3820,2.1,-6.44,4.62,0.341844,0.261812,0.93208
297742,2836357421,28000000,2026-10-06T05:17:58.230327+00:00,216898251726164,65,-207,137,1390,1210,3758,2.275,-7.245,4.795,0.33916,0.29524,0.916952
297743,2836367187,28009766,2026-10-06T05:17:58.230858+00:00,216898252256520,38,-222,173,1370,1283,3785,1.33,-7.77,6.055,0.33428,0.313052,0.92354
297744,2836376953,28019532,2026-10-06T05:17:58.232663+00:00,216898254062837,3,-229,177,1255,1300,3720,0.105,-8.015,6.195,0.30622,0.3172,0.90768
297745,2836382812,28025391,2026-10-06T05:17:58.233196+00:00,216898254596646,-43,-256,191,1224,1273,3796,-1.505,-8.96,6.685,0.298656,0.310612,0.926224
297746,2836392578,28035157,2026-10-06T05:17:58.276218+00:00,216898297624982,-81,-284,220,1309,1216,3663,-2.835,-9.94,7.7,0.319396,0.296704,0.893772
297747,2836402343,28044922,2026-10-06T05:17:58.276879+00:00,216898298285816,-124,-320,253,1519,1224,3705,-4.34,-11.2,8.855,0.370636,0.298656,0.90402
297748,2836412109,28054688,2026-10-06T05:17:58.277490+00:00,216898298895312,-174,-317,271,1367,1166,3866,-6.09,-11.095,9.485,0.333548,0.284504,0.943304
297749,2836422851,28065430,2026-10-06T05:17:58.278254+00:00,216898299658289,-179,-320,279,1439,1089,3695,-6.265,-11.2,9.765,0.351116,0.265716,0.90158
297750,2836432617,28075196,2026-10-06T05:17:58.278882+00:00,216898300279588,-174,-324,289,1566,1286,3986,-6.09,-11.34,10.115,0.382104,0.313784,0.972584
297751,2836442382,28084961,2026-10-06T05:17:58.320482+00:00,216898341905832,-187,-276,257,1332,1049,3773,-6.545,-9.66,8.995,0.325008,0.255956,0.920612
297752,2836452148,28094727,2026-10-06T05:17:58.321485+00:00,216898342894857,-175,-285,259,1481,1127,3855,-6.125,-9.975,9.065,0.361364,0.274988,0.94062
297753,2836462890,28105469,2026-10-06T05:17:58.322417+00:00,216898343838639,-182,-285,252,1507,1148,3770,-6.37,-9.975,8.82,0.367708,0.280112,0.91988
297754,2836472656,28115235,2026-10-06T05:17:58.324174+00:00,216898345589872,-209,-296,243,1512,1037,3830,-7.315,-10.36,8.505,0.368928,0.253028,0.93452
297755,2836482421,28125000,2026-10-06T05:17:58.366484+00:00,216898387906892,-206,-311,247,1502,1033,3729,-7.21,-10.885,8.645,0.366488,0.252052,0.909876
297756,2836487304,28129883,2026-10-06T05:17:58.367434+00:00,216898388853142,-220,-348,254,1673,1077,3755,-7.7,-12.18,8.89,0.408212,0.262788,0.91622
297757,2836497070,28139649,2026-10-06T05:17:58.368578+00:00,216898389997013,-243,-341,240,1424,1122,3988,-8.505,-11.935,8.4,0.347456,0.273768,0.973072
297758,2836507812,28150391,2026-10-06T05:17:58.370040+00:00,216898391459599,-251,-323,217,1447,969,3741,-8.785,-11.305,7.595,0.353068,0.236436,0.912804
297759,2836517578,28160157,2026-10-06T05:17:58.371158+00:00,216898392575351,-250,-368,250,1697,1145,3775,-8.75,-12.88,8.75,0.414068,0.27938,0.9211
297760,2836527343,28169922,2026-10-06T05:17:58.410258+00:00,216898431686165,-290,-355,235,1445,1172,4143,-10.15,-12.425,8.225,0.35258,0.285968,1.010892
297761,2836537109,28179688,2026-10-06T05:17:58.454342+00:00,216898475743296,-270,-308,195,1516,952,3771,-9.45,-10.78,6.825,0.369904,0.232288,0.920124
297762,2836547851,28190430,2026-10-06T05:17:58.454603+00:00,216898475994219,-248,-328,210,1620,1103,3886,-8.68,-11.48,7.35,0.39528,0.269132,0.948184
297763,2836557617,28200196,2026-10-06T05:17:58.454965+00:00,216898476360305,-242,-316,178,1529,993,3848,-8.47,-11.06,6.23,0.373076,0.242292,0.938912
297764,2836567382,28209961,2026-10-06T05:17:58.457107+00:00,216898478499050,-219,-299,167,1424,1037,3965,-7.665,-10.465,5.845,0.347456,0.253028,0.96746
297765,2836577148,28219727,2026-10-06T05:17:58.457399+00:00,216898478792586,-200,-299,171,1353,1082,3717,-7.0,-10.465,5.985,0.330132,0.264008,0.906948
297766,2836587890,28230469,2026-10-06T05:17:58.457672+00:00,216898479063714,-218,-351,191,1509,1075,3826,-7.63,-12.285,6.685,0.368196,0.2623,0.933544
297767,2836592773,28235352,2026-10-06T05:17:58.457962+00:00,216898479354161,-226,-365,198,1538,973,3852,-7.91,-12.775,6.93,0.375272,0.237412,0.939888
297768,2836602539,28245118,2026-10-06T05:17:58.458237+00:00,216898479626776,-220,-367,200,1674,946,3846,-7.7,-12.845,7.0,0.408456,0.230824,0.938424
297769,2836612304,28254883,2026-10-06T05:17:58.459087+00:00,216898480478050,-191,-341,186,1397,991,3891,-6.685,-11.935,6.51,0.340868,0.241804,0.949404
297770,2836622070,28264649,2026-10-06T05:17:58.500455+00:00,216898521857332,-174,-363,178,1381,964,3755,-6.09,-12.705,6.23,0.336964,0.235216,0.91622
297771,2836632812,28275391,2026-10-06T05:17:58.544342+00:00,216898565742873,-190,-402,207,1526,967,3786,-6.65,-14.07,7.245,0.372344,0.235948,0.923784
297772,2836642578,28285157,2026-10-06T05:17:58.544597+00:00,216898565990186,-183,-421,229,1456,1072,3788,-6.405,-14.735,8.015,0.355264,0.261568,0.924272
297773,2836652343,28294922,2026-10-06T05:17:58.544931+00:00,216898566325307,-209,-458,258,1420,1029,3807,-7.315,-16.03,9.03,0.34648,0.251076,0.928908
297774,2836662109,28304688,2026-10-06T05:17:58.547247+00:00,216898568640148,-239,-490,290,1718,935,3827,-8.365,-17.15,10.15,0.419192,0.22814,0.933788
297775,2836672851,28315430,2026-10-06T05:17:58.547609+00:00,216898569013572,-239,-475,292,1783,916,3846,-8.365,-16.625,10.22,0.435052,0.223504,0.938424
297776,2836677734,28320313,2026-10-06T05:17:58.547894+00:00,216898569284448,-212,-444,268,1613,843,3890,-7.42,-15.54,9.38,0.393572,0.205692,0.94916
297777,2836687500,28330079,2026-10-06T05:17:58.548273+00:00,216898569663324,-174,-433,261,1453,825,3735,-6.09,-15.155,9.135,0.354532,0.2013,0.91134
297778,2836697265,28339844,2026-10-06T05:17:58.550140+00:00,216898571533750,-196,-479,316,1568,993,3784,-6.86,-16.765,11.06,0.382592,0.242292,0.923296
297779,2836707031,28349610,2026-10-06T05:17:58.589484+00:00,216898610881153,-230,-494,366,1535,926,3939,-8.05,-17.29,12.81,0.37454,0.225944,0.961116
297780,2836717773,28360352,2026-10-06T05:17:58.635234+00:00,216898656646031,-230,-487,406,1761,746,3774,-8.05,-17.045,14.21,0.429684,0.182024,0.920856
297781,2836727539,28370118,2026-10-06T05:17:58.680383+00:00,216898701785940,-187,-466,436,1859,903,3971,-6.545,-16.31,15.26,0.453596,0.220332,0.968924
297782,2836737304,28379883,2026-10-06T05:17:58.680748+00:00,216898702140724,-149,-404,407,1484,800,3829,-5.215,-14.14,14.245,0.362096,0.1952,0.934276
297783,2836747070,28389649,2026-10-06T05:17:58.681003+00:00,216898702395532,-110,-425,410,1506,815,3863,-3.85,-14.875,14.35,0.367464,0.19886,0.942572
297784,2836757812,28400391,2026-10-06T05:17:58.681345+00:00,216898702737191,-102,-458,442,1680,898,3932,-3.57,-16.03,15.47,0.40992,0.219112,0.959408
297785,2836767578,28410157,2026-10-06T05:17:58.681763+00:00,216898703159707,-86,-449,442,1609,867,3830,-3.01,-15.715,15.47,0.392596,0.211548,0.93452
297786,2836777343,28419922,2026-10-06T05:17:58.683207+00:00,216898704601747,-71,-486,447,1793,833,3880,-2.485,-17.01,15.645,0.437492,0.203252,0.94672
297787,2836787109,28429688,2026-10-06T05:17:58.683490+00:00,216898704882840,-30,-506,443,1958,769,3900,-1.05,-17.71,15.505,0.477752,0.187636,0.9516
297788,2836791992,28434571,2026-10-06T05:17:58.683877+00:00,216898705268431,31,-480,398,1503,824,3967,1.085,-16.8,13.93,0.366732,0.201056,0.967948
297789,2836802734,28445313,2026-10-06T05:17:58.684262+00:00,216898705655625,57,-527,369,1854,672,3818,1.995,-18.445,12.915,0.452376,0.163968,0.931592
297790,2836812500,28455079,2026-10-06T05:17:58.688611+00:00,216898710034001,100,-573,367,2057,694,3762,3.5,-20.055,12.845,0.501908,0.169336,0.917928
297791,2836822265,28464844,2026-10-06T05:17:58.688990+00:00,216898710384096,153,-586,312,1550,753,3904,5.355,-20.51,10.92,0.3782,0.183732,0.952576
297792,2836832031,28474610,2026-10-06T05:17:58.689316+00:00,216898710710321,189,-664,277,1638,729,3827,6.615,-23.24,9.695,0.399672,0.177876,0.933788
297793,2836842773,28485352,2026-10-06T05:17:58.689648+00:00,216898711042375,217,-764,297,1794,714,3587,7.595,-26.74,10.395,0.437736,0.174216,0.875228
297794,2836852539,28495118,2026-10-06T05:17:58.724354+00:00,216898745758452,146,-947,350,1770,531,3389,5.11,-33.145,12.25,0.43188,0.129564,0.826916
297795,2836862304,28504883,2026-10-06T05:17:58.724654+00:00,216898746046718,178,-1174,364,1932,381,3579,6.23,-41.09,12.74,0.471408,0.092964,0.873276
297796,2836872070,28514649,2026-10-06T05:17:58.725016+00:00,216898746411453,334,-1326,307,1761,1310,4660,11.69,-46.41,10.745,0.429684,0.31964,1.13704
297797,2836882812,28525391,2026-10-06T05:17:58.726108+00:00,216898747499853,358,-1337,196,1082,1606,4189,12.53,-46.795,6.86,0.264008,0.391864,1.022116
297798,2836887695,28530274,2026-10-06T05:17:58.770007+00:00,216898791410459,323,-1592,256,1135,1495,3864,11.305,-55.72,8.96,0.27694,0.36478,0.942816
297799,2836897460,28540039,2026-10-06T05:17:58.772745+00:00,216898794142720,252,-2019,426,1715,979,3670,8.82,-70.665,14.91,0.41846,0.238876,0.89548
297800,2836907226,28549805,2026-10-06T05:17:58.772915+00:00,216898794306009,416,-2333,477,1311,956,4064,14.56,-81.655,16.695,0.319884,0.233264,0.991616
297801,2836916992,28559571,2026-10-06T05:17:58.773003+00:00,216898794391143,466,-2614,474,1432,943,4462,16.31,-91.49,16.59,0.349408,0.230092,1.088728
297802,2836927734,28570313,2026-10-06T05:17:58.773115+00:00,216898794505749,511,-2855,442,1657,1153,3849,17.885,-99.925,15.47,0.404308,0.281332,0.939156
297803,2836937500,28580079,2026-10-06T05:17:58.814480+00:00,216898835881213,383,-3262,439,1850,749,3938,13.405,-114.17,15.365,0.4514,0.182756,0.960872
297804,2836947265,28589844,2026-10-06T05:17:58.814840+00:00,216898836235462,326,-3643,404,1743,462,4028,11.41,-127.505,14.14,0.425292,0.112728,0.982832
297805,2836957031,28599610,2026-10-06T05:17:58.815186+00:00,216898836581604,367,-4005,417,1768,622,4089,12.845,-140.175,14.595,0.431392,0.151768,0.997716
297806,2836967773,28610352,2026-10-06T05:17:58.817249+00:00,216898838646253,412,-4371,424,1889,850,3694,14.42,-152.985,14.84,0.460916,0.2074,0.901336
297807,2836977539,28620118,2026-10-06T05:17:58.859533+00:00,216898880935717,416,-4833,468,2052,1069,3758,14.56,-169.155,16.38,0.500688,0.260836,0.916952
297808,2836982421,28625000,2026-10-06T05:17:58.860065+00:00,216898881457483,272,-5302,581,1874,794,3585,9.52,-185.57,20.335,0.457256,0.193736,0.87474
297809,2836992187,28634766,2026-10-06T05:17:58.860570+00:00,216898881966491,169,-5778,704,1925,650,3668,5.915,-202.23,24.64,0.4697,0.1586,0.894992
297810,2837001953,28644532,2026-10-06T05:17:58.862661+00:00,216898884057763,205,-6197,780,2045,743,3735,7.175,-216.895,27.3,0.49898,0.181292,0.91134
297811,2837012695,28655274,2026-10-06T05:17:58.863227+00:00,216898884623486,228,-6570,842,2274,730,3166,7.98,-229.95,29.47,0.554856,0.17812,0.772504
297812,2837022460,28665039,2026-10-06T05:17:58.905527+00:00,216898926928873,273,-6960,895,2875,925,3586,9.555,-243.6,31.325,0.7015,0.2257,0.874984
297813,2837032226,28674805,2026-10-06T05:17:58.905884+00:00,216898927280193,260,-7178,912,3046,448,3466,9.1,-251.23,31.92,0.743224,0.109312,0.845704
297814,2837041992,28684571,2026-10-06T05:17:58.906217+00:00,216898927611634,569,-7347,930,3705,521,3643,19.915,-257.145,32.55,0.90402,0.127124,0.888892
297815,2837052734,28695313,2026-10-06T05:17:58.906578+00:00,216898927971040,950,-7420,953,4424,577,3673,33.25,-259.7,33.355,1.079456,0.140788,0.896212
297816,2837062500,28705079,2026-10-06T05:17:58.906858+00:00,216898928251196,1479,-7407,944,4898,816,3658,51.765,-259.245,33.04,1.195112,0.199104,0.892552
297817,2837072265,28714844,2026-10-06T05:17:58.995278+00:00,216899016701232,1924,-7357,1016,4911,1022,3629,67.34,-257.495,35.56,1.198284,0.249368,0.885476
297818,2837082031,28724610,2026-10-06T05:17:58.996396+00:00,216899017813943,2229,-7286,1166,5073,1371,3569,78.015,-255.01,40.81,1.237812,0.334524,0.870836
297819,2837087890,28730469,2026-10-06T05:17:59.041821+00:00,216899063250678,2287,-7201,1410,4603,1644,3524,80.045,-252.035,49.35,1.123132,0.401136,0.859856
297820,2837097656,28740235,2026-10-06T05:17:59.043562+00:00,216899064980088,2209,-7085,1686,4508,1502,3776,77.315,-247.975,59.01,1.099952,0.366488,0.921344
297821,2837107421,28750000,2026-10-06T05:17:59.044730+00:00,216899066263889,2323,-6874,1895,4311,1337,3415,81.305,-240.59,66.325,1.051884,0.326228,0.83326
297822,2837117187,28759766,2026-10-06T05:17:59.045546+00:00,216899066959174,2645,-6617,2041,4503,1733,3492,92.575,-231.595,71.435,1.098732,0.422852,0.852048
297823,2837126953,28769532,2026-10-06T05:17:59.046700+00:00,216899068111977,3016,-6217,2033,5524,1370,3939,105.56,-217.595,71.155,1.347856,0.33428,0.961116
297824,2837137695,28780274,2026-10-06T05:17:59.047713+00:00,216899069128458,3552,-5484,2010,5496,1163,3739,124.32,-191.94,70.35,1.341024,0.283772,0.912316
297825,2837147460,28790039,2026-10-06T05:17:59.048790+00:00,216899070203216,3666,-4646,2211,5421,1369,3650,128.31,-162.61,77.385,1.322724,0.334036,0.8906
297826,2837157226,28799805,2026-10-06T05:17:59.049675+00:00,216899071093202,3446,-3699,2456,5119,977,3813,120.61,-129.465,85.96,1.249036,0.238388,0.930372
297827,2837166992,28809571,2026-10-06T05:17:59.050593+00:00,216899072042792,3355,-2463,2704,5338,1842,5304,117.425,-86.205,94.64,1.302472,0.449448,1.294176
297828,2837177734,28820313,2026-10-06T05:17:59.052608+00:00,216899074058335,2893,-1016,3008,4793,2521,6061,101.255,-35.56,105.28,1.169492,0.615124,1.478884
297829,2837182617,28825196,2026-10-06T05:17:59.053805+00:00,216899075226238,1845,300,3370,3733,2290,4798,64.575,10.5,117.95,0.910852,0.55876,1.170712
297830,2837192382,28834961,2026-10-06T05:17:59.054847+00:00,216899076266739,1069,1208,3462,4114,2512,5160,37.415,42.28,121.17,1.003816,0.612928,1.25904
297831,2837202148,28844727,2026-10-06T05:17:59.055904+00:00,216899077316973,444,2173,3347,913,2247,2984,15.54,76.055,117.145,0.222772,0.548268,0.728096
297832,2837212890,28855469,2026-10-06T05:17:59.085441+00:00,216899106866557,87,2306,3124,-134,2176,1812,3.045,80.71,109.34,-0.032696,0.530944,0.442128
297833,2837222656,28865235,2026-10-06T05:17:59.086683+00:00,216899108105221,-184,1989,2772,-405,1602,693,-6.44,69.615,97.02,-0.09882,0.390888,0.169092
297834,2837232421,28875000,2026-10-06T05:17:59.091860+00:00,216899113280662,-11,1474,2243,190,1558,1065,-0.385,51.59,78.505,0.04636,0.380152,0.25986
297835,2837242187,28884766,2026-10-06T05:17:59.092250+00:00,216899113661982,304,1181,1523,211,1689,1217,10.64,41.335,53.305,0.051484,0.412116,0.296948
297836,2837251953,28894532,2026-10-06T05:17:59.130704+00:00,216899152118009,584,949,672,534,2187,1394,20.44,33.215,23.52,0.130296,0.533628,0.340136
297837,2837262695,28905274,2026-10-06T05:17:59.131960+00:00,216899153376908,598,802,-164,1124,2544,1919,20.93,28.07,-5.74,0.274256,0.620736,0.468236
297838,2837272460,28915039,2026-10-06T05:17:59.133201+00:00,216899154618265,371,848,-948,1953,2548,2509,12.985,29.68,-33.18,0.476532,0.621712,0.612196
297839,2837282226,28924805,2026-10-06T05:17:59.134158+00:00,216899155572639,69,1153,-1657,2857,2213,3141,2.415,40.355,-57.995,0.697108,0.539972,0.766404
297840,2837291992,28934571,2026-10-06T05:17:59.176048+00:00,216899197463262,-181,1743,-2248,3550,1763,3533,-6.335,61.005,-78.68,0.8662,0.430172,0.862052
297841,2837297851,28940430,2026-10-06T05:17:59.177003+00:00,216899198413453,-391,2495,-2654,3731,1306,3526,-13.685,87.325,-92.89,0.910364,0.318664,0.860344
297842,2837307617,28950196,2026-10-06T05:17:59.177763+00:00,216899199168788,-584,3237,-2815,3491,785,3202,-20.44,113.295,-98.525,0.851804,0.19154,0.781288
297843,2837317382,28959961,2026-10-06T05:17:59.178774+00:00,216899200182530,-712,3793,-2743,3111,208,2609,-24.92,132.755,-96.005,0.759084,0.050752,0.636596
297844,2837327148,28969727,2026-10-06T05:17:59.179701+00:00,216899201107805,-715,4104,-2503,2896,-192,2174,-25.025,143.64,-87.605,0.706624,-0.046848,0.530456
297845,2837337890,28980469,2026-10-06T05:17:59.223899+00:00,216899245312377,-593,4242,-2190,2881,-387,2003,-20.755,148.47,-76.65,0.702964,-0.094428,0.488732
297846,2837347656,28990235,2026-10-06T05:17:59.225005+00:00,216899246410387,-409,4306,-1869,3115,-321,2135,-14.315,150.71,-65.415,0.76006,-0.078324,0.52094
297847,2837357421,29000000,2026-10-06T05:17:59.225701+00:00,216899247104623,-252,4403,-1579,3402,-97,2365,-8.82,154.105,-55.265,0.830088,-0.023668,0.57706
297848,2837367187,29009766,2026-10-06T05:17:59.226420+00:00,216899247820502,-187,4552,-1353,3538,141,2568,-6.545,159.32,-47.355,0.863272,0.034404,0.626592
297849,2837376953,29019532,2026-10-06T05:17:59.227177+00:00,216899248582717,-184,4721,-1206,3541,221,2625,-6.44,165.235,-42.21,0.864004,0.053924,0.6405
297850,2837382812,29025391,2026-10-06T05:17:59.265913+00:00,216899287327481,-171,4869,-1141,3452,229,2566,-5.985,170.415,-39.935,0.842288,0.055876,0.626104
297851,2837392578,29035157,2026-10-06T05:17:59.266518+00:00,216899287925061,-112,4962,-1120,3339,210,2490,-3.92,173.67,-39.2,0.814716,0.05124,0.60756
297852,2837402343,29044922,2026-10-06T05:17:59.267523+00:00,216899288928655,-2,4990,-1112,3336,294,2494,-0.07,174.65,-38.92,0.813984,0.071736,0.608536
297853,2837412109,29054688,2026-10-06T05:17:59.268371+00:00,216899289787802,98,4988,-1112,3396,518,2559,3.43,174.58,-38.92,0.828624,0.126392,0.624396
297854,2837422851,29065430,2026-10-06T05:17:59.269489+00:00,216899290894675,136,4972,-1130,3514,836,2718,4.76,174.02,-39.55,0.857416,0.203984,0.663192
297855,2837432617,29075196,2026-10-06T05:17:59.309863+00:00,216899331277217,88,4976,-1188,3571,1085,2865,3.08,174.16,-41.58,0.871324,0.26474,0.69906
297856,2837442382,29084961,2026-10-06T05:17:59.310489+00:00,216899331895282,-17,4997,-1287,3482,1181,2980,-0.595,174.895,-45.045,0.849608,0.288164,0.72712
297857,2837452148,29094727,2026-10-06T05:17:59.311161+00:00,216899332567523,-95,5018,-1427,3312,1069,3016,-3.325,175.63,-49.945,0.808128,0.260836,0.735904
297858,2837462890,29105469,2026-10-06T05:17:59.311932+00:00,216899333340532,-40,5018,-1596,3288,1163,3099,-1.4,175.63,-55.86,0.802272,0.283772,0.756156
297859,2837472656,29115235,2026-10-06T05:17:59.354852+00:00,216899376267935,31,5014,-1777,3261,1497,3160,1.085,175.49,-62.195,0.795684,0.365268,0.77104
297860,2837482421,29125000,2026-10-06T05:17:59.355452+00:00,216899376855597,-13,4989,-1965,3205,1788,3250,-0.455,174.615,-68.775,0.78202,0.436272,0.793
297861,2837487304,29129883,2026-10-06T05:17:59.356027+00:00,216899377428292,-139,4947,-2188,3168,1888,3367,-4.865,173.145,-76.58,0.772992,0.460672,0.821548
297862,2837497070,29139649,2026-10-06T05:17:59.356763+00:00,216899378167306,-240,4904,-2469,3243,1882,3564,-8.4,171.64,-86.415,0.791292,0.459208,0.869616
297863,2837507812,29150391,2026-10-06T05:17:59.357399+00:00,216899378800013,-269,4898,-2816,3382,1914,3807,-9.415,171.43,-98.56,0.825208,0.467016,0.928908
297864,2837517578,29160157,2026-10-06T05:17:59.400363+00:00,216899421780934,-286,4938,-3202,3471,2035,3990,-10.01,172.83,-112.07,0.846924,0.49654,0.97356
297865,2837527343,29169922,2026-10-06T05:17:59.401586+00:00,216899423024773,-381,4989,-3577,3529,2072,4101,-13.335,174.615,-125.195,0.861076,0.505568,1.000644
297866,2837537109,29179688,2026-10-06T05:17:59.406351+00:00,216899427753997,-542,5024,-3901,3612,1913,4161,-18.97,175.84,-136.535,0.881328,0.466772,1.015284
297867,2837547851,29190430,2026-10-06T05:17:59.406546+00:00,216899427940426,-682,5042,-4148,3752,1668,4236,-23.87,176.47,-145.18,0.915488,0.406992,1.033584
297868,2837557617,29200196,2026-10-06T05:17:59.406716+00:00,216899428110037,-764,5061,-4310,3919,1424,4339,-26.74,177.135,-150.85,0.956236,0.347456,1.058716
297869,2837567382,29209961,2026-10-06T05:17:59.445429+00:00,216899466839363,-788,5086,-4383,4091,1288,4416,-27.58,178.01,-153.405,0.998204,0.314272,1.077504
297870,2837577148,29219727,2026-10-06T05:17:59.446093+00:00,216899467500969,-795,5107,-4362,4350,1253,4520,-27.825,178.745,-152.67,1.0614,0.305732,1.10288
297871,2837587890,29230469,2026-10-06T05:17:59.446767+00:00,216899468170865,-822,5149,-4260,4676,1173,4583,-28.77,180.215,-149.1,1.140944,0.286212,1.118252
297872,2837592773,29235352,2026-10-06T05:17:59.447420+00:00,216899468822717,-852,5216,-4110,4881,817,4484,-29.82,182.56,-143.85,1.190964,0.199348,1.094096
297873,2837602539,29245118,2026-10-06T05:17:59.448057+00:00,216899469455306,-763,5253,-3928,4837,380,4143,-26.705,183.855,-137.48,1.180228,0.09272,1.010892
297874,2837612304,29254883,2026-10-06T05:17:59.489848+00:00,216899511264384,-564,5183,-3683,4903,131,3790,-19.74,181.405,-128.905,1.196332,0.031964,0.92476
297875,2837622070,29264649,2026-10-06T05:17:59.490477+00:00,216899511882894,-364,5012,-3350,5074,105,3416,-12.74,175.42,-117.25,1.238056,0.02562,0.833504
297876,2837632812,29275391,2026-10-06T05:17:59.491539+00:00,216899512938991,-260,4770,-2923,5320,112,3034,-9.1,166.95,-102.305,1.29808,0.027328,0.740296
297877,2837642578,29285157,2026-10-06T05:17:59.492131+00:00,216899513529975,-238,4487,-2434,5551,-30,2588,-8.33,157.045,-85.19,1.354444,-0.00732,0.631472
297878,2837652343,29294922,2026-10-06T05:17:59.536960+00:00,216899558377413,-176,4182,-1930,5633,-157,2047,-6.16,146.37,-67.55,1.374452,-0.038308,0.499468
297879,2837662109,29304688,2026-10-06T05:17:59.538300+00:00,216899559708212,-35,3828,-1450,5458,-263,1333,-1.225,133.98,-50.75,1.331752,-0.064172,0.325252
297880,2837672851,29315430,2026-10-06T05:17:59.539338+00:00,216899560742817,166,3356,-1032,5162,-536,456,5.81,117.46,-36.12,1.259528,-0.130784,0.111264
297881,2837677734,29320313,2026-10-06T05:17:59.540062+00:00,216899561468198,443,2738,-691,5410,-360,-222,15.505,95.83,-24.185,1.32004,-0.08784,-0.054168
297882,2837687500,29330079,2026-10-06T05:17:59.540948+00:00,216899562350762,587,2055,-333,5594,25,-1015,20.545,71.925,-11.655,1.364936,0.0061,-0.24766
297883,2837697265,29339844,2026-10-06T05:17:59.580421+00:00,216899601833679,529,1275,14,5753,-59,-1707,18.515,44.625,0.49,1.403732,-0.014396,-0.416508
297884,2837707031,29349610,2026-10-06T05:17:59.581483+00:00,216899602885718,485,397,238,5877,195,-2347,16.975,13.895,8.33,1.433988,0.04758,-0.572668
297885,2837717773,29360352,2026-10-06T05:17:59.582308+00:00,216899603712878,253,-630,379,5961,543,-2827,8.855,-22.05,13.265,1.454484,0.132492,-0.689788
297886,2837727539,29370118,2026-10-06T05:17:59.583060+00:00,216899604464714,-218,-1705,478,5998,1242,-2833,-7.63,-59.675,16.73,1.463512,0.303048,-0.691252
297887,2837737304,29379883,2026-10-06T05:17:59.584004+00:00,216899605409327,-1050,-2695,499,1512,197,45,-36.75,-94.325,17.465,0.368928,0.048068,0.01098
297888,2837747070,29389649,2026-10-06T05:17:59.625231+00:00,216899646646175,-1062,-3216,673,374,798,6271,-37.17,-112.56,23.555,0.091256,0.194712,1.530124
297889,2837757812,29400391,2026-10-06T05:17:59.626286+00:00,216899647691351,-827,-3061,767,-1617,1369,11297,-28.945,-107.135,26.845,-0.394548,0.334036,2.756468
297890,2837767578,29410157,2026-10-06T05:17:59.627081+00:00,216899648483327,-935,-2703,815,-3734,-531,5017,-32.725,-94.605,28.525,-0.911096,-0.129564,1.224148
297891,2837777343,29419922,2026-10-06T05:17:59.627675+00:00,216899649073783,-522,-3736,1264,-2964,-1553,568,-18.27,-130.76,44.24,-0.723216,-0.378932,0.138592
297892,2837787109,29429688,2026-10-06T05:17:59.673246+00:00,216899694650676,46,-5215,1615,2708,-792,2675,1.61,-182.525,56.525,0.660752,-0.193248,0.6527
297893,2837791992,29434571,2026-10-06T05:17:59.673803+00:00,216899695198649,662,-5231,1347,6776,280,6620,23.17,-183.085,47.145,1.653344,0.06832,1.61528
297894,2837802734,29445313,2026-10-06T05:17:59.674660+00:00,216899696056807,1225,-3763,653,5316,1261,7386,42.875,-131.705,22.855,1.297104,0.307684,1.802184
297895,2837812500,29455079,2026-10-06T05:17:59.675312+00:00,216899696704995,1403,-2602,224,2556,2124,6224,49.105,-91.07,7.84,0.623664,0.518256,1.518656
297896,2837822265,29464844,2026-10-06T05:17:59.675666+00:00,216899697061817,1001,-2362,493,3239,3181,6353,35.035,-82.67,17.255,0.790316,0.776164,1.550132
297897,2837832031,29474610,2026-10-06T05:17:59.714453+00:00,216899735854166,258,-1895,655,4477,3727,5264,9.03,-66.325,22.925,1.092388,0.909388,1.284416
297898,2837842773,29485352,2026-10-06T05:17:59.714777+00:00,216899736168808,-142,-1215,183,2925,3432,4206,-4.97,-42.525,6.405,0.7137,0.837408,1.026264
297899,2837852539,29495118,2026-10-06T05:17:59.715039+00:00,216899736431053,-523,-985,-70,2194,1639,4678,-18.305,-34.475,-2.45,0.535336,0.399916,1.141432
297900,2837862304,29504883,2026-10-06T05:17:59.717175+00:00,216899738570583,-537,-756,-142,2368,421,4535,-18.795,-26.46,-4.97,0.577792,0.102724,1.10654
297901,2837872070,29514649,2026-10-06T05:17:59.717680+00:00,216899739070439,-311,-505,-119,2291,104,4184,-10.885,-17.675,-4.165,0.559004,0.025376,1.020896
297902,2837882812,29525391,2026-10-06T05:17:59.761878+00:00,216899783300597,-34,-273,-135,2070,461,4206,-1.19,-9.555,-4.725,0.50508,0.112484,1.026264
297903,2837887695,29530274,2026-10-06T05:17:59.763253+00:00,216899784669430,160,-103,-159,1836,642,3952,5.6,-3.605,-5.565,0.447984,0.156648,0.964288
297904,2837897460,29540039,2026-10-06T05:17:59.764311+00:00,216899785726183,306,0,-155,1714,1079,3843,10.71,0.0,-5.425,0.418216,0.263276,0.937692
297905,2837907226,29549805,2026-10-06T05:17:59.765239+00:00,216899786654644,339,90,-151,1455,1383,3960,11.865,3.15,-5.285,0.35502,0.337452,0.96624
297906,2837916992,29559571,2026-10-06T05:17:59.766200+00:00,216899787615919,309,161,-162,1226,1138,3719,10.815,5.635,-5.67,0.299144,0.277672,0.907436
297907,2837927734,29570313,2026-10-06T05:17:59.806674+00:00,216899828098586,300,175,-128,1132,1177,3844,10.5,6.125,-4.48,0.276208,0.287188,0.937936
297908,2837937500,29580079,2026-10-06T05:17:59.807864+00:00,216899829286317,307,165,-104,1191,1150,3631,10.745,5.775,-3.64,0.290604,0.2806,0.885964
297909,2837947265,29589844,2026-10-06T05:17:59.809103+00:00,216899830522417,297,151,-83,1202,1115,3707,10.395,5.285,-2.905,0.293288,0.27206,0.904508
297910,2837957031,29599610,2026-10-06T05:17:59.810107+00:00,216899831514342,283,143,-82,910,1088,3785,9.905,5.005,-2.87,0.22204,0.265472,0.92354
297911,2837967773,29610352,2026-10-06T05:17:59.850945+00:00,216899872367723,270,96,-64,915,1041,3821,9.45,3.36,-2.24,0.22326,0.254004,0.932324
297912,2837977539,29620118,2026-10-06T05:17:59.852675+00:00,216899874088908,274,39,-35,1037,1171,3716,9.59,1.365,-1.225,0.253028,0.285724,0.906704
297913,2837982421,29625000,2026-10-06T05:17:59.854117+00:00,216899875535286,236,-28,-3,1212,1269,3783,8.26,-0.98,-0.105,0.295728,0.309636,0.923052
297914,2837992187,29634766,2026-10-06T05:17:59.855749+00:00,216899877169197,206,-44,9,1183,1297,3923,7.21,-1.54,0.315,0.288652,0.316468,0.957212
297915,2838001953,29644532,2026-10-06T05:17:59.858004+00:00,216899879418034,188,-45,14,1111,1192,3611,6.58,-1.575,0.49,0.271084,0.290848,0.881084
297916,2838012695,29655274,2026-10-06T05:17:59.897082+00:00,216899918508744,145,-113,69,1203,1338,3667,5.075,-3.955,2.415,0.293532,0.326472,0.894748
297917,2838022460,29665039,2026-10-06T05:17:59.898172+00:00,216899919596680,72,-151,108,1006,1556,4142,2.52,-5.285,3.78,0.245464,0.379664,1.010648
297918,2838032226,29674805,2026-10-06T05:17:59.899254+00:00,216899920667955,-23,-168,139,754,1268,3648,-0.805,-5.88,4.865,0.183976,0.309392,0.890112
297919,2838041992,29684571,2026-10-06T05:17:59.900170+00:00,216899921586716,-64,-259,180,1440,1426,3916,-2.24,-9.065,6.3,0.35136,0.347944,0.955504
297920,2838052734,29695313,2026-10-06T05:17:59.901326+00:00,216899922743980,-129,-246,177,1406,1280,3919,-4.515,-8.61,6.195,0.343064,0.31232,0.956236
297921,2838062500,29705079,2026-10-06T05:17:59.940850+00:00,216899962277652,-161,-243,169,1383,1101,3889,-5.635,-8.505,5.915,0.337452,0.268644,0.948916
297922,2838072265,29714844,2026-10-06T05:17:59.942377+00:00,216899963794701,-145,-252,162,1533,1179,4054,-5.075,-8.82,5.67,0.374052,0.287676,0.989176
297923,2838082031,29724610,2026-10-06T05:17:59.943911+00:00,216899965320574,-138,-237,146,1494,1121,3923,-4.83,-8.295,5.11,0.364536,0.273524,0.957212
297924,2838087890,29730469,2026-10-06T05:17:59.945078+00:00,216899966494819,-134,-244,141,1435,1057,3966,-4.69,-8.54,4.935,0.35014,0.257908,0.967704
297925,2838097656,29740235,2026-10-06T05:17:59.946503+00:00,216899967923300,-107,-251,128,1352,1015,3963,-3.745,-8.785,4.48,0.329888,0.24766,0.966972
297926,2838107421,29750000,2026-10-06T05:17:59.989454+00:00,216900010852880,-80,-269,149,1376,1086,3932,-2.8,-9.415,5.215,0.335744,0.264984,0.959408
297927,2838117187,29759766,2026-10-06T05:17:59.989605+00:00,216900010996550,-76,-308,171,1660,1065,3678,-2.66,-10.78,5.985,0.40504,0.25986,0.897432
297928,2838126953,29769532,2026-10-06T05:17:59.989749+00:00,216900011140126,-92,-322,182,1735,1133,3916,-3.22,-11.27,6.37,0.42334,0.276452,0.955504
297929,2838137695,29780274,2026-10-06T05:17:59.989850+00:00,216900011239389,-82,-283,183,1319,1146,3771,-2.87,-9.905,6.405,0.321836,0.279624,0.920124
297930,2838147460,29790039,2026-10-06T05:18:00.030556+00:00,216900051963659,-86,-330,206,1402,1385,3875,-3.01,-11.55,7.21,0.342088,0.33794,0.9455
297931,2838157226,29799805,2026-10-06T05:18:00.031049+00:00,216900052447649,-152,-336,198,1368,1064,3957,-5.32,-11.76,6.93,0.333792,0.259616,0.965508
297932,2838166992,29809571,2026-10-06T05:18:00.031501+00:00,216900052899953,-166,-326,233,1348,988,3921,-5.81,-11.41,8.155,0.328912,0.241072,0.956724
297933,2838177734,29820313,2026-10-06T05:18:00.032203+00:00,216900053600863,-137,-338,228,1486,1275,3704,-4.795,-11.83,7.98,0.362584,0.3111,0.903776
297934,2838182617,29825196,2026-10-06T05:18:00.032717+00:00,216900054114541,-197,-358,238,1576,1133,3806,-6.895,-12.53,8.33,0.384544,0.276452,0.928664
297935,2838192382,29834961,2026-10-06T05:18:00.075185+00:00,216900096584261,-201,-349,242,1573,1091,3743,-7.035,-12.215,8.47,0.383812,0.266204,0.913292
297936,2838202148,29844727,2026-10-06T05:18:00.075410+00:00,216900096801086,-206,-347,255,1558,1089,3757,-7.21,-12.145,8.925,0.380152,0.265716,0.916708
297937,2838212890,29855469,2026-10-06T05:18:00.075761+00:00,216900097152394,-224,-330,256,1232,1119,3870,-7.84,-11.55,8.96,0.300608,0.273036,0.94428
297938,2838222656,29865235,2026-10-06T05:18:00.076205+00:00,216900097595335,-228,-358,259,1463,1044,3732,-7.98,-12.53,9.065,0.356972,0.254736,0.910608
297939,2838232421,29875000,2026-10-06T05:18:00.078270+00:00,216900099664274,-222,-373,261,1687,1063,3857,-7.77,-13.055,9.135,0.411628,0.259372,0.941108
297940,2838242187,29884766,2026-10-06T05:18:00.120194+00:00,216900141590787,-233,-344,248,1532,947,3707,-8.155,-12.04,8.68,0.373808,0.231068,0.904508
297941,2838251953,29894532,2026-10-06T05:18:00.120378+00:00,216900141767366,-221,-365,249,1566,1026,3756,-7.735,-12.775,8.715,0.382104,0.250344,0.916464
297942,2838262695,29905274,2026-10-06T05:18:00.120569+00:00,216900141958092,-228,-384,249,1535,1028,3793,-7.98,-13.44,8.715,0.37454,0.250832,0.925492
297943,2838272460,29915039,2026-10-06T05:18:00.120823+00:00,216900142212785,-248,-397,251,1486,959,3818,-8.68,-13.895,8.785,0.362584,0.233996,0.931592
297944,2838282226,29924805,2026-10-06T05:18:00.164203+00:00,216900185598765,-247,-407,267,1258,1095,3769,-8.645,-14.245,9.345,0.306952,0.26718,0.919636
297945,2838291992,29934571,2026-10-06T05:18:00.164343+00:00,216900185732817,-274,-457,297,1186,1271,3742,-9.59,-15.995,10.395,0.289384,0.310124,0.913048
297946,2838297851,29940430,2026-10-06T05:18:00.166047+00:00,216900187436286,-368,-525,328,1459,1126,4002,-12.88,-18.375,11.48,0.355996,0.274744,0.976488
297947,2838307617,29950196,2026-10-06T05:18:00.211476+00:00,216900232874316,-402,-525,330,1929,899,3752,-14.07,-18.375,11.55,0.470676,0.219356,0.915488
297948,2838317382,29959961,2026-10-06T05:18:00.211870+00:00,216900233260387,-376,-487,315,2087,889,3868,-13.16,-17.045,11.025,0.509228,0.216916,0.943792
297949,2838327148,29969727,2026-10-06T05:18:00.212268+00:00,216900233657383,-336,-387,263,1418,823,4084,-11.76,-13.545,9.205,0.345992,0.200812,0.996496
297950,2838337890,29980469,2026-10-06T05:18:00.212783+00:00,216900234173837,-289,-369,255,1364,927,3947,-10.115,-12.915,8.925,0.332816,0.226188,0.963068
297951,2838347656,29990235,2026-10-06T05:18:00.213016+00:00,216900234405046,-278,-381,260,1538,1029,3845,-9.73,-13.335,9.1,0.375272,0.251076,0.93818
297952,2838357421,30000000,2026-10-06T05:18:00.213340+00:00,216900234728187,-306,-400,268,1848,862,3928,-10.71,-14.0,9.38,0.450912,0.210328,0.958432
297953,2838367187,30009766,2026-10-06T05:18:00.213713+00:00,216900235101081,-257,-360,247,1738,849,3788,-8.995,-12.6,8.645,0.424072,0.207156,0.924272
297954,2838376953,30019532,2026-10-06T05:18:00.255272+00:00,216900276666362,-227,-350,234,1750,847,3861,-7.945,-12.25,8.19,0.427,0.206668,0.942084
297955,2838382812,30025391,2026-10-06T05:18:00.255444+00:00,216900276831427,-183,-315,210,1520,838,3806,-6.405,-11.025,7.35,0.37088,0.204472,0.928664
297956,2838392578,30035157,2026-10-06T05:18:00.255743+00:00,216900277131979,-160,-326,214,1499,905,3835,-5.6,-11.41,7.49,0.365756,0.22082,0.93574
297957,2838402343,30044922,2026-10-06T05:18:00.255946+00:00,216900277335313,-168,-345,244,1413,917,3817,-5.88,-12.075,8.54,0.344772,0.223748,0.931348
297958,2838412109,30054688,2026-10-06T05:18:00.257064+00:00,216900278454638,-176,-386,283,1721,892,3844,-6.16,-13.51,9.905,0.419924,0.217648,0.937936
297959,2838422851,30065430,2026-10-06T05:18:00.299285+00:00,216900320682475,-168,-382,313,1864,876,3850,-5.88,-13.37,10.955,0.454816,0.213744,0.9394
297960,2838432617,30075196,2026-10-06T05:18:00.299429+00:00,216900320816713,-139,-357,303,1783,776,3838,-4.865,-12.495,10.605,0.435052,0.189344,0.936472
297961,2838442382,30084961,2026-10-06T05:18:00.299756+00:00,216900321144514,-98,-345,299,1689,790,3854,-3.43,-12.075,10.465,0.412116,0.19276,0.940376
297962,2838452148,30094727,2026-10-06T05:18:00.301285+00:00,216900322678703,-59,-338,297,1479,889,3883,-2.065,-11.83,10.395,0.360876,0.216916,0.947452
297963,2838462890,30105469,2026-10-06T05:18:00.344236+00:00,216900365632649,-49,-361,302,1486,868,3843,-1.715,-12.635,10.57,0.362584,0.211792,0.937692
297964,2838472656,30115235,2026-10-06T05:18:00.344505+00:00,216900365896192,-60,-402,353,1722,848,3733,-2.1,-14.07,12.355,0.420168,0.206912,0.910852
297965,2838482421,30125000,2026-10-06T05:18:00.344845+00:00,216900366237126,-65,-434,387,1858,835,3829,-2.275,-15.19,13.545,0.453352,0.20374,0.934276
297966,2838487304,30129883,2026-10-06T05:18:00.347133+00:00,216900368523198,-42,-423,383,1692,806,3839,-1.47,-14.805,13.405,0.412848,0.196664,0.936716
297967,2838497070,30139649,2026-10-06T05:18:00.347369+00:00,216900368758833,-24,-444,398,1776,831,3827,-0.84,-15.54,13.93,0.433344,0.202764,0.933788
297968,2838507812,30150391,2026-10-06T05:18:00.389224+00:00,216900410618555,-9,-445,408,1630,842,3811,-0.315,-15.575,14.28,0.39772,0.205448,0.929884
297969,2838517578,30160157,2026-10-06T05:18:00.389441+00:00,216900410829864,6,-469,415,1777,825,3745,0.21,-16.415,14.525,0.433588,0.2013,0.91378
297970,2838527343,30169922,2026-10-06T05:18:00.389636+00:00,216900411025030,15,-492,438,1878,771,3896,0.525,-17.22,15.33,0.458232,0.188124,0.950624
297971,2838537109,30179688,2026-10-06T05:18:00.391102+00:00,216900412491249,26,-469,433,1703,772,3760,0.91,-16.415,15.155,0.415532,0.188368,0.91744
297972,2838547851,30190430,2026-10-06T05:18:00.391330+00:00,216900412718926,28,-498,435,1861,750,3903,0.98,-17.43,15.225,0.454084,0.183,0.952332
297973,2838557617,30200196,2026-10-06T05:18:00.434367+00:00,216900455769348,48,-503,429,1759,743,3799,1.68,-17.605,15.015,0.429196,0.181292,0.926956
297974,2838567382,30209961,2026-10-06T05:18:00.434730+00:00,216900456126749,64,-528,423,1601,818,3780,2.24,-18.48,14.805,0.390644,0.199592,0.92232
297975,2838577148,30219727,2026-10-06T05:18:00.435955+00:00,216900457354977,44,-601,450,1841,787,3808,1.54,-21.035,15.75,0.449204,0.192028,0.929152
297976,2838587890,30230469,2026-10-06T05:18:00.437300+00:00,216900458696097,35,-663,480,1893,792,3734,1.225,-23.205,16.8,0.461892,0.193248,0.911096
297977,2838592773,30235352,2026-10-06T05:18:00.437586+00:00,216900458977993,50,-733,473,1675,728,3889,1.75,-25.655,16.555,0.4087,0.177632,0.948916
297978,2838602539,30245118,2026-10-06T05:18:00.524228+00:00,216900545626754,104,-822,445,1921,589,3572,3.64,-28.77,15.575,0.468724,0.143716,0.871568
297979,2838612304,30254883,2026-10-06T05:18:00.524413+00:00,216900545801406,159,-956,449,2127,646,3688,5.565,-33.46,15.715,0.518988,0.157624,0.899872
297980,2838622070,30264649,2026-10-06T05:18:00.524720+00:00,216900546111242,244,-1026,398,1583,639,3812,8.54,-35.91,13.93,0.386252,0.155916,0.930128
297981,2838632812,30275391,2026-10-06T05:18:00.569416+00:00,216900590816765,346,-1155,370,1798,875,3865,12.11,-40.425,12.95,0.438712,0.2135,0.94306
297982,2838642578,30285157,2026-10-06T05:18:00.569799+00:00,216900591191191,335,-1285,425,1932,891,3485,11.725,-44.975,14.875,0.471408,0.217404,0.85034
297983,2838652343,30294922,2026-10-06T05:18:00.570455+00:00,216900591847235,246,-1510,501,2045,312,2958,8.61,-52.85,17.535,0.49898,0.076128,0.721752
297984,2838662109,30304688,2026-10-06T05:18:00.574142+00:00,216900595533365,338,-1805,533,2472,419,3454,11.83,-63.175,18.655,0.603168,0.102236,0.842776
297985,2838672851,30315430,2026-10-06T05:18:00.574535+00:00,216900595926211,407,-2005,504,1905,1226,4487,14.245,-70.175,17.64,0.46482,0.299144,1.094828
297986,2838677734,30320313,2026-10-06T05:18:00.574943+00:00,216900596333736,406,-2045,318,1319,1311,4549,14.21,-71.575,11.13,0.321836,0.319884,1.109956
297987,2838687500,30330079,2026-10-06T05:18:00.575186+00:00,216900596577574,337,-2223,299,1019,1248,3845,11.795,-77.805,10.465,0.248636,0.304512,0.93818
297988,2838697265,30339844,2026-10-06T05:18:00.575404+00:00,216900596794888,225,-2661,413,2107,1038,3774,7.875,-93.135,14.455,0.514108,0.253272,0.920856
297989,2838707031,30349610,2026-10-06T05:18:00.575672+00:00,216900597063075,227,-2959,434,1721,738,3913,7.945,-103.565,15.19,0.419924,0.180072,0.954772
297990,2838717773,30360352,2026-10-06T05:18:00.575904+00:00,216900597294318,227,-3259,433,1676,885,4387,7.945,-114.065,15.155,0.408944,0.21594,1.070428
297991,2838727539,30370118,2026-10-06T05:18:00.577228+00:00,216900598618991,172,-3501,412,1562,908,3670,6.02,-122.535,14.42,0.381128,0.221552,0.89548
297992,2838737304,30379883,2026-10-06T05:18:00.614305+00:00,216900635702429,124,-3941,371,1987,827,3796,4.34,-137.935,12.985,0.484828,0.201788,0.926224
297993,2838747070,30389649,2026-10-06T05:18:00.614477+00:00,216900635866785,72,-4355,347,1916,582,4078,2.52,-152.425,12.145,0.467504,0.142008,0.995032
297994,2838757812,30400391,2026-10-06T05:18:00.614793+00:00,216900636184095,6,-4743,439,1825,594,3880,0.21,-166.005,15.365,0.4453,0.144936,0.94672
297995,2838767578,30410157,2026-10-06T05:18:00.617129+00:00,216900638520635,-37,-5216,540,1996,896,3824,-1.295,-182.56,18.9,0.487024,0.218624,0.933056
297996,2838777343,30419922,2026-10-06T05:18:00.659357+00:00,216900680754823,-72,-5716,572,1925,913,3513,-2.52,-200.06,20.02,0.4697,0.222772,0.857172
297997,2838787109,30429688,2026-10-06T05:18:00.659528+00:00,216900680918564,-69,-6296,629,2203,797,3547,-2.415,-220.36,22.015,0.537532,0.194468,0.865468
297998,2838791992,30434571,2026-10-06T05:18:00.659823+00:00,216900681214203,-21,-6817,720,2393,702,3640,-0.735,-238.595,25.2,0.583892,0.171288,0.88816
297999,2838802734,30445313,2026-10-06T05:18:00.661152+00:00,216900682544342,2,-7261,866,2511,646,3449,0.07,-254.135,30.31,0.612684,0.157624,0.841556
298000,2838812500,30455079,2026-10-06T05:18:00.661319+00:00,216900682709332,98,-7699,1013,3357,589,3573,3.43,-269.465,35.455,0.819108,0.143716,0.871812
298001,2838822265,30464844,2026-10-06T05:18:00.709079+00:00,216900730479816,321,-7979,1121,4072,290,3800,11.235,-279.265,39.235,0.993568,0.07076,0.9272
298002,2838832031,30474610,2026-10-06T05:18:00.709438+00:00,216900730834577,809,-8114,1188,4799,412,3883,28.315,-283.99,41.58,1.170956,0.100528,0.947452
298003,2838842773,30485352,2026-10-06T05:18:00.709675+00:00,216900731070254,1505,-8161,1182,5572,626,4064,52.675,-285.635,41.37,1.359568,0.152744,0.991616
298004,2838852539,30495118,2026-10-06T05:18:00.710752+00:00,216900732150992,2128,-8088,1243,5458,863,4067,74.48,-283.08,43.505,1.331752,0.210572,0.992348
298005,2838862304,30504883,2026-10-06T05:18:00.711184+00:00,216900732582021,2535,-7989,1425,5103,1288,3958,88.725,-279.615,49.875,1.245132,0.314272,0.965752
298006,2838872070,30514649,2026-10-06T05:18:00.750210+00:00,216900771623174,2623,-7905,1720,4716,1864,3902,91.805,-276.675,60.2,1.150704,0.454816,0.952088
298007,2838882812,30525391,2026-10-06T05:18:00.751244+00:00,216900772659465,2508,-7801,2020,4498,1460,3959,87.78,-273.035,70.7,1.097512,0.35624,0.965996
298008,2838887695,30530274,2026-10-06T05:18:00.752845+00:00,216900774264266,2723,-7538,2186,4668,1590,3857,95.305,-263.83,76.51,1.138992,0.38796,0.941108
298009,2838897460,30540039,2026-10-06T05:18:00.755966+00:00,216900777395271,3114,-7170,2229,4645,1502,3320,108.99,-250.95,78.015,1.13338,0.366488,0.81008
298010,2838907226,30549805,2026-10-06T05:18:00.756863+00:00,216900778281320,3660,-6783,2283,6416,1427,4129,128.1,-237.405,79.905,1.565504,0.348188,1.007476
298011,2838916992,30559571,2026-10-06T05:18:00.795944+00:00,216900817365320,3893,-5837,2462,6464,1339,4101,136.255,-204.295,86.17,1.577216,0.326716,1.000644
298012,2838927734,30570313,2026-10-06T05:18:00.797142+00:00,216900818557670,3566,-4596,2810,6745,718,4675,124.81,-160.86,98.35,1.64578,0.175192,1.1407
298013,2838937500,30580079,2026-10-06T05:18:00.798137+00:00,216900819553161,3318,-3032,3154,5486,1283,4503,116.13,-106.12,110.39,1.338584,0.313052,1.098732
298014,2838947265,30589844,2026-10-06T05:18:00.799184+00:00,216900820599576,3180,-1596,3370,4919,2485,5583,111.3,-55.86,117.95,1.200236,0.60634,1.362252
298015,2838957031,30599610,2026-10-06T05:18:00.843938+00:00,216900865365897,2547,-82,3638,4441,207,5756,89.145,-2.87,127.33,1.083604,0.050508,1.404464
298016,2838967773,30610352,2026-10-06T05:18:00.844403+00:00,216900865814758,2985,1225,3375,5748,2327,6785,104.475,42.875,118.125,1.402512,0.567788,1.65554
298017,2838977539,30620118,2026-10-06T05:18:00.846513+00:00,216900867936517,2649,2704,2758,-213,3523,3010,92.715,94.64,96.53,-0.051972,0.859612,0.73444
298018,2838982421,30625000,2026-10-06T05:18:00.849851+00:00,216900871271945,1676,2728,2476,-1197,3624,1775,58.66,95.48,86.66,-0.292068,0.884256,0.4331
298019,2838992187,30634766,2026-10-06T05:18:00.850618+00:00,216900872071944,513,2199,2095,-1404,2489,655,17.955,76.965,73.325,-0.342576,0.607316,0.15982
298020,2839001953,30644532,2026-10-06T05:18:00.974638+00:00,216900996043249,131,1527,1473,-790,1697,774,4.585,53.445,51.555,-0.19276,0.414068,0.188856
298021,2839012695,30655274,2026-10-06T05:18:01.021919+00:00,216901043323942,336,1116,706,-327,1462,1370,11.76,39.06,24.71,-0.079788,0.356728,0.33428
298022,2839022460,30665039,2026-10-06T05:18:01.022134+00:00,216901043529294,726,932,-217,116,1921,1787,25.41,32.62,-7.595,0.028304,0.468724,0.436028
298023,2839032226,30674805,2026-10-06T05:18:01.022345+00:00,216901043739257,822,909,-1066,1008,2432,2603,28.77,31.815,-37.31,0.245952,0.593408,0.635132
298024,2839041992,30684571,2026-10-06T05:18:01.022541+00:00,216901043934607,558,1185,-1775,2042,2428,3485,19.53,41.475,-62.125,0.498248,0.592432,0.85034
298025,2839052734,30695313,2026-10-06T05:18:01.023119+00:00,216901044515838,164,1807,-2356,2919,1986,4114,5.74,63.245,-82.46,0.712236,0.484584,1.003816
298026,2839062500,30705079,2026-10-06T05:18:01.023465+00:00,216901044859964,-178,2702,-2798,3580,1409,4407,-6.23,94.57,-97.93,0.87352,0.343796,1.075308
298027,2839072265,30714844,2026-10-06T05:18:01.023858+00:00,216901045253101,-430,3715,-3059,3692,926,4239,-15.05,130.025,-107.065,0.900848,0.225944,1.034316
298028,2839082031,30724610,2026-10-06T05:18:01.024195+00:00,216901045589793,-650,4642,-3107,3302,410,3716,-22.75,162.47,-108.745,0.805688,0.10004,0.906704
298029,2839087890,30730469,2026-10-06T05:18:01.024540+00:00,216901045934258,-788,5314,-2946,2846,-120,3089,-27.58,185.99,-103.11,0.694424,-0.02928,0.753716
298030,2839097656,30740235,2026-10-06T05:18:01.025226+00:00,216901046622592,-769,5711,-2669,2707,-530,2757,-26.915,199.885,-93.415,0.660508,-0.12932,0.672708
298031,2839107421,30750000,2026-10-06T05:18:01.025582+00:00,216901046977885,-628,5958,-2362,2748,-802,2661,-21.98,208.53,-82.67,0.670512,-0.195688,0.649284
298032,2839117187,30759766,2026-10-06T05:18:01.025901+00:00,216901047294430,-378,6139,-2061,2797,-808,2618,-13.23,214.865,-72.135,0.682468,-0.197152,0.638792
298033,2839126953,30769532,2026-10-06T05:18:01.028490+00:00,216901049882450,-140,6263,-1781,2939,-505,2729,-4.9,219.205,-62.335,0.717116,-0.12322,0.665876
298034,2839137695,30780274,2026-10-06T05:18:01.029132+00:00,216901050524645,-27,6355,-1541,3147,-220,2935,-0.945,222.425,-53.935,0.767868,-0.05368,0.71614
298035,2839147460,30790039,2026-10-06T05:18:01.029658+00:00,216901051052293,10,6455,-1359,3507,-83,3210,0.35,225.925,-47.565,0.855708,-0.020252,0.78324
298036,2839157226,30799805,2026-10-06T05:18:01.030017+00:00,216901051410846,73,6616,-1250,3718,37,3330,2.555,231.56,-43.75,0.907192,0.009028,0.81252
298037,2839166992,30809571,2026-10-06T05:18:01.030300+00:00,216901051691288,164,6781,-1203,3750,279,3352,5.74,237.335,-42.105,0.915,0.068076,0.817888
298038,2839177734,30820313,2026-10-06T05:18:01.030654+00:00,216901052049218,218,6889,-1186,3652,567,3276,7.63,241.115,-41.51,0.891088,0.138348,0.799344
298039,2839182617,30825196,2026-10-06T05:18:01.031226+00:00,216901052623239,214,6900,-1183,3434,716,3080,7.49,241.5,-41.405,0.837896,0.174704,0.75152
298040,2839192382,30834961,2026-10-06T05:18:01.065785+00:00,216901087191636,233,6778,-1203,3227,669,2969,8.155,237.23,-42.105,0.787388,0.163236,0.724436
298041,2839202148,30844727,2026-10-06T05:18:01.066384+00:00,216901087779006,397,6562,-1253,3355,798,3144,13.895,229.67,-43.855,0.81862,0.194712,0.767136
298042,2839212890,30855469,2026-10-06T05:18:01.067062+00:00,216901088456432,618,6359,-1324,3672,1338,3406,21.63,222.565,-46.34,0.895968,0.326472,0.831064
298043,2839222656,30865235,2026-10-06T05:18:01.067422+00:00,216901088817520,684,6209,-1435,3872,1967,3530,23.94,217.315,-50.225,0.944768,0.479948,0.86132
298044,2839232421,30875000,2026-10-06T05:18:01.112770+00:00,216901134172377,570,6064,-1641,3794,2368,3473,19.95,212.24,-57.435,0.925736,0.577792,0.847412
298045,2839242187,30884766,2026-10-06T05:18:01.113167+00:00,216901134564713,378,5849,-1996,3683,2469,3433,13.23,204.715,-69.86,0.898652,0.602436,0.837652
298046,2839251953,30894532,2026-10-06T05:18:01.113691+00:00,216901135083144,268,5584,-2512,3761,2606,3618,9.38,195.44,-87.92,0.917684,0.635864,0.882792
298047,2839262695,30905274,2026-10-06T05:18:01.114141+00:00,216901135535986,179,5351,-3142,4001,2803,3975,6.265,187.285,-109.97,0.976244,0.683932,0.9699
298048,2839272460,30915039,2026-10-06T05:18:01.155471+00:00,216901176879311,23,5206,-3828,4337,2720,4400,0.805,182.21,-133.98,1.058228,0.66368,1.0736
298049,2839282226,30924805,2026-10-06T05:18:01.156766+00:00,216901178181493,-178,5178,-4478,4585,2539,4679,-6.23,181.23,-156.73,1.11874,0.619516,1.141676
298050,2839291992,30934571,2026-10-06T05:18:01.157680+00:00,216901179081660,-448,5218,-4978,4697,2100,4783,-15.68,182.63,-174.23,1.146068,0.5124,1.167052
298051,2839297851,30940430,2026-10-06T05:18:01.158735+00:00,216901180133496,-709,5267,-5258,4639,1509,4649,-24.815,184.345,-184.03,1.131916,0.368196,1.134356
298052,2839307617,30950196,2026-10-06T05:18:01.159886+00:00,216901181283298,-871,5262,-5286,4523,908,4418,-30.485,184.17,-185.01,1.103612,0.221552,1.077992
298053,2839317382,30959961,2026-10-06T05:18:01.244142+00:00,216901265537580,-909,5183,-5083,4472,561,4190,-31.815,181.405,-177.905,1.091168,0.136884,1.02236
298054,2839327148,30969727,2026-10-06T05:18:01.244315+00:00,216901265702729,-893,5039,-4710,4633,383,4110,-31.255,176.365,-164.85,1.130452,0.093452,1.00284
298055,2839337890,30980469,2026-10-06T05:18:01.244584+00:00,216901265972648,-851,4896,-4273,5076,164,4201,-29.785,171.36,-149.555,1.238544,0.040016,1.025044
298056,2839347656,30990235,2026-10-06T05:18:01.245979+00:00,216901267367378,-756,4828,-3853,5433,60,4146,-26.46,168.98,-134.855,1.325652,0.01464,1.011624
298057,2839357421,31000000,2026-10-06T05:18:01.246221+00:00,216901267609307,-657,4802,-3445,5729,94,4001,-22.995,168.07,-120.575,1.397876,0.022936,0.976244
298058,2839367187,31009766,2026-10-06T05:18:01.246356+00:00,216901267743638,-599,4790,-3030,5937,175,3673,-20.965,167.65,-106.05,1.448628,0.0427,0.896212
298059,2839376953,31019532,2026-10-06T05:18:01.249081+00:00,216901270471323,-615,4755,-2599,5711,83,2987,-21.525,166.425,-90.965,1.393484,0.020252,0.728828
298060,2839382812,31025391,2026-10-06T05:18:01.249319+00:00,216901270706619,-563,4581,-2164,5264,-245,2165,-19.705,160.335,-75.74,1.284416,-0.05978,0.52826
298061,2839392578,31035157,2026-10-06T05:18:01.334562+00:00,216901355977736,-308,4226,-1737,4978,-472,1480,-10.78,147.91,-60.795,1.214632,-0.115168,0.36112
298062,2839402343,31044922,2026-10-06T05:18:01.335496+00:00,216901356893727,81,3758,-1337,4953,-700,1019,2.835,131.53,-46.795,1.208532,-0.1708,0.248636
298063,2839412109,31054688,2026-10-06T05:18:01.335645+00:00,216901357034097,506,3269,-968,5352,-597,622,17.71,114.415,-33.88,1.305888,-0.145668,0.151768
298064,2839422851,31065430,2026-10-06T05:18:01.336323+00:00,216901357712559,773,2804,-553,5499,-201,-15,27.055,98.14,-19.355,1.341756,-0.049044,-0.00366
298065,2839432617,31075196,2026-10-06T05:18:01.336461+00:00,216901357848079,791,2260,-111,5422,-235,-743,27.685,79.1,-3.885,1.322968,-0.05734,-0.181292
298066,2839442382,31084961,2026-10-06T05:18:01.336679+00:00,216901358065981,798,1588,225,5312,-236,-1378,27.93,55.58,7.875,1.296128,-0.057584,-0.336232
298067,2839452148,31094727,2026-10-06T05:18:01.336835+00:00,216901358221678,808,798,449,5342,64,-1699,28.28,27.93,15.715,1.303448,0.015616,-0.414556
298068,2839462890,31105469,2026-10-06T05:18:01.337883+00:00,216901359269448,699,-35,629,5517,339,-1665,24.465,-1.225,22.015,1.346148,0.082716,-0.40626
298069,2839472656,31115235,2026-10-06T05:18:01.338047+00:00,216901359433476,472,-851,804,5408,1142,-1617,16.52,-29.785,28.14,1.319552,0.278648,-0.394548
298070,2839482421,31125000,2026-10-06T05:18:01.339996+00:00,216901361384880,-227,-1804,976,4842,2097,-1403,-7.945,-63.14,34.16,1.181448,0.511668,-0.342332
298071,2839487304,31129883,2026-10-06T05:18:01.340193+00:00,216901361579602,-1241,-2557,986,710,408,1940,-43.435,-89.495,34.51,0.17324,0.099552,0.47336
298072,2839497070,31139649,2026-10-06T05:18:01.340516+00:00,216901361902874,-1122,-2823,977,-820,1195,7706,-39.27,-98.805,34.195,-0.20008,0.29158,1.880264
298073,2839507812,31150391,2026-10-06T05:18:01.424131+00:00,216901445528038,-831,-2682,847,-3570,1591,10215,-29.085,-93.87,29.645,-0.87108,0.388204,2.49246
298074,2839517578,31160157,2026-10-06T05:18:01.424263+00:00,216901445650083,-776,-2839,824,-5399,723,3574,-27.16,-99.365,28.84,-1.317356,0.176412,0.872056
298075,2839527343,31169922,2026-10-06T05:18:01.424402+00:00,216901445788954,-778,-4388,1221,-2511,-66,873,-27.23,-153.58,42.735,-0.612684,-0.016104,0.213012
298076,2839537109,31179688,2026-10-06T05:18:01.426043+00:00,216901447431359,-625,-5819,1253,2055,-1003,2164,-21.875,-203.665,43.855,0.50142,-0.244732,0.528016
298077,2839547851,31190430,2026-10-06T05:18:01.426263+00:00,216901447652629,192,-6114,833,4359,220,4756,6.72,-213.99,29.155,1.063596,0.05368,1.160464
298078,2839557617,31200196,2026-10-06T05:18:01.426383+00:00,216901447771212,659,-5488,374,4466,435,6438,23.065,-192.08,13.09,1.089704,0.10614,1.570872
298079,2839567382,31209961,2026-10-06T05:18:01.469341+00:00,216901490737575,850,-4642,228,2736,-59,5612,29.75,-162.47,7.98,0.667584,-0.014396,1.369328
298080,2839577148,31219727,2026-10-06T05:18:01.469485+00:00,216901490872680,1132,-4233,386,3489,829,5679,39.62,-148.155,13.51,0.851316,0.202276,1.385676
298081,2839587890,31230469,2026-10-06T05:18:01.469820+00:00,216901491210755,1090,-3722,655,6927,2419,7952,38.15,-130.27,22.925,1.690188,0.590236,1.940288
298082,2839592773,31235352,2026-10-06T05:18:01.471143+00:00,216901492533377,499,-2210,714,7373,3366,6915,17.465,-77.35,24.99,1.799012,0.821304,1.68726
298083,2839602539,31245118,2026-10-06T05:18:01.471333+00:00,216901492720942,239,-650,185,2558,3190,3907,8.365,-22.75,6.475,0.624152,0.77836,0.953308
298084,2839612304,31254883,2026-10-06T05:18:01.471510+00:00,216901492897323,8,-536,-59,1644,2450,4481,0.28,-18.76,-2.065,0.401136,0.5978,1.093364
298085,2839622070,31264649,2026-10-06T05:18:01.474188+00:00,216901495584669,-221,-457,-145,2684,1362,4885,-7.735,-15.995,-5.075,0.654896,0.332328,1.19194
298086,2839632812,31275391,2026-10-06T05:18:01.515246+00:00,216901536642074,-134,-118,-183,2327,294,4328,-4.69,-4.13,-6.405,0.567788,0.071736,1.056032
298087,2839642578,31285157,2026-10-06T05:18:01.515412+00:00,216901536800415,121,136,-220,1682,406,3940,4.235,4.76,-7.7,0.410408,0.099064,0.96136
298088,2839652343,31294922,2026-10-06T05:18:01.515669+00:00,216901537056985,254,192,-213,1646,641,3924,8.89,6.72,-7.455,0.401624,0.156404,0.957456
298089,2839662109,31304688,2026-10-06T05:18:01.515923+00:00,216901537309278,366,243,-186,1475,993,3740,12.81,8.505,-6.51,0.3599,0.242292,0.91256
298090,2839672851,31315430,2026-10-06T05:18:01.518888+00:00,216901540283402,405,257,-175,1477,1236,3756,14.175,8.995,-6.125,0.360388,0.301584,0.916464
298091,2839677734,31320313,2026-10-06T05:18:01.560137+00:00,216901581531089,403,295,-191,1415,1380,3852,14.105,10.325,-6.685,0.34526,0.33672,0.939888
298092,2839687500,31330079,2026-10-06T05:18:01.560286+00:00,216901581673352,325,324,-159,1073,1219,3686,11.375,11.34,-5.565,0.261812,0.297436,0.899384
298093,2839697265,31339844,2026-10-06T05:18:01.560507+00:00,216901581893622,309,281,-124,990,1420,3738,10.815,9.835,-4.34,0.24156,0.34648,0.912072
298094,2839707031,31349610,2026-10-06T05:18:01.560828+00:00,216901582216273,237,224,-113,953,1387,3549,8.295,7.84,-3.955,0.232532,0.338428,0.865956
298095,2839717773,31360352,2026-10-06T05:18:01.562972+00:00,216901584360055,139,132,-75,863,1222,3711,4.865,4.62,-2.625,0.210572,0.298168,0.905484
298096,2839727539,31370118,2026-10-06T05:18:01.604285+00:00,216901625680658,93,61,-47,798,990,3808,3.255,2.135,-1.645,0.194712,0.24156,0.929152
298097,2839737304,31379883,2026-10-06T05:18:01.604541+00:00,216901625929561,100,19,-4,727,953,3766,3.5,0.665,-0.14,0.177388,0.232532,0.918904
298098,2839747070,31389649,2026-10-06T05:18:01.604834+00:00,216901626223712,140,-48,47,980,1185,3794,4.9,-1.68,1.645,0.23912,0.28914,0.925736
298099,2839757812,31400391,2026-10-06T05:18:01.606100+00:00,216901627488619,119,-91,92,1078,1327,3865,4.165,-3.185,3.22,0.263032,0.323788,0.94306
298100,2839767578,31410157,2026-10-06T05:18:01.650317+00:00,216901671714663,88,-108,88,1156,1194,3690,3.08,-3.78,3.08,0.282064,0.291336,0.90036
298101,2839777343,31419922,2026-10-06T05:18:01.650509+00:00,216901671898307,68,-150,104,1353,1232,4007,2.38,-5.25,3.64,0.330132,0.300608,0.977708
298102,2839787109,31429688,2026-10-06T05:18:01.650867+00:00,216901672255219,72,-121,85,1408,1205,4106,2.52,-4.235,2.975,0.343552,0.29402,1.001864
298103,2839791992,31434571,2026-10-06T05:18:01.651158+00:00,216901672546452,100,-54,57,1146,1289,4158,3.5,-1.89,1.995,0.279624,0.314516,1.014552
298104,2839802734,31445313,2026-10-06T05:18:01.653115+00:00,216901674509353,95,-62,47,1303,1077,3964,3.325,-2.17,1.645,0.317932,0.262788,0.967216
298105,2839812500,31455079,2026-10-06T05:18:01.694225+00:00,216901715620828,130,-58,26,1447,955,4113,4.55,-2.03,0.91,0.353068,0.23302,1.003572
298106,2839822265,31464844,2026-10-06T05:18:01.694351+00:00,216901715737543,204,37,-37,1507,1169,4108,7.14,1.295,-1.295,0.367708,0.285236,1.002352
298107,2839832031,31474610,2026-10-06T05:18:01.694574+00:00,216901715960599,183,24,13,1358,1151,3714,6.405,0.84,0.455,0.331352,0.280844,0.906216
298108,2839842773,31485352,2026-10-06T05:18:01.696030+00:00,216901717417340,181,-40,-11,1884,1294,3928,6.335,-1.4,-0.385,0.459696,0.315736,0.958432
298109,2839852539,31495118,2026-10-06T05:18:01.696237+00:00,216901717623749,171,29,-40,1545,1127,4018,5.985,1.015,-1.4,0.37698,0.274988,0.980392
298110,2839862304,31504883,2026-10-06T05:18:01.745727+00:00,216901767138079,215,51,-45,1428,1216,3928,7.525,1.785,-1.575,0.348432,0.296704,0.958432
298111,2839872070,31514649,2026-10-06T05:18:01.746033+00:00,216901767430416,237,48,-56,1593,1418,3991,8.295,1.68,-1.96,0.388692,0.345992,0.973804
298112,2839882812,31525391,2026-10-06T05:18:01.746229+00:00,216901767624516,202,64,-74,1492,1140,3960,7.07,2.24,-2.59,0.364048,0.27816,0.96624
298113,2839887695,31530274,2026-10-06T05:18:01.746378+00:00,216901767770759,204,66,-74,1415,936,3842,7.14,2.31,-2.59,0.34526,0.228384,0.937448
298114,2839897460,31540039,2026-10-06T05:18:01.746565+00:00,216901767965376,237,49,-60,1350,1013,3703,8.295,1.715,-2.1,0.3294,0.247172,0.903532
298115,2839907226,31549805,2026-10-06T05:18:01.784827+00:00,216901806235031,253,6,-35,1258,1147,3783,8.855,0.21,-1.225,0.306952,0.279868,0.923052
298116,2839916992,31559571,2026-10-06T05:18:01.785230+00:00,216901806624509,230,-32,9,1153,1168,3657,8.05,-1.12,0.315,0.281332,0.284992,0.892308
298117,2839927734,31570313,2026-10-06T05:18:01.785540+00:00,216901806935990,215,-72,35,1101,1324,3756,7.525,-2.52,1.225,0.268644,0.323056,0.916464
298118,2839937500,31580079,2026-10-06T05:18:01.786490+00:00,216901807886118,160,-132,73,955,1275,3539,5.6,-4.62,2.555,0.23302,0.3111,0.863516
298119,2839947265,31589844,2026-10-06T05:18:01.830946+00:00,216901852371715,106,-219,119,1267,1365,3765,3.71,-7.665,4.165,0.309148,0.33306,0.91866
298120,2839957031,31599610,2026-10-06T05:18:01.831903+00:00,216901853321193,47,-234,151,1164,1258,3722,1.645,-8.19,5.285,0.284016,0.306952,0.908168
298121,2839967773,31610352,2026-10-06T05:18:01.832985+00:00,216901854400422,10,-272,189,1113,1184,3658,0.35,-9.52,6.615,0.271572,0.288896,0.892552
298122,2839977539,31620118,2026-10-06T05:18:01.833886+00:00,216901855305141,-18,-328,228,1280,1274,3748,-0.63,-11.48,7.98,0.31232,0.310856,0.914512
298123,2839982421,31625000,2026-10-06T05:18:01.835345+00:00,216901856763657,-62,-350,248,1290,1250,3892,-2.17,-12.25,8.68,0.31476,0.305,0.949648
298124,2839992187,31634766,2026-10-06T05:18:01.875561+00:00,216901896980149,-81,-349,257,1267,1235,3790,-2.835,-12.215,8.995,0.309148,0.30134,0.92476
298125,2840001953,31644532,2026-10-06T05:18:01.876611+00:00,216901898062405,-112,-362,269,1380,1261,3770,-3.92,-12.67,9.415,0.33672,0.307684,0.91988
298126,2840012695,31655274,2026-10-06T05:18:01.877551+00:00,216901898970005,-148,-372,268,1346,1311,3789,-5.18,-13.02,9.38,0.328424,0.319884,0.924516
298127,2840022460,31665039,2026-10-06T05:18:01.879179+00:00,216901900587627,-198,-404,277,1352,1192,3698,-6.93,-14.14,9.695,0.329888,0.290848,0.902312
298128,2840032226,31674805,2026-10-06T05:18:01.880187+00:00,216901901603521,-223,-426,284,1474,1250,3868,-7.805,-14.91,9.94,0.359656,0.305,0.943792
298129,2840041992,31684571,2026-10-06T05:18:01.920363+00:00,216901941791969,-233,-420,272,1303,1220,3843,-8.155,-14.7,9.52,0.317932,0.29768,0.937692
298130,2840052734,31695313,2026-10-06T05:18:01.921344+00:00,216901942763324,-248,-443,267,1353,1187,3822,-8.68,-15.505,9.345,0.330132,0.289628,0.932568
298131,2840062500,31705079,2026-10-06T05:18:01.923256+00:00,216901944668891,-262,-461,274,1390,1179,3912,-9.17,-16.135,9.59,0.33916,0.287676,0.954528
298132,2840072265,31714844,2026-10-06T05:18:01.966138+00:00,216901987558231,-281,-466,271,1600,1107,3804,-9.835,-16.31,9.485,0.3904,0.270108,0.928176
298133,2840082031,31724610,2026-10-06T05:18:01.967882+00:00,216901989297508,-285,-463,271,1782,1108,3821,-9.975,-16.205,9.485,0.434808,0.270352,0.932324
298134,2840087890,31730469,2026-10-06T05:18:01.970957+00:00,216901992381985,-290,-433,253,1671,1167,3951,-10.15,-15.155,8.855,0.407724,0.284748,0.964044
298135,2840097656,31740235,2026-10-06T05:18:01.974944+00:00,216901996370162,-271,-367,199,1469,1136,3979,-9.485,-12.845,6.965,0.358436,0.277184,0.970876
298136,2840107421,31750000,2026-10-06T05:18:01.977211+00:00,216901998636367,-237,-361,195,1449,1124,3783,-8.295,-12.635,6.825,0.353556,0.274256,0.923052
298137,2840117187,31759766,2026-10-06T05:18:01.978220+00:00,216901999633885,-257,-385,201,1555,1105,3966,-8.995,-13.475,7.035,0.37942,0.26962,0.967704
298138,2840126953,31769532,2026-10-06T05:18:02.056106+00:00,216902077508054,-239,-336,162,1383,1020,3833,-8.365,-11.76,5.67,0.337452,0.24888,0.935252
298139,2840137695,31780274,2026-10-06T05:18:02.056349+00:00,216902077739928,-237,-368,192,1389,1110,3770,-8.295,-12.88,6.72,0.338916,0.27084,0.91988
298140,2840147460,31790039,2026-10-06T05:18:02.056710+00:00,216902078098691,-284,-397,224,1461,1149,3801,-9.94,-13.895,7.84,0.356484,0.280356,0.927444
298141,2840157226,31799805,2026-10-06T05:18:02.057005+00:00,216902078394769,-344,-404,254,1474,1040,3829,-12.04,-14.14,8.89,0.359656,0.25376,0.934276
298142,2840166992,31809571,2026-10-06T05:18:02.057246+00:00,216902078634659,-353,-404,275,1467,1125,3787,-12.355,-14.14,9.625,0.357948,0.2745,0.924028
298143,2840177734,31820313,2026-10-06T05:18:02.057647+00:00,216902079035497,-361,-413,290,1200,1246,3738,-12.635,-14.455,10.15,0.2928,0.304024,0.912072
298144,2840182617,31825196,2026-10-06T05:18:02.058255+00:00,216902079643286,-404,-481,313,1180,1061,3679,-14.14,-16.835,10.955,0.28792,0.258884,0.897676
298145,2840192382,31834961,2026-10-06T05:18:02.058704+00:00,216902080092999,-442,-562,361,1456,1045,3772,-15.47,-19.67,12.635,0.355264,0.25498,0.920368
298146,2840202148,31844727,2026-10-06T05:18:02.058934+00:00,216902080323209,-455,-585,380,1483,1023,3805,-15.925,-20.475,13.3,0.361852,0.249612,0.92842
298147,2840212890,31855469,2026-10-06T05:18:02.061085+00:00,216902082474487,-441,-597,376,1543,903,3885,-15.435,-20.895,13.16,0.376492,0.220332,0.94794
298148,2840222656,31865235,2026-10-06T05:18:02.100332+00:00,216902121731938,-420,-583,373,1659,820,3991,-14.7,-20.405,13.055,0.404796,0.20008,0.973804
298149,2840232421,31875000,2026-10-06T05:18:02.100512+00:00,216902121903384,-345,-535,361,1487,992,3813,-12.075,-18.725,12.635,0.362828,0.242048,0.930372
298150,2840242187,31884766,2026-10-06T05:18:02.100815+00:00,216902122206425,-353,-564,368,1503,853,3791,-12.355,-19.74,12.88,0.366732,0.208132,0.925004
298151,2840251953,31894532,2026-10-06T05:18:02.101181+00:00,216902122575380,-338,-571,403,1490,915,3783,-11.83,-19.985,14.105,0.36356,0.22326,0.923052
298152,2840262695,31905274,2026-10-06T05:18:02.145290+00:00,216902166717632,-346,-589,455,1750,936,3836,-12.11,-20.615,15.925,0.427,0.228384,0.935984
298153,2840272460,31915039,2026-10-06T05:18:02.146575+00:00,216902167991540,-321,-564,484,1645,946,3933,-11.235,-19.74,16.94,0.40138,0.230824,0.959652
298154,2840282226,31924805,2026-10-06T05:18:02.147741+00:00,216902169156322,-287,-542,487,1782,718,3965,-10.045,-18.97,17.045,0.434808,0.175192,0.96746
298155,2840291992,31934571,2026-10-06T05:18:02.148833+00:00,216902170246669,-198,-502,493,1674,848,3936,-6.93,-17.57,17.255,0.408456,0.206912,0.960384
298156,2840297851,31940430,2026-10-06T05:18:02.150279+00:00,216902171694129,-146,-510,498,1551,839,3957,-5.11,-17.85,17.43,0.378444,0.204716,0.965508
298157,2840307617,31950196,2026-10-06T05:18:02.190579+00:00,216902212029548,-126,-555,528,1571,831,3859,-4.41,-19.425,18.48,0.383324,0.202764,0.941596
298158,2840317382,31959961,2026-10-06T05:18:02.236219+00:00,216902257645302,-142,-601,602,1713,998,3966,-4.97,-21.035,21.07,0.417972,0.243512,0.967704
298159,2840327148,31969727,2026-10-06T05:18:02.239152+00:00,216902260577494,-129,-610,607,1719,855,3925,-4.515,-21.35,21.245,0.419436,0.20862,0.9577
298160,2840337890,31980469,2026-10-06T05:18:02.241883+00:00,216902263299308,-81,-629,610,1690,839,3940,-2.835,-22.015,21.35,0.41236,0.204716,0.96136
298161,2840347656,31990235,2026-10-06T05:18:02.243683+00:00,216902265104470,-41,-664,584,1774,757,3923,-1.435,-23.24,20.44,0.432856,0.184708,0.957212
298162,2840357421,32000000,2026-10-06T05:18:02.244746+00:00,216902266167246,16,-692,561,1558,809,3899,0.56,-24.22,19.635,0.380152,0.197396,0.951356
298163,2840367187,32009766,2026-10-06T05:18:02.245898+00:00,216902267310439,19,-793,581,1784,750,3791,0.665,-27.755,20.335,0.435296,0.183,0.925004
298164,2840376953,32019532,2026-10-06T05:18:02.246749+00:00,216902268166365,-7,-932,638,1863,505,3300,-0.245,-32.62,22.33,0.454572,0.12322,0.8052
298165,2840382812,32025391,2026-10-06T05:18:02.247719+00:00,216902269139318,13,-1171,676,1970,645,3697,0.455,-40.985,23.66,0.48068,0.15738,0.902068
298166,2840392578,32035157,2026-10-06T05:18:02.248696+00:00,216902270116715,100,-1330,633,1526,709,3813,3.5,-46.55,22.155,0.372344,0.172996,0.930372
298167,2840402343,32044922,2026-10-06T05:18:02.280918+00:00,216902302325655,235,-1506,549,1676,1190,4428,8.225,-52.71,19.215,0.408944,0.29036,1.080432
298168,2840412109,32054688,2026-10-06T05:18:02.281343+00:00,216902302742994,306,-1603,504,813,1543,4154,10.71,-56.105,17.64,0.198372,0.376492,1.013576
298169,2840422851,32065430,2026-10-06T05:18:02.281890+00:00,216902303291092,244,-1935,579,1224,1224,3809,8.54,-67.725,20.265,0.298656,0.298656,0.929396
298170,2840432617,32075196,2026-10-06T05:18:02.282488+00:00,216902303888260,238,-2353,740,1589,1008,3950,8.33,-82.355,25.9,0.387716,0.245952,0.9638
298171,2840442382,32084961,2026-10-06T05:18:02.324565+00:00,216902345973677,280,-2681,812,1544,838,4219,9.8,-93.835,28.42,0.376736,0.204472,1.029436
298172,2840452148,32094727,2026-10-06T05:18:02.325060+00:00,216902346462641,297,-3021,808,1851,1102,4328,10.395,-105.735,28.28,0.451644,0.268888,1.056032
298173,2840462890,32105469,2026-10-06T05:18:02.325507+00:00,216902346904098,206,-3408,767,1729,960,3961,7.21,-119.28,26.845,0.421876,0.23424,0.966484
298174,2840472656,32115235,2026-10-06T05:18:02.326374+00:00,216902347769615,134,-3930,706,1685,717,4056,4.69,-137.55,24.71,0.41114,0.174948,0.989664
298175,2840482421,32125000,2026-10-06T05:18:02.326892+00:00,216902348287345,88,-4444,666,1604,551,4009,3.08,-155.54,23.31,0.391376,0.134444,0.978196
298176,2840487304,32129883,2026-10-06T05:18:02.369635+00:00,216902391045352,12,-4998,736,2111,736,4028,0.42,-174.93,25.76,0.515084,0.179584,0.982832
298177,2840497070,32139649,2026-10-06T05:18:02.370237+00:00,216902391633444,-129,-5492,812,1787,794,3864,-4.515,-192.22,28.42,0.436028,0.193736,0.942816
298178,2840507812,32150391,2026-10-06T05:18:02.370732+00:00,216902392127117,-291,-6070,878,1544,721,3719,-10.185,-212.45,30.73,0.376736,0.175924,0.907436
298179,2840517578,32160157,2026-10-06T05:18:02.371802+00:00,216902393199222,-354,-6651,911,1682,498,3714,-12.39,-232.785,31.885,0.410408,0.121512,0.906216
298180,2840527343,32169922,2026-10-06T05:18:02.372474+00:00,216902393869890,-305,-7143,946,2096,440,3453,-10.675,-250.005,33.11,0.511424,0.10736,0.842532
298181,2840537109,32179688,2026-10-06T05:18:02.414573+00:00,216902435983883,-221,-7615,999,2480,512,3367,-7.735,-266.525,34.965,0.60512,0.124928,0.821548
298182,2840547851,32190430,2026-10-06T05:18:02.415083+00:00,216902436483406,-175,-8027,1091,2946,525,3388,-6.125,-280.945,38.185,0.718824,0.1281,0.826672
298183,2840557617,32200196,2026-10-06T05:18:02.415527+00:00,216902436926213,16,-8291,1196,3661,664,3794,0.56,-290.185,41.86,0.893284,0.162016,0.925736
298184,2840567382,32209961,2026-10-06T05:18:02.416394+00:00,216902437793985,234,-8351,1328,4315,525,4050,8.19,-292.285,46.48,1.05286,0.1281,0.9882
298185,2840577148,32219727,2026-10-06T05:18:02.459612+00:00,216902481038842,774,-8252,1398,5401,483,4165,27.09,-288.82,48.93,1.317844,0.117852,1.01626
298186,2840587890,32230469,2026-10-06T05:18:02.460101+00:00,216902481501350,1555,-8024,1385,5674,887,3831,54.425,-280.84,48.475,1.384456,0.216428,0.934764
298187,2840592773,32235352,2026-10-06T05:18:02.460524+00:00,216902481922819,2085,-7772,1507,5494,1056,3733,72.975,-272.02,52.745,1.340536,0.257664,0.910852
298188,2840602539,32245118,2026-10-06T05:18:02.461425+00:00,216902482824344,2362,-7527,1744,4985,1438,3555,82.67,-263.445,61.04,1.21634,0.350872,0.86742
298189,2840612304,32254883,2026-10-06T05:18:02.461936+00:00,216902483335498,2409,-7305,2006,4595,1621,3740,84.315,-255.675,70.21,1.12118,0.395524,0.91256
298190,2840622070,32264649,2026-10-06T05:18:02.504817+00:00,216902526226515,2471,-6951,2203,5222,1401,4261,86.485,-243.285,77.105,1.274168,0.341844,1.039684
298191,2840632812,32275391,2026-10-06T05:18:02.505351+00:00,216902526751715,2791,-6274,2281,4759,1707,3702,97.685,-219.59,79.835,1.161196,0.416508,0.903288
298192,2840642578,32285157,2026-10-06T05:18:02.505862+00:00,216902527258216,3069,-5694,2300,5338,1573,3744,107.415,-199.29,80.5,1.302472,0.383812,0.913536
298193,2840652343,32294922,2026-10-06T05:18:02.506334+00:00,216902527735303,3090,-4884,2447,5837,819,3834,108.15,-170.94,85.645,1.424228,0.199836,0.935496
298194,2840662109,32304688,2026-10-06T05:18:02.506923+00:00,216902528318563,2901,-3730,2757,5588,360,4395,101.535,-130.55,96.495,1.363472,0.08784,1.07238
298195,2840672851,32315430,2026-10-06T05:18:02.550784+00:00,216902572187073,2801,-2347,3088,4302,-202,4800,98.035,-82.145,108.08,1.049688,-0.049288,1.1712
298196,2840677734,32320313,2026-10-06T05:18:02.551538+00:00,216902572938065,3203,-758,3238,4905,1374,7448,112.105,-26.53,113.33,1.19682,0.335256,1.817312
298197,2840687500,32330079,2026-10-06T05:18:02.552450+00:00,216902573849520,3041,1046,3321,2421,1542,5638,106.435,36.61,116.235,0.590724,0.376248,1.375672
298198,2840697265,32339844,2026-10-06T05:18:02.553057+00:00,216902574456309,2632,1905,3036,2351,2954,4560,92.12,66.675,106.26,0.573644,0.720776,1.11264
298199,2840707031,32349610,2026-10-06T05:18:02.553660+00:00,216902575059808,1845,2481,2554,-793,3231,2692,64.575,86.835,89.39,-0.193492,0.788364,0.656848
298200,2840717773,32360352,2026-10-06T05:18:02.594662+00:00,216902616068110,1018,2336,2089,-1295,2870,1861,35.63,81.76,73.115,-0.31598,0.70028,0.454084
298201,2840727539,32370118,2026-10-06T05:18:02.595004+00:00,216902616402073,393,1885,1434,-1267,2015,914,13.755,65.975,50.19,-0.309148,0.49166,0.223016
298202,2840737304,32379883,2026-10-06T05:18:02.595439+00:00,216902616838162,438,1380,677,-22,1639,1853,15.33,48.3,23.695,-0.005368,0.399916,0.452132
298203,2840747070,32389649,2026-10-06T05:18:02.597957+00:00,216902619372445,724,1314,-155,898,1921,2801,25.34,45.99,-5.425,0.219112,0.468724,0.683444
298204,2840757812,32400391,2026-10-06T05:18:02.641148+00:00,216902662572913,840,1595,-965,1696,2491,3494,29.4,55.825,-33.775,0.413824,0.607804,0.852536
298205,2840767578,32410157,2026-10-06T05:18:02.642544+00:00,216902663957951,563,2111,-1603,2587,2537,4108,19.705,73.885,-56.105,0.631228,0.619028,1.002352
298206,2840777343,32419922,2026-10-06T05:18:02.643469+00:00,216902664881585,91,2832,-2077,2927,1987,4201,3.185,99.12,-72.695,0.714188,0.484828,1.025044
298207,2840787109,32429688,2026-10-06T05:18:02.644419+00:00,216902665834210,-294,3575,-2377,2749,1116,3744,-10.29,125.125,-83.195,0.670756,0.272304,0.913536
298208,2840791992,32434571,2026-10-06T05:18:02.645374+00:00,216902666784253,-407,4147,-2492,2392,368,3157,-14.245,145.145,-87.22,0.583648,0.089792,0.770308
298209,2840802734,32445313,2026-10-06T05:18:02.686855+00:00,216902708280173,-295,4480,-2432,2267,4,2779,-10.325,156.8,-85.12,0.553148,0.000976,0.678076
298210,2840812500,32455079,2026-10-06T05:18:02.689076+00:00,216902710498663,-110,4657,-2238,2479,-18,2734,-3.85,162.995,-78.33,0.604876,-0.004392,0.667096
298211,2840822265,32464844,2026-10-06T05:18:02.691237+00:00,216902712667421,9,4810,-1979,2874,214,2990,0.315,168.35,-69.265,0.701256,0.052216,0.72956
298212,2840832031,32474610,2026-10-06T05:18:02.692500+00:00,216902713920521,12,5021,-1735,3193,397,3239,0.42,175.735,-60.725,0.779092,0.096868,0.790316
298213,2840842773,32485352,2026-10-06T05:18:02.693394+00:00,216902714811604,-38,5273,-1591,3451,511,3364,-1.33,184.555,-55.685,0.842044,0.124684,0.820816
298214,2840852539,32495118,2026-10-06T05:18:02.730143+00:00,216902751558262,-85,5523,-1558,3451,581,3275,-2.975,193.305,-54.53,0.842044,0.141764,0.7991
298215,2840862304,32504883,2026-10-06T05:18:02.730913+00:00,216902752314631,-109,5695,-1601,3402,481,3145,-3.815,199.325,-56.035,0.830088,0.117364,0.76738
298216,2840872070,32514649,2026-10-06T05:18:02.731598+00:00,216902753034531,-45,5779,-1682,3404,348,2999,-1.575,202.265,-58.87,0.830576,0.084912,0.731756
298217,2840882812,32525391,2026-10-06T05:18:02.732397+00:00,216902753796619,73,5784,-1763,3304,420,2820,2.555,202.44,-61.705,0.806176,0.10248,0.68808
298218,2840887695,32530274,2026-10-06T05:18:02.732942+00:00,216902754342849,134,5683,-1800,3277,680,2765,4.69,198.905,-63.0,0.799588,0.16592,0.67466
298219,2840897460,32540039,2026-10-06T05:18:02.775765+00:00,216902797169335,85,5508,-1806,3342,938,2803,2.975,192.78,-63.21,0.815448,0.228872,0.683932
298220,2840907226,32549805,2026-10-06T05:18:02.776721+00:00,216902798114327,-17,5315,-1840,3503,1108,2965,-0.595,186.025,-64.4,0.854732,0.270352,0.72346
298221,2840916992,32559571,2026-10-06T05:18:02.777055+00:00,216902798451413,-83,5165,-1953,3701,1300,3210,-2.905,180.775,-68.355,0.903044,0.3172,0.78324
298222,2840927734,32570313,2026-10-06T05:18:02.777431+00:00,216902798825529,-122,5088,-2144,3822,1665,3443,-4.27,178.08,-75.04,0.932568,0.40626,0.840092
298223,2840937500,32580079,2026-10-06T05:18:02.819574+00:00,216902840972848,-258,5048,-2375,3627,1891,3431,-9.03,176.68,-83.125,0.884988,0.461404,0.837164
298224,2840947265,32589844,2026-10-06T05:18:02.820008+00:00,216902841403546,-434,4963,-2635,3308,1708,3372,-15.19,173.705,-92.225,0.807152,0.416752,0.822768
298225,2840957031,32599610,2026-10-06T05:18:02.820495+00:00,216902841890379,-466,4818,-2918,3326,1360,3470,-16.31,168.63,-102.13,0.811544,0.33184,0.84668
298226,2840967773,32610352,2026-10-06T05:18:02.821191+00:00,216902842586574,-318,4710,-3182,3513,1442,3674,-11.13,164.85,-111.37,0.857172,0.351848,0.896456
298227,2840977539,32620118,2026-10-06T05:18:02.821533+00:00,216902842929629,-246,4659,-3391,3542,1620,3821,-8.61,163.065,-118.685,0.864248,0.39528,0.932324
298228,2840981445,32624024,2026-10-06T05:18:02.866148+00:00,216902887575224,-324,4615,-3556,3540,1534,3962,-11.34,161.525,-124.46,0.86376,0.374296,0.966728
298229,2840992187,32634766,2026-10-06T05:18:02.867822+00:00,216902889247569,-411,4584,-3713,3544,1246,4129,-14.385,160.44,-129.955,0.864736,0.304024,1.007476
298230,2841001953,32644532,2026-10-06T05:18:02.870386+00:00,216902891817320,-418,4578,-3846,3509,1061,4218,-14.63,160.23,-134.61,0.856196,0.258884,1.029192
298231,2841012695,32655274,2026-10-06T05:18:02.873559+00:00,216902894985524,-409,4576,-3916,3491,1055,4303,-14.315,160.16,-137.06,0.851804,0.25742,1.049932
298232,2841022460,32665039,2026-10-06T05:18:02.876038+00:00,216902897455850,-471,4560,-3897,3530,971,4378,-16.485,159.6,-136.395,0.86132,0.236924,1.068232
298233,2841032226,32674805,2026-10-06T05:18:02.910559+00:00,216902931982393,-548,4546,-3797,3593,822,4433,-19.18,159.11,-132.895,0.876692,0.200568,1.081652
298234,2841041992,32684571,2026-10-06T05:18:02.911795+00:00,216902933219162,-579,4530,-3651,3559,768,4399,-20.265,158.55,-127.785,0.868396,0.187392,1.073356
298235,2841052734,32695313,2026-10-06T05:18:02.912766+00:00,216902934183707,-580,4484,-3481,3622,835,4408,-20.3,156.94,-121.835,0.883768,0.20374,1.075552
298236,2841062500,32705079,2026-10-06T05:18:02.913701+00:00,216902935115118,-591,4432,-3314,3837,954,4484,-20.685,155.12,-115.99,0.936228,0.232776,1.094096
298237,2841072265,32714844,2026-10-06T05:18:02.955820+00:00,216902977241153,-638,4413,-3175,4004,1022,4494,-22.33,154.455,-111.125,0.976976,0.249368,1.096536
298238,2841082031,32724610,2026-10-06T05:18:02.957300+00:00,216902978718096,-699,4407,-3075,3994,951,4262,-24.465,154.245,-107.625,0.974536,0.232044,1.039928
298239,2841087890,32730469,2026-10-06T05:18:02.958403+00:00,216902979818306,-732,4347,-3013,3864,887,3933,-25.62,152.145,-105.455,0.942816,0.216428,0.959652
298240,2841097656,32740235,2026-10-06T05:18:02.960034+00:00,216902981453914,-740,4194,-2959,3788,787,3640,-25.9,146.79,-103.565,0.924272,0.192028,0.88816
298241,2841107421,32750000,2026-10-06T05:18:02.961476+00:00,216902982894040,-718,3978,-2883,3960,765,3523,-25.13,139.23,-100.905,0.96624,0.18666,0.859612
298242,2841117187,32759766,2026-10-06T05:18:02.999657+00:00,216903021058074,-701,3779,-2775,4096,805,3344,-24.535,132.265,-97.125,0.999424,0.19642,0.815936
298243,2841126953,32769532,2026-10-06T05:18:03.000151+00:00,216903021550643,-715,3585,-2626,4145,767,2984,-25.025,125.475,-91.91,1.01138,0.187148,0.728096
298244,2841137695,32780274,2026-10-06T05:18:03.000555+00:00,216903021955463,-715,3356,-2443,4030,547,2471,-25.025,117.46,-85.505,0.98332,0.133468,0.602924
298245,2841147460,32790039,2026-10-06T05:18:03.003966+00:00,216903025372957,-635,3046,-2235,3969,261,2046,-22.225,106.61,-78.225,0.968436,0.063684,0.499224
298246,2841157226,32799805,2026-10-06T05:18:03.004827+00:00,216903026226078,-466,2686,-2001,4096,40,1855,-16.31,94.01,-70.035,0.999424,0.00976,0.45262
298247,2841166992,32809571,2026-10-06T05:18:03.045854+00:00,216903067278146,-292,2346,-1761,4423,-116,1662,-10.22,82.11,-61.635,1.079212,-0.028304,0.405528
298248,2841177734,32820313,2026-10-06T05:18:03.047113+00:00,216903068530101,-189,2049,-1492,4713,-64,1309,-6.615,71.715,-52.22,1.149972,-0.015616,0.319396
298249,2841182617,32825196,2026-10-06T05:18:03.048053+00:00,216903069470737,-207,1740,-1151,4776,-233,723,-7.245,60.9,-40.285,1.165344,-0.056852,0.176412
298250,2841192382,32834961,2026-10-06T05:18:03.049048+00:00,216903070468496,-187,1343,-792,4636,-497,86,-6.545,47.005,-27.72,1.131184,-0.121268,0.020984
298251,2841202148,32844727,2026-10-06T05:18:03.050152+00:00,216903071572807,-64,822,-453,4503,-488,-370,-2.24,28.77,-15.855,1.098732,-0.119072,-0.09028
298252,2841212890,32855469,2026-10-06T05:18:03.092245+00:00,216903113662745,43,199,-122,4509,-308,-586,1.505,6.965,-4.27,1.100196,-0.075152,-0.142984
298253,2841222656,32865235,2026-10-06T05:18:03.093511+00:00,216903114925218,69,-453,203,4576,-155,-606,2.415,-15.855,7.105,1.116544,-0.03782,-0.147864
298254,2841232421,32875000,2026-10-06T05:18:03.094427+00:00,216903115840675,50,-1162,509,4641,-134,-958,1.75,-40.67,17.815,1.132404,-0.032696,-0.233752
298255,2841242187,32884766,2026-10-06T05:18:03.095460+00:00,216903116878796,63,-1968,808,4572,-106,-1048,2.205,-68.88,28.28,1.115568,-0.025864,-0.255712
298256,2841251953,32894532,2026-10-06T05:18:03.136733+00:00,216903158158339,241,-2641,1103,981,-108,1219,8.435,-92.435,38.605,0.239364,-0.026352,0.297436
298257,2841262695,32905274,2026-10-06T05:18:03.137366+00:00,216903158779135,429,-3011,1414,-218,1454,6353,15.015,-105.385,49.49,-0.053192,0.354776,1.550132
298258,2841272460,32915039,2026-10-06T05:18:03.138477+00:00,216903159893457,176,-2948,1663,-2436,939,8325,6.16,-103.18,58.205,-0.594384,0.229116,2.0313
298259,2841282226,32924805,2026-10-06T05:18:03.139721+00:00,216903161143745,499,-3088,1796,-4453,2250,3880,17.465,-108.08,62.86,-1.086532,0.549,0.94672
298260,2841291992,32934571,2026-10-06T05:18:03.140616+00:00,216903162073011,195,-4354,2088,-2433,2321,1773,6.825,-152.39,73.08,-0.593652,0.566324,0.432612
298261,2841297851,32940430,2026-10-06T05:18:03.225460+00:00,216903246864432,-32,-5585,2001,2448,1734,3273,-1.12,-195.475,70.035,0.597312,0.423096,0.798612
298262,2841307617,32950196,2026-10-06T05:18:03.225973+00:00,216903247370561,313,-5605,1228,4334,2352,5225,10.955,-196.175,42.98,1.057496,0.573888,1.2749
298263,2841317382,32959961,2026-10-06T05:18:03.226415+00:00,216903247807783,606,-4886,274,4481,2381,6209,21.21,-171.01,9.59,1.093364,0.580964,1.514996
298264,2841327148,32969727,2026-10-06T05:18:03.226804+00:00,216903248196786,569,-4093,-244,3013,1119,5731,19.915,-143.255,-8.54,0.735172,0.273036,1.398364
298265,2841337890,32980469,2026-10-06T05:18:03.227136+00:00,216903248528124,584,-3639,-248,2754,171,5542,20.44,-127.365,-8.68,0.671976,0.041724,1.352248
298266,2841347656,32990235,2026-10-06T05:18:03.228195+00:00,216903249587957,680,-3291,-4,4492,351,6115,23.8,-115.185,-0.14,1.096048,0.085644,1.49206
298267,2841357421,33000000,2026-10-06T05:18:03.228582+00:00,216903249976984,535,-2525,367,7337,1341,8188,18.725,-88.375,12.845,1.790228,0.327204,1.997872
298268,2841367187,33009766,2026-10-06T05:18:03.229053+00:00,216903250449589,463,-939,203,3803,1616,4537,16.205,-32.865,7.105,0.927932,0.394304,1.107028
298269,2841376953,33019532,2026-10-06T05:18:03.229392+00:00,216903250787637,566,-403,-142,1801,2360,4342,19.81,-14.105,-4.97,0.439444,0.57584,1.059448
298270,2841382812,33025391,2026-10-06T05:18:03.231297+00:00,216903252694181,295,-366,-286,1872,1909,4399,10.325,-12.81,-10.01,0.456768,0.465796,1.073356
298271,2841392578,33035157,2026-10-06T05:18:03.270848+00:00,216903292255255,146,-313,-308,1978,930,4276,5.11,-10.955,-10.78,0.482632,0.22692,1.043344
298272,2841402343,33044922,2026-10-06T05:18:03.271487+00:00,216903292882633,227,-151,-289,1886,798,4078,7.945,-5.285,-10.115,0.460184,0.194712,0.995032
298273,2841412109,33054688,2026-10-06T05:18:03.272653+00:00,216903294052812,312,-13,-249,1771,1074,3992,10.92,-0.455,-8.715,0.432124,0.262056,0.974048
298274,2841422851,33065430,2026-10-06T05:18:03.273522+00:00,216903294920950,351,115,-210,1768,1322,3792,12.285,4.025,-7.35,0.431392,0.322568,0.925248
298275,2841432617,33075196,2026-10-06T05:18:03.315477+00:00,216903336877736,315,211,-156,1233,1380,3494,11.025,7.385,-5.46,0.300852,0.33672,0.852536
298276,2841442382,33084961,2026-10-06T05:18:03.315885+00:00,216903337278178,257,184,-108,1198,1368,3679,8.995,6.44,-3.78,0.292312,0.333792,0.897676
298277,2841452148,33094727,2026-10-06T05:18:03.316255+00:00,216903337650438,195,176,-62,1149,1286,3739,6.825,6.16,-2.17,0.280356,0.313784,0.912316
298278,2841462890,33105469,2026-10-06T05:18:03.316827+00:00,216903338220987,138,174,-19,1006,1263,3805,4.83,6.09,-0.665,0.245464,0.308172,0.92842
298279,2841472656,33115235,2026-10-06T05:18:03.318327+00:00,216903339724642,115,136,-14,628,1214,3658,4.025,4.76,-0.49,0.153232,0.296216,0.892552
298280,2841477539,33120118,2026-10-06T05:18:03.359463+00:00,216903380867421,65,12,-1,844,1063,3651,2.275,0.42,-0.035,0.205936,0.259372,0.890844
298281,2841487304,33129883,2026-10-06T05:18:03.359851+00:00,216903381248176,33,-92,24,977,940,3735,1.155,-3.22,0.84,0.238388,0.22936,0.91134
298282,2841497070,33139649,2026-10-06T05:18:03.360209+00:00,216903381601058,28,-156,37,1010,910,3866,0.98,-5.46,1.295,0.24644,0.22204,0.943304
298283,2841507812,33150391,2026-10-06T05:18:03.361277+00:00,216903382674005,36,-191,48,1085,905,3838,1.26,-6.685,1.68,0.26474,0.22082,0.936472
298284,2841517578,33160157,2026-10-06T05:18:03.361752+00:00,216903383143461,77,-216,47,1157,1110,4117,2.695,-7.56,1.645,0.282308,0.27084,1.004548
298285,2841527343,33169922,2026-10-06T05:18:03.407402+00:00,216903428805515,101,-190,28,1214,1128,3914,3.535,-6.65,0.98,0.296216,0.275232,0.955016
298286,2841537109,33179688,2026-10-06T05:18:03.407771+00:00,216903429165479,99,-169,38,1287,1340,4090,3.465,-5.915,1.33,0.314028,0.32696,0.99796
298287,2841547851,33190430,2026-10-06T05:18:03.408128+00:00,216903429521730,66,-136,36,1213,1206,3837,2.31,-4.76,1.26,0.295972,0.294264,0.936228
298288,2841557617,33200196,2026-10-06T05:18:03.408498+00:00,216903429890274,43,-144,60,1247,1264,3958,1.505,-5.04,2.1,0.304268,0.308416,0.965752
298289,2841567382,33209961,2026-10-06T05:18:03.449474+00:00,216903470876276,11,-154,64,1379,1125,3848,0.385,-5.39,2.24,0.336476,0.2745,0.938912
298290,2841577148,33219727,2026-10-06T05:18:03.449847+00:00,216903471241796,-3,-169,80,1583,1017,3812,-0.105,-5.915,2.8,0.386252,0.248148,0.930128
298291,2841587890,33230469,2026-10-06T05:18:03.450271+00:00,216903471665117,6,-168,76,1653,1041,4097,0.21,-5.88,2.66,0.403332,0.254004,0.999668
298292,2841592773,33235352,2026-10-06T05:18:03.451530+00:00,216903472932457,62,-113,33,1404,1096,4120,2.17,-3.955,1.155,0.342576,0.267424,1.00528
298293,2841602539,33245118,2026-10-06T05:18:03.539460+00:00,216903560864060,98,-121,47,1442,1061,3768,3.43,-4.235,1.645,0.351848,0.258884,0.919392
298294,2841612304,33254883,2026-10-06T05:18:03.539858+00:00,216903561255419,129,-168,32,1817,1189,3896,4.515,-5.88,1.12,0.443348,0.290116,0.950624
298295,2841622070,33264649,2026-10-06T05:18:03.540242+00:00,216903561638197,137,-117,4,1474,1098,4266,4.795,-4.095,0.14,0.359656,0.267912,1.040904
298296,2841632812,33275391,2026-10-06T05:18:03.541186+00:00,216903562582832,157,-113,17,1103,1000,3814,5.495,-3.955,0.595,0.269132,0.244,0.930616
298297,2841642578,33285157,2026-10-06T05:18:03.541496+00:00,216903562891304,169,-167,20,1498,1238,3919,5.915,-5.845,0.7,0.365512,0.302072,0.956236
298298,2841652343,33294922,2026-10-06T05:18:03.541919+00:00,216903563314876,137,-171,25,1360,1076,3838,4.795,-5.985,0.875,0.33184,0.262544,0.936472
298299,2841662109,33304688,2026-10-06T05:18:03.543216+00:00,216903564612621,125,-206,61,1417,1100,3628,4.375,-7.21,2.135,0.345748,0.2684,0.885232
298300,2841672851,33315430,2026-10-06T05:18:03.543524+00:00,216903564919411,84,-252,110,1372,1208,3687,2.94,-8.82,3.85,0.334768,0.294752,0.899628
298301,2841677734,33320313,2026-10-06T05:18:03.543992+00:00,216903565388155,40,-282,126,1228,1271,3736,1.4,-9.87,4.41,0.299632,0.310124,0.911584
298302,2841687500,33330079,2026-10-06T05:18:03.545199+00:00,216903566593914,-15,-309,149,1445,1181,3812,-0.525,-10.815,5.215,0.35258,0.288164,0.930128
298303,2841697265,33339844,2026-10-06T05:18:03.545565+00:00,216903566960559,-29,-298,168,1472,1154,3805,-1.015,-10.43,5.88,0.359168,0.281576,0.92842
298304,2841707031,33349610,2026-10-06T05:18:03.584963+00:00,216903606369024,-50,-263,168,1237,1183,3879,-1.75,-9.205,5.88,0.301828,0.288652,0.946476
298305,2841717773,33360352,2026-10-06T05:18:03.585358+00:00,216903606756628,-63,-269,187,1254,1159,3698,-2.205,-9.415,6.545,0.305976,0.282796,0.902312
298306,2841727539,33370118,2026-10-06T05:18:03.586089+00:00,216903607486146,-103,-313,233,1405,1145,3750,-3.605,-10.955,8.155,0.34282,0.27938,0.915
298307,2841737304,33379883,2026-10-06T05:18:03.588470+00:00,216903609869252,-131,-333,245,1565,1096,3664,-4.585,-11.655,8.575,0.38186,0.267424,0.894016
298308,2841747070,33389649,2026-10-06T05:18:03.629404+00:00,216903650801472,-167,-327,254,1469,1127,3897,-5.845,-11.445,8.89,0.358436,0.274988,0.950868
298309,2841757812,33400391,2026-10-06T05:18:03.629766+00:00,216903651155686,-171,-311,243,1263,1107,3816,-5.985,-10.885,8.505,0.308172,0.270108,0.931104
298310,2841767578,33410157,2026-10-06T05:18:03.630032+00:00,216903651421501,-189,-329,253,1415,1149,3894,-6.615,-11.515,8.855,0.34526,0.280356,0.950136
298311,2841777343,33419922,2026-10-06T05:18:03.632065+00:00,216903653454628,-205,-321,247,1448,1129,3823,-7.175,-11.235,8.645,0.353312,0.275476,0.932812
298312,2841787109,33429688,2026-10-06T05:18:03.632327+00:00,216903653716645,-213,-325,240,1536,1063,3848,-7.455,-11.375,8.4,0.374784,0.259372,0.938912
298313,2841791992,33434571,2026-10-06T05:18:03.674154+00:00,216903695549608,-203,-329,234,1565,1077,3810,-7.105,-11.515,8.19,0.38186,0.262788,0.92964
298314,2841802734,33445313,2026-10-06T05:18:03.674294+00:00,216903695682035,-207,-329,220,1800,1011,3904,-7.245,-11.515,7.7,0.4392,0.246684,0.952576
298315,2841812500,33455079,2026-10-06T05:18:03.674492+00:00,216903695879208,-168,-273,182,1809,999,4024,-5.88,-9.555,6.37,0.441396,0.243756,0.981856
298316,2841822265,33464844,2026-10-06T05:18:03.676008+00:00,216903697396534,-113,-216,140,1609,956,3815,-3.955,-7.56,4.9,0.392596,0.233264,0.93086
298317,2841832031,33474610,2026-10-06T05:18:03.676183+00:00,216903697569639,-88,-213,116,1560,1029,3899,-3.08,-7.455,4.06,0.38064,0.251076,0.951356
298318,2841842773,33485352,2026-10-06T05:18:03.719224+00:00,216903740614762,-79,-214,107,1544,1067,3792,-2.765,-7.49,3.745,0.376736,0.260348,0.925248
298319,2841852539,33495118,2026-10-06T05:18:03.764296+00:00,216903785689459,-94,-242,118,1587,1031,3814,-3.29,-8.47,4.13,0.387228,0.251564,0.930616
298320,2841862304,33504883,2026-10-06T05:18:03.764419+00:00,216903785805233,-88,-238,104,1488,1048,3851,-3.08,-8.33,3.64,0.363072,0.255712,0.939644
298321,2841872070,33514649,2026-10-06T05:18:03.764719+00:00,216903786109004,-94,-247,109,1390,1078,3833,-3.29,-8.645,3.815,0.33916,0.263032,0.935252
298322,2841882812,33525391,2026-10-06T05:18:03.766022+00:00,216903787408912,-117,-276,123,1402,1042,3780,-4.095,-9.66,4.305,0.342088,0.254248,0.92232
298323,2841887695,33530274,2026-10-06T05:18:03.766196+00:00,216903787583032,-134,-310,144,1220,1109,3781,-4.69,-10.85,5.04,0.29768,0.270596,0.922564
298324,2841897460,33540039,2026-10-06T05:18:03.766361+00:00,216903787748761,-182,-352,180,987,1156,3847,-6.37,-12.32,6.3,0.240828,0.282064,0.938668
298325,2841907226,33549805,2026-10-06T05:18:03.768555+00:00,216903789967552,-264,-462,266,1525,1152,3650,-9.24,-16.17,9.31,0.3721,0.281088,0.8906
298326,2841916992,33559571,2026-10-06T05:18:03.769229+00:00,216903790622136,-354,-519,315,1869,1097,3802,-12.39,-18.165,11.025,0.456036,0.267668,0.927688
298327,2841927734,33570313,2026-10-06T05:18:03.809842+00:00,216903831255263,-356,-444,280,1197,923,3854,-12.46,-15.54,9.8,0.292068,0.225212,0.940376
298328,2841937500,33580079,2026-10-06T05:18:03.810585+00:00,216903831992910,-358,-491,308,1289,980,3905,-12.53,-17.185,10.78,0.314516,0.23912,0.95282
298329,2841947265,33589844,2026-10-06T05:18:03.811604+00:00,216903833043842,-355,-515,332,1329,1116,3836,-12.425,-18.025,11.62,0.324276,0.272304,0.935984
298330,2841957031,33599610,2026-10-06T05:18:03.812344+00:00,216903833751913,-369,-541,349,1068,986,3914,-12.915,-18.935,12.215,0.260592,0.240584,0.955016
298331,2841967773,33610352,2026-10-06T05:18:03.813002+00:00,216903834408226,-396,-610,406,1588,1022,3838,-13.86,-21.35,14.21,0.387472,0.249368,0.936472
298332,2841977539,33620118,2026-10-06T05:18:03.854676+00:00,216903876085011,-410,-612,429,1894,959,3897,-14.35,-21.42,15.015,0.462136,0.233996,0.950868
298333,2841987304,33629883,2026-10-06T05:18:03.855245+00:00,216903876645951,-353,-564,388,1609,856,3875,-12.355,-19.74,13.58,0.392596,0.208864,0.9455
298334,2841992187,33634766,2026-10-06T05:18:03.855649+00:00,216903877048448,-302,-554,374,1510,772,3865,-10.57,-19.39,13.09,0.36844,0.188368,0.94306
298335,2842001953,33644532,2026-10-06T05:18:03.856460+00:00,216903877860445,-270,-555,404,1568,800,3952,-9.45,-19.425,14.14,0.382592,0.1952,0.964288
298336,2842012695,33655274,2026-10-06T05:18:03.857015+00:00,216903878416471,-225,-538,441,1544,842,3815,-7.875,-18.83,15.435,0.376736,0.205448,0.93086
298337,2842022460,33665039,2026-10-06T05:18:03.900279+00:00,216903921680964,-211,-566,482,1936,957,3930,-7.385,-19.81,16.87,0.472384,0.233508,0.95892
298338,2842032226,33674805,2026-10-06T05:18:03.900687+00:00,216903922080013,-180,-511,440,1769,708,3796,-6.3,-17.885,15.4,0.431636,0.172752,0.926224
298339,2842041992,33684571,2026-10-06T05:18:03.901020+00:00,216903922414260,-118,-521,408,1921,751,3893,-4.13,-18.235,14.28,0.468724,0.183244,0.949892
298340,2842052734,33695313,2026-10-06T05:18:03.901645+00:00,216903923041663,-69,-494,364,1796,715,3866,-2.415,-17.29,12.74,0.438224,0.17446,0.943304
298341,2842062500,33705079,2026-10-06T05:18:03.945809+00:00,216903967233220,-12,-491,319,1793,728,3866,-0.42,-17.185,11.165,0.437492,0.177632,0.943304
298342,2842072265,33714844,2026-10-06T05:18:03.946987+00:00,216903968401435,32,-511,287,1892,642,3862,1.12,-17.885,10.045,0.461648,0.156648,0.942328
298343,2842082031,33724610,2026-10-06T05:18:03.948024+00:00,216903969432862,86,-531,258,1829,669,3915,3.01,-18.585,9.03,0.446276,0.163236,0.95526
298344,2842087890,33730469,2026-10-06T05:18:03.948710+00:00,216903970116306,134,-567,230,1811,726,3852,4.69,-19.845,8.05,0.441884,0.177144,0.939888
298345,2842097656,33740235,2026-10-06T05:18:03.949335+00:00,216903970739021,156,-618,231,1881,728,3830,5.46,-21.63,8.085,0.458964,0.177632,0.93452
298346,2842107421,33750000,2026-10-06T05:18:03.989370+00:00,216904010772174,207,-647,222,1487,764,3754,7.245,-22.645,7.77,0.362828,0.186416,0.915976
298347,2842117187,33759766,2026-10-06T05:18:03.989725+00:00,216904011118421,248,-741,225,1972,820,3925,8.68,-25.935,7.875,0.481168,0.20008,0.9577
298348,2842126953,33769532,2026-10-06T05:18:03.990065+00:00,216904011456553,225,-749,255,1501,837,3830,7.875,-26.215,8.925,0.366244,0.204228,0.93452
298349,2842137695,33780274,2026-10-06T05:18:03.992160+00:00,216904013551883,176,-872,315,1831,824,3658,6.16,-30.52,11.025,0.446764,0.201056,0.892552
298350,2842147460,33790039,2026-10-06T05:18:03.992479+00:00,216904013870967,140,-1071,423,1896,528,3069,4.9,-37.485,14.805,0.462624,0.128832,0.748836
298351,2842157226,33799805,2026-10-06T05:18:04.035839+00:00,216904057242403,180,-1323,482,2036,381,3648,6.3,-46.305,16.87,0.496784,0.092964,0.890112
298352,2842166992,33809571,2026-10-06T05:18:04.036417+00:00,216904057815434,348,-1443,414,1543,1233,4518,12.18,-50.505,14.49,0.376492,0.300852,1.102392
298353,2842177734,33820313,2026-10-06T05:18:04.037003+00:00,216904058399935,428,-1480,291,1052,1392,4273,14.98,-51.8,10.185,0.256688,0.339648,1.042612
298354,2842182617,33825196,2026-10-06T05:18:04.037452+00:00,216904058849958,404,-1651,327,922,1496,3916,14.14,-57.785,11.445,0.224968,0.365024,0.955504
298355,2842192382,33834961,2026-10-06T05:18:04.039491+00:00,216904060894998,349,-1968,407,1416,1029,3786,12.215,-68.88,14.245,0.345504,0.251076,0.923784
298356,2842202148,33844727,2026-10-06T05:18:04.079465+00:00,216904100866838,401,-2291,489,1860,809,3918,14.035,-80.185,17.115,0.45384,0.197396,0.955992
298357,2842212890,33855469,2026-10-06T05:18:04.079858+00:00,216904101253562,462,-2554,508,2078,781,4201,16.17,-89.39,17.78,0.507032,0.190564,1.025044
298358,2842222656,33865235,2026-10-06T05:18:04.080215+00:00,216904101606007,563,-2745,439,1490,1024,3864,19.705,-96.075,15.365,0.36356,0.249856,0.942816
298359,2842232421,33875000,2026-10-06T05:18:04.084588+00:00,216904105991840,486,-3193,398,1934,1054,3895,17.01,-111.755,13.93,0.471896,0.257176,0.95038
298360,2842242187,33884766,2026-10-06T05:18:04.125501+00:00,216904146902869,410,-3591,356,1759,570,3832,14.35,-125.685,12.46,0.429196,0.13908,0.935008
298361,2842251953,33894532,2026-10-06T05:18:04.125858+00:00,216904147251277,460,-3980,337,1948,594,3939,16.1,-139.3,11.795,0.475312,0.144936,0.961116
298362,2842262695,33905274,2026-10-06T05:18:04.126234+00:00,216904147630669,487,-4340,324,2118,629,3682,17.045,-151.9,11.34,0.516792,0.153476,0.898408
298363,2842272460,33915039,2026-10-06T05:18:04.126701+00:00,216904148092124,497,-4750,348,2015,853,3777,17.395,-166.25,12.18,0.49166,0.208132,0.921588
298364,2842282226,33924805,2026-10-06T05:18:04.128177+00:00,216904149569100,403,-5199,433,1815,872,3710,14.105,-181.965,15.155,0.44286,0.212768,0.90524
298365,2842287109,33929688,2026-10-06T05:18:04.171724+00:00,216904193129431,273,-5667,547,1821,715,3703,9.555,-198.345,19.145,0.444324,0.17446,0.903532
298366,2842297851,33940430,2026-10-06T05:18:04.173248+00:00,216904194645540,295,-6110,635,2172,901,3579,10.325,-213.85,22.225,0.529968,0.219844,0.873276
298367,2842307617,33950196,2026-10-06T05:18:04.173408+00:00,216904194798172,279,-6474,701,2257,752,3375,9.765,-226.59,24.535,0.550708,0.183488,0.8235
298368,2842317382,33959961,2026-10-06T05:18:04.173769+00:00,216904195167060,328,-6836,754,2779,887,3285,11.48,-239.26,26.39,0.678076,0.216428,0.80154
298369,2842327148,33969727,2026-10-06T05:18:04.174150+00:00,216904195545827,354,-7109,808,3175,566,3394,12.39,-248.815,28.28,0.7747,0.138104,0.828136
298370,2842337890,33980469,2026-10-06T05:18:04.214435+00:00,216904235833621,602,-7255,821,3625,631,3656,21.07,-253.925,28.735,0.8845,0.153964,0.892064
298371,2842347656,33990235,2026-10-06T05:18:04.259450+00:00,216904280852424,1019,-7309,812,4168,605,3609,35.665,-255.815,28.42,1.016992,0.14762,0.880596
298372,2842357421,34000000,2026-10-06T05:18:04.259851+00:00,216904281246009,1541,-7307,784,4661,878,3615,53.935,-255.745,27.44,1.137284,0.214232,0.88206
298373,2842367187,34009766,2026-10-06T05:18:04.260217+00:00,216904281608462,2023,-7260,850,4799,1027,3572,70.805,-254.1,29.75,1.170956,0.250588,0.871568
298374,2842376953,34019532,2026-10-06T05:18:04.261163+00:00,216904282559111,2358,-7198,1036,5054,1453,3648,82.53,-251.93,36.26,1.233176,0.354532,0.890112
298375,2842382812,34025391,2026-10-06T05:18:04.261548+00:00,216904282942921,2429,-7121,1300,4667,1707,3397,85.015,-249.235,45.5,1.138748,0.416508,0.828868
298376,2842392578,34035157,2026-10-06T05:18:04.261924+00:00,216904283314992,2330,-7080,1635,4458,1528,3412,81.55,-247.8,57.225,1.087752,0.372832,0.832528
298377,2842402343,34044922,2026-10-06T05:18:04.264256+00:00,216904285652907,2519,-6938,1854,4696,1289,3798,88.165,-242.83,64.89,1.145824,0.314516,0.926712
298378,2842412109,34054688,2026-10-06T05:18:04.264616+00:00,216904286026318,2970,-6562,1987,4444,1912,3556,103.95,-229.67,69.545,1.084336,0.466528,0.867664
298379,2842422851,34065430,2026-10-06T05:18:04.350440+00:00,216904371839256,3224,-6237,2104,4580,1808,3395,112.84,-218.295,73.64,1.11752,0.441152,0.82838
298380,2842432617,34075196,2026-10-06T05:18:04.350959+00:00,216904372353858,3587,-5785,2194,5527,1328,3803,125.545,-202.475,76.79,1.348588,0.324032,0.927932
298381,2842442382,34084961,2026-10-06T05:18:04.351340+00:00,216904372735389,3897,-5023,2330,5066,1412,3336,136.395,-175.805,81.55,1.236104,0.344528,0.813984
298382,2842452148,34094727,2026-10-06T05:18:04.352094+00:00,216904373491852,3799,-4236,2598,5456,1153,3610,132.965,-148.26,90.93,1.331264,0.281332,0.88084
298383,2842462890,34105469,2026-10-06T05:18:04.354475+00:00,216904375877589,3698,-3153,2809,4483,1439,4007,129.43,-110.355,98.315,1.093852,0.351116,0.977708
298384,2842472656,34115235,2026-10-06T05:18:04.355092+00:00,216904376488114,3508,-1962,3004,5462,2869,5936,122.78,-68.67,105.14,1.332728,0.700036,1.448384
298385,2842482421,34125000,2026-10-06T05:18:04.355791+00:00,216904377185216,2521,-424,3263,3743,2279,6253,88.235,-14.84,114.205,0.913292,0.556076,1.525732
298386,2842487304,34129883,2026-10-06T05:18:04.356339+00:00,216904377731406,1667,864,3507,3915,1945,5350,58.345,30.24,122.745,0.95526,0.47458,1.3054
298387,2842497070,34139649,2026-10-06T05:18:04.356824+00:00,216904378217022,1228,1885,3383,3038,2580,5295,42.98,65.975,118.405,0.741272,0.62952,1.29198
298388,2842507812,34150391,2026-10-06T05:18:04.357206+00:00,216904378598124,588,2786,3208,-173,2355,2773,20.58,97.51,112.28,-0.042212,0.57462,0.676612
298389,2842517578,34160157,2026-10-06T05:18:04.394450+00:00,216904415852519,126,2709,2992,-505,2015,1731,4.41,94.815,104.72,-0.12322,0.49166,0.422364
298390,2842527343,34169922,2026-10-06T05:18:04.394839+00:00,216904416231979,-93,2365,2628,-351,1339,894,-3.255,82.775,91.98,-0.085644,0.326716,0.218136
298391,2842537109,34179688,2026-10-06T05:18:04.395292+00:00,216904416684531,194,1951,2091,188,1429,1241,6.79,68.285,73.185,0.045872,0.348676,0.302804
298392,2842547851,34190430,2026-10-06T05:18:04.396492+00:00,216904417884895,556,1720,1364,353,1769,1375,19.46,60.2,47.74,0.086132,0.431636,0.3355
298393,2842557617,34200196,2026-10-06T05:18:04.440364+00:00,216904461765874,790,1529,536,866,2329,1684,27.65,53.515,18.76,0.211304,0.568276,0.410896
298394,2842567382,34209961,2026-10-06T05:18:04.440773+00:00,216904462166513,750,1453,-289,1677,2634,2246,26.25,50.855,-10.115,0.409188,0.642696,0.548024
298395,2842577148,34219727,2026-10-06T05:18:04.441289+00:00,216904462684096,523,1604,-1075,2655,2550,2858,18.305,56.14,-37.625,0.64782,0.6222,0.697352
298396,2842587890,34230469,2026-10-06T05:18:04.441851+00:00,216904463249005,278,2034,-1798,3503,2208,3382,9.73,71.19,-62.93,0.854732,0.538752,0.825208
298397,2842592773,34235352,2026-10-06T05:18:04.442474+00:00,216904463867298,48,2697,-2399,4025,1709,3645,1.68,94.395,-83.965,0.9821,0.416996,0.88938
298398,2842602539,34245118,2026-10-06T05:18:04.485276+00:00,216904506684581,-141,3454,-2802,4128,1164,3591,-4.935,120.89,-98.07,1.007232,0.284016,0.876204
298399,2842612304,34254883,2026-10-06T05:18:04.486148+00:00,216904507546822,-295,4156,-2955,3792,589,3134,-10.325,145.46,-103.425,0.925248,0.143716,0.764696
298400,2842622070,34264649,2026-10-06T05:18:04.486971+00:00,216904508370053,-390,4639,-2862,3568,128,2661,-13.65,162.365,-100.17,0.870592,0.031232,0.649284
298401,2842632812,34275391,2026-10-06T05:18:04.487786+00:00,216904509188705,-440,4919,-2588,3347,-222,2267,-15.4,172.165,-90.58,0.816668,-0.054168,0.553148
298402,2842642578,34285157,2026-10-06T05:18:04.488548+00:00,216904509947660,-425,5030,-2237,3183,-447,2030,-14.875,176.05,-78.295,0.776652,-0.109068,0.49532
298403,2842652343,34294922,2026-10-06T05:18:04.529454+00:00,216904550852361,-331,5021,-1881,3188,-504,2021,-11.585,175.735,-65.835,0.777872,-0.122976,0.493124
298404,2842662109,34304688,2026-10-06T05:18:04.529831+00:00,216904551224766,-218,4980,-1583,3379,-377,2186,-7.63,174.3,-55.405,0.824476,-0.091988,0.533384
298405,2842672851,34315430,2026-10-06T05:18:04.530201+00:00,216904551593389,-109,4979,-1381,3606,-222,2428,-3.815,174.265,-48.335,0.879864,-0.054168,0.592432
298406,2842677734,34320313,2026-10-06T05:18:04.531199+00:00,216904552591726,0,5045,-1278,3903,-28,2739,0.0,176.575,-44.73,0.952332,-0.006832,0.668316
298407,2842687500,34330079,2026-10-06T05:18:04.531543+00:00,216904552934807,105,5195,-1251,4081,125,2891,3.675,181.825,-43.785,0.995764,0.0305,0.705404
298408,2842697265,34339844,2026-10-06T05:18:04.575442+00:00,216904596847069,178,5372,-1264,3951,295,2731,6.23,188.02,-44.24,0.964044,0.07198,0.666364
298409,2842707031,34349610,2026-10-06T05:18:04.575870+00:00,216904597266067,191,5456,-1290,3618,514,2440,6.685,190.96,-45.15,0.882792,0.125416,0.59536
298410,2842717773,34360352,2026-10-06T05:18:04.576313+00:00,216904597708966,137,5376,-1308,3360,722,2241,4.795,188.16,-45.78,0.81984,0.176168,0.546804
298411,2842727539,34370118,2026-10-06T05:18:04.576806+00:00,216904598201232,55,5180,-1341,3349,905,2276,1.925,181.3,-46.935,0.817156,0.22082,0.555344
298412,2842737304,34379883,2026-10-06T05:18:04.621454+00:00,216904642851226,-4,4976,-1421,3447,1125,2482,-0.14,174.16,-49.735,0.841068,0.2745,0.605608
298413,2842747070,34389649,2026-10-06T05:18:04.621785+00:00,216904643175168,-44,4834,-1559,3535,1478,2784,-1.54,169.19,-54.565,0.86254,0.360632,0.679296
298414,2842757812,34400391,2026-10-06T05:18:04.622324+00:00,216904643714295,-149,4779,-1748,3508,1782,3056,-5.215,167.265,-61.18,0.855952,0.434808,0.745664
298415,2842767578,34410157,2026-10-06T05:18:04.622708+00:00,216904644097385,-319,4776,-1971,3290,1836,3175,-11.165,167.16,-68.985,0.80276,0.447984,0.7747
298416,2842777343,34419922,2026-10-06T05:18:04.623160+00:00,216904644550371,-435,4769,-2231,3010,1721,3197,-15.225,166.915,-78.085,0.73444,0.419924,0.780068
298417,2842782226,34424805,2026-10-06T05:18:04.710291+00:00,216904731696730,-425,4727,-2529,2870,1654,3261,-14.875,165.445,-88.515,0.70028,0.403576,0.795684
298418,2842791992,34434571,2026-10-06T05:18:04.711147+00:00,216904732544398,-342,4668,-2851,2896,1717,3445,-11.97,163.38,-99.785,0.706624,0.418948,0.84058
298419,2842802734,34445313,2026-10-06T05:18:04.711880+00:00,216904733276085,-287,4632,-3181,3037,1829,3707,-10.045,162.12,-111.335,0.741028,0.446276,0.904508
298420,2842812500,34455079,2026-10-06T05:18:04.712541+00:00,216904733936250,-312,4642,-3504,3190,1866,3933,-10.92,162.47,-122.64,0.77836,0.455304,0.959652
298421,2842822265,34464844,2026-10-06T05:18:04.713067+00:00,216904734462438,-402,4684,-3804,3350,1772,4143,-14.07,163.94,-133.14,0.8174,0.432368,1.010892
298422,2842832031,34474610,2026-10-06T05:18:04.713495+00:00,216904734896030,-520,4752,-4057,3498,1635,4272,-18.2,166.32,-141.995,0.853512,0.39894,1.042368
298423,2842842773,34485352,2026-10-06T05:18:04.714227+00:00,216904735621775,-641,4822,-4238,3619,1447,4366,-22.435,168.77,-148.33,0.883036,0.353068,1.065304
298424,2842852539,34495118,2026-10-06T05:18:04.715076+00:00,216904736471520,-727,4878,-4347,3776,1287,4462,-25.445,170.73,-152.145,0.921344,0.314028,1.088728
298425,2842862304,34504883,2026-10-06T05:18:04.715494+00:00,216904736888818,-769,4928,-4386,4071,1249,4618,-26.915,172.48,-153.51,0.993324,0.304756,1.126792
298426,2842872070,34514649,2026-10-06T05:18:04.715970+00:00,216904737367326,-818,4997,-4354,4416,1198,4802,-28.63,174.895,-152.39,1.077504,0.292312,1.171688
298427,2842882812,34525391,2026-10-06T05:18:04.755719+00:00,216904777117596,-855,5106,-4269,4735,953,4821,-29.925,178.71,-149.415,1.15534,0.232532,1.176324
298428,2842887695,34530274,2026-10-06T05:18:04.756080+00:00,216904777477214,-824,5232,-4142,4912,635,4664,-28.84,183.12,-144.97,1.198528,0.15494,1.138016
298429,2842897460,34540039,2026-10-06T05:18:04.756410+00:00,216904777804122,-709,5322,-3956,5122,373,4479,-24.815,186.27,-138.46,1.249768,0.091012,1.092876
298430,2842907226,34549805,2026-10-06T05:18:04.756879+00:00,216904778274040,-553,5356,-3699,5296,211,4094,-19.355,187.46,-129.465,1.292224,0.051484,0.998936
298431,2842916992,34559571,2026-10-06T05:18:04.800511+00:00,216904821908272,-441,5300,-3351,5384,202,3554,-15.435,185.5,-117.285,1.313696,0.049288,0.867176
298432,2842927734,34570313,2026-10-06T05:18:04.800919+00:00,216904822315711,-416,5122,-2921,5410,208,2944,-14.56,179.27,-102.235,1.32004,0.050752,0.718336
298433,2842937500,34580079,2026-10-06T05:18:04.801529+00:00,216904822927599,-423,4829,-2437,5518,105,2360,-14.805,169.015,-85.295,1.346392,0.02562,0.57584
298434,2842947265,34589844,2026-10-06T05:18:04.802119+00:00,216904823516770,-364,4460,-1940,5426,-14,1675,-12.74,156.1,-67.9,1.323944,-0.003416,0.4087
298435,2842957031,34599610,2026-10-06T05:18:04.802833+00:00,216904824230370,-183,3999,-1482,5165,-383,888,-6.405,139.965,-51.87,1.26026,-0.093452,0.216672
298436,2842967773,34610352,2026-10-06T05:18:04.844497+00:00,216904865898992,192,3431,-1116,5561,-440,316,6.72,120.085,-39.06,1.356884,-0.10736,0.077104
298437,2842977539,34620118,2026-10-06T05:18:04.844844+00:00,216904866239808,543,2856,-757,6042,147,-389,19.005,99.96,-26.495,1.474248,0.035868,-0.094916
298438,2842987304,34629883,2026-10-06T05:18:04.845186+00:00,216904866582129,552,2223,-385,6083,155,-1303,19.32,77.805,-13.475,1.484252,0.03782,-0.317932
298439,2842992187,34634766,2026-10-06T05:18:04.846238+00:00,216904867634149,466,1433,-117,6108,33,-2136,16.31,50.155,-4.095,1.490352,0.008052,-0.521184
298440,2843001953,34644532,2026-10-06T05:18:04.846610+00:00,216904868016278,357,464,37,6238,235,-2719,12.495,16.24,1.295,1.522072,0.05734,-0.663436
298441,2843012695,34655274,2026-10-06T05:18:04.890478+00:00,216904911878511,62,-642,175,6188,971,-3118,2.17,-22.47,6.125,1.509872,0.236924,-0.760792
298442,2843022460,34665039,2026-10-06T05:18:04.890949+00:00,216904912342395,-760,-2019,388,2478,-426,-982,-26.6,-70.665,13.58,0.604632,-0.103944,-0.239608
298443,2843032226,34674805,2026-10-06T05:18:04.891480+00:00,216904912873921,-498,-2565,455,663,463,6108,-17.43,-89.775,15.925,0.161772,0.112972,1.490352
298444,2843041992,34684571,2026-10-06T05:18:04.891986+00:00,216904913378980,-286,-2382,538,-2068,548,9620,-10.01,-83.37,18.83,-0.504592,0.133712,2.34728
298445,2843052734,34695313,2026-10-06T05:18:04.934830+00:00,216904956237966,-65,-2232,766,-4987,283,4418,-2.275,-78.12,26.81,-1.216828,0.069052,1.077992
298446,2843062500,34705079,2026-10-06T05:18:04.935202+00:00,216904956596573,-386,-3595,1445,-4252,-955,-243,-13.51,-125.825,50.575,-1.037488,-0.23302,-0.059292
298447,2843072265,34714844,2026-10-06T05:18:04.935634+00:00,216904957028231,-334,-5526,1908,-829,-1023,610,-11.69,-193.41,66.78,-0.202276,-0.249612,0.14884
298448,2843082031,34724610,2026-10-06T05:18:04.936336+00:00,216904957727770,153,-6592,1944,5283,583,6414,5.355,-230.72,68.04,1.289052,0.142252,1.565016
298449,2843087890,34730469,2026-10-06T05:18:04.936642+00:00,216904958033366,787,-5424,1323,7899,1139,8595,27.545,-189.84,46.305,1.927356,0.277916,2.09718
298450,2843097656,34740235,2026-10-06T05:18:04.979296+00:00,216905000690846,1274,-3385,583,4125,1959,6004,44.59,-118.475,20.405,1.0065,0.477996,1.464976
298451,2843107421,34750000,2026-10-06T05:18:04.979474+00:00,216905000864803,1241,-2685,353,1296,2445,3804,43.435,-93.975,12.355,0.316224,0.59658,0.928176
298452,2843117187,34759766,2026-10-06T05:18:04.979995+00:00,216905001384220,831,-2909,444,2201,2752,4794,29.085,-101.815,15.54,0.537044,0.671488,1.169736
298453,2843126953,34769532,2026-10-06T05:18:04.982139+00:00,216905003527763,414,-2770,510,5396,4588,7891,14.49,-96.95,17.85,1.316624,1.119472,1.925404
298454,2843137695,34780274,2026-10-06T05:18:04.982206+00:00,216905003592353,-521,-1615,436,2887,2259,4356,-18.235,-56.525,15.26,0.704428,0.551196,1.062864
298455,2843147460,34790039,2026-10-06T05:18:05.024154+00:00,216905045551346,-531,-1196,194,2302,1960,4130,-18.585,-41.86,6.79,0.561688,0.47824,1.00772
298456,2843157226,34799805,2026-10-06T05:18:05.024301+00:00,216905045690381,-688,-1018,133,1902,1097,4339,-24.08,-35.63,4.655,0.464088,0.267668,1.058716
298457,2843166992,34809571,2026-10-06T05:18:05.024493+00:00,216905045880713,-626,-874,137,1831,562,4285,-21.91,-30.59,4.795,0.446764,0.137128,1.04554
298458,2843177734,34820313,2026-10-06T05:18:05.026170+00:00,216905047560274,-440,-731,153,1966,549,4322,-15.4,-25.585,5.355,0.479704,0.133956,1.054568
298459,2843182617,34825196,2026-10-06T05:18:05.026431+00:00,216905047822208,-242,-519,121,1963,820,4110,-8.47,-18.165,4.235,0.478972,0.20008,1.00284
298460,2843192382,34834961,2026-10-06T05:18:05.069232+00:00,216905090628903,-84,-331,82,2165,1126,4117,-2.94,-11.585,2.87,0.52826,0.274744,1.004548
298461,2843202148,34844727,2026-10-06T05:18:05.069403+00:00,216905090792730,8,-111,21,2201,1075,4105,0.28,-3.885,0.735,0.537044,0.2623,1.00162
298462,2843212890,34855469,2026-10-06T05:18:05.069712+00:00,216905091102101,88,105,-51,1785,939,4029,3.08,3.675,-1.785,0.43554,0.229116,0.983076
298463,2843222656,34865235,2026-10-06T05:18:05.070994+00:00,216905092384859,161,199,-77,1270,945,3805,5.635,6.965,-2.695,0.30988,0.23058,0.92842
298464,2843232421,34875000,2026-10-06T05:18:05.114302+00:00,216905135698373,221,174,-96,1356,1013,3816,7.735,6.09,-3.36,0.330864,0.247172,0.931104
298465,2843242187,34884766,2026-10-06T05:18:05.114454+00:00,216905135842524,248,165,-116,1055,1057,3813,8.68,5.775,-4.06,0.25742,0.257908,0.930372
298466,2843251953,34894532,2026-10-06T05:18:05.114734+00:00,216905136121535,239,115,-104,957,963,3778,8.365,4.025,-3.64,0.233508,0.234972,0.921832
298467,2843262695,34905274,2026-10-06T05:18:05.116951+00:00,216905138339347,247,51,-75,1175,1031,3634,8.645,1.785,-2.625,0.2867,0.251564,0.886696
298468,2843272460,34915039,2026-10-06T05:18:05.117177+00:00,216905138566686,243,7,-41,1101,1295,3660,8.505,0.245,-1.435,0.268644,0.31598,0.89304
298469,2843282226,34924805,2026-10-06T05:18:05.249233+00:00,216905270629096,174,-50,-12,1177,1373,3831,6.09,-1.75,-0.42,0.287188,0.335012,0.934764
298470,2843291992,34934571,2026-10-06T05:18:05.249373+00:00,216905270762054,114,-66,14,1221,1268,3800,3.99,-2.31,0.49,0.297924,0.309392,0.9272
298471,2843297851,34940430,2026-10-06T05:18:05.249736+00:00,216905271125512,83,-70,36,1251,1256,3925,2.905,-2.45,1.26,0.305244,0.306464,0.9577
298472,2843307617,34950196,2026-10-06T05:18:05.252189+00:00,216905273589907,43,-66,64,1125,1200,3915,1.505,-2.31,2.24,0.2745,0.2928,0.95526
298473,2843317382,34959961,2026-10-06T05:18:05.252761+00:00,216905274150751,20,-81,89,1147,1159,3775,0.7,-2.835,3.115,0.279868,0.282796,0.9211
298474,2843327148,34969727,2026-10-06T05:18:05.253106+00:00,216905274494952,-8,-127,110,1215,1173,3972,-0.28,-4.445,3.85,0.29646,0.286212,0.969168
298475,2843337890,34980469,2026-10-06T05:18:05.253425+00:00,216905274812719,-31,-139,111,1151,997,3943,-1.085,-4.865,3.885,0.280844,0.243268,0.962092
298476,2843347656,34990235,2026-10-06T05:18:05.253939+00:00,216905275328381,-24,-170,133,1200,1095,3924,-0.84,-5.95,4.655,0.2928,0.26718,0.957456
298477,2843357421,35000000,2026-10-06T05:18:05.254166+00:00,216905275555768,-19,-196,129,1373,1248,3990,-0.665,-6.86,4.515,0.335012,0.304512,0.97356
298478,2843367187,35009766,2026-10-06T05:18:05.254383+00:00,216905275773196,-51,-199,123,1488,1148,3970,-1.785,-6.965,4.305,0.363072,0.280112,0.96868
298479,2843376953,35019532,2026-10-06T05:18:05.256019+00:00,216905277409636,-54,-195,114,1516,1099,3886,-1.89,-6.825,3.99,0.369904,0.268156,0.948184
298480,2843382812,35025391,2026-10-06T05:18:05.256246+00:00,216905277635940,-50,-212,121,1693,1043,3769,-1.75,-7.42,4.235,0.413092,0.254492,0.919636
298481,2843392578,35035157,2026-10-06T05:18:05.256465+00:00,216905277854570,-29,-215,130,1828,1178,3947,-1.015,-7.525,4.55,0.446032,0.287432,0.963068
298482,2843402343,35044922,2026-10-06T05:18:05.258023+00:00,216905279412834,-5,-174,103,1548,1354,4024,-0.175,-6.09,3.605,0.377712,0.330376,0.981856
298483,2843412109,35054688,2026-10-06T05:18:05.258249+00:00,216905279639922,-26,-171,106,1355,1054,3788,-0.91,-5.985,3.71,0.33062,0.257176,0.924272
298484,2843422851,35065430,2026-10-06T05:18:05.296307+00:00,216905317733325,-42,-205,130,1479,1039,3899,-1.47,-7.175,4.55,0.360876,0.253516,0.951356
298485,2843432617,35075196,2026-10-06T05:18:05.297290+00:00,216905318706751,-41,-198,107,1264,1134,3950,-1.435,-6.93,3.745,0.308416,0.276696,0.9638
298486,2843442382,35084961,2026-10-06T05:18:05.298229+00:00,216905319646582,-65,-245,148,1238,1056,3658,-2.275,-8.575,5.18,0.302072,0.257664,0.892552
298487,2843452148,35094727,2026-10-06T05:18:05.299026+00:00,216905320438757,-74,-298,175,1597,1212,3750,-2.59,-10.43,6.125,0.389668,0.295728,0.915
298488,2843462890,35105469,2026-10-06T05:18:05.340317+00:00,216905361715642,-117,-293,180,1458,1066,3732,-4.095,-10.255,6.3,0.355752,0.260104,0.910608
298489,2843472656,35115235,2026-10-06T05:18:05.340725+00:00,216905362117009,-126,-319,199,1431,1032,3671,-4.41,-11.165,6.965,0.349164,0.251808,0.895724
298490,2843482421,35125000,2026-10-06T05:18:05.340998+00:00,216905362387878,-135,-330,212,1411,1176,3882,-4.725,-11.55,7.42,0.344284,0.286944,0.947208
298491,2843487304,35129883,2026-10-06T05:18:05.341294+00:00,216905362683183,-148,-311,209,1436,1057,3897,-5.18,-10.885,7.315,0.350384,0.257908,0.950868
298492,2843497070,35139649,2026-10-06T05:18:05.342025+00:00,216905363413352,-133,-293,215,1515,987,3775,-4.655,-10.255,7.525,0.36966,0.240828,0.9211
298493,2843507812,35150391,2026-10-06T05:18:05.386019+00:00,216905407426683,-120,-288,225,1595,1097,3757,-4.2,-10.08,7.875,0.38918,0.267668,0.916708
298494,2843517578,35160157,2026-10-06T05:18:05.386644+00:00,216905408039382,-142,-274,221,1501,1078,3851,-4.97,-9.59,7.735,0.366244,0.263032,0.939644
298495,2843527343,35169922,2026-10-06T05:18:05.386898+00:00,216905408288376,-153,-277,220,1471,979,3702,-5.355,-9.695,7.7,0.358924,0.238876,0.903288
298496,2843537109,35179688,2026-10-06T05:18:05.387165+00:00,216905408553872,-174,-295,224,1593,1038,3925,-6.09,-10.325,7.84,0.388692,0.253272,0.9577
298497,2843547851,35190430,2026-10-06T05:18:05.474193+00:00,216905495588670,-175,-280,212,1342,1031,3796,-6.125,-9.8,7.42,0.327448,0.251564,0.926224
298498,2843557617,35200196,2026-10-06T05:18:05.474318+00:00,216905495705957,-195,-310,222,1302,1067,3836,-6.825,-10.85,7.77,0.317688,0.260348,0.935984
298499,2843567382,35209961,2026-10-06T05:18:05.474513+00:00,216905495902209,-220,-345,243,1405,1069,3750,-7.7,-12.075,8.505,0.34282,0.260836,0.915
298500,2843577148,35219727,2026-10-06T05:18:05.475956+00:00,216905497344049,-255,-389,263,1598,1063,3828,-8.925,-13.615,9.205,0.389912,0.259372,0.934032
298501,2843587890,35230469,2026-10-06T05:18:05.476117+00:00,216905497505021,-267,-384,253,1624,1026,3871,-9.345,-13.44,8.855,0.396256,0.250344,0.944524
298502,2843592773,35235352,2026-10-06T05:18:05.476279+00:00,216905497667550,-263,-363,238,1575,971,3860,-9.205,-12.705,8.33,0.3843,0.236924,0.94184
298503,2843602539,35245118,2026-10-06T05:18:05.478014+00:00,216905499403458,-252,-355,225,1410,1004,3871,-8.82,-12.425,7.875,0.34404,0.244976,0.944524
298504,2843612304,35254883,2026-10-06T05:18:05.478163+00:00,216905499551532,-247,-373,218,1359,1009,3945,-8.645,-13.055,7.63,0.331596,0.246196,0.96258
298505,2843622070,35264649,2026-10-06T05:18:05.478414+00:00,216905499802818,-244,-392,221,1510,981,3763,-8.54,-13.72,7.735,0.36844,0.239364,0.918172
298506,2843632812,35275391,2026-10-06T05:18:05.482157+00:00,216905503573151,-245,-429,235,1652,1052,3875,-8.575,-15.015,8.225,0.403088,0.256688,0.9455
298507,2843642578,35285157,2026-10-06T05:18:05.521330+00:00,216905542733546,-244,-428,224,1764,911,3809,-8.54,-14.98,7.84,0.430416,0.222284,0.929396
298508,2843652343,35294922,2026-10-06T05:18:05.522067+00:00,216905543462424,-207,-407,218,1621,953,3881,-7.245,-14.245,7.63,0.395524,0.232532,0.946964
298509,2843662109,35304688,2026-10-06T05:18:05.522444+00:00,216905543838419,-177,-386,206,1357,938,3838,-6.195,-13.51,7.21,0.331108,0.228872,0.936472
298510,2843672851,35315430,2026-10-06T05:18:05.522849+00:00,216905544243568,-165,-409,219,1416,973,3929,-5.775,-14.315,7.665,0.345504,0.237412,0.958676
298511,2843677734,35320313,2026-10-06T05:18:05.523233+00:00,216905544624486,-161,-422,233,1477,1007,3732,-5.635,-14.77,8.155,0.360388,0.245708,0.910608
298512,2843687500,35330079,2026-10-06T05:18:05.565180+00:00,216905586576017,-175,-472,253,1875,928,3812,-6.125,-16.52,8.855,0.4575,0.226432,0.930128
298513,2843697265,35339844,2026-10-06T05:18:05.565318+00:00,216905586705860,-153,-454,234,1723,885,3954,-5.355,-15.89,8.19,0.420412,0.21594,0.964776
298514,2843707031,35349610,2026-10-06T05:18:05.565490+00:00,216905586877345,-106,-413,206,1511,783,3751,-3.71,-14.455,7.21,0.368684,0.191052,0.915244
298515,2843717773,35360352,2026-10-06T05:18:05.569007+00:00,216905590407059,-84,-436,231,1601,876,3861,-2.94,-15.26,8.085,0.390644,0.213744,0.942084
298516,2843727539,35370118,2026-10-06T05:18:05.609130+00:00,216905630523828,-76,-433,246,1392,884,4087,-2.66,-15.155,8.61,0.339648,0.215696,0.997228
298517,2843737304,35379883,2026-10-06T05:18:05.609242+00:00,216905630627661,-53,-408,238,1458,731,3837,-1.855,-14.28,8.33,0.355752,0.178364,0.936228
298518,2843747070,35389649,2026-10-06T05:18:05.613230+00:00,216905634623248,-36,-432,284,1733,854,3860,-1.26,-15.12,9.94,0.422852,0.208376,0.94184
298519,2843757812,35400391,2026-10-06T05:18:05.613425+00:00,216905634814345,-21,-435,280,1940,792,3842,-0.735,-15.225,9.8,0.47336,0.193248,0.937448
298520,2843767578,35410157,2026-10-06T05:18:05.613657+00:00,216905635045566,26,-402,251,1723,821,3859,0.91,-14.07,8.785,0.420412,0.200324,0.941596
298521,2843777343,35419922,2026-10-06T05:18:05.655198+00:00,216905676592812,56,-394,240,1567,862,3787,1.96,-13.79,8.4,0.382348,0.210328,0.924028
298522,2843787109,35429688,2026-10-06T05:18:05.655324+00:00,216905676711905,49,-416,276,1548,928,3825,1.715,-14.56,9.66,0.377712,0.226432,0.9333
298523,2843791992,35434571,2026-10-06T05:18:05.655528+00:00,216905676916654,27,-432,321,1425,1028,3844,0.945,-15.12,11.235,0.3477,0.250832,0.937936
298524,2843802734,35445313,2026-10-06T05:18:05.655742+00:00,216905677130003,-10,-476,378,1669,969,3822,-0.35,-16.66,13.23,0.407236,0.236436,0.932568
298525,2843812500,35455079,2026-10-06T05:18:05.656999+00:00,216905678387503,-22,-512,421,1860,906,3877,-0.77,-17.92,14.735,0.45384,0.221064,0.945988
298526,2843822265,35464844,2026-10-06T05:18:05.700257+00:00,216905721655097,14,-519,400,1874,795,3814,0.49,-18.165,14.0,0.457256,0.19398,0.930616
298527,2843832031,35474610,2026-10-06T05:18:05.700503+00:00,216905721893910,52,-534,371,1823,770,3892,1.82,-18.69,12.985,0.444812,0.18788,0.949648
298528,2843842773,35485352,2026-10-06T05:18:05.702684+00:00,216905724079549,85,-557,331,1767,757,3827,2.975,-19.495,11.585,0.431148,0.184708,0.933788
298529,2843852539,35495118,2026-10-06T05:18:05.702857+00:00,216905724245283,134,-582,277,1666,644,3803,4.69,-20.37,9.695,0.406504,0.157136,0.927932
298530,2843862304,35504883,2026-10-06T05:18:05.744169+00:00,216905765563561,211,-651,249,1854,797,3822,7.385,-22.785,8.715,0.452376,0.194468,0.932568
298531,2843872070,35514649,2026-10-06T05:18:05.744320+00:00,216905765707773,204,-705,233,2074,687,3776,7.14,-24.675,8.155,0.506056,0.167628,0.921344
298532,2843882812,35525391,2026-10-06T05:18:05.744609+00:00,216905765996901,231,-717,192,1876,746,3796,8.085,-25.095,6.72,0.457744,0.182024,0.926224
298533,2843887695,35530274,2026-10-06T05:18:05.748221+00:00,216905769640095,247,-798,164,1768,713,3797,8.645,-27.93,5.74,0.431392,0.173972,0.926468
298534,2843897460,35540039,2026-10-06T05:18:05.748779+00:00,216905770183862,297,-891,168,1782,764,3737,10.395,-31.185,5.88,0.434808,0.186416,0.911828
298535,2843907226,35549805,2026-10-06T05:18:05.789565+00:00,216905810966186,295,-1028,201,2049,502,3365,10.325,-35.98,7.035,0.499956,0.122488,0.82106
298536,2843916992,35559571,2026-10-06T05:18:05.790032+00:00,216905811430604,319,-1228,265,2004,470,3243,11.165,-42.98,9.275,0.488976,0.11468,0.791292
298537,2843927734,35570313,2026-10-06T05:18:05.790420+00:00,216905811815884,394,-1497,316,1982,695,3882,13.79,-52.395,11.06,0.483608,0.16958,0.947208
298538,2843937500,35580079,2026-10-06T05:18:05.792279+00:00,216905813673477,599,-1538,181,1360,1654,4631,20.965,-53.83,6.335,0.33184,0.403576,1.129964
298539,2843947265,35589844,2026-10-06T05:18:05.792533+00:00,216905813925992,484,-1601,144,673,1500,4168,16.94,-56.035,5.04,0.164212,0.366,1.016992
298540,2843957031,35599610,2026-10-06T05:18:05.836764+00:00,216905858168919,458,-1871,242,1537,1379,3732,16.03,-65.485,8.47,0.375028,0.336476,0.910608
298541,2843967773,35610352,2026-10-06T05:18:05.837270+00:00,216905858665373,458,-2185,368,1653,887,3745,16.03,-76.475,12.88,0.403332,0.216428,0.91378
298542,2843977539,35620118,2026-10-06T05:18:05.837835+00:00,216905859227349,570,-2459,396,1605,720,4112,19.95,-86.065,13.86,0.39162,0.17568,1.003328
298543,2843987304,35629883,2026-10-06T05:18:05.838253+00:00,216905859645177,678,-2659,388,1760,1020,4025,23.73,-93.065,13.58,0.42944,0.24888,0.9821
298544,2843992187,35634766,2026-10-06T05:18:05.838630+00:00,216905860020936,662,-2936,346,1950,1275,3728,23.17,-102.76,12.11,0.4758,0.3111,0.909632
298545,2844001953,35644532,2026-10-06T05:18:05.879287+00:00,216905900681088,548,-3292,256,2067,714,3752,19.18,-115.22,8.96,0.504348,0.174216,0.915488
298546,2844012695,35655274,2026-10-06T05:18:05.879513+00:00,216905900901752,579,-3603,204,1719,683,3822,20.265,-126.105,7.14,0.419436,0.166652,0.932568
298547,2844022460,35665039,2026-10-06T05:18:05.879839+00:00,216905901228838,595,-3910,209,1849,729,4172,20.825,-136.85,7.315,0.451156,0.177876,1.017968
298548,2844032226,35674805,2026-10-06T05:18:05.882113+00:00,216905903502977,608,-4193,219,1940,854,3411,21.28,-146.755,7.665,0.47336,0.208376,0.832284
298549,2844041992,35684571,2026-10-06T05:18:05.924333+00:00,216905945730747,581,-4636,275,2422,1014,3671,20.335,-162.26,9.625,0.590968,0.247416,0.895724
298550,2844052734,35695313,2026-10-06T05:18:05.924539+00:00,216905945931345,503,-4991,338,1914,941,3461,17.605,-174.685,11.83,0.467016,0.229604,0.844484
298551,2844062500,35705079,2026-10-06T05:18:05.924873+00:00,216905946265115,436,-5431,461,2077,831,3541,15.26,-190.085,16.135,0.506788,0.202764,0.864004
298552,2844072265,35714844,2026-10-06T05:18:05.926074+00:00,216905947465257,441,-5808,585,2202,954,3309,15.435,-203.28,20.475,0.537288,0.232776,0.807396
298553,2844082031,35724610,2026-10-06T05:18:05.926312+00:00,216905947705017,447,-6146,658,2430,969,3247,15.645,-215.11,23.03,0.59292,0.236436,0.792268
298554,2844087890,35730469,2026-10-06T05:18:05.970298+00:00,216905991699904,481,-6449,707,2762,915,3206,16.835,-225.715,24.745,0.673928,0.22326,0.782264
298555,2844097656,35740235,2026-10-06T05:18:05.971073+00:00,216905992467468,553,-6684,717,3178,773,3273,19.355,-233.94,25.095,0.775432,0.188612,0.798612
298556,2844107421,35750000,2026-10-06T05:18:05.971706+00:00,216905993098215,765,-6840,683,3635,539,3363,26.775,-239.4,23.905,0.88694,0.131516,0.820572
298557,2844117187,35759766,2026-10-06T05:18:05.971959+00:00,216905993350839,1228,-6927,600,4075,517,3099,42.98,-242.445,21.0,0.9943,0.126148,0.756156
298558,2844126953,35769532,2026-10-06T05:18:05.972236+00:00,216905993629133,1728,-6985,581,4428,878,3591,60.48,-244.475,20.335,1.080432,0.214232,0.876204
298559,2844137695,35780274,2026-10-06T05:18:06.015367+00:00,216906036764772,2231,-7013,567,4604,841,3417,78.085,-245.455,19.845,1.123376,0.205204,0.833748
298560,2844147460,35790039,2026-10-06T05:18:06.015745+00:00,216906037138702,2702,-6999,701,5046,1527,3642,94.57,-244.965,24.535,1.231224,0.372588,0.888648
298561,2844157226,35799805,2026-10-06T05:18:06.015998+00:00,216906037390062,2751,-6960,949,4683,1764,3322,96.285,-243.6,33.215,1.142652,0.430416,0.810568
298562,2844166992,35809571,2026-10-06T05:18:06.016271+00:00,216906037663045,2625,-6985,1302,4477,1451,3465,91.875,-244.475,45.57,1.092388,0.354044,0.84546
298563,2844177734,35820313,2026-10-06T05:18:06.060269+00:00,216906081666740,2841,-6940,1544,4277,1753,3441,99.435,-242.9,54.04,1.043588,0.427732,0.839604
298564,2844182617,35825196,2026-10-06T05:18:06.060447+00:00,216906081836207,2997,-6854,1801,4027,1934,3203,104.895,-239.89,63.035,0.982588,0.471896,0.781532
298565,2844192382,35834961,2026-10-06T05:18:06.060776+00:00,216906082165664,3051,-6791,2051,3869,1974,2711,106.785,-237.685,71.785,0.944036,0.481656,0.661484
298566,2844202148,35844727,2026-10-06T05:18:06.060983+00:00,216906082375805,3146,-6784,2211,4299,1558,2670,110.11,-237.44,77.385,1.048956,0.380152,0.65148
298567,2844212890,35855469,2026-10-06T05:18:06.063047+00:00,216906084436656,3495,-6587,2284,4268,1013,2152,122.325,-230.545,79.94,1.041392,0.247172,0.525088
298568,2844222656,35865235,2026-10-06T05:18:06.105287+00:00,216906126685309,4047,-6424,2341,3964,1679,1234,141.645,-224.84,81.935,0.967216,0.409676,0.301096
298569,2844232421,35875000,2026-10-06T05:18:06.105535+00:00,216906126926852,4180,-6351,2465,5036,1531,1637,146.3,-222.285,86.275,1.228784,0.373564,0.399428
298570,2844242187,35884766,2026-10-06T05:18:06.105819+00:00,216906127209218,4441,-5893,2400,5495,1537,1869,155.435,-206.255,84.0,1.34078,0.375028,0.456036
298571,2844251953,35894532,2026-10-06T05:18:06.106107+00:00,216906127498925,4686,-5308,2289,5132,1811,1682,164.01,-185.78,80.115,1.252208,0.441884,0.410408
298572,2844262695,35905274,2026-10-06T05:18:06.107038+00:00,216906128429815,4497,-4759,2388,4730,1677,1673,157.395,-166.565,83.58,1.15412,0.409188,0.408212
298573,2844272460,35915039,2026-10-06T05:18:06.150342+00:00,216906171741550,4072,-4236,2659,3934,2047,1746,142.52,-148.26,93.065,0.959896,0.499468,0.426024
298574,2844282226,35924805,2026-10-06T05:18:06.150579+00:00,216906171969305,3196,-3706,2920,4478,3356,2840,111.86,-129.71,102.2,1.092632,0.818864,0.69296
298575,2844291992,35934571,2026-10-06T05:18:06.150923+00:00,216906172318211,2032,-2663,2518,8806,4597,6305,71.12,-93.205,88.13,2.148664,1.121668,1.53842
298576,2844297851,35940430,2026-10-06T05:18:06.151602+00:00,216906172993021,785,-435,1801,4606,4460,5116,27.475,-15.225,63.035,1.123864,1.08824,1.248304
298577,2844307617,35950196,2026-10-06T05:18:06.152008+00:00,216906173398979,-401,1120,1103,4344,2992,3739,-14.035,39.2,38.605,1.059936,0.730048,0.912316
298578,2844317382,35959961,2026-10-06T05:18:06.194250+00:00,216906215648434,-1058,2337,524,4459,2298,3473,-37.03,81.795,18.34,1.087996,0.560712,0.847412
298579,2844327148,35969727,2026-10-06T05:18:06.194455+00:00,216906215847108,-1361,3418,91,3188,1560,2660,-47.635,119.63,3.185,0.777872,0.38064,0.64904
298580,2844337890,35980469,2026-10-06T05:18:06.194760+00:00,216906216151892,-1516,4153,-181,2705,1007,1965,-53.06,145.355,-6.335,0.66002,0.245708,0.47946
298581,2844347656,35990235,2026-10-06T05:18:06.197815+00:00,216906219204782,-1532,4632,-323,2370,673,1546,-53.62,162.12,-11.305,0.57828,0.164212,0.377224
298582,2844357421,36000000,2026-10-06T05:18:06.241202+00:00,216906262614016,-1516,4897,-372,1719,434,911,-53.06,171.395,-13.02,0.419436,0.105896,0.222284
298583,2844367187,36009766,2026-10-06T05:18:06.242847+00:00,216906264251541,-1474,4815,-309,777,78,175,-51.59,168.525,-10.815,0.189588,0.019032,0.0427
298584,2844376953,36019532,2026-10-06T05:18:06.244591+00:00,216906265992935,-1360,4374,-146,109,-203,-350,-47.6,153.09,-5.11,0.026596,-0.049532,-0.0854
298585,2844382812,36025391,2026-10-06T05:18:06.245462+00:00,216906266863278,-1121,3734,-25,100,-419,-366,-39.235,130.69,-0.875,0.0244,-0.102236,-0.089304
298586,2844392578,36035157,2026-10-06T05:18:06.245904+00:00,216906267303708,-749,3076,-50,672,-53,160,-26.215,107.66,-1.75,0.163968,-0.012932,0.03904
298587,2844402343,36044922,2026-10-06T05:18:06.285021+00:00,216906306426139,-468,2626,-221,1590,569,944,-16.38,91.91,-7.735,0.38796,0.138836,0.230336
298588,2844412109,36054688,2026-10-06T05:18:06.285756+00:00,216906307153169,-448,2501,-446,2548,1183,1890,-15.68,87.535,-15.61,0.621712,0.288652,0.46116
298589,2844422851,36065430,2026-10-06T05:18:06.286695+00:00,216906308091933,-671,2724,-684,3342,1428,2638,-23.485,95.34,-23.94,0.815448,0.348432,0.643672
298590,2844432617,36075196,2026-10-06T05:18:06.287162+00:00,216906308557697,-974,3217,-915,3735,1337,2951,-34.09,112.595,-32.025,0.91134,0.326228,0.720044
298591,2844442382,36084961,2026-10-06T05:18:06.287559+00:00,216906308954549,-1195,3829,-1127,3919,1173,3032,-41.825,134.015,-39.445,0.956236,0.286212,0.739808
298592,2844452148,36094727,2026-10-06T05:18:06.329499+00:00,216906350901867,-1289,4462,-1323,3966,950,2968,-45.115,156.17,-46.305,0.967704,0.2318,0.724192
298593,2844462890,36105469,2026-10-06T05:18:06.329727+00:00,216906351120750,-1287,5046,-1485,3715,727,2697,-45.045,176.61,-51.975,0.90646,0.177388,0.658068
298594,2844472656,36115235,2026-10-06T05:18:06.330131+00:00,216906351524344,-1236,5491,-1562,3396,544,2441,-43.26,192.185,-54.67,0.828624,0.132736,0.595604
298595,2844482421,36125000,2026-10-06T05:18:06.332281+00:00,216906353676690,-1127,5783,-1551,3151,388,2215,-39.445,202.405,-54.285,0.768844,0.094672,0.54046
298596,2844487304,36129883,2026-10-06T05:18:06.332701+00:00,216906354095821,-1004,5937,-1466,2961,311,2030,-35.14,207.795,-51.31,0.722484,0.075884,0.49532
298597,2844497070,36139649,2026-10-06T05:18:06.374440+00:00,216906395841706,-866,5979,-1336,2855,238,1965,-30.31,209.265,-46.76,0.69662,0.058072,0.47946
298598,2844507812,36150391,2026-10-06T05:18:06.374927+00:00,216906396322543,-671,5958,-1200,2739,227,1943,-23.485,208.53,-42.0,0.668316,0.055388,0.474092
298599,2844517578,36160157,2026-10-06T05:18:06.375252+00:00,216906396646542,-430,5897,-1099,2787,429,2068,-15.05,206.395,-38.465,0.680028,0.104676,0.504592
298600,2844527343,36169922,2026-10-06T05:18:06.377316+00:00,216906398712134,-229,5848,-1057,2874,853,2287,-8.015,204.68,-36.995,0.701256,0.208132,0.558028
298601,2844537109,36179688,2026-10-06T05:18:06.464504+00:00,216906485907592,-152,5827,-1086,3002,1304,2590,-5.32,203.945,-38.01,0.732488,0.318176,0.63196
298602,2844547851,36190430,2026-10-06T05:18:06.464880+00:00,216906486273112,-203,5849,-1207,3055,1568,2918,-7.105,204.715,-42.245,0.74542,0.382592,0.711992
298603,2844557617,36200196,2026-10-06T05:18:06.465273+00:00,216906486665928,-293,5907,-1437,3007,1343,3192,-10.255,206.745,-50.295,0.733708,0.327692,0.778848
298604,2844567382,36209961,2026-10-06T05:18:06.467317+00:00,216906488716914,-226,5995,-1725,3027,1096,3349,-7.91,209.825,-60.375,0.738588,0.267424,0.817156
298605,2844577148,36219727,2026-10-06T05:18:06.467956+00:00,216906489355376,-25,6089,-1998,3114,1282,3440,-0.875,213.115,-69.93,0.759816,0.312808,0.83936
298606,2844587890,36230469,2026-10-06T05:18:06.468549+00:00,216906489944733,66,6154,-2219,3052,1551,3461,2.31,215.39,-77.665,0.744688,0.378444,0.844484
298607,2844592773,36235352,2026-10-06T05:18:06.469031+00:00,216906490425905,-6,6141,-2403,3038,1692,3547,-0.21,214.935,-84.105,0.741272,0.412848,0.865468
298608,2844602539,36245118,2026-10-06T05:18:06.469523+00:00,216906490919072,-137,6068,-2581,3182,1724,3753,-4.795,212.38,-90.335,0.776408,0.420656,0.915732
298609,2844612304,36254883,2026-10-06T05:18:06.469916+00:00,216906491309833,-226,6004,-2791,3474,1786,4039,-7.91,210.14,-97.685,0.847656,0.435784,0.985516
298610,2844622070,36264649,2026-10-06T05:18:06.470287+00:00,216906491681705,-270,5987,-3042,3806,1999,4369,-9.45,209.545,-106.47,0.928664,0.487756,1.066036
298611,2844632812,36275391,2026-10-06T05:18:06.555782+00:00,216906577203342,-354,6028,-3314,4168,2223,4716,-12.39,210.98,-115.99,1.016992,0.542412,1.150704
298612,2844642578,36285157,2026-10-06T05:18:06.558056+00:00,216906579472743,-511,6127,-3585,4516,2356,4967,-17.885,214.445,-125.475,1.101904,0.574864,1.211948
298613,2844652343,36294922,2026-10-06T05:18:06.559032+00:00,216906580450700,-697,6257,-3839,4744,2350,4995,-24.395,218.995,-134.365,1.157536,0.5734,1.21878
298614,2844662109,36304688,2026-10-06T05:18:06.561294+00:00,216906582714543,-850,6354,-4053,4853,2241,4858,-29.75,222.39,-141.855,1.184132,0.546804,1.185352
298615,2844672851,36315430,2026-10-06T05:18:06.562230+00:00,216906583637564,-930,6370,-4218,4931,2095,4676,-32.55,222.95,-147.63,1.203164,0.51118,1.140944
298616,2844677734,36320313,2026-10-06T05:18:06.563176+00:00,216906584583877,-937,6295,-4314,5077,1957,4525,-32.795,220.325,-150.99,1.238788,0.477508,1.1041
298617,2844687500,36330079,2026-10-06T05:18:06.564182+00:00,216906585588997,-899,6162,-4348,5305,1630,4365,-31.465,215.67,-152.18,1.29442,0.39772,1.06506
298618,2844697265,36339844,2026-10-06T05:18:06.565218+00:00,216906586634427,-771,6000,-4358,5651,947,4136,-26.985,210.0,-152.53,1.378844,0.231068,1.009184
298619,2844707031,36349610,2026-10-06T05:18:06.566105+00:00,216906587524009,-469,5832,-4371,6154,363,4007,-16.415,204.12,-152.985,1.501576,0.088572,0.977708
298620,2844717773,36360352,2026-10-06T05:18:06.644793+00:00,216906666202233,-128,5709,-4290,6895,338,3905,-4.48,199.815,-150.15,1.68238,0.082472,0.95282
298621,2844727539,36370118,2026-10-06T05:18:06.645428+00:00,216906666831187,-55,5633,-4010,7008,161,3250,-1.925,197.155,-140.35,1.709952,0.039284,0.793
298622,2844737304,36379883,2026-10-06T05:18:06.646085+00:00,216906667486092,-185,5443,-3532,6710,-292,2347,-6.475,190.505,-123.62,1.63724,-0.071248,0.572668
298623,2844747070,36389649,2026-10-06T05:18:06.646601+00:00,216906668023949,-275,5070,-2886,6133,-720,1346,-9.625,177.45,-101.01,1.496452,-0.17568,0.328424
298624,2844757812,36400391,2026-10-06T05:18:06.647152+00:00,216906668547827,-250,4476,-2097,5544,-1455,344,-8.75,156.66,-73.395,1.352736,-0.35502,0.083936
298625,2844767578,36410157,2026-10-06T05:18:06.647727+00:00,216906669123520,103,3713,-1268,6200,-1931,-359,3.605,129.955,-44.38,1.5128,-0.471164,-0.087596
298626,2844777343,36419922,2026-10-06T05:18:06.649387+00:00,216906670784995,688,3057,-358,6814,-1339,-1224,24.08,106.995,-12.53,1.662616,-0.326716,-0.298656
298627,2844787109,36429688,2026-10-06T05:18:06.649888+00:00,216906671284415,1057,2377,536,7273,-1152,-2096,36.995,83.195,18.76,1.774612,-0.281088,-0.511424
298628,2844791992,36434571,2026-10-06T05:18:06.650275+00:00,216906671671221,1278,1612,1132,7429,-332,-3033,44.73,56.42,39.62,1.812676,-0.081008,-0.740052
298629,2844802734,36445313,2026-10-06T05:18:06.650633+00:00,216906672028379,965,614,1436,7166,1097,-3974,33.775,21.49,50.26,1.748504,0.267668,-0.969656
298630,2844812500,36455079,2026-10-06T05:18:06.690241+00:00,216906711636292,-446,-906,1673,4762,1695,-3768,-15.61,-31.71,58.555,1.161928,0.41358,-0.919392
298631,2844822265,36464844,2026-10-06T05:18:06.690612+00:00,216906712012152,-1511,-2312,1632,-84,-1772,2631,-52.885,-80.92,57.12,-0.020496,-0.432368,0.641964
298632,2844832031,36474610,2026-10-06T05:18:06.690858+00:00,216906712247709,-12,-2542,1280,-545,503,10243,-0.42,-88.97,44.8,-0.13298,0.122732,2.499292
298633,2844842773,36485352,2026-10-06T05:18:06.693111+00:00,216906714500607,684,-2063,939,-4587,2498,7941,23.94,-72.205,32.865,-1.119228,0.609512,1.937604
298634,2844852539,36495118,2026-10-06T05:18:06.734777+00:00,216906756175559,-93,-2952,1407,-3515,-91,1259,-3.255,-103.32,49.245,-0.85766,-0.022204,0.307196
298635,2844862304,36504883,2026-10-06T05:18:06.734957+00:00,216906756349886,-1,-4541,1686,241,-470,802,-0.035,-158.935,59.01,0.058804,-0.11468,0.195688
298636,2844872070,36514649,2026-10-06T05:18:06.735270+00:00,216906756660433,355,-5424,1550,4342,1103,5177,12.425,-189.84,54.25,1.059448,0.269132,1.263188
298637,2844882812,36525391,2026-10-06T05:18:06.737238+00:00,216906758628794,555,-4723,1150,5784,1592,7608,19.425,-165.305,40.25,1.411296,0.388448,1.856352
298638,2844887695,36530274,2026-10-06T05:18:06.737667+00:00,216906759056697,819,-3332,609,2758,2019,5972,28.665,-116.62,21.315,0.672952,0.492636,1.457168
298639,2844897460,36540039,2026-10-06T05:18:06.780439+00:00,216906801837111,834,-2843,360,1219,2841,4544,29.19,-99.505,12.6,0.297436,0.693204,1.108736
298640,2844907226,36549805,2026-10-06T05:18:06.780776+00:00,216906802165628,424,-2935,301,2898,2629,4402,14.84,-102.725,10.535,0.707112,0.641476,1.074088
298641,2844916992,36559571,2026-10-06T05:18:06.781185+00:00,216906802575641,150,-2664,160,3844,2300,5037,5.25,-93.24,5.6,0.937936,0.5612,1.229028
298642,2844927734,36570313,2026-10-06T05:18:06.781604+00:00,216906802996056,-210,-2049,234,4107,2857,6592,-7.35,-71.715,8.19,1.002108,0.697108,1.608448
298643,2844937500,36580079,2026-10-06T05:18:06.782117+00:00,216906803509394,-617,-1169,250,2403,1122,4327,-21.595,-40.915,8.75,0.586332,0.273768,1.055788
298644,2844947265,36589844,2026-10-06T05:18:06.824358+00:00,216906845755989,-332,-823,158,2238,1535,4358,-11.62,-28.805,5.53,0.546072,0.37454,1.063352
298645,2844957031,36599610,2026-10-06T05:18:06.824551+00:00,216906845942256,-357,-570,117,1932,1228,4394,-12.495,-19.95,4.095,0.471408,0.299632,1.072136
298646,2844967773,36610352,2026-10-06T05:18:06.824902+00:00,216906846295266,-288,-362,66,1808,733,4350,-10.08,-12.67,2.31,0.441152,0.178852,1.0614
298647,2844977539,36620118,2026-10-06T05:18:06.826161+00:00,216906847553248,-140,-187,74,1788,485,4184,-4.9,-6.545,2.59,0.436272,0.11834,1.020896
298648,2844987304,36629883,2026-10-06T05:18:06.869255+00:00,216906890673295,95,-22,62,2008,861,4143,3.325,-0.77,2.17,0.489952,0.210084,1.010892
298649,2844992187,36634766,2026-10-06T05:18:06.869576+00:00,216906890964771,251,170,-12,1872,1213,3935,8.785,5.95,-0.42,0.456768,0.295972,0.96014
298650,2845001953,36644532,2026-10-06T05:18:06.869895+00:00,216906891283950,278,282,-91,1405,1186,3767,9.73,9.87,-3.185,0.34282,0.289384,0.919148
298651,2845012695,36655274,2026-10-06T05:18:06.872209+00:00,216906893605983,271,284,-109,1180,1183,3960,9.485,9.94,-3.815,0.28792,0.288652,0.96624
298652,2845022460,36665039,2026-10-06T05:18:06.872382+00:00,216906893770518,260,269,-121,1073,1093,3684,9.1,9.415,-4.235,0.261812,0.266692,0.898896
298653,2845032226,36674805,2026-10-06T05:18:06.915094+00:00,216906936488937,254,201,-108,920,1181,3658,8.89,7.035,-3.78,0.22448,0.288164,0.892552
298654,2845041992,36684571,2026-10-06T05:18:06.915230+00:00,216906936618327,208,97,-76,900,1182,3615,7.28,3.395,-2.66,0.2196,0.288408,0.88206
298655,2845052734,36695313,2026-10-06T05:18:06.915394+00:00,216906936782129,181,14,-45,1032,1264,3806,6.335,0.49,-1.575,0.251808,0.308416,0.928664
298656,2845062500,36705079,2026-10-06T05:18:06.915698+00:00,216906937085488,164,-29,-16,1080,1316,3650,5.74,-1.015,-0.56,0.26352,0.321104,0.8906
298657,2845072265,36714844,2026-10-06T05:18:06.918344+00:00,216906939756303,112,-78,43,1066,1259,3645,3.92,-2.73,1.505,0.260104,0.307196,0.88938
298658,2845082031,36724610,2026-10-06T05:18:06.959168+00:00,216906980564389,96,-116,68,1130,1337,3916,3.36,-4.06,2.38,0.27572,0.326228,0.955504
298659,2845087890,36730469,2026-10-06T05:18:06.959297+00:00,216906980684984,76,-107,78,1071,1216,3951,2.66,-3.745,2.73,0.261324,0.296704,0.964044
298660,2845097656,36740235,2026-10-06T05:18:06.959456+00:00,216906980843987,82,-112,92,1183,1219,3895,2.87,-3.92,3.22,0.288652,0.297436,0.95038
298661,2845107421,36750000,2026-10-06T05:18:06.961928+00:00,216906983316347,74,-123,109,1111,1265,4043,2.59,-4.305,3.815,0.271084,0.30866,0.986492
298662,2845117187,36759766,2026-10-06T05:18:06.962013+00:00,216906983400897,63,-108,93,1175,1200,3952,2.205,-3.78,3.255,0.2867,0.2928,0.964288
298663,2845126953,36769532,2026-10-06T05:18:07.006293+00:00,216907027715554,44,-133,109,1069,1114,3784,1.54,-4.655,3.815,0.260836,0.271816,0.923296
298664,2845137695,36780274,2026-10-06T05:18:07.007460+00:00,216907028881484,36,-182,112,1154,1260,4149,1.26,-6.37,3.92,0.281576,0.30744,1.012356
298665,2845147460,36790039,2026-10-06T05:18:07.008860+00:00,216907030271104,10,-177,121,1005,1099,3890,0.35,-6.195,4.235,0.24522,0.268156,0.94916
298666,2845157226,36799805,2026-10-06T05:18:07.010312+00:00,216907031720387,27,-222,139,1220,1282,3865,0.945,-7.77,4.865,0.29768,0.312808,0.94306
298667,2845166992,36809571,2026-10-06T05:18:07.052463+00:00,216907073895258,-1,-265,155,1378,1283,3889,-0.035,-9.275,5.425,0.336232,0.313052,0.948916
298668,2845177734,36820313,2026-10-06T05:18:07.057533+00:00,216907078962084,-7,-258,135,1627,1296,3988,-0.245,-9.03,4.725,0.396988,0.316224,0.973072
298669,2845182617,36825196,2026-10-06T05:18:07.058057+00:00,216907079471899,-21,-220,138,1619,1131,3812,-0.735,-7.7,4.83,0.395036,0.275964,0.930128
298670,2845192382,36834961,2026-10-06T05:18:07.061150+00:00,216907082579131,-25,-229,141,1538,1070,3968,-0.875,-8.015,4.935,0.375272,0.26108,0.968192
298671,2845202148,36844727,2026-10-06T05:18:07.063228+00:00,216907084639304,25,-182,97,1221,1092,4079,0.875,-6.37,3.395,0.297924,0.266448,0.995276
298672,2845212890,36855469,2026-10-06T05:18:07.094361+00:00,216907115762743,66,-168,116,1120,1148,3684,2.31,-5.88,4.06,0.27328,0.280112,0.898896
298673,2845222656,36865235,2026-10-06T05:18:07.094552+00:00,216907115943933,74,-272,144,1616,1512,3581,2.59,-9.52,5.04,0.394304,0.368928,0.873764
298674,2845232421,36875000,2026-10-06T05:18:07.094957+00:00,216907116349973,-54,-308,172,1308,1237,4122,-1.89,-10.78,6.02,0.319152,0.301828,1.005768
298675,2845242187,36884766,2026-10-06T05:18:07.097431+00:00,216907118824810,-59,-278,145,1114,965,3586,-2.065,-9.73,5.075,0.271816,0.23546,0.874984
298676,2845251953,36894532,2026-10-06T05:18:07.097755+00:00,216907119148642,-49,-354,179,1455,1348,3903,-1.715,-12.39,6.265,0.35502,0.328912,0.952332
298677,2845262695,36905274,2026-10-06T05:18:07.140454+00:00,216907161853446,-112,-370,196,1263,1224,3675,-3.92,-12.95,6.86,0.308172,0.298656,0.8967
298678,2845272460,36915039,2026-10-06T05:18:07.186270+00:00,216907207688757,-141,-401,221,1336,1236,3787,-4.935,-14.035,7.735,0.325984,0.301584,0.924028
298679,2845282226,36924805,2026-10-06T05:18:07.190368+00:00,216907211779095,-183,-417,250,1314,1231,3609,-6.405,-14.595,8.75,0.320616,0.300364,0.880596
298680,2845291992,36934571,2026-10-06T05:18:07.190756+00:00,216907212159941,-237,-464,289,1406,1286,3733,-8.295,-16.24,10.115,0.343064,0.313784,0.910852
298681,2845297851,36940430,2026-10-06T05:18:07.191463+00:00,216907212865467,-273,-466,289,1660,1236,3876,-9.555,-16.31,10.115,0.40504,0.301584,0.945744
298682,2845307617,36950196,2026-10-06T05:18:07.192260+00:00,216907213661163,-277,-421,273,1691,1032,3867,-9.695,-14.735,9.555,0.412604,0.251808,0.943548
298683,2845317382,36959961,2026-10-06T05:18:07.193091+00:00,216907214501140,-240,-358,251,1473,1065,3963,-8.4,-12.53,8.785,0.359412,0.25986,0.966972
298684,2845327148,36969727,2026-10-06T05:18:07.193921+00:00,216907215329111,-208,-329,218,1348,1053,3877,-7.28,-11.515,7.63,0.328912,0.256932,0.945988
298685,2845337890,36980469,2026-10-06T05:18:07.194611+00:00,216907216040061,-200,-337,214,1291,1105,3929,-7.0,-11.795,7.49,0.315004,0.26962,0.958676
298686,2845347656,36990235,2026-10-06T05:18:07.231489+00:00,216907252913081,-207,-353,216,1374,1053,3810,-7.245,-12.355,7.56,0.335256,0.256932,0.92964
298687,2845357421,37000000,2026-10-06T05:18:07.232695+00:00,216907254109344,-222,-367,223,1542,1078,3873,-7.77,-12.845,7.805,0.376248,0.263032,0.945012
298688,2845367187,37009766,2026-10-06T05:18:07.233724+00:00,216907255137085,-227,-358,216,1412,1087,3786,-7.945,-12.53,7.56,0.344528,0.265228,0.923784
298689,2845376953,37019532,2026-10-06T05:18:07.234869+00:00,216907256286611,-238,-373,216,1437,1110,3872,-8.33,-13.055,7.56,0.350628,0.27084,0.944768
298690,2845382812,37025391,2026-10-06T05:18:07.236921+00:00,216907258341231,-248,-374,217,1492,1126,3869,-8.68,-13.09,7.595,0.364048,0.274744,0.944036
298691,2845392578,37035157,2026-10-06T05:18:07.275323+00:00,216907296745346,-258,-360,213,1467,1079,3778,-9.03,-12.6,7.455,0.357948,0.263276,0.921832
298692,2845402343,37044922,2026-10-06T05:18:07.276164+00:00,216907297578848,-274,-380,230,1511,1116,3776,-9.59,-13.3,8.05,0.368684,0.272304,0.921344
298693,2845412109,37054688,2026-10-06T05:18:07.277072+00:00,216907298480876,-311,-402,242,1549,1067,3785,-10.885,-14.07,8.47,0.377956,0.260348,0.92354
298694,2845422851,37065430,2026-10-06T05:18:07.279148+00:00,216907300563317,-319,-399,242,1508,1006,3820,-11.165,-13.965,8.47,0.367952,0.245464,0.93208
298695,2845432617,37075196,2026-10-06T05:18:07.280340+00:00,216907301761312,-311,-420,246,1595,1031,3917,-10.885,-14.7,8.61,0.38918,0.251564,0.955748
298696,2845442382,37084961,2026-10-06T05:18:07.328198+00:00,216907349626307,-300,-399,220,1525,1012,3913,-10.5,-13.965,7.7,0.3721,0.246928,0.954772
298697,2845452148,37094727,2026-10-06T05:18:07.328677+00:00,216907350088813,-278,-385,202,1484,985,3783,-9.73,-13.475,7.07,0.362096,0.24034,0.923052
298698,2845462890,37105469,2026-10-06T05:18:07.329041+00:00,216907350448160,-279,-420,222,1394,1063,3815,-9.765,-14.7,7.77,0.340136,0.259372,0.93086
298699,2845472656,37115235,2026-10-06T05:18:07.330340+00:00,216907351760763,-300,-455,241,1313,1028,3748,-10.5,-15.925,8.435,0.320372,0.250832,0.914512
298700,2845482421,37125000,2026-10-06T05:18:07.365261+00:00,216907386685892,-334,-510,279,1502,1093,3783,-11.69,-17.85,9.765,0.366488,0.266692,0.923052
298701,2845487304,37129883,2026-10-06T05:18:07.366502+00:00,216907387915905,-360,-537,295,1833,867,3790,-12.6,-18.795,10.325,0.447252,0.211548,0.92476
298702,2845497070,37139649,2026-10-06T05:18:07.367930+00:00,216907389344289,-312,-495,283,1701,931,3963,-10.92,-17.325,9.905,0.415044,0.227164,0.966972
298703,2845507812,37150391,2026-10-06T05:18:07.369464+00:00,216907390872398,-254,-435,245,1405,904,3814,-8.89,-15.225,8.575,0.34282,0.220576,0.930616
298704,2845517578,37160157,2026-10-06T05:18:07.371695+00:00,216907393120001,-235,-477,280,1459,1028,3728,-8.225,-16.695,9.8,0.355996,0.250832,0.909632
298705,2845527343,37169922,2026-10-06T05:18:07.412453+00:00,216907433858732,-252,-528,303,1351,990,4047,-8.82,-18.48,10.605,0.329644,0.24156,0.987468
298706,2845537109,37179688,2026-10-06T05:18:07.413269+00:00,216907434670602,-210,-510,288,1314,827,3761,-7.35,-17.85,10.08,0.320616,0.201788,0.917684
298707,2845547851,37190430,2026-10-06T05:18:07.413972+00:00,216907435374365,-209,-556,333,1683,934,4022,-7.315,-19.46,11.655,0.410652,0.227896,0.981368
298708,2845557617,37200196,2026-10-06T05:18:07.414522+00:00,216907435924028,-176,-516,310,1766,734,3934,-6.16,-18.06,10.85,0.430904,0.179096,0.959896
298709,2845567382,37209961,2026-10-06T05:18:07.414960+00:00,216907436361054,-105,-474,289,1644,788,3983,-3.675,-16.59,10.115,0.401136,0.192272,0.971852
298710,2845577148,37219727,2026-10-06T05:18:07.454678+00:00,216907476082796,-58,-451,282,1616,836,3864,-2.03,-15.785,9.87,0.394304,0.203984,0.942816
298711,2845587890,37230469,2026-10-06T05:18:07.455974+00:00,216907477372567,-47,-453,294,1710,811,3803,-1.645,-15.855,10.29,0.41724,0.197884,0.927932
298712,2845592773,37235352,2026-10-06T05:18:07.456164+00:00,216907477556394,-33,-449,318,1568,917,3817,-1.155,-15.715,11.13,0.382592,0.223748,0.931348
298713,2845602539,37245118,2026-10-06T05:18:07.457353+00:00,216907478750781,-52,-473,351,1725,873,3901,-1.82,-16.555,12.285,0.4209,0.213012,0.951844
298714,2845612304,37254883,2026-10-06T05:18:07.457637+00:00,216907479032870,-36,-461,363,1658,893,3867,-1.26,-16.135,12.705,0.404552,0.217892,0.943548
298715,2845622070,37264649,2026-10-06T05:18:07.500425+00:00,216907521825612,-16,-479,364,1735,840,3909,-0.56,-16.765,12.74,0.42334,0.20496,0.953796
298716,2845632812,37275391,2026-10-06T05:18:07.500987+00:00,216907522383794,17,-503,366,1905,860,3836,0.595,-17.605,12.81,0.46482,0.20984,0.935984
298717,2845642578,37285157,2026-10-06T05:18:07.501796+00:00,216907523193816,50,-522,355,1811,766,3829,1.75,-18.27,12.425,0.441884,0.186904,0.934276
298718,2845652343,37294922,2026-10-06T05:18:07.502915+00:00,216907524317510,86,-562,330,1866,711,3838,3.01,-19.67,11.55,0.455304,0.173484,0.936472
298719,2845662109,37304688,2026-10-06T05:18:07.546302+00:00,216907567711210,123,-584,312,1656,806,3826,4.305,-20.44,10.92,0.404064,0.196664,0.933544
298720,2845672851,37315430,2026-10-06T05:18:07.546958+00:00,216907568361268,135,-640,313,1800,820,3865,4.725,-22.4,10.955,0.4392,0.20008,0.94306
298721,2845677734,37320313,2026-10-06T05:18:07.547487+00:00,216907568889078,171,-684,307,1729,852,3884,5.985,-23.94,10.745,0.421876,0.207888,0.947696
298722,2845687500,37330079,2026-10-06T05:18:07.548074+00:00,216907569481533,198,-755,314,1742,727,3592,6.93,-26.425,10.99,0.425048,0.177388,0.876448
298723,2845697265,37339844,2026-10-06T05:18:07.548829+00:00,216907570236919,153,-932,393,2130,482,3231,5.355,-32.62,13.755,0.51972,0.117608,0.788364
298724,2845707031,37349610,2026-10-06T05:18:07.594930+00:00,216907616358916,156,-1143,444,2078,176,3473,5.46,-40.005,15.54,0.507032,0.042944,0.847412
298725,2845717773,37360352,2026-10-06T05:18:07.595385+00:00,216907616806051,340,-1309,400,1698,1342,4527,11.9,-45.815,14.0,0.414312,0.327448,1.104588
298726,2845727539,37370118,2026-10-06T05:18:07.601045+00:00,216907622474638,382,-1312,242,1039,1591,4495,13.37,-45.92,8.47,0.253516,0.388204,1.09678
298727,2845737304,37379883,2026-10-06T05:18:07.601513+00:00,216907622927361,373,-1461,258,464,1584,3907,13.055,-51.135,9.03,0.113216,0.386496,0.953308
298728,2845747070,37389649,2026-10-06T05:18:07.602812+00:00,216907624231178,297,-1894,441,1539,1147,3632,10.395,-66.29,15.435,0.375516,0.279868,0.886208
298729,2845757812,37400391,2026-10-06T05:18:07.636121+00:00,216907657551266,389,-2217,548,1610,754,4055,13.615,-77.595,19.18,0.39284,0.183976,0.98942
298730,2845767578,37410157,2026-10-06T05:18:07.680637+00:00,216907702042462,467,-2429,560,1599,884,4455,16.345,-85.015,19.6,0.390156,0.215696,1.08702
298731,2845777343,37419922,2026-10-06T05:18:07.725241+00:00,216907746638028,514,-2597,515,1690,1066,3855,17.99,-90.895,18.025,0.41236,0.260104,0.94062
298732,2845787109,37429688,2026-10-06T05:18:07.725387+00:00,216907746776679,522,-2951,455,1837,1076,3581,18.27,-103.285,15.925,0.448228,0.262544,0.873764
298733,2845791992,37434571,2026-10-06T05:18:07.725507+00:00,216907746894924,402,-3362,388,1739,603,4134,14.07,-117.67,13.58,0.424316,0.147132,1.008696
298734,2845802734,37445313,2026-10-06T05:18:07.725743+00:00,216907747132263,363,-3630,348,1804,184,4013,12.705,-127.05,12.18,0.440176,0.044896,0.979172
298735,2845812500,37455079,2026-10-06T05:18:07.727109+00:00,216907748498281,442,-3929,354,2276,900,3802,15.47,-137.515,12.39,0.555344,0.2196,0.927688
298736,2845822265,37464844,2026-10-06T05:18:07.727266+00:00,216907748654261,371,-4257,317,2135,829,3716,12.985,-148.995,11.095,0.52094,0.202276,0.906704
298737,2845832031,37474610,2026-10-06T05:18:07.727451+00:00,216907748839167,378,-4617,275,1803,719,3491,13.23,-161.595,9.625,0.439932,0.175436,0.851804
298738,2845842773,37485352,2026-10-06T05:18:07.729088+00:00,216907750477925,281,-5072,384,2188,794,3660,9.835,-177.52,13.44,0.533872,0.193736,0.89304
298739,2845852539,37495118,2026-10-06T05:18:07.729270+00:00,216907750656952,201,-5386,469,2053,633,3440,7.035,-188.51,16.415,0.500932,0.154452,0.83936
298740,2845862304,37504883,2026-10-06T05:18:07.729431+00:00,216907750817453,291,-5701,530,2189,846,3402,10.185,-199.535,18.55,0.534116,0.206424,0.830088
298741,2845872070,37514649,2026-10-06T05:18:07.732090+00:00,216907753476924,287,-5988,594,2593,839,3177,10.045,-209.58,20.79,0.632692,0.204716,0.775188
298742,2845882812,37525391,2026-10-06T05:18:07.732264+00:00,216907753651330,323,-6204,622,2868,853,3275,11.305,-217.14,21.77,0.699792,0.208132,0.7991
298743,2845887695,37530274,2026-10-06T05:18:07.732560+00:00,216907753947851,376,-6355,638,2956,696,3151,13.16,-222.425,22.33,0.721264,0.169824,0.768844
298744,2845897460,37540039,2026-10-06T05:18:07.770853+00:00,216907792250958,555,-6494,642,3404,634,3213,19.425,-227.29,22.47,0.830576,0.154696,0.783972
298745,2845907226,37549805,2026-10-06T05:18:07.771385+00:00,216907792775779,869,-6573,610,3843,669,3292,30.415,-230.055,21.35,0.937692,0.163236,0.803248
298746,2845916992,37559571,2026-10-06T05:18:07.771544+00:00,216907792932701,1251,-6614,572,4050,760,3100,43.785,-231.49,20.02,0.9882,0.18544,0.7564
298747,2845927734,37570313,2026-10-06T05:18:07.771734+00:00,216907793122831,1627,-6704,603,4586,818,3279,56.945,-234.64,21.105,1.118984,0.199592,0.800076
298748,2845937500,37580079,2026-10-06T05:18:07.815260+00:00,216907836655689,1968,-6722,709,4591,1035,3413,68.88,-235.27,24.815,1.120204,0.25254,0.832772
298749,2845947265,37589844,2026-10-06T05:18:07.815405+00:00,216907836791754,2200,-6738,878,4739,1307,3438,77.0,-235.83,30.73,1.156316,0.318908,0.838872
298750,2845957031,37599610,2026-10-06T05:18:07.815490+00:00,216907836877616,2276,-6748,1103,4373,1421,3415,79.66,-236.18,38.605,1.067012,0.346724,0.83326
298751,2845967773,37610352,2026-10-06T05:18:07.815762+00:00,216907837150316,2320,-6784,1366,4198,1670,3471,81.2,-237.44,47.81,1.024312,0.40748,0.846924
298752,2845977539,37620118,2026-10-06T05:18:07.859083+00:00,216907880479440,2377,-6780,1594,4159,1592,3456,83.195,-237.3,55.79,1.014796,0.388448,0.843264
298753,2845987304,37629883,2026-10-06T05:18:07.859224+00:00,216907880612493,2485,-6734,1824,3950,1740,3040,86.975,-235.69,63.84,0.9638,0.42456,0.74176
298754,2845992187,37634766,2026-10-06T05:18:07.859378+00:00,216907880767132,2589,-6762,2023,3976,1675,2537,90.615,-236.67,70.805,0.970144,0.4087,0.619028
298755,2846001953,37644532,2026-10-06T05:18:07.861052+00:00,216907882441363,2781,-6797,2160,4660,1182,2733,97.335,-237.895,75.6,1.13704,0.288408,0.666852
298756,2846012695,37655274,2026-10-06T05:18:07.861269+00:00,216907882657867,3372,-6563,2181,4807,1187,2500,118.02,-229.705,76.335,1.172908,0.289628,0.61
298757,2846022460,37665039,2026-10-06T05:18:07.906731+00:00,216907928126360,3943,-6274,2223,5141,1839,2168,138.005,-219.59,77.805,1.254404,0.448716,0.528992
298758,2846032226,37674805,2026-10-06T05:18:07.906836+00:00,216907928223813,3974,-5846,2378,6153,1575,2840,139.09,-204.61,83.23,1.501332,0.3843,0.69296
298759,2846041992,37684571,2026-10-06T05:18:07.906902+00:00,216907928288181,4108,-5003,2354,6073,1866,2669,143.78,-175.105,82.39,1.481812,0.455304,0.651236
298760,2846052734,37695313,2026-10-06T05:18:07.906970+00:00,216907928356895,3994,-4145,2388,5211,2057,2415,139.79,-145.075,83.58,1.271484,0.501908,0.58926
298761,2846062500,37705079,2026-10-06T05:18:07.908782+00:00,216907930169484,3514,-3377,2587,4089,2556,2769,122.99,-118.195,90.545,0.997716,0.623664,0.675636
298762,2846072265,37714844,2026-10-06T05:18:07.950373+00:00,216907971796883,2616,-2581,2785,4685,2686,4270,91.56,-90.335,97.475,1.14314,0.655384,1.04188
298763,2846082031,37724610,2026-10-06T05:18:07.952924+00:00,216907974338757,1752,-1325,2510,8726,4104,6989,61.32,-46.375,87.85,2.129144,1.001376,1.705316
298764,2846087890,37730469,2026-10-06T05:18:07.953846+00:00,216907975258621,735,910,1910,3917,4061,5150,25.725,31.85,66.85,0.955748,0.990884,1.2566
298765,2846097656,37740235,2026-10-06T05:18:07.955077+00:00,216907976496195,-423,2215,1535,2066,3285,3801,-14.805,77.525,53.725,0.504104,0.80154,0.927444
298766,2846107421,37750000,2026-10-06T05:18:07.956167+00:00,216907977584414,-1370,2811,1324,1883,1658,2225,-47.95,98.385,46.34,0.459452,0.404552,0.5429
298767,2846117187,37759766,2026-10-06T05:18:07.996384+00:00,216908017811937,-1436,3079,1111,1457,799,1923,-50.26,107.765,38.885,0.355508,0.194956,0.469212
298768,2846126953,37769532,2026-10-06T05:18:07.997938+00:00,216908019358869,-1122,3198,894,430,100,1078,-39.27,111.93,31.29,0.10492,0.0244,0.263032
298769,2846137695,37780274,2026-10-06T05:18:07.999131+00:00,216908020545920,-503,2979,680,-38,-118,553,-17.605,104.265,23.8,-0.009272,-0.028792,0.134932
298770,2846147460,37790039,2026-10-06T05:18:08.000200+00:00,216908021613546,195,2603,418,-91,202,587,6.825,91.105,14.63,-0.022204,0.049288,0.143228
298771,2846157226,37799805,2026-10-06T05:18:08.041411+00:00,216908062832858,641,2218,132,404,1083,997,22.435,77.63,4.62,0.098576,0.264252,0.243268
298772,2846166992,37809571,2026-10-06T05:18:08.042652+00:00,216908064064173,634,1989,-177,1458,1862,1851,22.19,69.615,-6.195,0.355752,0.454328,0.451644
298773,2846177734,37820313,2026-10-06T05:18:08.043726+00:00,216908065134089,264,2110,-533,2653,2221,2823,9.24,73.85,-18.655,0.647332,0.541924,0.688812
298774,2846182617,37825196,2026-10-06T05:18:08.045009+00:00,216908066415902,-271,2630,-933,3374,2098,3446,-9.485,92.05,-32.655,0.823256,0.511912,0.840824
298775,2846192382,37834961,2026-10-06T05:18:08.046112+00:00,216908067524690,-748,3390,-1305,3671,1519,3708,-26.18,118.65,-45.675,0.895724,0.370636,0.904752
298776,2846202148,37844727,2026-10-06T05:18:08.086907+00:00,216908108333193,-972,4210,-1597,3401,866,3331,-34.02,147.35,-55.895,0.829844,0.211304,0.812764
298777,2846212890,37855469,2026-10-06T05:18:08.088102+00:00,216908109518650,-923,4864,-1800,3128,440,2803,-32.305,170.24,-63.0,0.763232,0.10736,0.683932
298778,2846222656,37865235,2026-10-06T05:18:08.089710+00:00,216908111127664,-754,5299,-1900,2794,279,2352,-26.39,185.465,-66.5,0.681736,0.068076,0.573888
298779,2846232421,37875000,2026-10-06T05:18:08.091546+00:00,216908112973238,-581,5520,-1912,2689,279,2130,-20.335,193.2,-66.92,0.656116,0.068076,0.51972
298780,2846242187,37884766,2026-10-06T05:18:08.093020+00:00,216908114437526,-470,5628,-1860,2887,346,2256,-16.45,196.98,-65.1,0.704428,0.084424,0.550464
298781,2846251953,37894532,2026-10-06T05:18:08.130641+00:00,216908152047927,-416,5751,-1795,3315,409,2616,-14.56,201.285,-62.825,0.80886,0.099796,0.638304
298782,2846262695,37905274,2026-10-06T05:18:08.131129+00:00,216908152529536,-398,5968,-1739,3389,278,2727,-13.93,208.88,-60.865,0.826916,0.067832,0.665388
298783,2846272460,37915039,2026-10-06T05:18:08.131763+00:00,216908153162578,-324,6186,-1694,3325,220,2759,-11.34,216.51,-59.29,0.8113,0.05368,0.673196
298784,2846282226,37924805,2026-10-06T05:18:08.132236+00:00,216908153635629,-206,6353,-1650,3314,420,2769,-7.21,222.355,-57.75,0.808616,0.10248,0.675636
298785,2846291992,37934571,2026-10-06T05:18:08.174302+00:00,216908195700892,-178,6461,-1589,3273,747,2762,-6.23,226.135,-55.615,0.798612,0.182268,0.673928
298786,2846297851,37940430,2026-10-06T05:18:08.174549+00:00,216908195941092,-243,6514,-1551,3216,945,2809,-8.505,227.99,-54.285,0.784704,0.23058,0.685396
298787,2846307617,37950196,2026-10-06T05:18:08.174792+00:00,216908196182872,-331,6531,-1583,3003,1021,2826,-11.585,228.585,-55.405,0.732732,0.249124,0.689544
298788,2846317382,37959961,2026-10-06T05:18:08.176327+00:00,216908197719364,-373,6496,-1698,2706,884,2872,-13.055,227.36,-59.43,0.660264,0.215696,0.700768
298789,2846327148,37969727,2026-10-06T05:18:08.176729+00:00,216908198121248,-279,6410,-1878,2606,746,3036,-9.765,224.35,-65.73,0.635864,0.182024,0.740784
298790,2846337890,37980469,2026-10-06T05:18:08.220057+00:00,216908241456939,-75,6338,-2077,2684,904,3271,-2.625,221.83,-72.695,0.654896,0.220576,0.798124
298791,2846347656,37990235,2026-10-06T05:18:08.220218+00:00,216908241609789,73,6290,-2251,2782,1181,3559,2.555,220.15,-78.785,0.678808,0.288164,0.868396
298792,2846357421,38000000,2026-10-06T05:18:08.220474+00:00,216908241864801,85,6259,-2398,2867,1326,3787,2.975,219.065,-83.93,0.699548,0.323544,0.924028
298793,2846367187,38009766,2026-10-06T05:18:08.220768+00:00,216908242159629,27,6223,-2533,2912,1424,3921,0.945,217.805,-88.655,0.710528,0.347456,0.956724
298794,2846376953,38019532,2026-10-06T05:18:08.222144+00:00,216908243536103,-39,6162,-2668,3058,1484,4104,-1.365,215.67,-93.38,0.746152,0.362096,1.001376
298795,2846382812,38025391,2026-10-06T05:18:08.265344+00:00,216908286742950,-68,6097,-2827,3244,1617,4293,-2.38,213.395,-98.945,0.791536,0.394548,1.047492
298796,2846392578,38035157,2026-10-06T05:18:08.265511+00:00,216908286901690,-91,6028,-3012,3566,1912,4569,-3.185,210.98,-105.42,0.870104,0.466528,1.114836
298797,2846402343,38044922,2026-10-06T05:18:08.265825+00:00,216908287217055,-173,5999,-3231,4052,2219,4979,-6.055,209.965,-113.085,0.988688,0.541436,1.214876
298798,2846412109,38054688,2026-10-06T05:18:08.266059+00:00,216908287450515,-363,6042,-3455,4412,2367,5180,-12.705,211.47,-120.925,1.076528,0.577548,1.26392
298799,2846422851,38065430,2026-10-06T05:18:08.269802+00:00,216908291200201,-597,6093,-3647,4501,2269,5047,-20.895,213.255,-127.645,1.098244,0.553636,1.231468
298800,2846432617,38075196,2026-10-06T05:18:08.309345+00:00,216908330742584,-757,6054,-3802,4509,2068,4748,-26.495,211.89,-133.07,1.100196,0.504592,1.158512
298801,2846442382,38084961,2026-10-06T05:18:08.309662+00:00,216908331051361,-820,5890,-3907,4703,1943,4549,-28.7,206.15,-136.745,1.147532,0.474092,1.109956
298802,2846452148,38094727,2026-10-06T05:18:08.309902+00:00,216908331290885,-823,5662,-3968,5196,1826,4590,-28.805,198.17,-138.88,1.267824,0.445544,1.11996
298803,2846462890,38105469,2026-10-06T05:18:08.312130+00:00,216908333520441,-764,5480,-4036,6145,1492,4913,-26.74,191.8,-141.26,1.49938,0.364048,1.198772
298804,2846472656,38115235,2026-10-06T05:18:08.354251+00:00,216908375647741,-584,5491,-4151,7163,1059,5036,-20.44,192.185,-145.285,1.747772,0.258396,1.228784
298805,2846482421,38125000,2026-10-06T05:18:08.354507+00:00,216908375896399,-383,5671,-4244,7498,717,4429,-13.405,198.485,-148.54,1.829512,0.174948,1.080676
298806,2846487304,38129883,2026-10-06T05:18:08.354771+00:00,216908376159844,-286,5762,-4213,7192,627,3383,-10.01,201.67,-147.455,1.754848,0.152988,0.825452
298807,2846497070,38139649,2026-10-06T05:18:08.356056+00:00,216908377445730,-395,5559,-3998,6769,360,2121,-13.825,194.565,-139.93,1.651636,0.08784,0.517524
298808,2846507812,38150391,2026-10-06T05:18:08.356321+00:00,216908377709784,-583,5058,-3589,6611,-16,1113,-20.405,177.03,-125.615,1.613084,-0.003904,0.271572
298809,2846517578,38160157,2026-10-06T05:18:08.399224+00:00,216908420617954,-689,4401,-3038,6533,-383,286,-24.115,154.035,-106.33,1.594052,-0.093452,0.069784
298810,2846527343,38169922,2026-10-06T05:18:08.399406+00:00,216908420794537,-629,3679,-2408,6490,-1259,-485,-22.015,128.765,-84.28,1.58356,-0.307196,-0.11834
298811,2846537109,38179688,2026-10-06T05:18:08.399694+00:00,216908421082902,-193,2960,-1747,7216,-1713,-1087,-6.755,103.6,-61.145,1.760704,-0.417972,-0.265228
298812,2846547851,38190430,2026-10-06T05:18:08.401109+00:00,216908422497706,390,2353,-1007,7714,-1368,-1920,13.65,82.355,-35.245,1.882216,-0.333792,-0.46848
298813,2846557617,38200196,2026-10-06T05:18:08.401347+00:00,216908422735352,723,1690,-275,7805,-908,-3028,25.305,59.15,-9.625,1.90442,-0.221552,-0.738832
298814,2846567382,38209961,2026-10-06T05:18:08.444176+00:00,216908465571802,675,753,297,7596,-248,-4016,23.625,26.355,10.395,1.853424,-0.060512,-0.979904
298815,2846577148,38219727,2026-10-06T05:18:08.444289+00:00,216908465675647,227,-429,687,7432,447,-4385,7.945,-15.015,24.045,1.813408,0.109068,-1.06994
298816,2846587890,38230469,2026-10-06T05:18:08.444492+00:00,216908465880893,-554,-1753,939,2900,-330,-1951,-19.39,-61.355,32.865,0.7076,-0.08052,-0.476044
298817,2846592773,38235352,2026-10-06T05:18:08.447790+00:00,216908469191715,-509,-2550,1154,337,555,5929,-17.815,-89.25,40.39,0.082228,0.13542,1.446676
298818,2846602539,38245118,2026-10-06T05:18:08.448372+00:00,216908469772345,-144,-2434,1265,-2552,1485,11734,-5.04,-85.19,44.275,-0.622688,0.36234,2.863096
298819,2846612304,38254883,2026-10-06T05:18:08.491263+00:00,216908512658159,-4,-2149,1154,-4898,1425,5591,-0.14,-75.215,40.39,-1.195112,0.3477,1.364204
298820,2846622070,38264649,2026-10-06T05:18:08.491501+00:00,216908512891160,-83,-3302,1436,-3106,168,617,-2.905,-115.57,50.26,-0.757864,0.040992,0.150548
298821,2846632812,38275391,2026-10-06T05:18:08.491805+00:00,216908513194792,215,-4838,1503,2415,364,2400,7.525,-169.33,52.605,0.58926,0.088816,0.5856
298822,2846642578,38285157,2026-10-06T05:18:08.492246+00:00,216908513635596,572,-5011,1087,6937,1166,6742,20.02,-175.385,38.045,1.692628,0.284504,1.645048
298823,2846652343,38294922,2026-10-06T05:18:08.534099+00:00,216908555495152,757,-3557,505,5497,971,7386,26.495,-124.495,17.675,1.341268,0.236924,1.802184
298824,2846662109,38304688,2026-10-06T05:18:08.534909+00:00,216908556306193,949,-2341,195,1117,1269,5399,33.215,-81.935,6.825,0.272548,0.309636,1.317356
298825,2846672851,38315430,2026-10-06T05:18:08.535023+00:00,216908556413191,849,-2373,313,843,1488,4054,29.715,-83.055,10.955,0.205692,0.363072,0.989176
298826,2846677734,38320313,2026-10-06T05:18:08.536337+00:00,216908557732105,712,-2644,378,2778,1854,4482,24.92,-92.54,13.23,0.677832,0.452376,1.093608
298827,2846687500,38330079,2026-10-06T05:18:08.536599+00:00,216908557990757,667,-2380,156,3389,2616,5128,23.345,-83.3,5.46,0.826916,0.638304,1.251232
298828,2846697265,38339844,2026-10-06T05:18:08.580475+00:00,216908601876675,336,-1878,25,2691,2001,4955,11.76,-65.73,0.875,0.656604,0.488244,1.20902
298829,2846707031,38349610,2026-10-06T05:18:08.580856+00:00,216908602251245,0,-1481,172,2872,1893,4986,0.0,-51.835,6.02,0.700768,0.461892,1.216584
298830,2846717773,38360352,2026-10-06T05:18:08.581228+00:00,216908602620616,-169,-1061,287,1458,1690,3565,-5.915,-37.135,10.045,0.355752,0.41236,0.86986
298831,2846727539,38370118,2026-10-06T05:18:08.581575+00:00,216908602967725,-181,-1043,309,1197,2264,4427,-6.335,-36.505,10.815,0.292068,0.552416,1.080188
298832,2846737304,38379883,2026-10-06T05:18:08.583198+00:00,216908604591503,-398,-931,269,1767,1779,4351,-13.93,-32.585,9.415,0.431148,0.434076,1.061644
298833,2846747070,38389649,2026-10-06T05:18:08.624264+00:00,216908645661464,-486,-699,271,1927,1050,4072,-17.01,-24.465,9.485,0.470188,0.2562,0.993568
298834,2846757812,38400391,2026-10-06T05:18:08.624507+00:00,216908645899414,-389,-494,288,1603,1077,3788,-13.615,-17.29,10.08,0.391132,0.262788,0.924272
298835,2846767578,38410157,2026-10-06T05:18:08.624769+00:00,216908646160537,-326,-387,260,1506,1253,3859,-11.41,-13.545,9.1,0.367464,0.305732,0.941596
298836,2846777343,38419922,2026-10-06T05:18:08.626032+00:00,216908647419554,-332,-332,207,1237,927,3899,-11.62,-11.62,7.245,0.301828,0.226188,0.951356
298837,2846787109,38429688,2026-10-06T05:18:08.669547+00:00,216908690948435,-299,-337,184,1102,699,4012,-10.465,-11.795,6.44,0.268888,0.170556,0.978928
298838,2846791992,38434571,2026-10-06T05:18:08.669783+00:00,216908691171507,-208,-362,163,1300,834,4087,-7.28,-12.67,5.705,0.3172,0.203496,0.997228
298839,2846802734,38445313,2026-10-06T05:18:08.670053+00:00,216908691441180,-117,-334,109,1570,1049,4127,-4.095,-11.69,3.815,0.38308,0.255956,1.006988
298840,2846812500,38455079,2026-10-06T05:18:08.670993+00:00,216908692381274,-65,-234,45,1654,1009,4023,-2.275,-8.19,1.575,0.403576,0.246196,0.981612
298841,2846822265,38464844,2026-10-06T05:18:08.671193+00:00,216908692581041,-25,-156,14,1409,1004,3720,-0.875,-5.46,0.49,0.343796,0.244976,0.90768
298842,2846832031,38474610,2026-10-06T05:18:08.714160+00:00,216908735580880,2,-162,20,1442,1235,3960,0.07,-5.67,0.7,0.351848,0.30134,0.96624
298843,2846842773,38485352,2026-10-06T05:18:08.714324+00:00,216908735711551,-5,-141,11,1520,1184,3898,-0.175,-4.935,0.385,0.37088,0.288896,0.951112
298844,2846852539,38495118,2026-10-06T05:18:08.714602+00:00,216908735989505,-2,-94,17,1530,1149,4037,-0.07,-3.29,0.595,0.37332,0.280356,0.985028
298845,2846862304,38504883,2026-10-06T05:18:08.716024+00:00,216908737410506,15,-39,8,1225,1014,3936,0.525,-1.365,0.28,0.2989,0.247416,0.960384
298846,2846872070,38514649,2026-10-06T05:18:08.716287+00:00,216908737674608,53,-61,17,1141,1091,3873,1.855,-2.135,0.595,0.278404,0.266204,0.945012
298847,2846882812,38525391,2026-10-06T05:18:08.760224+00:00,216908781620789,40,-110,35,1440,1020,3968,1.4,-3.85,1.225,0.35136,0.24888,0.968192
298848,2846887695,38530274,2026-10-06T05:18:08.760335+00:00,216908781722458,60,-91,24,1483,997,3957,2.1,-3.185,0.84,0.361852,0.243268,0.965508
298849,2846897460,38540039,2026-10-06T05:18:08.760517+00:00,216908781904937,89,-70,5,1329,979,3885,3.115,-2.45,0.175,0.324276,0.238876,0.94794
298850,2846907226,38549805,2026-10-06T05:18:08.760753+00:00,216908782141789,114,-81,-8,1380,1068,3959,3.99,-2.835,-0.28,0.33672,0.260592,0.965996
298851,2846916992,38559571,2026-10-06T05:18:08.761994+00:00,216908783382874,112,-88,-12,1259,1035,3985,3.92,-3.08,-0.42,0.307196,0.25254,0.97234
298852,2846927734,38570313,2026-10-06T05:18:08.804176+00:00,216908825572753,107,-128,2,1505,1004,3838,3.745,-4.48,0.07,0.36722,0.244976,0.936472
298853,2846937500,38580079,2026-10-06T05:18:08.804283+00:00,216908825670501,133,-126,-9,1712,1148,4036,4.655,-4.41,-0.315,0.417728,0.280112,0.984784
298854,2846947265,38589844,2026-10-06T05:18:08.804491+00:00,216908825879760,157,-71,-8,1558,1183,3844,5.495,-2.485,-0.28,0.380152,0.288652,0.937936
298855,2846957031,38599610,2026-10-06T05:18:08.805961+00:00,216908827349156,176,-64,-11,1570,1367,3827,6.16,-2.24,-0.385,0.38308,0.333548,0.933788
298856,2846967773,38610352,2026-10-06T05:18:08.849185+00:00,216908870580859,139,-67,-8,1454,1173,3859,4.865,-2.345,-0.28,0.354776,0.286212,0.941596
298857,2846977539,38620118,2026-10-06T05:18:08.849361+00:00,216908870750031,116,-79,25,1204,992,3889,4.06,-2.765,0.875,0.293776,0.242048,0.948916
298858,2846987304,38629883,2026-10-06T05:18:08.849490+00:00,216908870878275,111,-133,60,1165,1117,3694,3.885,-4.655,2.1,0.28426,0.272548,0.901336
298859,2846992187,38634766,2026-10-06T05:18:08.854090+00:00,216908875485776,77,-205,95,1424,1186,3729,2.695,-7.175,3.325,0.347456,0.289384,0.909876
298860,2847001953,38644532,2026-10-06T05:18:08.854282+00:00,216908875670067,28,-228,136,1260,1130,3758,0.98,-7.98,4.76,0.30744,0.27572,0.916952
298861,2847012695,38655274,2026-10-06T05:18:08.894111+00:00,216908915504537,6,-246,157,1313,1238,3755,0.21,-8.61,5.495,0.320372,0.302072,0.91622
298862,2847022460,38665039,2026-10-06T05:18:08.894285+00:00,216908915672459,-41,-294,192,1486,1200,3568,-1.435,-10.29,6.72,0.362584,0.2928,0.870592
298863,2847032226,38674805,2026-10-06T05:18:08.894463+00:00,216908915851349,-81,-333,208,1443,1183,3949,-2.835,-11.655,7.28,0.352092,0.288652,0.963556
298864,2847041992,38684571,2026-10-06T05:18:08.896058+00:00,216908917446778,-83,-276,159,1556,975,3941,-2.905,-9.66,5.565,0.379664,0.2379,0.961604
298865,2847052734,38695313,2026-10-06T05:18:08.896250+00:00,216908917637868,-46,-264,192,1348,1167,3850,-1.61,-9.24,6.72,0.328912,0.284748,0.9394
298866,2847062500,38705079,2026-10-06T05:18:08.940158+00:00,216908961556352,-60,-284,184,1646,1160,3711,-2.1,-9.94,6.44,0.401624,0.28304,0.905484
298867,2847072265,38714844,2026-10-06T05:18:08.940277+00:00,216908961664808,-82,-260,177,1715,1040,3933,-2.87,-9.1,6.195,0.41846,0.25376,0.959652
298868,2847082031,38724610,2026-10-06T05:18:08.940528+00:00,216908961916520,-76,-222,173,1448,1089,3637,-2.66,-7.77,6.055,0.353312,0.265716,0.887428
298869,2847087890,38730469,2026-10-06T05:18:08.940821+00:00,216908962209576,-104,-257,195,1437,1200,3798,-3.64,-8.995,6.825,0.350628,0.2928,0.926712
298870,2847097656,38740235,2026-10-06T05:18:08.941965+00:00,216908963352809,-143,-271,193,1391,1093,3754,-5.005,-9.485,6.755,0.339404,0.266692,0.915976
298871,2847107421,38750000,2026-10-06T05:18:08.985345+00:00,216909006741371,-172,-289,211,1411,1066,3888,-6.02,-10.115,7.385,0.344284,0.260104,0.948672
298872,2847117187,38759766,2026-10-06T05:18:08.985691+00:00,216909007079231,-173,-287,212,1373,1118,3797,-6.055,-10.045,7.42,0.335012,0.272792,0.926468
298873,2847126953,38769532,2026-10-06T05:18:08.985986+00:00,216909007374185,-193,-314,225,1388,1131,3791,-6.755,-10.99,7.875,0.338672,0.275964,0.925004
298874,2847137695,38780274,2026-10-06T05:18:08.986265+00:00,216909007652336,-220,-353,236,1465,1050,3872,-7.7,-12.355,8.26,0.35746,0.2562,0.944768
298875,2847147460,38790039,2026-10-06T05:18:09.030242+00:00,216909051632922,-223,-363,229,1648,931,3774,-7.805,-12.705,8.015,0.402112,0.227164,0.920856
298876,2847157226,38799805,2026-10-06T05:18:09.030432+00:00,216909051820832,-218,-356,228,1438,1085,3955,-7.63,-12.46,7.98,0.350872,0.26474,0.96502
298877,2847166992,38809571,2026-10-06T05:18:09.030718+00:00,216909052106150,-221,-348,210,1231,1053,3806,-7.735,-12.18,7.35,0.300364,0.256932,0.928664
298878,2847177734,38820313,2026-10-06T05:18:09.031002+00:00,216909052390262,-246,-393,226,1463,990,3825,-8.61,-13.755,7.91,0.356972,0.24156,0.9333
298879,2847182617,38825196,2026-10-06T05:18:09.033077+00:00,216909054464985,-240,-413,241,1266,1137,3691,-8.4,-14.455,8.435,0.308904,0.277428,0.900604
298880,2847192382,38834961,2026-10-06T05:18:09.074194+00:00,216909095589687,-282,-483,257,1276,1082,3790,-9.87,-16.905,8.995,0.311344,0.264008,0.92476
298881,2847202148,38844727,2026-10-06T05:18:09.074322+00:00,216909095710218,-316,-542,286,1496,1063,3864,-11.06,-18.97,10.01,0.365024,0.259372,0.942816
298882,2847212890,38855469,2026-10-06T05:18:09.074438+00:00,216909095825699,-341,-549,298,1700,1023,3924,-11.935,-19.215,10.43,0.4148,0.249612,0.957456
298883,2847222656,38865235,2026-10-06T05:18:09.076143+00:00,216909097530908,-327,-500,284,1594,947,3955,-11.445,-17.5,9.94,0.388936,0.231068,0.96502
298884,2847232421,38875000,2026-10-06T05:18:09.076345+00:00,216909097733107,-305,-472,285,1579,949,3766,-10.675,-16.52,9.975,0.385276,0.231556,0.918904
298885,2847242187,38884766,2026-10-06T05:18:09.119293+00:00,216909140689764,-317,-485,308,1618,1008,3764,-11.095,-16.975,10.78,0.394792,0.245952,0.918416
298886,2847251953,38894532,2026-10-06T05:18:09.119669+00:00,216909141057607,-342,-500,332,1599,1035,3751,-11.97,-17.5,11.62,0.390156,0.25254,0.915244
298887,2847262695,38905274,2026-10-06T05:18:09.119969+00:00,216909141357130,-362,-515,344,1653,951,3880,-12.67,-18.025,12.04,0.403332,0.232044,0.94672
298888,2847272460,38915039,2026-10-06T05:18:09.120987+00:00,216909142373926,-327,-488,320,1564,916,4026,-11.445,-17.08,11.2,0.381616,0.223504,0.982344
298889,2847282226,38924805,2026-10-06T05:18:09.164210+00:00,216909185617404,-280,-460,293,1650,765,3910,-9.8,-16.1,10.255,0.4026,0.18666,0.95404
298890,2847291992,38934571,2026-10-06T05:18:09.164395+00:00,216909185782214,-223,-443,290,1834,784,3933,-7.805,-15.505,10.15,0.447496,0.191296,0.959652
298891,2847297851,38940430,2026-10-06T05:18:09.164716+00:00,216909186103005,-161,-422,281,1958,828,3861,-5.635,-14.77,9.835,0.477752,0.202032,0.942084
298892,2847307617,38950196,2026-10-06T05:18:09.209206+00:00,216909230601591,-111,-380,256,1600,808,3897,-3.885,-13.3,8.96,0.3904,0.197152,0.950868
298893,2847317382,38959961,2026-10-06T05:18:09.209343+00:00,216909230730554,-69,-395,256,1711,791,3737,-2.415,-13.825,8.96,0.417484,0.193004,0.911828
298894,2847327148,38969727,2026-10-06T05:18:09.209428+00:00,216909230814835,-50,-408,268,1775,820,3909,-1.75,-14.28,9.38,0.4331,0.20008,0.953796
298895,2847337890,38980469,2026-10-06T05:18:09.211040+00:00,216909232429186,-18,-350,239,1193,905,3945,-0.63,-12.25,8.365,0.291092,0.22082,0.96258
298896,2847347656,38990235,2026-10-06T05:18:09.211338+00:00,216909232726999,-19,-385,267,1490,936,3871,-0.665,-13.475,9.345,0.36356,0.228384,0.944524
298897,2847357421,39000000,2026-10-06T05:18:09.211524+00:00,216909232912048,-34,-417,322,1860,922,3807,-1.19,-14.595,11.27,0.45384,0.224968,0.928908
298898,2847367187,39009766,2026-10-06T05:18:09.214099+00:00,216909235487597,-32,-424,340,1810,941,3873,-1.12,-14.84,11.9,0.44164,0.229604,0.945012
298899,2847376953,39019532,2026-10-06T05:18:09.255114+00:00,216909276508659,-29,-433,338,1758,736,3814,-1.015,-15.155,11.83,0.428952,0.179584,0.930616
298900,2847382812,39025391,2026-10-06T05:18:09.255364+00:00,216909276752897,6,-460,344,1810,792,3883,0.21,-16.1,12.04,0.44164,0.193248,0.947452
298901,2847392578,39035157,2026-10-06T05:18:09.255442+00:00,216909276829109,48,-464,312,1616,754,3847,1.68,-16.24,10.92,0.394304,0.183976,0.938668
298902,2847402343,39044922,2026-10-06T05:18:09.255629+00:00,216909277016879,86,-502,283,1659,675,3890,3.01,-17.57,9.905,0.404796,0.1647,0.94916
298903,2847412109,39054688,2026-10-06T05:18:09.256967+00:00,216909278355993,123,-567,268,1900,692,3823,4.305,-19.845,9.38,0.4636,0.168848,0.932812
298904,2847422851,39065430,2026-10-06T05:18:09.299154+00:00,216909320549615,202,-610,228,1776,745,3799,7.07,-21.35,7.98,0.433344,0.18178,0.926956
298905,2847432617,39075196,2026-10-06T05:18:09.299282+00:00,216909320669490,226,-679,200,1898,695,3811,7.91,-23.765,7.0,0.463112,0.16958,0.929884
298906,2847442382,39084961,2026-10-06T05:18:09.299421+00:00,216909320809072,252,-708,184,1743,773,3745,8.82,-24.78,6.44,0.425292,0.188612,0.91378
298907,2847452148,39094727,2026-10-06T05:18:09.302095+00:00,216909323492874,246,-778,185,1670,738,3797,8.61,-27.23,6.475,0.40748,0.180072,0.926468
298908,2847462890,39105469,2026-10-06T05:18:09.344201+00:00,216909365596511,226,-866,221,1855,611,3553,7.91,-30.31,7.735,0.45262,0.149084,0.866932
298909,2847472656,39115235,2026-10-06T05:18:09.344351+00:00,216909365753397,231,-1034,285,1844,539,3323,8.085,-36.19,9.975,0.449936,0.131516,0.810812
298910,2847482421,39125000,2026-10-06T05:18:09.344548+00:00,216909365936334,274,-1253,310,2001,593,3484,9.59,-43.855,10.85,0.488244,0.144692,0.850096
298911,2847487304,39129883,2026-10-06T05:18:09.346042+00:00,216909367446599,387,-1352,242,1287,1352,4447,13.545,-47.32,8.47,0.314028,0.329888,1.085068
298912,2847497070,39139649,2026-10-06T05:18:09.346259+00:00,216909367647524,377,-1452,199,1147,1672,4319,13.195,-50.82,6.965,0.279868,0.407968,1.053836
298913,2847507812,39150391,2026-10-06T05:18:09.389154+00:00,216909410549337,278,-1638,320,947,1500,3813,9.73,-57.33,11.2,0.231068,0.366,0.930372
298914,2847517578,39160157,2026-10-06T05:18:09.389270+00:00,216909410655801,275,-1999,451,1386,1165,3844,9.625,-69.965,15.785,0.338184,0.28426,0.937936
298915,2847527343,39169922,2026-10-06T05:18:09.389476+00:00,216909410862924,334,-2297,567,1497,913,4018,11.69,-80.395,19.845,0.365268,0.222772,0.980392
298916,2847537109,39179688,2026-10-06T05:18:09.391114+00:00,216909412517737,417,-2555,610,1762,1019,4287,14.595,-89.425,21.35,0.429928,0.248636,1.046028
298917,2847547851,39190430,2026-10-06T05:18:09.391345+00:00,216909412732279,449,-2819,595,1779,1254,3865,15.715,-98.665,20.825,0.434076,0.305976,0.94306
298918,2847557617,39200196,2026-10-06T05:18:09.434120+00:00,216909455511869,346,-3238,547,1878,824,3934,12.11,-113.33,19.145,0.458232,0.201056,0.959896
298919,2847567382,39209961,2026-10-06T05:18:09.434356+00:00,216909455745186,289,-3659,531,1695,648,4068,10.115,-128.065,18.585,0.41358,0.158112,0.992592
298920,2847577148,39219727,2026-10-06T05:18:09.434598+00:00,216909455988223,312,-4068,518,1774,544,4044,10.92,-142.38,18.13,0.432856,0.132736,0.986736
298921,2847587890,39230469,2026-10-06T05:18:09.437096+00:00,216909458489304,338,-4500,512,1965,617,3631,11.83,-157.5,17.92,0.47946,0.150548,0.885964
298922,2847592773,39235352,2026-10-06T05:18:09.437264+00:00,216909458650951,336,-5022,556,2160,949,3671,11.76,-175.77,19.46,0.52704,0.231556,0.895724
298923,2847602539,39245118,2026-10-06T05:18:09.480192+00:00,216909501587099,174,-5530,640,1818,726,3801,6.09,-193.55,22.4,0.443592,0.177144,0.927444
298924,2847612304,39254883,2026-10-06T05:18:09.480318+00:00,216909501704481,101,-6024,720,1958,509,3408,3.535,-210.84,25.2,0.477752,0.124196,0.831552
298925,2847622070,39264649,2026-10-06T05:18:09.480468+00:00,216909501858136,175,-6516,783,2436,668,3481,6.125,-228.06,27.405,0.594384,0.162992,0.849364
298926,2847632812,39275391,2026-10-06T05:18:09.480745+00:00,216909502131699,188,-6850,817,2238,769,3624,6.58,-239.75,28.595,0.546072,0.187636,0.884256
298927,2847642578,39285157,2026-10-06T05:18:09.524064+00:00,216909545458497,221,-7170,821,2615,632,3223,7.735,-250.95,28.735,0.63806,0.154208,0.786412
298928,2847652343,39294922,2026-10-06T05:18:09.524177+00:00,216909545563466,340,-7483,827,3510,563,3433,11.9,-261.905,28.945,0.85644,0.137372,0.837652
298929,2847662109,39304688,2026-10-06T05:18:09.524378+00:00,216909545764726,590,-7593,799,3939,428,3552,20.65,-265.755,27.965,0.961116,0.104432,0.866688
298930,2847672851,39315430,2026-10-06T05:18:09.525925+00:00,216909547312318,1081,-7629,782,4552,649,3547,37.835,-267.015,27.37,1.110688,0.158356,0.865468
298931,2847677734,39320313,2026-10-06T05:18:09.526080+00:00,216909547466208,1596,-7632,765,5145,839,3719,55.86,-267.12,26.775,1.25538,0.204716,0.907436
298932,2847687500,39330079,2026-10-06T05:18:09.569545+00:00,216909590940820,2006,-7543,853,5028,1185,3817,70.21,-264.005,29.855,1.226832,0.28914,0.931348
298933,2847697265,39339844,2026-10-06T05:18:09.569734+00:00,216909591120778,2244,-7410,1013,4951,1494,3708,78.54,-259.35,35.455,1.208044,0.364536,0.904752
298934,2847707031,39349610,2026-10-06T05:18:09.569924+00:00,216909591310555,2231,-7311,1283,4357,1506,3228,78.085,-255.885,44.905,1.063108,0.367464,0.787632
298935,2847717773,39360352,2026-10-06T05:18:09.572046+00:00,216909593434035,2229,-7283,1550,4389,1506,3621,78.015,-254.905,54.25,1.070916,0.367464,0.883524
298936,2847727539,39370118,2026-10-06T05:18:09.572239+00:00,216909593625854,2355,-7094,1739,4084,1430,3262,82.425,-248.29,60.865,0.996496,0.34892,0.795928
298937,2847737304,39379883,2026-10-06T05:18:09.615210+00:00,216909636602076,2571,-6929,1886,3718,1608,2644,89.985,-242.515,66.01,0.907192,0.392352,0.645136
298938,2847747070,39389649,2026-10-06T05:18:09.615361+00:00,216909636749668,2803,-6850,1966,4432,1200,2774,98.105,-239.75,68.81,1.081408,0.2928,0.676856
298939,2847757812,39400391,2026-10-06T05:18:09.615506+00:00,216909636893901,3307,-6545,1965,4371,981,2308,115.745,-229.075,68.775,1.066524,0.239364,0.563152
298940,2847767578,39410157,2026-10-06T05:18:09.615680+00:00,216909637067687,3776,-6275,2015,4581,1491,1961,132.16,-219.625,70.525,1.117764,0.363804,0.478484
298941,2847777343,39419922,2026-10-06T05:18:09.659109+00:00,216909680504338,3774,-5936,2168,5113,1246,2167,132.09,-207.76,75.88,1.247572,0.304024,0.528748
298942,2847787109,39429688,2026-10-06T05:18:09.659262+00:00,216909680648236,3915,-5400,2170,4811,1508,1915,137.025,-189.0,75.95,1.173884,0.367952,0.46726
298943,2847791992,39434571,2026-10-06T05:18:09.659430+00:00,216909680816258,3845,-4884,2243,4584,1749,2013,134.575,-170.94,78.505,1.118496,0.426756,0.491172
298944,2847802734,39445313,2026-10-06T05:18:09.660952+00:00,216909682338606,3467,-4312,2409,4271,2148,2349,121.345,-150.92,84.315,1.042124,0.524112,0.573156
298945,2847812500,39455079,2026-10-06T05:18:09.661105+00:00,216909682490857,2686,-3636,2615,4204,2314,3359,94.01,-127.26,91.525,1.025776,0.564616,0.819596
298946,2847822265,39464844,2026-10-06T05:18:09.704129+00:00,216909725524005,1810,-2657,2477,6651,3615,4951,63.35,-92.995,86.695,1.622844,0.88206,1.208044
298947,2847832031,39474610,2026-10-06T05:18:09.704265+00:00,216909725652110,997,-927,1768,6016,4230,6077,34.895,-32.445,61.88,1.467904,1.03212,1.482788
298948,2847842773,39485352,2026-10-06T05:18:09.704434+00:00,216909725820481,54,936,1109,3596,3696,4453,1.89,32.76,38.815,0.877424,0.901824,1.086532
298949,2847852539,39495118,2026-10-06T05:18:09.706935+00:00,216909728321583,-894,2105,610,2954,2612,3074,-31.29,73.675,21.35,0.720776,0.637328,0.750056
298950,2847862304,39504883,2026-10-06T05:18:09.707100+00:00,216909728486394,-1413,2829,272,2793,1650,2500,-49.455,99.015,9.52,0.681492,0.4026,0.61
298951,2847872070,39514649,2026-10-06T05:18:09.750092+00:00,216909771486254,-1527,3411,26,2080,930,1971,-53.445,119.385,0.91,0.50752,0.22692,0.480924
298952,2847882812,39525391,2026-10-06T05:18:09.750245+00:00,216909771632211,-1390,3785,-159,1758,351,1459,-48.65,132.475,-5.565,0.428952,0.085644,0.355996
298953,2847887695,39530274,2026-10-06T05:18:09.750470+00:00,216909771858092,-1056,3942,-279,1270,182,883,-36.96,137.97,-9.765,0.30988,0.044408,0.215452
298954,2847897460,39540039,2026-10-06T05:18:09.750704+00:00,216909772092254,-738,3809,-311,675,277,443,-25.83,133.315,-10.885,0.1647,0.067588,0.108092
298955,2847907226,39549805,2026-10-06T05:18:09.752202+00:00,216909773596664,-581,3454,-257,452,356,305,-20.335,120.89,-8.995,0.110288,0.086864,0.07442
298956,2847916992,39559571,2026-10-06T05:18:09.794176+00:00,216909815571216,-509,3008,-226,791,450,529,-17.815,105.28,-7.91,0.193004,0.1098,0.129076
298957,2847927734,39570313,2026-10-06T05:18:09.794293+00:00,216909815679410,-441,2657,-304,1470,724,1127,-15.435,92.995,-10.64,0.35868,0.176656,0.274988
298958,2847937500,39580079,2026-10-06T05:18:09.794485+00:00,216909815873706,-409,2559,-495,2285,1034,1887,-14.315,89.565,-17.325,0.55754,0.252296,0.460428
298959,2847947265,39589844,2026-10-06T05:18:09.797035+00:00,216909818422324,-478,2744,-746,2928,1323,2518,-16.73,96.04,-26.11,0.714432,0.322812,0.614392
298960,2847957031,39599610,2026-10-06T05:18:09.884237+00:00,216909905633678,-655,3140,-994,3397,1373,2974,-22.925,109.9,-34.79,0.828868,0.335012,0.725656
298961,2847967773,39610352,2026-10-06T05:18:09.884470+00:00,216909905861757,-821,3695,-1217,3925,1286,3398,-28.735,129.325,-42.595,0.9577,0.313784,0.829112
298962,2847977539,39620118,2026-10-06T05:18:09.884715+00:00,216909906102751,-940,4382,-1404,4130,1095,3429,-32.9,153.37,-49.14,1.00772,0.26718,0.836676
298963,2847987304,39629883,2026-10-06T05:18:09.886112+00:00,216909907504500,-990,5067,-1540,4044,784,3263,-34.65,177.345,-53.9,0.986736,0.191296,0.796172
298964,2847992187,39634766,2026-10-06T05:18:09.886231+00:00,216909907617145,-932,5653,-1621,3723,533,2967,-32.62,197.855,-56.735,0.908412,0.130052,0.723948
298965,2848001953,39644532,2026-10-06T05:18:09.886442+00:00,216909907830159,-788,6066,-1644,3365,334,2571,-27.58,212.31,-57.54,0.82106,0.081496,0.627324
298966,2848012695,39655274,2026-10-06T05:18:09.888045+00:00,216909909450265,-622,6274,-1601,2969,206,2190,-21.77,219.59,-56.035,0.724436,0.050264,0.53436
298967,2848022460,39665039,2026-10-06T05:18:09.888258+00:00,216909909644802,-444,6286,-1519,2734,181,2005,-15.54,220.01,-53.165,0.667096,0.044164,0.48922
298968,2848032226,39674805,2026-10-06T05:18:09.888470+00:00,216909909859290,-278,6181,-1421,2616,251,1968,-9.73,216.335,-49.735,0.638304,0.061244,0.480192
298969,2848041992,39684571,2026-10-06T05:18:09.889989+00:00,216909911378320,-123,6029,-1340,2782,508,2200,-4.305,211.015,-46.9,0.678808,0.123952,0.5368
298970,2848052734,39695313,2026-10-06T05:18:09.929290+00:00,216909950699268,-24,5933,-1321,3069,940,2600,-0.84,207.655,-46.235,0.748836,0.22936,0.6344
298971,2848062500,39705079,2026-10-06T05:18:09.929468+00:00,216909950855688,-63,5939,-1380,3267,1333,3028,-2.205,207.865,-48.3,0.797148,0.325252,0.738832
298972,2848072265,39714844,2026-10-06T05:18:09.929759+00:00,216909951160792,-205,6020,-1528,3138,1225,3265,-7.175,210.7,-53.48,0.765672,0.2989,0.79666
298973,2848082031,39724610,2026-10-06T05:18:09.930993+00:00,216909952395445,-254,6108,-1741,2998,672,3422,-8.89,213.78,-60.935,0.731512,0.163968,0.834968
298974,2848087890,39730469,2026-10-06T05:18:09.931285+00:00,216909952672236,-13,6206,-1956,3072,502,3496,-0.455,217.21,-68.46,0.749568,0.122488,0.853024
298975,2848097656,39740235,2026-10-06T05:18:09.974313+00:00,216909995703182,280,6286,-2109,3026,804,3447,9.8,220.01,-73.815,0.738344,0.196176,0.841068
298976,2848107421,39750000,2026-10-06T05:18:09.974452+00:00,216909995837883,369,6281,-2179,3009,1178,3514,12.915,219.835,-76.265,0.734196,0.287432,0.857416
298977,2848117187,39759766,2026-10-06T05:18:09.974776+00:00,216909996164919,248,6211,-2221,3068,1362,3678,8.68,217.385,-77.735,0.748592,0.332328,0.897432
298978,2848126953,39769532,2026-10-06T05:18:09.976053+00:00,216909997443379,72,6125,-2288,3185,1406,3839,2.52,214.375,-80.08,0.77714,0.343064,0.936716
298979,2848137695,39780274,2026-10-06T05:18:10.019172+00:00,216910040567814,-55,6046,-2408,3328,1565,4025,-1.925,211.61,-84.28,0.812032,0.38186,0.9821
298980,2848147460,39790039,2026-10-06T05:18:10.019323+00:00,216910040711396,-171,5982,-2582,3423,1755,4210,-5.985,209.37,-90.37,0.835212,0.42822,1.02724
298981,2848157226,39799805,2026-10-06T05:18:10.019551+00:00,216910040939017,-302,5914,-2793,3572,1902,4432,-10.57,206.99,-97.755,0.871568,0.464088,1.081408
298982,2848166992,39809571,2026-10-06T05:18:10.020987+00:00,216910042375967,-430,5858,-3043,3808,1898,4650,-15.05,205.03,-106.505,0.929152,0.463112,1.1346
298983,2848177734,39820313,2026-10-06T05:18:10.021182+00:00,216910042570146,-485,5830,-3319,4064,1814,4798,-16.975,204.05,-116.165,0.991616,0.442616,1.170712
298984,2848182617,39825196,2026-10-06T05:18:10.065283+00:00,216910086678756,-468,5816,-3580,4296,1880,4911,-16.38,203.56,-125.3,1.048224,0.45872,1.198284
298985,2848192382,39834961,2026-10-06T05:18:10.065423+00:00,216910086811769,-485,5804,-3776,4736,1973,5127,-16.975,203.14,-132.16,1.155584,0.481412,1.250988
298986,2848202148,39844727,2026-10-06T05:18:10.065753+00:00,216910087143165,-556,5849,-3900,5251,1972,5245,-19.46,204.715,-136.5,1.281244,0.481168,1.27978
298987,2848212890,39855469,2026-10-06T05:18:10.065995+00:00,216910087386269,-662,5953,-3961,5555,1762,4998,-23.17,208.355,-138.635,1.35542,0.429928,1.219512
298988,2848222656,39865235,2026-10-06T05:18:10.067310+00:00,216910088700798,-713,6021,-3985,5543,1190,4377,-24.955,210.735,-139.475,1.352492,0.29036,1.067988
298989,2848232421,39875000,2026-10-06T05:18:10.109296+00:00,216910130694827,-598,5942,-3993,5483,379,3687,-20.93,207.97,-139.755,1.337852,0.092476,0.899628
298990,2848242187,39884766,2026-10-06T05:18:10.154258+00:00,216910175656138,-304,5700,-3940,5675,77,3194,-10.64,199.5,-137.9,1.3847,0.018788,0.779336
298991,2848251953,39894532,2026-10-06T05:18:10.154455+00:00,216910175846046,-95,5351,-3729,6149,222,2901,-3.325,187.285,-130.515,1.500356,0.054168,0.707844
298992,2848262695,39905274,2026-10-06T05:18:10.154841+00:00,216910176232840,-173,4989,-3332,6629,202,2552,-6.055,174.615,-116.62,1.617476,0.049288,0.622688
298993,2848272460,39915039,2026-10-06T05:18:10.158666+00:00,216910180064854,-376,4649,-2820,6845,-219,1952,-13.16,162.715,-98.7,1.67018,-0.053436,0.476288
298994,2848282226,39924805,2026-10-06T05:18:10.159658+00:00,216910181051080,-451,4275,-2239,6658,-637,991,-15.785,149.625,-78.365,1.624552,-0.155428,0.241804
298995,2848291992,39934571,2026-10-06T05:18:10.160141+00:00,216910181531725,-299,3792,-1641,6406,-1383,-29,-10.465,132.72,-57.435,1.563064,-0.337452,-0.007076
298996,2848297851,39940430,2026-10-06T05:18:10.160498+00:00,216910181887514,164,3185,-1064,6802,-1619,-1004,5.74,111.475,-37.24,1.659688,-0.395036,-0.244976
298997,2848307617,39950196,2026-10-06T05:18:10.160751+00:00,216910182140983,642,2509,-433,6988,-1045,-2083,22.47,87.815,-15.155,1.705072,-0.25498,-0.508252
298998,2848317382,39959961,2026-10-06T05:18:10.199190+00:00,216910220583080,750,1649,195,7096,-668,-3152,26.25,57.715,6.825,1.731424,-0.162992,-0.769088
298999,2848327148,39969727,2026-10-06T05:18:10.199317+00:00,216910220702900,564,544,646,7172,-183,-4010,19.74,19.04,22.61,1.749968,-0.044652,-0.97844
299000,2848337890,39980469,2026-10-06T05:18:10.199566+00:00,216910220952801,-80,-979,1017,6388,734,-4835,-2.8,-34.265,35.595,1.558672,0.179096,-1.17974
299001,2848347656,39990235,2026-10-06T05:18:10.200981+00:00,216910222369937,-872,-2550,1341,459,-2055,360,-30.52,-89.25,46.935,0.111996,-0.50142,0.08784
299002,2848357421,40000000,2026-10-06T05:18:10.201155+00:00,216910222543333,208,-2945,1379,757,383,8983,7.28,-103.075,48.265,0.184708,0.093452,2.191852
299003,2848367187,40009766,2026-10-06T05:18:10.244210+00:00,216910265603100,581,-2482,1358,-4566,2144,9140,20.335,-86.87,47.53,-1.114104,0.523136,2.23016
299004,2848376953,40019532,2026-10-06T05:18:10.244313+00:00,216910265699005,18,-3091,1827,-4747,937,1470,0.63,-108.185,63.945,-1.158268,0.228628,0.35868
299005,2848382812,40025391,2026-10-06T05:18:10.244493+00:00,216910265882424,-250,-4982,2218,-1435,328,-414,-8.75,-174.37,77.63,-0.35014,0.080032,-0.101016
299006,2848392578,40035157,2026-10-06T05:18:10.246126+00:00,216910267515576,-58,-6419,2089,3814,1426,4040,-2.03,-224.665,73.115,0.930616,0.347944,0.98576
299007,2848402343,40044922,2026-10-06T05:18:10.246439+00:00,216910267828353,419,-5922,1307,7503,2258,8134,14.665,-207.27,45.745,1.830732,0.550952,1.984696
299008,2848412109,40054688,2026-10-06T05:18:10.289191+00:00,216910310586500,814,-4062,290,5066,2257,7098,28.49,-142.17,10.15,1.236104,0.550708,1.731912
299009,2848422851,40065430,2026-10-06T05:18:10.289333+00:00,216910310720661,775,-2981,-54,2176,2561,5327,27.125,-104.335,-1.89,0.530944,0.624884,1.299788
299010,2848432617,40075196,2026-10-06T05:18:10.289485+00:00,216910310872409,146,-2906,342,3592,1714,5439,5.11,-101.71,11.97,0.876448,0.418216,1.327116
299011,2848442382,40084961,2026-10-06T05:18:10.291155+00:00,216910312542286,-282,-2419,563,5758,2226,6362,-9.87,-84.665,19.705,1.404952,0.543144,1.552328
299012,2848452148,40094727,2026-10-06T05:18:10.334614+00:00,216910356023968,-323,-1243,229,3440,2252,5019,-11.305,-43.505,8.015,0.83936,0.549488,1.224636
299013,2848462890,40105469,2026-10-06T05:18:10.335708+00:00,216910357108519,-378,-744,19,2458,1142,4793,-13.23,-26.04,0.665,0.599752,0.278648,1.169492
299014,2848472656,40115235,2026-10-06T05:18:10.336937+00:00,216910358340517,-212,-427,-108,2319,707,4681,-7.42,-14.945,-3.78,0.565836,0.172508,1.142164
299015,2848482421,40125000,2026-10-06T05:18:10.339970+00:00,216910361373355,7,-167,-157,2139,439,4369,0.245,-5.845,-5.495,0.521916,0.107116,1.066036
299016,2848487304,40129883,2026-10-06T05:18:10.340145+00:00,216910361536211,196,14,-151,1543,537,3866,6.86,0.49,-5.285,0.376492,0.131028,0.943304
299017,2848497070,40139649,2026-10-06T05:18:10.379309+00:00,216910400704504,310,18,-107,1487,1046,3802,10.85,0.63,-3.745,0.362828,0.255224,0.927688
299018,2848507812,40150391,2026-10-06T05:18:10.379536+00:00,216910400925815,333,47,-75,1590,1490,3906,11.655,1.645,-2.625,0.38796,0.36356,0.953064
299019,2848517578,40160157,2026-10-06T05:18:10.379874+00:00,216910401263057,291,126,-78,1343,1515,3447,10.185,4.41,-2.73,0.327692,0.36966,0.841068
299020,2848527343,40169922,2026-10-06T05:18:10.382515+00:00,216910403905762,180,113,-40,1095,1532,3689,6.3,3.955,-1.4,0.26718,0.373808,0.900116
299021,2848537109,40179688,2026-10-06T05:18:10.382615+00:00,216910404012714,65,95,-29,935,1392,3893,2.275,3.325,-1.015,0.22814,0.339648,0.949892
299022,2848547851,40190430,2026-10-06T05:18:10.425353+00:00,216910446751673,-21,16,11,399,904,3334,-0.735,0.56,0.385,0.097356,0.220576,0.813496
299023,2848557617,40200196,2026-10-06T05:18:10.425589+00:00,216910446980879,-9,-166,60,1113,1092,3854,-0.315,-5.81,2.1,0.271572,0.266448,0.940376
299024,2848567382,40209961,2026-10-06T05:18:10.426028+00:00,216910447419742,-35,-180,86,1183,966,3857,-1.225,-6.3,3.01,0.288652,0.235704,0.941108
299025,2848577148,40219727,2026-10-06T05:18:10.426463+00:00,216910447854463,2,-174,92,1122,962,3812,0.07,-6.09,3.22,0.273768,0.234728,0.930128
299026,2848587890,40230469,2026-10-06T05:18:10.470841+00:00,216910492241459,33,-191,103,1015,1082,3833,1.155,-6.685,3.605,0.24766,0.264008,0.935252
299027,2848592773,40235352,2026-10-06T05:18:10.471224+00:00,216910492615488,39,-215,124,1250,1236,3972,1.365,-7.525,4.34,0.305,0.301584,0.969168
299028,2848602539,40245118,2026-10-06T05:18:10.471485+00:00,216910492876094,36,-200,123,1277,1211,3790,1.26,-7.0,4.305,0.311588,0.295484,0.92476
299029,2848612304,40254883,2026-10-06T05:18:10.471901+00:00,216910493293214,37,-201,122,1448,1200,3926,1.295,-7.035,4.27,0.353312,0.2928,0.957944
299030,2848622070,40264649,2026-10-06T05:18:10.472338+00:00,216910493729963,33,-151,101,1516,1201,4008,1.155,-5.285,3.535,0.369904,0.293044,0.977952
299031,2848632812,40275391,2026-10-06T05:18:10.514392+00:00,216910535793134,17,-120,106,1111,1140,3946,0.595,-4.2,3.71,0.271084,0.27816,0.962824
299032,2848642578,40285157,2026-10-06T05:18:10.514790+00:00,216910536181964,31,-131,83,1466,1227,4099,1.085,-4.585,2.905,0.357704,0.299388,1.000156
299033,2848652343,40294922,2026-10-06T05:18:10.515172+00:00,216910536563377,5,-110,80,1241,1052,3892,0.175,-3.85,2.8,0.302804,0.256688,0.949648
299034,2848662109,40304688,2026-10-06T05:18:10.517172+00:00,216910538567174,15,-153,71,1430,1019,3855,0.525,-5.355,2.485,0.34892,0.248636,0.94062
299035,2848672851,40315430,2026-10-06T05:18:10.517553+00:00,216910538946979,27,-169,79,1506,1162,3942,0.945,-5.915,2.765,0.367464,0.283528,0.961848
299036,2848677734,40320313,2026-10-06T05:18:10.559681+00:00,216910581080948,1,-177,87,1439,1149,3809,0.035,-6.195,3.045,0.351116,0.280356,0.929396
299037,2848687500,40330079,2026-10-06T05:18:10.560211+00:00,216910581606901,-28,-214,97,1543,1115,3914,-0.98,-7.49,3.395,0.376492,0.27206,0.955016
299038,2848697265,40339844,2026-10-06T05:18:10.560571+00:00,216910581965980,-33,-208,92,1501,1070,3997,-1.155,-7.28,3.22,0.366244,0.26108,0.975268
299039,2848707031,40349610,2026-10-06T05:18:10.561393+00:00,216910582784993,5,-188,93,1391,1160,3894,0.175,-6.58,3.255,0.339404,0.28304,0.950136
299040,2848717773,40360352,2026-10-06T05:18:10.561923+00:00,216910583314048,6,-212,108,1564,1277,3777,0.21,-7.42,3.78,0.381616,0.311588,0.921588
299041,2848727539,40370118,2026-10-06T05:18:10.605825+00:00,216910627220938,-25,-228,102,1540,1218,3977,-0.875,-7.98,3.57,0.37576,0.297192,0.970388
299042,2848737304,40379883,2026-10-06T05:18:10.649266+00:00,216910670660867,-68,-221,124,1499,938,3896,-2.38,-7.735,4.34,0.365756,0.228872,0.950624
299043,2848747070,40389649,2026-10-06T05:18:10.740283+00:00,216910761680456,-44,-221,112,1409,1033,3858,-1.54,-7.735,3.92,0.343796,0.252052,0.941352
299044,2848757812,40400391,2026-10-06T05:18:10.740438+00:00,216910761827751,-39,-230,107,1325,1027,3839,-1.365,-8.05,3.745,0.3233,0.250588,0.936716
299045,2848767578,40410157,2026-10-06T05:18:10.740727+00:00,216910762118103,-47,-254,144,1329,1130,3716,-1.645,-8.89,5.04,0.324276,0.27572,0.906704
299046,2848777343,40419922,2026-10-06T05:18:10.740930+00:00,216910762320967,-74,-284,173,1214,1236,3780,-2.59,-9.94,6.055,0.296216,0.301584,0.92232
299047,2848787109,40429688,2026-10-06T05:18:10.742014+00:00,216910763404546,-137,-323,201,1315,1095,3615,-4.795,-11.305,7.035,0.32086,0.26718,0.88206
299048,2848791992,40434571,2026-10-06T05:18:10.742165+00:00,216910763554536,-194,-375,259,1433,1151,3645,-6.79,-13.125,9.065,0.349652,0.280844,0.88938
299049,2848802734,40445313,2026-10-06T05:18:10.742390+00:00,216910763780210,-270,-422,307,1536,1183,3570,-9.45,-14.77,10.745,0.374784,0.288652,0.87108
299050,2848812500,40455079,2026-10-06T05:18:10.744068+00:00,216910765458508,-359,-432,338,1319,1229,4028,-12.565,-15.12,11.83,0.321836,0.299876,0.982832
299051,2848822265,40464844,2026-10-06T05:18:10.744299+00:00,216910765689885,-391,-412,341,1344,1029,3627,-13.685,-14.42,11.935,0.327936,0.251076,0.884988
299052,2848832031,40474610,2026-10-06T05:18:10.744526+00:00,216910765916519,-390,-475,367,1859,1142,3812,-13.65,-16.625,12.845,0.453596,0.278648,0.930128
299053,2848842773,40485352,2026-10-06T05:18:10.747152+00:00,216910768543355,-409,-429,330,1559,995,4027,-14.315,-15.015,11.55,0.380396,0.24278,0.982588
299054,2848852539,40495118,2026-10-06T05:18:10.747562+00:00,216910768953389,-365,-379,293,1580,815,3755,-12.775,-13.265,10.255,0.38552,0.19886,0.91622
299055,2848862304,40504883,2026-10-06T05:18:10.747830+00:00,216910769219663,-321,-394,292,1694,1053,3877,-11.235,-13.79,10.22,0.413336,0.256932,0.945988
299056,2848872070,40514649,2026-10-06T05:18:10.748080+00:00,216910769470974,-343,-388,265,1580,888,3864,-12.005,-13.58,9.275,0.38552,0.216672,0.942816
299057,2848882812,40525391,2026-10-06T05:18:10.748280+00:00,216910769670686,-323,-364,251,1582,830,3921,-11.305,-12.74,8.785,0.386008,0.20252,0.956724
299058,2848887695,40530274,2026-10-06T05:18:10.750037+00:00,216910771427185,-289,-342,263,1199,1149,3813,-10.115,-11.97,9.205,0.292556,0.280356,0.930372
299059,2848897460,40540039,2026-10-06T05:18:10.750281+00:00,216910771671379,-339,-406,286,1198,1118,3745,-11.865,-14.21,10.01,0.292312,0.272792,0.91378
299060,2848907226,40549805,2026-10-06T05:18:10.750538+00:00,216910771928872,-390,-479,315,1625,930,3986,-13.65,-16.765,11.025,0.3965,0.22692,0.972584
299061,2848916992,40559571,2026-10-06T05:18:10.784354+00:00,216910805754645,-356,-452,305,1632,969,3789,-12.46,-15.82,10.675,0.398208,0.236436,0.924516
299062,2848927734,40570313,2026-10-06T05:18:10.784642+00:00,216910806033020,-347,-445,293,1484,903,3969,-12.145,-15.575,10.255,0.362096,0.220332,0.968436
299063,2848937500,40580079,2026-10-06T05:18:10.787067+00:00,216910808498010,-331,-438,298,1509,899,3893,-11.585,-15.33,10.43,0.368196,0.219356,0.949892
299064,2848947265,40589844,2026-10-06T05:18:10.829242+00:00,216910850635896,-326,-433,304,1571,914,3965,-11.41,-15.155,10.64,0.383324,0.223016,0.96746
299065,2848957031,40599610,2026-10-06T05:18:10.829390+00:00,216910850777211,-292,-412,296,1425,983,3819,-10.22,-14.42,10.36,0.3477,0.239852,0.931836
299066,2848967773,40610352,2026-10-06T05:18:10.829584+00:00,216910850971386,-295,-448,315,1553,957,3869,-10.325,-15.68,11.025,0.378932,0.233508,0.944036
299067,2848977539,40620118,2026-10-06T05:18:10.831083+00:00,216910852472146,-286,-450,325,1670,862,3821,-10.01,-15.75,11.375,0.40748,0.210328,0.932324
299068,2848987304,40629883,2026-10-06T05:18:10.831289+00:00,216910852676822,-251,-439,324,1618,905,3803,-8.785,-15.365,11.34,0.394792,0.22082,0.927932
299069,2848992187,40634766,2026-10-06T05:18:10.874490+00:00,216910895886516,-239,-432,326,1656,829,3946,-8.365,-15.12,11.41,0.404064,0.202276,0.962824
299070,2849001953,40644532,2026-10-06T05:18:10.874879+00:00,216910896270746,-201,-392,318,1741,770,3944,-7.035,-13.72,11.13,0.424804,0.18788,0.962336
299071,2849012695,40655274,2026-10-06T05:18:10.875310+00:00,216910896701816,-153,-357,309,1740,830,3822,-5.355,-12.495,10.815,0.42456,0.20252,0.932568
299072,2849022460,40665039,2026-10-06T05:18:10.876158+00:00,216910897549782,-137,-363,299,1791,775,3905,-4.795,-12.705,10.465,0.437004,0.1891,0.95282
299073,2849032226,40674805,2026-10-06T05:18:10.876451+00:00,216910897841593,-103,-343,289,1656,753,3767,-3.605,-12.005,10.115,0.404064,0.183732,0.919148
299074,2849041992,40684571,2026-10-06T05:18:10.920793+00:00,216910942191493,-90,-371,316,1752,810,3850,-3.15,-12.985,11.06,0.427488,0.19764,0.9394
299075,2849052734,40695313,2026-10-06T05:18:10.921023+00:00,216910942413794,-75,-363,309,1710,760,3805,-2.625,-12.705,10.815,0.41724,0.18544,0.92842
299076,2849062500,40705079,2026-10-06T05:18:10.921327+00:00,216910942717153,-54,-367,297,1740,753,3845,-1.89,-12.845,10.395,0.42456,0.183732,0.93818
299077,2849072265,40714844,2026-10-06T05:18:10.921775+00:00,216910943166197,-29,-369,291,1862,681,3796,-1.015,-12.915,10.185,0.454328,0.166164,0.926224
299078,2849082031,40724610,2026-10-06T05:18:10.964250+00:00,216910985646124,16,-363,274,1760,742,3877,0.56,-12.705,9.59,0.42944,0.181048,0.945988
299079,2849087890,40730469,2026-10-06T05:18:10.964485+00:00,216910985875596,36,-359,249,1688,700,3844,1.26,-12.565,8.715,0.411872,0.1708,0.937936
299080,2849097656,40740235,2026-10-06T05:18:10.964683+00:00,216910986074207,53,-374,244,1808,727,3807,1.855,-13.09,8.54,0.441152,0.177388,0.928908
299081,2849107421,40750000,2026-10-06T05:18:10.967143+00:00,216910988533554,63,-381,242,1739,681,3921,2.205,-13.335,8.47,0.424316,0.166164,0.956724
299082,2849117187,40759766,2026-10-06T05:18:10.967450+00:00,216910988841686,99,-345,220,1417,715,3781,3.465,-12.075,7.7,0.345748,0.17446,0.922564
299083,2849126953,40769532,2026-10-06T05:18:11.009273+00:00,216911030666505,92,-410,258,1949,809,3807,3.22,-14.35,9.03,0.475556,0.197396,0.928908
299084,2849137695,40780274,2026-10-06T05:18:11.009523+00:00,216911030913671,98,-411,263,1706,780,3952,3.43,-14.385,9.205,0.416264,0.19032,0.964288
299085,2849147460,40790039,2026-10-06T05:18:11.009793+00:00,216911031183994,130,-417,241,1587,777,3796,4.55,-14.595,8.435,0.387228,0.189588,0.926224
299086,2849157226,40799805,2026-10-06T05:18:11.012054+00:00,216911033444411,121,-483,303,1799,876,3822,4.235,-16.905,10.605,0.438956,0.213744,0.932568
299087,2849166992,40809571,2026-10-06T05:18:11.012294+00:00,216911033684519,123,-515,329,1749,840,3838,4.305,-18.025,11.515,0.426756,0.20496,0.936472
299088,2849172851,40815430,2026-10-06T05:18:11.055372+00:00,216911076771629,128,-570,349,1609,801,3832,4.48,-19.95,12.215,0.392596,0.195444,0.935008
299089,2849182617,40825196,2026-10-06T05:18:11.055628+00:00,216911077020157,119,-654,372,1751,787,3819,4.165,-22.89,13.02,0.427244,0.192028,0.931836
299090,2849192382,40834961,2026-10-06T05:18:11.055891+00:00,216911077282252,112,-734,354,1757,670,3777,3.92,-25.69,12.39,0.428708,0.16348,0.921588
299091,2849202148,40844727,2026-10-06T05:18:11.056205+00:00,216911077596984,124,-839,334,1793,639,3792,4.34,-29.365,11.69,0.437492,0.155916,0.925248
299092,2849212890,40855469,2026-10-06T05:18:11.058434+00:00,216911079825695,179,-955,295,1926,544,3791,6.265,-33.425,10.325,0.469944,0.132736,0.925004
299093,2849222656,40865235,2026-10-06T05:18:11.100343+00:00,216911121741400,239,-1079,271,1898,562,3707,8.365,-37.765,9.485,0.463112,0.137128,0.904508
299094,2849232421,40875000,2026-10-06T05:18:11.100861+00:00,216911122257546,239,-1284,304,1795,336,2954,8.365,-44.94,10.64,0.43798,0.081984,0.720776
299095,2849242187,40884766,2026-10-06T05:18:11.101409+00:00,216911122805873,318,-1598,353,2150,344,3572,11.13,-55.93,12.355,0.5246,0.083936,0.871568
299096,2849251953,40894532,2026-10-06T05:18:11.102560+00:00,216911123956978,411,-1795,330,1691,1295,4276,14.385,-62.825,11.55,0.412604,0.31598,1.043344
299097,2849262695,40905274,2026-10-06T05:18:11.144375+00:00,216911165776925,418,-1879,172,1489,1430,4641,14.63,-65.765,6.02,0.363316,0.34892,1.132404
299098,2849272460,40915039,2026-10-06T05:18:11.144867+00:00,216911166261453,373,-1981,181,794,1391,3814,13.055,-69.335,6.335,0.193736,0.339404,0.930616
299099,2849282226,40924805,2026-10-06T05:18:11.145254+00:00,216911166649424,318,-2407,311,1981,1034,3780,11.13,-84.245,10.885,0.483364,0.252296,0.92232
299100,2849291992,40934571,2026-10-06T05:18:11.147186+00:00,216911168580637,365,-2705,415,1732,954,3997,12.775,-94.675,14.525,0.422608,0.232776,0.975268
299101,2849297851,40940430,2026-10-06T05:18:11.147439+00:00,216911168829554,355,-2941,425,1552,777,4273,12.425,-102.935,14.875,0.378688,0.189588,1.042612
299102,2849307617,40950196,2026-10-06T05:18:11.190852+00:00,216911212252723,364,-3164,409,1702,1033,3828,12.74,-110.74,14.315,0.415288,0.252052,0.934032
299103,2849317382,40959961,2026-10-06T05:18:11.191180+00:00,216911212575124,284,-3521,364,1983,824,3782,9.94,-123.235,12.74,0.483852,0.201056,0.922808
299104,2849327148,40969727,2026-10-06T05:18:11.191496+00:00,216911212889471,263,-3882,284,1956,487,3783,9.205,-135.87,9.94,0.477264,0.118828,0.923052
299105,2849337890,40980469,2026-10-06T05:18:11.191934+00:00,216911213323845,289,-4248,302,2132,492,3977,10.115,-148.68,10.57,0.520208,0.120048,0.970388
299106,2849347656,40990235,2026-10-06T05:18:11.192304+00:00,216911213699218,274,-4580,383,1920,799,3738,9.59,-160.3,13.405,0.46848,0.194956,0.912072
299107,2849357421,41000000,2026-10-06T05:18:11.235697+00:00,216911257108780,171,-5033,472,2040,912,3598,5.985,-176.155,16.52,0.49776,0.222528,0.877912
299108,2849367187,41009766,2026-10-06T05:18:11.237042+00:00,216911258444499,112,-5505,533,2107,718,3463,3.92,-192.675,18.655,0.514108,0.175192,0.844972
299109,2849376953,41019532,2026-10-06T05:18:11.237315+00:00,216911258708519,156,-5936,584,2143,788,3550,5.46,-207.76,20.44,0.522892,0.192272,0.8662
299110,2849382812,41025391,2026-10-06T05:18:11.237762+00:00,216911259156533,163,-6358,665,2334,743,3283,5.705,-222.53,23.275,0.569496,0.181292,0.801052
299111,2849392578,41035157,2026-10-06T05:18:11.238107+00:00,216911259497974,159,-6751,793,2677,879,3280,5.565,-236.285,27.755,0.653188,0.214476,0.80032
299112,2849402343,41044922,2026-10-06T05:18:11.279426+00:00,216911300828646,124,-7054,895,2954,728,3557,4.34,-246.89,31.325,0.720776,0.177632,0.867908
299113,2849412109,41054688,2026-10-06T05:18:11.279782+00:00,216911301173284,310,-7240,919,3386,655,3343,10.85,-253.4,32.165,0.826184,0.15982,0.815692
299114,2849422851,41065430,2026-10-06T05:18:11.281233+00:00,216911302626116,568,-7406,984,4408,578,3344,19.88,-259.21,34.44,1.075552,0.141032,0.815936
299115,2849432617,41075196,2026-10-06T05:18:11.281512+00:00,216911302904874,1015,-7429,1005,5213,614,4009,35.525,-260.015,35.175,1.271972,0.149816,0.978196
299116,2849442382,41084961,2026-10-06T05:18:11.325176+00:00,216911346569723,1624,-7303,1002,4828,864,3391,56.84,-255.605,35.07,1.178032,0.210816,0.827404
299117,2849452148,41094727,2026-10-06T05:18:11.325310+00:00,216911346698091,1993,-7287,1151,5215,1085,3810,69.755,-255.045,40.285,1.27246,0.26474,0.92964
299118,2849462890,41105469,2026-10-06T05:18:11.325591+00:00,216911346979147,2221,-7158,1365,4773,1439,3686,77.735,-250.53,47.775,1.164612,0.351116,0.899384
299119,2849472656,41115235,2026-10-06T05:18:11.325912+00:00,216911347301796,2238,-7074,1653,4576,1780,3841,78.33,-247.59,57.855,1.116544,0.43432,0.937204
299120,2849482421,41125000,2026-10-06T05:18:11.328720+00:00,216911350112119,2198,-6931,1917,4402,1523,3668,76.93,-242.585,67.095,1.074088,0.371612,0.894992
299121,2849487304,41129883,2026-10-06T05:18:11.370137+00:00,216911391535836,2352,-6700,2110,4374,1365,3383,82.32,-234.5,73.85,1.067256,0.33306,0.825452
299122,2849497070,41139649,2026-10-06T05:18:11.370287+00:00,216911391675582,2731,-6441,2210,4690,1602,3237,95.585,-225.435,77.35,1.14436,0.390888,0.789828
299123,2849507812,41150391,2026-10-06T05:18:11.370579+00:00,216911391967101,3137,-6095,2273,5740,1381,3634,109.795,-213.325,79.555,1.40056,0.336964,0.886696
299124,2849517578,41160157,2026-10-06T05:18:11.370852+00:00,216911392241021,3376,-5400,2441,5594,1196,3222,118.16,-189.0,85.435,1.364936,0.291824,0.786168
299125,2849527343,41169922,2026-10-06T05:18:11.372047+00:00,216911393435900,3255,-4593,2758,6113,941,3866,113.925,-160.755,96.53,1.491572,0.229604,0.943304
299126,2849537109,41179688,2026-10-06T05:18:11.415143+00:00,216911436534762,3152,-3430,3017,5579,479,3898,110.32,-120.05,105.595,1.361276,0.116876,0.951112
299127,2849547851,41190430,2026-10-06T05:18:11.415316+00:00,216911436704369,3342,-2099,3292,5525,1182,5551,116.97,-73.465,115.22,1.3481,0.288408,1.354444
299128,2849557617,41200196,2026-10-06T05:18:11.415652+00:00,216911437039802,3192,-543,3681,4598,1721,6002,111.72,-19.005,128.835,1.121912,0.419924,1.464488
299129,2849567382,41209961,2026-10-06T05:18:11.415881+00:00,216911437269169,2626,690,3873,4847,2204,5013,91.91,24.15,135.555,1.182668,0.537776,1.223172
299130,2849577148,41219727,2026-10-06T05:18:11.459235+00:00,216911480631045,2028,1697,3620,2462,3173,4085,70.98,59.395,126.7,0.600728,0.774212,0.99674
299131,2849587890,41230469,2026-10-06T05:18:11.459411+00:00,216911480799620,1173,2237,3330,400,3107,2351,41.055,78.295,116.55,0.0976,0.758108,0.573644
299132,2849592773,41235352,2026-10-06T05:18:11.459602+00:00,216911480990701,408,2066,2887,-298,2344,1107,14.28,72.31,101.045,-0.072712,0.571936,0.270108
299133,2849602539,41245118,2026-10-06T05:18:11.460941+00:00,216911482329853,152,1583,2234,-83,1926,731,5.32,55.405,78.19,-0.020252,0.469944,0.178364
299134,2849612304,41254883,2026-10-06T05:18:11.461110+00:00,216911482497029,287,1147,1465,166,1795,1106,10.045,40.145,51.275,0.040504,0.43798,0.269864
299135,2849622070,41264649,2026-10-06T05:18:11.505181+00:00,216911526576431,556,873,564,358,2000,1148,19.46,30.555,19.74,0.087352,0.488,0.280112
299136,2849632812,41275391,2026-10-06T05:18:11.505316+00:00,216911526703256,682,658,-327,1002,2374,1674,23.87,23.03,-11.445,0.244488,0.579256,0.408456
299137,2849642578,41285157,2026-10-06T05:18:11.505488+00:00,216911526875779,519,639,-1123,1746,2391,2244,18.165,22.365,-39.305,0.426024,0.583404,0.547536
299138,2849652343,41294922,2026-10-06T05:18:11.505700+00:00,216911527086723,250,873,-1821,2818,2100,2976,8.75,30.555,-63.735,0.687592,0.5124,0.726144
299139,2849662109,41304688,2026-10-06T05:18:11.507927+00:00,216911529313559,-22,1446,-2403,3613,1757,3517,-0.77,50.61,-84.105,0.881572,0.428708,0.858148
299140,2849672851,41315430,2026-10-06T05:18:11.549155+00:00,216911570551143,-335,2252,-2792,3908,1196,3657,-11.725,78.82,-97.72,0.953552,0.291824,0.892308
299141,2849677734,41320313,2026-10-06T05:18:11.549333+00:00,216911570721081,-594,3072,-2938,3664,513,3297,-20.79,107.52,-102.83,0.894016,0.125172,0.804468
299142,2849687500,41330079,2026-10-06T05:18:11.549479+00:00,216911570865544,-719,3719,-2872,3403,-103,2894,-25.165,130.165,-100.52,0.830332,-0.025132,0.706136
299143,2849697265,41339844,2026-10-06T05:18:11.551250+00:00,216911572644545,-682,4178,-2637,3118,-539,2371,-23.87,146.23,-92.295,0.760792,-0.131516,0.578524
299144,2849707031,41349610,2026-10-06T05:18:11.551464+00:00,216911572853257,-521,4422,-2311,2976,-701,2050,-18.235,154.77,-80.885,0.726144,-0.171044,0.5002
299145,2849717773,41360352,2026-10-06T05:18:11.639369+00:00,216911660764975,-335,4529,-1961,2936,-571,1960,-11.725,158.515,-68.635,0.716384,-0.139324,0.47824
299146,2849727539,41370118,2026-10-06T05:18:11.639594+00:00,216911660981481,-221,4570,-1644,3090,-279,2105,-7.735,159.95,-57.54,0.75396,-0.068076,0.51362
299147,2849737304,41379883,2026-10-06T05:18:11.639844+00:00,216911661246808,-220,4626,-1402,3292,-12,2351,-7.7,161.91,-49.07,0.803248,-0.002928,0.573644
299148,2849747070,41389649,2026-10-06T05:18:11.640932+00:00,216911662318976,-303,4723,-1250,3341,63,2494,-10.605,165.305,-43.75,0.815204,0.015372,0.608536
299149,2849757812,41400391,2026-10-06T05:18:11.641161+00:00,216911662548282,-346,4836,-1186,3294,19,2558,-12.11,169.26,-41.51,0.803736,0.004636,0.624152
299150,2849767578,41410157,2026-10-06T05:18:11.641397+00:00,216911662785856,-289,4939,-1178,3172,-23,2504,-10.115,172.865,-41.23,0.773968,-0.005612,0.610976
299151,2849777343,41419922,2026-10-06T05:18:11.642949+00:00,216911664352665,-150,4999,-1193,3134,71,2544,-5.25,174.965,-41.755,0.764696,0.017324,0.620736
299152,2849787109,41429688,2026-10-06T05:18:11.643198+00:00,216911664586313,-3,5036,-1218,3190,271,2673,-0.105,176.26,-42.63,0.77836,0.066124,0.652212
299153,2849791992,41434571,2026-10-06T05:18:11.643378+00:00,216911664765624,82,5080,-1247,3303,466,2839,2.87,177.8,-43.645,0.805932,0.113704,0.692716
299154,2849802734,41445313,2026-10-06T05:18:11.646120+00:00,216911667509093,123,5159,-1280,3419,649,3030,4.305,180.565,-44.8,0.834236,0.158356,0.73932
299155,2849812500,41455079,2026-10-06T05:18:11.685500+00:00,216911706897619,130,5271,-1326,3437,870,3154,4.55,184.485,-46.41,0.838628,0.21228,0.769576
299156,2849822265,41464844,2026-10-06T05:18:11.685731+00:00,216911707119023,86,5386,-1391,3309,1129,3193,3.01,188.51,-48.685,0.807396,0.275476,0.779092
299157,2849832031,41474610,2026-10-06T05:18:11.685954+00:00,216911707343275,-22,5463,-1493,2933,1221,3058,-0.77,191.205,-52.255,0.715652,0.297924,0.746152
299158,2849842773,41485352,2026-10-06T05:18:11.686169+00:00,216911707557632,-93,5443,-1656,2707,1162,3057,-3.255,190.505,-57.96,0.660508,0.283528,0.745908
299159,2849852539,41495118,2026-10-06T05:18:11.729331+00:00,216911750728839,-42,5371,-1878,2672,1196,3118,-1.47,187.985,-65.73,0.651968,0.291824,0.760792
299160,2849862304,41504883,2026-10-06T05:18:11.729560+00:00,216911750949205,56,5292,-2129,2809,1493,3326,1.96,185.22,-74.515,0.685396,0.364292,0.811544
299161,2849872070,41514649,2026-10-06T05:18:11.732066+00:00,216911753455444,68,5241,-2404,2965,1811,3564,2.38,183.435,-84.14,0.72346,0.441884,0.869616
299162,2849882812,41525391,2026-10-06T05:18:11.774516+00:00,216911795913912,-9,5225,-2712,3230,1947,3897,-0.315,182.875,-94.92,0.78812,0.475068,0.950868
299163,2849887695,41530274,2026-10-06T05:18:11.774870+00:00,216911796262394,-110,5273,-3073,3500,1998,4194,-3.85,184.555,-107.555,0.854,0.487512,1.023336
299164,2849897460,41540039,2026-10-06T05:18:11.775338+00:00,216911796733541,-212,5384,-3476,3703,2058,4404,-7.42,188.44,-121.66,0.903532,0.502152,1.074576
299165,2849907226,41549805,2026-10-06T05:18:11.776201+00:00,216911797593745,-361,5512,-3866,3821,2029,4515,-12.635,192.92,-135.31,0.932324,0.495076,1.10166
299166,2849916992,41559571,2026-10-06T05:18:11.776582+00:00,216911797977650,-562,5618,-4182,3895,1857,4552,-19.67,196.63,-146.37,0.95038,0.453108,1.110688
299167,2849927734,41570313,2026-10-06T05:18:11.778267+00:00,216911799660205,-752,5678,-4397,3970,1507,4533,-26.32,198.73,-153.895,0.96868,0.367708,1.106052
299168,2849937500,41580079,2026-10-06T05:18:11.819566+00:00,216911840970037,-836,5691,-4515,4106,1168,4539,-29.26,199.185,-158.025,1.001864,0.284992,1.107516
299169,2849947265,41589844,2026-10-06T05:18:11.819944+00:00,216911841340861,-804,5684,-4529,4369,999,4615,-28.14,198.94,-158.515,1.066036,0.243756,1.12606
299170,2849957031,41599610,2026-10-06T05:18:11.820423+00:00,216911841819517,-745,5688,-4444,4748,1001,4728,-26.075,199.08,-155.54,1.158512,0.244244,1.153632
299171,2849967773,41610352,2026-10-06T05:18:11.909528+00:00,216911930933182,-739,5718,-4283,5073,896,4745,-25.865,200.13,-149.905,1.237812,0.218624,1.15778
299172,2849977539,41620118,2026-10-06T05:18:11.909951+00:00,216911931349625,-729,5762,-4089,5394,643,4676,-25.515,201.67,-143.115,1.316136,0.156892,1.140944
299173,2849982421,41625000,2026-10-06T05:18:11.910340+00:00,216911931737735,-671,5804,-3869,5641,397,4411,-23.485,203.14,-135.415,1.376404,0.096868,1.076284
299174,2849992187,41634766,2026-10-06T05:18:11.912379+00:00,216911933777310,-579,5790,-3598,5768,185,3916,-20.265,202.65,-125.93,1.407392,0.04514,0.955504
299175,2850001953,41644532,2026-10-06T05:18:11.912899+00:00,216911934297536,-502,5656,-3251,5692,131,3190,-17.57,197.96,-113.785,1.388848,0.031964,0.77836
299176,2850012695,41655274,2026-10-06T05:18:11.913337+00:00,216911934735314,-477,5352,-2817,5610,31,2454,-16.695,187.32,-98.595,1.36884,0.007564,0.598776
299177,2850022460,41665039,2026-10-06T05:18:11.913856+00:00,216911935254862,-418,4898,-2318,5637,-256,1790,-14.63,171.43,-81.13,1.375428,-0.062464,0.43676
299178,2850032226,41674805,2026-10-06T05:18:11.914440+00:00,216911935838059,-185,4371,-1820,5645,-511,1200,-6.475,152.985,-63.7,1.37738,-0.124684,0.2928
299179,2850041992,41684571,2026-10-06T05:18:11.914986+00:00,216911936383521,171,3789,-1399,5611,-990,433,5.985,132.615,-48.965,1.369084,-0.24156,0.105652
299180,2850052734,41695313,2026-10-06T05:18:11.915419+00:00,216911936817427,641,3154,-1060,6295,-617,-140,22.435,110.39,-37.1,1.53598,-0.150548,-0.03416
299181,2850062500,41705079,2026-10-06T05:18:11.917311+00:00,216911938706773,808,2540,-649,6754,-207,-969,28.28,88.9,-22.715,1.647976,-0.050508,-0.236436
299182,2850072265,41714844,2026-10-06T05:18:11.917923+00:00,216911939318708,618,1824,-223,6867,-412,-2065,21.63,63.84,-7.805,1.675548,-0.100528,-0.50386
299183,2850082031,41724610,2026-10-06T05:18:11.955301+00:00,216911976701603,426,901,100,6890,-559,-2998,14.91,31.535,3.5,1.68116,-0.136396,-0.731512
299184,2850087890,41730469,2026-10-06T05:18:11.955641+00:00,216911977034288,248,-193,373,7269,-413,-3524,8.68,-6.755,13.055,1.773636,-0.100772,-0.859856
299185,2850097656,41740235,2026-10-06T05:18:11.955957+00:00,216911977347592,-53,-1420,696,4983,-837,-2655,-1.855,-49.7,24.36,1.215852,-0.204228,-0.64782
299186,2850107421,41750000,2026-10-06T05:18:11.956188+00:00,216911977580613,58,-2346,1053,751,-161,3706,2.03,-82.11,36.855,0.183244,-0.039284,0.904264
299187,2850117187,41759766,2026-10-06T05:18:12.000411+00:00,216912021807995,412,-2250,1407,-1573,1607,10490,14.42,-78.75,49.245,-0.383812,0.392108,2.55956
299188,2850126953,41769532,2026-10-06T05:18:12.000696+00:00,216912022088390,439,-1966,1546,-5207,1993,7138,15.365,-68.81,54.11,-1.270508,0.486292,1.741672
299189,2850137695,41780274,2026-10-06T05:18:12.001013+00:00,216912022405532,209,-2850,1869,-4310,1843,929,7.315,-99.75,65.415,-1.05164,0.449692,0.226676
299190,2850147460,41790039,2026-10-06T05:18:12.002024+00:00,216912023417196,-89,-4620,2034,12,1484,911,-3.115,-161.7,71.19,0.002928,0.362096,0.222284
299191,2850157226,41799805,2026-10-06T05:18:12.003845+00:00,216912025248283,12,-5530,1619,4980,1915,5331,0.42,-193.55,56.665,1.21512,0.46726,1.300764
299192,2850166992,41809571,2026-10-06T05:18:12.045328+00:00,216912066723873,225,-4633,884,5699,2108,7350,7.875,-162.155,30.94,1.390556,0.514352,1.7934
299193,2850177734,41820313,2026-10-06T05:18:12.045812+00:00,216912067206240,383,-3317,286,2124,1647,5702,13.405,-116.095,10.01,0.518256,0.401868,1.391288
299194,2850182617,41825196,2026-10-06T05:18:12.046035+00:00,216912067427637,371,-3040,171,660,1397,4056,12.985,-106.4,5.985,0.16104,0.340868,0.989664
299195,2850192382,41834961,2026-10-06T05:18:12.046268+00:00,216912067660253,247,-3313,244,2395,1087,4115,8.645,-115.955,8.54,0.58438,0.265228,1.00406
299196,2850202148,41844727,2026-10-06T05:18:12.047042+00:00,216912068432584,340,-3205,143,3780,1701,5189,11.9,-112.175,5.005,0.92232,0.415044,1.266116
299197,2850212890,41855469,2026-10-06T05:18:12.089337+00:00,216912110737500,205,-2621,77,3888,1189,5587,7.175,-91.735,2.695,0.948672,0.290116,1.363228
299198,2850222656,41865235,2026-10-06T05:18:12.089557+00:00,216912110949644,82,-1916,208,4285,1897,6407,2.87,-67.06,7.28,1.04554,0.462868,1.563308
299199,2850232421,41875000,2026-10-06T05:18:12.089838+00:00,216912111231304,-124,-1105,243,2086,995,4060,-4.34,-38.675,8.505,0.508984,0.24278,0.99064
299200,2850242187,41884766,2026-10-06T05:18:12.091148+00:00,216912112541038,107,-879,132,1693,2211,4508,3.745,-30.765,4.62,0.413092,0.539484,1.099952
299201,2850251953,41894532,2026-10-06T05:18:12.134333+00:00,216912155733030,-122,-754,81,1988,1659,4372,-4.27,-26.39,2.835,0.485072,0.404796,1.066768
299202,2850262695,41905274,2026-10-06T05:18:12.134605+00:00,216912155998502,-161,-548,32,2175,1038,4072,-5.635,-19.18,1.12,0.5307,0.253272,0.993568
299203,2850272460,41915039,2026-10-06T05:18:12.135065+00:00,216912156461755,-87,-328,63,1953,995,4011,-3.045,-11.48,2.205,0.476532,0.24278,0.978684
299204,2850282226,41924805,2026-10-06T05:18:12.136788+00:00,216912158193346,-3,-150,60,1704,1241,3873,-0.105,-5.25,2.1,0.415776,0.302804,0.945012
299205,2850291992,41934571,2026-10-06T05:18:12.137315+00:00,216912158707870,17,-55,30,1297,1243,3839,0.595,-1.925,1.05,0.316468,0.303292,0.936716
299206,2850297851,41940430,2026-10-06T05:18:12.180384+00:00,216912201781843,8,-36,5,1092,1082,4111,0.28,-1.26,0.175,0.266448,0.264008,1.003084
299207,2850307617,41950196,2026-10-06T05:18:12.180766+00:00,216912202159780,39,-15,-12,1081,932,3870,1.365,-0.525,-0.42,0.263764,0.227408,0.94428
299208,2850317382,41959961,2026-10-06T05:18:12.181082+00:00,216912202475665,73,-63,13,1082,839,3625,2.555,-2.205,0.455,0.264008,0.204716,0.8845
299209,2850327148,41969727,2026-10-06T05:18:12.181357+00:00,216912202749927,134,-120,-6,1178,981,4094,4.69,-4.2,-0.21,0.287432,0.239364,0.998936
299210,2850337890,41980469,2026-10-06T05:18:12.182135+00:00,216912203528088,175,-61,-55,1169,1063,3902,6.125,-2.135,-1.925,0.285236,0.259372,0.952088
299211,2850347656,41990235,2026-10-06T05:18:12.269644+00:00,216912291046394,151,-94,-10,816,1101,3617,5.285,-3.29,-0.35,0.199104,0.268644,0.882548
299212,2850357421,42000000,2026-10-06T05:18:12.269988+00:00,216912291380643,157,-192,13,1182,1477,3832,5.495,-6.72,0.455,0.288408,0.360388,0.935008
299213,2850367187,42009766,2026-10-06T05:18:12.270680+00:00,216912292070672,70,-190,27,1229,1410,3872,2.45,-6.65,0.945,0.299876,0.34404,0.944768
299214,2850376953,42019532,2026-10-06T05:18:12.272109+00:00,216912293499427,20,-195,48,1318,1250,3823,0.7,-6.825,1.68,0.321592,0.305,0.932812
299215,2850382812,42025391,2026-10-06T05:18:12.272456+00:00,216912293846544,-1,-189,74,1415,1318,3950,-0.035,-6.615,2.59,0.34526,0.321592,0.9638
299216,2850392578,42035157,2026-10-06T05:18:12.272818+00:00,216912294211544,-25,-161,79,1352,1185,3988,-0.875,-5.635,2.765,0.329888,0.28914,0.973072
299217,2850402343,42044922,2026-10-06T05:18:12.273215+00:00,216912294607922,-27,-144,84,1288,1092,3943,-0.945,-5.04,2.94,0.314272,0.266448,0.962092
299218,2850412109,42054688,2026-10-06T05:18:12.275337+00:00,216912296730618,-22,-144,91,1242,1102,3998,-0.77,-5.04,3.185,0.303048,0.268888,0.975512
299219,2850422851,42065430,2026-10-06T05:18:12.275793+00:00,216912297185923,-12,-147,86,1296,1119,3954,-0.42,-5.145,3.01,0.316224,0.273036,0.964776
299220,2850432617,42075196,2026-10-06T05:18:12.276029+00:00,216912297420784,-13,-182,103,1341,1073,3683,-0.455,-6.37,3.605,0.327204,0.261812,0.898652
299221,2850442382,42084961,2026-10-06T05:18:12.314378+00:00,216912335777989,-29,-249,118,1625,1074,3827,-1.015,-8.715,4.13,0.3965,0.262056,0.933788
299222,2850452148,42094727,2026-10-06T05:18:12.314775+00:00,216912336169497,-38,-263,114,1608,1014,3924,-1.33,-9.205,3.99,0.392352,0.247416,0.957456
299223,2850462890,42105469,2026-10-06T05:18:12.315195+00:00,216912336589623,0,-254,113,1321,1258,3941,0.0,-8.89,3.955,0.322324,0.306952,0.961604
299224,2850472656,42115235,2026-10-06T05:18:12.317230+00:00,216912338624793,-24,-255,120,1314,1300,3945,-0.84,-8.925,4.2,0.320616,0.3172,0.96258
299225,2850482421,42125000,2026-10-06T05:18:12.359273+00:00,216912380673442,-47,-269,128,1340,1296,3862,-1.645,-9.415,4.48,0.32696,0.316224,0.942328
299226,2850487304,42129883,2026-10-06T05:18:12.359744+00:00,216912381138587,-100,-293,162,1315,1112,3869,-3.5,-10.255,5.67,0.32086,0.271328,0.944036
299227,2850497070,42139649,2026-10-06T05:18:12.360085+00:00,216912381475922,-132,-320,184,1489,1016,3787,-4.62,-11.2,6.44,0.363316,0.247904,0.924028
299228,2850507812,42150391,2026-10-06T05:18:12.361114+00:00,216912382509283,-142,-343,206,1427,1077,3812,-4.97,-12.005,7.21,0.348188,0.262788,0.930128
299229,2850517578,42160157,2026-10-06T05:18:12.361440+00:00,216912382830681,-140,-357,211,1469,1080,3800,-4.9,-12.495,7.385,0.358436,0.26352,0.9272
299230,2850527343,42169922,2026-10-06T05:18:12.405424+00:00,216912426827121,-140,-345,216,1480,1129,3974,-4.9,-12.075,7.56,0.36112,0.275476,0.969656
299231,2850537109,42179688,2026-10-06T05:18:12.405970+00:00,216912427363887,-134,-320,209,1305,1044,3773,-4.69,-11.2,7.315,0.31842,0.254736,0.920612
299232,2850547851,42190430,2026-10-06T05:18:12.406463+00:00,216912427856397,-130,-338,217,1431,1099,3808,-4.55,-11.83,7.595,0.349164,0.268156,0.929152
299233,2850557617,42200196,2026-10-06T05:18:12.406863+00:00,216912428253614,-137,-354,222,1478,1080,3688,-4.795,-12.39,7.77,0.360632,0.26352,0.899872
299234,2850567382,42209961,2026-10-06T05:18:12.450375+00:00,216912471776452,-155,-376,234,1582,1081,3825,-5.425,-13.16,8.19,0.386008,0.263764,0.9333
299235,2850577148,42219727,2026-10-06T05:18:12.450797+00:00,216912472191182,-167,-361,239,1470,1118,3786,-5.845,-12.635,8.365,0.35868,0.272792,0.923784
299236,2850587890,42230469,2026-10-06T05:18:12.451287+00:00,216912472685830,-185,-367,241,1469,1183,3823,-6.475,-12.845,8.435,0.358436,0.288652,0.932812
299237,2850592773,42235352,2026-10-06T05:18:12.451823+00:00,216912473221234,-213,-375,245,1488,1090,3798,-7.455,-13.125,8.575,0.363072,0.26596,0.926712
299238,2850602539,42245118,2026-10-06T05:18:12.452568+00:00,216912473962385,-232,-382,250,1600,1060,3874,-8.12,-13.37,8.75,0.3904,0.25864,0.945256
299239,2850612304,42254883,2026-10-06T05:18:12.494369+00:00,216912515766202,-229,-351,240,1448,1096,3932,-8.015,-12.285,8.4,0.353312,0.267424,0.959408
299240,2850622070,42264649,2026-10-06T05:18:12.494783+00:00,216912516178845,-228,-352,238,1565,1003,3650,-7.98,-12.32,8.33,0.38186,0.244732,0.8906
299241,2850632812,42275391,2026-10-06T05:18:12.495252+00:00,216912516643745,-243,-385,243,1968,938,3739,-8.505,-13.475,8.505,0.480192,0.228872,0.912316
299242,2850642578,42285157,2026-10-06T05:18:12.496194+00:00,216912517585364,-237,-324,210,1529,973,4007,-8.295,-11.34,7.35,0.373076,0.237412,0.977708
299243,2850652343,42294922,2026-10-06T05:18:12.496492+00:00,216912517883301,-201,-299,190,1321,1043,3782,-7.035,-10.465,6.65,0.322324,0.254492,0.922808
299244,2850662109,42304688,2026-10-06T05:18:12.540434+00:00,216912561830840,-216,-333,200,1500,1114,3890,-7.56,-11.655,7.0,0.366,0.271816,0.94916
299245,2850672851,42315430,2026-10-06T05:18:12.540868+00:00,216912562259681,-235,-343,199,1429,986,3859,-8.225,-12.005,6.965,0.348676,0.240584,0.941596
299246,2850677734,42320313,2026-10-06T05:18:12.541290+00:00,216912562681382,-231,-361,204,1405,1020,3758,-8.085,-12.635,7.14,0.34282,0.24888,0.916952
299247,2850687500,42330079,2026-10-06T05:18:12.541777+00:00,216912563168650,-236,-401,214,1441,1061,3894,-8.26,-14.035,7.49,0.351604,0.258884,0.950136
299248,2850697265,42339844,2026-10-06T05:18:12.543202+00:00,216912564593781,-255,-427,217,1632,882,3900,-8.925,-14.945,7.595,0.398208,0.215208,0.9516
299249,2850707031,42349610,2026-10-06T05:18:12.586852+00:00,216912608254111,-219,-392,199,1743,948,3890,-7.665,-13.72,6.965,0.425292,0.231312,0.94916
299250,2850717773,42360352,2026-10-06T05:18:12.587346+00:00,216912608741633,-210,-354,194,1572,983,3902,-7.35,-12.39,6.79,0.383568,0.239852,0.952088
299251,2850727539,42370118,2026-10-06T05:18:12.587935+00:00,216912609329610,-209,-342,198,1379,1001,3813,-7.315,-11.97,6.93,0.336476,0.244244,0.930372
299252,2850737304,42379883,2026-10-06T05:18:12.588326+00:00,216912609720529,-245,-382,237,1692,1063,3875,-8.575,-13.37,8.295,0.412848,0.259372,0.9455
299253,2850747070,42389649,2026-10-06T05:18:12.629367+00:00,216912650764694,-263,-359,241,1669,1004,3764,-9.205,-12.565,8.435,0.407236,0.244976,0.918416
299254,2850757812,42400391,2026-10-06T05:18:12.629916+00:00,216912651307837,-263,-366,246,1755,953,3880,-9.205,-12.81,8.61,0.42822,0.232532,0.94672
299255,2850767578,42410157,2026-10-06T05:18:12.630456+00:00,216912651847686,-235,-342,225,1618,840,3865,-8.225,-11.97,7.875,0.394792,0.20496,0.94306
299256,2850777343,42419922,2026-10-06T05:18:12.631222+00:00,216912652613416,-196,-331,210,1690,765,3896,-6.86,-11.585,7.35,0.41236,0.18666,0.950624
299257,2850787109,42429688,2026-10-06T05:18:12.631738+00:00,216912653129226,-144,-311,188,1671,762,3806,-5.04,-10.885,6.58,0.407724,0.185928,0.928664
299258,2850791992,42434571,2026-10-06T05:18:12.674412+00:00,216912695809375,-105,-314,178,1634,818,3837,-3.675,-10.99,6.23,0.398696,0.199592,0.936228
299259,2850802734,42445313,2026-10-06T05:18:12.674801+00:00,216912696193702,-79,-327,173,1674,777,3758,-2.765,-11.445,6.055,0.408456,0.189588,0.916952
299260,2850812500,42455079,2026-10-06T05:18:12.675260+00:00,216912696652059,-65,-344,199,1705,882,3765,-2.275,-12.04,6.965,0.41602,0.215208,0.91866
299261,2850822265,42464844,2026-10-06T05:18:12.676255+00:00,216912697647126,-61,-347,213,1535,936,3956,-2.135,-12.145,7.455,0.37454,0.228384,0.965264
299262,2850832031,42474610,2026-10-06T05:18:12.676678+00:00,216912698069623,-58,-339,226,1551,831,3737,-2.03,-11.865,7.91,0.378444,0.202764,0.911828
299263,2850842773,42485352,2026-10-06T05:18:12.719646+00:00,216912741054122,-55,-359,272,1544,957,3843,-1.925,-12.565,9.52,0.376736,0.233508,0.937692
299264,2850852539,42495118,2026-10-06T05:18:12.765396+00:00,216912786797058,-55,-371,291,1474,894,3767,-1.925,-12.985,10.185,0.359656,0.218136,0.919148
299265,2850862304,42504883,2026-10-06T05:18:12.765713+00:00,216912787108618,-64,-416,325,1729,847,3832,-2.24,-14.56,11.375,0.421876,0.206668,0.935008
299266,2850872070,42514649,2026-10-06T05:18:12.766119+00:00,216912787513586,-50,-416,334,1585,861,3848,-1.75,-14.56,11.69,0.38674,0.210084,0.938912
299267,2850882812,42525391,2026-10-06T05:18:12.766655+00:00,216912788049834,-42,-436,330,1750,769,3896,-1.47,-15.26,11.55,0.427,0.187636,0.950624
299268,2850887695,42530274,2026-10-06T05:18:12.767428+00:00,216912788822371,-9,-423,319,1683,832,3846,-0.315,-14.805,11.165,0.410652,0.203008,0.938424
299269,2850897460,42540039,2026-10-06T05:18:12.767877+00:00,216912789273386,8,-437,300,1819,810,3805,0.28,-15.295,10.5,0.443836,0.19764,0.92842
299270,2850907226,42549805,2026-10-06T05:18:12.768510+00:00,216912789910522,42,-438,286,1612,824,3955,1.47,-15.33,10.01,0.393328,0.201056,0.96502
299271,2850916992,42559571,2026-10-06T05:18:12.769326+00:00,216912790723630,84,-455,264,1705,648,3697,2.94,-15.925,9.24,0.41602,0.158112,0.902068
299272,2850927734,42570313,2026-10-06T05:18:12.809289+00:00,216912830689550,93,-519,299,2080,741,3829,3.255,-18.165,10.465,0.50752,0.180804,0.934276
299273,2850937500,42580079,2026-10-06T05:18:12.809574+00:00,216912830965244,117,-489,261,1540,817,4005,4.095,-17.115,9.135,0.37576,0.199348,0.97722
299274,2850947265,42589844,2026-10-06T05:18:12.809823+00:00,216912831214639,146,-531,214,1652,781,3960,5.11,-18.585,7.49,0.403088,0.190564,0.96624
299275,2850957031,42599610,2026-10-06T05:18:12.812143+00:00,216912833533867,164,-573,228,1712,805,3814,5.74,-20.055,7.98,0.417728,0.19642,0.930616
299276,2850967773,42610352,2026-10-06T05:18:12.812423+00:00,216912833812928,179,-637,223,1831,788,3758,6.265,-22.295,7.805,0.446764,0.192272,0.916952
299277,2850977539,42620118,2026-10-06T05:18:12.855396+00:00,216912876792097,196,-725,220,1984,794,3755,6.86,-25.375,7.7,0.484096,0.193736,0.91622
299278,2850987304,42629883,2026-10-06T05:18:12.855643+00:00,216912877035282,180,-828,246,1765,835,3769,6.3,-28.98,8.61,0.43066,0.20374,0.919636
299279,2850992187,42634766,2026-10-06T05:18:12.856096+00:00,216912877488703,161,-947,268,1724,646,3716,5.635,-33.145,9.38,0.420656,0.157624,0.906704
299280,2851001953,42644532,2026-10-06T05:18:12.856470+00:00,216912877862675,166,-1125,332,1752,526,3157,5.81,-39.375,11.62,0.427488,0.128344,0.770308
299281,2851012695,42655274,2026-10-06T05:18:12.856996+00:00,216912878387056,202,-1389,390,2236,425,3593,7.07,-48.615,13.65,0.545584,0.1037,0.876692
299282,2851022460,42665039,2026-10-06T05:18:12.899244+00:00,216912920640597,342,-1521,359,1562,1256,4198,11.97,-53.235,12.565,0.381128,0.306464,1.024312
299283,2851032226,42674805,2026-10-06T05:18:12.899503+00:00,216912920896485,380,-1628,260,1336,1651,4473,13.3,-56.98,9.1,0.325984,0.402844,1.091412
299284,2851041992,42684571,2026-10-06T05:18:12.899772+00:00,216912921165049,300,-1783,289,972,1338,3738,10.5,-62.405,10.115,0.237168,0.326472,0.912072
299285,2851052734,42695313,2026-10-06T05:18:12.901218+00:00,216912922609270,297,-2164,426,1729,1120,3723,10.395,-75.74,14.91,0.421876,0.27328,0.908412
299286,2851062500,42705079,2026-10-06T05:18:12.946126+00:00,216912967524394,349,-2469,521,1694,832,3975,12.215,-86.415,18.235,0.413336,0.203008,0.9699
299287,2851072265,42714844,2026-10-06T05:18:12.946466+00:00,216912967858518,444,-2697,540,1525,1007,4251,15.54,-94.395,18.9,0.3721,0.245708,1.037244
299288,2851082031,42724610,2026-10-06T05:18:12.946789+00:00,216912968181389,395,-2934,531,1731,1126,3865,13.825,-102.69,18.585,0.422364,0.274744,0.94306
299289,2851087890,42730469,2026-10-06T05:18:12.947079+00:00,216912968471575,292,-3278,483,1889,909,3759,10.22,-114.73,16.905,0.460916,0.221796,0.917196
299290,2851097656,42740235,2026-10-06T05:18:12.947359+00:00,216912968751856,243,-3657,401,1828,574,3891,8.505,-127.995,14.035,0.446032,0.140056,0.949404
299291,2851107421,42750000,2026-10-06T05:18:12.990340+00:00,216913011740614,242,-4000,376,1956,312,3929,8.47,-140.0,13.16,0.477264,0.076128,0.958676
299292,2851117187,42759766,2026-10-06T05:18:12.990557+00:00,216913011948602,312,-4331,379,1895,742,3850,10.92,-151.585,13.265,0.46238,0.181048,0.9394
299293,2851126953,42769532,2026-10-06T05:18:12.990969+00:00,216913012361309,251,-4780,439,2113,1076,3663,8.785,-167.3,15.365,0.515572,0.262544,0.893772
299294,2851137695,42780274,2026-10-06T05:18:12.991425+00:00,216913012817117,96,-5238,525,1806,821,3747,3.36,-183.33,18.375,0.440664,0.200324,0.914268
299295,2851147460,42790039,2026-10-06T05:18:12.992059+00:00,216913013451854,71,-5706,598,1981,714,3511,2.485,-199.71,20.93,0.483364,0.174216,0.856684
299296,2851157226,42799805,2026-10-06T05:18:13.034481+00:00,216913055880755,108,-6164,686,2313,803,3505,3.78,-215.74,24.01,0.564372,0.195932,0.85522
299297,2851166992,42809571,2026-10-06T05:18:13.034808+00:00,216913056199292,97,-6559,763,2357,763,3298,3.395,-229.565,26.705,0.575108,0.186172,0.804712
299298,2851177734,42820313,2026-10-06T05:18:13.035150+00:00,216913056541052,137,-6932,832,2674,846,3404,4.795,-242.62,29.12,0.652456,0.206424,0.830576
299299,2851182617,42825196,2026-10-06T05:18:13.037088+00:00,216913058477638,137,-7222,889,3089,643,3337,4.795,-252.77,31.115,0.753716,0.156892,0.814228
299300,2851192382,42834961,2026-10-06T05:18:13.037436+00:00,216913058825988,343,-7442,886,3724,443,3437,12.005,-260.47,31.01,0.908656,0.108092,0.838628
299301,2851202148,42844727,2026-10-06T05:18:13.079255+00:00,216913100653142,731,-7563,880,4265,508,3826,25.585,-264.705,30.8,1.04066,0.123952,0.933544
299302,2851212890,42855469,2026-10-06T05:18:13.079674+00:00,216913101064487,1269,-7598,842,4814,585,3410,44.415,-265.93,29.47,1.174616,0.14274,0.83204
299303,2851222656,42865235,2026-10-06T05:18:13.081088+00:00,216913102480288,1757,-7655,898,5301,881,3597,61.495,-267.925,31.43,1.293444,0.214964,0.877668
299304,2851232421,42875000,2026-10-06T05:18:13.081444+00:00,216913102834198,2107,-7591,1017,5309,1100,4089,73.745,-265.685,35.595,1.295396,0.2684,0.997716
299305,2851242187,42884766,2026-10-06T05:18:13.124317+00:00,216913145713122,2310,-7458,1219,4470,1481,3480,80.85,-261.03,42.665,1.09068,0.361364,0.84912
299306,2851251953,42894532,2026-10-06T05:18:13.124709+00:00,216913146100727,2295,-7442,1488,4560,1649,3776,80.325,-260.47,52.08,1.11264,0.402356,0.921344
299307,2851262695,42905274,2026-10-06T05:18:13.125234+00:00,216913146627600,2326,-7285,1712,4692,1492,3852,81.41,-254.975,59.92,1.144848,0.364048,0.939888
299308,2851272460,42915039,2026-10-06T05:18:13.126102+00:00,216913147495445,2522,-6943,1871,4716,1757,3601,88.27,-243.005,65.485,1.150704,0.428708,0.878644
299309,2851282226,42924805,2026-10-06T05:18:13.126441+00:00,216913147832673,2759,-6587,1969,5275,1802,3563,96.565,-230.545,68.915,1.2871,0.439688,0.869372
299310,2851287109,42929688,2026-10-06T05:18:13.169410+00:00,216913190806079,3002,-6035,2086,5815,1367,3666,105.07,-211.225,73.01,1.41886,0.333548,0.894504
299311,2851297851,42940430,2026-10-06T05:18:13.169781+00:00,216913191172602,3072,-5238,2317,5530,952,3526,107.52,-183.33,81.095,1.34932,0.232288,0.860344
299312,2851307617,42950196,2026-10-06T05:18:13.170057+00:00,216913191448496,2924,-4252,2657,5727,265,4027,102.34,-148.82,92.995,1.397388,0.06466,0.982588
299313,2851317382,42959961,2026-10-06T05:18:13.171233+00:00,216913192623906,3181,-2904,2879,5036,1040,4474,111.335,-101.64,100.765,1.228784,0.25376,1.091656
299314,2851327148,42969727,2026-10-06T05:18:13.171553+00:00,216913192947982,3296,-1458,3134,5447,2439,6666,115.36,-51.03,109.69,1.329068,0.595116,1.626504
299315,2851337890,42980469,2026-10-06T05:18:13.214536+00:00,216913235942257,2510,241,3529,3352,1428,5693,87.85,8.435,123.515,0.817888,0.348432,1.389092
299316,2851347656,42990235,2026-10-06T05:18:13.215025+00:00,216913236424607,2089,1297,3636,4254,2273,5527,73.115,45.395,127.26,1.037976,0.554612,1.348588
299317,2851357421,43000000,2026-10-06T05:18:13.215442+00:00,216913236839156,1530,2356,3447,910,2794,3676,53.55,82.46,120.645,0.22204,0.681736,0.896944
299318,2851367187,43009766,2026-10-06T05:18:13.216421+00:00,216913237820499,849,2673,3275,-289,2785,2239,29.715,93.555,114.625,-0.070516,0.67954,0.546316
299319,2851376953,43019532,2026-10-06T05:18:13.260717+00:00,216913282125549,231,2453,2927,-603,2182,1138,8.085,85.855,102.445,-0.147132,0.532408,0.277672
299320,2851382812,43025391,2026-10-06T05:18:13.261307+00:00,216913282706481,139,2039,2388,-75,1870,1234,4.865,71.365,83.58,-0.0183,0.45628,0.301096
299321,2851392578,43035157,2026-10-06T05:18:13.261938+00:00,216913283336086,392,1807,1683,254,1962,1566,13.72,63.245,58.905,0.061976,0.478728,0.382104
299322,2851402343,43044922,2026-10-06T05:18:13.262504+00:00,216913283900837,721,1720,809,724,2388,1915,25.235,60.2,28.315,0.176656,0.582672,0.46726
299323,2851412109,43054688,2026-10-06T05:18:13.263037+00:00,216913284434081,860,1783,-105,1557,2915,2595,30.1,62.405,-3.675,0.379908,0.71126,0.63318
299324,2851422851,43065430,2026-10-06T05:18:13.306703+00:00,216913328108899,670,2092,-958,2505,3102,3305,23.45,73.22,-33.53,0.61122,0.756888,0.80642
299325,2851432617,43075196,2026-10-06T05:18:13.307954+00:00,216913329358994,285,2674,-1712,3328,2661,3826,9.975,93.59,-59.92,0.812032,0.649284,0.933544
299326,2851442382,43084961,2026-10-06T05:18:13.309618+00:00,216913331039472,-92,3479,-2309,3784,1887,3947,-3.22,121.765,-80.815,0.923296,0.460428,0.963068
299327,2851452148,43094727,2026-10-06T05:18:13.310018+00:00,216913331415635,-317,4334,-2681,3608,1083,3560,-11.095,151.69,-93.835,0.880352,0.264252,0.86864
299328,2851462890,43105469,2026-10-06T05:18:13.310512+00:00,216913331908846,-382,5004,-2805,3108,358,2932,-13.37,175.14,-98.175,0.758352,0.087352,0.715408
299329,2851472656,43115235,2026-10-06T05:18:13.349441+00:00,216913370841844,-303,5384,-2706,2658,-205,2291,-10.605,188.44,-94.71,0.648552,-0.05002,0.559004
299330,2851482421,43125000,2026-10-06T05:18:13.349798+00:00,216913371193678,-97,5497,-2459,2709,-428,2162,-3.395,192.395,-86.065,0.660996,-0.104432,0.527528
299331,2851487304,43129883,2026-10-06T05:18:13.350186+00:00,216913371580632,124,5537,-2169,2855,-309,2217,4.34,193.795,-75.915,0.69662,-0.075396,0.540948
299332,2851497070,43139649,2026-10-06T05:18:13.351467+00:00,216913372872808,223,5559,-1888,2995,-69,2403,7.805,194.565,-66.08,0.73078,-0.016836,0.586332
299333,2851507812,43150391,2026-10-06T05:18:13.353806+00:00,216913375209381,200,5578,-1668,3171,51,2672,7.0,195.23,-58.38,0.773724,0.012444,0.651968
299334,2851517578,43160157,2026-10-06T05:18:13.395653+00:00,216913417054888,164,5626,-1548,3423,-41,2932,5.74,196.91,-54.18,0.835212,-0.010004,0.715408
299335,2851527343,43169922,2026-10-06T05:18:13.396031+00:00,216913417422262,231,5730,-1527,3612,-88,3092,8.085,200.55,-53.445,0.881328,-0.021472,0.754448
299336,2851537109,43179688,2026-10-06T05:18:13.439468+00:00,216913460871452,360,5865,-1549,3642,22,3099,12.6,205.275,-54.215,0.888648,0.005368,0.756156
299337,2851547851,43190430,2026-10-06T05:18:13.439843+00:00,216913461237311,444,5965,-1571,3619,344,3051,15.54,208.775,-54.985,0.883036,0.083936,0.744444
299338,2851557617,43200196,2026-10-06T05:18:13.440195+00:00,216913461585775,391,6001,-1572,3479,677,2916,13.685,210.035,-55.02,0.848876,0.165188,0.711504
299339,2851567382,43209961,2026-10-06T05:18:13.441198+00:00,216913462594420,225,5951,-1576,3354,948,2872,7.875,208.285,-55.16,0.818376,0.231312,0.700768
299340,2851577148,43219727,2026-10-06T05:18:13.441547+00:00,216913462941715,41,5849,-1617,3279,1146,2950,1.435,204.715,-56.595,0.800076,0.279624,0.7198
299341,2851587890,43230469,2026-10-06T05:18:13.441914+00:00,216913463305504,-99,5745,-1737,3146,1260,3057,-3.465,201.075,-60.795,0.767624,0.30744,0.745908
299342,2851592773,43235352,2026-10-06T05:18:13.443191+00:00,216913464584062,-158,5646,-1946,2997,1232,3262,-5.53,197.61,-68.11,0.731268,0.300608,0.795928
299343,2851602539,43245118,2026-10-06T05:18:13.484443+00:00,216913505845034,-91,5564,-2217,2991,1255,3435,-3.185,194.74,-77.595,0.729804,0.30622,0.83814
299344,2851612304,43254883,2026-10-06T05:18:13.484949+00:00,216913506349774,23,5499,-2477,3022,1578,3538,0.805,192.465,-86.695,0.737368,0.385032,0.863272
299345,2851622070,43264649,2026-10-06T05:18:13.486610+00:00,216913508031486,20,5417,-2696,3044,1838,3692,0.7,189.595,-94.36,0.742736,0.448472,0.900848
299346,2851632812,43275391,2026-10-06T05:18:13.488596+00:00,216913509997049,-53,5319,-2912,3183,1815,3936,-1.855,186.165,-101.92,0.776652,0.44286,0.960384
299347,2851642578,43285157,2026-10-06T05:18:13.489067+00:00,216913510458984,-56,5266,-3169,3518,1766,4359,-1.96,184.31,-110.915,0.858392,0.430904,1.063596
299348,2851652343,43294922,2026-10-06T05:18:13.530446+00:00,216913551843570,2,5322,-3459,3824,1870,4754,0.07,186.27,-121.065,0.933056,0.45628,1.159976
299349,2851662109,43304688,2026-10-06T05:18:13.530857+00:00,216913552249730,-10,5456,-3728,4022,1953,4984,-0.35,190.96,-130.48,0.981368,0.476532,1.216096
299350,2851672851,43315430,2026-10-06T05:18:13.531228+00:00,216913552623166,-128,5603,-3933,4050,1844,4977,-4.48,196.105,-137.655,0.9882,0.449936,1.214388
299351,2851677734,43320313,2026-10-06T05:18:13.531571+00:00,216913552966746,-265,5688,-4075,3961,1566,4776,-9.275,199.08,-142.625,0.966484,0.382104,1.165344
299352,2851687500,43330079,2026-10-06T05:18:13.532201+00:00,216913553594343,-324,5668,-4162,3968,1391,4654,-11.34,198.38,-145.67,0.968192,0.339404,1.135576
299353,2851697265,43339844,2026-10-06T05:18:13.574488+00:00,216913595887887,-330,5568,-4198,4100,1388,4627,-11.55,194.88,-146.93,1.0004,0.338672,1.128988
299354,2851707031,43349610,2026-10-06T05:18:13.574947+00:00,216913596340671,-365,5433,-4187,4411,1399,4692,-12.775,190.155,-146.545,1.076284,0.341356,1.144848
299355,2851717773,43360352,2026-10-06T05:18:13.575510+00:00,216913596903392,-440,5312,-4138,4666,1123,4578,-15.4,185.92,-144.83,1.138504,0.274012,1.117032
299356,2851727539,43370118,2026-10-06T05:18:13.577255+00:00,216913598649597,-452,5182,-4068,4790,413,4323,-15.82,181.37,-142.38,1.16876,0.100772,1.054812
299357,2851737304,43379883,2026-10-06T05:18:13.664119+00:00,216913685510165,-285,5011,-3944,5030,159,4078,-9.975,175.385,-138.04,1.22732,0.038796,0.995032
299358,2851747070,43389649,2026-10-06T05:18:13.664278+00:00,216913685666488,-183,4808,-3658,5346,216,3814,-6.405,168.28,-128.03,1.304424,0.052704,0.930616
299359,2851757812,43400391,2026-10-06T05:18:13.664468+00:00,216913685856878,-250,4592,-3226,5738,172,3566,-8.75,160.72,-112.91,1.400072,0.041968,0.870104
299360,2851767578,43410157,2026-10-06T05:18:13.667004+00:00,216913688392185,-349,4413,-2725,6084,10,3246,-12.215,154.455,-95.375,1.484496,0.00244,0.792024
299361,2851777343,43419922,2026-10-06T05:18:13.667168+00:00,216913688556557,-348,4273,-2228,5857,-210,2548,-12.18,149.555,-77.98,1.429108,-0.05124,0.621712
299362,2851787109,43429688,2026-10-06T05:18:13.667339+00:00,216913688727128,-183,4035,-1801,5554,-790,1643,-6.405,141.225,-63.035,1.355176,-0.19276,0.400892
299363,2851791992,43434571,2026-10-06T05:18:13.667555+00:00,216913688943780,211,3668,-1405,5904,-516,850,7.385,128.38,-49.175,1.440576,-0.125904,0.2074
299364,2851802734,43445313,2026-10-06T05:18:13.670362+00:00,216913691755270,475,3235,-889,5926,-341,-233,16.625,113.225,-31.115,1.445944,-0.083204,-0.056852
299365,2851812500,43455079,2026-10-06T05:18:13.670584+00:00,216913691971021,632,2653,-370,5831,-583,-1210,22.12,92.855,-12.95,1.422764,-0.142252,-0.29524
299366,2851822265,43464844,2026-10-06T05:18:13.670783+00:00,216913692172606,881,1905,-9,5819,-429,-1940,30.835,66.675,-0.315,1.419836,-0.104676,-0.47336
299367,2851832031,43474610,2026-10-06T05:18:13.709324+00:00,216913730720289,998,1029,233,6028,85,-2296,34.93,36.015,8.155,1.470832,0.02074,-0.560224
299368,2851842773,43485352,2026-10-06T05:18:13.709436+00:00,216913730823234,839,114,442,6052,561,-2398,29.365,3.99,15.47,1.476688,0.136884,-0.585112
299369,2851852539,43495118,2026-10-06T05:18:13.709647+00:00,216913731035734,388,-897,628,5880,1177,-2433,13.58,-31.395,21.98,1.43472,0.287188,-0.593652
299370,2851862304,43504883,2026-10-06T05:18:13.710973+00:00,216913732362038,-359,-1912,716,5118,2138,-1254,-12.565,-66.92,25.06,1.248792,0.521672,-0.305976
299371,2851872070,43514649,2026-10-06T05:18:13.754444+00:00,216913775838261,-1225,-2569,577,-573,505,3151,-42.875,-89.915,20.195,-0.139812,0.12322,0.768844
299372,2851882812,43525391,2026-10-06T05:18:13.754740+00:00,216913776128735,-1016,-2716,518,-838,1729,9884,-35.56,-95.06,18.13,-0.204472,0.421876,2.411696
299373,2851887695,43530274,2026-10-06T05:18:13.754922+00:00,216913776312058,-954,-2313,370,-5291,626,8389,-33.39,-80.955,12.95,-1.291004,0.152744,2.046916
299374,2851897460,43540039,2026-10-06T05:18:13.756105+00:00,216913777493364,-900,-2958,604,-5633,-544,1431,-31.5,-103.53,21.14,-1.374452,-0.132736,0.349164
299375,2851907226,43549805,2026-10-06T05:18:13.756317+00:00,216913777707016,-991,-4894,1241,-3871,-1729,-1399,-34.685,-171.29,43.435,-0.944524,-0.421876,-0.341356
299376,2851916992,43559571,2026-10-06T05:18:13.799295+00:00,216913820693433,-779,-6969,1626,158,-2025,829,-27.265,-243.915,56.91,0.038552,-0.4941,0.202276
299377,2851927734,43570313,2026-10-06T05:18:13.799541+00:00,216913820932835,105,-7749,1502,5197,-433,6068,3.675,-271.215,52.57,1.268068,-0.105652,1.480592
299378,2851937500,43580079,2026-10-06T05:18:13.799825+00:00,216913821216661,1061,-6608,818,8796,264,9475,37.135,-231.28,28.63,2.146224,0.064416,2.3119
299379,2851947265,43589844,2026-10-06T05:18:13.801048+00:00,216913822440093,1666,-4301,248,6342,982,7618,58.31,-150.535,8.68,1.547448,0.239608,1.858792
299380,2851957031,43599610,2026-10-06T05:18:13.801376+00:00,216913822769020,1638,-2892,378,3961,2020,5688,57.33,-101.22,13.23,0.966484,0.49288,1.387872
299381,2851967773,43610352,2026-10-06T05:18:13.844435+00:00,216913865836247,1148,-2323,745,6099,4908,7687,40.18,-81.305,26.075,1.488156,1.197552,1.875628
299382,2851977539,43620118,2026-10-06T05:18:13.844817+00:00,216913866209465,402,-1125,341,3768,5039,5059,14.07,-39.375,11.935,0.919392,1.229516,1.234396
299383,2851987304,43629883,2026-10-06T05:18:13.845256+00:00,216913866646997,-197,-612,-96,1938,3122,4448,-6.895,-21.42,-3.36,0.472872,0.761768,1.085312
299384,2851992187,43634766,2026-10-06T05:18:13.847182+00:00,216913868576666,-484,-521,-251,2949,1044,4992,-16.94,-18.235,-8.785,0.719556,0.254736,1.218048
299385,2852001953,43644532,2026-10-06T05:18:13.847508+00:00,216913868901355,-288,-137,-355,2859,-253,4593,-10.08,-4.795,-12.425,0.697596,-0.061732,1.120692
299386,2852012695,43655274,2026-10-06T05:18:13.889472+00:00,216913910872891,81,201,-330,1313,78,4077,2.835,7.035,-11.55,0.320372,0.019032,0.994788
299387,2852022460,43665039,2026-10-06T05:18:13.889875+00:00,216913911269192,290,193,-307,1513,614,3947,10.15,6.755,-10.745,0.369172,0.149816,0.963068
299388,2852032226,43674805,2026-10-06T05:18:13.890255+00:00,216913911649540,433,191,-281,1688,1122,3732,15.155,6.685,-9.835,0.411872,0.273768,0.910608
299389,2852041992,43684571,2026-10-06T05:18:13.891233+00:00,216913912627515,469,264,-272,1632,1593,3687,16.415,9.24,-9.52,0.398208,0.388692,0.899628
299390,2852052734,43695313,2026-10-06T05:18:13.936335+00:00,216913957736787,366,311,-262,1276,1681,3512,12.81,10.885,-9.17,0.311344,0.410164,0.856928
299391,2852062500,43705079,2026-10-06T05:18:13.936895+00:00,216913958289098,208,279,-215,947,1532,3586,7.28,9.765,-7.525,0.231068,0.373808,0.874984
299392,2852072265,43714844,2026-10-06T05:18:13.937283+00:00,216913958677457,86,203,-163,570,1252,3626,3.01,7.105,-5.705,0.13908,0.305488,0.884744
299393,2852082031,43724610,2026-10-06T05:18:13.937599+00:00,216913958993070,69,80,-126,564,1063,3553,2.415,2.8,-4.41,0.137616,0.259372,0.866932
299394,2852087890,43730469,2026-10-06T05:18:13.937968+00:00,216913959362479,73,-53,-71,794,932,3612,2.555,-1.855,-2.485,0.193736,0.227408,0.881328
299395,2852097656,43740235,2026-10-06T05:18:13.979529+00:00,216914000930301,93,-136,-10,896,1024,3879,3.255,-4.76,-0.35,0.218624,0.249856,0.946476
299396,2852107421,43750000,2026-10-06T05:18:14.024720+00:00,216914046121905,122,-140,13,1037,1261,3842,4.27,-4.9,0.455,0.253028,0.307684,0.937448
299397,2852117187,43759766,2026-10-06T05:18:14.025394+00:00,216914046789791,96,-171,48,950,1056,3392,3.36,-5.985,1.68,0.2318,0.257664,0.827648
299398,2852126953,43769532,2026-10-06T05:18:14.025847+00:00,216914047245113,113,-248,59,1224,1454,4016,3.955,-8.68,2.065,0.298656,0.354776,0.979904
299399,2852137695,43780274,2026-10-06T05:18:14.026292+00:00,216914047688187,54,-187,39,1122,1381,3984,1.89,-6.545,1.365,0.273768,0.336964,0.972096
299400,2852147460,43790039,2026-10-06T05:18:14.026846+00:00,216914048239680,13,-205,72,888,1158,3648,0.455,-7.175,2.52,0.216672,0.282552,0.890112
299401,2852157226,43799805,2026-10-06T05:18:14.027402+00:00,216914048796679,14,-280,90,1212,1220,3891,0.49,-9.8,3.15,0.295728,0.29768,0.949404
299402,2852166992,43809571,2026-10-06T05:18:14.029249+00:00,216914050644520,-12,-277,105,1151,1206,3915,-0.42,-9.695,3.675,0.280844,0.294264,0.95526
299403,2852177734,43820313,2026-10-06T05:18:14.029647+00:00,216914051038179,-32,-303,123,1116,1216,3847,-1.12,-10.605,4.305,0.272304,0.296704,0.938668
299404,2852182617,43825196,2026-10-06T05:18:14.030164+00:00,216914051558424,-57,-334,142,1160,1294,4045,-1.995,-11.69,4.97,0.28304,0.315736,0.98698
299405,2852192382,43834961,2026-10-06T05:18:14.069964+00:00,216914091366952,-87,-337,153,1161,1228,3927,-3.045,-11.795,5.355,0.283284,0.299632,0.958188
299406,2852202148,43844727,2026-10-06T05:18:14.070867+00:00,216914092261984,-91,-360,166,1536,1212,3951,-3.185,-12.6,5.81,0.374784,0.295728,0.964044
299407,2852212890,43855469,2026-10-06T05:18:14.071180+00:00,216914092573133,-80,-332,162,1528,1232,3872,-2.8,-11.62,5.67,0.372832,0.300608,0.944768
299408,2852222656,43865235,2026-10-06T05:18:14.071577+00:00,216914092971633,-90,-315,156,1488,1209,3912,-3.15,-11.025,5.46,0.363072,0.294996,0.954528
299409,2852232421,43875000,2026-10-06T05:18:14.115494+00:00,216914136895144,-114,-340,163,1720,931,3861,-3.99,-11.9,5.705,0.41968,0.227164,0.942084
299410,2852242187,43884766,2026-10-06T05:18:14.115853+00:00,216914137247889,-63,-302,142,1770,1069,4240,-2.205,-10.57,4.97,0.43188,0.260836,1.03456
299411,2852251953,43894532,2026-10-06T05:18:14.116188+00:00,216914137582746,-10,-218,115,1360,1044,3956,-0.35,-7.63,4.025,0.33184,0.254736,0.965264
299412,2852262695,43905274,2026-10-06T05:18:14.116547+00:00,216914137940224,32,-218,122,1412,1364,3958,1.12,-7.63,4.27,0.344528,0.332816,0.965752
299413,2852272460,43915039,2026-10-06T05:18:14.117201+00:00,216914138595637,2,-227,115,1500,1389,3793,0.07,-7.945,4.025,0.366,0.338916,0.925492
299414,2852282226,43924805,2026-10-06T05:18:14.159442+00:00,216914180844318,-60,-245,138,1451,1118,3892,-2.1,-8.575,4.83,0.354044,0.272792,0.949648
299415,2852291992,43934571,2026-10-06T05:18:14.159844+00:00,216914181237529,-74,-247,145,1426,1053,3718,-2.59,-8.645,5.075,0.347944,0.256932,0.907192
299416,2852297851,43940430,2026-10-06T05:18:14.160353+00:00,216914181747519,-86,-273,167,1333,1224,3928,-3.01,-9.555,5.845,0.325252,0.298656,0.958432
299417,2852307617,43950196,2026-10-06T05:18:14.162288+00:00,216914183684111,-93,-273,177,1270,1242,3823,-3.255,-9.555,6.195,0.30988,0.303048,0.932812
299418,2852317382,43959961,2026-10-06T05:18:14.162597+00:00,216914183989085,-121,-279,204,1193,1235,3917,-4.235,-9.765,7.14,0.291092,0.30134,0.955748
299419,2852327148,43969727,2026-10-06T05:18:14.205414+00:00,216914226811372,-135,-271,199,1291,1203,3822,-4.725,-9.485,6.965,0.315004,0.293532,0.932568
299420,2852337890,43980469,2026-10-06T05:18:14.205827+00:00,216914227222011,-150,-302,233,1530,1114,3698,-5.25,-10.57,8.155,0.37332,0.271816,0.902312
299421,2852347656,43990235,2026-10-06T05:18:14.206122+00:00,216914227516629,-139,-293,217,1673,1193,3860,-4.865,-10.255,7.595,0.408212,0.291092,0.94184
299422,2852357421,44000000,2026-10-06T05:18:14.206605+00:00,216914227999706,-152,-244,206,1415,1009,3776,-5.32,-8.54,7.21,0.34526,0.246196,0.921344
299423,2852367187,44009766,2026-10-06T05:18:14.249406+00:00,216914270806215,-136,-255,216,1314,1113,3800,-4.76,-8.925,7.56,0.320616,0.271572,0.9272
299424,2852376953,44019532,2026-10-06T05:18:14.249854+00:00,216914271248690,-150,-266,215,1347,1105,3898,-5.25,-9.31,7.525,0.328668,0.26962,0.951112
299425,2852382812,44025391,2026-10-06T05:18:14.250215+00:00,216914271608488,-147,-262,215,1370,1009,3782,-5.145,-9.17,7.525,0.33428,0.246196,0.922808
299426,2852392578,44035157,2026-10-06T05:18:14.252391+00:00,216914273793534,-136,-282,231,1485,1154,3735,-4.76,-9.87,8.085,0.36234,0.281576,0.91134
299427,2852402343,44044922,2026-10-06T05:18:14.252932+00:00,216914274328612,-180,-306,241,1611,1044,3736,-6.3,-10.71,8.435,0.393084,0.254736,0.911584
299428,2852412109,44054688,2026-10-06T05:18:14.295596+00:00,216914316997909,-186,-300,230,1433,1062,3932,-6.51,-10.5,8.05,0.349652,0.259128,0.959408
299429,2852422851,44065430,2026-10-06T05:18:14.295951+00:00,216914317347961,-186,-306,229,1560,989,3649,-6.51,-10.71,8.015,0.38064,0.241316,0.890356
299430,2852432617,44075196,2026-10-06T05:18:14.296301+00:00,216914317697186,-192,-341,240,1928,1058,3815,-6.72,-11.935,8.4,0.470432,0.258152,0.93086
299431,2852442382,44084961,2026-10-06T05:18:14.296633+00:00,216914318028883,-205,-273,200,1284,1095,4042,-7.175,-9.555,7.0,0.313296,0.26718,0.986248
299432,2852452148,44094727,2026-10-06T05:18:14.298162+00:00,216914319553705,-177,-281,186,1304,1069,3777,-6.195,-9.835,6.51,0.318176,0.260836,0.921588
299433,2852462890,44105469,2026-10-06T05:18:14.339364+00:00,216914360767007,-182,-314,194,1689,1125,3916,-6.37,-10.99,6.79,0.412116,0.2745,0.955504
299434,2852472656,44115235,2026-10-06T05:18:14.339762+00:00,216914361156519,-188,-287,172,1637,918,3876,-6.58,-10.045,6.02,0.399428,0.223992,0.945744
299435,2852482421,44125000,2026-10-06T05:18:14.340097+00:00,216914361490875,-150,-265,152,1635,946,3864,-5.25,-9.275,5.32,0.39894,0.230824,0.942816
299436,2852487304,44129883,2026-10-06T05:18:14.342343+00:00,216914363739934,-124,-246,141,1441,1091,3903,-4.34,-8.61,4.935,0.351604,0.266204,0.952332
299437,2852497070,44139649,2026-10-06T05:18:14.342812+00:00,216914364206721,-132,-253,134,1372,1019,3841,-4.62,-8.855,4.69,0.334768,0.248636,0.937204
299438,2852507812,44150391,2026-10-06T05:18:14.385346+00:00,216914406751133,-138,-277,149,1535,1040,3848,-4.83,-9.695,5.215,0.37454,0.25376,0.938912
299439,2852517578,44160157,2026-10-06T05:18:14.385602+00:00,216914406993480,-149,-289,161,1627,1036,3830,-5.215,-10.115,5.635,0.396988,0.252784,0.93452
299440,2852527343,44169922,2026-10-06T05:18:14.385859+00:00,216914407253732,-156,-280,149,1590,995,3754,-5.46,-9.8,5.215,0.38796,0.24278,0.915976
299441,2852537109,44179688,2026-10-06T05:18:14.386198+00:00,216914407593380,-164,-289,149,1633,1057,3915,-5.74,-10.115,5.215,0.398452,0.257908,0.95526
299442,2852547851,44190430,2026-10-06T05:18:14.429330+00:00,216914450730978,-160,-263,136,1435,990,3828,-5.6,-9.205,4.76,0.35014,0.24156,0.934032
299443,2852557617,44200196,2026-10-06T05:18:14.429785+00:00,216914451179372,-150,-276,141,1415,1009,3809,-5.25,-9.66,4.935,0.34526,0.246196,0.929396
299444,2852567382,44209961,2026-10-06T05:18:14.430035+00:00,216914451429435,-156,-304,160,1361,1053,3774,-5.46,-10.64,5.6,0.332084,0.256932,0.920856
299445,2852577148,44219727,2026-10-06T05:18:14.432220+00:00,216914453615504,-182,-350,187,1464,982,3711,-6.37,-12.25,6.545,0.357216,0.239608,0.905484
299446,2852587890,44230469,2026-10-06T05:18:14.432549+00:00,216914453942097,-197,-391,210,1656,975,3832,-6.895,-13.685,7.35,0.404064,0.2379,0.935008
299447,2852592773,44235352,2026-10-06T05:18:14.474439+00:00,216914495842435,-189,-387,203,1530,915,3829,-6.615,-13.545,7.105,0.37332,0.22326,0.934276
299448,2852602539,44245118,2026-10-06T05:18:14.520654+00:00,216914542055273,-168,-394,212,1216,966,3683,-5.88,-13.79,7.42,0.296704,0.235704,0.898652
299449,2852612304,44254883,2026-10-06T05:18:14.521230+00:00,216914542622152,-203,-480,263,1324,983,3776,-7.105,-16.8,9.205,0.323056,0.239852,0.921344
299450,2852622070,44264649,2026-10-06T05:18:14.521770+00:00,216914543162939,-257,-540,328,1547,1049,3876,-8.995,-18.9,11.48,0.377468,0.255956,0.945744
299451,2852632812,44275391,2026-10-06T05:18:14.522313+00:00,216914543708529,-281,-549,365,1510,1013,3732,-9.835,-19.215,12.775,0.36844,0.247172,0.910608
299452,2852642578,44285157,2026-10-06T05:18:14.522881+00:00,216914544273322,-311,-581,399,1661,897,3877,-10.885,-20.335,13.965,0.405284,0.218868,0.945988
299453,2852652343,44294922,2026-10-06T05:18:14.523292+00:00,216914544686568,-297,-557,421,1617,818,3882,-10.395,-19.495,14.735,0.394548,0.199592,0.947208
299454,2852662109,44304688,2026-10-06T05:18:14.523815+00:00,216914545209368,-264,-537,434,1576,815,3921,-9.24,-18.795,15.19,0.384544,0.19886,0.956724
299455,2852672851,44315430,2026-10-06T05:18:14.524282+00:00,216914545677894,-254,-508,469,1423,897,3945,-8.89,-17.78,16.415,0.347212,0.218868,0.96258
299456,2852677734,44320313,2026-10-06T05:18:14.565460+00:00,216914586860166,-259,-500,538,1502,946,3865,-9.065,-17.5,18.83,0.366488,0.230824,0.94306
299457,2852687500,44330079,2026-10-06T05:18:14.565759+00:00,216914587154794,-257,-507,594,1727,999,3846,-8.995,-17.745,20.79,0.421388,0.243756,0.938424
299458,2852697265,44339844,2026-10-06T05:18:14.566068+00:00,216914587463172,-259,-512,619,1849,894,3891,-9.065,-17.92,21.665,0.451156,0.218136,0.949404
299459,2852707031,44349610,2026-10-06T05:18:14.566339+00:00,216914587732612,-197,-478,579,1667,805,3955,-6.895,-16.73,20.265,0.406748,0.19642,0.96502
299460,2852717773,44360352,2026-10-06T05:18:14.567099+00:00,216914588491584,-131,-482,567,1729,891,3826,-4.585,-16.87,19.845,0.421876,0.217404,0.933544
299461,2852727539,44370118,2026-10-06T05:18:14.610600+00:00,216914632013352,-128,-528,573,2030,605,4012,-4.48,-18.48,20.055,0.49532,0.14762,0.978928
299462,2852737304,44379883,2026-10-06T05:18:14.610943+00:00,216914632337441,-25,-476,504,1342,704,3858,-0.875,-16.66,17.64,0.327448,0.171776,0.941352
299463,2852747070,44389649,2026-10-06T05:18:14.611279+00:00,216914632673848,-16,-585,502,1855,783,3960,-0.56,-20.475,17.57,0.45262,0.191052,0.96624
299464,2852757812,44400391,2026-10-06T05:18:14.611644+00:00,216914633039014,21,-606,491,1758,769,3834,0.735,-21.21,17.185,0.428952,0.187636,0.935496
299465,2852767578,44410157,2026-10-06T05:18:14.612154+00:00,216914633548947,54,-684,473,1762,760,3843,1.89,-23.94,16.555,0.429928,0.18544,0.937692
299466,2852777343,44419922,2026-10-06T05:18:14.655598+00:00,216914676999973,92,-746,447,1807,678,3811,3.22,-26.11,15.645,0.440908,0.165432,0.929884
299467,2852787109,44429688,2026-10-06T05:18:14.656118+00:00,216914677513236,43,-876,486,1720,539,3352,1.505,-30.66,17.01,0.41968,0.131516,0.817888
299468,2852791992,44434571,2026-10-06T05:18:14.656707+00:00,216914678102347,19,-1092,524,1949,369,3473,0.665,-38.22,18.34,0.475556,0.090036,0.847412
299469,2852802734,44445313,2026-10-06T05:18:14.657226+00:00,216914678620578,128,-1296,515,1810,768,4126,4.48,-45.36,18.025,0.44164,0.187392,1.006744
299470,2852812500,44455079,2026-10-06T05:18:14.657869+00:00,216914679263377,298,-1369,361,1513,1533,4739,10.43,-47.915,12.635,0.369172,0.374052,1.156316
299471,2852822265,44464844,2026-10-06T05:18:14.699417+00:00,216914720817286,282,-1456,318,751,1529,3879,9.87,-50.96,11.13,0.183244,0.373076,0.946476
299472,2852832031,44474610,2026-10-06T05:18:14.699665+00:00,216914721060017,193,-1847,454,1581,1236,3817,6.755,-64.645,15.89,0.385764,0.301584,0.931348
299473,2852842773,44485352,2026-10-06T05:18:14.699963+00:00,216914721357147,217,-2184,582,1714,706,3798,7.595,-76.44,20.37,0.418216,0.172264,0.926712
299474,2852852539,44495118,2026-10-06T05:18:14.703295+00:00,216914724698580,347,-2461,627,1455,932,4301,12.145,-86.135,21.945,0.35502,0.227408,1.049444
299475,2852862304,44504883,2026-10-06T05:18:14.744444+00:00,216914765845844,338,-2713,611,1654,1043,4047,11.83,-94.955,21.385,0.403576,0.254492,0.987468
299476,2852872070,44514649,2026-10-06T05:18:14.744808+00:00,216914766202511,305,-3041,545,1588,1060,3904,10.675,-106.435,19.075,0.387472,0.25864,0.952576
299477,2852882812,44525391,2026-10-06T05:18:14.745094+00:00,216914766487365,145,-3464,475,1919,383,4053,5.075,-121.24,16.625,0.468236,0.093452,0.988932
299478,2852887695,44530274,2026-10-06T05:18:14.747272+00:00,216914768665783,151,-3779,447,1694,417,4052,5.285,-132.265,15.645,0.413336,0.101748,0.988688
299479,2852897460,44540039,2026-10-06T05:18:14.747550+00:00,216914768943167,124,-4152,467,2058,587,3928,4.34,-145.32,16.345,0.502152,0.143228,0.958432
299480,2852907226,44549805,2026-10-06T05:18:14.789395+00:00,216914810796737,131,-4529,501,2071,927,3687,4.585,-158.515,17.535,0.505324,0.226188,0.899628
299481,2852916992,44559571,2026-10-06T05:18:14.789611+00:00,216914811018097,-8,-4957,561,1914,685,3688,-0.28,-173.495,19.635,0.467016,0.16714,0.899872
299482,2852927734,44570313,2026-10-06T05:18:14.790022+00:00,216914811416498,-108,-5410,650,2010,562,3485,-3.78,-189.35,22.75,0.49044,0.137128,0.85034
299483,2852937500,44580079,2026-10-06T05:18:14.792424+00:00,216914813821970,-46,-5816,694,2036,504,3642,-1.61,-203.56,24.29,0.496784,0.122976,0.888648
299484,2852947265,44589844,2026-10-06T05:18:14.792810+00:00,216914814204859,-5,-6164,747,2105,504,3411,-0.175,-215.74,26.145,0.51362,0.122976,0.832284
299485,2852957031,44599610,2026-10-06T05:18:14.834642+00:00,216914856046633,58,-6507,806,2454,726,3364,2.03,-227.745,28.21,0.598776,0.177144,0.820816
299486,2852967773,44610352,2026-10-06T05:18:14.835416+00:00,216914856815828,43,-6776,857,2871,728,3347,1.505,-237.16,29.995,0.700524,0.177632,0.816668
299487,2852977539,44620118,2026-10-06T05:18:14.835645+00:00,216914857039236,85,-6956,877,3249,465,3158,2.975,-243.46,30.695,0.792756,0.11346,0.770552
299488,2852987304,44629883,2026-10-06T05:18:14.837710+00:00,216914859113689,258,-7125,922,3908,484,3358,9.03,-249.375,32.27,0.953552,0.118096,0.819352
299489,2852992187,44634766,2026-10-06T05:18:14.838191+00:00,216914859584708,561,-7167,945,4323,381,3457,19.635,-250.845,33.075,1.054812,0.092964,0.843508
299490,2853001953,44644532,2026-10-06T05:18:14.880338+00:00,216914901739486,1104,-7139,926,4926,475,3807,38.64,-249.865,32.41,1.201944,0.1159,0.928908
299491,2853012695,44655274,2026-10-06T05:18:14.880738+00:00,216914902132472,1669,-7017,926,4619,814,3399,58.415,-245.595,32.41,1.127036,0.198616,0.829356
299492,2853022460,44665039,2026-10-06T05:18:14.881259+00:00,216914902653184,1935,-7003,1075,4713,1006,3383,67.725,-245.105,37.625,1.149972,0.245464,0.825452
299493,2853032226,44674805,2026-10-06T05:18:14.881785+00:00,216914903178799,2103,-6972,1261,4543,1301,3492,73.605,-244.02,44.135,1.108492,0.317444,0.852048
299494,2853041992,44684571,2026-10-06T05:18:14.925351+00:00,216914946750514,2137,-6932,1482,3990,1399,3151,74.795,-242.62,51.87,0.97356,0.341356,0.768844
299495,2853052734,44695313,2026-10-06T05:18:14.925677+00:00,216914947068226,2111,-6969,1710,3940,1133,3102,73.885,-243.915,59.85,0.96136,0.276452,0.756888
299496,2853062500,44705079,2026-10-06T05:18:14.925961+00:00,216914947352618,2393,-6894,1808,3930,969,2885,83.755,-241.29,63.28,0.95892,0.236436,0.70394
299497,2853072265,44714844,2026-10-06T05:18:14.926389+00:00,216914947779045,2823,-6766,1875,4430,1380,2941,98.805,-236.81,65.625,1.08092,0.33672,0.717604
299498,2853082031,44724610,2026-10-06T05:18:14.927070+00:00,216914948463859,3169,-6504,1875,5467,1374,3379,110.915,-227.64,65.625,1.333948,0.335256,0.824476
299499,2853087890,44730469,2026-10-06T05:18:14.971496+00:00,216914992897840,3445,-5919,1928,5739,1283,3393,120.575,-207.165,67.48,1.400316,0.313052,0.827892
299500,2853097656,44740235,2026-10-06T05:18:14.971932+00:00,216914993323485,3409,-5198,2155,5681,1209,3371,119.315,-181.93,75.425,1.386164,0.294996,0.822524
299501,2853107421,44750000,2026-10-06T05:18:14.972491+00:00,216914993884228,3096,-4345,2435,5694,764,3308,108.36,-152.075,85.225,1.389336,0.186416,0.807152
299502,2853117187,44759766,2026-10-06T05:18:14.972971+00:00,216914994360942,2958,-3377,2646,4835,635,3169,103.53,-118.195,92.61,1.17974,0.15494,0.773236
299503,2853126953,44769532,2026-10-06T05:18:14.973443+00:00,216914994833326,2965,-2299,2803,5470,1836,4947,103.775,-80.465,98.105,1.33468,0.447984,1.207068
299504,2853137695,44780274,2026-10-06T05:18:15.015516+00:00,216915036913118,2558,-791,2890,4643,1431,6238,89.53,-27.685,101.15,1.132892,0.349164,1.522072
299505,2853147460,44790039,2026-10-06T05:18:15.015824+00:00,216915037218252,2229,777,2903,4917,1795,5902,78.015,27.195,101.605,1.199748,0.43798,1.440088
299506,2853157226,44799805,2026-10-06T05:18:15.016105+00:00,216915037498348,2015,2138,2497,3590,3330,5526,70.525,74.83,87.395,0.87596,0.81252,1.348344
299507,2853166992,44809571,2026-10-06T05:18:15.016320+00:00,216915037712826,1051,3157,2322,-26,3261,2643,36.785,110.495,81.27,-0.006344,0.795684,0.644892
299508,2853177734,44820313,2026-10-06T05:18:15.059382+00:00,216915080778480,32,3019,2320,-413,2065,1139,1.12,105.665,81.2,-0.100772,0.50386,0.277916
299509,2853182617,44825196,2026-10-06T05:18:15.059606+00:00,216915080997362,-328,2496,2120,-202,1367,754,-11.48,87.36,74.2,-0.049288,0.333548,0.183976
299510,2853192382,44834961,2026-10-06T05:18:15.059978+00:00,216915081372238,-124,2019,1680,-87,978,907,-4.34,70.665,58.8,-0.021228,0.238632,0.221308
299511,2853202148,44844727,2026-10-06T05:18:15.062613+00:00,216915084016959,384,1661,1043,282,1352,1029,13.44,58.135,36.505,0.068808,0.329888,0.251076
299512,2853212890,44855469,2026-10-06T05:18:15.062850+00:00,216915084242217,773,1385,330,878,2214,1655,27.055,48.475,11.55,0.214232,0.540216,0.40382
299513,2853222656,44865235,2026-10-06T05:18:15.105436+00:00,216915126838109,756,1308,-391,1896,2659,2459,26.46,45.78,-13.685,0.462624,0.648796,0.599996
299514,2853232421,44875000,2026-10-06T05:18:15.105742+00:00,216915127137305,477,1553,-1096,3030,2694,3225,16.695,54.355,-38.36,0.73932,0.657336,0.7869
299515,2853242187,44884766,2026-10-06T05:18:15.105997+00:00,216915127390519,123,2148,-1758,3933,2274,3838,4.305,75.18,-61.53,0.959652,0.554856,0.936472
299516,2853251953,44894532,2026-10-06T05:18:15.106320+00:00,216915127711593,-150,3003,-2320,4363,1654,4035,-5.25,105.105,-81.2,1.064572,0.403576,0.98454
299517,2853262695,44905274,2026-10-06T05:18:15.108285+00:00,216915129680923,-335,3926,-2697,4209,1022,3717,-11.725,137.41,-94.395,1.026996,0.249368,0.906948
299518,2853272460,44915039,2026-10-06T05:18:15.150432+00:00,216915171829292,-437,4673,-2833,3583,440,2966,-15.295,163.555,-99.155,0.874252,0.10736,0.723704
299519,2853282226,44924805,2026-10-06T05:18:15.195384+00:00,216915216786621,-468,5076,-2738,3019,-58,2259,-16.38,177.66,-95.83,0.736636,-0.014152,0.551196
299520,2853291992,44934571,2026-10-06T05:18:15.195731+00:00,216915217123002,-399,5162,-2485,2739,-334,1848,-13.965,180.67,-86.975,0.668316,-0.081496,0.450912
299521,2853297851,44940430,2026-10-06T05:18:15.196070+00:00,216915217461756,-259,5057,-2170,2857,-400,1912,-9.065,176.995,-75.95,0.697108,-0.0976,0.466528
299522,2853307617,44950196,2026-10-06T05:18:15.196561+00:00,216915217952081,-99,4950,-1887,3206,-237,2216,-3.465,173.25,-66.045,0.782264,-0.057828,0.540704
299523,2853317382,44959961,2026-10-06T05:18:15.198189+00:00,216915219579845,2,4932,-1672,3579,66,2646,0.07,172.62,-58.52,0.873276,0.016104,0.645624
299524,2853327148,44969727,2026-10-06T05:18:15.198521+00:00,216915219912461,18,5038,-1542,4028,325,3170,0.63,176.33,-53.97,0.982832,0.0793,0.77348
299525,2853337890,44980469,2026-10-06T05:18:15.198906+00:00,216915220296585,-20,5305,-1502,4455,408,3605,-0.7,185.675,-52.57,1.08702,0.099552,0.87962
299526,2853347656,44990235,2026-10-06T05:18:15.199233+00:00,216915220625508,-55,5703,-1506,4296,356,3412,-1.925,199.605,-52.71,1.048224,0.086864,0.832528
299527,2853357421,45000000,2026-10-06T05:18:15.241398+00:00,216915262798939,-58,6010,-1500,3746,458,2948,-2.03,210.35,-52.5,0.914024,0.111752,0.719312
299528,2853367187,45009766,2026-10-06T05:18:15.241713+00:00,216915263108343,-74,6089,-1483,3108,694,2436,-2.59,213.115,-51.905,0.758352,0.169336,0.594384
299529,2853376953,45019532,2026-10-06T05:18:15.242080+00:00,216915263473003,-167,5918,-1472,2625,903,2133,-5.845,207.13,-51.52,0.6405,0.220332,0.520452
299530,2853382812,45025391,2026-10-06T05:18:15.242399+00:00,216915263791358,-264,5603,-1526,2405,989,2214,-9.24,196.105,-53.41,0.58682,0.241316,0.540216
299531,2853392578,45035157,2026-10-06T05:18:15.242789+00:00,216915264179915,-254,5293,-1706,2491,1080,2626,-8.89,185.255,-59.71,0.607804,0.26352,0.640744
299532,2853402343,45044922,2026-10-06T05:18:15.284678+00:00,216915306078363,-154,5100,-2012,2667,1174,3126,-5.39,178.5,-70.42,0.650748,0.286456,0.762744
299533,2853412109,45054688,2026-10-06T05:18:15.286465+00:00,216915307866249,-37,5047,-2379,2841,1344,3559,-1.295,176.645,-83.265,0.693204,0.327936,0.868396
299534,2853422851,45065430,2026-10-06T05:18:15.286651+00:00,216915308043155,18,5094,-2717,3062,1319,3974,0.63,178.29,-95.095,0.747128,0.321836,0.969656
299535,2853432617,45075196,2026-10-06T05:18:15.287304+00:00,216915308703065,29,5224,-2976,3251,918,4189,1.015,182.84,-104.16,0.793244,0.223992,1.022116
299536,2853442382,45084961,2026-10-06T05:18:15.287734+00:00,216915309125247,119,5393,-3108,3480,718,4326,4.165,188.755,-108.78,0.84912,0.175192,1.055544
299537,2853452148,45094727,2026-10-06T05:18:15.331570+00:00,216915352964228,205,5570,-3111,3671,875,4394,7.175,194.95,-108.885,0.895724,0.2135,1.072136
299538,2853462890,45105469,2026-10-06T05:18:15.331714+00:00,216915353104455,139,5720,-3039,3688,1103,4347,4.865,200.2,-106.365,0.899872,0.269132,1.060668
299539,2853472656,45115235,2026-10-06T05:18:15.331816+00:00,216915353205331,-46,5800,-2970,3603,1230,4274,-1.61,203.0,-103.95,0.879132,0.30012,1.042856
299540,2853482421,45125000,2026-10-06T05:18:15.331916+00:00,216915353304640,-213,5799,-2991,3560,1300,4219,-7.455,202.965,-104.685,0.86864,0.3172,1.029436
299541,2853487304,45129883,2026-10-06T05:18:15.333999+00:00,216915355390684,-310,5740,-3116,3514,1398,4166,-10.85,200.9,-109.06,0.857416,0.341112,1.016504
299542,2853497070,45139649,2026-10-06T05:18:15.375398+00:00,216915396800304,-386,5623,-3302,3501,1505,4188,-13.51,196.805,-115.57,0.854244,0.36722,1.021872
299543,2853507812,45150391,2026-10-06T05:18:15.375811+00:00,216915397205951,-451,5467,-3504,3594,1505,4246,-15.785,191.345,-122.64,0.876936,0.36722,1.036024
299544,2853517578,45160157,2026-10-06T05:18:15.376172+00:00,216915397568018,-471,5306,-3688,3849,1478,4403,-16.485,185.71,-129.08,0.939156,0.360632,1.074332
299545,2853527343,45169922,2026-10-06T05:18:15.376491+00:00,216915397884738,-468,5190,-3820,4142,1600,4543,-16.38,181.65,-133.7,1.010648,0.3904,1.108492
299546,2853537109,45179688,2026-10-06T05:18:15.422893+00:00,216915444293279,-539,5121,-3863,4425,1675,4632,-18.865,179.235,-135.205,1.0797,0.4087,1.130208
299547,2853547851,45190430,2026-10-06T05:18:15.423946+00:00,216915445342938,-651,5091,-3826,4777,1601,4620,-22.785,178.185,-133.91,1.165588,0.390644,1.12728
299548,2853557617,45200196,2026-10-06T05:18:15.424869+00:00,216915446265699,-722,5106,-3744,5146,1466,4438,-25.27,178.71,-131.04,1.255624,0.357704,1.082872
299549,2853567382,45209961,2026-10-06T05:18:15.425433+00:00,216915446828257,-736,5134,-3657,5196,931,3934,-25.76,179.69,-127.995,1.267824,0.227164,0.959896
299550,2853577148,45219727,2026-10-06T05:18:15.425896+00:00,216915447290851,-600,5057,-3598,4943,157,3239,-21.0,176.995,-125.93,1.206092,0.038308,0.790316
299551,2853587890,45230469,2026-10-06T05:18:15.464383+00:00,216915485781580,-303,4801,-3490,4942,261,2781,-10.605,168.035,-122.15,1.205848,0.063684,0.678564
299552,2853592773,45235352,2026-10-06T05:18:15.464772+00:00,216915486166733,-244,4406,-3205,5187,211,2425,-8.54,154.21,-112.175,1.265628,0.051484,0.5917
299553,2853602539,45245118,2026-10-06T05:18:15.465094+00:00,216915486487030,-297,3979,-2797,5334,-280,2064,-10.395,139.265,-97.895,1.301496,-0.06832,0.503616
299554,2853612304,45254883,2026-10-06T05:18:15.466246+00:00,216915487638498,-191,3559,-2392,5564,-1079,1647,-6.685,124.565,-83.72,1.357616,-0.263276,0.401868
299555,2853622070,45264649,2026-10-06T05:18:15.466570+00:00,216915487962762,187,3201,-1989,6374,-866,1150,6.545,112.035,-69.615,1.555256,-0.211304,0.2806
299556,2853632812,45275391,2026-10-06T05:18:15.510381+00:00,216915531779254,393,2910,-1361,6322,-684,-63,13.755,101.85,-47.635,1.542568,-0.166896,-0.015372
299557,2853642578,45285157,2026-10-06T05:18:15.510783+00:00,216915532176095,474,2422,-589,6086,-1261,-1231,16.59,84.77,-20.615,1.484984,-0.307684,-0.300364
299558,2853652343,45294922,2026-10-06T05:18:15.511129+00:00,216915532521648,823,1701,70,6016,-1145,-2054,28.805,59.535,2.45,1.467904,-0.27938,-0.501176
299559,2853662109,45304688,2026-10-06T05:18:15.511490+00:00,216915532886362,1051,761,577,6187,-73,-2660,36.785,26.635,20.195,1.509628,-0.017812,-0.64904
299560,2853672851,45315430,2026-10-06T05:18:15.555577+00:00,216915576980793,732,-315,972,6344,781,-2712,25.62,-11.025,34.02,1.547936,0.190564,-0.661728
299561,2853677734,45320313,2026-10-06T05:18:15.555874+00:00,216915577267603,-17,-1440,1228,5519,1502,-2006,-0.595,-50.4,42.98,1.346636,0.366488,-0.489464
299562,2853687500,45330079,2026-10-06T05:18:15.558251+00:00,216915579644300,-813,-2437,1228,314,223,2240,-28.455,-85.295,42.98,0.076616,0.054412,0.54656
299563,2853697265,45339844,2026-10-06T05:18:15.558676+00:00,216915580071437,-583,-2677,1228,-847,954,8875,-20.405,-93.695,42.98,-0.206668,0.232776,2.1655
299564,2853707031,45349610,2026-10-06T05:18:15.559101+00:00,216915580494686,-235,-2448,1107,-4956,1277,8039,-8.225,-85.68,38.745,-1.209264,0.311588,1.961516
299565,2853717773,45360352,2026-10-06T05:18:15.600249+00:00,216915621644207,-195,-3091,1237,-5409,1116,2229,-6.825,-108.185,43.295,-1.319796,0.272304,0.543876
299566,2853727539,45370118,2026-10-06T05:18:15.600519+00:00,216915621908751,-484,-4916,1567,-495,-92,1812,-16.94,-172.06,54.845,-0.12078,-0.022448,0.442128
299567,2853737304,45379883,2026-10-06T05:18:15.600801+00:00,216915622194440,46,-5797,1275,5284,65,5138,1.61,-202.895,44.625,1.289296,0.01586,1.253672
299568,2853747070,45389649,2026-10-06T05:18:15.601202+00:00,216915622594292,594,-4899,700,6429,877,7060,20.79,-171.465,24.5,1.568676,0.213988,1.72264
299569,2853757812,45400391,2026-10-06T05:18:15.602367+00:00,216915623761870,817,-3499,290,3231,710,6427,28.595,-122.465,10.15,0.788364,0.17324,1.568188
299570,2853767578,45410157,2026-10-06T05:18:15.645156+00:00,216915666550350,957,-2910,221,1128,893,4822,33.495,-101.85,7.735,0.275232,0.217892,1.176568
299571,2853777343,45419922,2026-10-06T05:18:15.645411+00:00,216915666799480,970,-2978,316,2279,1280,4625,33.95,-104.23,11.06,0.556076,0.31232,1.1285
299572,2853787109,45429688,2026-10-06T05:18:15.645556+00:00,216915666942676,1041,-2784,193,3459,2010,5153,36.435,-97.44,6.755,0.843996,0.49044,1.257332
299573,2853791992,45434571,2026-10-06T05:18:15.645735+00:00,216915667123292,995,-2234,-78,3489,2537,5257,34.825,-78.19,-2.73,0.851316,0.619028,1.282708
299574,2853802734,45445313,2026-10-06T05:18:15.646937+00:00,216915668323862,713,-1672,-187,2736,2315,4769,24.955,-58.52,-6.545,0.667584,0.56486,1.163636
299575,2853812500,45455079,2026-10-06T05:18:15.690141+00:00,216915711539070,423,-1304,-110,1921,1950,4478,14.805,-45.64,-3.85,0.468724,0.4758,1.092632
299576,2853822265,45464844,2026-10-06T05:18:15.690350+00:00,216915711738513,242,-1107,-15,1845,1909,4177,8.47,-38.745,-0.525,0.45018,0.465796,1.019188
299577,2853832031,45474610,2026-10-06T05:18:15.690544+00:00,216915711932273,62,-952,94,2210,2295,4780,2.17,-33.32,3.29,0.53924,0.55998,1.16632
299578,2853842773,45485352,2026-10-06T05:18:15.690802+00:00,216915712190039,-182,-633,105,1847,1440,4131,-6.37,-22.155,3.675,0.450668,0.35136,1.007964
299579,2853852539,45495118,2026-10-06T05:18:15.736475+00:00,216915757872369,-142,-424,83,1742,1305,4112,-4.97,-14.84,2.905,0.425048,0.31842,1.003328
299580,2853862304,45504883,2026-10-06T05:18:15.736748+00:00,216915758137005,-138,-266,105,1810,1102,4064,-4.83,-9.31,3.675,0.44164,0.268888,0.991616
299581,2853872070,45514649,2026-10-06T05:18:15.737053+00:00,216915758440318,-85,-104,94,1366,1183,4007,-2.975,-3.64,3.29,0.333304,0.288652,0.977708
299582,2853882812,45525391,2026-10-06T05:18:15.737383+00:00,216915758772937,-71,-58,62,922,1015,3829,-2.485,-2.03,2.17,0.224968,0.24766,0.934276
299583,2853887695,45530274,2026-10-06T05:18:15.737736+00:00,216915759124896,-29,-122,49,1043,858,3997,-1.015,-4.27,1.715,0.254492,0.209352,0.975268
299584,2853897460,45540039,2026-10-06T05:18:15.779141+00:00,216915800538339,71,-113,20,1090,975,4299,2.485,-3.955,0.7,0.26596,0.2379,1.048956
299585,2853907226,45549805,2026-10-06T05:18:15.779269+00:00,216915800657251,145,-54,-14,962,931,3775,5.075,-1.89,-0.49,0.234728,0.227164,0.9211
299586,2853916992,45559571,2026-10-06T05:18:15.779466+00:00,216915800855601,202,-109,-16,1172,1041,3631,7.07,-3.815,-0.56,0.285968,0.254004,0.885964
299587,2853927734,45570313,2026-10-06T05:18:15.782092+00:00,216915803481502,229,-164,-24,926,1302,4145,8.015,-5.74,-0.84,0.225944,0.317688,1.01138
299588,2853937500,45580079,2026-10-06T05:18:15.782231+00:00,216915803618609,207,-162,-28,791,1179,3514,7.245,-5.67,-0.98,0.193004,0.287676,0.857416
299589,2853947265,45589844,2026-10-06T05:18:15.824286+00:00,216915845683541,175,-248,39,1277,1416,3854,6.125,-8.68,1.365,0.311588,0.345504,0.940376
299590,2853957031,45599610,2026-10-06T05:18:15.824492+00:00,216915845883134,146,-238,35,1287,1560,3904,5.11,-8.33,1.225,0.314028,0.38064,0.952576
299591,2853967773,45610352,2026-10-06T05:18:15.824801+00:00,216915846191014,68,-200,42,1170,1417,3873,2.38,-7.0,1.47,0.28548,0.345748,0.945012
299592,2853977539,45620118,2026-10-06T05:18:15.826070+00:00,216915847463849,27,-192,51,1400,1270,3919,0.945,-6.72,1.785,0.3416,0.30988,0.956236
299593,2853987304,45629883,2026-10-06T05:18:15.870538+00:00,216915891935199,18,-171,68,1304,1180,3962,0.63,-5.985,2.38,0.318176,0.28792,0.966728
299594,2853992187,45634766,2026-10-06T05:18:15.870883+00:00,216915892273723,36,-157,54,1230,1183,3950,1.26,-5.495,1.89,0.30012,0.288652,0.9638
299595,2854001953,45644532,2026-10-06T05:18:15.871133+00:00,216915892523804,36,-165,47,1289,1048,3888,1.26,-5.775,1.645,0.314516,0.255712,0.948672
299596,2854012695,45655274,2026-10-06T05:18:15.871402+00:00,216915892792039,61,-181,47,1258,1101,4088,2.135,-6.335,1.645,0.306952,0.268644,0.997472
299597,2854022460,45665039,2026-10-06T05:18:15.871717+00:00,216915893107854,82,-168,27,1345,1117,3837,2.87,-5.88,0.945,0.32818,0.272548,0.936228
299598,2854032226,45674805,2026-10-06T05:18:15.916294+00:00,216915937692680,77,-195,40,1414,1245,4005,2.695,-6.825,1.4,0.345016,0.30378,0.97722
299599,2854041992,45684571,2026-10-06T05:18:15.916538+00:00,216915937929975,58,-200,32,1613,1032,3786,2.03,-7.0,1.12,0.393572,0.251808,0.923784
299600,2854052734,45695313,2026-10-06T05:18:15.959378+00:00,216915980825163,107,-181,39,1558,1236,3971,3.745,-6.335,1.365,0.380152,0.301584,0.968924
299601,2854062500,45705079,2026-10-06T05:18:15.959769+00:00,216915981161191,113,-161,53,1281,1341,3838,3.955,-5.635,1.855,0.312564,0.327204,0.936472
299602,2854072265,45714844,2026-10-06T05:18:15.960045+00:00,216915981437674,95,-188,68,1226,1379,3829,3.325,-6.58,2.38,0.299144,0.336476,0.934276
299603,2854082031,45724610,2026-10-06T05:18:15.961240+00:00,216915982632131,47,-214,93,1401,1270,3997,1.645,-7.49,3.255,0.341844,0.30988,0.975268
299604,2854087890,45730469,2026-10-06T05:18:15.961740+00:00,216915983132989,18,-196,119,1210,1106,3950,0.63,-6.86,4.165,0.29524,0.269864,0.9638
299605,2854097656,45740235,2026-10-06T05:18:15.962008+00:00,216915983397801,32,-210,128,1210,1127,3654,1.12,-7.35,4.48,0.29524,0.274988,0.891576
299606,2854107421,45750000,2026-10-06T05:18:15.963288+00:00,216915984680636,25,-269,172,1380,1287,3856,0.875,-9.415,6.02,0.33672,0.314028,0.940864
299607,2854117187,45759766,2026-10-06T05:18:15.963692+00:00,216915985081111,-12,-282,198,1235,1272,3750,-0.42,-9.87,6.93,0.30134,0.310368,0.915
299608,2854126953,45769532,2026-10-06T05:18:16.005392+00:00,216916026790061,-54,-310,212,1173,1218,3745,-1.89,-10.85,7.42,0.286212,0.297192,0.91378
299609,2854137695,45780274,2026-10-06T05:18:16.005737+00:00,216916027130368,-71,-356,234,1189,1303,3823,-2.485,-12.46,8.19,0.290116,0.317932,0.932812
299610,2854147460,45790039,2026-10-06T05:18:16.006099+00:00,216916027489416,-99,-378,248,1284,1342,3822,-3.465,-13.23,8.68,0.313296,0.327448,0.932568
299611,2854157226,45799805,2026-10-06T05:18:16.006395+00:00,216916027787003,-145,-377,254,1365,1256,3825,-5.075,-13.195,8.89,0.33306,0.306464,0.9333
299612,2854166992,45809571,2026-10-06T05:18:16.050368+00:00,216916071765775,-177,-382,272,1326,1176,3766,-6.195,-13.37,9.52,0.323544,0.286944,0.918904
299613,2854177734,45820313,2026-10-06T05:18:16.050673+00:00,216916072064893,-201,-386,283,1411,1267,3868,-7.035,-13.51,9.905,0.344284,0.309148,0.943792
299614,2854182617,45825196,2026-10-06T05:18:16.050938+00:00,216916072328475,-230,-389,293,1394,1163,3717,-8.05,-13.615,10.255,0.340136,0.283772,0.906948
299615,2854192382,45834961,2026-10-06T05:18:16.051260+00:00,216916072652168,-251,-410,307,1522,1149,3774,-8.785,-14.35,10.745,0.371368,0.280356,0.920856
299616,2854202148,45844727,2026-10-06T05:18:16.052391+00:00,216916073785888,-270,-396,305,1385,1151,3932,-9.45,-13.86,10.675,0.33794,0.280844,0.959408
299617,2854212890,45855469,2026-10-06T05:18:16.095421+00:00,216916116821624,-267,-362,279,1554,1033,3798,-9.345,-12.67,9.765,0.379176,0.252052,0.926712
299618,2854222656,45865235,2026-10-06T05:18:16.095794+00:00,216916117189545,-242,-365,291,1680,1203,3668,-8.47,-12.775,10.185,0.40992,0.293532,0.894992
299619,2854232421,45875000,2026-10-06T05:18:16.096130+00:00,216916117524809,-282,-363,273,1537,1149,4107,-9.87,-12.705,9.555,0.375028,0.280356,1.002108
299620,2854242187,45884766,2026-10-06T05:18:16.096667+00:00,216916118061208,-249,-293,213,1505,838,3778,-8.715,-10.255,7.455,0.36722,0.204472,0.921832
299621,2854251953,45894532,2026-10-06T05:18:16.097147+00:00,216916118541304,-199,-307,234,1456,1191,3902,-6.965,-10.745,8.19,0.355264,0.290604,0.952088
299622,2854262695,45905274,2026-10-06T05:18:16.184381+00:00,216916205782158,-234,-312,212,1418,1087,3813,-8.19,-10.92,7.42,0.345992,0.265228,0.930372
299623,2854272460,45915039,2026-10-06T05:18:16.184801+00:00,216916206196054,-240,-319,203,1460,1005,3935,-8.4,-11.165,7.105,0.35624,0.24522,0.96014
299624,2854282226,45924805,2026-10-06T05:18:16.187588+00:00,216916208988738,-227,-324,207,1408,1047,3782,-7.945,-11.34,7.245,0.343552,0.255468,0.922808
299625,2854291992,45934571,2026-10-06T05:18:16.187948+00:00,216916209342817,-236,-349,207,1422,1111,3846,-8.26,-12.215,7.245,0.346968,0.271084,0.938424
299626,2854297851,45940430,2026-10-06T05:18:16.188263+00:00,216916209657319,-255,-367,205,1420,1082,3889,-8.925,-12.845,7.175,0.34648,0.264008,0.948916
299627,2854307617,45950196,2026-10-06T05:18:16.188594+00:00,216916209988957,-261,-382,210,1561,979,3860,-9.135,-13.37,7.35,0.380884,0.238876,0.94184
299628,2854317382,45959961,2026-10-06T05:18:16.188909+00:00,216916210303487,-231,-364,199,1406,1120,3864,-8.085,-12.74,6.965,0.343064,0.27328,0.942816
299629,2854327148,45969727,2026-10-06T05:18:16.190420+00:00,216916211814979,-248,-374,199,1299,1081,3788,-8.68,-13.09,6.965,0.316956,0.263764,0.924272
299630,2854337890,45980469,2026-10-06T05:18:16.190812+00:00,216916212206973,-270,-425,228,1401,1088,3849,-9.45,-14.875,7.98,0.341844,0.265472,0.939156
299631,2854347656,45990235,2026-10-06T05:18:16.191113+00:00,216916212507462,-284,-447,233,1730,998,3825,-9.94,-15.645,8.155,0.42212,0.243512,0.9333
299632,2854357421,46000000,2026-10-06T05:18:16.229358+00:00,216916250759428,-259,-418,215,1766,974,3836,-9.065,-14.63,7.525,0.430904,0.237656,0.935984
299633,2854367187,46009766,2026-10-06T05:18:16.229782+00:00,216916251176783,-229,-387,192,1693,955,3898,-8.015,-13.545,6.72,0.413092,0.23302,0.951112
299634,2854376953,46019532,2026-10-06T05:18:16.230103+00:00,216916251497060,-195,-347,170,1557,976,3917,-6.825,-12.145,5.95,0.379908,0.238144,0.955748
299635,2854382812,46025391,2026-10-06T05:18:16.232191+00:00,216916253585623,-178,-332,165,1515,1012,3752,-6.23,-11.62,5.775,0.36966,0.246928,0.915488
299636,2854392578,46035157,2026-10-06T05:18:16.274364+00:00,216916295766016,-188,-357,181,1472,1064,3794,-6.58,-12.495,6.335,0.359168,0.259616,0.925736
299637,2854402343,46044922,2026-10-06T05:18:16.274768+00:00,216916296162713,-213,-398,210,1502,999,3678,-7.455,-13.93,7.35,0.366488,0.243756,0.897432
299638,2854412109,46054688,2026-10-06T05:18:16.276179+00:00,216916297573780,-239,-447,247,1473,1053,3833,-8.365,-15.645,8.645,0.359412,0.256932,0.935252
299639,2854422851,46065430,2026-10-06T05:18:16.276535+00:00,216916297930316,-245,-477,262,1333,975,3660,-8.575,-16.695,9.17,0.325252,0.2379,0.89304
299640,2854432617,46075196,2026-10-06T05:18:16.276836+00:00,216916298229587,-273,-546,317,1422,1074,3882,-9.555,-19.11,11.095,0.346968,0.262056,0.947208
299641,2854442382,46084961,2026-10-06T05:18:16.321299+00:00,216916342700730,-289,-558,341,1376,1002,3827,-10.115,-19.53,11.935,0.335744,0.244488,0.933788
299642,2854452148,46094727,2026-10-06T05:18:16.321498+00:00,216916342889429,-288,-587,376,1301,959,3810,-10.08,-20.545,13.16,0.317444,0.233996,0.92964
299643,2854462890,46105469,2026-10-06T05:18:16.321870+00:00,216916343264734,-313,-622,429,1522,851,3904,-10.955,-21.77,15.015,0.371368,0.207644,0.952576
299644,2854472656,46115235,2026-10-06T05:18:16.322110+00:00,216916343503204,-299,-604,460,1864,852,4006,-10.465,-21.14,16.1,0.454816,0.207888,0.977464
299645,2854482421,46125000,2026-10-06T05:18:16.365445+00:00,216916386844224,-236,-527,448,1782,800,3899,-8.26,-18.445,15.68,0.434808,0.1952,0.951356
299646,2854487304,46129883,2026-10-06T05:18:16.365699+00:00,216916387090252,-173,-488,428,1647,810,3875,-6.055,-17.08,14.98,0.401868,0.19764,0.9455
299647,2854497070,46139649,2026-10-06T05:18:16.366007+00:00,216916387402892,-122,-474,404,1488,924,4036,-4.27,-16.59,14.14,0.363072,0.225456,0.984784
299648,2854507812,46150391,2026-10-06T05:18:16.366316+00:00,216916387710649,-94,-462,379,1571,761,3747,-3.29,-16.17,13.265,0.383324,0.185684,0.914268
299649,2854517578,46160157,2026-10-06T05:18:16.367081+00:00,216916388475396,-81,-528,418,2129,800,3877,-2.835,-18.48,14.63,0.519476,0.1952,0.945988
299650,2854527343,46169922,2026-10-06T05:18:16.409454+00:00,216916430856553,-36,-500,371,1743,785,4006,-1.26,-17.5,12.985,0.425292,0.19154,0.977464
299651,2854537109,46179688,2026-10-06T05:18:16.409831+00:00,216916431222668,46,-498,291,1676,672,3929,1.61,-17.43,10.185,0.408944,0.163968,0.958676
299652,2854547851,46190430,2026-10-06T05:18:16.410087+00:00,216916431478349,85,-536,294,1722,759,3884,2.975,-18.76,10.29,0.420168,0.185196,0.947696
299653,2854557617,46200196,2026-10-06T05:18:16.411209+00:00,216916432600363,105,-573,282,1760,800,3907,3.675,-20.055,9.87,0.42944,0.1952,0.953308
299654,2854567382,46209961,2026-10-06T05:18:16.411471+00:00,216916432864984,138,-608,256,1727,798,3839,4.83,-21.28,8.96,0.421388,0.194712,0.936716
299655,2854577148,46219727,2026-10-06T05:18:16.454363+00:00,216916475766917,155,-668,273,1693,758,3736,5.425,-23.38,9.555,0.413092,0.184952,0.911584
299656,2854587890,46230469,2026-10-06T05:18:16.454764+00:00,216916476155636,205,-756,301,1797,845,3898,7.175,-26.46,10.535,0.438468,0.20618,0.951112
299657,2854592773,46235352,2026-10-06T05:18:16.455093+00:00,216916476488986,137,-856,383,1890,602,3336,4.795,-29.96,13.405,0.46116,0.146888,0.813984
299658,2854602539,46245118,2026-10-06T05:18:16.456256+00:00,216916477647005,108,-1048,457,2017,554,3588,3.78,-36.68,15.995,0.492148,0.135176,0.875472
299659,2854612304,46254883,2026-10-06T05:18:16.456590+00:00,216916477984653,164,-1232,457,1718,675,3826,5.74,-43.12,15.995,0.419192,0.1647,0.933544
299660,2854622070,46264649,2026-10-06T05:18:16.500309+00:00,216916521705673,316,-1325,341,1529,1401,4426,11.06,-46.375,11.935,0.373076,0.341844,1.079944
299661,2854632812,46275391,2026-10-06T05:18:16.500680+00:00,216916522077129,315,-1395,253,1075,1426,4069,11.025,-48.825,8.855,0.2623,0.347944,0.992836
299662,2854642578,46285157,2026-10-06T05:18:16.501111+00:00,216916522507186,305,-1631,318,1217,1426,3778,10.675,-57.085,11.13,0.296948,0.347944,0.921832
299663,2854652343,46294922,2026-10-06T05:18:16.501740+00:00,216916523136639,261,-1967,435,1473,819,3829,9.135,-68.845,15.225,0.359412,0.199836,0.934276
299664,2854662109,46304688,2026-10-06T05:18:16.545460+00:00,216916566859730,393,-2225,504,1584,1048,4183,13.755,-77.875,17.64,0.386496,0.255712,1.020652
299665,2854672851,46315430,2026-10-06T05:18:16.545871+00:00,216916567266130,401,-2417,497,1813,920,4202,14.035,-84.595,17.395,0.442372,0.22448,1.025288
299666,2854677734,46320313,2026-10-06T05:18:16.546404+00:00,216916567799955,460,-2648,458,1850,1176,3864,16.1,-92.68,16.03,0.4514,0.286944,0.942816
299667,2854687500,46330079,2026-10-06T05:18:16.546910+00:00,216916568305515,384,-3012,401,1752,874,3726,13.44,-105.42,14.035,0.427488,0.213256,0.909144
299668,2854697265,46339844,2026-10-06T05:18:16.547218+00:00,216916568612998,313,-3389,387,1803,334,4026,10.955,-118.615,13.545,0.439932,0.081496,0.982344
299669,2854707031,46349610,2026-10-06T05:18:16.590427+00:00,216916611826910,351,-3690,407,1891,620,3904,12.285,-129.15,14.245,0.461404,0.15128,0.952576
299670,2854717773,46360352,2026-10-06T05:18:16.590804+00:00,216916612197690,335,-4019,408,2151,683,3786,11.725,-140.665,14.28,0.524844,0.166652,0.923784
299671,2854727539,46370118,2026-10-06T05:18:16.592246+00:00,216916613636897,345,-4362,395,2001,885,3639,12.075,-152.67,13.825,0.488244,0.21594,0.887916
299672,2854737304,46379883,2026-10-06T05:18:16.635441+00:00,216916656843203,249,-4753,445,1914,725,3685,8.715,-166.355,15.575,0.467016,0.1769,0.89914
299673,2854747070,46389649,2026-10-06T05:18:16.635835+00:00,216916657229775,149,-5147,549,2088,647,3453,5.215,-180.145,19.215,0.509472,0.157868,0.842532
299674,2854757812,46400391,2026-10-06T05:18:16.679460+00:00,216916700862650,169,-5493,622,2284,693,3423,5.915,-192.255,21.77,0.557296,0.169092,0.835212
299675,2854767578,46410157,2026-10-06T05:18:16.725385+00:00,216916746781098,194,-5761,670,2260,784,3448,6.79,-201.635,23.45,0.55144,0.191296,0.841312
299676,2854777343,46419922,2026-10-06T05:18:16.725714+00:00,216916747108439,218,-6010,700,2434,785,3190,7.63,-210.35,24.5,0.593896,0.19154,0.77836
299677,2854787109,46429688,2026-10-06T05:18:16.725987+00:00,216916747378415,255,-6252,716,2837,834,3249,8.925,-218.82,25.06,0.692228,0.203496,0.792756
299678,2854791992,46434571,2026-10-06T05:18:16.726394+00:00,216916747789151,277,-6423,725,3116,675,3307,9.695,-224.805,25.375,0.760304,0.1647,0.806908
299679,2854802734,46445313,2026-10-06T05:18:16.727117+00:00,216916748507495,458,-6513,714,3468,639,3355,16.03,-227.955,24.99,0.846192,0.155916,0.81862
299680,2854812500,46455079,2026-10-06T05:18:16.727648+00:00,216916749039702,715,-6601,719,4050,600,3131,25.025,-231.035,25.165,0.9882,0.1464,0.763964
299681,2854822265,46464844,2026-10-06T05:18:16.727926+00:00,216916749317904,1099,-6671,718,4499,746,3476,38.465,-233.485,25.13,1.097756,0.182024,0.848144
299682,2854832031,46474610,2026-10-06T05:18:16.730305+00:00,216916751696175,1482,-6624,750,4414,815,3355,51.87,-231.84,26.25,1.077016,0.19886,0.81862
299683,2854842773,46485352,2026-10-06T05:18:16.730727+00:00,216916752118433,1784,-6605,909,4355,1369,3450,62.44,-231.175,31.815,1.06262,0.334036,0.8418
299684,2854852539,46495118,2026-10-06T05:18:16.731146+00:00,216916752539711,1913,-6625,1008,4857,1196,3622,66.955,-231.875,35.28,1.185108,0.291824,0.883768
299685,2854862304,46504883,2026-10-06T05:18:16.731656+00:00,216916753051284,2030,-6535,1208,4909,1442,3705,71.05,-228.725,42.28,1.197796,0.351848,0.90402
299686,2854872070,46514649,2026-10-06T05:18:16.731973+00:00,216916753364517,2054,-6345,1434,4734,1609,3777,71.89,-222.075,50.19,1.155096,0.392596,0.921588
299687,2854882812,46525391,2026-10-06T05:18:16.732256+00:00,216916753645474,2200,-6110,1583,4763,1569,3759,77.0,-213.85,55.405,1.162172,0.382836,0.917196
299688,2854887695,46530274,2026-10-06T05:18:16.732649+00:00,216916754040165,2436,-5809,1715,4684,1767,3787,85.26,-203.315,60.025,1.142896,0.431148,0.924028
299689,2854897460,46540039,2026-10-06T05:18:16.769712+00:00,216916791113185,2553,-5457,1898,5215,1716,4017,89.355,-190.995,66.43,1.27246,0.418704,0.980148
299690,2854907226,46549805,2026-10-06T05:18:16.770147+00:00,216916791542306,2518,-4830,2120,5014,1046,4104,88.13,-169.05,74.2,1.223416,0.255224,1.001376
299691,2854916992,46559571,2026-10-06T05:18:16.770469+00:00,216916791861893,2452,-4048,2456,5155,729,4138,85.82,-141.68,85.96,1.25782,0.177876,1.009672
299692,2854927734,46570313,2026-10-06T05:18:16.771257+00:00,216916792650786,2533,-3030,2811,3869,519,4636,88.655,-106.05,98.385,0.944036,0.126636,1.131184
299693,2854937500,46580079,2026-10-06T05:18:16.814348+00:00,216916835747782,2740,-1782,3194,5275,1732,7022,95.9,-62.37,111.79,1.2871,0.422608,1.713368
299694,2854947265,46589844,2026-10-06T05:18:16.814655+00:00,216916836048664,2274,-238,3612,3119,1586,5968,79.59,-8.33,126.42,0.761036,0.386984,1.456192
299695,2854957031,46599610,2026-10-06T05:18:16.816121+00:00,216916837514489,1637,731,4032,2107,1317,4664,57.295,25.585,141.12,0.514108,0.321348,1.138016
299696,2854967773,46610352,2026-10-06T05:18:16.816534+00:00,216916837927492,1374,1304,4199,2595,1891,4928,48.09,45.64,146.965,0.63318,0.461404,1.202432
299697,2854977539,46620118,2026-10-06T05:18:16.860516+00:00,216916881915258,1134,1974,4035,795,2313,3453,39.69,69.09,141.225,0.19398,0.564372,0.842532
299698,2854987304,46629883,2026-10-06T05:18:16.860935+00:00,216916882326534,818,2151,3728,130,2521,2236,28.63,75.285,130.48,0.03172,0.615124,0.545584
299699,2854992187,46634766,2026-10-06T05:18:16.861389+00:00,216916882780282,570,1984,3282,540,2484,2039,19.95,69.44,114.87,0.13176,0.606096,0.497516
299700,2855001953,46644532,2026-10-06T05:18:16.861827+00:00,216916883219179,555,1860,2626,846,2546,2257,19.425,65.1,91.91,0.206424,0.621224,0.550708
299701,2855012695,46655274,2026-10-06T05:18:16.862256+00:00,216916883645767,668,1858,1773,1195,2674,2388,23.38,65.03,62.055,0.29158,0.652456,0.582672
299702,2855022460,46665039,2026-10-06T05:18:16.905238+00:00,216916926635760,799,1953,819,1736,2950,2662,27.965,68.355,28.665,0.423584,0.7198,0.649528
299703,2855032226,46674805,2026-10-06T05:18:16.905397+00:00,216916926786710,745,2165,-114,2075,3132,2846,26.075,75.775,-3.99,0.5063,0.764208,0.694424
299704,2855041992,46684571,2026-10-06T05:18:16.905750+00:00,216916927141711,495,2429,-931,2380,2831,2985,17.325,85.015,-32.585,0.58072,0.690764,0.72834
299705,2855052734,46695313,2026-10-06T05:18:16.905988+00:00,216916927379556,249,2755,-1606,2743,2211,3066,8.715,96.425,-56.21,0.669292,0.539484,0.748104
299706,2855062500,46705079,2026-10-06T05:18:16.908189+00:00,216916929580886,113,3131,-2112,2977,1605,3085,3.955,109.585,-73.92,0.726388,0.39162,0.75274
299707,2855072265,46714844,2026-10-06T05:18:16.949323+00:00,216916970719761,91,3524,-2423,3122,1025,3087,3.185,123.34,-84.805,0.761768,0.2501,0.753228
299708,2855082031,46724610,2026-10-06T05:18:16.949594+00:00,216916970987735,160,3900,-2545,3238,629,3037,5.6,136.5,-89.075,0.790072,0.153476,0.741028
299709,2855087890,46730469,2026-10-06T05:18:16.949952+00:00,216916971344919,246,4231,-2514,3299,395,2927,8.61,148.085,-87.99,0.804956,0.09638,0.714188
299710,2855097656,46740235,2026-10-06T05:18:16.953554+00:00,216916974954361,275,4488,-2370,3132,293,2690,9.625,157.08,-82.95,0.764208,0.071492,0.65636
299711,2855107421,46750000,2026-10-06T05:18:16.954961+00:00,216916976360304,249,4602,-2180,2999,236,2561,8.715,161.07,-76.3,0.731756,0.057584,0.624884
299712,2855117187,46759766,2026-10-06T05:18:16.995366+00:00,216917016765498,207,4621,-2008,3144,180,2671,7.245,161.735,-70.28,0.767136,0.04392,0.651724
299713,2855126953,46769532,2026-10-06T05:18:16.995774+00:00,216917017164881,200,4658,-1906,3473,126,2960,7.0,163.03,-66.71,0.847412,0.030744,0.72224
299714,2855137695,46780274,2026-10-06T05:18:16.996134+00:00,216917017527898,253,4788,-1876,3726,151,3256,8.855,167.58,-65.66,0.909144,0.036844,0.794464
299715,2855147460,46790039,2026-10-06T05:18:16.996516+00:00,216917017909549,313,5000,-1885,3830,273,3390,10.955,175.0,-65.975,0.93452,0.066612,0.82716
299716,2855157226,46799805,2026-10-06T05:18:17.041369+00:00,216917062768049,305,5221,-1889,3699,518,3280,10.675,182.735,-66.115,0.902556,0.126392,0.80032
299717,2855166992,46809571,2026-10-06T05:18:17.041606+00:00,216917062998366,195,5361,-1869,3413,721,3042,6.825,187.635,-65.415,0.832772,0.175924,0.742248
299718,2855177734,46820313,2026-10-06T05:18:17.042098+00:00,216917063491372,30,5375,-1852,3099,785,2813,1.05,188.125,-64.82,0.756156,0.19154,0.686372
299719,2855182617,46825196,2026-10-06T05:18:17.042531+00:00,216917063924443,-77,5288,-1868,2921,761,2775,-2.695,185.08,-65.38,0.712724,0.185684,0.6771
299720,2855192382,46834961,2026-10-06T05:18:17.043111+00:00,216917064504819,-60,5178,-1937,2903,876,2925,-2.1,181.23,-67.795,0.708332,0.213744,0.7137
299721,2855202148,46844727,2026-10-06T05:18:17.174409+00:00,216917195809390,7,5104,-2059,2858,1182,3105,0.245,178.64,-72.065,0.697352,0.288408,0.75762
299722,2855212890,46855469,2026-10-06T05:18:17.174789+00:00,216917196184079,9,5057,-2218,2732,1450,3252,0.315,176.995,-77.63,0.666608,0.3538,0.793488
299723,2855222656,46865235,2026-10-06T05:18:17.175028+00:00,216917196418614,-59,5003,-2400,2631,1550,3410,-2.065,175.105,-84.0,0.641964,0.3782,0.83204
299724,2855232421,46875000,2026-10-06T05:18:17.176185+00:00,216917197580233,-95,4951,-2619,2698,1354,3649,-3.325,173.285,-91.665,0.658312,0.330376,0.890356
299725,2855242187,46884766,2026-10-06T05:18:17.176510+00:00,216917197902255,11,4948,-2863,2959,1278,3953,0.385,173.18,-100.205,0.721996,0.311832,0.964532
299726,2855251953,46894532,2026-10-06T05:18:17.178448+00:00,216917199842732,165,5015,-3085,3181,1496,4223,5.775,175.525,-107.975,0.776164,0.365024,1.030412
299727,2855262695,46905274,2026-10-06T05:18:17.178969+00:00,216917200365854,192,5117,-3272,3330,1699,4390,6.72,179.095,-114.52,0.81252,0.414556,1.07116
299728,2855272460,46915039,2026-10-06T05:18:17.179475+00:00,216917200869832,103,5217,-3440,3466,1727,4492,3.605,182.595,-120.4,0.845704,0.421388,1.096048
299729,2855282226,46924805,2026-10-06T05:18:17.181929+00:00,216917203323910,-11,5309,-3609,3575,1635,4555,-0.385,185.815,-126.315,0.8723,0.39894,1.11142
299730,2855291992,46934571,2026-10-06T05:18:17.182586+00:00,216917203981569,-93,5376,-3773,3656,1594,4565,-3.255,188.16,-132.055,0.892064,0.388936,1.11386
299731,2855297851,46940430,2026-10-06T05:18:17.182990+00:00,216917204384883,-176,5393,-3904,3723,1594,4525,-6.16,188.755,-136.64,0.908412,0.388936,1.1041
299732,2855307617,46950196,2026-10-06T05:18:17.183495+00:00,216917204887760,-286,5360,-3977,3916,1560,4569,-10.01,187.6,-139.195,0.955504,0.38064,1.114836
299733,2855317382,46959961,2026-10-06T05:18:17.184027+00:00,216917205422617,-369,5320,-4000,4341,1543,4814,-12.915,186.2,-140.0,1.059204,0.376492,1.174616
299734,2855327148,46969727,2026-10-06T05:18:17.185335+00:00,216917206742687,-419,5353,-3993,4968,1502,5113,-14.665,187.355,-139.755,1.212192,0.366488,1.247572
299735,2855337890,46980469,2026-10-06T05:18:17.186802+00:00,216917208201341,-448,5503,-3975,5411,1233,5153,-15.68,192.605,-139.125,1.320284,0.300852,1.257332
299736,2855347656,46990235,2026-10-06T05:18:17.223183+00:00,216917244586529,-420,5692,-3935,5473,687,4786,-14.7,199.22,-137.725,1.335412,0.167628,1.167784
299737,2855357421,47000000,2026-10-06T05:18:17.224153+00:00,216917245550659,-285,5778,-3811,5338,238,4168,-9.975,202.23,-133.385,1.302472,0.058072,1.016992
299738,2855367187,47009766,2026-10-06T05:18:17.224992+00:00,216917246389464,-115,5681,-3559,5312,36,3512,-4.025,198.835,-124.565,1.296128,0.008784,0.856928
299739,2855376953,47019532,2026-10-06T05:18:17.226749+00:00,216917248149175,-36,5411,-3173,5427,49,2973,-1.26,189.385,-111.055,1.324188,0.011956,0.725412
299740,2855382812,47025391,2026-10-06T05:18:17.264396+00:00,216917285792751,-73,5033,-2700,5629,-48,2491,-2.555,176.155,-94.5,1.373476,-0.011712,0.607804
299741,2855392578,47035157,2026-10-06T05:18:17.264583+00:00,216917285974234,-92,4617,-2208,5936,-72,2117,-3.22,161.595,-77.28,1.448384,-0.017568,0.516548
299742,2855402343,47044922,2026-10-06T05:18:17.264938+00:00,216917286329468,-36,4228,-1764,6036,-318,1647,-1.26,147.98,-61.74,1.472784,-0.077592,0.401868
299743,2855412109,47054688,2026-10-06T05:18:17.266235+00:00,216917287626471,171,3848,-1421,6342,-693,971,5.985,134.68,-49.735,1.547448,-0.169092,0.236924
299744,2855422851,47065430,2026-10-06T05:18:17.266543+00:00,216917287934410,489,3468,-1078,6534,-261,-48,17.115,121.38,-37.73,1.594296,-0.063684,-0.011712
299745,2855432617,47075196,2026-10-06T05:18:17.354644+00:00,216917376049337,575,2936,-634,6335,-317,-1300,20.125,102.76,-22.19,1.54574,-0.077348,-0.3172
299746,2855442382,47084961,2026-10-06T05:18:17.355091+00:00,216917376484958,638,2144,-251,6302,-521,-2174,22.33,75.04,-8.785,1.537688,-0.127124,-0.530456
299747,2855452148,47094727,2026-10-06T05:18:17.355803+00:00,216917377197826,744,1185,-2,6562,-228,-2550,26.04,41.475,-0.07,1.601128,-0.055632,-0.6222
299748,2855462890,47105469,2026-10-06T05:18:17.356145+00:00,216917377536082,637,152,196,6689,574,-2757,22.295,5.32,6.86,1.632116,0.140056,-0.672708
299749,2855472656,47115235,2026-10-06T05:18:17.356564+00:00,216917377959631,45,-1011,412,6460,1066,-2722,1.575,-35.385,14.42,1.57624,0.260104,-0.664168
299750,2855482421,47125000,2026-10-06T05:18:17.357048+00:00,216917378441411,-869,-2095,535,3247,855,-315,-30.415,-73.325,18.725,0.792268,0.20862,-0.07686
299751,2855487304,47129883,2026-10-06T05:18:17.359237+00:00,216917380630798,-1255,-2693,516,200,932,6014,-43.925,-94.255,18.06,0.0488,0.227408,1.467416
299752,2855497070,47139649,2026-10-06T05:18:17.359593+00:00,216917380988996,-992,-2425,581,-3023,1304,11484,-34.72,-84.875,20.335,-0.737612,0.318176,2.802096
299753,2855507812,47150391,2026-10-06T05:18:17.360023+00:00,216917381417942,-839,-2117,554,-5405,264,6256,-29.365,-74.095,19.39,-1.31882,0.064416,1.526464
299754,2855517578,47160157,2026-10-06T05:18:17.360516+00:00,216917381907571,-694,-3134,942,-3839,-809,1192,-24.29,-109.69,32.97,-0.936716,-0.197396,0.290848
299755,2855527343,47169922,2026-10-06T05:18:17.400464+00:00,216917421865379,-396,-4734,1265,1371,-1140,2300,-13.86,-165.69,44.275,0.334524,-0.27816,0.5612
299756,2855537109,47179688,2026-10-06T05:18:17.400835+00:00,216917422228942,87,-5179,1159,5568,-551,5870,3.045,-181.265,40.565,1.358592,-0.134444,1.43228
299757,2855547851,47190430,2026-10-06T05:18:17.401269+00:00,216917422663435,657,-4124,788,5762,208,7720,22.995,-144.34,27.58,1.405928,0.050752,1.88368
299758,2855557617,47200196,2026-10-06T05:18:17.405095+00:00,216917426498917,1004,-2785,504,2170,777,6021,35.14,-97.475,17.64,0.52948,0.189588,1.469124
299759,2855567382,47209961,2026-10-06T05:18:17.445428+00:00,216917466828185,1127,-2467,497,965,1278,4357,39.445,-86.345,17.395,0.23546,0.311832,1.063108
299760,2855577148,47219727,2026-10-06T05:18:17.445810+00:00,216917467204465,1126,-2619,446,2372,1730,4379,39.41,-91.665,15.61,0.578768,0.42212,1.068476
299761,2855587890,47230469,2026-10-06T05:18:17.446159+00:00,216917467553567,1193,-2450,164,2942,2454,4833,41.755,-85.75,5.74,0.717848,0.598776,1.179252
299762,2855592773,47235352,2026-10-06T05:18:17.446517+00:00,216917467912012,1057,-2048,-90,2532,2674,4740,36.995,-71.68,-3.15,0.617808,0.652456,1.15656
299763,2855602539,47245118,2026-10-06T05:18:17.448220+00:00,216917469615017,779,-1712,-180,2430,2319,4514,27.265,-59.92,-6.3,0.59292,0.565836,1.101416
299764,2855612304,47254883,2026-10-06T05:18:17.490286+00:00,216917511686060,607,-1379,-167,2232,2426,4666,21.245,-48.265,-5.845,0.544608,0.591944,1.138504
299765,2855622070,47264649,2026-10-06T05:18:17.490588+00:00,216917511980161,336,-1040,-103,1856,2086,4434,11.76,-36.4,-3.605,0.452864,0.508984,1.081896
299766,2855632812,47275391,2026-10-06T05:18:17.490965+00:00,216917512355603,195,-789,-67,1480,1988,4153,6.825,-27.615,-2.345,0.36112,0.485072,1.013332
299767,2855642578,47285157,2026-10-06T05:18:17.491354+00:00,216917512749286,75,-680,-52,1366,1781,3761,2.625,-23.8,-1.82,0.333304,0.434564,0.917684
299768,2855652343,47294922,2026-10-06T05:18:17.579403+00:00,216917600803997,-34,-637,-10,1469,1589,3875,-1.19,-22.295,-0.35,0.358436,0.387716,0.9455
299769,2855662109,47304688,2026-10-06T05:18:17.579641+00:00,216917601034565,-82,-545,-10,1457,1384,4089,-2.87,-19.075,-0.35,0.355508,0.337696,0.997716
299770,2855672851,47315430,2026-10-06T05:18:17.624184+00:00,216917645596748,-105,-411,-2,1374,1142,4232,-3.675,-14.385,-0.07,0.335256,0.278648,1.032608
299771,2855677734,47320313,2026-10-06T05:18:17.624373+00:00,216917645775931,-107,-294,50,1210,800,4057,-3.745,-10.29,1.75,0.29524,0.1952,0.989908
299772,2855687500,47330079,2026-10-06T05:18:17.625964+00:00,216917647352216,-22,-236,82,1086,828,3907,-0.77,-8.26,2.87,0.264984,0.202032,0.953308
299773,2855697265,47339844,2026-10-06T05:18:17.626125+00:00,216917647511942,82,-229,78,891,1060,4124,2.87,-8.015,2.73,0.217404,0.25864,1.006256
299774,2855707031,47349610,2026-10-06T05:18:17.626281+00:00,216917647668434,149,-213,45,1150,1178,3935,5.215,-7.455,1.575,0.2806,0.287432,0.96014
299775,2855717773,47360352,2026-10-06T05:18:17.627895+00:00,216917649283012,161,-197,41,1215,1259,3891,5.635,-6.895,1.435,0.29646,0.307196,0.949404
299776,2855727539,47370118,2026-10-06T05:18:17.628063+00:00,216917649449720,197,-171,10,948,1550,4139,6.895,-5.985,0.35,0.231312,0.3782,1.009916
299777,2855737304,47379883,2026-10-06T05:18:17.628229+00:00,216917649616289,158,-150,12,732,1433,3516,5.53,-5.25,0.42,0.178608,0.349652,0.857904
299778,2855747070,47389649,2026-10-06T05:18:17.629913+00:00,216917651301863,108,-228,65,1178,1730,3893,3.78,-7.98,2.275,0.287432,0.42212,0.949892
299779,2855757812,47400391,2026-10-06T05:18:17.630068+00:00,216917651455029,-4,-224,83,1108,1630,3676,-0.14,-7.84,2.905,0.270352,0.39772,0.896944
299780,2855767578,47410157,2026-10-06T05:18:17.630251+00:00,216917651638677,-90,-248,103,1181,1508,3875,-3.15,-8.68,3.605,0.288164,0.367952,0.9455
299781,2855777343,47419922,2026-10-06T05:18:17.631957+00:00,216917653347526,-130,-244,99,1129,1261,3892,-4.55,-8.54,3.465,0.275476,0.307684,0.949648
299782,2855787109,47429688,2026-10-06T05:18:17.632127+00:00,216917653513762,-131,-244,118,1192,1077,4049,-4.585,-8.54,4.13,0.290848,0.262788,0.987956
299783,2855791992,47434571,2026-10-06T05:18:17.670043+00:00,216917691444669,-87,-213,118,1097,1149,4083,-3.045,-7.455,4.13,0.267668,0.280356,0.996252
299784,2855802734,47445313,2026-10-06T05:18:17.670218+00:00,216917691605210,-60,-211,109,1067,1116,3918,-2.1,-7.385,3.815,0.260348,0.272304,0.955992
299785,2855812500,47455079,2026-10-06T05:18:17.670617+00:00,216917692010573,-44,-257,114,1278,1187,3845,-1.54,-8.995,3.99,0.311832,0.289628,0.93818
299786,2855822265,47464844,2026-10-06T05:18:17.672036+00:00,216917693424594,-59,-303,125,1528,1228,3872,-2.065,-10.605,4.375,0.372832,0.299632,0.944768
299787,2855832031,47474610,2026-10-06T05:18:17.715250+00:00,216917736643008,-75,-306,122,1571,1098,3991,-2.625,-10.71,4.27,0.383324,0.267912,0.973804
299788,2855842773,47485352,2026-10-06T05:18:17.715411+00:00,216917736801962,-7,-261,104,1368,1267,3962,-0.245,-9.135,3.64,0.333792,0.309148,0.966728
299789,2855852539,47495118,2026-10-06T05:18:17.715598+00:00,216917736986785,15,-239,110,1354,1470,3989,0.525,-8.365,3.85,0.330376,0.35868,0.973316
299790,2855862304,47504883,2026-10-06T05:18:17.715826+00:00,216917737215329,-5,-226,100,1259,1462,3993,-0.175,-7.91,3.5,0.307196,0.356728,0.974292
299791,2855872070,47514649,2026-10-06T05:18:17.718171+00:00,216917739569796,-50,-225,115,1301,1177,3923,-1.75,-7.875,4.025,0.317444,0.287188,0.957212
299792,2855882812,47525391,2026-10-06T05:18:17.760422+00:00,216917781821444,-51,-230,133,1292,1177,3826,-1.785,-8.05,4.655,0.315248,0.287188,0.933544
299793,2855887695,47530274,2026-10-06T05:18:17.760700+00:00,216917782088575,-52,-260,147,1120,1108,3783,-1.82,-9.1,5.145,0.27328,0.270352,0.923052
299794,2855897460,47540039,2026-10-06T05:18:17.760962+00:00,216917782349630,-38,-307,183,1274,1224,3781,-1.33,-10.745,6.405,0.310856,0.298656,0.922564
299795,2855907226,47549805,2026-10-06T05:18:17.761310+00:00,216917782698048,-57,-329,224,1392,1323,3798,-1.995,-11.515,7.84,0.339648,0.322812,0.926712
299796,2855916992,47559571,2026-10-06T05:18:17.763021+00:00,216917784411107,-68,-327,218,1222,1353,3877,-2.38,-11.445,7.63,0.298168,0.330132,0.945988
299797,2855927734,47570313,2026-10-06T05:18:17.804882+00:00,216917826281279,-84,-323,203,1322,1204,3707,-2.94,-11.305,7.105,0.322568,0.293776,0.904508
299798,2855937500,47580079,2026-10-06T05:18:17.805260+00:00,216917826652996,-87,-338,217,1483,1261,3813,-3.045,-11.83,7.595,0.361852,0.307684,0.930372
299799,2855947265,47589844,2026-10-06T05:18:17.805544+00:00,216917826934248,-99,-328,219,1484,1188,3782,-3.465,-11.48,7.665,0.362096,0.289872,0.922808
299800,2855957031,47599610,2026-10-06T05:18:17.806258+00:00,216917827648590,-97,-306,219,1404,1160,3833,-3.395,-10.71,7.665,0.342576,0.28304,0.935252
299801,2855967773,47610352,2026-10-06T05:18:17.849304+00:00,216917870697384,-92,-298,225,1235,1185,3783,-3.22,-10.43,7.875,0.30134,0.28914,0.923052
299802,2855977539,47620118,2026-10-06T05:18:17.849508+00:00,216917870896125,-99,-317,238,1299,1259,3842,-3.465,-11.095,8.33,0.316956,0.307196,0.937448
299803,2855987304,47629883,2026-10-06T05:18:17.851234+00:00,216917872625068,-117,-318,253,1270,1268,3751,-4.095,-11.13,8.855,0.30988,0.309392,0.915244
299804,2855992187,47634766,2026-10-06T05:18:17.851469+00:00,216917872861113,-146,-341,267,1519,1224,3673,-5.11,-11.935,9.345,0.370636,0.298656,0.896212
299805,2856001953,47644532,2026-10-06T05:18:17.851792+00:00,216917873186011,-170,-336,265,1410,1315,3898,-5.95,-11.76,9.275,0.34404,0.32086,0.951112
299806,2856012695,47655274,2026-10-06T05:18:17.894305+00:00,216917915702232,-187,-298,239,1374,1170,3770,-6.545,-10.43,8.365,0.335256,0.28548,0.91988
299807,2856022460,47665039,2026-10-06T05:18:17.894509+00:00,216917915897798,-178,-323,268,1460,1166,3813,-6.23,-11.305,9.38,0.35624,0.284504,0.930372
299808,2856032226,47674805,2026-10-06T05:18:17.896118+00:00,216917917507423,-182,-312,251,1183,1262,4129,-6.37,-10.92,8.785,0.288652,0.307928,1.007476
299809,2856041992,47684571,2026-10-06T05:18:17.896299+00:00,216917917688235,-177,-270,206,1276,1061,3842,-6.195,-9.45,7.21,0.311344,0.258884,0.937448
299810,2856052734,47695313,2026-10-06T05:18:17.896522+00:00,216917917910968,-178,-304,245,1271,1241,3861,-6.23,-10.64,8.575,0.310124,0.302804,0.942084
299811,2856062500,47705079,2026-10-06T05:18:17.939283+00:00,216917960680821,-214,-348,241,1507,1168,3864,-7.49,-12.18,8.435,0.367708,0.284992,0.942816
299812,2856072265,47714844,2026-10-06T05:18:17.939479+00:00,216917960869360,-208,-327,212,1788,1057,4012,-7.28,-11.445,7.42,0.436272,0.257908,0.978928
299813,2856082031,47724610,2026-10-06T05:18:17.939786+00:00,216917961177033,-160,-254,181,1552,1119,3907,-5.6,-8.89,6.335,0.378688,0.273036,0.953308
299814,2856087890,47730469,2026-10-06T05:18:17.942073+00:00,216917963463779,-135,-229,148,1307,1174,3893,-4.725,-8.015,5.18,0.318908,0.286456,0.949892
299815,2856097656,47740235,2026-10-06T05:18:17.942291+00:00,216917963682200,-136,-244,138,1250,1158,3887,-4.76,-8.54,4.83,0.305,0.282552,0.948428
299816,2856107421,47750000,2026-10-06T05:18:17.984775+00:00,216918006180202,-159,-286,160,1506,1091,3722,-5.565,-10.01,5.6,0.367464,0.266204,0.908168
299817,2856117187,47759766,2026-10-06T05:18:17.985018+00:00,216918006411990,-183,-312,173,1534,1154,3928,-6.405,-10.92,6.055,0.374296,0.281576,0.958432
299818,2856126953,47769532,2026-10-06T05:18:17.985733+00:00,216918007131555,-188,-297,152,1605,985,3792,-6.58,-10.395,5.32,0.39162,0.24034,0.925248
299819,2856137695,47780274,2026-10-06T05:18:17.987515+00:00,216918008920650,-141,-277,146,1764,1081,4036,-4.935,-9.695,5.11,0.430416,0.263764,0.984784
299820,2856147460,47790039,2026-10-06T05:18:18.030496+00:00,216918051895586,-76,-206,100,1503,1074,3794,-2.66,-7.21,3.5,0.366732,0.262056,0.925736
299821,2856157226,47799805,2026-10-06T05:18:18.030888+00:00,216918052281344,-59,-205,90,1317,1057,3742,-2.065,-7.175,3.15,0.321348,0.257908,0.913048
299822,2856166992,47809571,2026-10-06T05:18:18.075510+00:00,216918096913742,-70,-244,104,1234,1107,3666,-2.45,-8.54,3.64,0.301096,0.270108,0.894504
299823,2856177734,47820313,2026-10-06T05:18:18.075920+00:00,216918097318084,-109,-322,146,1435,1185,3746,-3.815,-11.27,5.11,0.35014,0.28914,0.914024
299824,2856182617,47825196,2026-10-06T05:18:18.076325+00:00,216918097724130,-158,-357,162,1522,1064,3658,-5.53,-12.495,5.67,0.371368,0.259616,0.892552
299825,2856192382,47834961,2026-10-06T05:18:18.076815+00:00,216918098211982,-182,-389,182,1450,1110,3731,-6.37,-13.615,6.37,0.3538,0.27084,0.910364
299826,2856202148,47844727,2026-10-06T05:18:18.077371+00:00,216918098767548,-216,-425,201,1288,1175,3666,-7.56,-14.875,7.035,0.314272,0.2867,0.894504
299827,2856212890,47855469,2026-10-06T05:18:18.077885+00:00,216918099282119,-261,-494,229,1248,1141,3843,-9.135,-17.29,8.015,0.304512,0.278404,0.937692
299828,2856222656,47865235,2026-10-06T05:18:18.078228+00:00,216918099624944,-289,-538,253,1308,1038,3584,-10.115,-18.83,8.855,0.319152,0.253272,0.874496
299829,2856232421,47875000,2026-10-06T05:18:18.080344+00:00,216918101740949,-326,-616,313,1159,1272,3800,-11.41,-21.56,10.955,0.282796,0.310368,0.9272
299830,2856242187,47884766,2026-10-06T05:18:18.120297+00:00,216918141702721,-412,-699,347,1163,1140,3680,-14.42,-24.465,12.145,0.283772,0.27816,0.89792
299831,2856251953,47894532,2026-10-06T05:18:18.120706+00:00,216918142098590,-477,-786,399,1485,1055,3891,-16.695,-27.51,13.965,0.36234,0.25742,0.949404
299832,2856262695,47905274,2026-10-06T05:18:18.121110+00:00,216918142501515,-491,-782,409,1480,938,3959,-17.185,-27.37,14.315,0.36112,0.228872,0.965996
299833,2856272460,47915039,2026-10-06T05:18:18.123509+00:00,216918144908208,-451,-748,417,1260,996,3904,-15.785,-26.18,14.595,0.30744,0.243024,0.952576
299834,2856282226,47924805,2026-10-06T05:18:18.165659+00:00,216918187061957,-443,-776,446,1425,1092,3921,-15.505,-27.16,15.61,0.3477,0.266448,0.956724
299835,2856291992,47934571,2026-10-06T05:18:18.166010+00:00,216918187407307,-459,-800,463,1881,1018,4050,-16.065,-28.0,16.205,0.458964,0.248392,0.9882
299836,2856297851,47940430,2026-10-06T05:18:18.166436+00:00,216918187833868,-415,-725,430,1603,849,4176,-14.525,-25.375,15.05,0.391132,0.207156,1.018944
299837,2856307617,47950196,2026-10-06T05:18:18.166894+00:00,216918188291350,-321,-679,392,1908,630,3889,-11.235,-23.765,13.72,0.465552,0.15372,0.948916
299838,2856317382,47959961,2026-10-06T05:18:18.168486+00:00,216918189887865,-220,-635,390,2101,728,3988,-7.7,-22.225,13.65,0.512644,0.177632,0.973072
299839,2856327148,47969727,2026-10-06T05:18:18.210778+00:00,216918232183059,-111,-548,311,1455,816,3975,-3.885,-19.18,10.885,0.35502,0.199104,0.9699
299840,2856337890,47980469,2026-10-06T05:18:18.211319+00:00,216918232714551,-56,-576,294,1529,855,3935,-1.96,-20.16,10.29,0.373076,0.20862,0.96014
299841,2856347656,47990235,2026-10-06T05:18:18.211799+00:00,216918233193283,-38,-625,336,1776,934,3860,-1.33,-21.875,11.76,0.433344,0.227896,0.94184
299842,2856357421,48000000,2026-10-06T05:18:18.212215+00:00,216918233609526,-41,-641,360,1844,834,3792,-1.435,-22.435,12.6,0.449936,0.203496,0.925248
299843,2856367187,48009766,2026-10-06T05:18:18.212782+00:00,216918234173565,4,-658,387,2088,840,3850,0.14,-23.03,13.545,0.509472,0.20496,0.9394
299844,2856376953,48019532,2026-10-06T05:18:18.255461+00:00,216918276863754,7,-685,436,1857,355,3310,0.245,-23.975,15.26,0.453108,0.08662,0.80764
299845,2856382812,48025391,2026-10-06T05:18:18.255882+00:00,216918277279019,76,-814,471,2066,504,3568,2.66,-28.49,16.485,0.504104,0.122976,0.870592
299846,2856392578,48035157,2026-10-06T05:18:18.256294+00:00,216918277688728,200,-880,454,1635,1253,4384,7.0,-30.8,15.89,0.39894,0.305732,1.069696
299847,2856402343,48044922,2026-10-06T05:18:18.256799+00:00,216918278191423,263,-892,337,1277,1618,4505,9.205,-31.22,11.795,0.311588,0.394792,1.09922
299848,2856412109,48054688,2026-10-06T05:18:18.258379+00:00,216918279773320,226,-987,331,669,1557,4005,7.91,-34.545,11.585,0.163236,0.379908,0.97722
299849,2856422851,48065430,2026-10-06T05:18:18.300491+00:00,216918321890836,142,-1366,485,1687,1123,3679,4.97,-47.81,16.975,0.411628,0.274012,0.897676
299850,2856432617,48075196,2026-10-06T05:18:18.301042+00:00,216918322448263,226,-1674,580,1891,563,3890,7.91,-58.59,20.3,0.461404,0.137372,0.94916
299851,2856442382,48084961,2026-10-06T05:18:18.301643+00:00,216918323036994,390,-1897,596,1283,765,4147,13.65,-66.395,20.86,0.313052,0.18666,1.011868
299852,2856452148,48094727,2026-10-06T05:18:18.301985+00:00,216918323375516,582,-2126,534,666,1155,3503,20.37,-74.41,18.69,0.162504,0.28182,0.854732
299853,2856462890,48105469,2026-10-06T05:18:18.344412+00:00,216918365814639,649,-2576,411,1097,1412,4157,22.715,-90.16,14.385,0.267668,0.344528,1.014308
299854,2856472656,48115235,2026-10-06T05:18:18.344773+00:00,216918366163475,472,-2900,357,1521,71,4273,16.52,-101.5,12.495,0.371124,0.017324,1.042612
299855,2856482421,48125000,2026-10-06T05:18:18.346176+00:00,216918367571297,593,-3124,397,1802,685,4264,20.755,-109.34,13.895,0.439688,0.16714,1.040416
299856,2856487304,48129883,2026-10-06T05:18:18.346430+00:00,216918367822652,514,-3447,472,2233,1241,4018,17.99,-120.645,16.52,0.544852,0.302804,0.980392
299857,2856497070,48139649,2026-10-06T05:18:18.346821+00:00,216918368215157,425,-3757,438,1454,1174,3758,14.875,-131.495,15.33,0.354776,0.286456,0.916952
299858,2856507812,48150391,2026-10-06T05:18:18.392967+00:00,216918414382795,384,-4231,394,1804,878,4037,13.44,-148.085,13.79,0.440176,0.214232,0.985028
299859,2856517578,48160157,2026-10-06T05:18:18.394473+00:00,216918415882451,367,-4639,439,2156,675,3408,12.845,-162.365,15.365,0.526064,0.1647,0.831552
299860,2856527343,48169922,2026-10-06T05:18:18.396916+00:00,216918418323753,420,-5092,510,2255,1036,3773,14.7,-178.22,17.85,0.55022,0.252784,0.920612
299861,2856537109,48179688,2026-10-06T05:18:18.398483+00:00,216918419889872,264,-5509,629,1786,695,3590,9.24,-192.815,22.015,0.435784,0.16958,0.87596
299862,2856547851,48190430,2026-10-06T05:18:18.400243+00:00,216918421653032,218,-5976,757,1953,882,3546,7.63,-209.16,26.495,0.476532,0.215208,0.865224
299863,2856557617,48200196,2026-10-06T05:18:18.435544+00:00,216918456961500,222,-6372,803,2378,997,3362,7.77,-223.02,28.105,0.580232,0.243268,0.820328
299864,2856567382,48209961,2026-10-06T05:18:18.436473+00:00,216918457881749,192,-6675,810,2679,742,3410,6.72,-233.625,28.35,0.653676,0.181048,0.83204
299865,2856577148,48219727,2026-10-06T05:18:18.437410+00:00,216918458818755,216,-6913,817,3068,551,3360,7.56,-241.955,28.595,0.748592,0.134444,0.81984
299866,2856587890,48230469,2026-10-06T05:18:18.438737+00:00,216918460143160,382,-7080,787,3588,400,3428,13.37,-247.8,27.545,0.875472,0.0976,0.836432
299867,2856592773,48235352,2026-10-06T05:18:18.439416+00:00,216918460821978,748,-7160,731,4150,478,3575,26.18,-250.6,25.585,1.0126,0.116632,0.8723
299868,2856602539,48245118,2026-10-06T05:18:18.479989+00:00,216918501395322,1213,-7145,671,4214,688,3347,42.455,-250.075,23.485,1.028216,0.167872,0.816668
299869,2856612304,48254883,2026-10-06T05:18:18.480561+00:00,216918501961294,1558,-7188,731,4703,902,3531,54.53,-251.58,25.585,1.147532,0.220088,0.861564
299870,2856622070,48264649,2026-10-06T05:18:18.481207+00:00,216918502607368,1829,-7123,864,4723,1342,3908,64.015,-249.305,30.24,1.152412,0.327448,0.953552
299871,2856632812,48275391,2026-10-06T05:18:18.483585+00:00,216918504990440,1908,-6989,1028,4476,1542,3371,66.78,-244.615,35.98,1.092144,0.376248,0.822524
299872,2856642578,48285157,2026-10-06T05:18:18.524885+00:00,216918546292290,1810,-6959,1282,4251,1467,3385,63.35,-243.565,44.87,1.037244,0.357948,0.82594
299873,2856652343,48294922,2026-10-06T05:18:18.525581+00:00,216918546990416,1841,-6895,1494,4266,1423,3563,64.435,-241.325,52.29,1.040904,0.347212,0.869372
299874,2856662109,48304688,2026-10-06T05:18:18.526700+00:00,216918548109525,2075,-6716,1648,4439,1617,3590,72.625,-235.06,57.68,1.083116,0.394548,0.87596
299875,2856672851,48315430,2026-10-06T05:18:18.527405+00:00,216918548813949,2325,-6458,1773,4296,1932,3325,81.375,-226.03,62.055,1.048224,0.471408,0.8113
299876,2856677734,48320313,2026-10-06T05:18:18.528185+00:00,216918549590781,2485,-6222,1882,5042,1658,3728,86.975,-217.77,65.87,1.230248,0.404552,0.909632
299877,2856687500,48330079,2026-10-06T05:18:18.570100+00:00,216918591518836,2763,-5691,1946,4870,1119,3477,96.705,-199.185,68.11,1.18828,0.273036,0.848388
299878,2856697265,48339844,2026-10-06T05:18:18.570951+00:00,216918592357421,3015,-5140,2110,5132,1169,3066,105.525,-179.9,73.85,1.252208,0.285236,0.748104
299879,2856707031,48349610,2026-10-06T05:18:18.572645+00:00,216918594047742,3134,-4494,2295,4528,814,3138,109.69,-157.29,80.325,1.104832,0.198616,0.765672
299880,2856717773,48360352,2026-10-06T05:18:18.573350+00:00,216918594756782,3344,-3600,2532,5047,1762,4747,117.04,-126.0,88.62,1.231468,0.429928,1.158268
299881,2856727539,48370118,2026-10-06T05:18:18.573971+00:00,216918595373364,3157,-2382,2780,5252,2630,6055,110.495,-83.37,97.3,1.281488,0.64172,1.47742
299882,2856737304,48379883,2026-10-06T05:18:18.614908+00:00,216918636320768,2235,-981,3157,3594,2460,5329,78.225,-34.335,110.495,0.876936,0.60024,1.300276
299883,2856747070,48389649,2026-10-06T05:18:18.615482+00:00,216918636888358,1345,67,3449,4899,2420,5658,47.075,2.345,120.715,1.195356,0.59048,1.380552
299884,2856757812,48400391,2026-10-06T05:18:18.616178+00:00,216918637583305,675,1326,3522,3578,2632,5249,23.625,46.41,123.27,0.873032,0.642208,1.280756
299885,2856767578,48410157,2026-10-06T05:18:18.617139+00:00,216918638541054,80,2316,3477,1277,2437,3210,2.8,81.06,121.695,0.311588,0.594628,0.78324
299886,2856777343,48419922,2026-10-06T05:18:18.659897+00:00,216918681311770,-344,2529,3370,408,2012,1892,-12.04,88.515,117.95,0.099552,0.490928,0.461648
299887,2856787109,48429688,2026-10-06T05:18:18.660477+00:00,216918681883356,-444,2314,3136,440,1532,1338,-15.54,80.99,109.76,0.10736,0.373808,0.326472
299888,2856791992,48434571,2026-10-06T05:18:18.661198+00:00,216918682606325,-159,2047,2725,509,1427,1275,-5.565,71.645,95.375,0.124196,0.348188,0.3111
299889,2856802734,48445313,2026-10-06T05:18:18.661896+00:00,216918683302144,303,1825,2129,704,1625,1264,10.605,63.875,74.515,0.171776,0.3965,0.308416
299890,2856812500,48455079,2026-10-06T05:18:18.662563+00:00,216918683966261,752,1647,1388,1065,2193,1562,26.32,57.645,48.58,0.25986,0.535092,0.381128
299891,2856822265,48464844,2026-10-06T05:18:18.705211+00:00,216918726624346,958,1593,557,1711,2754,2099,33.53,55.755,19.495,0.417484,0.671976,0.512156
299892,2856832031,48474610,2026-10-06T05:18:18.706162+00:00,216918727567241,867,1743,-312,2517,3030,2659,30.345,61.005,-10.92,0.614148,0.73932,0.648796
299893,2856842773,48485352,2026-10-06T05:18:18.706835+00:00,216918728237944,559,2134,-1142,3215,2941,3139,19.565,74.69,-39.97,0.78446,0.717604,0.765916
299894,2856852539,48495118,2026-10-06T05:18:18.707411+00:00,216918728814115,183,2710,-1859,3551,2378,3373,6.405,94.85,-65.065,0.866444,0.580232,0.823012
299895,2856862304,48504883,2026-10-06T05:18:18.708037+00:00,216918729439652,-113,3359,-2401,3523,1629,3268,-3.955,117.565,-84.035,0.859612,0.397476,0.797392
299896,2856872070,48514649,2026-10-06T05:18:18.750025+00:00,216918771431809,-250,3936,-2715,3219,972,2882,-8.75,137.76,-95.025,0.785436,0.237168,0.703208
299897,2856882812,48525391,2026-10-06T05:18:18.751089+00:00,216918772498118,-277,4325,-2790,2958,520,2496,-9.695,151.375,-97.65,0.721752,0.12688,0.609024
299898,2856887695,48530274,2026-10-06T05:18:18.752385+00:00,216918773794148,-240,4526,-2693,2769,167,2210,-8.4,158.41,-94.255,0.675636,0.040748,0.53924
299899,2856897460,48540039,2026-10-06T05:18:18.753200+00:00,216918774605533,-145,4597,-2494,2951,84,2326,-5.075,160.895,-87.29,0.720044,0.020496,0.567544
299900,2856907226,48549805,2026-10-06T05:18:18.753955+00:00,216918775357551,-55,4690,-2274,3184,121,2574,-1.925,164.15,-79.59,0.776896,0.029524,0.628056
299901,2856916992,48559571,2026-10-06T05:18:18.794949+00:00,216918816360142,-7,4834,-2075,3324,165,2771,-0.245,169.19,-72.625,0.811056,0.04026,0.676124
299902,2856927734,48570313,2026-10-06T05:18:18.795709+00:00,216918817110865,23,5011,-1916,3386,203,2904,0.805,175.385,-67.06,0.826184,0.049532,0.708576
299903,2856937500,48580079,2026-10-06T05:18:18.796416+00:00,216918817817785,75,5203,-1807,3481,268,3015,2.625,182.105,-63.245,0.849364,0.065392,0.73566
299904,2856947265,48589844,2026-10-06T05:18:18.797357+00:00,216918818767503,151,5407,-1745,3568,424,3093,5.285,189.245,-61.075,0.870592,0.103456,0.754692
299905,2856957031,48599610,2026-10-06T05:18:18.884847+00:00,216918906259890,185,5606,-1711,3456,596,3033,6.475,196.21,-59.885,0.843264,0.145424,0.740052
299906,2856967773,48610352,2026-10-06T05:18:18.886366+00:00,216918907773993,175,5742,-1696,3257,748,2941,6.125,200.97,-59.36,0.794708,0.182512,0.717604
299907,2856977539,48620118,2026-10-06T05:18:18.887446+00:00,216918908852793,136,5795,-1713,3024,877,2852,4.76,202.825,-59.955,0.737856,0.213988,0.695888
299908,2856987304,48629883,2026-10-06T05:18:18.888718+00:00,216918910124808,96,5767,-1773,2832,968,2852,3.36,201.845,-62.055,0.691008,0.236192,0.695888
299909,2856992187,48634766,2026-10-06T05:18:18.889812+00:00,216918911213524,74,5697,-1892,2627,1063,2877,2.59,199.395,-66.22,0.640988,0.259372,0.701988
299910,2857001953,48644532,2026-10-06T05:18:18.890670+00:00,216918912068946,86,5599,-2078,2520,1119,3065,3.01,195.965,-72.73,0.61488,0.273036,0.74786
299911,2857012695,48655274,2026-10-06T05:18:18.891701+00:00,216918913102728,136,5513,-2314,2533,1203,3319,4.76,192.955,-80.99,0.618052,0.293532,0.809836
299912,2857022460,48665039,2026-10-06T05:18:18.892641+00:00,216918914040315,185,5462,-2563,2560,1329,3551,6.475,191.17,-89.705,0.62464,0.324276,0.866444
299913,2857032226,48674805,2026-10-06T05:18:18.893617+00:00,216918915041868,177,5427,-2783,2707,1452,3889,6.195,189.945,-97.405,0.660508,0.354288,0.948916
299914,2857041992,48684571,2026-10-06T05:18:18.894273+00:00,216918915670434,136,5442,-2970,3076,1470,4295,4.76,190.47,-103.95,0.750544,0.35868,1.04798
299915,2857052734,48695313,2026-10-06T05:18:18.929994+00:00,216918951407941,108,5561,-3138,3478,1516,4696,3.78,194.635,-109.83,0.848632,0.369904,1.145824
299916,2857062500,48705079,2026-10-06T05:18:18.931041+00:00,216918952452316,80,5775,-3297,3745,1576,4957,2.8,202.125,-115.395,0.91378,0.384544,1.209508
299917,2857072265,48714844,2026-10-06T05:18:18.932016+00:00,216918953422200,35,6016,-3459,3818,1698,5015,1.225,210.56,-121.065,0.931592,0.414312,1.22366
299918,2857082031,48724610,2026-10-06T05:18:18.932929+00:00,216918954334004,-72,6194,-3610,3803,1706,4955,-2.52,216.79,-126.35,0.927932,0.416264,1.20902
299919,2857087890,48730469,2026-10-06T05:18:18.933605+00:00,216918955028795,-174,6280,-3753,3837,1603,4853,-6.09,219.8,-131.355,0.936228,0.391132,1.184132
299920,2857097656,48740235,2026-10-06T05:18:18.975829+00:00,216918997243527,-218,6271,-3884,3967,1533,4805,-7.63,219.485,-135.94,0.967948,0.374052,1.17242
299921,2857107421,48750000,2026-10-06T05:18:18.976645+00:00,216918998051099,-225,6199,-3988,4257,1546,4853,-7.875,216.965,-139.58,1.038708,0.377224,1.184132
299922,2857117187,48759766,2026-10-06T05:18:18.977376+00:00,216918998781515,-238,6112,-4060,4707,1548,4972,-8.33,213.92,-142.1,1.148508,0.377712,1.213168
299923,2857126953,48769532,2026-10-06T05:18:18.978035+00:00,216918999439741,-263,6052,-4113,5202,1375,5077,-9.205,211.82,-143.955,1.269288,0.3355,1.238788
299924,2857137695,48780274,2026-10-06T05:18:19.021075+00:00,216919042487598,-265,6042,-4131,5649,1015,5042,-9.275,211.47,-144.585,1.378356,0.24766,1.230248
299925,2857147460,48790039,2026-10-06T05:18:19.021840+00:00,216919043248651,-227,6048,-4075,5998,638,4830,-7.945,211.68,-142.625,1.463512,0.155672,1.17852
299926,2857157226,48799805,2026-10-06T05:18:19.022547+00:00,216919043951002,-179,6026,-3900,6348,313,4324,-6.265,210.91,-136.5,1.548912,0.076372,1.055056
299927,2857166992,48809571,2026-10-06T05:18:19.023273+00:00,216919044680418,-163,5921,-3579,6383,170,3455,-5.705,207.235,-125.265,1.557452,0.04148,0.84302
299928,2857177734,48820313,2026-10-06T05:18:19.023918+00:00,216919045318408,-209,5629,-3114,6289,9,2425,-7.315,197.015,-108.99,1.534516,0.002196,0.5917
299929,2857182617,48825196,2026-10-06T05:18:19.065193+00:00,216919086606339,-245,5140,-2532,6206,-154,1446,-8.575,179.9,-88.62,1.514264,-0.037576,0.352824
299930,2857192382,48834961,2026-10-06T05:18:19.072288+00:00,216919093699467,-189,4511,-1925,6035,-370,526,-6.615,157.885,-67.375,1.47254,-0.09028,0.128344
299931,2857202148,48844727,2026-10-06T05:18:19.073092+00:00,216919094503504,16,3775,-1413,6152,-843,-235,0.56,132.125,-49.455,1.501088,-0.205692,-0.05734
299932,2857212890,48855469,2026-10-06T05:18:19.073409+00:00,216919094813762,429,3025,-998,6807,-468,-884,15.015,105.875,-34.93,1.660908,-0.114192,-0.215696
299933,2857222656,48865235,2026-10-06T05:18:19.073705+00:00,216919095110021,647,2298,-570,7080,-165,-1773,22.645,80.43,-19.95,1.72752,-0.04026,-0.432612
299934,2857232421,48875000,2026-10-06T05:18:19.110891+00:00,216919132308187,657,1490,-216,7350,-183,-2376,22.995,52.15,-7.56,1.7934,-0.044652,-0.579744
299935,2857242187,48884766,2026-10-06T05:18:19.111558+00:00,216919132967028,637,628,-12,7653,-70,-2661,22.295,21.98,-0.42,1.867332,-0.01708,-0.649284
299936,2857251953,48894532,2026-10-06T05:18:19.112741+00:00,216919134148509,490,-248,134,7257,609,-3012,17.15,-8.68,4.69,1.770708,0.148596,-0.734928
299937,2857262695,48905274,2026-10-06T05:18:19.155294+00:00,216919176709465,-157,-1391,335,6425,1503,-2922,-5.495,-48.685,11.725,1.5677,0.366732,-0.712968
299938,2857272460,48915039,2026-10-06T05:18:19.156298+00:00,216919177710089,-1201,-2391,397,1585,-16,893,-42.035,-83.685,13.895,0.38674,-0.003904,0.217892
299939,2857282226,48924805,2026-10-06T05:18:19.157100+00:00,216919178506139,-1039,-2743,431,-607,1601,8798,-36.365,-96.005,15.085,-0.148108,0.390644,2.146712
299940,2857291992,48934571,2026-10-06T05:18:19.158109+00:00,216919179520579,-886,-2217,464,-5358,1933,12712,-31.01,-77.595,16.24,-1.307352,0.471652,3.101728
299941,2857297851,48940430,2026-10-06T05:18:19.159013+00:00,216919180422938,-1131,-2140,532,-5677,-662,3831,-39.585,-74.9,18.62,-1.385188,-0.161528,0.934764
299942,2857307617,48950196,2026-10-06T05:18:19.159903+00:00,216919181302869,-612,-3605,997,-3914,-1110,-559,-21.42,-126.175,34.895,-0.955016,-0.27084,-0.136396
299943,2857317382,48959961,2026-10-06T05:18:19.199951+00:00,216919221366198,-519,-5547,1436,1139,-1281,1313,-18.165,-194.145,50.26,0.277916,-0.312564,0.320372
299944,2857327148,48969727,2026-10-06T05:18:19.200771+00:00,216919222169183,-220,-6202,1520,5211,-796,5613,-7.7,-217.07,53.2,1.271484,-0.194224,1.369572
299945,2857337890,48980469,2026-10-06T05:18:19.202051+00:00,216919223461049,452,-5217,1190,5413,132,7951,15.82,-182.595,41.65,1.320772,0.032208,1.940044
299946,2857347656,48990235,2026-10-06T05:18:19.206130+00:00,216919227547268,1103,-3856,740,3620,1125,6704,38.605,-134.96,25.9,0.88328,0.2745,1.635776
299947,2857357421,49000000,2026-10-06T05:18:19.207161+00:00,216919228566428,1292,-3139,573,2799,1793,4564,45.22,-109.865,20.055,0.682956,0.437492,1.113616
299948,2857367187,49009766,2026-10-06T05:18:19.244964+00:00,216919266378304,1257,-2911,410,3267,2325,4717,43.995,-101.885,14.35,0.797148,0.5673,1.150948
299949,2857376953,49019532,2026-10-06T05:18:19.245577+00:00,216919266982535,1190,-2544,88,3887,3292,5812,41.65,-89.04,3.08,0.948428,0.803248,1.418128
299950,2857382812,49025391,2026-10-06T05:18:19.246180+00:00,216919267577371,778,-1883,-61,3538,2786,5804,27.23,-65.905,-2.135,0.863272,0.679784,1.416176
299951,2857392578,49035157,2026-10-06T05:18:19.246893+00:00,216919268300145,442,-1241,-85,2554,2280,4619,15.47,-43.435,-2.975,0.623176,0.55632,1.127036
299952,2857402343,49044922,2026-10-06T05:18:19.247462+00:00,216919268862517,198,-916,-48,2334,2443,4616,6.93,-32.06,-1.68,0.569496,0.596092,1.126304
299953,2857412109,49054688,2026-10-06T05:18:19.291439+00:00,216919312852138,-55,-643,-27,1552,1906,4096,-1.925,-22.505,-0.945,0.378688,0.465064,0.999424
299954,2857422851,49065430,2026-10-06T05:18:19.292458+00:00,216919313864273,-113,-544,-50,1589,1550,4064,-3.955,-19.04,-1.75,0.387716,0.3782,0.991616
299955,2857432617,49075196,2026-10-06T05:18:19.293677+00:00,216919315084042,-124,-418,-52,1758,1390,4036,-4.34,-14.63,-1.82,0.428952,0.33916,0.984784
299956,2857442382,49084961,2026-10-06T05:18:19.294781+00:00,216919316187956,-123,-262,-37,1462,1233,3905,-4.305,-9.17,-1.295,0.356728,0.300852,0.95282
299957,2857452148,49094727,2026-10-06T05:18:19.339128+00:00,216919360546016,-110,-158,-21,1017,1088,3832,-3.85,-5.53,-0.735,0.248148,0.265472,0.935008
299958,2857462890,49105469,2026-10-06T05:18:19.340104+00:00,216919361511695,-78,-153,-4,757,910,3791,-2.73,-5.355,-0.14,0.184708,0.22204,0.925004
299959,2857472656,49115235,2026-10-06T05:18:19.341909+00:00,216919363322620,-6,-211,15,833,845,3853,-0.21,-7.385,0.525,0.203252,0.20618,0.940132
299960,2857482421,49125000,2026-10-06T05:18:19.343140+00:00,216919364549974,93,-247,27,1090,1082,3897,3.255,-8.645,0.945,0.26596,0.264008,0.950868
299961,2857487304,49129883,2026-10-06T05:18:19.344515+00:00,216919365917426,111,-239,25,1149,1139,3877,3.885,-8.365,0.875,0.280356,0.277916,0.945988
299962,2857497070,49139649,2026-10-06T05:18:19.379856+00:00,216919401269598,146,-217,10,957,1506,3978,5.11,-7.595,0.35,0.233508,0.367464,0.970632
299963,2857507812,49150391,2026-10-06T05:18:19.380444+00:00,216919401849357,74,-227,33,997,1438,3595,2.59,-7.945,1.155,0.243268,0.350872,0.87718
299964,2857517578,49160157,2026-10-06T05:18:19.381490+00:00,216919402894895,-1,-277,70,1134,1469,3751,-0.035,-9.695,2.45,0.276696,0.358436,0.915244
299965,2857527343,49169922,2026-10-06T05:18:19.382414+00:00,216919403822482,-52,-257,64,1223,1530,4177,-1.82,-8.995,2.24,0.298412,0.37332,1.019188
299966,2857537109,49179688,2026-10-06T05:18:19.383170+00:00,216919404569996,-109,-220,100,965,1164,3598,-3.815,-7.7,3.5,0.23546,0.284016,0.877912
299967,2857547851,49190430,2026-10-06T05:18:19.472423+00:00,216919493837428,-92,-255,129,1515,1364,4048,-3.22,-8.925,4.515,0.36966,0.332816,0.987712
299968,2857557617,49200196,2026-10-06T05:18:19.473284+00:00,216919494696858,-115,-174,122,1217,1057,3920,-4.025,-6.09,4.27,0.296948,0.257908,0.95648
299969,2857567382,49209961,2026-10-06T05:18:19.480492+00:00,216919501907615,-71,-171,126,1073,1103,4001,-2.485,-5.985,4.41,0.261812,0.269132,0.976244
299970,2857577148,49219727,2026-10-06T05:18:19.480840+00:00,216919502243316,-39,-190,128,1229,1192,4052,-1.365,-6.65,4.48,0.299876,0.290848,0.988688
299971,2857587890,49230469,2026-10-06T05:18:19.481108+00:00,216919502510768,-17,-184,127,1261,1248,3990,-0.595,-6.44,4.445,0.307684,0.304512,0.97356
299972,2857592773,49235352,2026-10-06T05:18:19.481355+00:00,216919502756247,-8,-188,123,1286,1289,3847,-0.28,-6.58,4.305,0.313784,0.314516,0.938668
299973,2857602539,49245118,2026-10-06T05:18:19.481699+00:00,216919503102986,-26,-221,132,1369,1318,3866,-0.91,-7.735,4.62,0.334036,0.321592,0.943304
299974,2857612304,49254883,2026-10-06T05:18:19.482067+00:00,216919503473066,-52,-247,143,1405,1305,3829,-1.82,-8.645,5.005,0.34282,0.31842,0.934276
299975,2857622070,49264649,2026-10-06T05:18:19.484887+00:00,216919506297177,-97,-277,156,1520,1183,4004,-3.395,-9.695,5.46,0.37088,0.288652,0.976976
299976,2857632812,49275391,2026-10-06T05:18:19.485240+00:00,216919506643121,-79,-253,142,1538,1106,4155,-2.765,-8.855,4.97,0.375272,0.269864,1.01382
299977,2857642578,49285157,2026-10-06T05:18:19.515270+00:00,216919536682408,3,-195,127,1448,1187,4019,0.105,-6.825,4.445,0.353312,0.289628,0.980636
299978,2857652343,49294922,2026-10-06T05:18:19.516072+00:00,216919537475753,50,-192,128,1575,1390,3857,1.75,-6.72,4.48,0.3843,0.33916,0.941108
299979,2857662109,49304688,2026-10-06T05:18:19.517104+00:00,216919538511304,27,-173,109,1574,1223,4064,0.945,-6.055,3.815,0.384056,0.298412,0.991616
299980,2857672851,49315430,2026-10-06T05:18:19.518086+00:00,216919539495263,10,-127,107,1287,1142,3823,0.35,-4.445,3.745,0.314028,0.278648,0.932812
299981,2857677734,49320313,2026-10-06T05:18:19.561846+00:00,216919583250247,-3,-160,124,1243,1091,3761,-0.105,-5.6,4.34,0.303292,0.266204,0.917684
299982,2857687500,49330079,2026-10-06T05:18:19.562796+00:00,216919584195047,26,-190,151,1158,1351,3840,0.91,-6.65,5.285,0.282552,0.329644,0.93696
299983,2857697265,49339844,2026-10-06T05:18:19.563579+00:00,216919584977903,-17,-214,193,1138,1359,3636,-0.595,-7.49,6.755,0.277672,0.331596,0.887184
299984,2857707031,49349610,2026-10-06T05:18:19.565090+00:00,216919586491280,-67,-268,225,1382,1397,3585,-2.345,-9.38,7.875,0.337208,0.340868,0.87474
299985,2857717773,49360352,2026-10-06T05:18:19.566192+00:00,216919587590837,-141,-297,249,1232,1327,3733,-4.935,-10.395,8.715,0.300608,0.323788,0.910852
299986,2857727539,49370118,2026-10-06T05:18:19.649304+00:00,216919670701507,-173,-312,256,1374,1245,3622,-6.055,-10.92,8.96,0.335256,0.30378,0.883768
299987,2857737304,49379883,2026-10-06T05:18:19.649605+00:00,216919670993064,-205,-330,285,1531,1215,3889,-7.175,-11.55,9.975,0.373564,0.29646,0.948916
299988,2857747070,49389649,2026-10-06T05:18:19.649793+00:00,216919671180141,-200,-291,260,1419,1071,3865,-7.0,-10.185,9.1,0.346236,0.261324,0.94306
299989,2857757812,49400391,2026-10-06T05:18:19.651566+00:00,216919672958691,-158,-262,242,1442,1072,3928,-5.53,-9.17,8.47,0.351848,0.261568,0.958432
299990,2857767578,49410157,2026-10-06T05:18:19.651669+00:00,216919673056475,-129,-245,231,1538,1094,3753,-4.515,-8.575,8.085,0.375272,0.266936,0.915732
299991,2857777343,49419922,2026-10-06T05:18:19.656307+00:00,216919677699737,-127,-245,230,1454,1139,3840,-4.445,-8.575,8.05,0.354776,0.277916,0.93696
299992,2857787109,49429688,2026-10-06T05:18:19.656537+00:00,216919677923445,-129,-247,219,1525,1051,3664,-4.515,-8.645,7.665,0.3721,0.256444,0.894016
299993,2857791992,49434571,2026-10-06T05:18:19.694157+00:00,216919715554844,-131,-266,224,1592,1104,3764,-4.585,-9.31,7.84,0.388448,0.269376,0.918416
299994,2857802734,49445313,2026-10-06T05:18:19.694503+00:00,216919715892379,-147,-261,217,1250,1114,3910,-5.145,-9.135,7.595,0.305,0.271816,0.95404
299995,2857812500,49455079,2026-10-06T05:18:19.698375+00:00,216919719770467,-141,-255,204,1282,1063,3735,-4.935,-8.925,7.14,0.312808,0.259372,0.91134
299996,2857822265,49464844,2026-10-06T05:18:19.740096+00:00,216919761492217,-138,-313,245,1477,1233,3695,-4.83,-10.955,8.575,0.360388,0.300852,0.90158
299997,2857832031,49474610,2026-10-06T05:18:19.740230+00:00,216919761617080,-188,-343,247,1253,1214,3984,-6.58,-12.005,8.645,0.305732,0.296216,0.972096
299998,2857842773,49485352,2026-10-06T05:18:19.740351+00:00,216919761740108,-200,-326,211,1508,947,3743,-7.0,-11.41,7.385,0.367952,0.231068,0.913292
299999,2857852539,49495118,2026-10-06T05:18:19.740588+00:00,216919761975846,-197,-349,246,1550,1198,3984,-6.895,-12.215,8.61,0.3782,0.292312,0.972096
300000,2857862304,49504883,2026-10-06T05:18:19.742962+00:00,216919764350840,-195,-328,201,1386,1136,3896,-6.825,-11.48,7.035,0.338184,0.277184,0.950624
300001,2857872070,49514649,2026-10-06T05:18:19.743124+00:00,216919764513042,-182,-302,168,1433,1001,4049,-6.37,-10.57,5.88,0.349652,0.244244,0.987956
300002,2857882812,49525391,2026-10-06T05:18:19.743238+00:00,216919764626788,-133,-281,167,1241,1177,3867,-4.655,-9.835,5.845,0.302804,0.287188,0.943548
300003,2857887695,49530274,2026-10-06T05:18:19.745962+00:00,216919767350679,-152,-317,171,1410,1170,3713,-5.32,-11.095,5.985,0.34404,0.28548,0.905972
300004,2857897460,49540039,2026-10-06T05:18:19.746089+00:00,216919767477206,-185,-362,189,1472,1178,3881,-6.475,-12.67,6.615,0.359168,0.287432,0.946964
300005,2857907226,49549805,2026-10-06T05:18:19.785170+00:00,216919806568266,-213,-372,191,1414,1119,3794,-7.455,-13.02,6.685,0.345016,0.273036,0.925736
300006,2857916992,49559571,2026-10-06T05:18:19.785516+00:00,216919806906684,-234,-390,196,1436,1191,3971,-8.19,-13.65,6.86,0.350384,0.290604,0.968924
300007,2857927734,49570313,2026-10-06T05:18:19.787675+00:00,216919809077139,-248,-382,185,1455,1087,3779,-8.68,-13.37,6.475,0.35502,0.265228,0.922076
300008,2857937500,49580079,2026-10-06T05:18:19.787925+00:00,216919809313228,-262,-394,200,1362,1091,3890,-9.17,-13.79,7.0,0.332328,0.266204,0.94916
300009,2857947265,49589844,2026-10-06T05:18:19.829138+00:00,216919850533764,-259,-422,209,1334,1098,3654,-9.065,-14.77,7.315,0.325496,0.267912,0.891576
300010,2857957031,49599610,2026-10-06T05:18:19.829294+00:00,216919850681667,-295,-494,243,1509,1110,3844,-10.325,-17.29,8.505,0.368196,0.27084,0.937936
300011,2857967773,49610352,2026-10-06T05:18:19.830973+00:00,216919852362901,-314,-513,255,1646,980,3793,-10.99,-17.955,8.925,0.401624,0.23912,0.925492
300012,2857977539,49620118,2026-10-06T05:18:19.831175+00:00,216919852565136,-301,-503,248,1650,1014,3817,-10.535,-17.605,8.68,0.4026,0.247416,0.931348
300013,2857987304,49629883,2026-10-06T05:18:19.831356+00:00,216919852743780,-282,-494,235,1548,969,3870,-9.87,-17.29,8.225,0.377712,0.236436,0.94428
300014,2857992187,49634766,2026-10-06T05:18:19.876417+00:00,216919897819021,-248,-490,227,1299,948,3623,-8.68,-17.15,7.945,0.316956,0.231312,0.884012
300015,2858001953,49644532,2026-10-06T05:18:19.876827+00:00,216919898222739,-231,-553,255,1164,1112,3753,-8.085,-19.355,8.925,0.284016,0.271328,0.915732
300016,2858012695,49655274,2026-10-06T05:18:19.877175+00:00,216919898566772,-290,-640,308,1493,1049,3893,-10.15,-22.4,10.78,0.364292,0.255956,0.949892
300017,2858022460,49665039,2026-10-06T05:18:19.877508+00:00,216919898903805,-288,-631,350,1520,1092,3684,-10.08,-22.085,12.25,0.37088,0.266448,0.898896
300018,2858032226,49674805,2026-10-06T05:18:19.878166+00:00,216919899561332,-326,-666,379,1826,974,4071,-11.41,-23.31,13.265,0.445544,0.237656,0.993324
300019,2858041992,49684571,2026-10-06T05:18:19.924332+00:00,216919945741781,-276,-580,349,1619,786,3845,-9.66,-20.3,12.215,0.395036,0.191784,0.93818
300020,2858052734,49695313,2026-10-06T05:18:19.925352+00:00,216919946757641,-215,-552,352,1552,952,3966,-7.525,-19.32,12.32,0.378688,0.232288,0.967704
300021,2858062500,49705079,2026-10-06T05:18:19.926185+00:00,216919947592754,-187,-535,353,1549,849,3863,-6.545,-18.725,12.355,0.377956,0.207156,0.942572
300022,2858072265,49714844,2026-10-06T05:18:19.926954+00:00,216919948362626,-138,-530,379,1616,952,3969,-4.83,-18.55,13.265,0.394304,0.232288,0.968436
300023,2858082031,49724610,2026-10-06T05:18:19.964833+00:00,216919986249055,-126,-513,395,1644,945,3890,-4.41,-17.955,13.825,0.401136,0.23058,0.94916
300024,2858087890,49730469,2026-10-06T05:18:19.965389+00:00,216919986794843,-102,-518,392,1777,830,3873,-3.57,-18.13,13.72,0.433588,0.20252,0.945012
300025,2858097656,49740235,2026-10-06T05:18:19.966680+00:00,216919988079536,-68,-516,366,1686,831,4080,-2.38,-18.06,12.81,0.411384,0.202764,0.99552
300026,2858107421,49750000,2026-10-06T05:18:19.967346+00:00,216919988749212,-5,-483,291,1679,605,3766,-0.175,-16.905,10.185,0.409676,0.14762,0.918904
300027,2858117187,49759766,2026-10-06T05:18:19.968084+00:00,216919989489754,56,-534,271,2129,751,3844,1.96,-18.69,9.485,0.519476,0.183244,0.937936
300028,2858126953,49769532,2026-10-06T05:18:20.010843+00:00,216920032259116,101,-523,219,1834,793,3950,3.535,-18.305,7.665,0.447496,0.193492,0.9638
300029,2858137695,49780274,2026-10-06T05:18:20.012014+00:00,216920033420709,167,-535,143,1844,747,3845,5.845,-18.725,5.005,0.449936,0.182268,0.93818
300030,2858147460,49790039,2026-10-06T05:18:20.013548+00:00,216920034955327,201,-570,133,1734,832,3769,7.035,-19.95,4.655,0.423096,0.203008,0.919636
300031,2858157226,49799805,2026-10-06T05:18:20.018446+00:00,216920039862058,225,-612,119,1814,863,3863,7.875,-21.42,4.165,0.442616,0.210572,0.942572
300032,2858166992,49809571,2026-10-06T05:18:20.018813+00:00,216920040217662,260,-644,109,1796,814,3829,9.1,-22.54,3.815,0.438224,0.198616,0.934276
300033,2858172851,49815430,2026-10-06T05:18:20.056030+00:00,216920077447011,263,-693,145,1751,781,3684,9.205,-24.255,5.075,0.427244,0.190564,0.898896
300034,2858182617,49825196,2026-10-06T05:18:20.057760+00:00,216920079167928,234,-793,214,1838,533,3298,8.19,-27.755,7.49,0.448472,0.130052,0.804712
300035,2858192382,49834961,2026-10-06T05:18:20.058501+00:00,216920079900586,206,-990,326,1966,658,3378,7.21,-34.65,11.41,0.479704,0.160552,0.824232
300036,2858202148,49844727,2026-10-06T05:18:20.059336+00:00,216920080743213,265,-1222,387,1949,1109,4124,9.275,-42.77,13.545,0.475556,0.270596,1.006256
300037,2858212890,49855469,2026-10-06T05:18:20.060007+00:00,216920081410547,330,-1213,263,1378,1616,4431,11.55,-42.455,9.205,0.336232,0.394304,1.081164
300038,2858222656,49865235,2026-10-06T05:18:20.099825+00:00,216920121236543,285,-1213,195,951,1618,4006,9.975,-42.455,6.825,0.232044,0.394792,0.977464
300039,2858232421,49875000,2026-10-06T05:18:20.100428+00:00,216920121830498,223,-1444,298,1728,1243,3662,7.805,-50.54,10.43,0.421632,0.303292,0.893528
300040,2858242187,49884766,2026-10-06T05:18:20.102285+00:00,216920123699519,270,-1706,441,1738,1057,3680,9.45,-59.71,15.435,0.424072,0.257908,0.89792
300041,2858251953,49894532,2026-10-06T05:18:20.104710+00:00,216920126125353,365,-1941,473,1502,697,4111,12.775,-67.935,16.555,0.366488,0.170068,1.003084
300042,2858262695,49905274,2026-10-06T05:18:20.144834+00:00,216920166243782,485,-2099,470,1273,1102,3803,16.975,-73.465,16.45,0.310612,0.268888,0.927932
300043,2858272460,49915039,2026-10-06T05:18:20.145430+00:00,216920166833976,484,-2394,422,1816,932,3771,16.94,-83.79,14.77,0.443104,0.227408,0.920124
300044,2858282226,49924805,2026-10-06T05:18:20.146507+00:00,216920167910448,533,-2686,340,1983,829,3864,18.655,-94.01,11.9,0.483852,0.202276,0.942816
300045,2858291992,49934571,2026-10-06T05:18:20.147091+00:00,216920168494930,531,-2922,255,1699,628,4054,18.585,-102.27,8.925,0.414556,0.153232,0.989176
300046,2858297851,49940430,2026-10-06T05:18:20.147904+00:00,216920169307838,487,-3182,254,1708,737,3942,17.045,-111.37,8.89,0.416752,0.179828,0.961848
300047,2858307617,49950196,2026-10-06T05:18:20.191325+00:00,216920212736576,490,-3488,267,1892,911,3776,17.15,-122.08,9.345,0.461648,0.222284,0.921344
300048,2858317382,49959961,2026-10-06T05:18:20.192298+00:00,216920213706380,440,-3834,289,2149,860,3718,15.4,-134.19,10.115,0.524356,0.20984,0.907192
300049,2858327148,49969727,2026-10-06T05:18:20.193185+00:00,216920214590268,442,-4129,289,1839,890,3791,15.47,-144.515,10.115,0.448716,0.21716,0.925004
300050,2858337890,49980469,2026-10-06T05:18:20.194173+00:00,216920215572897,444,-4464,324,1982,815,3635,15.54,-156.24,11.34,0.483608,0.19886,0.88694
300051,2858347656,49990235,2026-10-06T05:18:20.195078+00:00,216920216476856,423,-4826,453,2077,1121,3541,14.805,-168.91,15.855,0.506788,0.273524,0.864004
300052,2858357421,50000000,2026-10-06T05:18:20.235297+00:00,216920256713770,279,-5193,576,2116,947,3336,9.765,-181.755,20.16,0.516304,0.231068,0.813984
300053,2858367187,50009766,2026-10-06T05:18:20.238164+00:00,216920259578641,290,-5529,639,2152,967,3375,10.15,-193.515,22.365,0.525088,0.235948,0.8235
300054,2858376953,50019532,2026-10-06T05:18:20.238597+00:00,216920260027643,299,-5842,676,2577,946,3171,10.465,-204.47,23.66,0.628788,0.230824,0.773724
300055,2858382812,50025391,2026-10-06T05:18:20.240112+00:00,216920261515393,309,-6121,690,2930,830,3198,10.815,-214.235,24.15,0.71492,0.20252,0.780312
300056,2858392578,50035157,2026-10-06T05:18:20.240611+00:00,216920262034301,369,-6319,668,3070,788,3449,12.915,-221.165,23.38,0.74908,0.192272,0.841556
300057,2858402343,50044922,2026-10-06T05:18:20.280856+00:00,216920302268924,513,-6443,618,3216,391,3208,17.955,-225.505,21.63,0.784704,0.095404,0.782752
300058,2858412109,50054688,2026-10-06T05:18:20.281436+00:00,216920302834286,841,-6602,594,3909,631,3207,29.435,-231.07,20.79,0.953796,0.153964,0.782508
300059,2858422851,50065430,2026-10-06T05:18:20.282184+00:00,216920303589797,1201,-6717,551,4228,774,3554,42.035,-235.095,19.285,1.031632,0.188856,0.867176
300060,2858432617,50075196,2026-10-06T05:18:20.282952+00:00,216920304355734,1606,-6756,533,4221,717,3190,56.21,-236.46,18.655,1.029924,0.174948,0.77836
300061,2858442382,50084961,2026-10-06T05:18:20.325926+00:00,216920347345093,1984,-6835,630,4690,1280,3720,69.44,-239.225,22.05,1.14436,0.31232,0.90768
300062,2858452148,50094727,2026-10-06T05:18:20.326570+00:00,216920347969767,2094,-6798,800,4718,1556,3597,73.29,-237.93,28.0,1.151192,0.379664,0.877668
300063,2858462890,50105469,2026-10-06T05:18:20.327128+00:00,216920348531091,2062,-6774,1022,4339,1568,3394,72.17,-237.09,35.77,1.058716,0.382592,0.828136
300064,2858472656,50115235,2026-10-06T05:18:20.327694+00:00,216920349093746,2060,-6786,1269,4127,1549,3286,72.1,-237.51,44.415,1.006988,0.377956,0.801784
300065,2858482421,50125000,2026-10-06T05:18:20.328244+00:00,216920349640474,2160,-6795,1484,4281,1611,3373,75.6,-237.825,51.94,1.044564,0.393084,0.823012
300066,2858487304,50129883,2026-10-06T05:18:20.371229+00:00,216920392648636,2350,-6674,1674,4431,1687,3258,82.25,-233.59,58.59,1.081164,0.411628,0.794952
300067,2858497070,50139649,2026-10-06T05:18:20.372166+00:00,216920393572282,2613,-6464,1811,5108,2125,3462,91.455,-226.24,63.385,1.246352,0.5185,0.844728
300068,2858507812,50150391,2026-10-06T05:18:20.373410+00:00,216920394809655,2777,-6051,1907,6009,1809,4143,97.195,-211.785,66.745,1.466196,0.441396,1.010892
300069,2858517578,50160157,2026-10-06T05:18:20.374527+00:00,216920395925597,2979,-5283,2042,5645,1531,3610,104.265,-184.905,71.47,1.37738,0.373564,0.88084
300070,2858527343,50169922,2026-10-06T05:18:20.375210+00:00,216920396613921,2877,-4521,2367,6194,1360,3837,100.695,-158.235,82.845,1.511336,0.33184,0.936228
300071,2858537109,50179688,2026-10-06T05:18:20.415738+00:00,216920437148928,2622,-3340,2705,5530,366,4203,91.77,-116.9,94.675,1.34932,0.089304,1.025532
300072,2858547851,50190430,2026-10-06T05:18:20.416366+00:00,216920437773022,2842,-1831,3102,5679,1506,5942,99.47,-64.085,108.57,1.385676,0.367464,1.449848
300073,2858557617,50200196,2026-10-06T05:18:20.417177+00:00,216920438582607,2496,-108,3694,4783,1625,6708,87.36,-3.78,129.29,1.167052,0.3965,1.636752
300074,2858567382,50209961,2026-10-06T05:18:20.418258+00:00,216920439668371,1643,1334,4430,3542,1091,4995,57.505,46.69,155.05,0.864248,0.266204,1.21878
300075,2858577148,50219727,2026-10-06T05:18:20.459841+00:00,216920481396186,1199,2146,4795,3479,2128,5007,41.965,75.11,167.825,0.848876,0.519232,1.221708
300076,2858587890,50230469,2026-10-06T05:18:20.460467+00:00,216920481870726,638,2963,4868,798,2224,2780,22.33,103.705,170.38,0.194712,0.542656,0.67832
300077,2858592773,50235352,2026-10-06T05:18:20.462687+00:00,216920484091875,262,3002,4694,62,2480,1643,9.17,105.07,164.29,0.015128,0.60512,0.400892
300078,2858602539,50245118,2026-10-06T05:18:20.463334+00:00,216920484738535,-13,2657,4220,75,2380,929,-0.455,92.995,147.7,0.0183,0.58072,0.226676
300079,2858612304,50254883,2026-10-06T05:18:20.464031+00:00,216920485434902,38,2229,3512,328,2522,1205,1.33,78.015,122.92,0.080032,0.615368,0.29402
300080,2858622070,50264649,2026-10-06T05:18:20.506811+00:00,216920528222459,207,1938,2557,312,2618,1207,7.245,67.83,89.495,0.076128,0.638792,0.294508
300081,2858632812,50275391,2026-10-06T05:18:20.507602+00:00,216920529024337,444,1673,1414,630,2928,1402,15.54,58.555,49.49,0.15372,0.714432,0.342088
300082,2858642578,50285157,2026-10-06T05:18:20.508345+00:00,216920529751347,561,1503,237,1109,3143,1750,19.635,52.605,8.295,0.270596,0.766892,0.427
300083,2858652343,50294922,2026-10-06T05:18:20.509011+00:00,216920530415302,471,1464,-855,1735,3218,2154,16.485,51.24,-29.925,0.42334,0.785192,0.525576
300084,2858662109,50304688,2026-10-06T05:18:20.509657+00:00,216920531060628,229,1605,-1798,2710,2952,2851,8.015,56.175,-62.93,0.66124,0.720288,0.695644
300085,2858672851,50315430,2026-10-06T05:18:20.551226+00:00,216920572642967,-41,2044,-2586,3526,2434,3428,-1.435,71.54,-90.51,0.860344,0.593896,0.836432
300086,2858677734,50320313,2026-10-06T05:18:20.554865+00:00,216920576282937,-302,2721,-3149,3674,1788,3513,-10.57,95.235,-110.215,0.896456,0.436272,0.857172
300087,2858687500,50330079,2026-10-06T05:18:20.555183+00:00,216920576587274,-494,3398,-3413,3683,1082,3383,-17.29,118.93,-119.455,0.898652,0.264008,0.825452
300088,2858697265,50339844,2026-10-06T05:18:20.555509+00:00,216920576909261,-583,3990,-3421,3479,593,3021,-20.405,139.65,-119.735,0.848876,0.144692,0.737124
300089,2858707031,50349610,2026-10-06T05:18:20.558815+00:00,216920580215857,-627,4421,-3225,3302,176,2663,-21.945,154.735,-112.875,0.805688,0.042944,0.649772
300090,2858717773,50360352,2026-10-06T05:18:20.595017+00:00,216920616433947,-611,4694,-2895,3069,-130,2352,-21.385,164.29,-101.325,0.748836,-0.03172,0.573888
300091,2858727539,50370118,2026-10-06T05:18:20.595702+00:00,216920617105410,-506,4833,-2530,3046,-225,2342,-17.71,169.155,-88.55,0.743224,-0.0549,0.571448
300092,2858737304,50379883,2026-10-06T05:18:20.596324+00:00,216920617726460,-380,4923,-2198,3145,-225,2433,-13.3,172.305,-76.93,0.76738,-0.0549,0.593652
300093,2858747070,50389649,2026-10-06T05:18:20.596936+00:00,216920618333387,-242,5011,-1930,3479,-142,2717,-8.47,175.385,-67.55,0.848876,-0.034648,0.662948
300094,2858757812,50400391,2026-10-06T05:18:20.640365+00:00,216920661777344,-87,5183,-1731,3829,-13,3040,-3.045,181.405,-60.585,0.934276,-0.003172,0.74176
300095,2858767578,50410157,2026-10-06T05:18:20.641274+00:00,216920662672812,58,5444,-1591,3991,194,3195,2.03,190.54,-55.685,0.973804,0.047336,0.77958
300096,2858777343,50419922,2026-10-06T05:18:20.642291+00:00,216920663689276,155,5729,-1495,4058,512,3238,5.425,200.515,-52.325,0.990152,0.124928,0.790072
300097,2858787109,50429688,2026-10-06T05:18:20.643202+00:00,216920664601386,168,5989,-1449,3971,888,3125,5.88,209.615,-50.715,0.968924,0.216672,0.7625
300098,2858791992,50434571,2026-10-06T05:18:20.644111+00:00,216920665509715,47,6165,-1436,3768,1149,2945,1.645,215.775,-50.26,0.919392,0.280356,0.71858
300099,2858802734,50445313,2026-10-06T05:18:20.686415+00:00,216920707830326,-115,6230,-1465,3332,1211,2663,-4.025,218.05,-51.275,0.813008,0.295484,0.649772
300100,2858812500,50455079,2026-10-06T05:18:20.687287+00:00,216920708694057,-212,6155,-1554,2879,1213,2465,-7.42,215.425,-54.39,0.702476,0.295972,0.60146
300101,2858822265,50464844,2026-10-06T05:18:20.688256+00:00,216920709661104,-168,5963,-1718,2570,1118,2491,-5.88,208.705,-60.13,0.62708,0.272792,0.607804
300102,2858832031,50474610,2026-10-06T05:18:20.690236+00:00,216920711642397,39,5728,-1936,2679,1164,2857,1.365,200.48,-67.76,0.653676,0.284016,0.697108
300103,2858842773,50485352,2026-10-06T05:18:20.691676+00:00,216920713085929,304,5576,-2171,2992,1495,3332,10.64,195.16,-75.985,0.730048,0.36478,0.813008
300104,2858852539,50495118,2026-10-06T05:18:20.729842+00:00,216920751259840,464,5539,-2382,3383,1909,3752,16.24,193.865,-83.37,0.825452,0.465796,0.915488
300105,2858862304,50504883,2026-10-06T05:18:20.730489+00:00,216920751893720,444,5604,-2577,3633,2189,3944,15.54,196.14,-90.195,0.886452,0.534116,0.962336
300106,2858872070,50514649,2026-10-06T05:18:20.731527+00:00,216920752925838,318,5695,-2796,3718,2208,3981,11.13,199.325,-97.86,0.907192,0.538752,0.971364
300107,2858882812,50525391,2026-10-06T05:18:20.732173+00:00,216920753571220,200,5752,-3071,3679,2108,3959,7.0,201.32,-107.485,0.897676,0.514352,0.965996
300108,2858887695,50530274,2026-10-06T05:18:20.732741+00:00,216920754140274,129,5751,-3408,3653,2079,3968,4.515,201.285,-119.28,0.891332,0.507276,0.968192
300109,2858897460,50540039,2026-10-06T05:18:20.774985+00:00,216920796395340,39,5694,-3773,3616,2042,4006,1.365,199.29,-132.055,0.882304,0.498248,0.977464
300110,2858907226,50549805,2026-10-06T05:18:20.775932+00:00,216920797331249,-105,5581,-4111,3580,1916,4106,-3.675,195.335,-143.885,0.87352,0.467504,1.001864
300111,2858916992,50559571,2026-10-06T05:18:20.820736+00:00,216920842154003,-251,5437,-4386,3662,1576,4275,-8.785,190.295,-153.51,0.893528,0.384544,1.0431
300112,2858927734,50570313,2026-10-06T05:18:20.823013+00:00,216920844423452,-314,5303,-4561,3854,1264,4505,-10.99,185.605,-159.635,0.940376,0.308416,1.09922
300113,2858937500,50580079,2026-10-06T05:18:20.823936+00:00,216920845338136,-304,5218,-4593,4161,1098,4745,-10.64,182.63,-160.755,1.015284,0.267912,1.15778
300114,2858947265,50589844,2026-10-06T05:18:20.824510+00:00,216920845911137,-293,5201,-4460,4459,1015,4883,-10.255,182.035,-156.1,1.087996,0.24766,1.191452
300115,2858957031,50599610,2026-10-06T05:18:20.825105+00:00,216920846506972,-314,5224,-4179,4489,824,4697,-10.99,182.84,-146.265,1.095316,0.201056,1.146068
300116,2858967773,50610352,2026-10-06T05:18:20.825726+00:00,216920847127475,-281,5204,-3802,4595,584,4496,-9.835,182.14,-133.07,1.12118,0.142496,1.097024
300117,2858977539,50620118,2026-10-06T05:18:20.826279+00:00,216920847676535,-146,5152,-3400,4834,357,4305,-5.11,180.32,-119.0,1.179496,0.087108,1.05042
300118,2858982421,50625000,2026-10-06T05:18:20.864909+00:00,216920886320854,40,5100,-3009,5134,352,4188,1.4,178.5,-105.315,1.252696,0.085888,1.021872
300119,2858992187,50634766,2026-10-06T05:18:20.865801+00:00,216920887203232,161,5050,-2627,5328,489,3897,5.635,176.75,-91.945,1.300032,0.119316,0.950868
300120,2859001953,50644532,2026-10-06T05:18:20.866479+00:00,216920887883022,125,4956,-2244,5328,334,3382,4.375,173.46,-78.54,1.300032,0.081496,0.825208
300121,2859012695,50655274,2026-10-06T05:18:20.867195+00:00,216920888595859,95,4761,-1876,5086,-61,2697,3.325,166.635,-65.66,1.240984,-0.014884,0.658068
300122,2859022460,50665039,2026-10-06T05:18:20.868088+00:00,216920889500934,217,4427,-1515,4777,-376,2100,7.595,154.945,-53.025,1.165588,-0.091744,0.5124
300123,2859032226,50674805,2026-10-06T05:18:20.909905+00:00,216920931317074,461,3980,-1184,5077,-696,1606,16.135,139.3,-41.44,1.238788,-0.169824,0.391864
300124,2859041992,50684571,2026-10-06T05:18:20.910482+00:00,216920931881013,771,3563,-834,5627,-133,1078,26.985,124.705,-29.19,1.372988,-0.032452,0.263032
300125,2859052734,50695313,2026-10-06T05:18:20.911661+00:00,216920933061677,816,3168,-371,5621,-72,127,28.56,110.88,-12.985,1.371524,-0.017568,0.030988
300126,2859062500,50705079,2026-10-06T05:18:20.912339+00:00,216920933737559,834,2641,62,5415,-371,-793,29.19,92.435,2.17,1.32126,-0.090524,-0.193492
300127,2859072265,50714844,2026-10-06T05:18:21.045908+00:00,216921067322139,1015,1930,336,5305,-177,-1456,35.525,67.55,11.76,1.29442,-0.043188,-0.355264
300128,2859082031,50724610,2026-10-06T05:18:21.046610+00:00,216921068037476,1081,1077,497,5405,377,-1744,37.835,37.695,17.395,1.31882,0.091988,-0.425536
300129,2859087890,50730469,2026-10-06T05:18:21.047278+00:00,216921068683155,865,168,601,5499,681,-1724,30.275,5.88,21.035,1.341756,0.166164,-0.420656
300130,2859097656,50740235,2026-10-06T05:18:21.047936+00:00,216921069340585,558,-721,642,5527,760,-1427,19.53,-25.235,22.47,1.348588,0.18544,-0.348188
300131,2859107421,50750000,2026-10-06T05:18:21.048703+00:00,216921070107575,234,-1583,643,4908,2440,-1025,8.19,-55.405,22.505,1.197552,0.59536,-0.2501
300132,2859117187,50759766,2026-10-06T05:18:21.049488+00:00,216921070892495,-882,-2494,549,3553,2213,862,-30.87,-87.29,19.215,0.866932,0.539972,0.210328
300133,2859126953,50769532,2026-10-06T05:18:21.050216+00:00,216921071622188,-1600,-2778,224,-2439,1800,5392,-56.0,-97.23,7.84,-0.595116,0.4392,1.315648
300134,2859137695,50780274,2026-10-06T05:18:21.050950+00:00,216921072353253,-1539,-2670,-30,-2674,3636,13252,-53.865,-93.45,-1.05,-0.652456,0.887184,3.233488
300135,2859147460,50790039,2026-10-06T05:18:21.055078+00:00,216921076498098,-2167,-2168,-128,-6102,-244,7662,-75.845,-75.88,-4.48,-1.488888,-0.059536,1.869528
300136,2859157226,50799805,2026-10-06T05:18:21.055382+00:00,216921076781987,-1727,-2982,141,-4869,-2008,290,-60.445,-104.37,4.935,-1.188036,-0.489952,0.07076
300137,2859166992,50809571,2026-10-06T05:18:21.056095+00:00,216921077501478,-1300,-4905,774,-1344,-2440,-277,-45.5,-171.675,27.09,-0.327936,-0.59536,-0.067588
300138,2859177734,50820313,2026-10-06T05:18:21.057192+00:00,216921078597907,-1063,-6352,1249,3381,-2769,3399,-37.205,-222.32,43.715,0.824964,-0.675636,0.829356
300139,2859182617,50825196,2026-10-06T05:18:21.058615+00:00,216921080041166,-155,-6106,1308,5673,-1312,7343,-5.425,-213.71,45.78,1.384212,-0.320128,1.791692
300140,2859192382,50834961,2026-10-06T05:18:21.059610+00:00,216921081037164,688,-4766,950,5052,-327,7964,24.08,-166.81,33.25,1.232688,-0.079788,1.943216
300141,2859202148,50844727,2026-10-06T05:18:21.061031+00:00,216921082441592,1346,-3514,597,3771,984,5896,47.11,-122.99,20.895,0.920124,0.240096,1.438624
300142,2859212890,50855469,2026-10-06T05:18:21.091949+00:00,216921113353462,1497,-2868,442,3428,1615,4869,52.395,-100.38,15.47,0.836432,0.39406,1.188036
300143,2859222656,50865235,2026-10-06T05:18:21.092548+00:00,216921113952377,1531,-2447,202,3541,2526,5502,53.585,-85.645,7.07,0.864004,0.616344,1.342488
300144,2859232421,50875000,2026-10-06T05:18:21.093101+00:00,216921114505348,1344,-1899,6,3265,3346,5863,47.04,-66.465,0.21,0.79666,0.816424,1.430572
300145,2859242187,50884766,2026-10-06T05:18:21.093554+00:00,216921114956092,883,-1336,-41,2527,3343,4843,30.905,-46.76,-1.435,0.616588,0.815692,1.181692
300146,2859251953,50894532,2026-10-06T05:18:21.135049+00:00,216921156462958,434,-1019,-73,2636,3362,4639,15.19,-35.665,-2.555,0.643184,0.820328,1.131916
300147,2859262695,50905274,2026-10-06T05:18:21.136852+00:00,216921158261785,-42,-675,-110,2041,2524,4306,-1.47,-23.625,-3.85,0.498004,0.615856,1.050664
300148,2859272460,50915039,2026-10-06T05:18:21.138224+00:00,216921159633043,-257,-419,-138,1584,1695,4187,-8.995,-14.665,-4.83,0.386496,0.41358,1.021628
300149,2859282226,50924805,2026-10-06T05:18:21.139589+00:00,216921161022520,-328,-282,-70,1443,1137,3931,-11.48,-9.87,-2.45,0.352092,0.277428,0.959164
300150,2859291992,50934571,2026-10-06T05:18:21.140528+00:00,216921161933749,-267,-194,3,1341,1141,3891,-9.345,-6.79,0.105,0.327204,0.278404,0.949404
300151,2859297851,50940430,2026-10-06T05:18:21.180994+00:00,216921202403900,-227,-122,32,1264,1177,3885,-7.945,-4.27,1.12,0.308416,0.287188,0.94794
300152,2859307617,50950196,2026-10-06T05:18:21.181545+00:00,216921202948948,-212,-104,49,1294,835,3583,-7.42,-3.64,1.715,0.315736,0.20374,0.874252
300153,2859317382,50959961,2026-10-06T05:18:21.182218+00:00,216921203623863,-125,-120,79,1069,792,4029,-4.375,-4.2,2.765,0.260836,0.193248,0.983076
300154,2859327148,50969727,2026-10-06T05:18:21.182925+00:00,216921204329313,-3,-86,54,1416,902,4140,-0.105,-3.01,1.89,0.345504,0.220088,1.01016
300155,2859337890,50980469,2026-10-06T05:18:21.183584+00:00,216921204987570,83,-39,56,854,982,3806,2.905,-1.365,1.96,0.208376,0.239608,0.928664
300156,2859347656,50990235,2026-10-06T05:18:21.225962+00:00,216921247371769,151,-92,40,909,1180,3962,5.285,-3.22,1.4,0.221796,0.28792,0.966728
300157,2859357421,51000000,2026-10-06T05:18:21.226485+00:00,216921247887502,156,-108,37,921,1175,3714,5.46,-3.78,1.295,0.224724,0.2867,0.906216
300158,2859367187,51009766,2026-10-06T05:18:21.227219+00:00,216921248622442,171,-163,45,945,1326,3637,5.985,-5.705,1.575,0.23058,0.323544,0.887428
300159,2859376953,51019532,2026-10-06T05:18:21.227745+00:00,216921249146561,130,-227,81,1037,1355,3588,4.55,-7.945,2.835,0.253028,0.33062,0.875472
300160,2859382812,51025391,2026-10-06T05:18:21.228304+00:00,216921249704247,89,-263,126,1121,1466,3736,3.115,-9.205,4.41,0.273524,0.357704,0.911584
300161,2859392578,51035157,2026-10-06T05:18:21.314790+00:00,216921336196111,39,-266,149,1083,1640,3802,1.365,-9.31,5.215,0.264252,0.40016,0.927688
300162,2859402343,51044922,2026-10-06T05:18:21.315519+00:00,216921336920191,-48,-266,166,1011,1656,3898,-1.68,-9.31,5.81,0.246684,0.404064,0.951112
300163,2859412109,51054688,2026-10-06T05:18:21.317907+00:00,216921339315595,-130,-268,164,1202,1410,3923,-4.55,-9.38,5.74,0.293288,0.34404,0.957212
300164,2859422851,51065430,2026-10-06T05:18:21.319056+00:00,216921340467500,-153,-256,167,1139,1235,4099,-5.355,-8.96,5.845,0.277916,0.30134,1.000156
300165,2859432617,51075196,2026-10-06T05:18:21.322875+00:00,216921344286642,-123,-226,144,1161,1110,4012,-4.305,-7.91,5.04,0.283284,0.27084,0.978928
300166,2859442382,51084961,2026-10-06T05:18:21.323182+00:00,216921344584313,-95,-221,146,1225,1005,4036,-3.325,-7.735,5.11,0.2989,0.24522,0.984784
300167,2859452148,51094727,2026-10-06T05:18:21.323422+00:00,216921344822914,-39,-206,132,1230,1198,4184,-1.365,-7.21,4.62,0.30012,0.292312,1.020896
300168,2859462890,51105469,2026-10-06T05:18:21.325081+00:00,216921346492287,-24,-169,104,1211,1192,3932,-0.84,-5.915,3.64,0.295484,0.290848,0.959408
300169,2859472656,51115235,2026-10-06T05:18:21.326465+00:00,216921347874379,-27,-192,104,1447,1162,3915,-0.945,-6.72,3.64,0.353068,0.283528,0.95526
300170,2859477539,51120118,2026-10-06T05:18:21.327282+00:00,216921348686697,-33,-203,107,1505,1053,3766,-1.155,-7.105,3.745,0.36722,0.256932,0.918904
300171,2859487304,51129883,2026-10-06T05:18:21.359771+00:00,216921381180774,-11,-206,106,1684,1107,3977,-0.385,-7.21,3.71,0.410896,0.270108,0.970388
300172,2859497070,51139649,2026-10-06T05:18:21.360317+00:00,216921381720940,37,-167,102,1373,1231,3921,1.295,-5.845,3.57,0.335012,0.300364,0.956724
300173,2859507812,51150391,2026-10-06T05:18:21.361640+00:00,216921383045025,52,-179,121,1193,1517,4040,1.82,-6.265,4.235,0.291092,0.370148,0.98576
300174,2859517578,51160157,2026-10-06T05:18:21.362374+00:00,216921383782242,26,-190,103,1213,1458,3941,0.91,-6.65,3.605,0.295972,0.355752,0.961604
300175,2859527343,51169922,2026-10-06T05:18:21.409338+00:00,216921430752631,-64,-220,147,1308,1000,3985,-2.24,-7.7,5.145,0.319152,0.244,0.97234
300176,2859537109,51179688,2026-10-06T05:18:21.411113+00:00,216921432522970,-16,-215,133,1525,1001,3829,-0.56,-7.525,4.655,0.3721,0.244244,0.934276
300177,2859547851,51190430,2026-10-06T05:18:21.411757+00:00,216921433161788,33,-205,153,1468,1147,3824,1.155,-7.175,5.355,0.358192,0.279868,0.933056
300178,2859557617,51200196,2026-10-06T05:18:21.412398+00:00,216921433806399,58,-207,170,1490,1373,3846,2.03,-7.245,5.95,0.36356,0.335012,0.938424
300179,2859567382,51209961,2026-10-06T05:18:21.451278+00:00,216921472691116,26,-194,166,1376,1285,3711,0.91,-6.79,5.81,0.335744,0.31354,0.905484
300180,2859577148,51219727,2026-10-06T05:18:21.452078+00:00,216921473484480,-3,-215,168,1214,1243,3802,-0.105,-7.525,5.88,0.296216,0.303292,0.927688
300181,2859587890,51230469,2026-10-06T05:18:21.455656+00:00,216921477073913,-18,-242,173,1310,1185,3680,-0.63,-8.47,6.055,0.31964,0.28914,0.89792
300182,2859592773,51235352,2026-10-06T05:18:21.455966+00:00,216921477368009,-46,-279,205,1360,1191,3778,-1.61,-9.765,7.175,0.33184,0.290604,0.921832
300183,2859602539,51245118,2026-10-06T05:18:21.457766+00:00,216921479170698,-56,-270,201,1316,1275,3865,-1.96,-9.45,7.035,0.321104,0.3111,0.94306
300184,2859612304,51254883,2026-10-06T05:18:21.494785+00:00,216921516192252,-76,-280,225,1369,1180,3538,-2.66,-9.8,7.875,0.334036,0.28792,0.863272
300185,2859622070,51264649,2026-10-06T05:18:21.495323+00:00,216921516722693,-108,-325,256,1571,1246,3903,-3.78,-11.375,8.96,0.383324,0.304024,0.952332
300186,2859632812,51275391,2026-10-06T05:18:21.497518+00:00,216921518914576,-102,-248,203,1417,1188,3936,-3.57,-8.68,7.105,0.345748,0.289872,0.960384
300187,2859642578,51285157,2026-10-06T05:18:21.498261+00:00,216921519660153,-108,-235,223,1049,1167,3879,-3.78,-8.225,7.805,0.255956,0.284748,0.946476
300188,2859652343,51294922,2026-10-06T05:18:21.499003+00:00,216921520407027,-96,-260,221,1423,1217,3803,-3.36,-9.1,7.735,0.347212,0.296948,0.927932
300189,2859662109,51304688,2026-10-06T05:18:21.541799+00:00,216921563211852,-96,-239,201,1512,1165,3953,-3.36,-8.365,7.035,0.368928,0.28426,0.964532
300190,2859672851,51315430,2026-10-06T05:18:21.542475+00:00,216921563878347,-85,-210,186,1381,1084,3754,-2.975,-7.35,6.51,0.336964,0.264496,0.915976
300191,2859677734,51320313,2026-10-06T05:18:21.543075+00:00,216921564476573,-69,-225,184,1335,1158,3822,-2.415,-7.875,6.44,0.32574,0.282552,0.932568
300192,2859687500,51330079,2026-10-06T05:18:21.543617+00:00,216921565038208,-83,-242,177,1317,1140,3858,-2.905,-8.47,6.195,0.321348,0.27816,0.941352
300193,2859697265,51339844,2026-10-06T05:18:21.544259+00:00,216921565660356,-101,-258,179,1306,1097,3774,-3.535,-9.03,6.265,0.318664,0.267668,0.920856
300194,2859707031,51349610,2026-10-06T05:18:21.585404+00:00,216921606816423,-123,-293,197,1166,1236,3821,-4.305,-10.255,6.895,0.284504,0.301584,0.932324
300195,2859717773,51360352,2026-10-06T05:18:21.586739+00:00,216921608153011,-172,-342,207,1237,1221,3636,-6.02,-11.97,7.245,0.301828,0.297924,0.887184
300196,2859727539,51370118,2026-10-06T05:18:21.587805+00:00,216921609211159,-242,-425,252,1278,1282,3842,-8.47,-14.875,8.82,0.311832,0.312808,0.937448
300197,2859737304,51379883,2026-10-06T05:18:21.589814+00:00,216921611230135,-282,-462,247,1458,1094,3770,-9.87,-16.17,8.645,0.355752,0.266936,0.91988
300198,2859747070,51389649,2026-10-06T05:18:21.630358+00:00,216921651770857,-289,-473,259,1611,1080,3949,-10.115,-16.555,9.065,0.393084,0.26352,0.963556
300199,2859757812,51400391,2026-10-06T05:18:21.631166+00:00,216921652570792,-259,-426,235,1556,1084,3963,-9.065,-14.91,8.225,0.379664,0.264496,0.966972
300200,2859767578,51410157,2026-10-06T05:18:21.632212+00:00,216921653615051,-222,-384,203,1550,1058,3900,-7.77,-13.44,7.105,0.3782,0.258152,0.9516
300201,2859777343,51419922,2026-10-06T05:18:21.633138+00:00,216921654540859,-207,-383,196,1596,1075,3801,-7.245,-13.405,6.86,0.389424,0.2623,0.927444
300202,2859787109,51429688,2026-10-06T05:18:21.634078+00:00,216921655485532,-213,-376,184,1557,1083,3853,-7.455,-13.16,6.44,0.379908,0.264252,0.940132
300203,2859791992,51434571,2026-10-06T05:18:21.676276+00:00,216921697691185,-210,-381,186,1567,1004,3770,-7.35,-13.335,6.51,0.382348,0.244976,0.91988
300204,2859802734,51445313,2026-10-06T05:18:21.677541+00:00,216921698947719,-209,-402,193,1741,1014,3833,-7.315,-14.07,6.755,0.424804,0.247416,0.935252
300205,2859812500,51455079,2026-10-06T05:18:21.678431+00:00,216921699836268,-196,-363,172,1550,1025,3880,-6.86,-12.705,6.02,0.3782,0.2501,0.94672
300206,2859822265,51464844,2026-10-06T05:18:21.679058+00:00,216921700463044,-181,-360,171,1421,1073,3738,-6.335,-12.6,5.985,0.346724,0.261812,0.912072
300207,2859832031,51474610,2026-10-06T05:18:21.679698+00:00,216921701102322,-194,-393,202,961,1172,3528,-6.79,-13.755,7.07,0.234484,0.285968,0.860832
300208,2859842773,51485352,2026-10-06T05:18:21.721838+00:00,216921743253338,-248,-530,283,628,1347,3700,-8.68,-18.55,9.905,0.153232,0.328668,0.9028
300209,2859852539,51495118,2026-10-06T05:18:21.722250+00:00,216921743654107,-394,-716,386,1425,1135,3788,-13.79,-25.06,13.51,0.3477,0.27694,0.924272
300210,2859862304,51504883,2026-10-06T05:18:21.723367+00:00,216921744780770,-445,-725,444,1445,1256,3891,-15.575,-25.375,15.54,0.35258,0.306464,0.949404
300211,2859872070,51514649,2026-10-06T05:18:21.724608+00:00,216921746036434,-479,-718,440,1368,908,3972,-16.765,-25.13,15.4,0.333792,0.221552,0.969168
300212,2859882812,51525391,2026-10-06T05:18:21.765831+00:00,216921787240271,-482,-726,492,1638,832,3983,-16.87,-25.41,17.22,0.399672,0.203008,0.971852
300213,2859887695,51530274,2026-10-06T05:18:21.766409+00:00,216921787813093,-432,-682,524,1353,1075,3846,-15.12,-23.87,18.34,0.330132,0.2623,0.938424
300214,2859897460,51540039,2026-10-06T05:18:21.767075+00:00,216921788478272,-464,-692,566,1097,1013,3687,-16.24,-24.22,19.81,0.267668,0.247172,0.899628
300215,2859907226,51549805,2026-10-06T05:18:21.767696+00:00,216921789099873,-579,-791,725,1725,1003,3973,-20.265,-27.685,25.375,0.4209,0.244732,0.969412
300216,2859916992,51559571,2026-10-06T05:18:21.769493+00:00,216921790905347,-572,-752,791,1865,1069,4143,-20.02,-26.32,27.685,0.45506,0.260836,1.010892
300217,2859927734,51570313,2026-10-06T05:18:21.810922+00:00,216921832328860,-475,-624,731,1721,866,3976,-16.625,-21.84,25.585,0.419924,0.211304,0.970144
300218,2859937500,51580079,2026-10-06T05:18:21.811558+00:00,216921832958045,-392,-588,715,1815,704,3926,-13.72,-20.58,25.025,0.44286,0.171776,0.957944
300219,2859947265,51589844,2026-10-06T05:18:21.812129+00:00,216921833535130,-275,-561,688,1824,844,3821,-9.625,-19.635,24.08,0.445056,0.205936,0.932324
300220,2859957031,51599610,2026-10-06T05:18:21.812684+00:00,216921834081246,-218,-584,659,1906,766,3862,-7.63,-20.44,23.065,0.465064,0.186904,0.942328
300221,2859967773,51610352,2026-10-06T05:18:21.813678+00:00,216921835076689,-156,-602,615,1907,678,3781,-5.46,-21.07,21.525,0.465308,0.165432,0.922564
300222,2859977539,51620118,2026-10-06T05:18:21.855127+00:00,216921876538814,-75,-618,584,1894,767,3951,-2.625,-21.63,20.44,0.462136,0.187148,0.964044
300223,2859987304,51629883,2026-10-06T05:18:21.856077+00:00,216921877482259,-25,-633,550,1721,776,3886,-0.875,-22.155,19.25,0.419924,0.189344,0.948184
300224,2859992187,51634766,2026-10-06T05:18:21.859309+00:00,216921880727295,10,-685,539,1904,765,3914,0.35,-23.975,18.865,0.464576,0.18666,0.955016
300225,2860001953,51644532,2026-10-06T05:18:21.859707+00:00,216921881110143,50,-713,523,1828,793,3815,1.75,-24.955,18.305,0.446032,0.193492,0.93086
300226,2860012695,51655274,2026-10-06T05:18:21.860720+00:00,216921882128471,75,-796,503,1806,825,3838,2.625,-27.86,17.605,0.440664,0.2013,0.936472
300227,2860022460,51665039,2026-10-06T05:18:21.899881+00:00,216921921292206,81,-880,490,1650,587,3723,2.835,-30.8,17.15,0.4026,0.143228,0.908412
300228,2860032226,51674805,2026-10-06T05:18:21.948609+00:00,216921970045604,98,-1030,525,1959,351,3501,3.43,-36.05,18.375,0.477996,0.085644,0.854244
300229,2860041992,51684571,2026-10-06T05:18:21.951417+00:00,216921972827138,194,-1230,543,1920,629,3609,6.79,-43.05,19.005,0.46848,0.153476,0.880596
300230,2860052734,51695313,2026-10-06T05:18:21.953726+00:00,216921975141606,297,-1472,518,1713,340,3650,10.395,-51.52,18.13,0.417972,0.08296,0.8906
300231,2860062500,51705079,2026-10-06T05:18:21.955344+00:00,216921976748934,528,-1656,462,1554,1410,4495,18.48,-57.96,16.17,0.379176,0.34404,1.09678
300232,2860072265,51714844,2026-10-06T05:18:21.957108+00:00,216921978514796,479,-1774,397,1094,1556,4253,16.765,-62.09,13.895,0.266936,0.379664,1.037732
300233,2860082031,51724610,2026-10-06T05:18:21.958484+00:00,216921979895921,390,-2072,433,1442,1060,3887,13.65,-72.52,15.155,0.351848,0.25864,0.948428
300234,2860087890,51730469,2026-10-06T05:18:21.959400+00:00,216921980804749,448,-2457,550,1477,954,3651,15.68,-85.995,19.25,0.360388,0.232776,0.890844
300235,2860097656,51740235,2026-10-06T05:18:21.960079+00:00,216921981480816,523,-2837,568,1062,936,4262,18.305,-99.295,19.88,0.259128,0.228384,1.039928
300236,2860107421,51750000,2026-10-06T05:18:21.960915+00:00,216921982318723,539,-3161,521,1441,1148,4318,18.865,-110.635,18.235,0.351604,0.280112,1.053592
300237,2860117187,51759766,2026-10-06T05:18:21.990673+00:00,216922012090385,380,-3493,459,1841,951,4019,13.3,-122.255,16.065,0.449204,0.232044,0.980636
300238,2860126953,51769532,2026-10-06T05:18:21.993111+00:00,216922014520873,271,-3882,350,1964,778,3958,9.485,-135.87,12.25,0.479216,0.189832,0.965752
300239,2860137695,51780274,2026-10-06T05:18:21.994060+00:00,216922015465582,231,-4304,265,1886,470,3968,8.085,-150.64,9.275,0.460184,0.11468,0.968192
300240,2860147460,51790039,2026-10-06T05:18:21.995399+00:00,216922016803744,286,-4747,296,1980,540,4105,10.01,-166.145,10.36,0.48312,0.13176,1.00162
300241,2860157226,51799805,2026-10-06T05:18:22.035347+00:00,216922056764163,281,-5181,392,1637,999,3862,9.835,-181.335,13.72,0.399428,0.243756,0.942328
300242,2860166992,51809571,2026-10-06T05:18:22.035770+00:00,216922057172955,73,-5790,523,1864,904,3693,2.555,-202.65,18.305,0.454816,0.220576,0.901092
300243,2860177734,51820313,2026-10-06T05:18:22.039580+00:00,216922060987369,44,-6381,606,1975,723,3540,1.54,-223.335,21.21,0.4819,0.176412,0.86376
300244,2860182617,51825196,2026-10-06T05:18:22.039934+00:00,216922061335343,92,-6908,693,1996,691,3812,3.22,-241.78,24.255,0.487024,0.168604,0.930128
300245,2860192382,51834961,2026-10-06T05:18:22.040598+00:00,216922062024244,148,-7385,808,2454,679,3423,5.18,-258.475,28.28,0.598776,0.165676,0.835212
300246,2860202148,51844727,2026-10-06T05:18:22.079872+00:00,216922101282558,153,-7818,936,3268,513,3518,5.355,-273.63,32.76,0.797392,0.125172,0.858392
300247,2860212890,51855469,2026-10-06T05:18:22.080488+00:00,216922101891722,408,-8012,937,3803,432,4152,14.28,-280.42,32.795,0.927932,0.105408,1.013088
300248,2860222656,51865235,2026-10-06T05:18:22.082963+00:00,216922104366777,892,-8058,912,4369,460,3858,31.22,-282.03,31.92,1.066036,0.11224,0.941352
300249,2860232421,51875000,2026-10-06T05:18:22.083528+00:00,216922104931649,1551,-8065,873,5154,824,3869,54.285,-282.275,30.555,1.257576,0.201056,0.944036
300250,2860242187,51884766,2026-10-06T05:18:22.125326+00:00,216922146738817,1981,-7971,968,5196,1101,4045,69.335,-278.985,33.88,1.267824,0.268644,0.98698
300251,2860251953,51894532,2026-10-06T05:18:22.126223+00:00,216922147627014,2244,-7824,1153,4860,1393,3822,78.54,-273.84,40.355,1.18584,0.339892,0.932568
300252,2860262695,51905274,2026-10-06T05:18:22.126934+00:00,216922148337263,2254,-7752,1436,4366,1691,3579,78.89,-271.32,50.26,1.065304,0.412604,0.873276
300253,2860272460,51915039,2026-10-06T05:18:22.127546+00:00,216922148949433,2223,-7682,1692,4673,1414,4157,77.805,-268.87,59.22,1.140212,0.345016,1.014308
300254,2860282226,51924805,2026-10-06T05:18:22.128203+00:00,216922149607042,2514,-7300,1841,4620,1438,3997,87.99,-255.5,64.435,1.12728,0.350872,0.975268
300255,2860287109,51929688,2026-10-06T05:18:22.171332+00:00,216922192744850,3028,-6875,1909,4821,1921,3770,105.98,-240.625,66.815,1.176324,0.468724,0.91988
300256,2860297851,51940430,2026-10-06T05:18:22.171992+00:00,216922193394928,3285,-6370,2029,6124,1537,4400,114.975,-222.95,71.015,1.494256,0.375028,1.0736
300257,2860307617,51950196,2026-10-06T05:18:22.172637+00:00,216922194038780,3384,-5414,2228,5822,1035,3886,118.44,-189.49,77.98,1.420568,0.25254,0.948184
300258,2860317382,51959961,2026-10-06T05:18:22.173214+00:00,216922194614919,3177,-4316,2644,5860,285,4647,111.195,-151.06,92.54,1.42984,0.06954,1.133868
300259,2860327148,51969727,2026-10-06T05:18:22.173967+00:00,216922195371724,3246,-2795,3057,5030,428,5356,113.61,-97.825,106.995,1.22732,0.104432,1.306864
300260,2860337890,51980469,2026-10-06T05:18:22.215824+00:00,216922237236415,3410,-1183,3571,5350,1471,7257,119.35,-41.405,124.985,1.3054,0.358924,1.770708
300261,2860347656,51990235,2026-10-06T05:18:22.216524+00:00,216922237927518,2813,474,4263,3189,792,5429,98.455,16.59,149.205,0.778116,0.193248,1.324676
300262,2860357421,52000000,2026-10-06T05:18:22.217118+00:00,216922238523025,2515,1352,4549,3975,1705,5259,88.025,47.32,159.215,0.9699,0.41602,1.283196
300263,2860367187,52009766,2026-10-06T05:18:22.217711+00:00,216922239116231,2092,2283,4425,872,2559,3264,73.22,79.905,154.875,0.212768,0.624396,0.796416
300264,2860376953,52019532,2026-10-06T05:18:22.259867+00:00,216922281272339,1509,2456,4154,-102,2974,2033,52.815,85.96,145.39,-0.024888,0.725656,0.496052
300265,2860382812,52025391,2026-10-06T05:18:22.260480+00:00,216922281886986,843,2159,3599,-362,2711,1030,29.505,75.565,125.965,-0.088328,0.661484,0.25132
300266,2860392578,52035157,2026-10-06T05:18:22.261491+00:00,216922282895342,566,1690,2825,140,2548,1177,19.81,59.15,98.875,0.03416,0.621712,0.287188
300267,2860402343,52044922,2026-10-06T05:18:22.262116+00:00,216922283517961,587,1391,1857,377,2439,1354,20.545,48.685,64.995,0.091988,0.595116,0.330376
300268,2860412109,52054688,2026-10-06T05:18:22.262734+00:00,216922284133374,745,1193,736,636,2584,1433,26.075,41.755,25.76,0.155184,0.630496,0.349652
300269,2860422851,52065430,2026-10-06T05:18:22.304994+00:00,216922326406882,783,1046,-347,1162,2704,1719,27.405,36.61,-12.145,0.283528,0.659776,0.419436
300270,2860432617,52075196,2026-10-06T05:18:22.305889+00:00,216922327296268,630,1025,-1303,1831,2567,2088,22.05,35.875,-45.605,0.446764,0.626348,0.509472
300271,2860442382,52084961,2026-10-06T05:18:22.307562+00:00,216922328965953,377,1185,-2115,2661,2117,2539,13.195,41.475,-74.025,0.649284,0.516548,0.619516
300272,2860452148,52094727,2026-10-06T05:18:22.308267+00:00,216922329671407,137,1574,-2767,3289,1598,2849,4.795,55.09,-96.845,0.802516,0.389912,0.695156
300273,2860462890,52105469,2026-10-06T05:18:22.308986+00:00,216922330390779,-68,2124,-3204,3683,1018,3071,-2.38,74.34,-112.14,0.898652,0.248392,0.749324
300274,2860472656,52115235,2026-10-06T05:18:22.349831+00:00,216922371244057,-252,2740,-3382,3781,513,3013,-8.82,95.9,-118.37,0.922564,0.125172,0.735172
300275,2860482421,52125000,2026-10-06T05:18:22.350761+00:00,216922372164983,-434,3295,-3312,3740,1,2758,-15.19,115.325,-115.92,0.91256,0.000244,0.672952
300276,2860487304,52129883,2026-10-06T05:18:22.352410+00:00,216922373813649,-578,3745,-3042,3598,-404,2472,-20.23,131.075,-106.47,0.877912,-0.098576,0.603168
300277,2860497070,52139649,2026-10-06T05:18:22.352863+00:00,216922374263271,-658,4062,-2650,3370,-746,2140,-23.03,142.17,-92.75,0.82228,-0.182024,0.52216
300278,2860507812,52150391,2026-10-06T05:18:22.353367+00:00,216922374766094,-650,4226,-2220,3187,-918,1911,-22.75,147.91,-77.7,0.777628,-0.223992,0.466284
300279,2860517578,52160157,2026-10-06T05:18:22.394788+00:00,216922416192164,-559,4283,-1820,3245,-849,1938,-19.565,149.905,-63.7,0.79178,-0.207156,0.472872
300280,2860527343,52169922,2026-10-06T05:18:22.395335+00:00,216922416733071,-446,4330,-1509,3521,-611,2245,-15.61,151.55,-52.815,0.859124,-0.149084,0.54778
300281,2860537109,52179688,2026-10-06T05:18:22.396529+00:00,216922417933417,-391,4454,-1294,3750,-323,2568,-13.685,155.89,-45.29,0.915,-0.078812,0.626592
300282,2860547851,52190430,2026-10-06T05:18:22.397136+00:00,216922418540936,-392,4643,-1156,3806,-179,2716,-13.72,162.505,-40.46,0.928664,-0.043676,0.662704
300283,2860557617,52200196,2026-10-06T05:18:22.440847+00:00,216922462257307,-390,4832,-1064,3734,-108,2697,-13.65,169.12,-37.24,0.911096,-0.026352,0.658068
300284,2860567382,52209961,2026-10-06T05:18:22.441582+00:00,216922462986739,-343,4968,-988,3626,-34,2570,-12.005,173.88,-34.58,0.884744,-0.008296,0.62708
300285,2860577148,52219727,2026-10-06T05:18:22.442203+00:00,216922463607005,-262,5026,-911,3557,127,2481,-9.17,175.91,-31.885,0.867908,0.030988,0.605364
300286,2860587890,52230469,2026-10-06T05:18:22.442740+00:00,216922464144811,-187,5024,-837,3562,383,2462,-6.545,175.84,-29.295,0.869128,0.093452,0.600728
300287,2860592773,52235352,2026-10-06T05:18:22.443498+00:00,216922464903060,-152,4993,-780,3583,718,2509,-5.32,174.755,-27.3,0.874252,0.175192,0.612196
300288,2860602539,52245118,2026-10-06T05:18:22.489833+00:00,216922511245651,-154,4962,-761,3629,1084,2649,-5.39,173.67,-26.635,0.885476,0.264496,0.646356
300289,2860612304,52254883,2026-10-06T05:18:22.490228+00:00,216922511632949,-200,4969,-815,3545,1436,2764,-7.0,173.915,-28.525,0.86498,0.350384,0.674416
300290,2860622070,52264649,2026-10-06T05:18:22.490501+00:00,216922511905719,-295,4985,-954,3266,1583,2837,-10.325,174.475,-33.39,0.796904,0.386252,0.692228
300291,2860632812,52275391,2026-10-06T05:18:22.491476+00:00,216922512882856,-355,4976,-1179,3051,1466,2939,-12.425,174.16,-41.265,0.744444,0.357704,0.717116
300292,2860642578,52285157,2026-10-06T05:18:22.492577+00:00,216922513980053,-256,4958,-1483,3042,1520,3038,-8.96,173.53,-51.905,0.742248,0.37088,0.741272
300293,2860652343,52294922,2026-10-06T05:18:22.575811+00:00,216922597224740,-110,4954,-1828,3165,1871,3234,-3.85,173.39,-63.98,0.77226,0.456524,0.789096
300294,2860662109,52304688,2026-10-06T05:18:22.576287+00:00,216922597691837,-83,4980,-2197,3200,2101,3383,-2.905,174.3,-76.895,0.7808,0.512644,0.825452
300295,2860672851,52315430,2026-10-06T05:18:22.576902+00:00,216922598306795,-166,5015,-2596,3206,2115,3521,-5.81,175.525,-90.86,0.782264,0.51606,0.859124
300296,2860677734,52320313,2026-10-06T05:18:22.577459+00:00,216922598864839,-248,5047,-3041,3210,1997,3619,-8.68,176.645,-106.435,0.78324,0.487268,0.883036
300297,2860687500,52330079,2026-10-06T05:18:22.578083+00:00,216922599534605,-312,5068,-3504,3239,1932,3728,-10.92,177.38,-122.64,0.790316,0.471408,0.909632
300298,2860697265,52339844,2026-10-06T05:18:22.578886+00:00,216922600291863,-421,5069,-3927,3276,1908,3837,-14.735,177.415,-137.445,0.799344,0.465552,0.936228
300299,2860707031,52349610,2026-10-06T05:18:22.579611+00:00,216922601030246,-601,5048,-4275,3374,1744,3965,-21.035,176.68,-149.625,0.823256,0.425536,0.96746
300300,2860717773,52360352,2026-10-06T05:18:22.580477+00:00,216922601876209,-792,5019,-4537,3536,1522,4118,-27.72,175.665,-158.795,0.862784,0.371368,1.004792
300301,2860727539,52370118,2026-10-06T05:18:22.581261+00:00,216922602666422,-939,5005,-4711,3856,1372,4377,-32.865,175.175,-164.885,0.940864,0.334768,1.067988
300302,2860737304,52379883,2026-10-06T05:18:22.581951+00:00,216922603352423,-1061,5053,-4783,4349,1338,4742,-37.135,176.855,-167.405,1.061156,0.326472,1.157048
300303,2860747070,52389649,2026-10-06T05:18:22.620161+00:00,216922641573380,-1206,5208,-4761,4738,1280,4914,-42.21,182.28,-166.635,1.156072,0.31232,1.199016
300304,2860757812,52400391,2026-10-06T05:18:22.620690+00:00,216922642095224,-1360,5409,-4651,4900,1040,4828,-47.6,189.315,-162.785,1.1956,0.25376,1.178032
300305,2860767578,52410157,2026-10-06T05:18:22.621427+00:00,216922642832224,-1422,5578,-4478,4914,697,4501,-49.77,195.23,-156.73,1.199016,0.170068,1.098244
300306,2860777343,52419922,2026-10-06T05:18:22.622704+00:00,216922644108334,-1366,5647,-4242,4911,461,4118,-47.81,197.645,-148.47,1.198284,0.112484,1.004792
300307,2860782226,52424805,2026-10-06T05:18:22.665856+00:00,216922687267870,-1221,5598,-3942,4991,340,3707,-42.735,195.93,-137.97,1.217804,0.08296,0.904508
300308,2860791992,52434571,2026-10-06T05:18:22.709819+00:00,216922731228457,-1063,5443,-3576,5186,438,3337,-37.205,190.505,-125.16,1.265384,0.106872,0.814228
300309,2860802734,52445313,2026-10-06T05:18:22.754829+00:00,216922776239859,-966,5209,-3171,5291,510,2827,-33.81,182.315,-110.985,1.291004,0.12444,0.689788
300310,2860812500,52455079,2026-10-06T05:18:22.845764+00:00,216922867173582,-887,4873,-2751,5288,341,2210,-31.045,170.555,-96.285,1.290272,0.083204,0.53924
300311,2860822265,52464844,2026-10-06T05:18:22.846431+00:00,216922867835135,-690,4440,-2327,5256,-7,1577,-24.15,155.4,-81.445,1.282464,-0.001708,0.384788
300312,2860832031,52474610,2026-10-06T05:18:22.847037+00:00,216922868440401,-308,3923,-1892,5076,-441,947,-10.78,137.305,-66.22,1.238544,-0.107604,0.231068
300313,2860842773,52485352,2026-10-06T05:18:22.847903+00:00,216922869307068,234,3322,-1491,5344,-953,525,8.19,116.27,-52.185,1.303936,-0.232532,0.1281
300314,2860852539,52495118,2026-10-06T05:18:22.848500+00:00,216922869901517,850,2761,-1117,6320,-442,397,29.75,96.635,-39.095,1.54208,-0.107848,0.096868
300315,2860862304,52504883,2026-10-06T05:18:22.849062+00:00,216922870465166,1022,2336,-636,6677,-33,-260,35.77,81.76,-22.26,1.629188,-0.008052,-0.06344
300316,2860872070,52514649,2026-10-06T05:18:22.849851+00:00,216922871254875,828,1860,-113,6477,-306,-1195,28.98,65.1,-3.955,1.580388,-0.074664,-0.29158
300317,2860882812,52525391,2026-10-06T05:18:22.850530+00:00,216922871933817,678,1131,322,6106,-269,-2313,23.73,39.585,11.27,1.489864,-0.065636,-0.564372
300318,2860887695,52530274,2026-10-06T05:18:22.851305+00:00,216922872716151,499,73,673,6080,303,-2797,17.465,2.555,23.555,1.48352,0.073932,-0.682468
300319,2860897460,52540039,2026-10-06T05:18:22.852680+00:00,216922874086515,48,-1085,943,4912,637,-1705,1.68,-37.975,33.005,1.198528,0.155428,-0.41602
300320,2860907226,52549805,2026-10-06T05:18:22.854231+00:00,216922875641013,-290,-1934,976,-1,273,3460,-10.15,-67.69,34.16,-0.000244,0.066612,0.84424
300321,2860916992,52559571,2026-10-06T05:18:22.856125+00:00,216922877538883,-262,-2067,1087,-547,371,9945,-9.17,-72.345,38.045,-0.133468,0.090524,2.42658
300322,2860927734,52570313,2026-10-06T05:18:22.857228+00:00,216922878635935,182,-1654,963,-5027,320,7682,6.37,-57.89,33.705,-1.226588,0.07808,1.874408
300323,2860937500,52580079,2026-10-06T05:18:22.858677+00:00,216922880081347,602,-2277,1042,-4390,832,2427,21.07,-79.695,36.47,-1.07116,0.203008,0.592188
300324,2860947265,52589844,2026-10-06T05:18:22.859499+00:00,216922880900517,457,-3778,1328,-328,304,1744,15.995,-132.23,46.48,-0.080032,0.074176,0.425536
300325,2860957031,52599610,2026-10-06T05:18:22.860190+00:00,216922881591583,593,-4631,1237,3985,550,4303,20.755,-162.085,43.295,0.97234,0.1342,1.049932
300326,2860967773,52610352,2026-10-06T05:18:22.861473+00:00,216922882876481,791,-4163,926,4638,1226,6251,27.685,-145.705,32.41,1.131672,0.299144,1.525244
300327,2860977539,52620118,2026-10-06T05:18:22.862698+00:00,216922884100830,922,-3234,596,2338,1612,6027,32.27,-113.19,20.86,0.570472,0.393328,1.470588
300328,2860987304,52629883,2026-10-06T05:18:22.863647+00:00,216922885059224,893,-2814,456,1277,1734,4661,31.255,-98.49,15.96,0.311588,0.423096,1.137284
300331,2861012695,52655274,2026-10-06T05:18:22.864644+00:00,216922886051421,690,-2458,46,2791,2012,4875,24.15,-86.03,1.61,0.681004,0.490928,1.1895
300332,2861022460,52665039,2026-10-06T05:18:22.889887+00:00,216922911301976,534,-2040,-40,2344,1757,4770,18.69,-71.4,-1.4,0.571936,0.428708,1.16388
300333,2861032226,52674805,2026-10-06T05:18:22.891035+00:00,216922912445131,383,-1711,27,1934,1520,4440,13.405,-59.885,0.945,0.471896,0.37088,1.08336
300334,2861041992,52684571,2026-10-06T05:18:22.892320+00:00,216922913727291,258,-1497,161,1608,1294,4229,9.03,-52.395,5.635,0.392352,0.315736,1.031876
300335,2861052734,52695313,2026-10-06T05:18:22.979543+00:00,216923000945768,253,-1330,230,1909,1527,4574,8.855,-46.55,8.05,0.465796,0.372588,1.116056
300336,2861062500,52705079,2026-10-06T05:18:22.979953+00:00,216923001352367,189,-1080,233,2479,1544,4768,6.615,-37.8,8.155,0.604876,0.376736,1.163392
300337,2861072265,52714844,2026-10-06T05:18:22.984157+00:00,216923005552381,33,-703,279,2583,1210,4434,1.155,-24.605,9.765,0.630252,0.29524,1.081896
300338,2861082031,52724610,2026-10-06T05:18:22.984294+00:00,216923005684579,77,-355,233,1533,1416,4069,2.695,-12.425,8.155,0.374052,0.345504,0.992836
300339,2861087890,52730469,2026-10-06T05:18:22.984394+00:00,216923005782788,69,-278,173,1103,1477,4220,2.415,-9.73,6.055,0.269132,0.360388,1.02968
300340,2861097656,52740235,2026-10-06T05:18:22.984785+00:00,216923006182974,9,-248,136,1030,1139,3853,0.315,-8.68,4.76,0.25132,0.277916,0.940132
300341,2861107421,52750000,2026-10-06T05:18:22.986139+00:00,216923007546671,11,-309,134,1149,969,3649,0.385,-10.815,4.69,0.280356,0.236436,0.890356
300342,2861117187,52759766,2026-10-06T05:18:22.987158+00:00,216923008555726,53,-370,118,1159,1273,4334,1.855,-12.95,4.13,0.282796,0.310612,1.057496
300343,2861126953,52769532,2026-10-06T05:18:22.988558+00:00,216923009956881,37,-305,85,958,1140,3691,1.295,-10.675,2.975,0.233752,0.27816,0.900604
300344,2861137695,52780274,2026-10-06T05:18:22.990273+00:00,216923011676533,10,-335,115,1190,1396,3860,0.35,-11.725,4.025,0.29036,0.340624,0.94184
300345,2861147460,52790039,2026-10-06T05:18:23.070870+00:00,216923092277494,-54,-359,118,1031,1413,3783,-1.89,-12.565,4.13,0.251564,0.344772,0.923052
300346,2861157226,52799805,2026-10-06T05:18:23.071647+00:00,216923093045946,-129,-392,143,1275,1325,3914,-4.515,-13.72,5.005,0.3111,0.3233,0.955016
300347,2861166992,52809571,2026-10-06T05:18:23.072744+00:00,216923094145505,-167,-370,146,1456,1272,4129,-5.845,-12.95,5.11,0.355264,0.310368,1.007476
300348,2861177734,52820313,2026-10-06T05:18:23.073508+00:00,216923094911096,-170,-280,134,1531,1091,4174,-5.95,-9.8,4.69,0.373564,0.266204,1.018456
300349,2861182617,52825196,2026-10-06T05:18:23.074346+00:00,216923095746361,-138,-175,119,1353,1018,4076,-4.83,-6.125,4.165,0.330132,0.248392,0.994544
300350,2861192382,52834961,2026-10-06T05:18:23.075056+00:00,216923096456643,-102,-135,129,1394,993,3992,-3.57,-4.725,4.515,0.340136,0.242292,0.974048
300351,2861202148,52844727,2026-10-06T05:18:23.075823+00:00,216923097223396,-67,-113,129,1383,904,4074,-2.345,-3.955,4.515,0.337452,0.220576,0.994056
300352,2861212890,52855469,2026-10-06T05:18:23.076687+00:00,216923098088862,-6,-83,103,1333,838,4019,-0.21,-2.905,3.605,0.325252,0.204472,0.980636
300353,2861222656,52865235,2026-10-06T05:18:23.077312+00:00,216923098713491,54,-74,104,1363,1059,4089,1.89,-2.59,3.64,0.332572,0.258396,0.997716
300354,2861232421,52875000,2026-10-06T05:18:23.077864+00:00,216923099265006,59,-78,101,1467,1092,3853,2.065,-2.73,3.535,0.357948,0.266448,0.940132
300355,2861242187,52884766,2026-10-06T05:18:23.115519+00:00,216923136925316,52,-106,95,1762,1208,4037,1.82,-3.71,3.325,0.429928,0.294752,0.985028
300356,2861251953,52894532,2026-10-06T05:18:23.115937+00:00,216923137335963,55,-46,41,1684,992,4028,1.925,-1.61,1.435,0.410896,0.242048,0.982832
300357,2861262695,52905274,2026-10-06T05:18:23.116384+00:00,216923137784180,131,15,30,1292,1067,3872,4.585,0.525,1.05,0.315248,0.260348,0.944768
300358,2861272460,52915039,2026-10-06T05:18:23.116806+00:00,216923138203842,164,-21,46,1472,1492,3832,5.74,-0.735,1.61,0.359168,0.364048,0.935008
300359,2861282226,52924805,2026-10-06T05:18:23.160783+00:00,216923182199233,83,-46,53,1400,1277,3930,2.905,-1.61,1.855,0.3416,0.311588,0.95892
300360,2861291992,52934571,2026-10-06T05:18:23.161265+00:00,216923182663645,33,-45,67,1152,1044,3830,1.155,-1.575,2.345,0.281088,0.254736,0.93452
300361,2861297851,52940430,2026-10-06T05:18:23.161717+00:00,216923183113515,4,-91,116,1099,1102,3801,0.14,-3.185,4.06,0.268156,0.268888,0.927444
300362,2861307617,52950196,2026-10-06T05:18:23.162264+00:00,216923183663653,-28,-165,155,1064,1094,3739,-0.98,-5.775,5.425,0.259616,0.266936,0.912316
300363,2861317382,52959961,2026-10-06T05:18:23.163703+00:00,216923185101542,-60,-229,189,1389,954,3653,-2.1,-8.015,6.615,0.338916,0.232776,0.891332
300364,2861327148,52969727,2026-10-06T05:18:23.205532+00:00,216923226936867,-57,-258,211,1416,1039,3772,-1.995,-9.03,7.385,0.345504,0.253516,0.920368
300365,2861337890,52980469,2026-10-06T05:18:23.206209+00:00,216923227607659,-58,-275,220,1243,1110,3668,-2.03,-9.625,7.7,0.303292,0.27084,0.894992
300366,2861347656,52990235,2026-10-06T05:18:23.206664+00:00,216923228061966,-73,-316,224,1332,1226,3713,-2.555,-11.06,7.84,0.325008,0.299144,0.905972
300367,2861357421,53000000,2026-10-06T05:18:23.209034+00:00,216923230442201,-125,-349,226,1418,1143,3784,-4.375,-12.215,7.91,0.345992,0.278892,0.923296
300368,2861367187,53009766,2026-10-06T05:18:23.249604+00:00,216923271019629,-160,-354,238,1237,1100,3788,-5.6,-12.39,8.33,0.301828,0.2684,0.924272
300369,2861376953,53019532,2026-10-06T05:18:23.250094+00:00,216923271488940,-190,-387,270,1350,1138,3697,-6.65,-13.545,9.45,0.3294,0.277672,0.902068
300370,2861382812,53025391,2026-10-06T05:18:23.254018+00:00,216923275423866,-227,-424,296,1762,1198,3839,-7.945,-14.84,10.36,0.429928,0.292312,0.936716
300371,2861392578,53035157,2026-10-06T05:18:23.254877+00:00,216923276274660,-261,-378,271,1593,1056,3927,-9.135,-13.23,9.485,0.388692,0.257664,0.958188
300372,2861402343,53044922,2026-10-06T05:18:23.255841+00:00,216923277243006,-261,-320,242,1194,1001,3880,-9.135,-11.2,8.47,0.291336,0.244244,0.94672
300373,2861412109,53054688,2026-10-06T05:18:23.294555+00:00,216923315962336,-263,-361,269,1219,1116,3719,-9.205,-12.635,9.415,0.297436,0.272304,0.907436
300374,2861422851,53065430,2026-10-06T05:18:23.294980+00:00,216923316376093,-330,-427,293,1438,1063,3827,-11.55,-14.945,10.255,0.350872,0.259372,0.933788
300375,2861432617,53075196,2026-10-06T05:18:23.296378+00:00,216923317772586,-367,-415,279,1336,1015,3888,-12.845,-14.525,9.765,0.325984,0.24766,0.948672
300376,2861442382,53084961,2026-10-06T05:18:23.296880+00:00,216923318274531,-382,-458,316,1268,1191,3900,-13.37,-16.03,11.06,0.309392,0.290604,0.9516
300377,2861452148,53094727,2026-10-06T05:18:23.297402+00:00,216923318796667,-424,-488,303,1626,1073,3852,-14.84,-17.08,10.605,0.396744,0.261812,0.939888
300378,2861462890,53105469,2026-10-06T05:18:23.339678+00:00,216923361085629,-423,-458,278,1709,914,4075,-14.805,-16.03,9.73,0.416996,0.223016,0.9943
300379,2861472656,53115235,2026-10-06T05:18:23.340078+00:00,216923361473167,-370,-404,255,1442,982,3829,-12.95,-14.14,8.925,0.351848,0.239608,0.934276
300380,2861482421,53125000,2026-10-06T05:18:23.342408+00:00,216923363802386,-368,-405,244,1545,1038,4033,-12.88,-14.175,8.54,0.37698,0.253272,0.984052
300381,2861487304,53129883,2026-10-06T05:18:23.342823+00:00,216923364219655,-368,-382,233,1503,929,3871,-12.88,-13.37,8.155,0.366732,0.226676,0.944524
300382,2861497070,53139649,2026-10-06T05:18:23.343257+00:00,216923364656121,-366,-391,234,1649,847,3899,-12.81,-13.685,8.19,0.402356,0.206668,0.951356
300383,2861507812,53150391,2026-10-06T05:18:23.384928+00:00,216923406339888,-338,-372,216,1671,880,3928,-11.83,-13.02,7.56,0.407724,0.21472,0.958432
300384,2861517578,53160157,2026-10-06T05:18:23.385678+00:00,216923407077631,-312,-354,195,1679,865,3914,-10.92,-12.39,6.825,0.409676,0.21106,0.955016
300385,2861527343,53169922,2026-10-06T05:18:23.387448+00:00,216923408847594,-255,-326,169,1892,821,4111,-8.925,-11.41,5.915,0.461648,0.200324,1.003084
300386,2861537109,53179688,2026-10-06T05:18:23.387926+00:00,216923409325028,-159,-222,123,1679,820,3943,-5.565,-7.77,4.305,0.409676,0.20008,0.962092
300387,2861547851,53190430,2026-10-06T05:18:23.429588+00:00,216923450993150,-92,-183,94,1608,847,3900,-3.22,-6.405,3.29,0.392352,0.206668,0.9516
300388,2861557617,53200196,2026-10-06T05:18:23.430037+00:00,216923451435098,-61,-177,79,1628,837,3808,-2.135,-6.195,2.765,0.397232,0.204228,0.929152
300389,2861567382,53209961,2026-10-06T05:18:23.432417+00:00,216923453814862,-49,-177,70,1653,859,3907,-1.715,-6.195,2.45,0.403332,0.209596,0.953308
300390,2861577148,53219727,2026-10-06T05:18:23.432839+00:00,216923454237290,-47,-160,66,1584,812,3818,-1.645,-5.6,2.31,0.386496,0.198128,0.931592
300391,2861587890,53230469,2026-10-06T05:18:23.433260+00:00,216923454657932,-41,-153,70,1453,898,3893,-1.435,-5.355,2.45,0.354532,0.219112,0.949892
300392,2861592773,53235352,2026-10-06T05:18:23.475735+00:00,216923497141735,-53,-164,79,1522,953,3820,-1.855,-5.74,2.765,0.371368,0.232532,0.93208
300393,2861602539,53245118,2026-10-06T05:18:23.476373+00:00,216923497771630,-78,-184,92,1599,867,3787,-2.73,-6.44,3.22,0.390156,0.211548,0.924028
300394,2861612304,53254883,2026-10-06T05:18:23.477012+00:00,216923498409439,-89,-199,104,1560,873,3825,-3.115,-6.965,3.64,0.38064,0.213012,0.9333
300395,2861622070,53264649,2026-10-06T05:18:23.477507+00:00,216923498904312,-98,-217,120,1500,858,3726,-3.43,-7.595,4.2,0.366,0.209352,0.909144
300396,2861632812,53275391,2026-10-06T05:18:23.478266+00:00,216923499664845,-114,-246,135,1502,757,3828,-3.99,-8.61,4.725,0.366488,0.184708,0.934032
300397,2861642578,53285157,2026-10-06T05:18:23.519586+00:00,216923540992672,-109,-259,143,1477,843,3830,-3.815,-9.065,5.005,0.360388,0.205692,0.93452
300398,2861652343,53294922,2026-10-06T05:18:23.520073+00:00,216923541470949,-115,-273,158,1244,838,3787,-4.025,-9.555,5.53,0.303536,0.204472,0.924028
300399,2861662109,53304688,2026-10-06T05:18:23.521362+00:00,216923542759552,-99,-317,188,1061,905,3782,-3.465,-11.095,6.58,0.258884,0.22082,0.922808
300400,2861672851,53315430,2026-10-06T05:18:23.521886+00:00,216923543283583,-118,-404,247,1105,903,3754,-4.13,-14.14,8.645,0.26962,0.220332,0.915976
300401,2861677734,53320313,2026-10-06T05:18:23.522532+00:00,216923543928587,-116,-481,305,1169,795,3814,-4.06,-16.835,10.675,0.285236,0.19398,0.930616
300402,2861687500,53330079,2026-10-06T05:18:23.565584+00:00,216923586984409,-114,-548,375,1461,859,3857,-3.99,-19.18,13.125,0.356484,0.209596,0.941108
300403,2861697265,53339844,2026-10-06T05:18:23.566018+00:00,216923587412395,-123,-554,409,1347,916,3993,-4.305,-19.39,14.315,0.328668,0.223504,0.974292
300404,2861707031,53349610,2026-10-06T05:18:23.566472+00:00,216923587866271,-142,-594,439,1519,745,3979,-4.97,-20.79,15.365,0.370636,0.18178,0.970876
300405,2861717773,53360352,2026-10-06T05:18:23.566934+00:00,216923588328541,-129,-603,496,1682,718,4023,-4.515,-21.105,17.36,0.410408,0.175192,0.981612
300406,2861727539,53370118,2026-10-06T05:18:23.609558+00:00,216923630984509,-85,-545,505,1492,875,3877,-2.975,-19.075,17.675,0.364048,0.2135,0.945988
300407,2861737304,53379883,2026-10-06T05:18:23.610068+00:00,216923631464983,-82,-590,539,1712,880,3953,-2.87,-20.65,18.865,0.417728,0.21472,0.964532
300408,2861747070,53389649,2026-10-06T05:18:23.611586+00:00,216923632984817,-50,-600,544,1786,767,3848,-1.75,-21.0,19.04,0.435784,0.187148,0.938912
300409,2861757812,53400391,2026-10-06T05:18:23.612282+00:00,216923633679467,-11,-623,533,1752,719,3939,-0.385,-21.805,18.655,0.427488,0.175436,0.961116
300410,2861767578,53410157,2026-10-06T05:18:23.612822+00:00,216923634215759,10,-648,544,1955,585,3468,0.35,-22.68,19.04,0.47702,0.14274,0.846192
300411,2861777343,53419922,2026-10-06T05:18:23.654252+00:00,216923675651662,32,-752,589,2086,562,3794,1.12,-26.32,20.615,0.508984,0.137128,0.925736
300412,2861787109,53429688,2026-10-06T05:18:23.654503+00:00,216923675893228,75,-810,559,1654,506,3863,2.625,-28.35,19.565,0.403576,0.123464,0.942572
300413,2861791992,53434571,2026-10-06T05:18:23.657040+00:00,216923678430970,204,-838,485,1539,1291,4647,7.14,-29.33,16.975,0.375516,0.315004,1.133868
300414,2861802734,53445313,2026-10-06T05:18:23.657270+00:00,216923678659809,193,-815,437,876,1504,4337,6.755,-28.525,15.295,0.213744,0.366976,1.058228
300415,2861812500,53455079,2026-10-06T05:18:23.657484+00:00,216923678872732,123,-1016,509,1364,1366,3989,4.305,-35.56,17.815,0.332816,0.333304,0.973316
300416,2861822265,53464844,2026-10-06T05:18:23.700428+00:00,216923721853333,10,-1309,658,1878,774,3936,0.35,-45.815,23.03,0.458232,0.188856,0.960384
300417,2861832031,53474610,2026-10-06T05:18:23.701688+00:00,216923723103648,132,-1546,687,1394,522,3908,4.62,-54.11,24.045,0.340136,0.127368,0.953552
300418,2861842773,53485352,2026-10-06T05:18:23.705921+00:00,216923727350628,345,-1843,635,1091,519,4061,12.075,-64.505,22.225,0.266204,0.126636,0.990884
300419,2861852539,53495118,2026-10-06T05:18:23.706602+00:00,216923728040888,515,-2185,581,1165,1050,3795,18.025,-76.475,20.335,0.28426,0.2562,0.92598
300420,2861862304,53504883,2026-10-06T05:18:23.745606+00:00,216923767077202,429,-2625,503,1846,530,4139,15.015,-91.875,17.605,0.450424,0.12932,1.009916
300421,2861872070,53514649,2026-10-06T05:18:23.746460+00:00,216923767880046,482,-2915,368,1565,494,4290,16.87,-102.025,12.88,0.38186,0.120536,1.04676
300422,2861882812,53525391,2026-10-06T05:18:23.747876+00:00,216923769285313,458,-3225,312,1471,686,4322,16.03,-112.875,10.92,0.358924,0.167384,1.054568
300423,2861887695,53530274,2026-10-06T05:18:23.749227+00:00,216923770642797,366,-3595,319,1674,794,4086,12.81,-125.825,11.165,0.408456,0.193736,0.996984
300424,2861897460,53540039,2026-10-06T05:18:23.750036+00:00,216923771441629,296,-4001,306,1850,629,3797,10.36,-140.035,10.71,0.4514,0.153476,0.926468
300425,2861907226,53549805,2026-10-06T05:18:23.789882+00:00,216923811295692,306,-4445,301,2023,696,3894,10.71,-155.575,10.535,0.493612,0.169824,0.950136
300426,2861916992,53559571,2026-10-06T05:18:23.790499+00:00,216923811904883,308,-4829,334,2058,747,3751,10.78,-169.015,11.69,0.502152,0.182268,0.915244
300427,2861927734,53570313,2026-10-06T05:18:23.791753+00:00,216923813158561,198,-5225,462,1825,773,3780,6.93,-182.875,16.17,0.4453,0.188612,0.92232
300428,2861937500,53580079,2026-10-06T05:18:23.792394+00:00,216923813799614,72,-5636,602,1863,623,3522,2.52,-197.26,21.07,0.454572,0.152012,0.859368
300429,2861947265,53589844,2026-10-06T05:18:23.835014+00:00,216923856428399,131,-6026,674,2144,824,3559,4.585,-210.91,23.59,0.523136,0.201056,0.868396
300430,2861957031,53599610,2026-10-06T05:18:23.836703+00:00,216923858117777,106,-6346,731,2352,742,3302,3.71,-222.11,25.585,0.573888,0.181048,0.805688
300431,2861967773,53610352,2026-10-06T05:18:23.838201+00:00,216923859613666,113,-6638,780,2733,857,3341,3.955,-232.33,27.3,0.666852,0.209108,0.815204
300432,2861977539,53620118,2026-10-06T05:18:23.839142+00:00,216923860548183,95,-6870,833,3124,580,3351,3.325,-240.45,29.155,0.762256,0.14152,0.817644
300433,2861987304,53629883,2026-10-06T05:18:23.840901+00:00,216923862310514,256,-7012,876,3665,591,3559,8.96,-245.42,30.66,0.89426,0.144204,0.868396
300434,2861992187,53634766,2026-10-06T05:18:23.842011+00:00,216923863420038,483,-7043,926,4095,541,3750,16.905,-246.505,32.41,0.99918,0.132004,0.915
300435,2862001953,53644532,2026-10-06T05:18:23.879371+00:00,216923900773810,922,-6963,939,4488,656,3771,32.27,-243.705,32.865,1.095072,0.160064,0.920124
300436,2862012695,53655274,2026-10-06T05:18:23.879785+00:00,216923901178411,1288,-6883,1036,4510,903,3514,45.08,-240.905,36.26,1.10044,0.220332,0.857416
300437,2862022460,53665039,2026-10-06T05:18:23.881277+00:00,216923902672581,1526,-6837,1196,4770,1063,3679,53.41,-239.295,41.86,1.16388,0.259372,0.897676
300438,2862032226,53674805,2026-10-06T05:18:23.881775+00:00,216923903166693,1733,-6677,1350,5070,1207,3773,60.655,-233.695,47.25,1.23708,0.294508,0.920612
300439,2862041992,53684571,2026-10-06T05:18:23.925425+00:00,216923946829605,1846,-6404,1553,4722,1629,3857,64.61,-224.14,54.355,1.152168,0.397476,0.941108
300440,2862052734,53695313,2026-10-06T05:18:23.925839+00:00,216923947232157,1933,-6119,1689,4359,1526,3856,67.655,-214.165,59.115,1.063596,0.372344,0.940864
300441,2862062500,53705079,2026-10-06T05:18:23.926226+00:00,216923947622072,2099,-5825,1840,4071,1273,3632,73.465,-203.875,64.4,0.993324,0.310612,0.886208
300442,2862072265,53714844,2026-10-06T05:18:23.926526+00:00,216923947919585,2275,-5526,2030,4586,1522,3787,79.625,-193.41,71.05,1.118984,0.371368,0.924028
300443,2862082031,53724610,2026-10-06T05:18:23.928223+00:00,216923949622129,2306,-4911,2194,5105,743,4709,80.71,-171.885,76.79,1.24562,0.181292,1.148996
300444,2862087890,53730469,2026-10-06T05:18:23.975093+00:00,216923996526921,2335,-3850,2504,5007,416,4909,81.725,-134.75,87.64,1.221708,0.101504,1.197796
300445,2862097656,53740235,2026-10-06T05:18:23.976773+00:00,216923998191377,2497,-2596,2931,3945,331,5865,87.395,-90.86,102.585,0.96258,0.080764,1.43106
300446,2862107421,53750000,2026-10-06T05:18:23.978298+00:00,216923999708491,2573,-1145,3438,4624,1212,7381,90.055,-40.075,120.33,1.128256,0.295728,1.800964
300447,2862117187,53759766,2026-10-06T05:18:23.979810+00:00,216924001229297,2125,310,3940,1723,946,5075,74.375,10.85,137.9,0.420412,0.230824,1.2383
300448,2862126953,53769532,2026-10-06T05:18:24.016328+00:00,216924037754426,1783,911,4299,1754,917,4271,62.405,31.885,150.465,0.427976,0.223748,1.042124
300449,2862137695,53780274,2026-10-06T05:18:24.017367+00:00,216924038786270,1748,1363,4305,1714,1803,4308,61.18,47.705,150.675,0.418216,0.439932,1.051152
300450,2862147460,53790039,2026-10-06T05:18:24.018576+00:00,216924039998630,1642,1826,3994,412,2374,2973,57.47,63.91,139.79,0.100528,0.579256,0.725412
300451,2862157226,53799805,2026-10-06T05:18:24.020155+00:00,216924041578651,1409,1880,3573,491,2774,2394,49.315,65.8,125.055,0.119804,0.676856,0.584136
300452,2862166992,53809571,2026-10-06T05:18:24.023879+00:00,216924045300896,1171,1830,2955,1071,3014,2697,40.985,64.05,103.425,0.261324,0.735416,0.658068
300453,2862177734,53820313,2026-10-06T05:18:24.061927+00:00,216924083354007,991,1944,2118,1359,3153,2960,34.685,68.04,74.13,0.331596,0.769332,0.72224
300454,2862182617,53825196,2026-10-06T05:18:24.066863+00:00,216924088278879,825,2177,1171,1596,3174,3010,28.875,76.195,40.985,0.389424,0.774456,0.73444
300455,2862192382,53834961,2026-10-06T05:18:24.067813+00:00,216924089224333,658,2451,242,1719,2938,2945,23.03,85.785,8.47,0.419436,0.716872,0.71858
300456,2862202148,53844727,2026-10-06T05:18:24.069803+00:00,216924091211518,504,2715,-569,1695,2473,2780,17.64,95.025,-19.915,0.41358,0.603412,0.67832
300457,2862212890,53855469,2026-10-06T05:18:24.070088+00:00,216924091490099,422,2916,-1216,1769,1857,2600,14.77,102.06,-42.56,0.431636,0.453108,0.6344
300458,2862222656,53865235,2026-10-06T05:18:24.104544+00:00,216924125942935,453,3073,-1695,2039,1434,2605,15.855,107.555,-59.325,0.497516,0.349896,0.63562
300459,2862232421,53875000,2026-10-06T05:18:24.104794+00:00,216924126184069,524,3244,-2013,2424,1159,2832,18.34,113.54,-70.455,0.591456,0.282796,0.691008
300460,2862242187,53884766,2026-10-06T05:18:24.105047+00:00,216924126436216,561,3477,-2183,2708,887,2949,19.635,121.695,-76.405,0.660752,0.216428,0.719556
300461,2862251953,53894532,2026-10-06T05:18:24.106027+00:00,216924127419986,575,3733,-2238,2924,666,3042,20.125,130.655,-78.33,0.713456,0.162504,0.742248
300462,2862262695,53905274,2026-10-06T05:18:24.106343+00:00,216924127734388,571,3993,-2238,3008,536,2994,19.985,139.755,-78.33,0.733952,0.130784,0.730536
300463,2862272460,53915039,2026-10-06T05:18:24.150251+00:00,216924171649364,524,4195,-2206,2996,416,2842,18.34,146.825,-77.21,0.731024,0.101504,0.693448
300464,2862282226,53924805,2026-10-06T05:18:24.150420+00:00,216924171810279,468,4314,-2168,3111,315,2858,16.38,150.99,-75.88,0.759084,0.07686,0.697352
300465,2862291992,53934571,2026-10-06T05:18:24.150840+00:00,216924172232951,418,4410,-2158,3339,230,3042,14.63,154.35,-75.53,0.814716,0.05612,0.742248
300466,2862297851,53940430,2026-10-06T05:18:24.151087+00:00,216924172480105,366,4528,-2163,3524,67,3214,12.81,158.48,-75.705,0.859856,0.016348,0.784216
300467,2862307617,53950196,2026-10-06T05:18:24.152529+00:00,216924173930629,360,4657,-2145,3637,-93,3325,12.6,162.995,-75.075,0.887428,-0.022692,0.8113
300468,2862317382,53959961,2026-10-06T05:18:24.194473+00:00,216924215876974,406,4785,-2084,3847,-97,3425,14.21,167.475,-72.94,0.938668,-0.023668,0.8357
300469,2862327148,53969727,2026-10-06T05:18:24.194907+00:00,216924216302924,437,4916,-1988,3829,43,3301,15.295,172.06,-69.58,0.934276,0.010492,0.805444
300470,2862337890,53980469,2026-10-06T05:18:24.196240+00:00,216924217635286,391,4974,-1859,3660,308,3100,13.685,174.09,-65.065,0.89304,0.075152,0.7564
300471,2862347656,53990235,2026-10-06T05:18:24.196541+00:00,216924217934169,283,4933,-1739,3588,631,2964,9.905,172.655,-60.865,0.875472,0.153964,0.723216
300472,2862357421,54000000,2026-10-06T05:18:24.240882+00:00,216924262304344,145,4835,-1670,3509,983,2922,5.075,169.225,-58.45,0.856196,0.239852,0.712968
300473,2862367187,54009766,2026-10-06T05:18:24.242384+00:00,216924263801647,13,4718,-1687,3322,1305,2961,0.455,165.13,-59.045,0.810568,0.31842,0.722484
300474,2862376953,54019532,2026-10-06T05:18:24.243448+00:00,216924264868848,-97,4587,-1810,3117,1617,3059,-3.395,160.545,-63.35,0.760548,0.394548,0.746396
300475,2862382812,54025391,2026-10-06T05:18:24.244580+00:00,216924265995324,-200,4460,-2038,3082,1750,3347,-7.0,156.1,-71.33,0.752008,0.427,0.816668
300476,2862392578,54035157,2026-10-06T05:18:24.286874+00:00,216924308299308,-216,4398,-2372,3101,1634,3581,-7.56,153.93,-83.02,0.756644,0.398696,0.873764
300477,2862402343,54044922,2026-10-06T05:18:24.287837+00:00,216924309254792,-90,4391,-2768,3136,1578,3752,-3.15,153.685,-96.88,0.765184,0.385032,0.915488
300478,2862412109,54054688,2026-10-06T05:18:24.292913+00:00,216924314336811,62,4412,-3155,3208,1626,3894,2.17,154.42,-110.425,0.782752,0.396744,0.950136
300479,2862422851,54065430,2026-10-06T05:18:24.294730+00:00,216924316149421,116,4437,-3479,3264,1458,4001,4.06,155.295,-121.765,0.796416,0.355752,0.976244
300480,2862432617,54075196,2026-10-06T05:18:24.297400+00:00,216924318826310,114,4452,-3701,3375,1129,4089,3.99,155.82,-129.535,0.8235,0.275476,0.997716
300481,2862442382,54084961,2026-10-06T05:18:24.298772+00:00,216924320185141,141,4472,-3825,3553,1037,4196,4.935,156.52,-133.875,0.866932,0.253028,1.023824
300482,2862452148,54094727,2026-10-06T05:18:24.331479+00:00,216924352907597,99,4504,-3863,3697,1128,4311,3.465,157.64,-135.205,0.902068,0.275232,1.051884
300483,2862462890,54105469,2026-10-06T05:18:24.332466+00:00,216924353887744,-74,4545,-3828,3749,1097,4390,-2.59,159.075,-133.98,0.914756,0.267668,1.07116
300484,2862472656,54115235,2026-10-06T05:18:24.333474+00:00,216924354893804,-268,4581,-3753,3701,879,4367,-9.38,160.335,-131.355,0.903044,0.214476,1.065548
300485,2862482421,54125000,2026-10-06T05:18:24.334744+00:00,216924356162683,-346,4598,-3668,3727,725,4425,-12.11,160.93,-128.38,0.909388,0.1769,1.0797
300486,2862487304,54129883,2026-10-06T05:18:24.337163+00:00,216924358585788,-324,4621,-3570,3748,735,4439,-11.34,161.735,-124.95,0.914512,0.17934,1.083116
300487,2862497070,54139649,2026-10-06T05:18:24.375363+00:00,216924396787681,-301,4633,-3445,3739,796,4402,-10.535,162.155,-120.575,0.912316,0.194224,1.074088
300488,2862507812,54150391,2026-10-06T05:18:24.376387+00:00,216924397800912,-297,4624,-3283,3810,777,4315,-10.395,161.84,-114.905,0.92964,0.189588,1.05286
300489,2862517578,54160157,2026-10-06T05:18:24.377479+00:00,216924398894941,-267,4604,-3103,3826,740,4125,-9.345,161.14,-108.605,0.933544,0.18056,1.0065
300490,2862527343,54169922,2026-10-06T05:18:24.423900+00:00,216924445318396,-204,4551,-2918,3761,722,3866,-7.14,159.285,-102.13,0.917684,0.176168,0.943304
300491,2862537109,54179688,2026-10-06T05:18:24.424650+00:00,216924446057359,-116,4432,-2744,3728,722,3612,-4.06,155.12,-96.04,0.909632,0.176168,0.881328
300492,2862547851,54190430,2026-10-06T05:18:24.425423+00:00,216924446831197,-19,4269,-2602,3841,709,3495,-0.665,149.415,-91.07,0.937204,0.172996,0.85278
300493,2862557617,54200196,2026-10-06T05:18:24.426131+00:00,216924447538342,66,4106,-2491,3868,643,3344,2.31,143.71,-87.185,0.943792,0.156892,0.815936
300494,2862567382,54209961,2026-10-06T05:18:24.426820+00:00,216924448226335,123,3925,-2379,3887,463,3184,4.305,137.375,-83.265,0.948428,0.112972,0.776896
300495,2862577148,54219727,2026-10-06T05:18:24.427523+00:00,216924448925757,166,3735,-2234,3926,278,3076,5.81,130.725,-78.19,0.957944,0.067832,0.750544
300496,2862587890,54230469,2026-10-06T05:18:24.469446+00:00,216924490868468,195,3548,-2030,3881,104,2900,6.825,124.18,-71.05,0.946964,0.025376,0.7076
300497,2862592773,54235352,2026-10-06T05:18:24.470766+00:00,216924492180151,227,3337,-1773,3630,-289,2619,7.945,116.795,-62.055,0.88572,-0.070516,0.639036
300498,2862602539,54245118,2026-10-06T05:18:24.471817+00:00,216924493226230,353,3067,-1513,3792,-567,2334,12.355,107.345,-52.955,0.925248,-0.138348,0.569496
300499,2862612304,54254883,2026-10-06T05:18:24.472763+00:00,216924494170832,503,2793,-1207,4044,-183,2041,17.605,97.755,-42.245,0.986736,-0.044652,0.498004
300500,2862622070,54264649,2026-10-06T05:18:24.473672+00:00,216924495080286,441,2502,-785,4008,-177,1508,15.435,87.57,-27.475,0.977952,-0.043188,0.367952
300501,2862632812,54275391,2026-10-06T05:18:24.509813+00:00,216924531222597,418,2129,-372,3872,-375,996,14.63,74.515,-13.02,0.944768,-0.0915,0.243024
300502,2862642578,54285157,2026-10-06T05:18:24.510613+00:00,216924532046689,570,1661,-71,3826,-233,637,19.95,58.135,-2.485,0.933544,-0.056852,0.155428
300503,2862652343,54294922,2026-10-06T05:18:24.511597+00:00,216924532997405,709,1127,135,3919,172,423,24.815,39.445,4.725,0.956236,0.041968,0.103212
300504,2862662109,54304688,2026-10-06T05:18:24.512705+00:00,216924534105365,685,559,271,4030,446,296,23.975,19.565,9.485,0.98332,0.108824,0.072224
300505,2862672851,54315430,2026-10-06T05:18:24.556873+00:00,216924578290955,524,-56,336,4141,936,78,18.34,-1.96,11.76,1.010404,0.228384,0.019032
300506,2862677734,54320313,2026-10-06T05:18:24.601001+00:00,216924622407502,102,-783,371,4198,996,-169,3.57,-27.405,12.985,1.024312,0.243024,-0.041236
300507,2862687500,54330079,2026-10-06T05:18:24.601884+00:00,216924623293138,-373,-1540,396,4346,1345,-257,-13.055,-53.9,13.86,1.060424,0.32818,-0.062708
300508,2862697265,54339844,2026-10-06T05:18:24.602884+00:00,216924624283114,-1104,-2429,428,1496,793,1238,-38.64,-85.015,14.98,0.365024,0.193492,0.302072
300509,2862707031,54349610,2026-10-06T05:18:24.603240+00:00,216924624641653,-1285,-2885,448,826,474,6187,-44.975,-100.975,15.68,0.201544,0.115656,1.509628
300510,2862717773,54360352,2026-10-06T05:18:24.603735+00:00,216924625131874,-864,-2583,414,-1594,626,7726,-30.24,-90.405,14.49,-0.388936,0.152744,1.885144
300511,2862727539,54370118,2026-10-06T05:18:24.604195+00:00,216924625594690,-678,-2663,565,-3656,360,4531,-23.73,-93.205,19.775,-0.892064,0.08784,1.105564
300512,2862737304,54379883,2026-10-06T05:18:24.604693+00:00,216924626092368,-866,-3671,1052,-2379,-778,2189,-30.31,-128.485,36.82,-0.580476,-0.189832,0.534116
300513,2862747070,54389649,2026-10-06T05:18:24.605107+00:00,216924626505092,-570,-4866,1305,935,-1195,3172,-19.95,-170.31,45.675,0.22814,-0.29158,0.773968
300514,2862757812,54400391,2026-10-06T05:18:24.606548+00:00,216924627956459,60,-5224,1180,3212,-229,4957,2.1,-182.84,41.3,0.783728,-0.055876,1.209508
300515,2862767578,54410157,2026-10-06T05:18:24.644661+00:00,216924666067738,565,-4729,881,4484,404,6693,19.775,-165.515,30.835,1.094096,0.098576,1.633092
300516,2862777343,54419922,2026-10-06T05:18:24.645110+00:00,216924666510085,1050,-3731,469,4174,931,6393,36.75,-130.585,16.415,1.018456,0.227164,1.559892
300517,2862787109,54429688,2026-10-06T05:18:24.647421+00:00,216924668816511,1236,-2888,255,2622,1256,5102,43.26,-101.08,8.925,0.639768,0.306464,1.244888
300518,2862791992,54434571,2026-10-06T05:18:24.647981+00:00,216924669376856,1248,-2545,194,2367,1458,4638,43.68,-89.075,6.79,0.577548,0.355752,1.131672
300519,2862802734,54445313,2026-10-06T05:18:24.648488+00:00,216924669883440,1265,-2301,97,2490,2162,4885,44.275,-80.535,3.395,0.60756,0.527528,1.19194
300520,2862812500,54455079,2026-10-06T05:18:24.690715+00:00,216924712121090,1133,-1972,-28,2658,2767,5123,39.655,-69.02,-0.98,0.648552,0.675148,1.250012
300521,2862822265,54464844,2026-10-06T05:18:24.691230+00:00,216924712629234,791,-1568,-101,2407,2698,4557,27.685,-54.88,-3.535,0.587308,0.658312,1.111908
300522,2862832031,54474610,2026-10-06T05:18:24.691840+00:00,216924713239771,454,-1249,-120,2047,2338,4450,15.89,-43.715,-4.2,0.499468,0.570472,1.0858
300523,2862842773,54485352,2026-10-06T05:18:24.692529+00:00,216924713928572,236,-1003,-121,1731,2210,4506,8.26,-35.105,-4.235,0.422364,0.53924,1.099464
300524,2862852539,54495118,2026-10-06T05:18:24.780016+00:00,216924801435295,50,-800,-92,1974,1890,4544,1.75,-28.0,-3.22,0.481656,0.46116,1.108736
300525,2862862304,54504883,2026-10-06T05:18:24.780788+00:00,216924802189809,-107,-529,-15,2180,1317,4443,-3.745,-18.515,-0.525,0.53192,0.321348,1.084092
300526,2862872070,54514649,2026-10-06T05:18:24.782334+00:00,216924803738590,-59,-217,-11,1746,1134,4077,-2.065,-7.595,-0.385,0.426024,0.276696,0.994788
300527,2862882812,54525391,2026-10-06T05:18:24.783249+00:00,216924804657101,14,-84,-1,1191,1122,3856,0.49,-2.94,-0.035,0.290604,0.273768,0.940864
300528,2862887695,54530274,2026-10-06T05:18:24.784190+00:00,216924805607088,36,-83,13,979,1091,3941,1.26,-2.905,0.455,0.238876,0.266204,0.961604
300529,2862897460,54540039,2026-10-06T05:18:24.785199+00:00,216924806617407,83,-108,-1,1041,1073,4065,2.905,-3.78,-0.035,0.254004,0.261812,0.99186
300530,2862907226,54549805,2026-10-06T05:18:24.787187+00:00,216924808596326,114,-127,15,1110,799,3545,3.99,-4.445,0.525,0.27084,0.194956,0.86498
300531,2862916992,54559571,2026-10-06T05:18:24.788150+00:00,216924809569779,189,-184,31,1200,1146,3868,6.615,-6.44,1.085,0.2928,0.279624,0.943792
300532,2862927734,54570313,2026-10-06T05:18:24.789458+00:00,216924810872313,194,-168,-2,1163,1386,4149,6.79,-5.88,-0.07,0.283772,0.338184,1.012356
300533,2862937500,54580079,2026-10-06T05:18:24.790434+00:00,216924811845420,152,-155,4,589,1249,3636,5.32,-5.425,0.14,0.143716,0.304756,0.887184
300534,2862947265,54589844,2026-10-06T05:18:24.826275+00:00,216924847704364,154,-257,20,1057,1448,3975,5.39,-8.995,0.7,0.257908,0.353312,0.9699
300535,2862957031,54599610,2026-10-06T05:18:24.827788+00:00,216924849207129,118,-248,30,1096,1418,3862,4.13,-8.68,1.05,0.267424,0.345992,0.942328
300536,2862967773,54610352,2026-10-06T05:18:24.829723+00:00,216924851142858,85,-243,53,1327,1305,3807,2.975,-8.505,1.855,0.323788,0.31842,0.928908
300537,2862977539,54620118,2026-10-06T05:18:24.830725+00:00,216924852142515,73,-215,80,1287,1300,3794,2.555,-7.525,2.8,0.314028,0.3172,0.925736
300538,2862982421,54625000,2026-10-06T05:18:24.831607+00:00,216924853052781,59,-200,99,1140,1392,3804,2.065,-7.0,3.465,0.27816,0.339648,0.928176
300539,2862992187,54634766,2026-10-06T05:18:24.870497+00:00,216924891919776,22,-215,117,1162,1464,3862,0.77,-7.525,4.095,0.283528,0.357216,0.942328
300540,2863001953,54644532,2026-10-06T05:18:24.871572+00:00,216924892988729,-26,-236,119,1175,1293,3950,-0.91,-8.26,4.165,0.2867,0.315492,0.9638
300541,2863012695,54655274,2026-10-06T05:18:24.872724+00:00,216924894139887,-17,-225,101,1184,1233,4177,-0.595,-7.875,3.535,0.288896,0.300852,1.019188
300542,2863022460,54665039,2026-10-06T05:18:24.873715+00:00,216924895134773,-3,-201,86,1186,996,3856,-0.105,-7.035,3.01,0.289384,0.243024,0.940864
300543,2863032226,54674805,2026-10-06T05:18:24.916092+00:00,216924937517995,58,-216,84,1455,1206,4162,2.03,-7.56,2.94,0.35502,0.294264,1.015528
300544,2863041992,54684571,2026-10-06T05:18:24.919064+00:00,216924940477442,71,-170,58,1136,1028,3756,2.485,-5.95,2.03,0.277184,0.250832,0.916464
300545,2863052734,54695313,2026-10-06T05:18:24.960892+00:00,216924982305192,81,-233,88,1230,1128,3947,2.835,-8.155,3.08,0.30012,0.275232,0.963068
300546,2863062500,54705079,2026-10-06T05:18:24.961521+00:00,216924982927388,97,-255,101,1368,1202,3905,3.395,-8.925,3.535,0.333792,0.293288,0.95282
300547,2863072265,54714844,2026-10-06T05:18:24.962225+00:00,216924983630983,121,-243,116,1332,1361,3983,4.235,-8.505,4.06,0.325008,0.332084,0.971852
300548,2863082031,54724610,2026-10-06T05:18:24.963054+00:00,216924984459577,131,-233,118,1307,1514,3840,4.585,-8.155,4.13,0.318908,0.369416,0.93696
300549,2863087890,54730469,2026-10-06T05:18:24.964057+00:00,216924985462625,99,-245,121,1445,1508,3868,3.465,-8.575,4.235,0.35258,0.367952,0.943792
300550,2863097656,54740235,2026-10-06T05:18:24.964701+00:00,216924986107236,28,-251,152,1369,1242,3879,0.98,-8.785,5.32,0.334036,0.303048,0.946476
300551,2863107421,54750000,2026-10-06T05:18:24.965372+00:00,216924986778455,5,-259,150,1431,1070,3701,0.175,-9.065,5.25,0.349164,0.26108,0.903044
300552,2863117187,54759766,2026-10-06T05:18:24.965962+00:00,216924987367840,27,-275,154,1390,1227,3960,0.945,-9.625,5.39,0.33916,0.299388,0.96624
300553,2863126953,54769532,2026-10-06T05:18:25.006067+00:00,216925027480367,31,-275,167,1264,1206,3761,1.085,-9.625,5.845,0.308416,0.294264,0.917684
300554,2863137695,54780274,2026-10-06T05:18:25.006876+00:00,216925028283048,31,-282,174,1378,1428,3872,1.085,-9.87,6.09,0.336232,0.348432,0.944768
300555,2863147460,54790039,2026-10-06T05:18:25.007601+00:00,216925029036491,-11,-282,168,1335,1250,3734,-0.385,-9.87,5.88,0.32574,0.305,0.911096
300556,2863157226,54799805,2026-10-06T05:18:25.008265+00:00,216925029671261,-20,-308,184,1438,1179,3717,-0.7,-10.78,6.44,0.350872,0.287676,0.906948
300557,2863166992,54809571,2026-10-06T05:18:25.049967+00:00,216925071379787,-30,-307,190,1364,1257,3866,-1.05,-10.745,6.65,0.332816,0.306708,0.943304
300558,2863177734,54820313,2026-10-06T05:18:25.050725+00:00,216925072132679,-53,-300,200,1237,1230,3747,-1.855,-10.5,7.0,0.301828,0.30012,0.914268
300559,2863182617,54825196,2026-10-06T05:18:25.052566+00:00,216925073984744,-69,-329,232,1308,1281,3722,-2.415,-11.515,8.12,0.319152,0.312564,0.908168
300560,2863192382,54834961,2026-10-06T05:18:25.053476+00:00,216925074880663,-98,-353,251,1406,1337,3706,-3.43,-12.355,8.785,0.343064,0.326228,0.904264
300561,2863202148,54844727,2026-10-06T05:18:25.054238+00:00,216925075636850,-135,-353,258,1235,1322,3926,-4.725,-12.355,9.03,0.30134,0.322568,0.957944
300562,2863212890,54855469,2026-10-06T05:18:25.099449+00:00,216925120858236,-150,-355,267,1401,1179,3556,-5.25,-12.425,9.345,0.341844,0.287676,0.867664
300563,2863222656,54865235,2026-10-06T05:18:25.099759+00:00,216925121160988,-180,-398,300,1716,1251,3791,-6.3,-13.93,10.5,0.418704,0.305244,0.925004
300564,2863232421,54875000,2026-10-06T05:18:25.100125+00:00,216925121527108,-209,-358,275,1152,1227,3975,-7.315,-12.53,9.625,0.281088,0.299388,0.9699
300565,2863242187,54884766,2026-10-06T05:18:25.100347+00:00,216925121746212,-191,-360,269,1087,1184,3791,-6.685,-12.6,9.415,0.265228,0.288896,0.925004
300566,2863251953,54894532,2026-10-06T05:18:25.100671+00:00,216925122071148,-205,-392,289,1335,1266,3939,-7.175,-13.72,10.115,0.32574,0.308904,0.961116
300567,2863262695,54905274,2026-10-06T05:18:25.140072+00:00,216925161488263,-219,-401,285,1250,1186,3818,-7.665,-14.035,9.975,0.305,0.289384,0.931592
300568,2863272460,54915039,2026-10-06T05:18:25.140737+00:00,216925162145209,-237,-431,287,1513,1067,3838,-8.295,-15.085,10.045,0.369172,0.260348,0.936472
300569,2863282226,54924805,2026-10-06T05:18:25.141743+00:00,216925163151113,-237,-431,291,1405,1192,3757,-8.295,-15.085,10.185,0.34282,0.290848,0.916708
300570,2863291992,54934571,2026-10-06T05:18:25.142417+00:00,216925163816121,-277,-476,296,1470,1132,3744,-9.695,-16.66,10.36,0.35868,0.276208,0.913536
300571,2863297851,54940430,2026-10-06T05:18:25.143080+00:00,216925164480191,-300,-501,298,1619,1127,3853,-10.5,-17.535,10.43,0.395036,0.274988,0.940132
300572,2863307617,54950196,2026-10-06T05:18:25.230912+00:00,216925252318282,-302,-483,283,1562,1201,3948,-10.57,-16.905,9.905,0.381128,0.293044,0.963312
300573,2863317382,54959961,2026-10-06T05:18:25.231578+00:00,216925252978037,-297,-446,259,1262,1183,3766,-10.395,-15.61,9.065,0.307928,0.288652,0.918904
300574,2863327148,54969727,2026-10-06T05:18:25.232167+00:00,216925253566851,-320,-493,273,1406,1179,3753,-11.2,-17.255,9.555,0.343064,0.287676,0.915732
300575,2863337890,54980469,2026-10-06T05:18:25.232710+00:00,216925254107506,-361,-535,294,1692,1186,3887,-12.635,-18.725,10.29,0.412848,0.289384,0.948428
300576,2863347656,54990235,2026-10-06T05:18:25.233915+00:00,216925255315619,-367,-509,277,1677,1093,3790,-12.845,-17.815,9.695,0.409188,0.266692,0.92476
300577,2863357421,55000000,2026-10-06T05:18:25.234538+00:00,216925255948838,-370,-496,258,1705,1060,3865,-12.95,-17.36,9.03,0.41602,0.25864,0.94306
300578,2863367187,55009766,2026-10-06T05:18:25.235325+00:00,216925256734314,-350,-457,234,1596,1061,3888,-12.25,-15.995,8.19,0.389424,0.258884,0.948672
300579,2863376953,55019532,2026-10-06T05:18:25.236182+00:00,216925257590536,-331,-441,219,1439,1088,3806,-11.585,-15.435,7.665,0.351116,0.265472,0.928664
300580,2863382812,55025391,2026-10-06T05:18:25.239801+00:00,216925261216084,-332,-465,230,1293,1147,3776,-11.62,-16.275,8.05,0.315492,0.279868,0.921344
300581,2863392578,55035157,2026-10-06T05:18:25.240137+00:00,216925261543716,-360,-516,256,1434,1138,3687,-12.6,-18.06,8.96,0.349896,0.277672,0.899628
300582,2863402343,55044922,2026-10-06T05:18:25.275081+00:00,216925296496945,-385,-568,286,1549,1094,3799,-13.475,-19.88,10.01,0.377956,0.266936,0.926956
300583,2863412109,55054688,2026-10-06T05:18:25.275863+00:00,216925297262823,-393,-582,291,1611,970,3944,-13.755,-20.37,10.185,0.393084,0.23668,0.962336
300584,2863422851,55065430,2026-10-06T05:18:25.276598+00:00,216925298027905,-362,-551,288,1620,929,3948,-12.67,-19.285,10.08,0.39528,0.226676,0.963312
300585,2863432617,55075196,2026-10-06T05:18:25.277255+00:00,216925298653416,-317,-508,269,1618,861,3962,-11.095,-17.78,9.415,0.394792,0.210084,0.966728
300586,2863442382,55084961,2026-10-06T05:18:25.320664+00:00,216925342080472,-255,-466,242,1604,912,3912,-8.925,-16.31,8.47,0.391376,0.222528,0.954528
300587,2863452148,55094727,2026-10-06T05:18:25.321655+00:00,216925343060702,-225,-457,234,1734,884,3854,-7.875,-15.995,8.19,0.423096,0.215696,0.940376
300588,2863462890,55105469,2026-10-06T05:18:25.322165+00:00,216925343566641,-184,-445,222,1651,883,3884,-6.44,-15.575,7.77,0.402844,0.215452,0.947696
300589,2863472656,55115235,2026-10-06T05:18:25.322972+00:00,216925344381151,-144,-428,205,1498,900,3781,-5.04,-14.98,7.175,0.365512,0.2196,0.922564
300590,2863482421,55125000,2026-10-06T05:18:25.365836+00:00,216925387248830,-120,-450,211,1612,935,3877,-4.2,-15.75,7.385,0.393328,0.22814,0.945988
300591,2863487304,55129883,2026-10-06T05:18:25.366476+00:00,216925387883048,-100,-448,217,1777,842,3856,-3.5,-15.68,7.595,0.433588,0.205448,0.940864
300592,2863497070,55139649,2026-10-06T05:18:25.367089+00:00,216925388494677,-47,-415,207,1603,924,3993,-1.645,-14.525,7.245,0.391132,0.225456,0.974292
300593,2863507812,55150391,2026-10-06T05:18:25.367793+00:00,216925389199925,-10,-405,190,1778,765,3681,-0.35,-14.175,6.65,0.433832,0.18666,0.898164
300594,2863517578,55160157,2026-10-06T05:18:25.369284+00:00,216925390695563,11,-447,228,2084,861,3715,0.385,-15.645,7.98,0.508496,0.210084,0.90646
300595,2863527343,55169922,2026-10-06T05:18:25.409878+00:00,216925431291608,45,-428,206,1572,981,3914,1.575,-14.98,7.21,0.383568,0.239364,0.955016
300596,2863537109,55179688,2026-10-06T05:18:25.410907+00:00,216925432309646,79,-450,177,1503,905,3856,2.765,-15.75,6.195,0.366732,0.22082,0.940864
300597,2863547851,55190430,2026-10-06T05:18:25.412025+00:00,216925433433075,79,-507,214,1714,817,3867,2.765,-17.745,7.49,0.418216,0.199348,0.943548
300598,2863557617,55200196,2026-10-06T05:18:25.412926+00:00,216925434336353,110,-534,217,1808,888,3764,3.85,-18.69,7.595,0.441152,0.216672,0.918416
300599,2863567382,55209961,2026-10-06T05:18:25.413884+00:00,216925435289150,130,-581,205,1876,846,3847,4.55,-20.335,7.175,0.457744,0.206424,0.938668
300600,2863577148,55219727,2026-10-06T05:18:25.454825+00:00,216925476239008,157,-622,205,1671,793,3708,5.495,-21.77,7.175,0.407724,0.193492,0.904752
300601,2863587890,55230469,2026-10-06T05:18:25.500005+00:00,216925521417398,192,-710,233,1622,992,3849,6.72,-24.85,8.155,0.395768,0.242048,0.939156
300602,2863592773,55235352,2026-10-06T05:18:25.500701+00:00,216925522106091,168,-803,281,1637,1050,3817,5.88,-28.105,9.835,0.399428,0.2562,0.931348
300603,2863602539,55245118,2026-10-06T05:18:25.503585+00:00,216925524999265,152,-914,335,1646,930,3725,5.32,-31.99,11.725,0.401624,0.22692,0.9089
300604,2863612304,55254883,2026-10-06T05:18:25.504595+00:00,216925526032692,181,-1042,361,1638,814,3702,6.335,-36.47,12.635,0.399672,0.198616,0.903288
300605,2863622070,55264649,2026-10-06T05:18:25.505376+00:00,216925526788963,190,-1205,423,1953,806,3592,6.65,-42.175,14.805,0.476532,0.196664,0.876448
300606,2863632812,55275391,2026-10-06T05:18:25.506323+00:00,216925527729353,158,-1417,500,1788,585,3286,5.53,-49.595,17.5,0.436272,0.14274,0.801784
300607,2863642578,55285157,2026-10-06T05:18:25.507996+00:00,216925529411390,249,-1689,532,1885,354,3562,8.715,-59.115,18.62,0.45994,0.086376,0.869128
300608,2863652343,55294922,2026-10-06T05:18:25.509362+00:00,216925530768973,504,-1821,453,1307,1664,4489,17.64,-63.735,15.855,0.318908,0.406016,1.095316
300609,2863662109,55304688,2026-10-06T05:18:25.510082+00:00,216925531491182,406,-1939,338,1000,1337,4293,14.21,-67.865,11.83,0.244,0.326228,1.047492
300610,2863672851,55315430,2026-10-06T05:18:25.545022+00:00,216925566427075,486,-2165,330,1128,1574,3849,17.01,-75.775,11.55,0.275232,0.384056,0.939156
300611,2863677734,55320313,2026-10-06T05:18:25.545680+00:00,216925567078835,411,-2575,420,1955,823,3746,14.385,-90.125,14.7,0.47702,0.200812,0.914024
300612,2863687500,55330079,2026-10-06T05:18:25.546935+00:00,216925568342289,575,-2851,442,1566,709,3870,20.125,-99.785,15.47,0.382104,0.172996,0.94428
300613,2863697265,55339844,2026-10-06T05:18:25.547868+00:00,216925569274313,690,-3200,439,1722,984,4191,24.15,-112.0,15.365,0.420168,0.240096,1.022604
300614,2863707031,55349610,2026-10-06T05:18:25.591128+00:00,216925612542746,700,-3526,428,1619,1344,3915,24.5,-123.41,14.98,0.395036,0.327936,0.95526
300615,2863717773,55360352,2026-10-06T05:18:25.591674+00:00,216925613079720,586,-4034,410,1936,1059,3895,20.51,-141.19,14.35,0.472384,0.258396,0.95038
300616,2863727539,55370118,2026-10-06T05:18:25.592503+00:00,216925613908133,585,-4507,368,1808,731,4145,20.475,-157.745,12.88,0.441152,0.178364,1.01138
300617,2863737304,55379883,2026-10-06T05:18:25.593202+00:00,216925614609325,610,-4986,368,1686,894,3865,21.35,-174.51,12.88,0.411384,0.218136,0.94306
300618,2863747070,55389649,2026-10-06T05:18:25.593951+00:00,216925615358035,576,-5545,424,2093,1001,3701,20.16,-194.075,14.84,0.510692,0.244244,0.903044
300619,2863757812,55400391,2026-10-06T05:18:25.636389+00:00,216925657805814,414,-6105,556,2011,1155,3608,14.49,-213.675,19.46,0.490684,0.28182,0.880352
300620,2863767578,55410157,2026-10-06T05:18:25.637260+00:00,216925658666890,210,-6658,651,2057,779,3558,7.35,-233.03,22.785,0.501908,0.190076,0.868152
300621,2863777343,55419922,2026-10-06T05:18:25.640095+00:00,216925661507264,288,-7095,673,2156,877,3556,10.08,-248.325,23.555,0.526064,0.213988,0.867664
300622,2863787109,55429688,2026-10-06T05:18:25.641658+00:00,216925663070243,310,-7480,723,2667,659,3298,10.85,-261.8,25.305,0.650748,0.160796,0.804712
300623,2863791992,55434571,2026-10-06T05:18:25.642755+00:00,216925664159149,457,-7746,744,3036,703,3646,15.995,-271.11,26.04,0.740784,0.171532,0.889624
300624,2863802734,55445313,2026-10-06T05:18:25.680413+00:00,216925701812470,680,-7923,738,3637,505,3330,23.8,-277.305,25.83,0.887428,0.12322,0.81252
300625,2863812500,55455079,2026-10-06T05:18:25.724259+00:00,216925745655003,1125,-8047,694,4546,490,3547,39.375,-281.645,24.29,1.109224,0.11956,0.865468
300626,2863822265,55464844,2026-10-06T05:18:25.770630+00:00,216925792034105,1678,-7964,629,4963,833,3748,58.73,-278.74,22.015,1.210972,0.203252,0.914512
300627,2863832031,55474610,2026-10-06T05:18:25.771149+00:00,216925792539984,2174,-7819,606,5285,1363,3672,76.09,-273.665,21.21,1.28954,0.332572,0.895968
300628,2863842773,55485352,2026-10-06T05:18:25.771374+00:00,216925792764674,2318,-7559,761,5362,1817,3646,81.13,-264.565,26.635,1.308328,0.443348,0.889624
300629,2863852539,55495118,2026-10-06T05:18:25.773128+00:00,216925794519197,2215,-7259,985,4684,1613,3231,77.525,-254.065,34.475,1.142896,0.393572,0.788364
300630,2863862304,55504883,2026-10-06T05:18:25.773336+00:00,216925794724634,2264,-7032,1250,4023,1676,3064,79.24,-246.12,43.75,0.981612,0.408944,0.747616
300631,2863872070,55514649,2026-10-06T05:18:25.773519+00:00,216925794908201,2403,-6865,1505,3793,1605,2736,84.105,-240.275,52.675,0.925492,0.39162,0.667584
300632,2863882812,55525391,2026-10-06T05:18:25.773691+00:00,216925795077993,2676,-6698,1753,3807,1711,2423,93.66,-234.43,61.355,0.928908,0.417484,0.591212
300633,2863887695,55530274,2026-10-06T05:18:25.773876+00:00,216925795263402,3043,-6525,1919,5061,2051,2986,106.505,-228.375,67.165,1.234884,0.500444,0.728584
300634,2863897460,55540039,2026-10-06T05:18:25.775990+00:00,216925797380467,3432,-5953,1957,6132,1795,3756,120.12,-208.355,68.495,1.496208,0.43798,0.916464
300635,2863907226,55549805,2026-10-06T05:18:25.776197+00:00,216925797587377,3879,-5059,1991,5676,1372,3190,135.765,-177.065,69.685,1.384944,0.334768,0.77836
300636,2863916992,55559571,2026-10-06T05:18:25.776412+00:00,216925797801979,4009,-4198,2254,6617,1555,3382,140.315,-146.93,78.89,1.614548,0.37942,0.825208
300637,2863927734,55570313,2026-10-06T05:18:25.776748+00:00,216925798135899,3804,-2973,2466,5925,812,3494,133.14,-104.055,86.31,1.4457,0.198128,0.852536
300638,2863937500,55580079,2026-10-06T05:18:25.816201+00:00,216925837628273,3581,-1474,2871,5669,2190,4820,125.335,-51.59,100.485,1.383236,0.53436,1.17608
300639,2863947265,55589844,2026-10-06T05:18:25.817857+00:00,216925839279154,2856,116,3331,5122,2991,6179,99.96,4.06,116.585,1.249768,0.729804,1.507676
300640,2863957031,55599610,2026-10-06T05:18:25.820939+00:00,216925842364889,1371,1640,4012,3753,1317,4765,47.985,57.4,140.42,0.915732,0.321348,1.16266
300641,2863967773,55610352,2026-10-06T05:18:25.823872+00:00,216925845298970,797,2550,4367,4459,2062,5247,27.895,89.25,152.845,1.087996,0.503128,1.280268
300642,2863977539,55620118,2026-10-06T05:18:25.860323+00:00,216925881746735,200,3547,4344,148,1790,2236,7.0,124.145,152.04,0.036112,0.43676,0.545584
300643,2863982421,55625000,2026-10-06T05:18:25.861325+00:00,216925882741851,-32,3425,4175,-786,1995,1257,-1.12,119.875,146.125,-0.191784,0.48678,0.306708
300644,2863992187,55634766,2026-10-06T05:18:25.862473+00:00,216925883889482,-336,2842,3807,-815,1619,28,-11.76,99.47,133.245,-0.19886,0.395036,0.006832
300645,2864001953,55644532,2026-10-06T05:18:25.863549+00:00,216925884964540,-137,2113,3170,-167,1728,867,-4.795,73.955,110.95,-0.040748,0.421632,0.211548
300646,2864012695,55655274,2026-10-06T05:18:25.864603+00:00,216925886055448,163,1709,2310,-117,1806,951,5.705,59.815,80.85,-0.028548,0.440664,0.232044
300647,2864022460,55665039,2026-10-06T05:18:25.906300+00:00,216925927721307,521,1378,1275,570,2428,1553,18.235,48.23,44.625,0.13908,0.592432,0.378932
300648,2864032226,55674805,2026-10-06T05:18:25.912751+00:00,216925934183052,670,1295,201,1478,2942,2348,23.45,45.325,7.035,0.360632,0.717848,0.572912
300649,2864041992,55684571,2026-10-06T05:18:25.914724+00:00,216925936137579,522,1513,-836,2541,3284,3143,18.27,52.955,-29.26,0.620004,0.801296,0.766892
300650,2864052734,55695313,2026-10-06T05:18:25.917916+00:00,216925939345743,114,2039,-1757,3513,3093,3858,3.99,71.365,-61.495,0.857172,0.754692,0.941352
300651,2864062500,55705079,2026-10-06T05:18:25.918478+00:00,216925939892434,-406,2832,-2484,3871,2370,4075,-14.21,99.12,-86.94,0.944524,0.57828,0.9943
300652,2864072265,55714844,2026-10-06T05:18:25.950835+00:00,216925972235513,-799,3674,-2928,3701,1430,3688,-27.965,128.59,-102.48,0.903044,0.34892,0.899872
300653,2864082031,55724610,2026-10-06T05:18:25.951491+00:00,216925972890559,-979,4347,-3053,3215,530,3054,-34.265,152.145,-106.855,0.78446,0.12932,0.745176
300654,2864087890,55730469,2026-10-06T05:18:25.952251+00:00,216925973649932,-923,4724,-2935,2782,-140,2422,-32.305,165.34,-102.725,0.678808,-0.03416,0.590968
300655,2864097656,55740235,2026-10-06T05:18:25.954232+00:00,216925975639358,-679,4845,-2655,2857,-346,2282,-23.765,169.575,-92.925,0.697108,-0.084424,0.556808
300656,2864107421,55750000,2026-10-06T05:18:25.955779+00:00,216925977180337,-423,4907,-2300,3121,-145,2410,-14.805,171.745,-80.5,0.761524,-0.03538,0.58804
300657,2864117187,55759766,2026-10-06T05:18:25.994291+00:00,216926015690390,-342,4993,-1927,3291,161,2600,-11.97,174.755,-67.445,0.803004,0.039284,0.6344
300658,2864126953,55769532,2026-10-06T05:18:25.994580+00:00,216926015971384,-384,5103,-1613,3422,163,2825,-13.44,178.605,-56.455,0.834968,0.039772,0.6893
300659,2864137695,55780274,2026-10-06T05:18:25.996157+00:00,216926017549896,-318,5265,-1439,3749,92,3099,-11.13,184.275,-50.365,0.914756,0.022448,0.756156
300660,2864147460,55790039,2026-10-06T05:18:25.996417+00:00,216926017809056,-136,5519,-1381,3848,135,3148,-4.76,193.165,-48.335,0.938912,0.03294,0.768112
300661,2864157226,55799805,2026-10-06T05:18:26.041309+00:00,216926062708186,52,5769,-1364,3642,260,2993,1.82,201.915,-47.74,0.888648,0.06344,0.730292
300662,2864166992,55809571,2026-10-06T05:18:26.084398+00:00,216926105796612,183,5907,-1354,3295,336,2718,6.405,206.745,-47.39,0.80398,0.081984,0.663192
300663,2864177734,55820313,2026-10-06T05:18:26.084735+00:00,216926106128937,256,5886,-1336,3073,364,2489,8.96,206.01,-46.76,0.749812,0.088816,0.607316
300664,2864182617,55825196,2026-10-06T05:18:26.087601+00:00,216926109017501,319,5750,-1325,3048,374,2513,11.165,201.25,-46.375,0.743712,0.091256,0.613172
300665,2864192382,55834961,2026-10-06T05:18:26.088019+00:00,216926109413618,402,5595,-1329,3086,445,2645,14.07,195.825,-46.515,0.752984,0.10858,0.64538
300666,2864202148,55844727,2026-10-06T05:18:26.088575+00:00,216926109970478,494,5462,-1348,3269,665,2940,17.29,191.17,-47.18,0.797636,0.16226,0.71736
300667,2864212890,55855469,2026-10-06T05:18:26.088926+00:00,216926110319712,530,5397,-1390,3364,1002,3137,18.55,188.895,-48.65,0.820816,0.244488,0.765428
300668,2864222656,55865235,2026-10-06T05:18:26.089223+00:00,216926110617017,468,5368,-1463,3368,1400,3264,16.38,187.88,-51.205,0.821792,0.3416,0.796416
300669,2864232421,55875000,2026-10-06T05:18:26.089485+00:00,216926110878653,297,5330,-1581,3131,1658,3234,10.395,186.55,-55.335,0.763964,0.404552,0.789096
300670,2864242187,55884766,2026-10-06T05:18:26.091142+00:00,216926112532769,102,5220,-1782,2820,1561,3183,3.57,182.7,-62.37,0.68808,0.380884,0.776652
300671,2864251953,55894532,2026-10-06T05:18:26.129338+00:00,216926150737926,53,5041,-2092,2780,1452,3246,1.855,176.435,-73.22,0.67832,0.354288,0.792024
300672,2864262695,55905274,2026-10-06T05:18:26.176685+00:00,216926198085354,125,4855,-2485,2908,1678,3438,4.375,169.925,-86.975,0.709552,0.409432,0.838872
300673,2864272460,55915039,2026-10-06T05:18:26.177091+00:00,216926198483359,119,4694,-2920,3113,1870,3732,4.165,164.29,-102.2,0.759572,0.45628,0.910608
300674,2864282226,55924805,2026-10-06T05:18:26.177650+00:00,216926199044101,33,4600,-3397,3543,1894,4202,1.155,161.0,-118.895,0.864492,0.462136,1.025288
300675,2864291992,55934571,2026-10-06T05:18:26.177944+00:00,216926199337515,-97,4648,-3879,3952,1902,4626,-3.395,162.68,-135.765,0.964288,0.464088,1.128744
300676,2864297851,55940430,2026-10-06T05:18:26.178406+00:00,216926199799019,-338,4811,-4274,3971,1736,4754,-11.83,168.385,-149.59,0.968924,0.423584,1.159976
300677,2864307617,55950196,2026-10-06T05:18:26.178813+00:00,216926200206253,-613,4969,-4532,3801,1252,4681,-21.455,173.915,-158.62,0.927444,0.305488,1.142164
300678,2864317382,55959961,2026-10-06T05:18:26.179059+00:00,216926200452627,-785,5058,-4626,3618,792,4508,-27.475,177.03,-161.91,0.882792,0.193248,1.099952
300679,2864327148,55969727,2026-10-06T05:18:26.179454+00:00,216926200847430,-832,5066,-4551,3612,553,4509,-29.12,177.31,-159.285,0.881328,0.134932,1.100196
300680,2864337890,55980469,2026-10-06T05:18:26.221742+00:00,216926243142264,-806,5042,-4339,3656,472,4517,-28.21,176.47,-151.865,0.892064,0.115168,1.102148
300681,2864347656,55990235,2026-10-06T05:18:26.222235+00:00,216926243631936,-775,5001,-4034,3809,565,4583,-27.125,175.035,-141.19,0.929396,0.13786,1.118252
300682,2864357421,56000000,2026-10-06T05:18:26.222608+00:00,216926244011477,-774,4962,-3713,3881,675,4526,-27.09,173.67,-129.955,0.946964,0.1647,1.104344
300683,2864367187,56009766,2026-10-06T05:18:26.222885+00:00,216926244277960,-781,4886,-3416,3966,813,4361,-27.335,171.01,-119.56,0.967704,0.198372,1.064084
300684,2864376953,56019532,2026-10-06T05:18:26.223235+00:00,216926244627919,-794,4755,-3162,4189,931,4186,-27.79,166.425,-110.67,1.022116,0.227164,1.021384
300685,2864382812,56025391,2026-10-06T05:18:26.310401+00:00,216926331823997,-810,4588,-2952,4495,863,3977,-28.35,160.58,-103.32,1.09678,0.210572,0.970388
300686,2864392578,56035157,2026-10-06T05:18:26.311326+00:00,216926332742468,-775,4400,-2784,4763,743,3661,-27.125,154.0,-97.44,1.162172,0.181292,0.893284
300687,2864402343,56044922,2026-10-06T05:18:26.313225+00:00,216926334644419,-700,4154,-2623,4909,720,3071,-24.5,145.39,-91.805,1.197796,0.17568,0.749324
300688,2864412109,56054688,2026-10-06T05:18:26.314667+00:00,216926336083167,-649,3783,-2395,4965,498,2456,-22.715,132.405,-83.825,1.21146,0.121512,0.599264
300689,2864422851,56065430,2026-10-06T05:18:26.315948+00:00,216926337359987,-498,3331,-2106,5088,114,1832,-17.43,116.585,-73.71,1.241472,0.027816,0.447008
300690,2864432617,56075196,2026-10-06T05:18:26.316938+00:00,216926338353295,-181,2798,-1803,5007,-174,1213,-6.335,97.93,-63.105,1.221708,-0.042456,0.295972
300691,2864442382,56084961,2026-10-06T05:18:26.317900+00:00,216926339315584,280,2214,-1570,5748,-441,1024,9.8,77.49,-54.95,1.402512,-0.107604,0.249856
300692,2864452148,56094727,2026-10-06T05:18:26.319598+00:00,216926341053753,759,1797,-1376,7118,302,1041,26.565,62.895,-48.16,1.736792,0.073688,0.254004
300693,2864462890,56105469,2026-10-06T05:18:26.321247+00:00,216926342665691,813,1662,-1105,7897,652,611,28.455,58.17,-38.675,1.926868,0.159088,0.149084
300694,2864472656,56115235,2026-10-06T05:18:26.322757+00:00,216926344179139,579,1623,-792,7725,270,-629,20.265,56.805,-27.72,1.8849,0.06588,-0.153476
300695,2864482421,56125000,2026-10-06T05:18:26.356617+00:00,216926378080072,344,1274,-463,6737,-90,-2487,12.04,44.59,-16.205,1.643828,-0.02196,-0.606828
300696,2864487304,56129883,2026-10-06T05:18:26.358335+00:00,216926379752769,157,398,-59,6204,-291,-3766,5.495,13.93,-2.065,1.513776,-0.071004,-0.918904
300697,2864497070,56139649,2026-10-06T05:18:26.360971+00:00,216926382395048,8,-897,413,5173,-300,-3528,0.28,-31.395,14.455,1.262212,-0.0732,-0.860832
300698,2864507812,56150391,2026-10-06T05:18:26.362678+00:00,216926384098118,12,-2109,851,473,272,1291,0.42,-73.815,29.785,0.115412,0.066368,0.315004
300699,2864517578,56160157,2026-10-06T05:18:26.400287+00:00,216926421707535,203,-2369,1196,-258,2213,9045,7.105,-82.915,41.86,-0.062952,0.539972,2.20698
300700,2864527343,56169922,2026-10-06T05:18:26.401742+00:00,216926423161646,0,-2039,1274,-3530,1843,9425,0.0,-71.365,44.59,-0.86132,0.449692,2.2997
300701,2864537109,56179688,2026-10-06T05:18:26.405213+00:00,216926426636557,100,-2111,1251,-3584,1930,3310,3.5,-73.885,43.785,-0.874496,0.47092,0.80764
300702,2864547851,56190430,2026-10-06T05:18:26.407013+00:00,216926428422129,-58,-3293,1377,-1468,1190,922,-2.03,-115.255,48.195,-0.358192,0.29036,0.224968
300703,2864557617,56200196,2026-10-06T05:18:26.408027+00:00,216926429446571,3,-4381,1231,2354,1022,2943,0.105,-153.335,43.085,0.574376,0.249368,0.718092
300704,2864567382,56209961,2026-10-06T05:18:26.446392+00:00,216926467818828,239,-4382,809,4024,1610,5961,8.365,-153.37,28.315,0.981856,0.39284,1.454484
300705,2864577148,56219727,2026-10-06T05:18:26.447601+00:00,216926469046234,303,-3567,395,2633,1078,6276,10.605,-124.845,13.825,0.642452,0.263032,1.531344
300706,2864587890,56230469,2026-10-06T05:18:26.448679+00:00,216926470092780,442,-3005,221,1226,947,4868,15.47,-105.175,7.735,0.299144,0.231068,1.187792
300707,2864592773,56235352,2026-10-06T05:18:26.449667+00:00,216926471086412,512,-2981,240,1888,826,4226,17.92,-104.335,8.4,0.460672,0.201544,1.031144
300708,2864602539,56245118,2026-10-06T05:18:26.450483+00:00,216926471895290,656,-2881,123,3004,1139,4844,22.96,-100.835,4.305,0.732976,0.277916,1.181936
300709,2864612304,56254883,2026-10-06T05:18:26.489639+00:00,216926511044016,760,-2445,-93,3074,1625,5298,26.6,-85.575,-3.255,0.750056,0.3965,1.292712
300710,2864622070,56264649,2026-10-06T05:18:26.490025+00:00,216926511422664,647,-1955,-134,2683,1547,5189,22.645,-68.425,-4.69,0.654652,0.377468,1.266116
300711,2864632812,56275391,2026-10-06T05:18:26.492227+00:00,216926513625226,507,-1559,-27,2344,1436,4864,17.745,-54.565,-0.945,0.571936,0.350384,1.186816
300712,2864642578,56285157,2026-10-06T05:18:26.492591+00:00,216926513985000,355,-1266,125,2881,2197,5164,12.425,-44.31,4.375,0.702964,0.536068,1.260016
300713,2864652343,56294922,2026-10-06T05:18:26.534498+00:00,216926555901773,167,-829,100,1969,1998,4212,5.845,-29.015,3.5,0.480436,0.487512,1.027728
300714,2864662109,56304688,2026-10-06T05:18:26.534867+00:00,216926556264180,130,-640,-8,1945,1909,4409,4.55,-22.4,-0.28,0.47458,0.465796,1.075796
300715,2864672851,56315430,2026-10-06T05:18:26.537061+00:00,216926558471682,25,-424,-17,1947,1469,4249,0.875,-14.84,-0.595,0.475068,0.358436,1.036756
300716,2864677734,56320313,2026-10-06T05:18:26.537682+00:00,216926559079402,49,-227,-23,1998,1307,3987,1.715,-7.945,-0.805,0.487512,0.318908,0.972828
300717,2864687500,56330079,2026-10-06T05:18:26.538050+00:00,216926559443351,59,-77,-7,1555,1341,3926,2.065,-2.695,-0.245,0.37942,0.327204,0.957944
300718,2864697265,56339844,2026-10-06T05:18:26.582087+00:00,216926603483898,52,-2,-28,1224,1255,3955,1.82,-0.07,-0.98,0.298656,0.30622,0.96502
300719,2864707031,56349610,2026-10-06T05:18:26.582285+00:00,216926603677332,43,-8,-27,1048,793,3673,1.505,-0.28,-0.945,0.255712,0.193492,0.896212
300720,2864717773,56360352,2026-10-06T05:18:26.582400+00:00,216926603790159,139,-72,-19,1212,1029,3930,4.865,-2.52,-0.665,0.295728,0.251076,0.95892
300721,2864727539,56370118,2026-10-06T05:18:26.582492+00:00,216926603881638,183,-37,-53,1178,1247,4168,6.405,-1.295,-1.855,0.287432,0.304268,1.016992
300722,2864737304,56379883,2026-10-06T05:18:26.583592+00:00,216926604989683,190,-22,-78,694,1024,3619,6.65,-0.77,-2.73,0.169336,0.249856,0.883036
300723,2864747070,56389649,2026-10-06T05:18:26.624547+00:00,216926645949201,225,-111,-83,1190,1065,3732,7.875,-3.885,-2.905,0.29036,0.25986,0.910608
300724,2864757812,56400391,2026-10-06T05:18:26.624968+00:00,216926646363213,230,-113,-62,1179,1196,3736,8.05,-3.955,-2.17,0.287676,0.291824,0.911584
300725,2864767578,56410157,2026-10-06T05:18:26.626308+00:00,216926647702235,222,-134,-32,1053,1423,3640,7.77,-4.69,-1.12,0.256932,0.347212,0.88816
300726,2864777343,56419922,2026-10-06T05:18:26.626817+00:00,216926648211254,170,-171,-6,1279,1561,3948,5.95,-5.985,-0.21,0.312076,0.380884,0.963312
300727,2864787109,56429688,2026-10-06T05:18:26.670401+00:00,216926691809564,114,-115,-1,1207,1423,4018,3.99,-4.025,-0.035,0.294508,0.347212,0.980392
300728,2864791992,56434571,2026-10-06T05:18:26.670973+00:00,216926692376629,89,-65,23,1005,1251,3854,3.115,-2.275,0.805,0.24522,0.305244,0.940376
300729,2864802734,56445313,2026-10-06T05:18:26.715615+00:00,216926737035483,81,-92,66,1160,1246,3793,2.835,-3.22,2.31,0.28304,0.304024,0.925492
300730,2864812500,56455079,2026-10-06T05:18:26.716044+00:00,216926737438457,47,-115,114,1170,1287,3962,1.645,-4.025,3.99,0.28548,0.314028,0.966728
300731,2864822265,56464844,2026-10-06T05:18:26.716444+00:00,216926737838179,25,-116,130,1236,1230,3879,0.875,-4.06,4.55,0.301584,0.30012,0.946476
300732,2864832031,56474610,2026-10-06T05:18:26.717005+00:00,216926738400106,25,-113,140,1334,1334,4087,0.875,-3.955,4.9,0.325496,0.325496,0.997228
300733,2864842773,56485352,2026-10-06T05:18:26.717756+00:00,216926739157551,8,-104,136,1252,1127,3729,0.28,-3.64,4.76,0.305488,0.274988,0.909876
300734,2864852539,56495118,2026-10-06T05:18:26.718526+00:00,216926739931104,10,-149,143,1456,1195,4030,0.35,-5.215,5.005,0.355264,0.29158,0.98332
300735,2864862304,56504883,2026-10-06T05:18:26.719239+00:00,216926740637775,36,-124,112,1267,1309,3904,1.26,-4.34,3.92,0.309148,0.319396,0.952576
300736,2864872070,56514649,2026-10-06T05:18:26.719977+00:00,216926741376461,32,-149,132,1352,1350,3773,1.12,-5.215,4.62,0.329888,0.3294,0.920612
300737,2864882812,56525391,2026-10-06T05:18:26.759535+00:00,216926780935125,23,-189,136,1437,1552,3825,0.805,-6.615,4.76,0.350628,0.378688,0.9333
300738,2864887695,56530274,2026-10-06T05:18:26.760006+00:00,216926781401146,-47,-205,139,1300,1398,3999,-1.645,-7.175,4.865,0.3172,0.341112,0.975756
300739,2864897460,56540039,2026-10-06T05:18:26.761673+00:00,216926783071483,-94,-206,151,1127,1147,3811,-3.29,-7.21,5.285,0.274988,0.279868,0.929884
300740,2864907226,56549805,2026-10-06T05:18:26.762339+00:00,216926783736627,-90,-239,165,1335,1239,3905,-3.15,-8.365,5.775,0.32574,0.302316,0.95282
300741,2864916992,56559571,2026-10-06T05:18:26.762855+00:00,216926784253958,-84,-244,172,1293,1311,3909,-2.94,-8.54,6.02,0.315492,0.319884,0.953796
300742,2864927734,56570313,2026-10-06T05:18:26.805285+00:00,216926826693790,-103,-252,187,1431,1126,3670,-3.605,-8.82,6.545,0.349164,0.274744,0.89548
300743,2864937500,56580079,2026-10-06T05:18:26.850605+00:00,216926872029894,-99,-266,199,1490,1264,3845,-3.465,-9.31,6.965,0.36356,0.308416,0.93818
300744,2864947265,56589844,2026-10-06T05:18:26.894538+00:00,216926915937651,-106,-266,183,1267,1262,3720,-3.71,-9.31,6.405,0.309148,0.307928,0.90768
300745,2864957031,56599610,2026-10-06T05:18:26.895288+00:00,216926916687431,-131,-305,196,1366,1246,3782,-4.585,-10.675,6.86,0.333304,0.304024,0.922808
300746,2864967773,56610352,2026-10-06T05:18:26.896299+00:00,216926917697433,-161,-320,203,1303,1173,3740,-5.635,-11.2,7.105,0.317932,0.286212,0.91256
300747,2864977539,56620118,2026-10-06T05:18:26.896821+00:00,216926918218062,-172,-334,215,1270,1208,3875,-6.02,-11.69,7.525,0.30988,0.294752,0.9455
300748,2864982421,56625000,2026-10-06T05:18:26.897309+00:00,216926918706975,-170,-335,225,1359,1209,3732,-5.95,-11.725,7.875,0.331596,0.294996,0.910608
300749,2864992187,56634766,2026-10-06T05:18:26.899355+00:00,216926920755037,-190,-349,251,1579,1188,3730,-6.65,-12.215,8.785,0.385276,0.289872,0.91012
300750,2865001953,56644532,2026-10-06T05:18:26.900042+00:00,216926921441779,-213,-326,255,1459,1166,3850,-7.455,-11.41,8.925,0.355996,0.284504,0.9394
300751,2865012695,56655274,2026-10-06T05:18:26.900466+00:00,216926921860508,-222,-295,243,1353,1127,3804,-7.77,-10.325,8.505,0.330132,0.274988,0.928176
300752,2865022460,56665039,2026-10-06T05:18:26.900964+00:00,216926922362950,-215,-320,263,1326,1147,3690,-7.525,-11.2,9.205,0.323544,0.279868,0.90036
300753,2865032226,56674805,2026-10-06T05:18:26.901672+00:00,216926923074295,-241,-346,265,1251,1155,3978,-8.435,-12.11,9.275,0.305244,0.28182,0.970632
300754,2865041992,56684571,2026-10-06T05:18:26.902593+00:00,216926923995810,-248,-307,226,1489,944,3912,-8.68,-10.745,7.91,0.363316,0.230336,0.954528
300755,2865052734,56695313,2026-10-06T05:18:26.903816+00:00,216926925219032,-205,-304,255,1259,1167,3784,-7.175,-10.64,8.925,0.307196,0.284748,0.923296
300756,2865062500,56705079,2026-10-06T05:18:26.939575+00:00,216926960979995,-232,-349,254,1411,1214,3784,-8.12,-12.215,8.89,0.344284,0.296216,0.923296
300757,2865072265,56714844,2026-10-06T05:18:26.940016+00:00,216926961411664,-275,-355,246,1511,1070,3922,-9.625,-12.425,8.61,0.368684,0.26108,0.956968
300758,2865082031,56724610,2026-10-06T05:18:26.942349+00:00,216926963748034,-275,-352,252,1384,1132,3792,-9.625,-12.32,8.82,0.337696,0.276208,0.925248
300759,2865087890,56730469,2026-10-06T05:18:26.942864+00:00,216926964258890,-299,-375,252,1353,1198,3865,-10.465,-13.125,8.82,0.330132,0.292312,0.94306
300760,2865097656,56740235,2026-10-06T05:18:26.943421+00:00,216926964815491,-333,-396,249,1306,1125,3916,-11.655,-13.86,8.715,0.318664,0.2745,0.955504
300761,2865107421,56750000,2026-10-06T05:18:26.985374+00:00,216927006777707,-338,-422,260,1522,1067,3744,-11.83,-14.77,9.1,0.371368,0.260348,0.913536
300762,2865117187,56759766,2026-10-06T05:18:26.985817+00:00,216927007210444,-348,-438,268,1654,1164,3902,-12.18,-15.33,9.38,0.403576,0.284016,0.952088
300763,2865126953,56769532,2026-10-06T05:18:26.986107+00:00,216927007499746,-362,-409,245,1592,1042,3813,-12.67,-14.315,8.575,0.388448,0.254248,0.930372
300764,2865137695,56780274,2026-10-06T05:18:26.987158+00:00,216927008551232,-347,-413,245,1568,1075,3958,-12.145,-14.455,8.575,0.382592,0.2623,0.965752
300765,2865147460,56790039,2026-10-06T05:18:27.031333+00:00,216927052754266,-334,-387,218,1495,1009,3878,-11.69,-13.545,7.63,0.36478,0.246196,0.946232
300766,2865157226,56799805,2026-10-06T05:18:27.076166+00:00,216927097587755,-315,-378,205,1506,1010,3969,-11.025,-13.23,7.175,0.367464,0.24644,0.968436
300767,2865166992,56809571,2026-10-06T05:18:27.077579+00:00,216927098994856,-299,-364,191,1575,965,3814,-10.465,-12.74,6.685,0.3843,0.23546,0.930616
300768,2865177734,56820313,2026-10-06T05:18:27.078769+00:00,216927100183633,-288,-367,190,1749,988,3888,-10.08,-12.845,6.65,0.426756,0.241072,0.948672
300769,2865182617,56825196,2026-10-06T05:18:27.080066+00:00,216927101481495,-270,-342,168,1800,909,3792,-9.45,-11.97,5.88,0.4392,0.221796,0.925248
300770,2865192382,56834961,2026-10-06T05:18:27.081058+00:00,216927102474459,-232,-318,147,1633,935,3909,-8.12,-11.13,5.145,0.398452,0.22814,0.953796
300771,2865202148,56844727,2026-10-06T05:18:27.081975+00:00,216927103389930,-203,-296,130,1414,910,3707,-7.105,-10.36,4.55,0.345016,0.22204,0.904508
300772,2865212890,56855469,2026-10-06T05:18:27.082893+00:00,216927104305679,-193,-336,160,1127,1078,3740,-6.755,-11.76,5.6,0.274988,0.263032,0.91256
300773,2865222656,56865235,2026-10-06T05:18:27.083869+00:00,216927105288081,-236,-401,193,1140,985,3781,-8.26,-14.035,6.755,0.27816,0.24034,0.922564
300774,2865232421,56875000,2026-10-06T05:18:27.086593+00:00,216927108048748,-277,-487,248,1687,1044,3802,-9.695,-17.045,8.68,0.411628,0.254736,0.927688
300775,2865242187,56884766,2026-10-06T05:18:27.121311+00:00,216927142734239,-275,-457,234,1394,1010,3822,-9.625,-15.995,8.19,0.340136,0.24644,0.932568
300776,2865251953,56894532,2026-10-06T05:18:27.122276+00:00,216927143695837,-273,-479,240,1489,909,3891,-9.555,-16.765,8.4,0.363316,0.221796,0.949404
300777,2865262695,56905274,2026-10-06T05:18:27.124251+00:00,216927145668702,-262,-481,253,1446,941,3780,-9.17,-16.835,8.855,0.352824,0.229604,0.92232
300778,2865272460,56915039,2026-10-06T05:18:27.126075+00:00,216927147497694,-230,-491,251,1238,1131,3897,-8.05,-17.185,8.785,0.302072,0.275964,0.950868
300779,2865282226,56924805,2026-10-06T05:18:27.165267+00:00,216927186690979,-277,-538,286,1289,915,3837,-9.695,-18.83,10.01,0.314516,0.22326,0.936228
300780,2865291992,56934571,2026-10-06T05:18:27.166433+00:00,216927187849366,-287,-571,342,1598,929,3834,-10.045,-19.985,11.97,0.389912,0.226676,0.935496
300781,2865297851,56940430,2026-10-06T05:18:27.167489+00:00,216927188904934,-281,-574,360,1550,937,4070,-9.835,-20.09,12.6,0.3782,0.228628,0.99308
300782,2865307617,56950196,2026-10-06T05:18:27.168440+00:00,216927189861961,-268,-542,357,1475,732,3926,-9.38,-18.97,12.495,0.3599,0.178608,0.957944
300783,2865317382,56959961,2026-10-06T05:18:27.171653+00:00,216927193076340,-251,-564,416,1861,777,4010,-8.785,-19.74,14.56,0.454084,0.189588,0.97844
300784,2865327148,56969727,2026-10-06T05:18:27.210901+00:00,216927232311936,-207,-518,427,1613,952,4062,-7.245,-18.13,14.945,0.393572,0.232288,0.991128
300785,2865337890,56980469,2026-10-06T05:18:27.211921+00:00,216927233321633,-175,-496,397,1559,737,3823,-6.125,-17.36,13.895,0.380396,0.179828,0.932812
300786,2865347656,56990235,2026-10-06T05:18:27.212695+00:00,216927234095029,-142,-553,429,1911,791,3914,-4.97,-19.355,15.015,0.466284,0.193004,0.955016
300787,2865357421,57000000,2026-10-06T05:18:27.213808+00:00,216927235208537,-84,-537,414,1745,744,3836,-2.94,-18.795,14.49,0.42578,0.181536,0.935984
300788,2865367187,57009766,2026-10-06T05:18:27.214463+00:00,216927235862909,-61,-591,438,1898,596,3574,-2.135,-20.685,15.33,0.463112,0.145424,0.872056
300789,2865376953,57019532,2026-10-06T05:18:27.255338+00:00,216927276757680,-45,-713,505,1853,424,3624,-1.575,-24.955,17.675,0.452132,0.103456,0.884256
300790,2865382812,57025391,2026-10-06T05:18:27.256109+00:00,216927277516173,8,-858,533,1700,537,3773,0.28,-30.03,18.655,0.4148,0.131028,0.920612
300791,2865392578,57035157,2026-10-06T05:18:27.257072+00:00,216927278480650,177,-881,449,1325,1511,4706,6.195,-30.835,15.715,0.3233,0.368684,1.148264
300792,2865402343,57044922,2026-10-06T05:18:27.257952+00:00,216927279359539,191,-881,385,608,1647,4275,6.685,-30.835,13.475,0.148352,0.401868,1.0431
300793,2865412109,57054688,2026-10-06T05:18:27.258749+00:00,216927280155370,106,-1103,511,1048,1486,4079,3.71,-38.605,17.885,0.255712,0.362584,0.995276
300794,2865422851,57065430,2026-10-06T05:18:27.300015+00:00,216927321427309,-30,-1421,692,1271,1076,3713,-1.05,-49.735,24.22,0.310124,0.262544,0.905972
300795,2865432617,57075196,2026-10-06T05:18:27.300661+00:00,216927322066807,8,-1782,751,1657,652,4232,0.28,-62.37,26.285,0.404308,0.159088,1.032608
300796,2865442382,57084961,2026-10-06T05:18:27.303322+00:00,216927324730782,203,-1991,696,1290,632,4264,7.105,-69.685,24.36,0.31476,0.154208,1.040416
300797,2865452148,57094727,2026-10-06T05:18:27.305464+00:00,216927326884076,414,-2301,626,1421,1071,3986,14.49,-80.535,21.91,0.346724,0.261324,0.972584
300798,2865462890,57105469,2026-10-06T05:18:27.344893+00:00,216927366311836,388,-2753,579,1758,615,3818,13.58,-96.355,20.265,0.428952,0.15006,0.931592
300799,2865472656,57115235,2026-10-06T05:18:27.345609+00:00,216927367046364,489,-3193,509,1670,523,4009,17.115,-111.755,17.815,0.40748,0.127612,0.978196
300800,2865482421,57125000,2026-10-06T05:18:27.347686+00:00,216927369094146,504,-3590,471,1669,624,4127,17.64,-125.65,16.485,0.407236,0.152256,1.006988
300801,2865487304,57129883,2026-10-06T05:18:27.348329+00:00,216927369732706,424,-3943,429,1787,503,4049,14.84,-138.005,15.015,0.436028,0.122732,0.987956
300802,2865497070,57139649,2026-10-06T05:18:27.349062+00:00,216927370468589,425,-4292,385,1845,625,3884,14.875,-150.22,13.475,0.45018,0.1525,0.947696
300803,2865507812,57150391,2026-10-06T05:18:27.390879+00:00,216927412291341,415,-4662,364,2010,532,3849,14.525,-163.17,12.74,0.49044,0.129808,0.939156
300804,2865517578,57160157,2026-10-06T05:18:27.391691+00:00,216927413097884,426,-4986,413,1885,803,3762,14.91,-174.51,14.455,0.45994,0.195932,0.917928
300805,2865527343,57169922,2026-10-06T05:18:27.392327+00:00,216927413732616,260,-5366,557,2071,765,3540,9.1,-187.81,19.495,0.505324,0.18666,0.86376
300806,2865537109,57179688,2026-10-06T05:18:27.393086+00:00,216927414491925,171,-5715,659,2094,655,3430,5.985,-200.025,23.065,0.510936,0.15982,0.83692
300807,2865547851,57190430,2026-10-06T05:18:27.393746+00:00,216927415151994,231,-6023,684,2310,700,3226,8.085,-210.805,23.94,0.56364,0.1708,0.787144
300808,2865557617,57200196,2026-10-06T05:18:27.435120+00:00,216927456540118,265,-6303,712,2689,886,3422,9.275,-220.605,24.92,0.656116,0.216184,0.834968
300809,2865567382,57209961,2026-10-06T05:18:27.438917+00:00,216927460336459,234,-6465,709,2759,755,3304,8.19,-226.275,24.815,0.673196,0.18422,0.806176
300810,2865577148,57219727,2026-10-06T05:18:27.440010+00:00,216927461417963,312,-6620,711,3230,657,3515,10.92,-231.7,24.885,0.78812,0.160308,0.85766
300811,2865587890,57230469,2026-10-06T05:18:27.443162+00:00,216927464576898,522,-6689,719,3789,656,3584,18.27,-234.115,25.165,0.924516,0.160064,0.874496
300812,2865592773,57235352,2026-10-06T05:18:27.443479+00:00,216927464882475,850,-6672,764,4150,756,3410,29.75,-233.52,26.74,1.0126,0.184464,0.83204
300813,2865602539,57245118,2026-10-06T05:18:27.480247+00:00,216927501653491,1224,-6675,806,4513,781,3593,42.84,-233.625,28.21,1.101172,0.190564,0.876692
300814,2865612304,57254883,2026-10-06T05:18:27.480863+00:00,216927502263608,1575,-6625,916,4424,1047,3590,55.125,-231.875,32.06,1.079456,0.255468,0.87596
300815,2865622070,57264649,2026-10-06T05:18:27.482814+00:00,216927504214619,1790,-6584,1077,4525,1342,3315,62.65,-230.44,37.695,1.1041,0.327448,0.80886
300816,2865632812,57275391,2026-10-06T05:18:27.483419+00:00,216927504819240,1832,-6576,1292,4353,1384,3445,64.12,-230.16,45.22,1.062132,0.337696,0.84058
300817,2865642578,57285157,2026-10-06T05:18:27.524853+00:00,216927546269455,1805,-6487,1534,4152,1387,3467,63.175,-227.045,53.69,1.013088,0.338428,0.845948
300818,2865652343,57294922,2026-10-06T05:18:27.525488+00:00,216927546893278,1898,-6373,1736,3842,1162,3126,66.43,-223.055,60.76,0.937448,0.283528,0.762744
300819,2865662109,57304688,2026-10-06T05:18:27.526814+00:00,216927548221543,2243,-6275,1850,3986,1376,3089,78.505,-219.625,64.75,0.972584,0.335744,0.753716
300820,2865672851,57315430,2026-10-06T05:18:27.527486+00:00,216927548894970,2674,-6102,1883,4514,1291,3217,93.59,-213.57,65.905,1.101416,0.315004,0.784948
300821,2865677734,57320313,2026-10-06T05:18:27.528095+00:00,216927549502170,3222,-5758,1866,5288,1064,3616,112.77,-201.53,65.31,1.290272,0.259616,0.882304
300822,2865687500,57330079,2026-10-06T05:18:27.572427+00:00,216927593845644,3698,-5097,1925,5223,1105,3685,129.43,-178.395,67.375,1.274412,0.26962,0.89914
300823,2865697265,57339844,2026-10-06T05:18:27.572861+00:00,216927594265309,3828,-4378,2113,5720,1645,3516,133.98,-153.23,73.955,1.39568,0.40138,0.857904
300824,2865707031,57349610,2026-10-06T05:18:27.574812+00:00,216927596225736,3519,-3526,2368,4417,1641,3486,123.165,-123.41,82.88,1.077748,0.400404,0.850584
300825,2865717773,57360352,2026-10-06T05:18:27.576316+00:00,216927597729653,3113,-2507,2704,5501,2492,5521,108.955,-87.745,94.64,1.342244,0.608048,1.347124
300826,2865727539,57370118,2026-10-06T05:18:27.577953+00:00,216927599366664,2278,-1131,3020,4640,3003,5815,79.73,-39.585,105.7,1.13216,0.732732,1.41886
300827,2865737304,57379883,2026-10-06T05:18:27.616276+00:00,216927637692268,1135,89,3242,3517,2660,4697,39.725,3.115,113.47,0.858148,0.64904,1.146068
300828,2865747070,57389649,2026-10-06T05:18:27.616978+00:00,216927638381511,414,922,3270,4016,2336,4802,14.49,32.27,114.45,0.979904,0.569984,1.171688
300829,2865757812,57400391,2026-10-06T05:18:27.617736+00:00,216927639137649,105,1822,3128,1353,1886,3149,3.675,63.77,109.48,0.330132,0.460184,0.768356
300830,2865767578,57410157,2026-10-06T05:18:27.618496+00:00,216927639904214,45,2060,2884,411,1691,1975,1.575,72.1,100.94,0.100284,0.412604,0.4819
300831,2865777343,57419922,2026-10-06T05:18:27.659971+00:00,216927681379061,94,1864,2572,22,1384,945,3.29,65.24,90.02,0.005368,0.337696,0.23058
300832,2865787109,57429688,2026-10-06T05:18:27.660675+00:00,216927682070815,378,1424,2120,486,1359,1078,13.23,49.84,74.2,0.118584,0.331596,0.263032
300833,2865791992,57434571,2026-10-06T05:18:27.661378+00:00,216927682778165,753,1116,1478,754,1658,1365,26.355,39.06,51.73,0.183976,0.404552,0.33306
300834,2865802734,57445313,2026-10-06T05:18:27.661955+00:00,216927683353892,1031,920,676,1393,2155,1776,36.085,32.2,23.66,0.339892,0.52582,0.433344
300835,2865812500,57455079,2026-10-06T05:18:27.662440+00:00,216927683839153,1037,911,-164,2259,2612,2388,36.295,31.885,-5.74,0.551196,0.637328,0.582672
300836,2865822265,57464844,2026-10-06T05:18:27.704864+00:00,216927726267376,731,1144,-970,2807,2645,2698,25.585,40.04,-33.95,0.684908,0.64538,0.658312
300837,2865832031,57474610,2026-10-06T05:18:27.705429+00:00,216927726822285,278,1500,-1665,3003,2123,2751,9.73,52.5,-58.275,0.732732,0.518012,0.671244
300838,2865842773,57485352,2026-10-06T05:18:27.707305+00:00,216927728697216,-71,1872,-2224,2973,1349,2610,-2.485,65.52,-77.84,0.725412,0.329156,0.63684
300839,2865852539,57495118,2026-10-06T05:18:27.707666+00:00,216927729055501,-204,2184,-2628,2812,737,2309,-7.14,76.44,-91.98,0.686128,0.179828,0.563396
300840,2865862304,57504883,2026-10-06T05:18:27.707905+00:00,216927729293510,-213,2372,-2826,2776,356,2131,-7.455,83.02,-98.91,0.677344,0.086864,0.519964
300841,2865872070,57514649,2026-10-06T05:18:27.749272+00:00,216927770664955,-190,2486,-2843,3046,128,2245,-6.65,87.01,-99.505,0.743224,0.031232,0.54778
300842,2865882812,57525391,2026-10-06T05:18:27.749432+00:00,216927770819814,-172,2640,-2734,3514,66,2539,-6.02,92.4,-95.69,0.857416,0.016104,0.619516
300843,2865887695,57530274,2026-10-06T05:18:27.751124+00:00,216927772516294,-234,2907,-2529,3936,80,2837,-8.19,101.745,-88.515,0.960384,0.01952,0.692228
300844,2865897460,57540039,2026-10-06T05:18:27.751723+00:00,216927773117336,-365,3273,-2245,3963,-7,2835,-12.775,114.555,-78.575,0.966972,-0.001708,0.69174
300845,2865907226,57549805,2026-10-06T05:18:27.752876+00:00,216927774274014,-477,3616,-1941,3775,-194,2726,-16.695,126.56,-67.935,0.9211,-0.047336,0.665144
300846,2865916992,57559571,2026-10-06T05:18:27.794182+00:00,216927815579009,-510,3877,-1649,3478,-352,2485,-17.85,135.695,-57.715,0.848632,-0.085888,0.60634
300847,2865927734,57570313,2026-10-06T05:18:27.794401+00:00,216927815794249,-424,4032,-1387,3261,-291,2317,-14.84,141.12,-48.545,0.795684,-0.071004,0.565348
300848,2865937500,57580079,2026-10-06T05:18:27.796034+00:00,216927817425407,-296,4104,-1163,3208,-78,2321,-10.36,143.64,-40.705,0.782752,-0.019032,0.566324
300849,2865947265,57589844,2026-10-06T05:18:27.796255+00:00,216927817646847,-188,4162,-1001,3214,216,2409,-6.58,145.67,-35.035,0.784216,0.052704,0.587796
300850,2865957031,57599610,2026-10-06T05:18:27.839252+00:00,216927860650816,-134,4235,-903,3209,500,2501,-4.69,148.225,-31.605,0.782996,0.122,0.610244
300851,2865967773,57610352,2026-10-06T05:18:27.839396+00:00,216927860783661,-130,4319,-875,3124,743,2539,-4.55,151.165,-30.625,0.762256,0.181292,0.619516
300852,2865977539,57620118,2026-10-06T05:18:27.842042+00:00,216927863430950,-138,4392,-933,3007,1007,2568,-4.83,153.72,-32.655,0.733708,0.245708,0.626592
300853,2865982421,57625000,2026-10-06T05:18:27.842266+00:00,216927863654752,-168,4447,-1076,2838,1266,2564,-5.88,155.645,-37.66,0.692472,0.308904,0.625616
300854,2865992187,57634766,2026-10-06T05:18:27.842474+00:00,216927863862753,-239,4470,-1290,2617,1405,2602,-8.365,156.45,-45.15,0.638548,0.34282,0.634888
300855,2866001953,57644532,2026-10-06T05:18:27.884279+00:00,216927905678960,-293,4465,-1560,2453,1405,2699,-10.255,156.275,-54.6,0.598532,0.34282,0.658556
300856,2866012695,57655274,2026-10-06T05:18:27.884585+00:00,216927905977335,-305,4458,-1864,2398,1368,2896,-10.675,156.03,-65.24,0.585112,0.333792,0.706624
300857,2866022460,57665039,2026-10-06T05:18:27.887300+00:00,216927908700201,-280,4481,-2166,2490,1161,3185,-9.8,156.835,-75.81,0.60756,0.283284,0.77714
300858,2866032226,57674805,2026-10-06T05:18:27.887489+00:00,216927908878435,-168,4574,-2415,2831,1114,3543,-5.88,160.09,-84.525,0.690764,0.271816,0.864492
300859,2866041992,57684571,2026-10-06T05:18:27.887745+00:00,216927909138380,-107,4755,-2563,3057,1312,3746,-3.745,166.425,-89.705,0.745908,0.320128,0.914024
300860,2866052734,57695313,2026-10-06T05:18:27.976806+00:00,216927998238020,-193,4962,-2609,3173,1351,3859,-6.755,173.67,-91.315,0.774212,0.329644,0.941596
300861,2866062500,57705079,2026-10-06T05:18:27.981182+00:00,216928002611238,-324,5157,-2621,3149,1292,3856,-11.34,180.495,-91.735,0.768356,0.315248,0.940864
300862,2866072265,57714844,2026-10-06T05:18:27.985229+00:00,216928006657862,-390,5301,-2654,3122,1284,3836,-13.65,185.535,-92.89,0.761768,0.313296,0.935984
300863,2866082031,57724610,2026-10-06T05:18:27.986815+00:00,216928008233248,-399,5387,-2730,3098,1400,3828,-13.965,188.545,-95.55,0.755912,0.3416,0.934032
300864,2866087890,57730469,2026-10-06T05:18:28.006250+00:00,216928027671761,-408,5422,-2842,3160,1583,3889,-14.28,189.77,-99.47,0.77104,0.386252,0.948916
300865,2866097656,57740235,2026-10-06T05:18:28.006616+00:00,216928028055385,-451,5430,-2980,3399,1755,4101,-15.785,190.05,-104.3,0.829356,0.42822,1.000644
300866,2866107421,57750000,2026-10-06T05:18:28.006892+00:00,216928028290934,-511,5468,-3142,3727,1825,4381,-17.885,191.38,-109.97,0.909388,0.4453,1.068964
300867,2866117187,57759766,2026-10-06T05:18:28.007087+00:00,216928028483563,-561,5562,-3310,4019,1829,4625,-19.635,194.67,-115.85,0.980636,0.446276,1.1285
300868,2866126953,57769532,2026-10-06T05:18:28.007271+00:00,216928028666893,-591,5681,-3450,4165,1794,4657,-20.685,198.835,-120.75,1.01626,0.437736,1.136308
300869,2866137695,57780274,2026-10-06T05:18:28.007443+00:00,216928028838296,-605,5773,-3540,4200,1742,4586,-21.175,202.055,-123.9,1.0248,0.425048,1.118984
300870,2866147460,57790039,2026-10-06T05:18:28.020507+00:00,216928041929335,-604,5786,-3555,4215,1621,4442,-21.14,202.51,-124.425,1.02846,0.395524,1.083848
300871,2866157226,57799805,2026-10-06T05:18:28.021961+00:00,216928043374982,-547,5715,-3502,4334,1519,4281,-19.145,200.025,-122.57,1.057496,0.370636,1.044564
300872,2866166992,57809571,2026-10-06T05:18:28.023347+00:00,216928044763132,-435,5588,-3413,4685,1438,4233,-15.225,195.58,-119.455,1.14314,0.350872,1.032852
300873,2866177734,57820313,2026-10-06T05:18:28.024601+00:00,216928046049427,-291,5476,-3321,5228,1144,4234,-10.185,191.66,-116.235,1.275632,0.279136,1.033096
300874,2866182617,57825196,2026-10-06T05:18:28.066122+00:00,216928087538052,-104,5416,-3261,5671,699,4087,-3.64,189.56,-114.135,1.383724,0.170556,0.997228
300875,2866192382,57834961,2026-10-06T05:18:28.066903+00:00,216928088307808,80,5363,-3161,5960,664,3739,2.8,187.705,-110.635,1.45424,0.162016,0.912316
300876,2866202148,57844727,2026-10-06T05:18:28.068014+00:00,216928089422074,88,5230,-2954,5971,463,3038,3.08,183.05,-103.39,1.456924,0.112972,0.741272
300877,2866212890,57855469,2026-10-06T05:18:28.069733+00:00,216928091144511,4,4937,-2651,5867,116,2178,0.14,172.795,-92.785,1.431548,0.028304,0.531432
300878,2866222656,57865235,2026-10-06T05:18:28.071464+00:00,216928092879369,-65,4482,-2283,5546,-158,1267,-2.275,156.87,-79.905,1.353224,-0.038552,0.309148
300879,2866232421,57875000,2026-10-06T05:18:28.109369+00:00,216928130770109,-87,3860,-1900,5589,-782,424,-3.045,135.1,-66.5,1.363716,-0.190808,0.103456
300880,2866242187,57884766,2026-10-06T05:18:28.109718+00:00,216928131110489,90,3205,-1475,6361,-598,-220,3.15,112.175,-51.625,1.552084,-0.145912,-0.05368
300881,2866251953,57894532,2026-10-06T05:18:28.111357+00:00,216928132751131,209,2608,-873,6677,-834,-1269,7.315,91.28,-30.555,1.629188,-0.203496,-0.309636
300882,2866262695,57905274,2026-10-06T05:18:28.111670+00:00,216928133060509,454,1934,-261,6826,-1266,-2358,15.89,67.69,-9.135,1.665544,-0.308904,-0.575352
300883,2866272460,57915039,2026-10-06T05:18:28.155065+00:00,216928176466256,748,1015,182,6963,-434,-3574,26.18,35.525,6.37,1.698972,-0.105896,-0.872056
300884,2866282226,57924805,2026-10-06T05:18:28.155454+00:00,216928176848196,437,-202,503,7106,665,-4193,15.295,-7.07,17.605,1.733864,0.16226,-1.023092
300885,2866291992,57934571,2026-10-06T05:18:28.155811+00:00,216928177207042,-700,-1630,745,3492,4,-2686,-24.5,-57.05,26.075,0.852048,0.000976,-0.655384
300886,2866297851,57940430,2026-10-06T05:18:28.156131+00:00,216928177524610,-1131,-2639,1003,296,-253,4829,-39.585,-92.365,35.105,0.072224,-0.061732,1.178276
300887,2866307617,57950196,2026-10-06T05:18:28.156477+00:00,216928177870235,-424,-2520,1192,-2758,1173,11715,-14.84,-88.2,41.72,-0.672952,0.286212,2.85846
300888,2866317382,57959961,2026-10-06T05:18:28.200971+00:00,216928222386482,-157,-2406,1245,-5017,865,6308,-5.495,-84.21,43.575,-1.224148,0.21106,1.539152
300889,2866327148,57969727,2026-10-06T05:18:28.201898+00:00,216928223307633,-257,-3546,1732,-3435,-211,-479,-8.995,-124.11,60.62,-0.83814,-0.051484,-0.116876
300890,2866337890,57980469,2026-10-06T05:18:28.205024+00:00,216928226439597,-248,-5355,2092,786,41,614,-8.68,-187.425,73.22,0.191784,0.010004,0.149816
300891,2866347656,57990235,2026-10-06T05:18:28.205321+00:00,216928226719776,-51,-6160,1929,5139,1111,5621,-1.785,-215.6,67.515,1.253916,0.271084,1.371524
300892,2866357421,58000000,2026-10-06T05:18:28.206227+00:00,216928227627659,378,-5255,1249,4523,1380,6959,13.23,-183.925,43.715,1.103612,0.33672,1.697996
300893,2866367187,58009766,2026-10-06T05:18:28.246652+00:00,216928268079217,910,-4201,533,2983,2206,6290,31.85,-147.035,18.655,0.727852,0.538264,1.53476
300894,2866376953,58019532,2026-10-06T05:18:28.248895+00:00,216928270316751,779,-3692,369,2913,2911,5190,27.265,-129.22,12.915,0.710772,0.710284,1.26636
300895,2866382812,58025391,2026-10-06T05:18:28.250200+00:00,216928271615623,97,-3449,670,6175,3354,7272,3.395,-120.715,23.45,1.5067,0.818376,1.774368
300896,2866392578,58035157,2026-10-06T05:18:28.251389+00:00,216928272805280,-521,-2166,562,4931,2667,5654,-18.235,-75.81,19.67,1.203164,0.650748,1.379576
300897,2866402343,58044922,2026-10-06T05:18:28.291968+00:00,216928313393618,-529,-1147,151,2692,2211,4688,-18.515,-40.145,5.285,0.656848,0.539484,1.143872
300898,2866412109,58054688,2026-10-06T05:18:28.293572+00:00,216928314988560,-646,-881,51,1667,1160,4359,-22.61,-30.835,1.785,0.406748,0.28304,1.063596
300899,2866422851,58065430,2026-10-06T05:18:28.294608+00:00,216928316059075,-546,-793,-33,2078,839,4312,-19.11,-27.755,-1.155,0.507032,0.204716,1.052128
300900,2866432617,58075196,2026-10-06T05:18:28.295757+00:00,216928317167952,-420,-640,-81,2026,227,4200,-14.7,-22.4,-2.835,0.494344,0.055388,1.0248
300901,2866442382,58084961,2026-10-06T05:18:28.297207+00:00,216928318621227,-201,-451,-78,1605,212,4183,-7.035,-15.785,-2.73,0.39162,0.051728,1.020652
300902,2866452148,58094727,2026-10-06T05:18:28.335607+00:00,216928357069246,43,-350,-50,1691,768,3990,1.505,-12.25,-1.75,0.412604,0.187392,0.97356
300903,2866462890,58105469,2026-10-06T05:18:28.340220+00:00,216928361641186,194,-255,-48,1694,1364,3803,6.79,-8.925,-1.68,0.413336,0.332816,0.927932
300904,2866472656,58115235,2026-10-06T05:18:28.342479+00:00,216928363893283,222,-152,-100,1644,1571,3865,7.77,-5.32,-3.5,0.401136,0.383324,0.94306
300905,2866482421,58125000,2026-10-06T05:18:28.343579+00:00,216928364989350,162,-51,-121,1391,1243,3858,5.67,-1.785,-4.235,0.339404,0.303292,0.941352
300906,2866487304,58129883,2026-10-06T05:18:28.344247+00:00,216928365653893,170,-30,-112,1259,1112,3666,5.95,-1.05,-3.92,0.307196,0.271328,0.894504
300907,2866497070,58139649,2026-10-06T05:18:28.379414+00:00,216928400814100,187,-56,-92,1304,1215,3849,6.545,-1.96,-3.22,0.318176,0.29646,0.939156
300908,2866507812,58150391,2026-10-06T05:18:28.379824+00:00,216928401217641,180,-21,-104,1064,1302,4017,6.3,-0.735,-3.64,0.259616,0.317688,0.980148
300909,2866517578,58160157,2026-10-06T05:18:28.382215+00:00,216928403608698,114,-34,-60,796,1017,3534,3.99,-1.19,-2.1,0.194224,0.248148,0.862296
300910,2866527343,58169922,2026-10-06T05:18:28.382560+00:00,216928403953323,79,-172,26,1108,1173,3566,2.765,-6.02,0.91,0.270352,0.286212,0.870104
300911,2866537109,58179688,2026-10-06T05:18:28.382890+00:00,216928404282550,7,-231,75,1061,1358,4003,0.245,-8.085,2.625,0.258884,0.331352,0.976732
300912,2866547851,58190430,2026-10-06T05:18:28.425407+00:00,216928446808508,-52,-248,111,1067,1157,3635,-1.82,-8.68,3.885,0.260348,0.282308,0.88694
300913,2866557617,58200196,2026-10-06T05:18:28.425783+00:00,216928447176346,-78,-296,158,1342,1474,3883,-2.73,-10.36,5.53,0.327448,0.359656,0.947452
300914,2866567382,58209961,2026-10-06T05:18:28.426115+00:00,216928447507512,-159,-291,173,1136,1410,3873,-5.565,-10.185,6.055,0.277184,0.34404,0.945012
300915,2866577148,58219727,2026-10-06T05:18:28.427168+00:00,216928448561516,-223,-314,193,1244,1125,3800,-7.805,-10.99,6.755,0.303536,0.2745,0.9272
300916,2866587890,58230469,2026-10-06T05:18:28.471730+00:00,216928493133100,-233,-349,215,1368,1091,3910,-8.155,-12.215,7.525,0.333792,0.266204,0.95404
300917,2866592773,58235352,2026-10-06T05:18:28.472077+00:00,216928493472120,-228,-341,211,1470,1090,3978,-7.98,-11.935,7.385,0.35868,0.26596,0.970632
300918,2866602539,58245118,2026-10-06T05:18:28.472371+00:00,216928493764699,-227,-319,211,1381,1113,3994,-7.945,-11.165,7.385,0.336964,0.271572,0.974536
300919,2866612304,58254883,2026-10-06T05:18:28.472826+00:00,216928494218689,-217,-310,194,1495,1043,3987,-7.595,-10.85,6.79,0.36478,0.254492,0.972828
300920,2866622070,58264649,2026-10-06T05:18:28.473204+00:00,216928494597153,-189,-289,184,1495,1121,4057,-6.615,-10.115,6.44,0.36478,0.273524,0.989908
300921,2866632812,58275391,2026-10-06T05:18:28.515305+00:00,216928536703705,-163,-246,153,1496,1016,3924,-5.705,-8.61,5.355,0.365024,0.247904,0.957456
300922,2866642578,58285157,2026-10-06T05:18:28.515612+00:00,216928537016241,-135,-234,151,1410,1176,3911,-4.725,-8.19,5.285,0.34404,0.286944,0.954284
300923,2866652343,58294922,2026-10-06T05:18:28.515911+00:00,216928537304568,-133,-264,144,1571,1000,3667,-4.655,-9.24,5.04,0.383324,0.244,0.894748
300924,2866662109,58304688,2026-10-06T05:18:28.519412+00:00,216928540822837,-126,-300,153,1881,1065,3858,-4.41,-10.5,5.355,0.458964,0.25986,0.941352
300925,2866672851,58315430,2026-10-06T05:18:28.520690+00:00,216928542111983,-118,-268,143,1774,994,3944,-4.13,-9.38,5.005,0.432856,0.242536,0.962336
300926,2866677734,58320313,2026-10-06T05:18:28.562427+00:00,216928583850171,-70,-224,125,1564,960,3921,-2.45,-7.84,4.375,0.381616,0.23424,0.956724
300927,2866687500,58330079,2026-10-06T05:18:28.563497+00:00,216928584912758,7,-198,109,1279,1174,3953,0.245,-6.93,3.815,0.312076,0.286456,0.964532
300928,2866697265,58339844,2026-10-06T05:18:28.564395+00:00,216928585813614,38,-217,90,1266,1249,3885,1.33,-7.595,3.15,0.308904,0.304756,0.94794
300929,2866707031,58349610,2026-10-06T05:18:28.565490+00:00,216928586905060,33,-251,82,1687,914,3893,1.155,-8.785,2.87,0.411628,0.223016,0.949892
300930,2866717773,58360352,2026-10-06T05:18:28.566486+00:00,216928587900523,68,-216,108,1791,1002,3810,2.38,-7.56,3.78,0.437004,0.244488,0.92964
300931,2866727539,58370118,2026-10-06T05:18:28.606714+00:00,216928628144881,55,-187,95,1299,1252,3727,1.925,-6.545,3.325,0.316956,0.305488,0.909388
300932,2866737304,58379883,2026-10-06T05:18:28.608479+00:00,216928629894283,-10,-241,109,1531,1042,3735,-0.35,-8.435,3.815,0.373564,0.254248,0.91134
300933,2866747070,58389649,2026-10-06T05:18:28.609903+00:00,216928631318751,-29,-260,148,1493,1203,3852,-1.015,-9.1,5.18,0.364292,0.293532,0.939888
300934,2866757812,58400391,2026-10-06T05:18:28.610983+00:00,216928632398922,-71,-257,157,1387,1100,3718,-2.485,-8.995,5.495,0.338428,0.2684,0.907192
300935,2866767578,58410157,2026-10-06T05:18:28.650373+00:00,216928671794824,-93,-290,177,1616,1110,3802,-3.255,-10.15,6.195,0.394304,0.27084,0.927688
300936,2866777343,58419922,2026-10-06T05:18:28.651192+00:00,216928672607791,-98,-286,184,1699,1119,3741,-3.43,-10.01,6.44,0.414556,0.273036,0.912804
300937,2866787109,58429688,2026-10-06T05:18:28.653370+00:00,216928674796363,-114,-266,186,1612,1077,3821,-3.99,-9.31,6.51,0.393328,0.262788,0.932324
300938,2866791992,58434571,2026-10-06T05:18:28.654442+00:00,216928675860089,-117,-254,187,1612,1036,3748,-4.095,-8.89,6.545,0.393328,0.252784,0.914512
300939,2866802734,58445313,2026-10-06T05:18:28.655866+00:00,216928677281513,-126,-260,189,1655,1048,3764,-4.41,-9.1,6.615,0.40382,0.255712,0.918416
300940,2866812500,58455079,2026-10-06T05:18:28.697582+00:00,216928719033680,-141,-251,188,1492,980,3933,-4.935,-8.785,6.58,0.364048,0.23912,0.959652
300941,2866822265,58464844,2026-10-06T05:18:28.698585+00:00,216928719999317,-124,-224,167,1393,1037,3859,-4.34,-7.84,5.845,0.339892,0.253028,0.941596
300942,2866832031,58474610,2026-10-06T05:18:28.699992+00:00,216928721407678,-139,-265,193,1634,1085,3735,-4.865,-9.275,6.755,0.398696,0.26474,0.91134
300943,2866842773,58485352,2026-10-06T05:18:28.701456+00:00,216928722883821,-162,-285,186,1655,1020,3916,-5.67,-9.975,6.51,0.40382,0.24888,0.955504
300944,2866852539,58495118,2026-10-06T05:18:28.705672+00:00,216928727100689,-159,-229,153,1487,844,3827,-5.565,-8.015,5.355,0.362828,0.205936,0.933788
300945,2866862304,58504883,2026-10-06T05:18:28.741010+00:00,216928762437118,-142,-254,178,1579,1063,3805,-4.97,-8.89,6.23,0.385276,0.259372,0.92842
300946,2866872070,58514649,2026-10-06T05:18:28.742993+00:00,216928764409913,-149,-253,153,1670,939,3819,-5.215,-8.855,5.355,0.40748,0.229116,0.931836
300947,2866882812,58525391,2026-10-06T05:18:28.744148+00:00,216928765563273,-134,-230,138,1634,960,3901,-4.69,-8.05,4.83,0.398696,0.23424,0.951844
300948,2866887695,58530274,2026-10-06T05:18:28.745212+00:00,216928766631031,-117,-221,127,1637,957,3743,-4.095,-7.735,4.445,0.399428,0.233508,0.913292
300949,2866897460,58540039,2026-10-06T05:18:28.746138+00:00,216928767553478,-109,-229,124,1645,1006,3815,-3.815,-8.015,4.34,0.40138,0.245464,0.93086
300950,2866907226,58549805,2026-10-06T05:18:28.785714+00:00,216928807141265,-108,-233,121,1664,945,3802,-3.78,-8.155,4.235,0.406016,0.23058,0.927688
300951,2866916992,58559571,2026-10-06T05:18:28.787106+00:00,216928808528924,-110,-241,130,1782,867,3783,-3.85,-8.435,4.55,0.434808,0.211548,0.923052
300952,2866927734,58570313,2026-10-06T05:18:28.788479+00:00,216928809894174,-67,-217,112,1615,1081,3849,-2.345,-7.595,3.92,0.39406,0.263764,0.939156
300953,2866937500,58580079,2026-10-06T05:18:28.789552+00:00,216928810965387,-72,-212,103,1360,938,3820,-2.52,-7.42,3.605,0.33184,0.228872,0.93208
300954,2866947265,58589844,2026-10-06T05:18:28.830417+00:00,216928851839060,-78,-254,137,1539,1064,3825,-2.73,-8.89,4.795,0.375516,0.259616,0.9333
300955,2866957031,58599610,2026-10-06T05:18:28.831365+00:00,216928852778348,-107,-269,162,1679,1031,3670,-3.745,-9.415,5.67,0.409676,0.251564,0.89548
300956,2866967773,58610352,2026-10-06T05:18:28.832590+00:00,216928854048006,-127,-292,181,1660,1026,3794,-4.445,-10.22,6.335,0.40504,0.250344,0.925736
300957,2866977539,58620118,2026-10-06T05:18:28.833744+00:00,216928855151529,-140,-301,194,1635,968,3809,-4.9,-10.535,6.79,0.39894,0.236192,0.929396
300958,2866982421,58625000,2026-10-06T05:18:28.834762+00:00,216928856170522,-139,-301,209,1490,1026,3763,-4.865,-10.535,7.315,0.36356,0.250344,0.918172
300959,2866992187,58634766,2026-10-06T05:18:28.878029+00:00,216928899454450,-143,-332,227,1142,1074,3769,-5.005,-11.62,7.945,0.278648,0.262056,0.919636
300960,2867001953,58644532,2026-10-06T05:18:28.879405+00:00,216928900823695,-189,-417,275,1443,974,3883,-6.615,-14.595,9.625,0.352092,0.237656,0.947452
300961,2867012695,58655274,2026-10-06T05:18:28.880490+00:00,216928901905647,-207,-445,335,1772,961,3878,-7.245,-15.575,11.725,0.432368,0.234484,0.946232
300962,2867022460,58665039,2026-10-06T05:18:28.883011+00:00,216928904421339,-189,-419,336,1656,788,3786,-6.615,-14.665,11.76,0.404064,0.192272,0.923784
300963,2867032226,58674805,2026-10-06T05:18:28.884211+00:00,216928905628392,-157,-419,350,1573,931,3929,-5.495,-14.665,12.25,0.383812,0.227164,0.958676
300964,2867041992,58684571,2026-10-06T05:18:28.921319+00:00,216928942730405,-170,-429,373,1652,801,3895,-5.95,-15.015,13.055,0.403088,0.195444,0.95038
300965,2867052734,58695313,2026-10-06T05:18:28.965809+00:00,216928987222742,-134,-414,381,1471,913,3829,-4.69,-14.49,13.335,0.358924,0.222772,0.934276
300966,2867062500,58705079,2026-10-06T05:18:28.966490+00:00,216928987901353,-151,-439,404,1461,983,3830,-5.285,-15.365,14.14,0.356484,0.239852,0.93452
300967,2867072265,58714844,2026-10-06T05:18:28.967265+00:00,216928988671246,-174,-481,428,1913,813,3796,-6.09,-16.835,14.98,0.466772,0.198372,0.926224
300968,2867082031,58724610,2026-10-06T05:18:28.968279+00:00,216928989686272,-143,-472,428,1929,802,3793,-5.005,-16.52,14.98,0.470676,0.195688,0.925492
300969,2867087890,58730469,2026-10-06T05:18:28.969564+00:00,216928990984009,-103,-465,388,1858,742,3798,-3.605,-16.275,13.58,0.453352,0.181048,0.926712
300970,2867097656,58740235,2026-10-06T05:18:28.971462+00:00,216928992872532,-54,-464,361,1838,708,3842,-1.89,-16.24,12.635,0.448472,0.172752,0.937448
300971,2867107421,58750000,2026-10-06T05:18:28.972979+00:00,216928994389772,13,-467,326,1695,789,3837,0.455,-16.345,11.41,0.41358,0.192516,0.936228
300972,2867117187,58759766,2026-10-06T05:18:28.973779+00:00,216928995188245,43,-468,284,1713,724,3954,1.505,-16.38,9.94,0.417972,0.176656,0.964776
300973,2867126953,58769532,2026-10-06T05:18:28.974677+00:00,216928996082589,51,-485,288,2003,846,3697,1.785,-16.975,10.08,0.488732,0.206424,0.902068
300974,2867137695,58780274,2026-10-06T05:18:29.010908+00:00,216929032321357,49,-528,301,2102,779,3715,1.715,-18.48,10.535,0.512888,0.190076,0.90646
300975,2867147460,58790039,2026-10-06T05:18:29.011580+00:00,216929032983801,74,-523,284,1525,776,3791,2.59,-18.305,9.94,0.3721,0.189344,0.925004
300976,2867157226,58799805,2026-10-06T05:18:29.012334+00:00,216929033739824,88,-593,296,1698,958,3922,3.08,-20.755,10.36,0.414312,0.233752,0.956968
300977,2867166992,58809571,2026-10-06T05:18:29.013000+00:00,216929034403624,74,-641,322,1651,892,3815,2.59,-22.435,11.27,0.402844,0.217648,0.93086
300978,2867172851,58815430,2026-10-06T05:18:29.056063+00:00,216929077478899,53,-727,342,1653,808,3910,1.855,-25.445,11.97,0.403332,0.197152,0.95404
300979,2867182617,58825196,2026-10-06T05:18:29.056712+00:00,216929078116035,71,-804,348,1855,741,3773,2.485,-28.14,12.18,0.45262,0.180804,0.920612
300980,2867192382,58834961,2026-10-06T05:18:29.057431+00:00,216929078836971,115,-892,347,1606,643,3452,4.025,-31.22,12.145,0.391864,0.156892,0.842288
300981,2867202148,58844727,2026-10-06T05:18:29.058110+00:00,216929079510256,133,-1109,362,2004,391,3501,4.655,-38.815,12.67,0.488976,0.095404,0.854244
300982,2867212890,58855469,2026-10-06T05:18:29.058764+00:00,216929080170238,196,-1297,390,1984,325,3458,6.86,-45.395,13.65,0.484096,0.0793,0.843752
300983,2867222656,58865235,2026-10-06T05:18:29.099614+00:00,216929121036604,341,-1462,346,1644,1183,4464,11.935,-51.17,12.11,0.401136,0.288652,1.089216
300984,2867232421,58875000,2026-10-06T05:18:29.100276+00:00,216929121671481,349,-1486,202,1313,1538,4351,12.215,-52.01,7.07,0.320372,0.375272,1.061644
300985,2867242187,58884766,2026-10-06T05:18:29.101605+00:00,216929123035062,282,-1660,214,1340,1581,3883,9.87,-58.1,7.49,0.32696,0.385764,0.947452
300986,2867251953,58894532,2026-10-06T05:18:29.102247+00:00,216929123653033,228,-2008,336,1947,1041,3538,7.98,-70.28,11.76,0.475068,0.254004,0.863272
300987,2867262695,58905274,2026-10-06T05:18:29.144577+00:00,216929165980477,310,-2317,428,1492,850,3883,10.85,-81.095,14.98,0.364048,0.2074,0.947452
300988,2867272460,58915039,2026-10-06T05:18:29.145194+00:00,216929166592409,382,-2541,440,1430,1041,4197,13.37,-88.935,15.4,0.34892,0.254004,1.024068
300989,2867282226,58924805,2026-10-06T05:18:29.146504+00:00,216929167904065,325,-2726,416,1577,1323,3918,11.375,-95.41,14.56,0.384788,0.322812,0.955992
300990,2867291992,58934571,2026-10-06T05:18:29.146996+00:00,216929168393679,144,-3007,382,2114,642,3843,5.04,-105.245,13.37,0.515816,0.156648,0.937692
300991,2867297851,58940430,2026-10-06T05:18:29.147513+00:00,216929168909538,113,-3234,346,1819,475,3867,3.955,-113.19,12.11,0.443836,0.1159,0.943548
300992,2867307617,58950196,2026-10-06T05:18:29.190671+00:00,216929212079421,90,-3533,375,2070,499,3882,3.15,-123.655,13.125,0.50508,0.121756,0.947208
300993,2867317382,58959961,2026-10-06T05:18:29.191133+00:00,216929212531350,118,-3819,413,2175,742,3528,4.13,-133.665,14.455,0.5307,0.181048,0.860832
300994,2867327148,58969727,2026-10-06T05:18:29.191604+00:00,216929212999747,110,-4185,430,2170,883,3582,3.85,-146.475,15.05,0.52948,0.215452,0.874008
300995,2867337890,58980469,2026-10-06T05:18:29.192348+00:00,216929213747815,-55,-4594,504,2217,546,3441,-1.925,-160.79,17.64,0.540948,0.133224,0.839604
300996,2867347656,58990235,2026-10-06T05:18:29.192877+00:00,216929214271550,-66,-4955,546,2151,558,3543,-2.31,-173.425,19.11,0.524844,0.136152,0.864492
300997,2867357421,59000000,2026-10-06T05:18:29.237435+00:00,216929258844430,-46,-5269,573,2033,634,3281,-1.61,-184.415,20.055,0.496052,0.154696,0.800564
300998,2867367187,59009766,2026-10-06T05:18:29.238528+00:00,216929259927464,10,-5608,624,2343,799,3204,0.35,-196.28,21.84,0.571692,0.194956,0.781776
300999,2867376953,59019532,2026-10-06T05:18:29.239061+00:00,216929260463202,18,-5917,656,2524,895,3000,0.63,-207.095,22.96,0.615856,0.21838,0.732
301000,2867382812,59025391,2026-10-06T05:18:29.239527+00:00,216929260927895,-15,-6193,665,2821,640,3014,-0.525,-216.755,23.275,0.688324,0.15616,0.735416
301001,2867392578,59035157,2026-10-06T05:18:29.239998+00:00,216929261395717,58,-6413,664,3061,546,2935,2.03,-224.455,23.24,0.746884,0.133224,0.71614
301002,2867402343,59044922,2026-10-06T05:18:29.280581+00:00,216929301983974,235,-6603,642,3445,515,3076,8.225,-231.105,22.47,0.84058,0.12566,0.750544
301003,2867412109,59054688,2026-10-06T05:18:29.326905+00:00,216929348316568,458,-6707,611,3552,402,3181,16.03,-234.745,21.385,0.866688,0.098088,0.776164
301004,2867422851,59065430,2026-10-06T05:18:29.327740+00:00,216929349144012,822,-6846,545,4009,359,2929,28.77,-239.61,19.075,0.978196,0.087596,0.714676
301005,2867432617,59075196,2026-10-06T05:18:29.328052+00:00,216929349453684,1274,-7023,478,4816,404,3182,44.59,-245.805,16.73,1.175104,0.098576,0.776408
301006,2867442382,59084961,2026-10-06T05:18:29.328888+00:00,216929350290570,1748,-7063,474,4655,420,3424,61.18,-247.205,16.59,1.13582,0.10248,0.835456
301007,2867452148,59094727,2026-10-06T05:18:29.329653+00:00,216929351058842,2214,-7154,518,4388,792,3472,77.49,-250.39,18.13,1.070672,0.193248,0.847168
301008,2867462890,59105469,2026-10-06T05:18:29.330278+00:00,216929351677270,2554,-7290,627,4702,960,3388,89.39,-255.15,21.945,1.147288,0.23424,0.826672
301009,2867472656,59115235,2026-10-06T05:18:29.330997+00:00,216929352396882,2786,-7399,825,4947,1328,3637,97.51,-258.965,28.875,1.207068,0.324032,0.887428
301010,2867482421,59125000,2026-10-06T05:18:29.331736+00:00,216929353136016,2897,-7421,1072,4828,1450,3549,101.395,-259.735,37.52,1.178032,0.3538,0.865956
301011,2867487304,59129883,2026-10-06T05:18:29.332669+00:00,216929354075374,2982,-7433,1331,4831,1696,3550,104.37,-260.155,46.585,1.178764,0.413824,0.8662
301012,2867497070,59139649,2026-10-06T05:18:29.371509+00:00,216929392920883,3050,-7377,1533,4683,1597,3259,106.75,-258.195,53.655,1.142652,0.389668,0.795196
301013,2867507812,59150391,2026-10-06T05:18:29.372148+00:00,216929393553244,3189,-7330,1712,4522,1533,2818,111.615,-256.55,59.92,1.103368,0.374052,0.687592
301014,2867517578,59160157,2026-10-06T05:18:29.372741+00:00,216929394154417,3460,-7253,1836,4833,1043,2860,121.1,-253.855,64.26,1.179252,0.254492,0.69784
301015,2867527343,59169922,2026-10-06T05:18:29.373454+00:00,216929394856805,3935,-7002,1932,4456,1226,1764,137.725,-245.07,67.62,1.087264,0.299144,0.430416
301016,2867537109,59179688,2026-10-06T05:18:29.461794+00:00,216929483208246,4060,-6901,2184,4761,1647,1105,142.1,-241.535,76.44,1.161684,0.401868,0.26962
301017,2867547851,59190430,2026-10-06T05:18:29.462552+00:00,216929483953044,4099,-6638,2230,5970,1198,1884,143.465,-232.33,78.05,1.45668,0.292312,0.459696
301018,2867557617,59200196,2026-10-06T05:18:29.463141+00:00,216929484540592,4353,-5916,2112,6357,1071,2204,152.355,-207.06,73.92,1.551108,0.261324,0.537776
301019,2867567382,59209961,2026-10-06T05:18:29.463714+00:00,216929485113521,4560,-4990,1986,5823,1365,2293,159.6,-174.65,69.51,1.420812,0.33306,0.559492
301020,2867577148,59219727,2026-10-06T05:18:29.464232+00:00,216929485630838,4340,-4019,2069,4365,1638,2224,151.9,-140.665,72.415,1.06506,0.399672,0.542656
301021,2867587890,59230469,2026-10-06T05:18:29.464957+00:00,216929486363928,3781,-3367,2255,4131,2885,1707,132.335,-117.845,78.925,1.007964,0.70394,0.416508
301022,2867592773,59235352,2026-10-06T05:18:29.465505+00:00,216929486903677,2857,-2517,1895,9059,4884,6420,99.995,-88.095,66.325,2.210396,1.191696,1.56648
301023,2867602539,59245118,2026-10-06T05:18:29.466078+00:00,216929487475621,1302,-177,1263,4802,4191,4847,45.57,-6.195,44.205,1.171688,1.022604,1.182668
301024,2867612304,59254883,2026-10-06T05:18:29.466711+00:00,216929488111804,-56,1326,690,5023,3116,3511,-1.96,46.41,24.15,1.225612,0.760304,0.856684
301025,2867622070,59264649,2026-10-06T05:18:29.467278+00:00,216929488676879,-871,2613,243,4485,2000,3332,-30.485,91.455,8.505,1.09434,0.488,0.813008
301026,2867632812,59275391,2026-10-06T05:18:29.506831+00:00,216929528244484,-1201,3719,-51,3373,1121,2420,-42.035,130.165,-1.785,0.823012,0.273524,0.59048
301027,2867642578,59285157,2026-10-06T05:18:29.507422+00:00,216929528827218,-1270,4445,-169,2743,638,1781,-44.45,155.575,-5.915,0.669292,0.155672,0.434564
301028,2867652343,59294922,2026-10-06T05:18:29.508050+00:00,216929529454930,-1214,4866,-150,1941,169,1080,-42.49,170.31,-5.25,0.473604,0.041236,0.26352
301029,2867662109,59304688,2026-10-06T05:18:29.508600+00:00,216929530028277,-1035,4887,-8,842,-186,321,-36.225,171.045,-0.28,0.205448,-0.045384,0.078324
301030,2867672851,59315430,2026-10-06T05:18:29.550794+00:00,216929572205710,-808,4542,227,-12,-278,-335,-28.28,158.97,7.945,-0.002928,-0.067832,-0.08174
301031,2867677734,59320313,2026-10-06T05:18:29.551427+00:00,216929572829882,-555,3940,383,-268,-285,-537,-19.425,137.9,13.405,-0.065392,-0.06954,-0.131028
301032,2867687500,59330079,2026-10-06T05:18:29.552188+00:00,216929573596515,-292,3233,364,-95,70,-315,-10.22,113.155,12.74,-0.02318,0.01708,-0.07686
301033,2867697265,59339844,2026-10-06T05:18:29.553219+00:00,216929574623481,-130,2622,173,281,621,143,-4.55,91.77,6.055,0.068564,0.151524,0.034892
301034,2867707031,59349610,2026-10-06T05:18:29.555709+00:00,216929577120476,-137,2174,-133,1135,1086,946,-4.795,76.09,-4.655,0.27694,0.264984,0.230824
301035,2867717773,59360352,2026-10-06T05:18:29.597230+00:00,216929618637887,-267,2039,-532,2089,1451,1821,-9.345,71.365,-18.62,0.509716,0.354044,0.444324
301036,2867727539,59370118,2026-10-06T05:18:29.598259+00:00,216929619665511,-489,2251,-975,3048,1658,2650,-17.115,78.785,-34.125,0.743712,0.404552,0.6466
301037,2867737304,59379883,2026-10-06T05:18:29.599173+00:00,216929620580815,-728,2795,-1412,3929,1782,3334,-25.48,97.825,-49.42,0.958676,0.434808,0.813496
301038,2867747070,59389649,2026-10-06T05:18:29.600078+00:00,216929621484382,-994,3615,-1804,4402,1749,3655,-34.79,126.525,-63.14,1.074088,0.426756,0.89182
301039,2867757812,59400391,2026-10-06T05:18:29.641216+00:00,216929662626060,-1310,4532,-2106,4352,1378,3552,-45.85,158.62,-73.71,1.061888,0.336232,0.866688
301040,2867767578,59410157,2026-10-06T05:18:29.685972+00:00,216929707393299,-1544,5366,-2288,3727,799,2981,-54.04,187.81,-80.08,0.909388,0.194956,0.727364
301041,2867777343,59419922,2026-10-06T05:18:29.686172+00:00,216929707561462,-1581,5919,-2356,3038,431,2389,-55.335,207.165,-82.46,0.741272,0.105164,0.582916
301042,2867787109,59429688,2026-10-06T05:18:29.686416+00:00,216929707806059,-1498,6157,-2320,2596,93,2042,-52.43,215.495,-81.2,0.633424,0.022692,0.498248
301043,2867791992,59434571,2026-10-06T05:18:29.686821+00:00,216929708211218,-1296,6206,-2215,2657,-234,2119,-45.36,217.21,-77.525,0.648308,-0.057096,0.517036
301044,2867802734,59445313,2026-10-06T05:18:29.687290+00:00,216929708683896,-968,6266,-2066,2885,-320,2339,-33.88,219.31,-72.31,0.70394,-0.07808,0.570716
301045,2867812500,59455079,2026-10-06T05:18:29.687662+00:00,216929709049991,-634,6393,-1871,3187,-151,2673,-22.19,223.755,-65.485,0.777628,-0.036844,0.652212
301046,2867822265,59464844,2026-10-06T05:18:29.688991+00:00,216929710381513,-405,6587,-1646,3384,104,2927,-14.175,230.545,-57.61,0.825696,0.025376,0.714188
301047,2867832031,59474610,2026-10-06T05:18:29.689253+00:00,216929710644218,-297,6808,-1416,3455,284,3069,-10.395,238.28,-49.56,0.84302,0.069296,0.748836
301048,2867842773,59485352,2026-10-06T05:18:29.689481+00:00,216929710871912,-215,7019,-1239,3481,439,3149,-7.525,245.665,-43.365,0.849364,0.107116,0.768356
301049,2867852539,59495118,2026-10-06T05:18:29.731117+00:00,216929752509848,-138,7202,-1143,3326,689,3107,-4.83,252.07,-40.005,0.811544,0.168116,0.758108
301050,2867862304,59504883,2026-10-06T05:18:29.731260+00:00,216929752647401,-105,7283,-1129,3011,743,3022,-3.675,254.905,-39.515,0.734684,0.181292,0.737368
301051,2867872070,59514649,2026-10-06T05:18:29.731579+00:00,216929752967215,-32,7244,-1183,2938,720,3061,-1.12,253.54,-41.405,0.716872,0.17568,0.746884
301052,2867882812,59525391,2026-10-06T05:18:29.731858+00:00,216929753245097,138,7155,-1300,2972,957,3152,4.83,250.425,-45.5,0.725168,0.233508,0.769088
301053,2867887695,59530274,2026-10-06T05:18:29.732106+00:00,216929753494172,261,7045,-1460,3045,1366,3318,9.135,246.575,-51.1,0.74298,0.333304,0.809592
301054,2867897460,59540039,2026-10-06T05:18:29.776576+00:00,216929797995796,264,6920,-1670,3127,1741,3543,9.24,242.2,-58.45,0.762988,0.424804,0.864492
301055,2867907226,59549805,2026-10-06T05:18:29.777789+00:00,216929799207068,167,6776,-1934,3248,2020,3784,5.845,237.16,-67.69,0.792512,0.49288,0.923296
301056,2867916992,59559571,2026-10-06T05:18:29.826217+00:00,216929847646709,35,6622,-2256,3514,2185,4081,1.225,231.77,-78.96,0.857416,0.53314,0.995764
301057,2867927734,59570313,2026-10-06T05:18:29.828520+00:00,216929849938983,-56,6508,-2625,3975,2347,4447,-1.96,227.78,-91.875,0.9699,0.572668,1.085068
301058,2867937500,59580079,2026-10-06T05:18:29.830519+00:00,216929851936111,-135,6472,-3017,4376,2463,4703,-4.725,226.52,-105.595,1.067744,0.600972,1.147532
301059,2867947265,59589844,2026-10-06T05:18:29.832011+00:00,216929853429671,-224,6476,-3399,4715,2467,4927,-7.84,226.66,-118.965,1.15046,0.601948,1.202188
301060,2867957031,59599610,2026-10-06T05:18:29.833442+00:00,216929854849186,-318,6499,-3733,5087,2420,5028,-11.13,227.465,-130.655,1.241228,0.59048,1.226832
301061,2867967773,59610352,2026-10-06T05:18:29.835168+00:00,216929856589501,-416,6522,-3974,5478,2285,5011,-14.56,228.27,-139.09,1.336632,0.55754,1.222684
301062,2867977539,59620118,2026-10-06T05:18:29.836819+00:00,216929858236414,-493,6536,-4106,5788,2071,4862,-17.255,228.76,-143.71,1.412272,0.505324,1.186328
301063,2867982421,59625000,2026-10-06T05:18:29.867765+00:00,216929889180150,-507,6519,-4152,6073,1928,4637,-17.745,228.165,-145.32,1.481812,0.470432,1.131428
301064,2867992187,59634766,2026-10-06T05:18:29.869176+00:00,216929890598980,-493,6445,-4136,6283,1804,4200,-17.255,225.575,-144.76,1.533052,0.440176,1.0248
301065,2868001953,59644532,2026-10-06T05:18:29.912466+00:00,216929933891571,-471,6275,-4118,6322,1341,3612,-16.485,219.625,-144.13,1.542568,0.327204,0.881328
301066,2868012695,59655274,2026-10-06T05:18:29.913484+00:00,216929934901144,-351,5972,-4156,6353,467,3089,-12.285,209.02,-145.46,1.550132,0.113948,0.753716
301067,2868022460,59665039,2026-10-06T05:18:29.914495+00:00,216929935901809,-36,5578,-4199,6648,308,2704,-1.26,195.23,-146.965,1.622112,0.075152,0.659776
301068,2868032226,59674805,2026-10-06T05:18:29.915152+00:00,216929936558351,112,5157,-4062,6888,496,2271,3.92,180.495,-142.17,1.680672,0.121024,0.554124
301069,2868041992,59684571,2026-10-06T05:18:29.915956+00:00,216929937362513,-57,4719,-3681,7045,310,1793,-1.995,165.165,-128.835,1.71898,0.07564,0.437492
301070,2868052734,59695313,2026-10-06T05:18:29.916693+00:00,216929938097680,-286,4287,-3116,7049,20,1182,-10.01,150.045,-109.06,1.719956,0.00488,0.288408
301071,2868062500,59705079,2026-10-06T05:18:29.917334+00:00,216929938738652,-399,3850,-2409,6816,-460,348,-13.965,134.75,-84.315,1.663104,-0.11224,0.084912
301072,2868072265,59714844,2026-10-06T05:18:29.957447+00:00,216929978863871,-239,3360,-1634,6660,-1262,-616,-8.365,117.6,-57.19,1.62504,-0.307928,-0.150304
301073,2868082031,59724610,2026-10-06T05:18:29.958385+00:00,216929979795680,315,2802,-885,6836,-1123,-1567,11.025,98.07,-30.975,1.667984,-0.274012,-0.382348
301074,2868087890,59730469,2026-10-06T05:18:29.959527+00:00,216929980934842,809,2132,-176,6691,-497,-2545,28.315,74.62,-6.16,1.632604,-0.121268,-0.62098
301075,2868097656,59740235,2026-10-06T05:18:29.960612+00:00,216929982041927,931,1205,356,6450,436,-3341,32.585,42.175,12.46,1.5738,0.106384,-0.815204
301076,2868107421,59750000,2026-10-06T05:18:29.961343+00:00,216929982742999,476,-60,636,6118,1216,-3834,16.66,-2.1,22.26,1.492792,0.296704,-0.935496
301077,2868117187,59759766,2026-10-06T05:18:30.000913+00:00,216930022328849,-428,-1428,668,5193,1990,-2480,-14.98,-49.98,23.38,1.267092,0.48556,-0.60512
301078,2868126953,59769532,2026-10-06T05:18:30.001477+00:00,216930022882409,-1315,-2414,445,-553,41,2793,-46.025,-84.49,15.575,-0.134932,0.010004,0.681492
301079,2868137695,59780274,2026-10-06T05:18:30.002653+00:00,216930024067659,-876,-2670,385,-406,1299,10574,-30.66,-93.45,13.475,-0.099064,0.316956,2.580056
301080,2868147460,59790039,2026-10-06T05:18:30.003500+00:00,216930024909659,-753,-2208,316,-4267,497,8781,-26.355,-77.28,11.06,-1.041148,0.121268,2.142564
301081,2868157226,59799805,2026-10-06T05:18:30.004266+00:00,216930025675366,-655,-2645,620,-3674,-1234,2438,-22.925,-92.575,21.7,-0.896456,-0.301096,0.594872
301082,2868166992,59809571,2026-10-06T05:18:30.046023+00:00,216930067436472,-193,-4003,1102,-1261,-1728,471,-6.755,-140.105,38.57,-0.307684,-0.421632,0.114924
301083,2868177734,59820313,2026-10-06T05:18:30.046841+00:00,216930068245127,118,-5283,1316,1662,-1038,1970,4.13,-184.905,46.06,0.405528,-0.253272,0.48068
301084,2868182617,59825196,2026-10-06T05:18:30.047473+00:00,216930068876742,381,-5675,1407,4951,34,6203,13.335,-198.625,49.245,1.208044,0.008296,1.513532
301085,2868192382,59834961,2026-10-06T05:18:30.048162+00:00,216930069565698,826,-4689,1147,5265,622,7752,28.91,-164.115,40.145,1.28466,0.151768,1.891488
301086,2868202148,59844727,2026-10-06T05:18:30.048795+00:00,216930070193353,1250,-3372,759,3936,1834,5932,43.75,-118.02,26.565,0.960384,0.447496,1.447408
301087,2868212890,59855469,2026-10-06T05:18:30.092447+00:00,216930113866074,1207,-2699,567,2662,2470,4327,42.245,-94.465,19.845,0.649528,0.60268,1.055788
301088,2868222656,59865235,2026-10-06T05:18:30.094702+00:00,216930116117258,961,-2519,382,2855,2990,4925,33.635,-88.165,13.37,0.69662,0.72956,1.2017
301089,2868232421,59875000,2026-10-06T05:18:30.097428+00:00,216930118842300,527,-2204,301,4709,4161,7005,18.445,-77.14,10.535,1.148996,1.015284,1.70922
301090,2868242187,59884766,2026-10-06T05:18:30.097778+00:00,216930119182230,-258,-1251,268,2589,1876,4473,-9.03,-43.785,9.38,0.631716,0.457744,1.091412
301091,2868251953,59894532,2026-10-06T05:18:30.137274+00:00,216930158685369,-161,-846,116,2190,2004,4513,-5.635,-29.61,4.06,0.53436,0.488976,1.101172
301092,2868262695,59905274,2026-10-06T05:18:30.138032+00:00,216930159438306,-259,-572,27,2373,1240,4566,-9.065,-20.02,0.945,0.579012,0.30256,1.114104
301093,2868272460,59915039,2026-10-06T05:18:30.138663+00:00,216930160073551,-172,-257,-16,2013,486,4442,-6.02,-8.995,-0.56,0.491172,0.118584,1.083848
301094,2868282226,59924805,2026-10-06T05:18:30.139286+00:00,216930160690579,34,-21,-5,1464,497,4227,1.19,-0.735,-0.175,0.357216,0.121268,1.031388
301095,2868291992,59934571,2026-10-06T05:18:30.140070+00:00,216930161472755,224,64,-10,1287,962,3907,7.84,2.24,-0.35,0.314028,0.234728,0.953308
301096,2868297851,59940430,2026-10-06T05:18:30.180802+00:00,216930202212897,295,69,-33,1196,1239,3747,10.325,2.415,-1.155,0.291824,0.302316,0.914268
301097,2868307617,59950196,2026-10-06T05:18:30.181352+00:00,216930202754169,275,42,-53,1156,1114,3867,9.625,1.47,-1.855,0.282064,0.271816,0.943548
301098,2868317382,59959961,2026-10-06T05:18:30.182081+00:00,216930203487844,285,50,-59,1295,1133,3809,9.975,1.75,-2.065,0.31598,0.276452,0.929396
301099,2868327148,59969727,2026-10-06T05:18:30.183671+00:00,216930205082045,288,27,-44,1123,1244,3439,10.08,0.945,-1.54,0.274012,0.303536,0.839116
301100,2868337890,59980469,2026-10-06T05:18:30.184451+00:00,216930205860805,262,-65,-47,850,1524,3969,9.17,-2.275,-1.645,0.2074,0.371856,0.968436
