sequence,time_s,magnitude_g,foot_strike,cadence_spm,phase,peak_g,rearm_g,min_stride_ms
387910,0.0,0.87549,0,222.66,0.011092198179834423,1.3,1.08,450.0
387911,0.009766,0.96505,0,222.66,0.029212854949232092,1.3,1.08,450.0
387912,0.014649,0.95507,0,222.66,0.038273183333825234,1.3,1.08,450.0
387913,0.025391,1.51104,1,217.76,0.0,1.3,1.08,450.0
387914,0.035157,1.24716,0,217.76,0.01772197814895371,1.3,1.08,450.0
387915,0.044922,1.43757,0,217.76,0.03544214163703253,1.3,1.08,450.0
387916,0.054688,1.49896,0,217.76,0.05316411978598624,1.3,1.08,450.0
387917,0.06543,2.27594,0,217.76,0.07265720695316596,1.3,1.08,450.0
387918,0.075196,3.09592,0,217.76,0.09037918510211967,1.3,1.08,450.0
387919,0.084961,3.28198,0,217.76,0.1080993485901985,1.3,1.08,450.0
387920,0.094727,2.82793,0,217.76,0.12582132673915222,1.3,1.08,450.0
387921,0.104493,2.84056,0,217.76,0.14354330488810593,1.3,1.08,450.0
387922,0.110352,2.65282,0,217.76,0.15417540298091195,1.3,1.08,450.0
387923,0.120118,1.90658,0,217.76,0.17189738112986566,1.3,1.08,450.0
387924,0.129883,2.95828,0,217.76,0.18961754461773817,1.3,1.08,450.0
387925,0.139649,3.51092,0,217.76,0.20733952276669187,1.3,1.08,450.0
387926,0.150391,2.42642,0,217.76,0.22683260993407792,1.3,1.08,450.0
387927,0.160157,5.38666,0,217.76,0.24455458808303163,1.3,1.08,450.0
387928,0.169922,3.3281,0,217.76,0.26227475157111046,1.3,1.08,450.0
387929,0.179688,1.73386,0,217.76,0.2799967297200642,1.3,1.08,450.0
387930,0.19043,0.88681,0,217.76,0.29948981688724385,1.3,1.08,450.0
387931,0.200196,0.9516,0,217.76,0.31721179503619756,1.3,1.08,450.0
387932,0.205079,0.97243,0,217.76,0.3260727841105713,1.3,1.08,450.0
387933,0.214844,0.83761,0,217.76,0.3437929475986501,1.3,1.08,450.0
387934,0.22461,0.94281,0,217.76,0.3615149257476038,1.3,1.08,450.0
387935,0.235352,1.40738,0,217.76,0.38100801291498987,1.3,1.08,450.0
387936,0.245118,1.94439,0,217.76,0.3987299910639436,1.3,1.08,450.0
387937,0.254883,2.13871,0,217.76,0.4164501545518161,1.3,1.08,450.0
387938,0.264649,1.79284,0,217.76,0.4341721327007698,1.3,1.08,450.0
387939,0.275391,1.21221,0,217.76,0.45366521986815583,1.3,1.08,450.0
387940,0.285157,0.83856,0,217.76,0.47138719801710954,1.3,1.08,450.0
387941,0.294922,0.7471,0,217.76,0.48910736150518835,1.3,1.08,450.0
387942,0.304688,0.82512,0,217.76,0.5068293396541421,1.3,1.08,450.0
387943,0.309571,1.00679,0,217.76,0.5156903287285158,1.3,1.08,450.0
387944,0.320313,1.18435,0,217.76,0.5351834158959019,1.3,1.08,450.0
387945,0.330079,1.2976,0,217.76,0.5529053940446492,1.3,1.08,450.0
387946,0.339844,1.39491,0,217.76,0.570625557532728,1.3,1.08,450.0
387947,0.34961,1.38527,0,217.76,0.5883475356816817,1.3,1.08,450.0
387948,0.360352,1.35157,0,217.76,0.6078406228490678,1.3,1.08,450.0
387949,0.370118,1.36129,0,217.76,0.6255626009980215,1.3,1.08,450.0
387950,0.379883,1.63551,0,217.76,0.643282764485894,1.3,1.08,450.0
387951,0.389649,1.97329,0,217.76,0.6610047426348478,1.3,1.08,450.0
387952,0.400391,2.22236,0,217.76,0.6804978298022337,1.3,1.08,450.0
387953,0.405274,2.42086,0,217.76,0.6893588188766074,1.3,1.08,450.0
387954,0.41504,2.64331,0,217.76,0.7070807970255611,1.3,1.08,450.0
387955,0.424805,2.88602,0,217.76,0.7248009605136401,1.3,1.08,450.0
387956,0.434571,3.04764,0,217.76,0.7425229386625938,1.3,1.08,450.0
387957,0.445313,3.09563,0,217.76,0.7620160258299797,1.3,1.08,450.0
387958,0.455079,3.08078,0,217.76,0.7797380039787272,1.3,1.08,450.0
387959,0.464844,3.06179,0,217.76,0.797458167466806,1.3,1.08,450.0
387960,0.47461,2.98975,0,217.76,0.8151801456157597,1.3,1.08,450.0
387961,0.485352,3.02838,0,217.76,0.8346732327831458,1.3,1.08,450.0
387962,0.495118,3.05525,0,217.76,0.8523952109320995,1.3,1.08,450.0
387963,0.504883,3.17396,0,217.76,0.870115374419972,1.3,1.08,450.0
387964,0.514649,3.41854,0,217.76,0.8878373525689257,1.3,1.08,450.0
387965,0.519532,3.75478,0,217.76,0.8966983416435056,1.3,1.08,450.0
387966,0.530274,3.92307,0,217.76,0.9161914288106854,1.3,1.08,450.0
387967,0.54004,3.87845,0,217.76,0.9339134069596391,1.3,1.08,450.0
387968,0.549805,2.53741,0,217.76,0.951633570447718,1.3,1.08,450.0
387969,0.559571,1.63613,0,217.76,0.9693555485966717,1.3,1.08,450.0
387970,0.570313,3.96112,0,217.76,0.9888486357640577,1.3,1.08,450.0
387971,0.580079,1.57611,0,217.76,0.006570613912805223,1.3,1.08,450.0
387972,0.589844,0.63006,0,217.76,0.024290777400884034,1.3,1.08,450.0
387973,0.59961,2.7408,1,214.25,0.0,1.3,1.08,450.0
387974,0.610352,3.34598,0,214.25,0.01917871162765748,1.3,1.08,450.0
387975,0.615235,2.13527,0,214.25,0.027896794747788802,1.3,1.08,450.0
387976,0.625,1.95846,0,214.25,0.045331175593395084,1.3,1.08,450.0
387977,0.634766,1.678,0,214.25,0.06276734183386072,1.3,1.08,450.0
387978,0.644532,1.80069,0,214.25,0.08020350807432634,1.3,1.08,450.0
387979,0.655274,1.51912,0,214.25,0.09938221970178085,1.3,1.08,450.0
387980,0.66504,1.66236,0,214.25,0.11681838594224647,1.3,1.08,450.0
387981,0.674805,1.00862,0,214.25,0.13425276678785275,1.3,1.08,450.0
387982,0.684571,1.19543,0,214.25,0.15168893302831837,1.3,1.08,450.0
387983,0.695313,1.48694,0,214.25,0.17086764465597587,1.3,1.08,450.0
387984,0.705079,1.32197,0,214.25,0.18830381089623852,1.3,1.08,450.0
387985,0.709961,1.18063,0,214.25,0.19702010862171349,1.3,1.08,450.0
387986,0.719727,1.14553,0,214.25,0.2144562748621791,1.3,1.08,450.0
387987,0.729493,1.10007,0,214.25,0.23189244110264473,1.3,1.08,450.0
387988,0.740235,1.14203,0,214.25,0.2510711527300992,1.3,1.08,450.0
387989,0.75,1.08473,0,214.25,0.2685055335757055,1.3,1.08,450.0
387990,0.759766,1.03813,0,214.25,0.2859416998161712,1.3,1.08,450.0
387991,0.769532,1.05019,0,214.25,0.30337786605663675,1.3,1.08,450.0
387992,0.780274,0.98676,0,214.25,0.3225565776840913,1.3,1.08,450.0
387993,0.79004,0.95872,0,214.25,0.3399927439245569,1.3,1.08,450.0
387994,0.799805,0.98882,0,214.25,0.3574271247701632,1.3,1.08,450.0
387995,0.809571,0.98469,0,214.25,0.3748632910106288,1.3,1.08,450.0
387996,0.81543,0.96756,0,214.25,0.385323919517952,1.3,1.08,450.0
387997,0.825196,1.08846,0,214.25,0.40276008575841765,1.3,1.08,450.0
387998,0.834961,0.93615,0,214.25,0.42019446660402393,1.3,1.08,450.0
387999,0.844727,1.02595,0,214.25,0.4376306328444895,1.3,1.08,450.0
388000,0.854493,1.0531,0,214.25,0.4550667990849552,1.3,1.08,450.0
388001,0.865235,1.00141,0,214.25,0.47424551071240967,1.3,1.08,450.0
388002,0.875,1.06919,0,214.25,0.49167989155801595,1.3,1.08,450.0
388003,0.884766,1.07082,0,214.25,0.5091160577984816,1.3,1.08,450.0
388004,0.894532,1.02483,0,214.25,0.5265522240389472,1.3,1.08,450.0
388005,0.900391,1.06569,0,214.25,0.5370128525462704,1.3,1.08,450.0
388006,0.910157,1.06146,0,214.25,0.554449018786736,1.3,1.08,450.0
388007,0.919922,1.02236,0,214.25,0.5718833996323424,1.3,1.08,450.0
388008,0.929688,0.99552,0,214.25,0.5893195658728079,1.3,1.08,450.0
388009,0.94043,1.03199,0,214.25,0.6084982775002624,1.3,1.08,450.0
388010,0.950196,1.06121,0,214.25,0.625934443740728,1.3,1.08,450.0
388011,0.959961,1.04442,0,214.25,0.6433688245863343,1.3,1.08,450.0
388012,0.969727,0.99808,0,214.25,0.6608049908268,1.3,1.08,450.0
388013,0.979493,1.08534,0,214.25,0.6782411570672656,1.3,1.08,450.0
388014,0.990235,1.00408,0,214.25,0.6974198686947201,1.3,1.08,450.0
388015,1.0,0.99391,0,214.25,0.7148542495403264,1.3,1.08,450.0
388016,1.009766,0.98355,0,214.25,0.732290415780792,1.3,1.08,450.0
388017,1.014649,1.013,0,214.25,0.7410084989009234,1.3,1.08,450.0
388018,1.025391,0.99737,0,214.25,0.7601872105285808,1.3,1.08,450.0
388019,1.035157,0.98653,0,214.25,0.7776233767690465,1.3,1.08,450.0
388020,1.044922,1.03244,0,214.25,0.7950577576146528,1.3,1.08,450.0
388021,1.054688,0.96576,0,214.25,0.8124939238551183,1.3,1.08,450.0
388022,1.06543,0.96784,0,214.25,0.8316726354825729,1.3,1.08,450.0
388023,1.075196,1.0492,0,214.25,0.8491088017230385,1.3,1.08,450.0
388024,1.084961,1.09186,0,214.25,0.8665431825686447,1.3,1.08,450.0
388025,1.094727,1.0815,0,214.25,0.8839793488091103,1.3,1.08,450.0
388026,1.104493,0.88225,0,214.25,0.9014155150495761,1.3,1.08,450.0
388027,1.110352,1.02272,0,214.25,0.9118761435568992,1.3,1.08,450.0
388028,1.120118,0.95587,0,214.25,0.9293123097973648,1.3,1.08,450.0
388029,1.129883,1.40461,1,219.07,0.0,1.3,1.08,450.0
388030,1.139649,1.13689,0,219.07,0.017828471199747713,1.3,1.08,450.0
388031,1.150391,1.37351,0,219.07,0.03743869418032574,1.3,1.08,450.0
388032,1.160157,1.61553,0,219.07,0.05526716538007345,1.3,1.08,450.0
388033,1.169922,2.40645,0,219.07,0.07309381101447662,1.3,1.08,450.0
388034,1.179688,3.75268,0,219.07,0.09092228221422434,1.3,1.08,450.0
388035,1.19043,4.10955,0,219.07,0.11053250519459483,1.3,1.08,450.0
388036,1.200196,3.28875,0,219.07,0.12836097639434255,1.3,1.08,450.0
388037,1.205079,3.05185,0,219.07,0.13727521199411263,1.3,1.08,450.0
388038,1.214844,1.89025,0,219.07,0.1551018576285158,1.3,1.08,450.0
388039,1.22461,2.30577,0,219.07,0.1729303288282635,1.3,1.08,450.0
388040,1.235352,2.3885,0,219.07,0.19254055180884153,1.3,1.08,450.0
388041,1.245118,2.45087,0,219.07,0.21036902300858926,1.3,1.08,450.0
388042,1.254883,3.67293,0,219.07,0.2281956686427849,1.3,1.08,450.0
388043,1.264649,5.29742,0,219.07,0.2460241398425326,1.3,1.08,450.0
388044,1.275391,3.25324,0,219.07,0.26563436282311065,1.3,1.08,450.0
388045,1.285157,2.35894,0,219.07,0.2834628340228583,1.3,1.08,450.0
388046,1.294922,1.54622,0,219.07,0.3012894796572615,1.3,1.08,450.0
388047,1.304688,1.45291,0,219.07,0.3191179508570092,1.3,1.08,450.0
388048,1.31543,1.21884,0,219.07,0.33872817383737974,1.3,1.08,450.0
388049,1.320313,1.14584,0,219.07,0.34764240943735736,1.3,1.08,450.0
388050,1.330079,1.29736,0,219.07,0.36547088063689753,1.3,1.08,450.0
388051,1.339844,1.39753,0,219.07,0.3832975262713007,1.3,1.08,450.0
388052,1.34961,1.49762,0,219.07,0.4011259974710484,1.3,1.08,450.0
388053,1.360352,1.38464,0,219.07,0.42073622045162645,1.3,1.08,450.0
388054,1.370118,1.09699,0,219.07,0.43856469165137413,1.3,1.08,450.0
388055,1.379883,0.80033,0,219.07,0.4563913372855698,1.3,1.08,450.0
388056,1.389649,0.84603,0,219.07,0.4742198084853175,1.3,1.08,450.0
388057,1.400391,1.07693,0,219.07,0.49383003146589555,1.3,1.08,450.0
388058,1.405274,1.15814,0,219.07,0.5027442670656657,1.3,1.08,450.0
388059,1.41504,1.14422,0,219.07,0.5205727382654133,1.3,1.08,450.0
388060,1.424805,1.1828,0,219.07,0.5383993838998166,1.3,1.08,450.0
388061,1.434571,1.32333,0,219.07,0.5562278550995642,1.3,1.08,450.0
388062,1.445313,1.29893,0,219.07,0.5758380780801422,1.3,1.08,450.0
388063,1.455079,1.36753,0,219.07,0.5936665492796823,1.3,1.08,450.0
388064,1.464844,1.62661,0,219.07,0.6114931949140856,1.3,1.08,450.0
388065,1.47461,1.99689,0,219.07,0.6293216661138333,1.3,1.08,450.0
388066,1.485352,2.31851,0,219.07,0.6489318890944114,1.3,1.08,450.0
388067,1.495118,2.55085,0,219.07,0.666760360294159,1.3,1.08,450.0
388068,1.504883,2.69468,0,219.07,0.6845870059283546,1.3,1.08,450.0
388069,1.509766,2.82104,0,219.07,0.6935012415283324,1.3,1.08,450.0
388070,1.519532,2.90537,0,219.07,0.71132971272808,1.3,1.08,450.0
388071,1.530274,2.89064,0,219.07,0.7309399357084505,1.3,1.08,450.0
388072,1.54004,2.84701,0,219.07,0.7487684069081981,1.3,1.08,450.0
388073,1.549805,2.97348,0,219.07,0.7665950525426014,1.3,1.08,450.0
388074,1.559571,3.16916,0,219.07,0.7844235237423491,1.3,1.08,450.0
388075,1.570313,3.20926,0,219.07,0.8040337467229272,1.3,1.08,450.0
388076,1.580079,3.29593,0,219.07,0.8218622179224673,1.3,1.08,450.0
388077,1.589844,3.48501,0,219.07,0.8396888635568706,1.3,1.08,450.0
388078,1.59961,3.59858,0,219.07,0.8575173347566182,1.3,1.08,450.0
388079,1.610352,3.54969,0,219.07,0.8771275577371962,1.3,1.08,450.0
388080,1.615235,3.5354,0,219.07,0.8860417933369663,1.3,1.08,450.0
388081,1.625,3.54462,0,219.07,0.9038684389713694,1.3,1.08,450.0
388082,1.634766,3.05787,0,219.07,0.9216969101711172,1.3,1.08,450.0
388083,1.644532,0.53817,0,219.07,0.9395253813708649,1.3,1.08,450.0
388084,1.655274,3.77521,1,222.8,0.0,1.3,1.08,450.0
388085,1.66504,2.16923,0,222.8,0.0181323071527095,1.3,1.08,450.0
388086,1.674805,1.18511,0,222.8,0.036262757628467646,1.3,1.08,450.0
388087,1.684571,2.67779,0,222.8,0.05439506478117715,1.3,1.08,450.0
388088,1.695313,3.54109,0,222.8,0.07433948864305011,1.3,1.08,450.0
388089,1.700196,2.54719,0,222.8,0.08340564221929932,1.3,1.08,450.0
388090,1.709961,2.28109,0,222.8,0.10153609269505746,1.3,1.08,450.0
388091,1.719727,1.798,0,222.8,0.11966839984776696,1.3,1.08,450.0
388092,1.729493,1.86155,0,222.8,0.13780070700047645,1.3,1.08,450.0
388093,1.740235,1.43876,0,222.8,0.15774513086213834,1.3,1.08,450.0
388094,1.75,1.66093,0,222.8,0.1758755813378965,1.3,1.08,450.0
388095,1.759766,1.41251,0,222.8,0.194007888490606,1.3,1.08,450.0
388096,1.769532,0.85724,0,222.8,0.2121401956433155,1.3,1.08,450.0
388097,1.780274,1.46845,0,222.8,0.23208461950497739,1.3,1.08,450.0
388098,1.79004,1.35595,0,222.8,0.25021692665768686,1.3,1.08,450.0
388099,1.799805,1.2564,0,222.8,0.26834737713344503,1.3,1.08,450.0
388100,1.809571,1.07902,0,222.8,0.28647968428615456,1.3,1.08,450.0
388101,1.81543,1.10127,0,222.8,0.2973579545715672,1.3,1.08,450.0
388102,1.825196,1.03867,0,222.8,0.3154902617242767,1.3,1.08,450.0
388103,1.834961,1.08868,0,222.8,0.33362071220003486,1.3,1.08,450.0
388104,1.844727,1.01751,0,222.8,0.3517530193527444,1.3,1.08,450.0
388105,1.854493,1.08091,0,222.8,0.36988532650545386,1.3,1.08,450.0
388106,1.865235,1.03187,0,222.8,0.3898297503671157,1.3,1.08,450.0
388107,1.875,1.01317,0,222.8,0.4079602008428739,1.3,1.08,450.0
388108,1.884766,1.07556,0,222.8,0.42609250799558335,1.3,1.08,450.0
388109,1.894532,1.02712,0,222.8,0.4442248151482929,1.3,1.08,450.0
388110,1.900391,0.96638,0,222.8,0.45510308543370553,1.3,1.08,450.0
388111,1.910157,1.04495,0,222.8,0.473235392586415,1.3,1.08,450.0
388112,1.919922,1.01617,0,222.8,0.4913658430621732,1.3,1.08,450.0
388113,1.929688,0.98627,0,222.8,0.5094981502148827,1.3,1.08,450.0
388114,1.94043,1.07461,0,222.8,0.5294425740765446,1.3,1.08,450.0
388115,1.950196,0.98936,0,222.8,0.547574881229254,1.3,1.08,450.0
388116,1.959961,1.05873,0,222.8,0.5657053317050121,1.3,1.08,450.0
388117,1.969727,1.03705,0,222.8,0.5838376388577217,1.3,1.08,450.0
388118,1.979493,0.99,0,222.8,0.6019699460104312,1.3,1.08,450.0
388119,1.990235,0.99876,0,222.8,0.621914369872093,1.3,1.08,450.0
388120,2.0,1.01035,0,222.8,0.6400448203478513,1.3,1.08,450.0
388121,2.004883,1.00674,0,222.8,0.6491109739241004,1.3,1.08,450.0
388122,2.014649,1.03873,0,222.8,0.66724328107681,1.3,1.08,450.0
388123,2.025391,1.06692,0,222.8,0.687187704938683,1.3,1.08,450.0
388124,2.035157,1.02062,0,222.8,0.7053200120913925,1.3,1.08,450.0
388125,2.044922,1.00049,0,222.8,0.7234504625671506,1.3,1.08,450.0
388126,2.054688,1.06606,0,222.8,0.7415827697198601,1.3,1.08,450.0
388127,2.06543,1.01326,0,222.8,0.7615271935815219,1.3,1.08,450.0
388128,2.075196,1.01872,0,222.8,0.7796595007342314,1.3,1.08,450.0
388129,2.084961,1.04461,0,222.8,0.7977899512099895,1.3,1.08,450.0
388130,2.094727,1.02022,0,222.8,0.815922258362699,1.3,1.08,450.0
388131,2.104493,1.01256,0,222.8,0.8340545655154086,1.3,1.08,450.0
388132,2.110352,1.00145,0,222.8,0.8449328358008212,1.3,1.08,450.0
388133,2.120118,0.98522,0,222.8,0.8630651429535308,1.3,1.08,450.0
388134,2.129883,1.0612,0,222.8,0.8811955934290778,1.3,1.08,450.0
388135,2.139649,1.00018,0,222.8,0.8993279005817872,1.3,1.08,450.0
388136,2.150391,1.00855,0,222.8,0.9192723244436604,1.3,1.08,450.0
388137,2.160157,1.13148,0,222.8,0.9374046315963699,1.3,1.08,450.0
388138,2.169922,1.10956,0,222.8,0.955535082072128,1.3,1.08,450.0
388139,2.179688,1.02236,0,222.8,0.9736673892248375,1.3,1.08,450.0
388140,2.19043,0.8791,0,222.8,0.9936118130864993,1.3,1.08,450.0
388141,2.195313,1.0664,0,222.8,0.0026779666629594967,1.3,1.08,450.0
388142,2.205079,1.04069,0,222.8,0.02081027381545808,1.3,1.08,450.0
388143,2.214844,1.36559,1,219.46,0.0,1.3,1.08,450.0
388144,2.22461,0.93343,0,219.46,0.017860459045463913,1.3,1.08,450.0
388145,2.235352,1.3115,0,219.46,0.03750586669107211,1.3,1.08,450.0
388146,2.245118,1.49928,0,219.46,0.055366325736536014,1.3,1.08,450.0
388147,2.254883,2.17471,0,219.46,0.07322495594101787,1.3,1.08,450.0
388148,2.264649,3.23975,0,219.46,0.09108541498648177,1.3,1.08,450.0
388149,2.275391,4.10546,0,219.46,0.11073082263208997,1.3,1.08,450.0
388150,2.285157,3.36972,0,219.46,0.1285912816775539,1.3,1.08,450.0
388151,2.294922,3.0059,0,219.46,0.14644991188224366,1.3,1.08,450.0
388152,2.304688,2.3249,0,219.46,0.16431037092770756,1.3,1.08,450.0
388153,2.31543,2.07144,0,219.46,0.18395577857310785,1.3,1.08,450.0
388154,2.320313,2.90803,0,219.46,0.19288600809594375,1.3,1.08,450.0
388155,2.330079,2.80971,0,219.46,0.21074646714119977,1.3,1.08,450.0
388156,2.339844,1.96663,0,219.46,0.22860509734588952,1.3,1.08,450.0
388157,2.34961,5.18986,0,219.46,0.24646555639135345,1.3,1.08,450.0
388158,2.360352,3.2082,0,219.46,0.2661109640369616,1.3,1.08,450.0
388159,2.370118,2.59944,0,219.46,0.2839714230824255,1.3,1.08,450.0
388160,2.379883,1.43533,0,219.46,0.3018300532869074,1.3,1.08,450.0
388161,2.389649,1.19555,0,219.46,0.31969051233237133,1.3,1.08,450.0
388162,2.400391,1.10588,0,219.46,0.33933591997797946,1.3,1.08,450.0
388163,2.405274,0.95502,0,219.46,0.34826614950060747,1.3,1.08,450.0
388164,2.41504,0.91989,0,219.46,0.36612660854607143,1.3,1.08,450.0
388165,2.424805,1.11434,0,219.46,0.3839852387507612,1.3,1.08,450.0
388166,2.434571,1.52035,0,219.46,0.4018456977962251,1.3,1.08,450.0
388167,2.445313,1.92538,0,219.46,0.42149110544183327,1.3,1.08,450.0
388168,2.455079,1.85744,0,219.46,0.4393515644870893,1.3,1.08,450.0
388169,2.464844,1.37056,0,219.46,0.45721019469177904,1.3,1.08,450.0
388170,2.47461,0.85088,0,219.46,0.47507065373724294,1.3,1.08,450.0
388171,2.485352,0.74517,0,219.46,0.4947160613828511,1.3,1.08,450.0
388172,2.495118,0.8579,0,219.46,0.512576520428315,1.3,1.08,450.0
388173,2.504883,1.06637,0,219.46,0.5304351506327969,1.3,1.08,450.0
388174,2.509766,1.24114,0,219.46,0.5393653801556328,1.3,1.08,450.0
388175,2.519532,1.25319,0,219.46,0.5572258392010967,1.3,1.08,450.0
388176,2.530274,1.39896,0,219.46,0.576871246846497,1.3,1.08,450.0
388177,2.54004,1.54834,0,219.46,0.5947317058919609,1.3,1.08,450.0
388178,2.549805,1.58742,0,219.46,0.6125903360966507,1.3,1.08,450.0
388179,2.559571,1.65895,0,219.46,0.6304507951421147,1.3,1.08,450.0
388180,2.570313,1.9405,0,219.46,0.6500962027877227,1.3,1.08,450.0
388181,2.580079,2.21446,0,219.46,0.6679566618329787,1.3,1.08,450.0
388182,2.589844,2.41081,0,219.46,0.6858152920376686,1.3,1.08,450.0
388183,2.59961,2.51329,0,219.46,0.7036757510831324,1.3,1.08,450.0
388184,2.610352,2.5592,0,219.46,0.7233211587287407,1.3,1.08,450.0
388185,2.615235,2.58827,0,219.46,0.7322513882513687,1.3,1.08,450.0
388186,2.625,2.68872,0,219.46,0.7501100184560585,1.3,1.08,450.0
388187,2.634766,2.87056,0,219.46,0.7679704775015224,1.3,1.08,450.0
388188,2.644532,3.04349,0,219.46,0.7858309365469862,1.3,1.08,450.0
388189,2.655274,3.03907,0,219.46,0.8054763441923866,1.3,1.08,450.0
388190,2.66504,2.9491,0,219.46,0.8233368032378504,1.3,1.08,450.0
388191,2.674805,2.98781,0,219.46,0.8411954334425402,1.3,1.08,450.0
388192,2.684571,3.12093,0,219.46,0.8590558924880042,1.3,1.08,450.0
388193,2.695313,3.28105,0,219.46,0.8787013001336123,1.3,1.08,450.0
388194,2.700196,3.51035,0,219.46,0.8876315296562403,1.3,1.08,450.0
388195,2.709961,3.67464,0,219.46,0.9054901598609301,1.3,1.08,450.0
388196,2.719727,3.71672,0,219.46,0.923350618906394,1.3,1.08,450.0
388197,2.729493,3.63077,0,219.46,0.9412110779518579,1.3,1.08,450.0
388198,2.740235,1.09311,0,219.46,0.9608564855972582,1.3,1.08,450.0
388199,2.75,3.21911,0,219.46,0.978715115801948,1.3,1.08,450.0
388200,2.759766,3.32478,0,219.46,0.9965755748474119,1.3,1.08,450.0
388201,2.769532,0.8342,0,219.46,0.014436033892875733,1.3,1.08,450.0
388202,2.780274,1.40842,1,216.57,0.0,1.3,1.08,450.0
388203,2.79004,3.59398,0,216.57,0.017624999760980767,1.3,1.08,450.0
388204,2.799805,3.16429,0,216.57,0.03524819479129223,1.3,1.08,450.0
388205,2.809571,1.95681,0,216.57,0.052873194552273,1.3,1.08,450.0
388206,2.81543,1.96009,0,216.57,0.06344711157041884,1.3,1.08,450.0
388207,2.825196,1.98188,0,216.57,0.08107211133139962,1.3,1.08,450.0
388208,2.834961,1.79811,0,216.57,0.09869530636171107,1.3,1.08,450.0
388209,2.844727,1.4751,0,216.57,0.11632030612269184,1.3,1.08,450.0
388210,2.854493,1.67946,0,216.57,0.13394530588367262,1.3,1.08,450.0
388211,2.865235,1.0724,0,216.57,0.15333172278220625,1.3,1.08,450.0
388212,2.875,1.00998,0,216.57,0.1709549178125177,1.3,1.08,450.0
388213,2.884766,1.40714,0,216.57,0.18857991757349848,1.3,1.08,450.0
388214,2.894532,1.32252,0,216.57,0.20620491733447924,1.3,1.08,450.0
388215,2.900391,1.09583,0,216.57,0.21677883435262507,1.3,1.08,450.0
388216,2.910157,1.06514,0,216.57,0.23440383411360585,1.3,1.08,450.0
388217,2.919922,1.0753,0,216.57,0.25202702914391734,1.3,1.08,450.0
388218,2.929688,1.15255,0,216.57,0.2696520289048981,1.3,1.08,450.0
388219,2.94043,1.1898,0,216.57,0.28903844580343174,1.3,1.08,450.0
388220,2.950196,1.08569,0,216.57,0.3066634455644125,1.3,1.08,450.0
388221,2.959961,1.04604,0,216.57,0.32428664059472395,1.3,1.08,450.0
388222,2.969727,1.02966,0,216.57,0.34191164035570476,1.3,1.08,450.0
388223,2.979493,1.03888,0,216.57,0.3595366401166855,1.3,1.08,450.0
388224,2.990235,1.00871,0,216.57,0.37892305701521917,1.3,1.08,450.0
388225,3.0,1.0458,0,216.57,0.3965462520455306,1.3,1.08,450.0
388226,3.004883,0.99108,0,216.57,0.4053587519259184,1.3,1.08,450.0
388227,3.014649,0.94286,0,216.57,0.42298375168689917,1.3,1.08,450.0
388228,3.025391,0.89016,0,216.57,0.442370168585638,1.3,1.08,450.0
388229,3.035157,1.07118,0,216.57,0.45999516834661874,1.3,1.08,450.0
388230,3.044922,0.99921,0,216.57,0.4776183633769302,1.3,1.08,450.0
388231,3.054688,1.00501,0,216.57,0.495243363137911,1.3,1.08,450.0
388232,3.06543,1.01933,0,216.57,0.5146297800364447,1.3,1.08,450.0
388233,3.075196,1.04398,0,216.57,0.5322547797974254,1.3,1.08,450.0
388234,3.084961,0.96886,0,216.57,0.5498779748277368,1.3,1.08,450.0
388235,3.094727,1.01595,0,216.57,0.5675029745887177,1.3,1.08,450.0
388236,3.104493,1.03749,0,216.57,0.5851279743496983,1.3,1.08,450.0
388237,3.110352,1.05472,0,216.57,0.5957018913678442,1.3,1.08,450.0
388238,3.120118,1.06204,0,216.57,0.613326891128825,1.3,1.08,450.0
388239,3.129883,0.98353,0,216.57,0.6309500861589312,1.3,1.08,450.0
388240,3.139649,1.02304,0,216.57,0.6485750859199121,1.3,1.08,450.0
388241,3.150391,1.07797,0,216.57,0.6679615028186509,1.3,1.08,450.0
388242,3.160157,1.02614,0,216.57,0.6855865025796316,1.3,1.08,450.0
388243,3.169922,1.07175,0,216.57,0.703209697609943,1.3,1.08,450.0
388244,3.179688,1.02644,0,216.57,0.7208346973709239,1.3,1.08,450.0
388245,3.19043,1.06595,0,216.57,0.7402211142694576,1.3,1.08,450.0
388246,3.195313,0.96231,0,216.57,0.7490336141500505,1.3,1.08,450.0
388247,3.205079,0.99371,0,216.57,0.766658613910826,1.3,1.08,450.0
388248,3.214844,1.0747,0,216.57,0.7842818089411375,1.3,1.08,450.0
388249,3.22461,1.00783,0,216.57,0.8019068087021183,1.3,1.08,450.0
388250,3.235352,1.05651,0,216.57,0.8212932256008572,1.3,1.08,450.0
388251,3.245118,1.05223,0,216.57,0.8389182253618378,1.3,1.08,450.0
388252,3.254883,1.00726,0,216.57,0.8565414203919441,1.3,1.08,450.0
388253,3.264649,0.9705,0,216.57,0.8741664201529249,1.3,1.08,450.0
388254,3.275391,1.11212,0,216.57,0.8935528370516638,1.3,1.08,450.0
388255,3.285157,1.09165,0,216.57,0.9111778368126445,1.3,1.08,450.0
388256,3.294922,0.94407,0,216.57,0.928801031842956,1.3,1.08,450.0
388257,3.304688,1.11483,0,216.57,0.9464260316039367,1.3,1.08,450.0
388258,3.309571,0.89952,0,216.57,0.9552385314843246,1.3,1.08,450.0
388259,3.320313,0.85491,0,216.57,0.9746249483830633,1.3,1.08,450.0
388260,3.330079,1.10934,0,216.57,0.9922499481438389,1.3,1.08,450.0
388261,3.339844,1.44785,1,215.72,0.0,1.3,1.08,450.0
388262,3.34961,1.24189,0,215.72,0.01755607461042668,1.3,1.08,450.0
388263,3.360352,1.51933,0,215.72,0.03686667807815438,1.3,1.08,450.0
388264,3.370118,2.0551,0,215.72,0.054422752688581065,1.3,1.08,450.0
388265,3.379883,3.37919,0,215.72,0.07197702962579844,1.3,1.08,450.0
388266,3.389649,3.91507,0,215.72,0.08953310423622513,1.3,1.08,450.0
388267,3.400391,3.49121,0,215.72,0.10884370770395282,1.3,1.08,450.0
388268,3.405274,3.09339,0,215.72,0.11762174500906399,1.3,1.08,450.0
388269,3.41504,2.58625,0,215.72,0.13517781961949066,1.3,1.08,450.0
388270,3.424805,2.18313,0,215.72,0.15273209655691242,1.3,1.08,450.0
388271,3.434571,2.5504,0,215.72,0.1702881711673391,1.3,1.08,450.0
388272,3.445313,2.13846,0,215.72,0.1895987746350668,1.3,1.08,450.0
388273,3.455079,2.30474,0,215.72,0.20715484924528912,1.3,1.08,450.0
388274,3.464844,5.27914,0,215.72,0.22470912618271086,1.3,1.08,450.0
388275,3.47461,3.42002,0,215.72,0.24226520079313754,1.3,1.08,450.0
388276,3.485352,2.72025,0,215.72,0.26157580426086524,1.3,1.08,450.0
388277,3.495118,1.52676,0,215.72,0.2791318788712919,1.3,1.08,450.0
388278,3.5,1.44389,0,215.72,0.28790811850339815,1.3,1.08,450.0
388279,3.509766,1.36334,0,215.72,0.30546419311382483,1.3,1.08,450.0
388280,3.519532,1.26942,0,215.72,0.3230202677242515,1.3,1.08,450.0
388281,3.530274,1.51053,0,215.72,0.34233087119177485,1.3,1.08,450.0
388282,3.54004,1.83457,0,215.72,0.3598869458022015,1.3,1.08,450.0
388283,3.549805,2.03759,0,215.72,0.37744122273962327,1.3,1.08,450.0
388284,3.559571,1.86711,0,215.72,0.3949972973500499,1.3,1.08,450.0
388285,3.570313,1.32349,0,215.72,0.4143079008177777,1.3,1.08,450.0
388286,3.580079,0.84003,0,215.72,0.4318639754279999,1.3,1.08,450.0
388287,3.589844,0.74578,0,215.72,0.4494182523654217,1.3,1.08,450.0
388288,3.59961,0.86869,0,215.72,0.4669743269758484,1.3,1.08,450.0
388289,3.610352,1.06882,0,215.72,0.48628493044357607,1.3,1.08,450.0
388290,3.615235,1.21569,0,215.72,0.49506296774868724,1.3,1.08,450.0
388291,3.625,1.22882,0,215.72,0.512617244686109,1.3,1.08,450.0
388292,3.634766,1.24951,0,215.72,0.5301733192965357,1.3,1.08,450.0
388293,3.644532,1.26826,0,215.72,0.5477293939069624,1.3,1.08,450.0
388294,3.655274,1.34591,0,215.72,0.5670399973744857,1.3,1.08,450.0
388295,3.66504,1.57537,0,215.72,0.5845960719849124,1.3,1.08,450.0
388296,3.674805,2.02037,0,215.72,0.6021503489223342,1.3,1.08,450.0
388297,3.684571,2.3297,0,215.72,0.6197064235327608,1.3,1.08,450.0
388298,3.69043,2.46861,0,215.72,0.630238989695173,1.3,1.08,450.0
388299,3.700196,2.46634,0,215.72,0.6477950643055996,1.3,1.08,450.0
388300,3.709961,2.50404,0,215.72,0.6653493412430215,1.3,1.08,450.0
388301,3.719727,2.58008,0,215.72,0.6829054158534481,1.3,1.08,450.0
388302,3.729493,2.65224,0,215.72,0.7004614904638747,1.3,1.08,450.0
388303,3.740235,2.7393,0,215.72,0.7197720939313982,1.3,1.08,450.0
388304,3.75,2.96832,0,215.72,0.7373263708688198,1.3,1.08,450.0
388305,3.759766,3.26665,0,215.72,0.7548824454792465,1.3,1.08,450.0
388306,3.769532,3.32315,0,215.72,0.7724385200896733,1.3,1.08,450.0
388307,3.780274,3.27186,0,215.72,0.7917491235571965,1.3,1.08,450.0
388308,3.79004,3.20997,0,215.72,0.8093051981676233,1.3,1.08,450.0
388309,3.799805,3.2466,0,215.72,0.8268594751050451,1.3,1.08,450.0
388310,3.804688,3.39971,0,215.72,0.8356375124103604,1.3,1.08,450.0
388311,3.81543,3.54997,0,215.72,0.8549481158778839,1.3,1.08,450.0
388312,3.825196,3.69651,0,215.72,0.8725041904883105,1.3,1.08,450.0
388313,3.834961,4.42229,0,215.72,0.8900584674257322,1.3,1.08,450.0
388314,3.844727,2.13077,0,215.72,0.907614542036159,1.3,1.08,450.0
388315,3.854493,2.95985,0,215.72,0.9251706166465856,1.3,1.08,450.0
388316,3.865235,3.45283,0,215.72,0.9444812201141091,1.3,1.08,450.0
388317,3.875,1.06878,0,215.72,0.9620354970515307,1.3,1.08,450.0
388318,3.884766,1.41583,1,217.52,0.0,1.3,1.08,450.0
388319,3.894532,2.93623,0,217.52,0.017702377172003993,1.3,1.08,450.0
388320,3.900391,2.48187,0,217.52,0.028322715882878012,1.3,1.08,450.0
388321,3.910157,1.67681,0,217.52,0.046025093054882005,1.3,1.08,450.0
388322,3.919922,1.86877,0,217.52,0.06372565757307407,1.3,1.08,450.0
388323,3.929688,1.47459,0,217.52,0.08142803474507805,1.3,1.08,450.0
388324,3.94043,1.4899,0,217.52,0.10089956204185105,1.3,1.08,450.0
388325,3.950196,1.2075,0,217.52,0.11860193921385503,1.3,1.08,450.0
388326,3.959961,1.61405,0,217.52,0.13630250373204708,1.3,1.08,450.0
388327,3.969727,1.15689,0,217.52,0.1540048809040511,1.3,1.08,450.0
388328,3.979493,1.15658,0,217.52,0.17170725807605508,1.3,1.08,450.0
388329,3.990235,1.12822,0,217.52,0.19117878537282804,1.3,1.08,450.0
388330,3.995118,1.27409,0,217.52,0.2000299739589331,1.3,1.08,450.0
388331,4.004883,1.08016,0,217.52,0.21773053847691906,1.3,1.08,450.0
388332,4.014649,1.11788,0,217.52,0.23543291564892307,1.3,1.08,450.0
388333,4.025391,1.08713,0,217.52,0.25490444294590214,1.3,1.08,450.0
388334,4.035157,1.0853,0,217.52,0.2726068201179061,1.3,1.08,450.0
388335,4.044922,1.03588,0,217.52,0.2903073846360982,1.3,1.08,450.0
388336,4.054688,1.09877,0,217.52,0.3080097618081022,1.3,1.08,450.0
388337,4.06543,1.02719,0,217.52,0.3274812891048751,1.3,1.08,450.0
388338,4.075196,0.98091,0,217.52,0.34518366627687913,1.3,1.08,450.0
388339,4.084961,1.0959,0,217.52,0.3628842307950712,1.3,1.08,450.0
388340,4.094727,1.04077,0,217.52,0.38058660796707516,1.3,1.08,450.0
388341,4.104493,1.00977,0,217.52,0.39828898513907923,1.3,1.08,450.0
388342,4.110352,1.0718,0,217.52,0.4089093238499532,1.3,1.08,450.0
388343,4.120118,0.94199,0,217.52,0.4266117010219572,1.3,1.08,450.0
388344,4.129883,1.01676,0,217.52,0.4443122655399432,1.3,1.08,450.0
388345,4.139649,1.04943,0,217.52,0.4620146427119472,1.3,1.08,450.0
388346,4.150391,1.02272,0,217.52,0.48148617000892624,1.3,1.08,450.0
388347,4.160157,1.0609,0,217.52,0.4991885471809302,1.3,1.08,450.0
388348,4.169922,1.06268,0,217.52,0.5168891116991223,1.3,1.08,450.0
388349,4.179688,0.99869,0,217.52,0.5345914888711263,1.3,1.08,450.0
388350,4.19043,1.02218,0,217.52,0.5540630161678993,1.3,1.08,450.0
388351,4.195313,1.0254,0,217.52,0.5629142047540043,1.3,1.08,450.0
388352,4.205079,1.01533,0,217.52,0.5806165819258022,1.3,1.08,450.0
388353,4.214844,1.02642,0,217.52,0.5983171464439943,1.3,1.08,450.0
388354,4.22461,1.02014,0,217.52,0.6160195236159982,1.3,1.08,450.0
388355,4.235352,1.12493,0,217.52,0.6354910509129773,1.3,1.08,450.0
388356,4.245118,0.96433,0,217.52,0.6531934280849813,1.3,1.08,450.0
388357,4.254883,1.04108,0,217.52,0.6708939926029672,1.3,1.08,450.0
388358,4.264649,0.95805,0,217.52,0.6885963697749713,1.3,1.08,450.0
388359,4.275391,1.03833,0,217.52,0.7080678970719504,1.3,1.08,450.0
388360,4.285157,1.02508,0,217.52,0.7257702742439543,1.3,1.08,450.0
388361,4.294922,1.00106,0,217.52,0.7434708387621464,1.3,1.08,450.0
388362,4.304688,1.00897,0,217.52,0.7611732159341503,1.3,1.08,450.0
388363,4.309571,0.98547,0,217.52,0.7700244045200493,1.3,1.08,450.0
388364,4.320313,1.03003,0,217.52,0.7894959318170284,1.3,1.08,450.0
388365,4.330079,1.02047,0,217.52,0.8071983089888264,1.3,1.08,450.0
388366,4.339844,0.96199,0,217.52,0.8248988735070184,1.3,1.08,450.0
388367,4.34961,0.99761,0,217.52,0.8426012506790224,1.3,1.08,450.0
388368,4.360352,1.17224,0,217.52,0.8620727779760015,1.3,1.08,450.0
388369,4.370118,1.05804,0,217.52,0.8797751551480054,1.3,1.08,450.0
388370,4.379883,0.95099,0,217.52,0.8974757196659914,1.3,1.08,450.0
388371,4.389649,0.95349,0,217.52,0.9151780968379953,1.3,1.08,450.0
388372,4.400391,0.81387,0,217.52,0.9346496241349744,1.3,1.08,450.0
388373,4.405274,1.04701,0,217.52,0.9435008127208734,1.3,1.08,450.0
388374,4.41504,1.6244,1,221.03,0.0,1.3,1.08,450.0
388375,4.424805,1.15674,0,221.03,0.017986341946990524,1.3,1.08,450.0
388376,4.434571,1.36834,0,221.03,0.03597452581327461,1.3,1.08,450.0
388377,4.445313,1.60184,0,221.03,0.05576042291467377,1.3,1.08,450.0
388378,4.455079,2.05502,0,221.03,0.07374860678074845,1.3,1.08,450.0
388379,4.464844,3.1521,0,221.03,0.09173494872773898,1.3,1.08,450.0
388380,4.47461,3.5914,0,221.03,0.10972313259402305,1.3,1.08,450.0
388381,4.485352,3.06197,0,221.03,0.12950902969542225,1.3,1.08,450.0
388382,4.495118,2.8185,0,221.03,0.14749721356170628,1.3,1.08,450.0
388383,4.5,2.79021,0,221.03,0.1564894635754501,1.3,1.08,450.0
388384,4.509766,2.36188,0,221.03,0.17447764744173416,1.3,1.08,450.0
388385,4.519532,3.43553,0,221.03,0.19246583130801825,1.3,1.08,450.0
388386,4.530274,4.04914,0,221.03,0.212251728409208,1.3,1.08,450.0
388387,4.54004,2.45894,0,221.03,0.2302399122754921,1.3,1.08,450.0
388388,4.549805,6.50853,0,221.03,0.2482262542224826,1.3,1.08,450.0
388389,4.559571,3.09373,0,221.03,0.26621443808876666,1.3,1.08,450.0
388390,4.570313,1.79562,0,221.03,0.2860003351901659,1.3,1.08,450.0
388391,4.580079,1.11973,0,221.03,0.3039885190562405,1.3,1.08,450.0
388392,4.589844,1.09085,0,221.03,0.3219748610032311,1.3,1.08,450.0
388393,4.59961,1.05627,0,221.03,0.3399630448695152,1.3,1.08,450.0
388394,4.610352,0.9544,0,221.03,0.35974894197091434,1.3,1.08,450.0
388395,4.615235,1.18191,0,221.03,0.3687430339039517,1.3,1.08,450.0
388396,4.625,1.69035,0,221.03,0.3867293758509422,1.3,1.08,450.0
388397,4.634766,1.99964,0,221.03,0.4047175597172262,1.3,1.08,450.0
388398,4.644532,1.97846,0,221.03,0.4227057435835103,1.3,1.08,450.0
388399,4.655274,1.62353,0,221.03,0.4424916406847001,1.3,1.08,450.0
388400,4.66504,1.12584,0,221.03,0.4604798245509842,1.3,1.08,450.0
388401,4.674805,0.83751,0,221.03,0.4784661664979747,1.3,1.08,450.0
388402,4.684571,0.76621,0,221.03,0.4964543503642588,1.3,1.08,450.0
388403,4.69043,0.79718,0,221.03,0.5072461555324111,1.3,1.08,450.0
388404,4.700196,0.98692,0,221.03,0.5252343393986953,1.3,1.08,450.0
388405,4.709961,1.20419,0,221.03,0.5432206813456858,1.3,1.08,450.0
388406,4.719727,1.40207,0,221.03,0.5612088652119699,1.3,1.08,450.0
388407,4.729493,1.5454,0,221.03,0.579197049078254,1.3,1.08,450.0
388408,4.740235,1.58298,0,221.03,0.5989829461794437,1.3,1.08,450.0
388409,4.75,1.65807,0,221.03,0.6169692881264343,1.3,1.08,450.0
388410,4.759766,1.83273,0,221.03,0.6349574719927183,1.3,1.08,450.0
388411,4.769532,2.04677,0,221.03,0.6529456558590023,1.3,1.08,450.0
388412,4.780274,2.3556,0,221.03,0.6727315529601922,1.3,1.08,450.0
388413,4.79004,2.58646,0,221.03,0.6907197368264764,1.3,1.08,450.0
388414,4.799805,2.68824,0,221.03,0.7087060787734668,1.3,1.08,450.0
388415,4.804688,2.79134,0,221.03,0.7177001707067135,1.3,1.08,450.0
388416,4.81543,2.90223,0,221.03,0.7374860678079034,1.3,1.08,450.0
388417,4.825196,2.92603,0,221.03,0.7554742516741874,1.3,1.08,450.0
388418,4.834961,2.97957,0,221.03,0.7734605936211778,1.3,1.08,450.0
388419,4.844727,3.1168,0,221.03,0.791448777487462,1.3,1.08,450.0
388420,4.854493,3.32848,0,221.03,0.8094369613537461,1.3,1.08,450.0
388421,4.865235,3.40282,0,221.03,0.8292228584549358,1.3,1.08,450.0
388422,4.875,3.21037,0,221.03,0.8472092004019263,1.3,1.08,450.0
388423,4.884766,3.17475,0,221.03,0.8651973842682105,1.3,1.08,450.0
388424,4.894532,3.36626,0,221.03,0.8831855681344946,1.3,1.08,450.0
388425,4.900391,3.58722,0,221.03,0.8939773733026469,1.3,1.08,450.0
388426,4.910157,3.66157,0,221.03,0.911965557168931,1.3,1.08,450.0
388427,4.919922,3.63023,0,221.03,0.9299518991159216,1.3,1.08,450.0
388428,4.929688,2.71459,0,221.03,0.9479400829822056,1.3,1.08,450.0
388429,4.94043,1.81943,0,221.03,0.9677259800833954,1.3,1.08,450.0
388430,4.950196,3.70089,0,221.03,0.9857141639496795,1.3,1.08,450.0
388431,4.959961,1.36769,0,221.03,0.0037005058966699256,1.3,1.08,450.0
388432,4.969727,0.55156,0,221.03,0.021688689762954017,1.3,1.08,450.0
388433,4.979493,2.55936,1,217.66,0.0,1.3,1.08,450.0
388434,4.990235,2.94036,0,217.66,0.019483863821874964,1.3,1.08,450.0
388435,4.995118,2.0432,0,217.66,0.028340660232600564,1.3,1.08,450.0
388436,5.004883,2.21385,0,217.66,0.04605243925138904,1.3,1.08,450.0
388437,5.014649,1.94532,0,217.66,0.06376603207263404,1.3,1.08,450.0
388438,5.025391,1.87552,0,217.66,0.08324989589471521,1.3,1.08,450.0
388439,5.035157,1.59742,0,217.66,0.10096348871596021,1.3,1.08,450.0
388440,5.044922,1.55018,0,217.66,0.11867526773495489,1.3,1.08,450.0
388441,5.054688,0.94801,0,217.66,0.13638886055619986,1.3,1.08,450.0
388442,5.06543,1.32592,0,217.66,0.15587272437807484,1.3,1.08,450.0
388443,5.075196,1.41299,0,217.66,0.17358631719931986,1.3,1.08,450.0
388444,5.084961,1.18142,0,217.66,0.1912980962183145,1.3,1.08,450.0
388445,5.094727,1.09373,0,217.66,0.20901168903955952,1.3,1.08,450.0
388446,5.104493,1.13505,0,217.66,0.2267252818608045,1.3,1.08,450.0
388447,5.110352,1.02668,0,217.66,0.2373523492721601,1.3,1.08,450.0
388448,5.120118,1.12581,0,217.66,0.25506594209340505,1.3,1.08,450.0
388449,5.129883,1.18307,0,217.66,0.27277772111219356,1.3,1.08,450.0
388450,5.139649,1.05523,0,217.66,0.2904913139334386,1.3,1.08,450.0
388451,5.150391,1.05165,0,217.66,0.3099751777555197,1.3,1.08,450.0
388452,5.160157,1.04565,0,217.66,0.3276887705767647,1.3,1.08,450.0
388453,5.169922,1.03725,0,217.66,0.34540054959575944,1.3,1.08,450.0
388454,5.179688,0.91846,0,217.66,0.3631141424170044,1.3,1.08,450.0
388455,5.19043,1.10662,0,217.66,0.38259800623887935,1.3,1.08,450.0
388456,5.195313,0.96862,0,217.66,0.39145480264960497,1.3,1.08,450.0
388457,5.205079,1.01964,0,217.66,0.40916839547064376,1.3,1.08,450.0
388458,5.214844,1.07151,0,217.66,0.42688017448963844,1.3,1.08,450.0
388459,5.22461,1.00385,0,217.66,0.4445937673108834,1.3,1.08,450.0
388460,5.235352,1.04966,0,217.66,0.4640776311329646,1.3,1.08,450.0
388461,5.245118,1.03068,0,217.66,0.4817912239542096,1.3,1.08,450.0
388462,5.254883,1.02075,0,217.66,0.49950300297299804,1.3,1.08,450.0
388463,5.264649,1.01992,0,217.66,0.5172165957942431,1.3,1.08,450.0
388464,5.275391,1.00905,0,217.66,0.5367004596163242,1.3,1.08,450.0
388465,5.285157,1.0079,0,217.66,0.5544140524375691,1.3,1.08,450.0
388466,5.294922,1.07017,0,217.66,0.5721258314565639,1.3,1.08,450.0
388467,5.299805,0.98575,0,217.66,0.5809826278670833,1.3,1.08,450.0
388468,5.309571,1.05975,0,217.66,0.5986962206883283,1.3,1.08,450.0
388469,5.320313,1.01821,0,217.66,0.6181800845104095,1.3,1.08,450.0
388470,5.330079,0.98278,0,217.66,0.6358936773314483,1.3,1.08,450.0
388471,5.339844,1.06031,0,217.66,0.6536054563504429,1.3,1.08,450.0
388472,5.34961,1.03143,0,217.66,0.6713190491716879,1.3,1.08,450.0
388473,5.360352,1.02994,0,217.66,0.6908029129937691,1.3,1.08,450.0
388474,5.370118,1.00155,0,217.66,0.7085165058150141,1.3,1.08,450.0
388475,5.379883,0.98432,0,217.66,0.7262282848338025,1.3,1.08,450.0
388476,5.389649,0.97257,0,217.66,0.7439418776550475,1.3,1.08,450.0
388477,5.400391,1.01992,0,217.66,0.7634257414771287,1.3,1.08,450.0
388478,5.405274,1.05045,0,217.66,0.7722825378876481,1.3,1.08,450.0
388479,5.41504,0.97237,0,217.66,0.7899961307088931,1.3,1.08,450.0
388480,5.424805,1.02313,0,217.66,0.8077079097278879,1.3,1.08,450.0
388481,5.434571,1.03525,0,217.66,0.8254215025491328,1.3,1.08,450.0
388482,5.445313,1.1215,0,217.66,0.8449053663712139,1.3,1.08,450.0
388483,5.455079,0.98522,0,217.66,0.8626189591922527,1.3,1.08,450.0
388484,5.464844,1.03044,0,217.66,0.8803307382112474,1.3,1.08,450.0
388485,5.47461,1.16514,0,217.66,0.8980443310324925,1.3,1.08,450.0
388486,5.485352,1.03212,0,217.66,0.9175281948545736,1.3,1.08,450.0
388487,5.490235,0.78523,0,217.66,0.926384991265093,1.3,1.08,450.0
388488,5.5,0.88317,0,217.66,0.9440967702840877,1.3,1.08,450.0
388489,5.509766,1.36255,1,221.11,0.0,1.3,1.08,450.0
388490,5.519532,1.22226,0,221.11,0.017994927148215326,1.3,1.08,450.0
388491,5.530274,1.39891,0,221.11,0.03778824144523808,1.3,1.08,450.0
388492,5.54004,1.45561,0,221.11,0.05578316859345341,1.3,1.08,450.0
388493,5.549805,2.31771,0,221.11,0.07377625313188964,1.3,1.08,450.0
388494,5.559571,3.46107,0,221.11,0.09177118028010496,1.3,1.08,450.0
388495,5.570313,4.04657,0,221.11,0.1115644945773372,1.3,1.08,450.0
388496,5.580079,3.2973,0,221.11,0.12955942172534304,1.3,1.08,450.0
388497,5.589844,2.92899,0,221.11,0.14755250626377928,1.3,1.08,450.0
388498,5.59961,2.03073,0,221.11,0.16554743341199457,1.3,1.08,450.0
388499,5.604493,1.89636,0,221.11,0.174544896986207,1.3,1.08,450.0
388500,5.615235,2.29604,0,221.11,0.19433821128322976,1.3,1.08,450.0
388501,5.625,1.87149,0,221.11,0.212331295821666,1.3,1.08,450.0
388502,5.634766,2.27199,0,221.11,0.2303262229698813,1.3,1.08,450.0
388503,5.644532,5.10299,0,221.11,0.2483211501180966,1.3,1.08,450.0
388504,5.655274,3.40418,0,221.11,0.2681144644151194,1.3,1.08,450.0
388505,5.66504,3.05289,0,221.11,0.2861093915633347,1.3,1.08,450.0
388506,5.674805,1.84879,0,221.11,0.30410247610177094,1.3,1.08,450.0
388507,5.684571,1.54564,0,221.11,0.32209740324998626,1.3,1.08,450.0
388508,5.69043,1.29294,0,221.11,0.3328932539730061,1.3,1.08,450.0
388509,5.700196,1.11129,0,221.11,0.35088818112122144,1.3,1.08,450.0
388510,5.709961,1.04725,0,221.11,0.3688812656596577,1.3,1.08,450.0
388511,5.719727,1.07213,0,221.11,0.38687619280787294,1.3,1.08,450.0
388512,5.729493,1.11017,0,221.11,0.4048711199560883,1.3,1.08,450.0
388513,5.740235,1.16345,0,221.11,0.424664434253111,1.3,1.08,450.0
388514,5.75,1.21125,0,221.11,0.44265751879154724,1.3,1.08,450.0
388515,5.759766,1.06625,0,221.11,0.4606524459397626,1.3,1.08,450.0
388516,5.769532,0.81375,0,221.11,0.47864737308797795,1.3,1.08,450.0
388517,5.780274,0.81228,0,221.11,0.4984406873850007,1.3,1.08,450.0
388518,5.79004,1.04457,0,221.11,0.5164356145332161,1.3,1.08,450.0
388519,5.794922,1.18128,0,221.11,0.5254312354976494,1.3,1.08,450.0
388520,5.804688,1.20471,0,221.11,0.5434261626458646,1.3,1.08,450.0
388521,5.81543,1.21082,0,221.11,0.5632194769428874,1.3,1.08,450.0
388522,5.825196,1.2693,0,221.11,0.5812144040911027,1.3,1.08,450.0
388523,5.834961,1.41071,0,221.11,0.5992074886295389,1.3,1.08,450.0
388524,5.844727,1.50671,0,221.11,0.6172024157777543,1.3,1.08,450.0
388525,5.854493,1.61591,0,221.11,0.6351973429259696,1.3,1.08,450.0
388526,5.865235,1.849,0,221.11,0.6549906572229923,1.3,1.08,450.0
388527,5.875,2.14441,0,221.11,0.6729837417614285,1.3,1.08,450.0
388528,5.884766,2.42207,0,221.11,0.6909786689096439,1.3,1.08,450.0
388529,5.894532,2.64988,0,221.11,0.7089735960578593,1.3,1.08,450.0
388530,5.900391,2.7907,0,221.11,0.7197694467808791,1.3,1.08,450.0
388531,5.910157,2.9,0,221.11,0.7377643739290943,1.3,1.08,450.0
388532,5.919922,2.96652,0,221.11,0.7557574584675305,1.3,1.08,450.0
388533,5.929688,2.95727,0,221.11,0.7737523856157459,1.3,1.08,450.0
388534,5.94043,2.94429,0,221.11,0.7935456999127688,1.3,1.08,450.0
388535,5.950196,3.02307,0,221.11,0.811540627060984,1.3,1.08,450.0
388536,5.959961,3.06408,0,221.11,0.8295337115994202,1.3,1.08,450.0
388537,5.969727,3.01679,0,221.11,0.8475286387476355,1.3,1.08,450.0
388538,5.979493,3.00378,0,221.11,0.8655235658958509,1.3,1.08,450.0
388539,5.985352,3.10248,0,221.11,0.8763194166188708,1.3,1.08,450.0
388540,5.995118,3.32062,0,221.11,0.8943143437670861,1.3,1.08,450.0
388541,6.004883,3.59426,0,221.11,0.9123074283053129,1.3,1.08,450.0
388542,6.014649,3.70583,0,221.11,0.930302355453528,1.3,1.08,450.0
388543,6.025391,4.03542,0,221.11,0.9500956697507604,1.3,1.08,450.0
388544,6.035157,0.84693,0,221.11,0.9680905968989756,1.3,1.08,450.0
388545,6.044922,3.39692,1,222.36,0.0,1.3,1.08,450.0
388546,6.054688,2.92889,0,222.36,0.01809651006391274,1.3,1.08,450.0
388547,6.06543,0.65144,0,222.36,0.03800155932718716,1.3,1.08,450.0
388548,6.075196,1.29385,0,222.36,0.05609806939109989,1.3,1.08,450.0
388549,6.084961,3.15884,0,222.36,0.07419272644354241,1.3,1.08,450.0
388550,6.094727,2.4705,0,222.36,0.09228923650745516,1.3,1.08,450.0
388551,6.09961,1.56772,0,222.36,0.10133749153930618,1.3,1.08,450.0
388552,6.110352,1.56724,0,222.36,0.12124254080279127,1.3,1.08,450.0
388553,6.120118,1.83326,0,222.36,0.139339050866704,1.3,1.08,450.0
388554,6.129883,1.67425,0,222.36,0.15743370791893588,1.3,1.08,450.0
388555,6.139649,1.60033,0,222.36,0.1755302179828486,1.3,1.08,450.0
388556,6.150391,1.5642,0,222.36,0.19543526724633367,1.3,1.08,450.0
388557,6.160157,1.40541,0,222.36,0.21353177731024642,1.3,1.08,450.0
388558,6.169922,0.85033,0,222.36,0.23162643436268893,1.3,1.08,450.0
388559,6.179688,1.29521,0,222.36,0.24972294442660167,1.3,1.08,450.0
388560,6.19043,1.40608,0,222.36,0.2696279936898761,1.3,1.08,450.0
388561,6.195313,1.15638,0,222.36,0.2786762487219378,1.3,1.08,450.0
388562,6.205079,1.09522,0,222.36,0.29677275878563986,1.3,1.08,450.0
388563,6.214844,1.08767,0,222.36,0.3148674158380824,1.3,1.08,450.0
388564,6.22461,1.10584,0,222.36,0.33296392590199514,1.3,1.08,450.0
388565,6.235352,1.20253,0,222.36,0.35286897516548016,1.3,1.08,450.0
388566,6.245118,1.15334,0,222.36,0.37096548522939293,1.3,1.08,450.0
388567,6.254883,1.07294,0,222.36,0.3890601422816248,1.3,1.08,450.0
388568,6.264649,0.95367,0,222.36,0.4071566523455375,1.3,1.08,450.0
388569,6.275391,1.10091,0,222.36,0.4270617016090226,1.3,1.08,450.0
388570,6.285157,0.92932,0,222.36,0.44515821167293534,1.3,1.08,450.0
388571,6.29004,1.03557,0,222.36,0.45420646670478637,1.3,1.08,450.0
388572,6.299805,0.99571,0,222.36,0.47230112375722894,1.3,1.08,450.0
388573,6.309571,0.96486,0,222.36,0.49039763382114165,1.3,1.08,450.0
388574,6.320313,1.02586,0,222.36,0.5103026830846268,1.3,1.08,450.0
388575,6.330079,0.9897,0,222.36,0.5283991931483288,1.3,1.08,450.0
388576,6.339844,0.99533,0,222.36,0.5464938502007713,1.3,1.08,450.0
388577,6.34961,1.00769,0,222.36,0.5645903602646841,1.3,1.08,450.0
388578,6.360352,1.02444,0,222.36,0.584495409528169,1.3,1.08,450.0
388579,6.370118,0.984,0,222.36,0.6025919195920818,1.3,1.08,450.0
388580,6.379883,1.00638,0,222.36,0.6206865766443137,1.3,1.08,450.0
388581,6.389649,1.02355,0,222.36,0.6387830867082265,1.3,1.08,450.0
388582,6.400391,1.07497,0,222.36,0.6586881359717116,1.3,1.08,450.0
388583,6.405274,1.00394,0,222.36,0.6677363910035626,1.3,1.08,450.0
388584,6.41504,1.06606,0,222.36,0.6858329010674754,1.3,1.08,450.0
388585,6.424805,1.09344,0,222.36,0.7039275581199179,1.3,1.08,450.0
388586,6.434571,1.09684,0,222.36,0.7220240681838306,1.3,1.08,450.0
388587,6.445313,1.08021,0,222.36,0.7419291174473156,1.3,1.08,450.0
388588,6.455079,1.005,0,222.36,0.7600256275110178,1.3,1.08,450.0
388589,6.464844,1.03702,0,222.36,0.7781202845634603,1.3,1.08,450.0
388590,6.47461,1.04126,0,222.36,0.796216794627373,1.3,1.08,450.0
388591,6.485352,1.08164,0,222.36,0.8161218438908581,1.3,1.08,450.0
388592,6.490235,0.97446,0,222.36,0.8251700989227092,1.3,1.08,450.0
388593,6.5,0.98538,0,222.36,0.8432647559751517,1.3,1.08,450.0
388594,6.509766,0.97002,0,222.36,0.8613612660390644,1.3,1.08,450.0
388595,6.519532,0.98057,0,222.36,0.8794577761029772,1.3,1.08,450.0
388596,6.530274,1.01669,0,222.36,0.8993628253662516,1.3,1.08,450.0
388597,6.54004,0.9061,0,222.36,0.9174593354301642,1.3,1.08,450.0
388598,6.549805,1.07458,0,222.36,0.9355539924826067,1.3,1.08,450.0
388599,6.559571,1.10972,0,222.36,0.9536505025465195,1.3,1.08,450.0
388600,6.570313,0.97964,0,222.36,0.9735555518100046,1.3,1.08,450.0
388601,6.580079,1.02429,0,222.36,0.9916520618737067,1.3,1.08,450.0
388602,6.589844,0.90585,0,222.36,0.009746718926149311,1.3,1.08,450.0
388603,6.59961,0.83843,0,222.36,0.027843228990061863,1.3,1.08,450.0
388604,6.604493,1.25645,0,222.36,0.03689148402212372,1.3,1.08,450.0
388605,6.615235,1.5422,1,217.58,0.0,1.3,1.08,450.0
388606,6.625,1.20823,0,217.58,0.01770566493931666,1.3,1.08,450.0
388607,6.634766,1.52609,0,217.58,0.0354131430547618,1.3,1.08,450.0
388608,6.644532,2.04458,0,217.58,0.05312062117020693,1.3,1.08,450.0
388609,6.655274,3.10045,0,217.58,0.0725977591913752,1.3,1.08,450.0
388610,6.66504,3.60779,0,217.58,0.09030523730682034,1.3,1.08,450.0
388611,6.674805,3.58629,0,217.58,0.108010902246137,1.3,1.08,450.0
388612,6.684571,3.28778,0,217.58,0.12571838036158214,1.3,1.08,450.0
388613,6.69043,2.66248,0,217.58,0.13634177932513092,1.3,1.08,450.0
388614,6.700196,1.56166,0,217.58,0.15404925744057604,1.3,1.08,450.0
388615,6.709961,2.14549,0,217.58,0.1717549223798927,1.3,1.08,450.0
388616,6.719727,2.0484,0,217.58,0.18946240049533786,1.3,1.08,450.0
388617,6.729493,2.59822,0,217.58,0.20716987861078298,1.3,1.08,450.0
388618,6.740235,4.36104,0,217.58,0.22664701663195125,1.3,1.08,450.0
388619,6.75,4.55001,0,217.58,0.2443526815712679,1.3,1.08,450.0
388620,6.759766,3.27619,0,217.58,0.26206015968671303,1.3,1.08,450.0
388621,6.769532,2.81648,0,217.58,0.2797676378021582,1.3,1.08,450.0
388622,6.780274,2.3566,0,217.58,0.2992447758233264,1.3,1.08,450.0
388623,6.79004,2.08553,0,217.58,0.31695225393877163,1.3,1.08,450.0
388624,6.794922,1.7519,0,217.58,0.3258041798204687,1.3,1.08,450.0
388625,6.804688,1.43149,0,217.58,0.3435116579359139,1.3,1.08,450.0
388626,6.81543,1.39781,0,217.58,0.36298879595708217,1.3,1.08,450.0
388627,6.825196,1.40303,0,217.58,0.3806962740725273,1.3,1.08,450.0
388628,6.834961,1.43723,0,217.58,0.39840193901184395,1.3,1.08,450.0
388629,6.844727,1.26247,0,217.58,0.41610941712728905,1.3,1.08,450.0
388630,6.854493,0.89869,0,217.58,0.43381689524273426,1.3,1.08,450.0
388631,6.865235,0.72255,0,217.58,0.4532940332639025,1.3,1.08,450.0
388632,6.875,0.9141,0,217.58,0.47099969820321913,1.3,1.08,450.0
388633,6.884766,1.16233,0,217.58,0.4887071763186643,1.3,1.08,450.0
388634,6.894532,1.24183,0,217.58,0.5064146544341095,1.3,1.08,450.0
388635,6.900391,1.2452,0,217.58,0.5170380533976582,1.3,1.08,450.0
388636,6.910157,1.24281,0,217.58,0.5347455315131033,1.3,1.08,450.0
388637,6.919922,1.22242,0,217.58,0.55245119645242,1.3,1.08,450.0
388638,6.929688,1.31069,0,217.58,0.5701586745678652,1.3,1.08,450.0
388639,6.94043,1.71062,0,217.58,0.5896358125890334,1.3,1.08,450.0
388640,6.950196,2.13375,0,217.58,0.6073432907044786,1.3,1.08,450.0
388641,6.959961,2.42546,0,217.58,0.6250489556437951,1.3,1.08,450.0
388642,6.969727,2.56383,0,217.58,0.6427564337592403,1.3,1.08,450.0
388643,6.979493,2.60558,0,217.58,0.6604639118746856,1.3,1.08,450.0
388644,6.985352,2.71824,0,217.58,0.6710873108382344,1.3,1.08,450.0
388645,6.995118,2.93702,0,217.58,0.6887947889536794,1.3,1.08,450.0
388646,7.004883,3.17669,0,217.58,0.7065004538927899,1.3,1.08,450.0
388647,7.014649,3.25188,0,217.58,0.7242079320082351,1.3,1.08,450.0
388648,7.025391,3.23372,0,217.58,0.7436850700296095,1.3,1.08,450.0
388649,7.035157,3.20819,0,217.58,0.7613925481450546,1.3,1.08,450.0
388650,7.044922,3.13483,0,217.58,0.7790982130843712,1.3,1.08,450.0
388651,7.054688,3.04934,0,217.58,0.7968056911998164,1.3,1.08,450.0
388652,7.06543,3.12642,0,217.58,0.8162828292209846,1.3,1.08,450.0
388653,7.075196,3.30036,0,217.58,0.8339903073364299,1.3,1.08,450.0
388654,7.084961,3.39074,0,217.58,0.8516959722757466,1.3,1.08,450.0
388655,7.094727,3.54076,0,217.58,0.8694034503911916,1.3,1.08,450.0
388656,7.09961,3.56775,0,217.58,0.8782571894488111,1.3,1.08,450.0
388657,7.110352,3.464,0,217.58,0.8977343274701856,1.3,1.08,450.0
388658,7.120118,3.03516,0,217.58,0.9154418055856307,1.3,1.08,450.0
388659,7.129883,1.29695,0,217.58,0.9331474705247411,1.3,1.08,450.0
388660,7.139649,3.52851,0,217.58,0.9508549486401863,1.3,1.08,450.0
388661,7.150391,1.98918,0,217.58,0.9703320866615607,1.3,1.08,450.0
388662,7.160157,1.10452,0,217.58,0.9880395647770058,1.3,1.08,450.0
388663,7.169922,2.8472,0,217.58,0.00574522971632252,1.3,1.08,450.0
388664,7.179688,3.36355,0,217.58,0.023452707831767672,1.3,1.08,450.0
388665,7.19043,2.36728,0,217.58,0.04292984585293591,1.3,1.08,450.0
388666,7.195313,1.61779,0,217.58,0.051783584910761515,1.3,1.08,450.0
388667,7.205079,1.38256,0,217.58,0.06949106302600061,1.3,1.08,450.0
388668,7.214844,3.00907,0,217.58,0.08719672796531719,1.3,1.08,450.0
388669,7.22461,1.99091,0,217.58,0.10490420608076234,1.3,1.08,450.0
388670,7.235352,1.79219,0,217.58,0.12438134410213686,1.3,1.08,450.0
388671,7.245118,1.34412,0,217.58,0.1420888222175818,1.3,1.08,450.0
388672,7.254883,1.07762,0,217.58,0.1597944871566923,1.3,1.08,450.0
388673,7.264649,1.63621,1,204.46,0.0,1.3,1.08,450.0
388674,7.275391,1.39972,0,204.46,0.018302709314286306,1.3,1.08,450.0
388675,7.285157,1.19071,0,204.46,0.034942465333903446,1.3,1.08,450.0
388676,7.29004,1.25045,0,204.46,0.043262343343615166,1.3,1.08,450.0
388677,7.299805,1.13545,0,204.46,0.05990039551764788,1.3,1.08,450.0
388678,7.309571,1.16972,0,204.46,0.07654015153726501,1.3,1.08,450.0
388679,7.320313,1.09408,0,204.46,0.09484286085155132,1.3,1.08,450.0
388680,7.330079,1.01527,0,204.46,0.11148261687097477,1.3,1.08,450.0
388681,7.339844,1.1184,0,204.46,0.12812066904500746,1.3,1.08,450.0
388682,7.34961,1.00384,0,204.46,0.1447604250646246,1.3,1.08,450.0
388683,7.360352,0.86046,0,204.46,0.16306313437891093,1.3,1.08,450.0
388684,7.370118,1.06366,0,204.46,0.17970289039852805,1.3,1.08,450.0
388685,7.379883,0.94613,0,204.46,0.19634094257236706,1.3,1.08,450.0
388686,7.389649,0.99892,0,204.46,0.2129806985919842,1.3,1.08,450.0
388687,7.400391,1.03624,0,204.46,0.2312834079062705,1.3,1.08,450.0
388688,7.405274,1.01194,0,204.46,0.23960328591598223,1.3,1.08,450.0
388689,7.41504,1.04237,0,204.46,0.2562430419355994,1.3,1.08,450.0
388690,7.424805,1.03937,0,204.46,0.27288109410963207,1.3,1.08,450.0
388691,7.434571,1.03574,0,204.46,0.2895208501292492,1.3,1.08,450.0
388692,7.445313,1.00055,0,204.46,0.30782355944353557,1.3,1.08,450.0
388693,7.455079,1.05527,0,204.46,0.3244633154629589,1.3,1.08,450.0
388694,7.464844,1.01068,0,204.46,0.3411013676369917,1.3,1.08,450.0
388695,7.47461,1.02489,0,204.46,0.3577411236566089,1.3,1.08,450.0
388696,7.485352,0.98659,0,204.46,0.3760438329708951,1.3,1.08,450.0
388697,7.490235,1.11719,0,204.46,0.3843637109806069,1.3,1.08,450.0
388698,7.5,0.98426,0,204.46,0.4010017631546396,1.3,1.08,450.0
388699,7.509766,1.12154,0,204.46,0.41764151917425674,1.3,1.08,450.0
388700,7.519532,0.97288,0,204.46,0.4342812751938739,1.3,1.08,450.0
388701,7.530274,1.03766,0,204.46,0.45258398450796644,1.3,1.08,450.0
388702,7.54004,1.03452,0,204.46,0.4692237405275836,1.3,1.08,450.0
388703,7.549805,1.049,0,204.46,0.4858617927016163,1.3,1.08,450.0
388704,7.559571,1.05324,0,204.46,0.5025015487212334,1.3,1.08,450.0
388705,7.570313,0.97224,0,204.46,0.5208042580355198,1.3,1.08,450.0
388706,7.580079,0.98728,0,204.46,0.5374440140549431,1.3,1.08,450.0
388707,7.589844,1.03735,0,204.46,0.5540820662289758,1.3,1.08,450.0
388708,7.594727,1.02077,0,204.46,0.5624019442388813,1.3,1.08,450.0
388709,7.604493,0.97601,0,204.46,0.5790417002584984,1.3,1.08,450.0
388710,7.615235,1.20556,0,204.46,0.597344409572591,1.3,1.08,450.0
388711,7.625,1.05467,0,204.46,0.6139824617466237,1.3,1.08,450.0
388712,7.634766,0.94713,0,204.46,0.630622217766241,1.3,1.08,450.0
388713,7.644532,1.0681,0,204.46,0.647261973785858,1.3,1.08,450.0
388714,7.655274,1.06681,0,204.46,0.6655646830999505,1.3,1.08,450.0
388715,7.66504,0.76469,0,204.46,0.6822044391195677,1.3,1.08,450.0
388716,7.674805,0.74103,0,204.46,0.6988424912936005,1.3,1.08,450.0
388717,7.684571,1.16761,0,204.46,0.7154822473132177,1.3,1.08,450.0
388718,7.69043,1.50311,0,204.46,0.7254650786175986,1.3,1.08,450.0
388719,7.700196,1.13653,0,204.46,0.7421048346372157,1.3,1.08,450.0
388720,7.709961,1.36967,0,204.46,0.7587428868112484,1.3,1.08,450.0
388721,7.719727,1.85989,0,204.46,0.7753826428308656,1.3,1.08,450.0
388722,7.729493,2.95627,0,204.46,0.7920223988504826,1.3,1.08,450.0
388723,7.740235,3.76377,0,204.46,0.8103251081645753,1.3,1.08,450.0
388724,7.75,3.69214,0,204.46,0.826963160338608,1.3,1.08,450.0
388725,7.759766,3.07442,0,204.46,0.8436029163582252,1.3,1.08,450.0
388726,7.769532,2.22888,0,204.46,0.8602426723778422,1.3,1.08,450.0
388727,7.780274,1.586,0,204.46,0.8785453816919347,1.3,1.08,450.0
388728,7.785157,2.54031,0,204.46,0.8868652597018403,1.3,1.08,450.0
388729,7.794922,3.03394,0,204.46,0.903503311875873,1.3,1.08,450.0
388730,7.804688,2.5992,0,204.46,0.92014306789549,1.3,1.08,450.0
388731,7.81543,2.42454,0,204.46,0.9384457772095828,1.3,1.08,450.0
388732,7.825196,5.87403,0,204.46,0.9550855332291999,1.3,1.08,450.0
388733,7.834961,3.10746,0,204.46,0.9717235854032326,1.3,1.08,450.0
388734,7.844727,2.55607,0,204.46,0.9883633414228498,1.3,1.08,450.0
388735,7.854493,1.48392,0,204.46,0.005003097442466853,1.3,1.08,450.0
388736,7.865235,1.33071,0,204.46,0.023305806756559466,1.3,1.08,450.0
388737,7.875,1.16832,0,204.46,0.03994385893059227,1.3,1.08,450.0
388738,7.884766,0.95877,0,204.46,0.05658361495020925,1.3,1.08,450.0
388739,7.894532,0.96125,0,204.46,0.07322337096982645,1.3,1.08,450.0
388740,7.900391,1.17355,0,204.46,0.0832062022742075,1.3,1.08,450.0
388741,7.910157,1.39126,1,197.04,0.0,1.3,1.08,450.0
388742,7.919922,1.50768,0,197.04,0.01603387947114402,1.3,1.08,450.0
388743,7.929688,1.34076,0,197.04,0.0320694009166281,1.3,1.08,450.0
388744,7.94043,0.9011,0,197.04,0.049707489321925875,1.3,1.08,450.0
388745,7.950196,0.58677,0,197.04,0.06574301076740995,1.3,1.08,450.0
388746,7.959961,0.60583,0,197.04,0.08177689023855397,1.3,1.08,450.0
388747,7.969727,0.88262,0,197.04,0.09781241168403804,1.3,1.08,450.0
388748,7.979493,1.15851,0,197.04,0.11384793312952213,1.3,1.08,450.0
388749,7.985352,1.21183,0,197.04,0.12346826081217119,1.3,1.08,450.0
388750,7.995118,1.29222,0,197.04,0.13950378225765528,1.3,1.08,450.0
388751,8.004883,1.40264,0,197.04,0.15553766172861264,1.3,1.08,450.0
388752,8.014649,1.51703,0,197.04,0.1715731831740967,1.3,1.08,450.0
388753,8.025391,1.69694,0,197.04,0.18921127157958115,1.3,1.08,450.0
388754,8.035157,1.92315,0,197.04,0.20524679302506524,1.3,1.08,450.0
388755,8.044922,2.14267,0,197.04,0.22128067249620922,1.3,1.08,450.0
388756,8.054688,2.30176,0,197.04,0.23731619394169332,1.3,1.08,450.0
388757,8.06543,2.47263,0,197.04,0.2549542823469911,1.3,1.08,450.0
388758,8.075196,2.70226,0,197.04,0.27098980379247517,1.3,1.08,450.0
388759,8.084961,2.92359,0,197.04,0.2870236832636192,1.3,1.08,450.0
388760,8.089844,3.01222,0,197.04,0.29504144398626786,1.3,1.08,450.0
388761,8.09961,2.94174,0,197.04,0.311076965431752,1.3,1.08,450.0
388762,8.110352,2.93617,0,197.04,0.3287150538372364,1.3,1.08,450.0
388763,8.120118,3.09531,0,197.04,0.3447505752827205,1.3,1.08,450.0
388764,8.129883,3.13587,0,197.04,0.3607844547536779,1.3,1.08,450.0
388765,8.139649,3.04891,0,197.04,0.3768199761991619,1.3,1.08,450.0
388766,8.150391,3.0473,0,197.04,0.3944580646046464,1.3,1.08,450.0
388767,8.160157,3.20895,0,197.04,0.4104935860501305,1.3,1.08,450.0
388768,8.169922,3.45094,0,197.04,0.42652746552127446,1.3,1.08,450.0
388769,8.179688,3.7757,0,197.04,0.44256298696675855,1.3,1.08,450.0
388770,8.19043,3.76698,0,197.04,0.46020107537205635,1.3,1.08,450.0
388771,8.195313,3.51643,0,197.04,0.4682188360948917,1.3,1.08,450.0
388772,8.205079,1.87968,0,197.04,0.48425435754018914,1.3,1.08,450.0
388773,8.214844,2.15794,0,197.04,0.5002882370113331,1.3,1.08,450.0
388774,8.22461,3.38151,0,197.04,0.5163237584568172,1.3,1.08,450.0
388775,8.235352,1.29403,0,197.04,0.5339618468623016,1.3,1.08,450.0
388776,8.245118,0.94813,0,197.04,0.5499973683077857,1.3,1.08,450.0
388777,8.254883,3.12983,0,197.04,0.5660312477787431,1.3,1.08,450.0
388778,8.264649,3.39283,0,197.04,0.5820667692242272,1.3,1.08,450.0
388779,8.275391,2.17289,0,197.04,0.5997048576297116,1.3,1.08,450.0
388780,8.280274,1.66046,0,197.04,0.6077226183523603,1.3,1.08,450.0
388781,8.29004,2.17616,0,197.04,0.6237581397978444,1.3,1.08,450.0
388782,8.299805,2.20483,0,197.04,0.6397920192689884,1.3,1.08,450.0
388783,8.309571,1.66783,0,197.04,0.6558275407144725,1.3,1.08,450.0
388784,8.320313,1.62604,0,197.04,0.6734656291199569,1.3,1.08,450.0
388785,8.330079,1.27156,0,197.04,0.6895011505652543,1.3,1.08,450.0
388786,8.339844,0.99096,0,197.04,0.7055350300363983,1.3,1.08,450.0
388787,8.34961,1.68904,0,197.04,0.7215705514818824,1.3,1.08,450.0
388788,8.360352,1.26021,0,197.04,0.739208639887367,1.3,1.08,450.0
388789,8.370118,1.11464,0,197.04,0.7552441613328509,1.3,1.08,450.0
388790,8.379883,1.27143,0,197.04,0.7712780408038084,1.3,1.08,450.0
388791,8.389649,1.12163,0,197.04,0.7873135622492924,1.3,1.08,450.0
388792,8.400391,1.10621,0,197.04,0.8049516506547768,1.3,1.08,450.0
388793,8.405274,1.11241,0,197.04,0.8129694113774255,1.3,1.08,450.0
388794,8.41504,1.07726,0,197.04,0.8290049328229097,1.3,1.08,450.0
388795,8.424805,1.01546,0,197.04,0.8450388122940536,1.3,1.08,450.0
388796,8.434571,0.95042,0,197.04,0.8610743337395377,1.3,1.08,450.0
388797,8.445313,1.09155,0,197.04,0.8787124221450221,1.3,1.08,450.0
388798,8.455079,0.9254,0,197.04,0.8947479435903195,1.3,1.08,450.0
388799,8.464844,1.0988,0,197.04,0.9107818230614636,1.3,1.08,450.0
388800,8.47461,0.9629,0,197.04,0.9268173445069476,1.3,1.08,450.0
388801,8.485352,0.97162,0,197.04,0.9444554329124322,1.3,1.08,450.0
388802,8.490235,1.02741,0,197.04,0.9524731936350808,1.3,1.08,450.0
388803,8.5,1.05446,0,197.04,0.9685070731062247,1.3,1.08,450.0
388804,8.509766,1.04609,0,197.04,0.9845425945517089,1.3,1.08,450.0
388805,8.519532,0.99614,0,197.04,0.0005781159971929295,1.3,1.08,450.0
388806,8.530274,1.00427,0,197.04,0.01821620440249072,1.3,1.08,450.0
388807,8.54004,0.97996,0,197.04,0.03425172584797487,1.3,1.08,450.0
388808,8.549805,0.98466,0,197.04,0.050285605319118964,1.3,1.08,450.0
388809,8.559571,0.97445,0,197.04,0.06632112676460289,1.3,1.08,450.0
388810,8.570313,1.08899,0,197.04,0.08395921517008742,1.3,1.08,450.0
388811,8.580079,1.01457,0,197.04,0.09999473661538483,1.3,1.08,450.0
388812,8.589844,0.96445,0,197.04,0.1160286160865287,1.3,1.08,450.0
388813,8.594727,1.06481,0,197.04,0.12404637680936426,1.3,1.08,450.0
388814,8.604493,1.05975,0,197.04,0.14008189825484818,1.3,1.08,450.0
388815,8.615235,1.06994,0,197.04,0.1577199866601462,1.3,1.08,450.0
388816,8.625,1.05535,0,197.04,0.17375386613129007,1.3,1.08,450.0
388817,8.634766,1.06934,0,197.04,0.189789387576774,1.3,1.08,450.0
388818,8.644532,0.99394,0,197.04,0.20582490902225814,1.3,1.08,450.0
388819,8.655274,1.00985,0,197.04,0.22346299742755615,1.3,1.08,450.0
388820,8.66504,1.0396,0,197.04,0.23949851887304008,1.3,1.08,450.0
388821,8.674805,0.99821,0,197.04,0.25553239834418395,1.3,1.08,450.0
388822,8.684571,1.01623,0,197.04,0.2715679197896681,1.3,1.08,450.0
388823,8.69043,1.04708,0,197.04,0.2811882474723173,1.3,1.08,450.0
388824,8.700196,1.05015,0,197.04,0.29722376891780145,1.3,1.08,450.0
388825,8.709961,0.94726,0,197.04,0.3132576483889453,1.3,1.08,450.0
388826,8.719727,1.04695,0,197.04,0.32929316983442947,1.3,1.08,450.0
388827,8.729493,1.15008,0,197.04,0.3453286912799134,1.3,1.08,450.0
388828,8.740235,1.10585,0,197.04,0.3629667796852114,1.3,1.08,450.0
388829,8.75,1.00112,0,197.04,0.3790006591563553,1.3,1.08,450.0
388830,8.759766,0.94294,0,197.04,0.3950361806018392,1.3,1.08,450.0
388831,8.769532,0.95572,0,197.04,0.41107170204732335,1.3,1.08,450.0
388832,8.780274,0.85328,0,197.04,0.42870979045262136,1.3,1.08,450.0
388833,8.785157,1.47715,1,173.08,0.0,1.3,1.08,450.0
388834,8.794922,1.26455,0,173.08,0.014084327682693631,1.3,1.08,450.0
388835,8.804688,1.42896,0,173.08,0.028170097692847285,1.3,1.08,450.0
388836,8.81543,1.94745,0,173.08,0.0436635793074255,1.3,1.08,450.0
388837,8.825196,3.24144,0,173.08,0.057749349317579156,1.3,1.08,450.0
388838,8.834961,4.14942,0,173.08,0.0718336770002728,1.3,1.08,450.0
388839,8.844727,3.4545,0,173.08,0.08591944701042645,1.3,1.08,450.0
388840,8.854493,2.72902,0,173.08,0.10000521702058009,1.3,1.08,450.0
388841,8.865235,1.76638,0,173.08,0.11549869863515831,1.3,1.08,450.0
388842,8.875,1.44436,0,173.08,0.12958302631785196,1.3,1.08,450.0
388843,8.884766,3.32169,0,173.08,0.1436687963280056,1.3,1.08,450.0
388844,8.894532,3.39291,0,173.08,0.15775456633815926,1.3,1.08,450.0
388845,8.900391,2.94204,0,173.08,0.16620516294774262,1.3,1.08,450.0
388846,8.910157,3.78255,0,173.08,0.18029093295789628,1.3,1.08,450.0
388847,8.919922,4.17366,0,173.08,0.1943752606405899,1.3,1.08,450.0
388848,8.929688,2.28433,0,173.08,0.20846103065074356,1.3,1.08,450.0
388849,8.94043,1.91753,0,173.08,0.2239545122653218,1.3,1.08,450.0
388850,8.950196,1.79072,0,173.08,0.23804028227547544,1.3,1.08,450.0
388851,8.959961,1.48397,0,173.08,0.25212460995816904,1.3,1.08,450.0
388852,8.969727,1.30926,0,173.08,0.26621037996832275,1.3,1.08,450.0
388853,8.979493,1.34807,0,173.08,0.2802961499784764,1.3,1.08,450.0
388854,8.985352,1.45024,0,173.08,0.28874674658805977,1.3,1.08,450.0
388855,8.995118,1.61985,0,173.08,0.3028325165982134,1.3,1.08,450.0
388856,9.004883,1.7592,0,173.08,0.31691684428074307,1.3,1.08,450.0
388857,9.014649,1.60753,0,173.08,0.3310026142908967,1.3,1.08,450.0
388858,9.025391,1.41904,0,173.08,0.34649609590563896,1.3,1.08,450.0
388859,9.035157,1.05078,0,173.08,0.36058186591579255,1.3,1.08,450.0
388860,9.044922,0.55604,0,173.08,0.3746661935984862,1.3,1.08,450.0
388861,9.054688,0.61331,0,173.08,0.3887519636086399,1.3,1.08,450.0
388862,9.06543,0.89624,0,173.08,0.4042454452232181,1.3,1.08,450.0
388863,9.075196,1.21505,0,173.08,0.41833121523337174,1.3,1.08,450.0
388864,9.084961,1.49672,0,173.08,0.4324155429160654,1.3,1.08,450.0
388865,9.089844,1.50005,0,173.08,0.4394584279210602,1.3,1.08,450.0
388866,9.09961,1.42015,0,173.08,0.45354419793121387,1.3,1.08,450.0
388867,9.110352,1.27794,0,173.08,0.46903767954595604,1.3,1.08,450.0
388868,9.120118,1.33146,0,173.08,0.4831234495561097,1.3,1.08,450.0
388869,9.129883,1.75957,0,173.08,0.49720777723863935,1.3,1.08,450.0
388870,9.139649,2.15326,0,173.08,0.511293547248793,1.3,1.08,450.0
388871,9.150391,2.48853,0,173.08,0.5267870288635352,1.3,1.08,450.0
388872,9.160157,2.63247,0,173.08,0.5408727988736889,1.3,1.08,450.0
388873,9.169922,2.63733,0,173.08,0.5549571265563825,1.3,1.08,450.0
388874,9.179688,2.61028,0,173.08,0.5690428965665362,1.3,1.08,450.0
388875,9.19043,2.64005,0,173.08,0.5845363781811144,1.3,1.08,450.0
388876,9.195313,2.79783,0,173.08,0.5915792631862732,1.3,1.08,450.0
388877,9.205079,3.03311,0,173.08,0.6056650331962629,1.3,1.08,450.0
388878,9.214844,3.20847,0,173.08,0.6197493608789565,1.3,1.08,450.0
388879,9.22461,3.12147,0,173.08,0.6338351308891101,1.3,1.08,450.0
388880,9.235352,3.00229,0,173.08,0.6493286125038523,1.3,1.08,450.0
388881,9.245118,3.01407,0,173.08,0.663414382514006,1.3,1.08,450.0
388882,9.254883,3.13612,0,173.08,0.6774987101965357,1.3,1.08,450.0
388883,9.264649,3.35255,0,173.08,0.6915844802066893,1.3,1.08,450.0
388884,9.275391,3.54516,0,173.08,0.7070779618214315,1.3,1.08,450.0
388885,9.280274,3.73021,0,173.08,0.7141208468264264,1.3,1.08,450.0
388886,9.29004,3.47191,0,173.08,0.7282066168365801,1.3,1.08,450.0
388887,9.299805,0.51757,0,173.08,0.7422909445192737,1.3,1.08,450.0
388888,9.309571,3.71139,1,195.38,0.0,1.3,1.08,450.0
388889,9.320313,2.46131,0,195.38,0.017489615457497904,1.3,1.08,450.0
388890,9.330079,1.03544,0,195.38,0.033390153956415224,1.3,1.08,450.0
388891,9.339844,1.89098,0,195.38,0.049289064302900504,1.3,1.08,450.0
388892,9.34961,2.96793,0,195.38,0.06518960280200292,1.3,1.08,450.0
388893,9.360352,2.20457,0,195.38,0.08267921825950084,1.3,1.08,450.0
388894,9.370118,1.71315,0,195.38,0.09857975675860325,1.3,1.08,450.0
388895,9.379883,1.83591,0,195.38,0.11447866710490343,1.3,1.08,450.0
388896,9.389649,1.61631,0,195.38,0.13037920560400584,1.3,1.08,450.0
388897,9.394532,1.50967,0,195.38,0.1383294748536496,1.3,1.08,450.0
388898,9.405274,1.5581,0,195.38,0.15581909031096242,1.3,1.08,450.0
388899,9.41504,1.35188,0,195.38,0.17171962881006483,1.3,1.08,450.0
388900,9.424805,0.80396,0,195.38,0.1876185391565501,1.3,1.08,450.0
388901,9.434571,1.43868,0,195.38,0.20351907765565252,1.3,1.08,450.0
388902,9.445313,1.42997,0,195.38,0.2210086931131504,1.3,1.08,450.0
388903,9.455079,1.29889,0,195.38,0.23690923161206773,1.3,1.08,450.0
388904,9.464844,1.16331,0,195.38,0.252808141958553,1.3,1.08,450.0
388905,9.47461,1.18874,0,195.38,0.26870868045765545,1.3,1.08,450.0
388906,9.485352,1.11429,0,195.38,0.28619829591515333,1.3,1.08,450.0
388907,9.490235,1.10727,0,195.38,0.294148565164612,1.3,1.08,450.0
388908,9.5,1.03225,0,195.38,0.3100474755110973,1.3,1.08,450.0
388909,9.509766,1.05113,0,195.38,0.3259480140101997,1.3,1.08,450.0
388910,9.519532,0.89324,0,195.38,0.34184855250930213,1.3,1.08,450.0
388911,9.530274,1.08459,0,195.38,0.35933816796661494,1.3,1.08,450.0
388912,9.54004,0.89937,0,195.38,0.37523870646571733,1.3,1.08,450.0
388913,9.549805,1.01037,0,195.38,0.3911376168122026,1.3,1.08,450.0
388914,9.559571,1.05811,0,195.38,0.40703815531130505,1.3,1.08,450.0
388915,9.570313,1.04275,0,195.38,0.42452777076880294,1.3,1.08,450.0
388916,9.580079,1.05384,0,195.38,0.4404283092677203,1.3,1.08,450.0
388917,9.584961,1.04337,0,195.38,0.4483769503647469,1.3,1.08,450.0
388918,9.594727,1.04852,0,195.38,0.4642774888638493,1.3,1.08,450.0
388919,9.604493,1.03459,0,195.38,0.48017802736295173,1.3,1.08,450.0
388920,9.615235,1.06001,0,195.38,0.49766764282026454,1.3,1.08,450.0
388921,9.625,1.04168,0,195.38,0.5135665531667498,1.3,1.08,450.0
388922,9.634766,1.01602,0,195.38,0.5294670916658523,1.3,1.08,450.0
388923,9.644532,0.98035,0,195.38,0.5453676301649547,1.3,1.08,450.0
388924,9.655274,1.07198,0,195.38,0.5628572456222674,1.3,1.08,450.0
388925,9.66504,1.0266,0,195.38,0.5787577841213699,1.3,1.08,450.0
388926,9.674805,1.03829,0,195.38,0.5946566944678551,1.3,1.08,450.0
388927,9.684571,1.09535,0,195.38,0.6105572329669575,1.3,1.08,450.0
388928,9.69043,1.00314,0,195.38,0.6200965791748116,1.3,1.08,450.0
388929,9.700196,1.06482,0,195.38,0.6359971176739142,1.3,1.08,450.0
388930,9.709961,1.02374,0,195.38,0.6518960280203994,1.3,1.08,450.0
388931,9.719727,0.99819,0,195.38,0.6677965665195019,1.3,1.08,450.0
388932,9.729493,0.99596,0,195.38,0.6836971050186043,1.3,1.08,450.0
388933,9.740235,0.98509,0,195.38,0.701186720475917,1.3,1.08,450.0
388934,9.75,1.06942,0,195.38,0.7170856308224024,1.3,1.08,450.0
388935,9.759766,1.02377,0,195.38,0.7329861693215047,1.3,1.08,450.0
388936,9.769532,0.95393,0,195.38,0.7488867078206071,1.3,1.08,450.0
388937,9.775391,1.01804,0,195.38,0.7584260540284613,1.3,1.08,450.0
388938,9.785157,1.11543,0,195.38,0.7743265925275638,1.3,1.08,450.0
388939,9.794922,0.99457,0,195.38,0.790225502874049,1.3,1.08,450.0
388940,9.804688,1.02626,0,195.38,0.8061260413731514,1.3,1.08,450.0
388941,9.81543,1.09674,0,195.38,0.8236156568304642,1.3,1.08,450.0
388942,9.825196,1.09011,0,195.38,0.8395161953295667,1.3,1.08,450.0
388943,9.834961,0.82265,0,195.38,0.855415105676052,1.3,1.08,450.0
388944,9.844727,0.71171,0,195.38,0.8713156441751544,1.3,1.08,450.0
388945,9.854493,1.23192,0,195.38,0.8872161826742567,1.3,1.08,450.0
388946,9.865235,1.42206,1,203.61,0.0,1.3,1.08,450.0
388947,9.875,1.32751,0,203.61,0.016568774063585374,1.3,1.08,450.0
388948,9.884766,1.53753,0,203.61,0.03313924487822264,1.3,1.08,450.0
388949,9.889649,2.23038,0,203.61,0.04142448028544483,1.3,1.08,450.0
388950,9.900391,3.445,0,203.61,0.05965098013097255,1.3,1.08,450.0
388951,9.910157,3.88303,0,203.61,0.07622145094560981,1.3,1.08,450.0
388952,9.919922,3.0395,0,203.61,0.09279022500919519,1.3,1.08,450.0
388953,9.929688,3.01182,0,203.61,0.10936069582383245,1.3,1.08,450.0
388954,9.94043,2.07409,0,203.61,0.1275871956691673,1.3,1.08,450.0
388955,9.950196,1.40828,0,203.61,0.14415766648380454,1.3,1.08,450.0
388956,9.959961,2.42589,0,203.61,0.16072644054738994,1.3,1.08,450.0
388957,9.969727,2.54505,0,203.61,0.1772969113620272,1.3,1.08,450.0
388958,9.979493,2.72911,0,203.61,0.19386738217666447,1.3,1.08,450.0
388959,9.985352,4.61765,0,203.61,0.2038086466147771,1.3,1.08,450.0
388960,9.995118,5.08252,0,203.61,0.22037911742941438,1.3,1.08,450.0
388961,10.004883,3.19423,0,203.61,0.23694789149280684,1.3,1.08,450.0
388962,10.014649,2.09883,0,203.61,0.25351836230744407,1.3,1.08,450.0
388963,10.025391,1.26713,0,203.61,0.27174486215297183,1.3,1.08,450.0
388964,10.035157,1.26472,0,203.61,0.2883153329676091,1.3,1.08,450.0
388965,10.044922,0.98556,0,203.61,0.30488410703119445,1.3,1.08,450.0
388966,10.054688,0.81009,0,203.61,0.3214545778458317,1.3,1.08,450.0
388967,10.06543,0.87499,0,203.61,0.33968107769116657,1.3,1.08,450.0
388968,10.075196,1.03259,0,203.61,0.3562515485058038,1.3,1.08,450.0
388969,10.080079,1.23495,0,203.61,0.364536783913026,1.3,1.08,450.0
388970,10.089844,1.25986,0,203.61,0.3811055579766114,1.3,1.08,450.0
388971,10.09961,1.12464,0,203.61,0.3976760287912486,1.3,1.08,450.0
388972,10.110352,0.96617,0,203.61,0.41590252863677635,1.3,1.08,450.0
388973,10.120118,0.91109,0,203.61,0.43247299945141365,1.3,1.08,450.0
388974,10.129883,0.99901,0,203.61,0.4490417735148061,1.3,1.08,450.0
388975,10.139649,1.12355,0,203.61,0.46561224432944337,1.3,1.08,450.0
388976,10.150391,1.11522,0,203.61,0.4838387441749711,1.3,1.08,450.0
388977,10.160157,1.1936,0,203.61,0.5004092149896083,1.3,1.08,450.0
388978,10.169922,1.22338,0,203.61,0.5169779890531937,1.3,1.08,450.0
388979,10.179688,1.2528,0,203.61,0.533548459867831,1.3,1.08,450.0
388980,10.19043,1.39099,0,203.61,0.5517749597131658,1.3,1.08,450.0
388981,10.195313,1.71554,0,203.61,0.5600601951205809,1.3,1.08,450.0
388982,10.205079,2.10406,0,203.61,0.5766306659350253,1.3,1.08,450.0
388983,10.214844,2.44654,0,203.61,0.5931994399986106,1.3,1.08,450.0
388984,10.22461,2.60576,0,203.61,0.6097699108132478,1.3,1.08,450.0
388985,10.235352,2.70412,0,203.61,0.6279964106587757,1.3,1.08,450.0
388986,10.245118,2.8211,0,203.61,0.6445668814734129,1.3,1.08,450.0
388987,10.254883,2.9379,0,203.61,0.6611356555368053,1.3,1.08,450.0
388988,10.264649,2.95322,0,203.61,0.6777061263514426,1.3,1.08,450.0
388989,10.275391,2.93699,0,203.61,0.6959326261969704,1.3,1.08,450.0
388990,10.280274,2.99144,0,203.61,0.7042178616041925,1.3,1.08,450.0
388991,10.29004,2.93359,0,203.61,0.7207883324188298,1.3,1.08,450.0
388992,10.299805,2.80674,0,203.61,0.7373571064824151,1.3,1.08,450.0
388993,10.309571,2.85251,0,203.61,0.7539275772970524,1.3,1.08,450.0
388994,10.320313,2.98863,0,203.61,0.7721540771425802,1.3,1.08,450.0
388995,10.330079,3.12492,0,203.61,0.7887245479570245,1.3,1.08,450.0
388996,10.339844,3.35071,0,203.61,0.8052933220206099,1.3,1.08,450.0
388997,10.34961,3.41519,0,203.61,0.8218637928352471,1.3,1.08,450.0
388998,10.360352,3.28307,0,203.61,0.840090292680775,1.3,1.08,450.0
388999,10.370118,3.11465,0,203.61,0.8566607634954122,1.3,1.08,450.0
389000,10.379883,1.41283,0,203.61,0.8732295375588046,1.3,1.08,450.0
389001,10.389649,2.64423,0,203.61,0.8898000083734419,1.3,1.08,450.0
389002,10.394532,3.26941,0,203.61,0.898085243780857,1.3,1.08,450.0
389003,10.405274,1.50744,0,203.61,0.9163117436261918,1.3,1.08,450.0
389004,10.41504,1.90953,0,203.61,0.9328822144408291,1.3,1.08,450.0
389005,10.424805,3.46045,0,203.61,0.9494509885044145,1.3,1.08,450.0
389006,10.434571,2.59031,0,203.61,0.9660214593190517,1.3,1.08,450.0
389007,10.445313,1.66038,0,203.61,0.9842479591645794,1.3,1.08,450.0
389008,10.455079,1.37433,0,203.61,0.0008184299790239269,1.3,1.08,450.0
389009,10.464844,1.36021,0,203.61,0.017387204042609072,1.3,1.08,450.0
389010,10.47461,2.42781,0,203.61,0.03395767485724632,1.3,1.08,450.0
389011,10.485352,2.00754,0,203.61,0.052184174702774255,1.3,1.08,450.0
389012,10.490235,1.23202,0,203.61,0.06046941010999629,1.3,1.08,450.0
389013,10.5,1.01719,0,203.61,0.07703818417358166,1.3,1.08,450.0
389014,10.509766,1.45155,1,196.64,0.0,1.3,1.08,450.0
389015,10.519532,1.26644,0,196.64,0.01600312362754082,1.3,1.08,450.0
389016,10.530274,1.25773,0,196.64,0.03360557642354678,1.3,1.08,450.0
389017,10.54004,1.26238,0,196.64,0.0496087000510876,1.3,1.08,450.0
389018,10.549805,1.19774,0,196.64,0.06561018502169752,1.3,1.08,450.0
389019,10.559571,1.17019,0,196.64,0.08161330864923834,1.3,1.08,450.0
389020,10.570313,1.21046,0,196.64,0.0992157614454306,1.3,1.08,450.0
389021,10.580079,1.14221,0,196.64,0.11521888507278512,1.3,1.08,450.0
389022,10.584961,1.08979,0,196.64,0.12321880822971779,1.3,1.08,450.0
389023,10.594727,1.01618,0,196.64,0.1392219318572586,1.3,1.08,450.0
389024,10.604493,1.09625,0,196.64,0.15522505548479942,1.3,1.08,450.0
389025,10.615235,1.02964,0,196.64,0.17282750828080537,1.3,1.08,450.0
389026,10.625,1.02205,0,196.64,0.1888289932514153,1.3,1.08,450.0
389027,10.634766,1.11845,0,196.64,0.2048321168789561,1.3,1.08,450.0
389028,10.644532,0.98636,0,196.64,0.22083524050649694,1.3,1.08,450.0
389029,10.655274,1.04251,0,196.64,0.2384376933025029,1.3,1.08,450.0
389030,10.66504,1.02708,0,196.64,0.2544408169300437,1.3,1.08,450.0
389031,10.674805,0.9804,0,196.64,0.27044230190065366,1.3,1.08,450.0
389032,10.684571,0.98254,0,196.64,0.28644542552819446,1.3,1.08,450.0
389033,10.69043,1.01481,0,196.64,0.29604631651052316,1.3,1.08,450.0
389034,10.700196,1.00305,0,196.64,0.31204944013806396,1.3,1.08,450.0
389035,10.709961,0.97645,0,196.64,0.3280509251086739,1.3,1.08,450.0
389036,10.719727,0.99756,0,196.64,0.34405404873621476,1.3,1.08,450.0
389037,10.729493,0.97212,0,196.64,0.36005717236375556,1.3,1.08,450.0
389038,10.740235,0.96059,0,196.64,0.37765962515976154,1.3,1.08,450.0
389039,10.75,0.98703,0,196.64,0.3936611101303714,1.3,1.08,450.0
389040,10.759766,1.05946,0,196.64,0.4096642337579122,1.3,1.08,450.0
389041,10.769532,0.98499,0,196.64,0.4256673573854531,1.3,1.08,450.0
389042,10.775391,1.0214,0,196.64,0.4352682483677818,1.3,1.08,450.0
389043,10.785157,1.03866,0,196.64,0.4512713719953226,1.3,1.08,450.0
389044,10.794922,1.06618,0,196.64,0.4672728569659325,1.3,1.08,450.0
389045,10.804688,1.08453,0,196.64,0.4832759805934733,1.3,1.08,450.0
389046,10.81543,1.03454,0,196.64,0.5008784333894793,1.3,1.08,450.0
389047,10.825196,1.11436,0,196.64,0.5168815570170201,1.3,1.08,450.0
389048,10.834961,1.07614,0,196.64,0.53288304198763,1.3,1.08,450.0
389049,10.844727,0.92929,0,196.64,0.5488861656151709,1.3,1.08,450.0
389050,10.854493,1.0338,0,196.64,0.5648892892427118,1.3,1.08,450.0
389051,10.865235,0.84979,0,196.64,0.5824917420387177,1.3,1.08,450.0
389052,10.875,1.20308,0,196.64,0.5984932270093276,1.3,1.08,450.0
389053,10.884766,1.00797,0,196.64,0.6144963506368684,1.3,1.08,450.0
389054,10.889649,1.15832,0,196.64,0.6224979124505456,1.3,1.08,450.0
389055,10.900391,0.95645,0,196.64,0.6401003652467379,1.3,1.08,450.0
389056,10.910157,0.91954,0,196.64,0.6561034888742786,1.3,1.08,450.0
389057,10.919922,1.06615,0,196.64,0.6721049738448887,1.3,1.08,450.0
389058,10.929688,0.89883,0,196.64,0.6881080974724295,1.3,1.08,450.0
389059,10.94043,0.87174,0,196.64,0.7057105502684354,1.3,1.08,450.0
389060,10.950196,1.1311,0,196.64,0.7217136738959763,1.3,1.08,450.0
389061,10.959961,1.56832,1,224.6,0.0,1.3,1.08,450.0
389062,10.969727,1.15558,0,224.6,0.018279002976278456,1.3,1.08,450.0
389063,10.979493,1.24769,0,224.6,0.03655800595255691,1.3,1.08,450.0
389064,10.985352,1.56095,0,224.6,0.047524284719465335,1.3,1.08,450.0
389065,10.995118,2.22326,0,224.6,0.06580328769574378,1.3,1.08,450.0
389066,11.004883,3.70135,0,224.6,0.08408041897378263,1.3,1.08,450.0
389067,11.014649,3.86177,0,224.6,0.10235942195006108,1.3,1.08,450.0
389068,11.025391,3.30399,0,224.6,0.12246520220521512,1.3,1.08,450.0
389069,11.035157,2.99219,0,224.6,0.14074420518149358,1.3,1.08,450.0
389070,11.044922,2.3624,0,224.6,0.15902133645974517,1.3,1.08,450.0
389071,11.054688,2.23515,0,224.6,0.17730033943602364,1.3,1.08,450.0
389072,11.06543,2.4002,0,224.6,0.19740611969096492,1.3,1.08,450.0
389073,11.075196,2.22018,0,224.6,0.21568512266724335,1.3,1.08,450.0
389074,11.080079,2.98296,0,224.6,0.2248246241552762,1.3,1.08,450.0
389075,11.089844,6.39155,0,224.6,0.24310175543352783,1.3,1.08,450.0
389076,11.09961,4.3335,0,224.6,0.2613807584098063,1.3,1.08,450.0
389077,11.110352,3.43458,0,224.6,0.28148653866496026,1.3,1.08,450.0
389078,11.120118,1.82455,0,224.6,0.29976554164123875,1.3,1.08,450.0
389079,11.129883,1.41447,0,224.6,0.3180426729192776,1.3,1.08,450.0
389080,11.139649,1.11448,0,224.6,0.33632167589555606,1.3,1.08,450.0
389081,11.150391,0.87813,0,224.6,0.3564274561507101,1.3,1.08,450.0
389082,11.160157,0.7719,0,224.6,0.3747064591269886,1.3,1.08,450.0
389083,11.169922,0.88977,0,224.6,0.39298359040524017,1.3,1.08,450.0
389084,11.179688,1.31434,0,224.6,0.41126259338151866,1.3,1.08,450.0
389085,11.19043,1.35222,0,224.6,0.43136837363645986,1.3,1.08,450.0
389086,11.195313,1.23402,0,224.6,0.44050787512470546,1.3,1.08,450.0
389087,11.205079,1.11503,0,224.6,0.4587868781007712,1.3,1.08,450.0
389088,11.214844,1.00142,0,224.6,0.47706400937902277,1.3,1.08,450.0
389089,11.22461,0.96005,0,224.6,0.4953430123553012,1.3,1.08,450.0
389090,11.235352,0.93677,0,224.6,0.5154487926104553,1.3,1.08,450.0
389091,11.245118,0.98179,0,224.6,0.5337277955867337,1.3,1.08,450.0
389092,11.254883,1.07609,0,224.6,0.5520049268647725,1.3,1.08,450.0
389093,11.264649,1.25588,0,224.6,0.570283929841051,1.3,1.08,450.0
389094,11.275391,1.59153,0,224.6,0.5903897100962051,1.3,1.08,450.0
389095,11.280274,1.9965,0,224.6,0.599529211584238,1.3,1.08,450.0
389096,11.29004,2.32625,0,224.6,0.6178082145605164,1.3,1.08,450.0
389097,11.299805,2.4579,0,224.6,0.6360853458387681,1.3,1.08,450.0
389098,11.309571,2.51188,0,224.6,0.6543643488150465,1.3,1.08,450.0
389099,11.320313,2.54868,0,224.6,0.6744701290702005,1.3,1.08,450.0
389100,11.330079,2.70366,0,224.6,0.6927491320462662,1.3,1.08,450.0
389101,11.339844,2.87322,0,224.6,0.7110262633245178,1.3,1.08,450.0
389102,11.34961,2.8912,0,224.6,0.7293052663007963,1.3,1.08,450.0
389103,11.360352,2.81932,0,224.6,0.7494110465559503,1.3,1.08,450.0
389104,11.370118,2.87817,0,224.6,0.7676900495322287,1.3,1.08,450.0
389105,11.379883,3.03453,0,224.6,0.7859671808102675,1.3,1.08,450.0
389106,11.384766,3.22287,0,224.6,0.7951066822985132,1.3,1.08,450.0
389107,11.394532,3.34009,0,224.6,0.8133856852747916,1.3,1.08,450.0
389108,11.405274,3.39691,0,224.6,0.8334914655297329,1.3,1.08,450.0
389109,11.41504,3.47696,0,224.6,0.8517704685060113,1.3,1.08,450.0
389110,11.424805,3.5642,0,224.6,0.8700475997842629,1.3,1.08,450.0
389111,11.434571,3.64957,0,224.6,0.8883266027605414,1.3,1.08,450.0
389112,11.445313,3.56957,0,224.6,0.9084323830156954,1.3,1.08,450.0
389113,11.455079,3.43725,0,224.6,0.9267113859917611,1.3,1.08,450.0
389114,11.464844,1.96303,0,224.6,0.9449885172700127,1.3,1.08,450.0
389115,11.47461,2.35928,0,224.6,0.9632675202462911,1.3,1.08,450.0
389116,11.485352,3.90698,0,224.6,0.9833733005014452,1.3,1.08,450.0
389117,11.490235,1.35487,0,224.6,0.9925128019894781,1.3,1.08,450.0
389118,11.5,0.73783,0,224.6,0.010789933267729701,1.3,1.08,450.0
389119,11.509766,3.0625,1,222.07,0.0,1.3,1.08,450.0
389120,11.519532,3.26469,0,222.07,0.01807246630865312,1.3,1.08,450.0
389121,11.530274,1.92927,0,222.07,0.03795106891833375,1.3,1.08,450.0
389122,11.54004,1.64987,0,222.07,0.056023535226986866,1.3,1.08,450.0
389123,11.549805,1.83657,0,222.07,0.07409415098615575,1.3,1.08,450.0
389124,11.559571,2.57776,0,222.07,0.09216661729480886,1.3,1.08,450.0
389125,11.570313,1.78677,0,222.07,0.11204521990469989,1.3,1.08,450.0
389126,11.575196,1.50088,0,222.07,0.12108145305892125,1.3,1.08,450.0
389127,11.584961,0.85471,0,222.07,0.1391520688180901,1.3,1.08,450.0
389128,11.594727,1.61902,0,222.07,0.15722453512674325,1.3,1.08,450.0
389129,11.604493,1.46719,0,222.07,0.17529700143539637,1.3,1.08,450.0
389130,11.615235,1.27836,0,222.07,0.195175604045077,1.3,1.08,450.0
389131,11.625,1.10294,0,222.07,0.21324621980424588,1.3,1.08,450.0
389132,11.634766,1.1327,0,222.07,0.231318686112899,1.3,1.08,450.0
389133,11.644532,1.09066,0,222.07,0.2493911524215521,1.3,1.08,450.0
389134,11.655274,1.12765,0,222.07,0.26926975503123274,1.3,1.08,450.0
389135,11.66504,1.14156,0,222.07,0.28734222133988585,1.3,1.08,450.0
389136,11.674805,1.13304,0,222.07,0.30541283709905476,1.3,1.08,450.0
389137,11.684571,1.0364,0,222.07,0.32348530340770787,1.3,1.08,450.0
389138,11.69043,0.93785,0,222.07,0.3343276728631671,1.3,1.08,450.0
389139,11.700196,1.09385,0,222.07,0.3524001391718202,1.3,1.08,450.0
389140,11.709961,0.91014,0,222.07,0.37047075493098913,1.3,1.08,450.0
389141,11.719727,1.02052,0,222.07,0.38854322123964224,1.3,1.08,450.0
389142,11.729493,1.00247,0,222.07,0.40661568754829536,1.3,1.08,450.0
389143,11.740235,0.96975,0,222.07,0.42649429015797596,1.3,1.08,450.0
389144,11.75,0.94192,0,222.07,0.44456490591714487,1.3,1.08,450.0
389145,11.759766,1.01157,0,222.07,0.462637372225798,1.3,1.08,450.0
389146,11.769532,0.95262,0,222.07,0.4807098385344511,1.3,1.08,450.0
389147,11.775391,1.02707,0,222.07,0.49155220798991034,1.3,1.08,450.0
389148,11.785157,1.06253,0,222.07,0.5096246742985635,1.3,1.08,450.0
389149,11.794922,1.03521,0,222.07,0.5276952900577324,1.3,1.08,450.0
389150,11.804688,1.06622,0,222.07,0.5457677563663855,1.3,1.08,450.0
389151,11.81543,0.9921,0,222.07,0.5656463589760661,1.3,1.08,450.0
389152,11.825196,1.07503,0,222.07,0.5837188252847193,1.3,1.08,450.0
389153,11.834961,1.06128,0,222.07,0.6017894410438881,1.3,1.08,450.0
389154,11.844727,0.9563,0,222.07,0.6198619073525413,1.3,1.08,450.0
389155,11.854493,1.06106,0,222.07,0.6379343736611943,1.3,1.08,450.0
389156,11.865235,1.01542,0,222.07,0.657812976270875,1.3,1.08,450.0
389157,11.875,1.04398,0,222.07,0.6758835920300439,1.3,1.08,450.0
389158,11.879883,1.07532,0,222.07,0.6849198251842652,1.3,1.08,450.0
389159,11.889649,1.13016,0,222.07,0.7029922914929184,1.3,1.08,450.0
389160,11.900391,1.04399,0,222.07,0.7228708941028094,1.3,1.08,450.0
389161,11.910157,1.02594,0,222.07,0.7409433604114625,1.3,1.08,450.0
389162,11.919922,1.05271,0,222.07,0.7590139761706314,1.3,1.08,450.0
389163,11.929688,1.0155,0,222.07,0.7770864424792845,1.3,1.08,450.0
389164,11.94043,1.01631,0,222.07,0.7969650450889652,1.3,1.08,450.0
389165,11.950196,0.97351,0,222.07,0.8150375113976183,1.3,1.08,450.0
389166,11.959961,1.10464,0,222.07,0.8331081271567872,1.3,1.08,450.0
389167,11.969727,0.97478,0,222.07,0.8511805934654402,1.3,1.08,450.0
389168,11.979493,0.97277,0,222.07,0.8692530597740934,1.3,1.08,450.0
389169,11.985352,1.08655,0,222.07,0.8800954292295526,1.3,1.08,450.0
389170,11.995118,1.13837,0,222.07,0.8981678955382058,1.3,1.08,450.0
389171,12.004883,1.00274,0,222.07,0.9162385112971643,1.3,1.08,450.0
389172,12.014649,0.86117,0,222.07,0.9343109776058174,1.3,1.08,450.0
389173,12.025391,0.91216,0,222.07,0.9541895802157083,1.3,1.08,450.0
389174,12.035157,1.11794,0,222.07,0.9722620465243615,1.3,1.08,450.0
389175,12.044922,1.32723,1,222.93,0.0,1.3,1.08,450.0
389176,12.054688,1.01258,0,222.93,0.018143033560175416,1.3,1.08,450.0
389177,12.06543,1.47805,0,222.93,0.03809925581104455,1.3,1.08,450.0
389178,12.070313,1.75986,0,222.93,0.04717077259123786,1.3,1.08,450.0
389179,12.080079,2.64556,0,222.93,0.06531380615120207,1.3,1.08,450.0
389180,12.089844,3.61757,0,222.93,0.0834549819360842,1.3,1.08,450.0
389181,12.09961,3.85889,0,222.93,0.10159801549625962,1.3,1.08,450.0
389182,12.110352,3.17883,0,222.93,0.12155423774733995,1.3,1.08,450.0
389183,12.120118,2.9073,0,222.93,0.13969727130751539,1.3,1.08,450.0
389184,12.129883,2.14793,0,222.93,0.15783844709218628,1.3,1.08,450.0
389185,12.139649,2.50488,0,222.93,0.1759814806523617,1.3,1.08,450.0
389186,12.150391,2.88603,0,222.93,0.19593770290344203,1.3,1.08,450.0
389187,12.160157,3.35121,0,222.93,0.21408073646361744,1.3,1.08,450.0
389188,12.169922,3.69444,0,222.93,0.23222191224849956,1.3,1.08,450.0
389189,12.179688,5.78588,0,222.93,0.25036494580867497,1.3,1.08,450.0
389190,12.184571,3.02646,0,222.93,0.2594364625886571,1.3,1.08,450.0
389191,12.195313,1.71288,0,222.93,0.27939268483973745,1.3,1.08,450.0
389192,12.205079,0.96326,0,222.93,0.2975357183997016,1.3,1.08,450.0
389193,12.214844,1.03058,0,222.93,0.3156768941845838,1.3,1.08,450.0
389194,12.22461,1.00843,0,222.93,0.33381992774475916,1.3,1.08,450.0
389195,12.235352,0.85637,0,222.93,0.3537761499958395,1.3,1.08,450.0
389196,12.245118,0.88818,0,222.93,0.37191918355601494,1.3,1.08,450.0
389197,12.254883,1.46123,0,222.93,0.39006035934068584,1.3,1.08,450.0
389198,12.264649,2.09474,0,222.93,0.4082033929008613,1.3,1.08,450.0
389199,12.275391,2.20437,0,222.93,0.4281596151519416,1.3,1.08,450.0
389200,12.280274,1.76409,0,222.93,0.4372311319319237,1.3,1.08,450.0
389201,12.29004,1.08835,0,222.93,0.45537416549209914,1.3,1.08,450.0
389202,12.299805,0.76258,0,222.93,0.4735153412769812,1.3,1.08,450.0
389203,12.309571,0.77543,0,222.93,0.4916583748371567,1.3,1.08,450.0
389204,12.320313,0.89444,0,222.93,0.511614597088237,1.3,1.08,450.0
389205,12.330079,1.07228,0,222.93,0.5297576306482011,1.3,1.08,450.0
389206,12.339844,1.34639,0,222.93,0.5478988064330833,1.3,1.08,450.0
389207,12.34961,1.56607,0,222.93,0.5660418399932587,1.3,1.08,450.0
389208,12.360352,1.70286,0,222.93,0.5859980622443391,1.3,1.08,450.0
389209,12.370118,1.70406,0,222.93,0.6041410958045145,1.3,1.08,450.0
389210,12.379883,1.71571,0,222.93,0.6222822715891854,1.3,1.08,450.0
389211,12.384766,1.88264,0,222.93,0.6313537883693787,1.3,1.08,450.0
389212,12.394532,2.11929,0,222.93,0.6494968219295542,1.3,1.08,450.0
389213,12.405274,2.35564,0,222.93,0.6694530441804233,1.3,1.08,450.0
389214,12.41504,2.53024,0,222.93,0.6875960777405987,1.3,1.08,450.0
389215,12.424805,2.65574,0,222.93,0.7057372535254808,1.3,1.08,450.0
389216,12.434571,2.79411,0,222.93,0.7238802870856562,1.3,1.08,450.0
389217,12.445313,2.88897,0,222.93,0.7438365093367365,1.3,1.08,450.0
389218,12.455079,2.92504,0,222.93,0.7619795428967008,1.3,1.08,450.0
389219,12.464844,2.97112,0,222.93,0.780120718681583,1.3,1.08,450.0
389220,12.47461,3.0446,0,222.93,0.7982637522417584,1.3,1.08,450.0
389221,12.485352,3.12934,0,222.93,0.8182199744928387,1.3,1.08,450.0
389222,12.490235,3.16536,0,222.93,0.8272914912728208,1.3,1.08,450.0
389223,12.5,3.23861,0,222.93,0.8454326670577028,1.3,1.08,450.0
389224,12.509766,3.3739,0,222.93,0.8635757006178783,1.3,1.08,450.0
389225,12.519532,3.51673,0,222.93,0.8817187341780538,1.3,1.08,450.0
389226,12.530274,3.58727,0,222.93,0.9016749564289229,1.3,1.08,450.0
389227,12.54004,3.65531,0,222.93,0.9198179899890983,1.3,1.08,450.0
389228,12.549805,3.34158,0,222.93,0.9379591657739804,1.3,1.08,450.0
389229,12.559571,1.0942,0,222.93,0.9561021993341557,1.3,1.08,450.0
389230,12.570313,3.89858,0,222.93,0.9760584215852361,1.3,1.08,450.0
389231,12.575196,2.43986,0,222.93,0.9851299383652182,1.3,1.08,450.0
389232,12.584961,0.89306,0,222.93,0.003271114150100285,1.3,1.08,450.0
389233,12.594727,1.77591,1,221.06,0.0,1.3,1.08,450.0
389234,12.604493,3.79165,0,221.06,0.017990884658991294,1.3,1.08,450.0
389235,12.615235,2.68416,0,221.06,0.03777975246622865,1.3,1.08,450.0
389236,12.625,1.785,0,221.06,0.05576879492937584,1.3,1.08,450.0
389237,12.634766,1.39192,0,221.06,0.07375967958836713,1.3,1.08,450.0
389238,12.644532,2.18856,0,221.06,0.09175056424735843,1.3,1.08,450.0
389239,12.655274,1.52358,0,221.06,0.11153943205459578,1.3,1.08,450.0
389240,12.66504,1.71065,0,221.06,0.12953031671358708,1.3,1.08,450.0
389241,12.674805,1.32599,0,221.06,0.14751935917673425,1.3,1.08,450.0
389242,12.684571,0.81923,0,221.06,0.16551024383572557,1.3,1.08,450.0
389243,12.69043,1.4187,0,221.06,0.176303669313572,1.3,1.08,450.0
389244,12.700196,1.41748,0,221.06,0.19429455397256326,1.3,1.08,450.0
389245,12.709961,1.28148,0,221.06,0.21228359643571046,1.3,1.08,450.0
389246,12.719727,1.19483,0,221.06,0.23027448109470178,1.3,1.08,450.0
389247,12.729493,1.21789,0,221.06,0.24826536575369307,1.3,1.08,450.0
389248,12.740235,1.03757,0,221.06,0.26805423356093044,1.3,1.08,450.0
389249,12.75,1.11072,0,221.06,0.2860432760240776,1.3,1.08,450.0
389250,12.759766,1.04036,0,221.06,0.30403416068306893,1.3,1.08,450.0
389251,12.769532,1.08256,0,221.06,0.32202504534206017,1.3,1.08,450.0
389252,12.775391,0.98314,0,221.06,0.3328184708199066,1.3,1.08,450.0
389253,12.785157,1.10455,0,221.06,0.3508093554788979,1.3,1.08,450.0
389254,12.794922,0.90407,0,221.06,0.3687983979420451,1.3,1.08,450.0
389255,12.804688,0.98005,0,221.06,0.3867892826010364,1.3,1.08,450.0
389256,12.81543,0.92304,0,221.06,0.4065781504082738,1.3,1.08,450.0
389257,12.825196,0.97947,0,221.06,0.424569035067265,1.3,1.08,450.0
389258,12.834961,1.00934,0,221.06,0.44255807753041226,1.3,1.08,450.0
389261,12.865235,1.08088,0,221.06,0.49832871465563217,1.3,1.08,450.0
389262,12.870118,1.04328,0,221.06,0.5073241569852326,1.3,1.08,450.0
389263,12.879883,1.06533,0,221.06,0.5253131994481703,1.3,1.08,450.0
389264,12.889649,1.05551,0,221.06,0.5433040841071616,1.3,1.08,450.0
389265,12.900391,0.97127,0,221.06,0.5630929519146084,1.3,1.08,450.0
389266,12.910157,1.05508,0,221.06,0.5810838365735996,1.3,1.08,450.0
389267,12.919922,1.03791,0,221.06,0.5990728790367469,1.3,1.08,450.0
389268,12.929688,0.97353,0,221.06,0.6170637636957381,1.3,1.08,450.0
389269,12.94043,1.08219,0,221.06,0.6368526315029756,1.3,1.08,450.0
389270,12.950196,0.98164,0,221.06,0.6548435161619668,1.3,1.08,450.0
389271,12.959961,1.08095,0,221.06,0.672832558625114,1.3,1.08,450.0
389272,12.969727,1.02405,0,221.06,0.6908234432841053,1.3,1.08,450.0
389273,12.979493,1.04245,0,221.06,0.7088143279430966,1.3,1.08,450.0
389274,12.985352,1.0329,0,221.06,0.7196077534209431,1.3,1.08,450.0
389275,12.995118,1.07915,0,221.06,0.7375986380799343,1.3,1.08,450.0
389276,13.004883,1.05204,0,221.06,0.7555876805428721,1.3,1.08,450.0
389277,13.014649,1.06367,0,221.06,0.7735785652018633,1.3,1.08,450.0
389278,13.025391,0.94719,0,221.06,0.7933674330093101,1.3,1.08,450.0
389279,13.035157,0.93241,0,221.06,0.8113583176683014,1.3,1.08,450.0
389280,13.044922,1.07238,0,221.06,0.8293473601314486,1.3,1.08,450.0
389281,13.054688,0.94688,0,221.06,0.8473382447904398,1.3,1.08,450.0
389282,13.06543,1.01725,0,221.06,0.8671271125976773,1.3,1.08,450.0
389283,13.070313,1.12202,0,221.06,0.8761225549272776,1.3,1.08,450.0
389284,13.080079,1.12403,0,221.06,0.8941134395860595,1.3,1.08,450.0
389285,13.089844,1.06018,0,221.06,0.9121024820492067,1.3,1.08,450.0
389286,13.09961,0.99423,0,221.06,0.930093366708198,1.3,1.08,450.0
389287,13.110352,0.89874,0,221.06,0.9498822345156448,1.3,1.08,450.0
389288,13.120118,0.91661,0,221.06,0.967873119174636,1.3,1.08,450.0
389289,13.129883,1.40356,1,222.33,0.0,1.3,1.08,450.0
389290,13.139649,1.2344,0,222.33,0.018094084570379868,1.3,1.08,450.0
389291,13.150391,1.24835,0,222.33,0.03799646593999539,1.3,1.08,450.0
389292,13.160157,1.52666,0,222.33,0.05609055051037525,1.3,1.08,450.0
389293,13.169922,2.14995,0,222.33,0.0741827823176459,1.3,1.08,450.0
389294,13.179688,3.34369,0,222.33,0.09227686688802578,1.3,1.08,450.0
389295,13.184571,4.19375,0,222.33,0.10132390917311039,1.3,1.08,450.0
389296,13.195313,3.29704,0,222.33,0.1212262905427259,1.3,1.08,450.0
389297,13.205079,3.02443,0,222.33,0.13932037511289513,1.3,1.08,450.0
389298,13.214844,2.09167,0,222.33,0.15741260692016576,1.3,1.08,450.0
389299,13.22461,1.59806,0,222.33,0.17550669149054565,1.3,1.08,450.0
389300,13.235352,2.22237,0,222.33,0.19540907286016118,1.3,1.08,450.0
389301,13.245118,2.17722,0,222.33,0.21350315743054102,1.3,1.08,450.0
389302,13.254883,2.29816,0,222.33,0.23159538923760106,1.3,1.08,450.0
389303,13.264649,4.71597,0,222.33,0.24968947380798093,1.3,1.08,450.0
389304,13.275391,5.13187,0,222.33,0.26959185517759643,1.3,1.08,450.0
389305,13.280274,3.37776,0,222.33,0.27863889746268106,1.3,1.08,450.0
389306,13.29004,2.19816,0,222.33,0.2967329820330609,1.3,1.08,450.0
389307,13.299805,1.34113,0,222.33,0.3148252138403315,1.3,1.08,450.0
389308,13.309571,1.26104,0,222.33,0.33291929841071144,1.3,1.08,450.0
389309,13.320313,0.97025,0,222.33,0.3528216797803269,1.3,1.08,450.0
389310,13.330079,0.75914,0,222.33,0.37091576435049617,1.3,1.08,450.0
389311,13.339844,0.77744,0,222.33,0.3890079961577669,1.3,1.08,450.0
389312,13.34961,1.00684,0,222.33,0.40710208072814674,1.3,1.08,450.0
389313,13.360352,1.24721,0,222.33,0.4270044620977622,1.3,1.08,450.0
389314,13.370118,1.34969,0,222.33,0.44509854666814214,1.3,1.08,450.0
389315,13.375,1.22386,0,222.33,0.45414373619011744,1.3,1.08,450.0
389316,13.384766,1.01519,0,222.33,0.47223782076049736,1.3,1.08,450.0
389317,13.394532,0.9376,0,222.33,0.4903319053308772,1.3,1.08,450.0
389318,13.405274,1.07685,0,222.33,0.5102342867002821,1.3,1.08,450.0
389319,13.41504,1.27396,0,222.33,0.528328371270662,1.3,1.08,450.0
389320,13.424805,1.30673,0,222.33,0.5464206030779326,1.3,1.08,450.0
389321,13.434571,1.2504,0,222.33,0.5645146876483125,1.3,1.08,450.0
389322,13.445313,1.2594,0,222.33,0.584417069017928,1.3,1.08,450.0
389323,13.455079,1.25761,0,222.33,0.6025111535880971,1.3,1.08,450.0
389324,13.464844,1.31526,0,222.33,0.6206033853953679,1.3,1.08,450.0
389325,13.47461,1.55821,0,222.33,0.6386974699657478,1.3,1.08,450.0
389326,13.485352,1.98617,0,222.33,0.6585998513353633,1.3,1.08,450.0
389327,13.490235,2.34183,0,222.33,0.6676468936204479,1.3,1.08,450.0
389328,13.5,2.52944,0,222.33,0.6857391254277185,1.3,1.08,450.0
389329,13.509766,2.62056,0,222.33,0.7038332099980984,1.3,1.08,450.0
389330,13.519532,2.73815,0,222.33,0.7219272945684783,1.3,1.08,450.0
389331,13.530274,2.97103,0,222.33,0.7418296759378831,1.3,1.08,450.0
389332,13.54004,3.20564,0,222.33,0.759923760508263,1.3,1.08,450.0
389333,13.549805,3.26714,0,222.33,0.7780159923155338,1.3,1.08,450.0
389334,13.559571,3.10348,0,222.33,0.7961100768859135,1.3,1.08,450.0
389335,13.56543,2.94551,0,222.33,0.8069654159702339,1.3,1.08,450.0
389336,13.575196,2.84745,0,222.33,0.8250595005406136,1.3,1.08,450.0
389337,13.584961,2.85933,0,222.33,0.8431517323478843,1.3,1.08,450.0
389338,13.594727,2.98945,0,222.33,0.8612458169182642,1.3,1.08,450.0
389339,13.604493,3.27165,0,222.33,0.879339901488644,1.3,1.08,450.0
389340,13.615235,3.56099,0,222.33,0.899242282858049,1.3,1.08,450.0
389341,13.625,3.67873,0,222.33,0.9173345146653197,1.3,1.08,450.0
389342,13.634766,3.56011,0,222.33,0.9354285992356994,1.3,1.08,450.0
389343,13.644532,3.08819,0,222.33,0.9535226838060793,1.3,1.08,450.0
389344,13.655274,0.88609,0,222.33,0.9734250651754841,1.3,1.08,450.0
389345,13.66504,3.82588,1,223.09,0.0,1.3,1.08,450.0
389346,13.674805,2.74382,0,223.09,0.01815413177511692,1.3,1.08,450.0
389347,13.679688,0.48429,0,223.09,0.02723212721381686,1.3,1.08,450.0
389348,13.69043,1.10464,0,223.09,0.04720260171733333,1.3,1.08,450.0
389349,13.700196,3.52273,0,223.09,0.06535859259452186,1.3,1.08,450.0
389350,13.709961,2.69455,0,223.09,0.08351272436963877,1.3,1.08,450.0
389351,13.719727,1.71374,0,223.09,0.10166871524682729,1.3,1.08,450.0
389352,13.729493,1.32318,0,223.09,0.11982470612401583,1.3,1.08,450.0
389353,13.740235,2.36387,0,223.09,0.1397951806275323,1.3,1.08,450.0
389354,13.75,1.4604,0,223.09,0.15794931240264923,1.3,1.08,450.0
389355,13.759766,1.57621,0,223.09,0.17610530327983775,1.3,1.08,450.0
389356,13.769532,1.48929,0,223.09,0.19426129415702628,1.3,1.08,450.0
389357,13.775391,1.28931,0,223.09,0.20515377322205414,1.3,1.08,450.0
389358,13.785157,0.8707,0,223.09,0.22330976409924266,1.3,1.08,450.0
389359,13.794922,1.63872,0,223.09,0.2414638958743596,1.3,1.08,450.0
389360,13.804688,1.36947,0,223.09,0.2596198867515481,1.3,1.08,450.0
389361,13.81543,1.22929,0,223.09,0.2795903612550646,1.3,1.08,450.0
389362,13.825196,1.10611,0,223.09,0.29774635213225314,1.3,1.08,450.0
389363,13.834961,1.14517,0,223.09,0.31590048390737,1.3,1.08,450.0
389364,13.844727,1.06891,0,223.09,0.3340564747845586,1.3,1.08,450.0
389365,13.854493,1.07332,0,223.09,0.3522124656617471,1.3,1.08,450.0
389366,13.865235,1.08766,0,223.09,0.37218294016526354,1.3,1.08,450.0
389367,13.870118,1.02907,0,223.09,0.3812609356039635,1.3,1.08,450.0
389368,13.879883,0.86543,0,223.09,0.39941506737886906,1.3,1.08,450.0
389369,13.889649,1.02759,0,223.09,0.41757105825605756,1.3,1.08,450.0
389370,13.900391,0.91542,0,223.09,0.4375415327597854,1.3,1.08,450.0
389371,13.910157,0.99058,0,223.09,0.4556975236369739,1.3,1.08,450.0
389372,13.919922,1.04829,0,223.09,0.47385165541209084,1.3,1.08,450.0
389373,13.929688,0.99191,0,223.09,0.49200764628927934,1.3,1.08,450.0
389374,13.94043,0.98711,0,223.09,0.5119781207927958,1.3,1.08,450.0
389375,13.950196,1.01994,0,223.09,0.5301341116699844,1.3,1.08,450.0
389376,13.959961,1.05694,0,223.09,0.5482882434451013,1.3,1.08,450.0
389377,13.969727,1.05574,0,223.09,0.5664442343222899,1.3,1.08,450.0
389378,13.979493,1.03488,0,223.09,0.5846002251994784,1.3,1.08,450.0
389379,13.985352,1.02432,0,223.09,0.5954927042645063,1.3,1.08,450.0
389380,13.995118,1.05024,0,223.09,0.6136486951416947,1.3,1.08,450.0
389381,14.004883,1.01672,0,223.09,0.6318028269166003,1.3,1.08,450.0
389382,14.014649,1.05514,0,223.09,0.6499588177937888,1.3,1.08,450.0
389383,14.025391,1.05323,0,223.09,0.6699292922975167,1.3,1.08,450.0
389384,14.035157,1.03247,0,223.09,0.6880852831747053,1.3,1.08,450.0
389385,14.044922,1.00357,0,223.09,0.7062394149498221,1.3,1.08,450.0
389386,14.054688,1.02859,0,223.09,0.7243954058270107,1.3,1.08,450.0
389387,14.06543,1.07787,0,223.09,0.7443658803305271,1.3,1.08,450.0
389388,14.070313,1.10516,0,223.09,0.753443875769227,1.3,1.08,450.0
389389,14.080079,1.07454,0,223.09,0.7715998666462042,1.3,1.08,450.0
389390,14.089844,1.05507,0,223.09,0.7897539984213212,1.3,1.08,450.0
389391,14.09961,0.99481,0,223.09,0.8079099892985097,1.3,1.08,450.0
389392,14.110352,1.0146,0,223.09,0.8278804638022376,1.3,1.08,450.0
389393,14.120118,1.0424,0,223.09,0.846036454679426,1.3,1.08,450.0
389394,14.129883,0.99285,0,223.09,0.8641905864543316,1.3,1.08,450.0
389395,14.139649,0.89874,0,223.09,0.8823465773315201,1.3,1.08,450.0
389396,14.150391,1.11827,0,223.09,0.9023170518352479,1.3,1.08,450.0
389397,14.160157,1.07706,0,223.09,0.9204730427124365,1.3,1.08,450.0
389398,14.169922,0.96778,0,223.09,0.9386271744875534,1.3,1.08,450.0
389399,14.174805,1.02658,0,223.09,0.9477051699260419,1.3,1.08,450.0
389400,14.184571,1.07135,0,223.09,0.9658611608032305,1.3,1.08,450.0
389401,14.195313,1.10763,0,223.09,0.9858316353069583,1.3,1.08,450.0
389402,14.205079,0.88597,0,223.09,0.003987626183935555,1.3,1.08,450.0
389403,14.214844,0.95714,0,223.09,0.022141757959052377,1.3,1.08,450.0
389404,14.22461,1.06652,0,223.09,0.04029774883624082,1.3,1.08,450.0
389405,14.235352,1.30945,1,218.02,0.0,1.3,1.08,450.0
389406,14.245118,1.25802,0,218.02,0.01774317861362832,1.3,1.08,450.0
389407,14.254883,1.20852,0,218.02,0.035484540395330985,1.3,1.08,450.0
389408,14.264649,1.84403,0,218.02,0.0532277190089593,1.3,1.08,450.0
389409,14.275391,2.5832,0,218.02,0.07274412538498096,1.3,1.08,450.0
389410,14.280274,3.59198,0,218.02,0.08161571469169183,1.3,1.08,450.0
389411,14.29004,4.14876,0,218.02,0.09935889330532016,1.3,1.08,450.0
389412,14.299805,3.21041,0,218.02,0.11710025508722936,1.3,1.08,450.0
389413,14.309571,2.80064,0,218.02,0.13484343370085766,1.3,1.08,450.0
389414,14.320313,2.12357,0,218.02,0.15435984007687936,1.3,1.08,450.0
389415,14.330079,2.34226,0,218.02,0.17210301869030112,1.3,1.08,450.0
389416,14.339844,2.79988,0,218.02,0.18984438047221033,1.3,1.08,450.0
389417,14.34961,2.90224,0,218.02,0.20758755908583865,1.3,1.08,450.0
389418,14.360352,2.83232,0,218.02,0.2271039654618603,1.3,1.08,450.0
389419,14.365235,6.69326,0,218.02,0.23597555476857118,1.3,1.08,450.0
389420,14.375,3.30637,0,218.02,0.2537169165504804,1.3,1.08,450.0
389421,14.384766,2.13762,0,218.02,0.27146009516410874,1.3,1.08,450.0
389422,14.394532,0.88093,0,218.02,0.289203273777737,1.3,1.08,450.0
389423,14.405274,0.82946,0,218.02,0.3087196801535521,1.3,1.08,450.0
389424,14.41504,0.92805,0,218.02,0.32646285876718045,1.3,1.08,450.0
389425,14.424805,0.85791,0,218.02,0.34420422054908967,1.3,1.08,450.0
389426,14.434571,0.67817,0,218.02,0.36194739916271795,1.3,1.08,450.0
389427,14.445313,1.10886,0,218.02,0.38146380553873965,1.3,1.08,450.0
389428,14.455079,1.81967,0,218.02,0.3992069841521614,1.3,1.08,450.0
389429,14.464844,2.1045,0,218.02,0.4169483459340706,1.3,1.08,450.0
389430,14.47461,1.83891,0,218.02,0.4346915245476989,1.3,1.08,450.0
389431,14.485352,1.2703,0,218.02,0.4542079309237206,1.3,1.08,450.0
389432,14.490235,0.8666,0,218.02,0.4630795202304315,1.3,1.08,450.0
389433,14.5,0.77828,0,218.02,0.4808208820123407,1.3,1.08,450.0
389434,14.509766,0.82752,0,218.02,0.49856406062596903,1.3,1.08,450.0
389435,14.519532,1.04232,0,218.02,0.5163072392395973,1.3,1.08,450.0
389436,14.530274,1.26034,0,218.02,0.5358236456154124,1.3,1.08,450.0
389437,14.54004,1.54972,0,218.02,0.5535668242290407,1.3,1.08,450.0
389438,14.549805,1.74949,0,218.02,0.57130818601095,1.3,1.08,450.0
389439,14.559571,1.83317,0,218.02,0.5890513646245783,1.3,1.08,450.0
389440,14.56543,1.77054,0,218.02,0.5996961816936824,1.3,1.08,450.0
389441,14.575196,1.79662,0,218.02,0.6174393603073107,1.3,1.08,450.0
389442,14.584961,1.98508,0,218.02,0.63518072208922,1.3,1.08,450.0
389443,14.594727,2.24804,0,218.02,0.6529239007028483,1.3,1.08,450.0
389444,14.604493,2.54808,0,218.02,0.6706670793164766,1.3,1.08,450.0
389445,14.615235,2.85772,0,218.02,0.6901834856922917,1.3,1.08,450.0
389446,14.625,3.11625,0,218.02,0.707924847474201,1.3,1.08,450.0
389447,14.634766,3.18795,0,218.02,0.7256680260878293,1.3,1.08,450.0
389448,14.644532,3.06901,0,218.02,0.7434112047014576,1.3,1.08,450.0
389449,14.655274,2.93982,0,218.02,0.7629276110772728,1.3,1.08,450.0
389450,14.66504,2.91215,0,218.02,0.7806707896909011,1.3,1.08,450.0
389451,14.674805,2.98302,0,218.02,0.7984121514728102,1.3,1.08,450.0
389452,14.679688,3.06769,0,218.02,0.8072837407797276,1.3,1.08,450.0
389453,14.69043,3.1878,0,218.02,0.8268001471555428,1.3,1.08,450.0
389454,14.700196,3.37815,0,218.02,0.8445433257691711,1.3,1.08,450.0
389455,14.709961,3.65411,0,218.02,0.8622846875510802,1.3,1.08,450.0
389456,14.719727,3.7636,0,218.02,0.8800278661647086,1.3,1.08,450.0
389457,14.729493,3.70094,0,218.02,0.8977710447783369,1.3,1.08,450.0
389458,14.740235,3.45937,0,218.02,0.9172874511541521,1.3,1.08,450.0
389459,14.75,0.75526,0,218.02,0.9350288129360612,1.3,1.08,450.0
389460,14.759766,3.46986,1,222.34,0.0,1.3,1.08,450.0
389461,14.769532,2.84262,0,222.34,0.018094983661187215,1.3,1.08,450.0
389462,14.775391,1.00487,0,222.34,0.028950862144753862,1.3,1.08,450.0
389463,14.785157,1.76075,0,222.34,0.04704584580594108,1.3,1.08,450.0
389464,14.794922,3.67023,0,222.34,0.06513897661195571,1.3,1.08,450.0
389465,14.804688,2.79767,0,222.34,0.08323396027314292,1.3,1.08,450.0
389466,14.81543,1.84153,0,222.34,0.10313733058719786,1.3,1.08,450.0
389467,14.825196,1.48761,0,222.34,0.12123231424838507,1.3,1.08,450.0
389468,14.834961,2.34427,0,222.34,0.13932544505439973,1.3,1.08,450.0
389469,14.844727,1.75315,0,222.34,0.1574204287155869,1.3,1.08,450.0
389470,14.854493,1.68625,0,222.34,0.17551541237677412,1.3,1.08,450.0
389471,14.865235,1.28869,0,222.34,0.19541878269082907,1.3,1.08,450.0
389472,14.870118,0.81535,0,222.34,0.20446627452152802,1.3,1.08,450.0
389473,14.879883,1.54932,0,222.34,0.22255940532733198,1.3,1.08,450.0
389474,14.889649,1.37263,0,222.34,0.2406543889885192,1.3,1.08,450.0
389475,14.900391,1.14625,0,222.34,0.2605577593027848,1.3,1.08,450.0
389476,14.910157,1.2872,0,222.34,0.278652742963972,1.3,1.08,450.0
389477,14.919922,1.15529,0,222.34,0.2967458737699866,1.3,1.08,450.0
389478,14.929688,1.13191,0,222.34,0.3148408574311738,1.3,1.08,450.0
389479,14.94043,1.06666,0,222.34,0.3347442277452288,1.3,1.08,450.0
389480,14.950196,1.20601,0,222.34,0.352839211406416,1.3,1.08,450.0
389481,14.959961,1.0522,0,222.34,0.3709323422124306,1.3,1.08,450.0
389482,14.969727,0.96199,0,222.34,0.3890273258736178,1.3,1.08,450.0
389483,14.979493,1.07677,0,222.34,0.40712230953480505,1.3,1.08,450.0
389484,14.985352,0.96728,0,222.34,0.41797818801837167,1.3,1.08,450.0
389485,14.995118,1.01621,0,222.34,0.4360731716795589,1.3,1.08,450.0
389486,15.004883,0.99991,0,222.34,0.4541663024853629,1.3,1.08,450.0
389487,15.014649,1.02564,0,222.34,0.4722612861465501,1.3,1.08,450.0
389488,15.025391,1.02333,0,222.34,0.49216465646081564,1.3,1.08,450.0
389489,15.035157,1.06314,0,222.34,0.5102596401220029,1.3,1.08,450.0
389490,15.044922,1.01385,0,222.34,0.5283527709280176,1.3,1.08,450.0
389491,15.054688,1.0552,0,222.34,0.5464477545892047,1.3,1.08,450.0
389492,15.06543,1.04175,0,222.34,0.5663511249032597,1.3,1.08,450.0
389493,15.070313,1.06442,0,222.34,0.5753986167339585,1.3,1.08,450.0
389494,15.080079,1.0124,0,222.34,0.5934936003949353,1.3,1.08,450.0
389495,15.089844,0.96964,0,222.34,0.6115867312009498,1.3,1.08,450.0
389496,15.09961,1.11005,0,222.34,0.6296817148621371,1.3,1.08,450.0
389497,15.110352,0.95157,0,222.34,0.6495850851764027,1.3,1.08,450.0
389498,15.120118,1.02399,0,222.34,0.6676800688375899,1.3,1.08,450.0
389499,15.129883,1.0222,0,222.34,0.6857731996433939,1.3,1.08,450.0
389500,15.139649,1.01185,0,222.34,0.703868183304581,1.3,1.08,450.0
389501,15.150391,1.03345,0,222.34,0.7237715536188466,1.3,1.08,450.0
389502,15.160157,1.03378,0,222.34,0.7418665372800338,1.3,1.08,450.0
389503,15.169922,1.01156,0,222.34,0.7599596680860484,1.3,1.08,450.0
389504,15.174805,0.99158,0,222.34,0.7690071599165368,1.3,1.08,450.0
389505,15.184571,1.08855,0,222.34,0.787102143577724,1.3,1.08,450.0
389506,15.195313,1.03541,0,222.34,0.8070055138919895,1.3,1.08,450.0
389507,15.205079,1.07087,0,222.34,0.8251004975529661,1.3,1.08,450.0
389508,15.214844,0.98907,0,222.34,0.8431936283589807,1.3,1.08,450.0
389509,15.22461,0.98251,0,222.34,0.8612886120201679,1.3,1.08,450.0
389510,15.235352,1.08545,0,222.34,0.8811919823344335,1.3,1.08,450.0
389511,15.245118,0.9016,0,222.34,0.8992869659956207,1.3,1.08,450.0
389512,15.254883,1.02267,0,222.34,0.9173800968014247,1.3,1.08,450.0
389513,15.264649,1.11855,0,222.34,0.9354750804626119,1.3,1.08,450.0
389514,15.275391,1.06806,0,222.34,0.9553784507768774,1.3,1.08,450.0
389515,15.280274,1.08465,0,222.34,0.9644259426073657,1.3,1.08,450.0
389516,15.29004,0.98714,0,222.34,0.982520926268553,1.3,1.08,450.0
389517,15.299805,0.84631,0,222.34,0.000614057074567631,1.3,1.08,450.0
389518,15.309571,1.1199,0,222.34,0.018709040735754856,1.3,1.08,450.0
389519,15.320313,1.54876,1,219.04,0.0,1.3,1.08,450.0
389520,15.330079,1.06435,0,219.04,0.017825897353273133,1.3,1.08,450.0
389521,15.339844,1.13767,0,219.04,0.035649969404960985,1.3,1.08,450.0
389522,15.34961,1.36658,0,219.04,0.053475866758441626,1.3,1.08,450.0
389523,15.360352,1.72877,0,219.04,0.07308325866625691,1.3,1.08,450.0
389524,15.365235,2.76062,0,219.04,0.08199620734289348,1.3,1.08,450.0
389525,15.375,3.68544,0,219.04,0.09982027939458132,1.3,1.08,450.0
389526,15.384766,3.73677,0,219.04,0.11764617674806196,1.3,1.08,450.0
389527,15.394532,3.21352,0,219.04,0.13547207410154263,1.3,1.08,450.0
389528,15.405274,2.50023,0,219.04,0.1550794660091504,1.3,1.08,450.0
389529,15.41504,1.656,0,219.04,0.17290536336263104,1.3,1.08,450.0
389530,15.424805,2.09728,0,219.04,0.1907294354143189,1.3,1.08,450.0
389531,15.434571,2.85847,0,219.04,0.20855533276779953,1.3,1.08,450.0
389532,15.445313,3.69855,0,219.04,0.22816272467561483,1.3,1.08,450.0
389533,15.455079,3.76612,0,219.04,0.24598862202888797,1.3,1.08,450.0
389534,15.464844,5.90192,0,219.04,0.2638126940805758,1.3,1.08,450.0
389535,15.47461,3.24963,0,219.04,0.28163859143405645,1.3,1.08,450.0
389536,15.479493,1.81758,0,219.04,0.29055154011090056,1.3,1.08,450.0
389537,15.490235,1.03946,0,219.04,0.3101589320185083,1.3,1.08,450.0
389538,15.5,1.0404,0,219.04,0.32798300407019615,1.3,1.08,450.0
389539,15.509766,0.96494,0,219.04,0.3458089014236768,1.3,1.08,450.0
389540,15.519532,0.8711,0,219.04,0.36363479877715743,1.3,1.08,450.0
389541,15.530274,0.78122,0,219.04,0.3832421906847652,1.3,1.08,450.0
389542,15.54004,1.27191,0,219.04,0.40106808803824584,1.3,1.08,450.0
389543,15.549805,1.791,0,219.04,0.41889216008993374,1.3,1.08,450.0
389544,15.559571,1.84083,0,219.04,0.43671805744341435,1.3,1.08,450.0
389545,15.56543,1.44458,0,219.04,0.44741250067438554,1.3,1.08,450.0
389546,15.575196,0.97764,0,219.04,0.4652383980278662,1.3,1.08,450.0
389547,15.584961,0.74838,0,219.04,0.4830624700795541,1.3,1.08,450.0
389548,15.594727,0.78457,0,219.04,0.5008883674330347,1.3,1.08,450.0
389549,15.604493,0.96965,0,219.04,0.5187142647865154,1.3,1.08,450.0
389550,15.615235,1.16604,0,219.04,0.5383216566941231,1.3,1.08,450.0
389551,15.625,1.43224,0,219.04,0.556145728745811,1.3,1.08,450.0
389552,15.634766,1.50804,0,219.04,0.5739716260992916,1.3,1.08,450.0
389553,15.644532,1.56405,0,219.04,0.5917975234527723,1.3,1.08,450.0
389554,15.655274,1.65504,0,219.04,0.61140491536038,1.3,1.08,450.0
389555,15.66504,1.86394,0,219.04,0.6292308127138607,1.3,1.08,450.0
389556,15.669922,2.1384,0,219.04,0.638141936088912,1.3,1.08,450.0
389557,15.679688,2.37223,0,219.04,0.6559678334423926,1.3,1.08,450.0
389558,15.69043,2.54515,0,219.04,0.6755752253500004,1.3,1.08,450.0
389559,15.700196,2.6557,0,219.04,0.693401122703481,1.3,1.08,450.0
389560,15.709961,2.76745,0,219.04,0.7112251947551689,1.3,1.08,450.0
389561,15.719727,2.93683,0,219.04,0.7290510921086496,1.3,1.08,450.0
389562,15.729493,3.08618,0,219.04,0.7468769894621302,1.3,1.08,450.0
389563,15.740235,3.1347,0,219.04,0.766484381369738,1.3,1.08,450.0
389564,15.75,3.15713,0,219.04,0.7843084534214259,1.3,1.08,450.0
389565,15.759766,3.14627,0,219.04,0.8021343507749065,1.3,1.08,450.0
389566,15.769532,3.0656,0,219.04,0.8199602481283871,1.3,1.08,450.0
389567,15.775391,3.07202,0,219.04,0.8306546913593583,1.3,1.08,450.0
389568,15.785157,3.19746,0,219.04,0.8484805887128389,1.3,1.08,450.0
389569,15.794922,3.44603,0,219.04,0.8663046607645268,1.3,1.08,450.0
389570,15.804688,3.72906,0,219.04,0.8841305581180074,1.3,1.08,450.0
389571,15.81543,3.75807,0,219.04,0.9037379500256152,1.3,1.08,450.0
389572,15.825196,3.55617,0,219.04,0.9215638473790958,1.3,1.08,450.0
389573,15.834961,2.52462,0,219.04,0.9393879194307837,1.3,1.08,450.0
389574,15.844727,1.71879,0,219.04,0.9572138167842644,1.3,1.08,450.0
389575,15.854493,3.86342,0,219.04,0.975039714137745,1.3,1.08,450.0
389576,15.860352,1.87876,0,219.04,0.9857341573687162,1.3,1.08,450.0
389577,15.870118,1.29517,0,219.04,0.0035600547221970036,1.3,1.08,450.0
389578,15.879883,3.00964,0,219.04,0.02138412677367718,1.3,1.08,450.0
389579,15.889649,3.22693,0,219.04,0.039210024127157794,1.3,1.08,450.0
389580,15.900391,2.22072,0,219.04,0.05881741603497326,1.3,1.08,450.0
389581,15.910157,2.0817,0,219.04,0.07664331338845387,1.3,1.08,450.0
389582,15.919922,2.21107,0,219.04,0.09446738544014144,1.3,1.08,450.0
389583,15.929688,1.6829,0,219.04,0.11229328279362227,1.3,1.08,450.0
389584,15.94043,1.3377,0,219.04,0.13190067470123013,1.3,1.08,450.0
389585,15.950196,0.89674,0,219.04,0.14972657205471074,1.3,1.08,450.0
389586,15.959961,1.17774,0,219.04,0.16755064410639853,1.3,1.08,450.0
389587,15.969727,1.38187,1,205.33,0.0,1.3,1.08,450.0
389588,15.97461,1.32072,0,205.33,0.008355403781121958,1.3,1.08,450.0
389589,15.985352,1.33402,0,205.33,0.026736265427272796,1.3,1.08,450.0
389590,15.995118,1.27134,0,205.33,0.04344707298971125,1.3,1.08,450.0
389591,16.004883,1.15852,0,205.33,0.060156169430972135,1.3,1.08,450.0
389592,16.014649,1.12744,0,205.33,0.07686697699341058,1.3,1.08,450.0
389593,16.025391,1.11269,0,205.33,0.09524783863956142,1.3,1.08,450.0
389594,16.035157,1.106,0,205.33,0.11195864620199987,1.3,1.08,450.0
389595,16.044922,1.076,0,205.33,0.1286677426434553,1.3,1.08,450.0
389596,16.054688,1.01665,0,205.33,0.14537855020589374,1.3,1.08,450.0
389597,16.06543,0.92822,0,205.33,0.16375941185185006,1.3,1.08,450.0
389598,16.070313,1.00725,0,205.33,0.17211481563316652,1.3,1.08,450.0
389599,16.080079,0.92881,0,205.33,0.18882562319541044,1.3,1.08,450.0
389600,16.089844,0.98793,0,205.33,0.20553471963686587,1.3,1.08,450.0
389601,16.09961,1.04023,0,205.33,0.22224552719930432,1.3,1.08,450.0
389602,16.110352,0.97082,0,205.33,0.24062638884545515,1.3,1.08,450.0
389603,16.120118,0.97479,0,205.33,0.2573371964078936,1.3,1.08,450.0
389604,16.129883,0.96184,0,205.33,0.27404629284915444,1.3,1.08,450.0
389605,16.139649,0.99077,0,205.33,0.2907571004115929,1.3,1.08,450.0
389606,16.150391,1.03865,0,205.33,0.30913796205774374,1.3,1.08,450.0
389607,16.160157,1.03589,0,205.33,0.3258487696201822,1.3,1.08,450.0
389608,16.16504,0.99834,0,205.33,0.3342041734013042,1.3,1.08,450.0
389609,16.174805,1.06908,0,205.33,0.3509132698427596,1.3,1.08,450.0
389610,16.184571,1.03733,0,205.33,0.36762407740519804,1.3,1.08,450.0
389611,16.195313,1.05121,0,205.33,0.38600493905134886,1.3,1.08,450.0
389612,16.205079,1.09204,0,205.33,0.40271574661359283,1.3,1.08,450.0
389613,16.214844,1.04,0,205.33,0.41942484305504824,1.3,1.08,450.0
389614,16.22461,1.04418,0,205.33,0.43613565061748666,1.3,1.08,450.0
389615,16.235352,1.02421,0,205.33,0.45451651226363754,1.3,1.08,450.0
389616,16.245118,1.03833,0,205.33,0.47122731982607596,1.3,1.08,450.0
389617,16.254883,1.03746,0,205.33,0.4879364162673368,1.3,1.08,450.0
389618,16.264649,1.09841,0,205.33,0.5046472238297752,1.3,1.08,450.0
389619,16.275391,1.05764,0,205.33,0.5230280854759262,1.3,1.08,450.0
389620,16.280274,1.03414,0,205.33,0.531383489257048,1.3,1.08,450.0
389621,16.29004,1.02589,0,205.33,0.5480942968194866,1.3,1.08,450.0
389622,16.299805,1.01132,0,205.33,0.564803393260942,1.3,1.08,450.0
389623,16.309571,1.02294,0,205.33,0.5815142008233803,1.3,1.08,450.0
389624,16.320313,0.88825,0,205.33,0.5998950624695313,1.3,1.08,450.0
389625,16.330079,1.0842,0,205.33,0.6166058700317751,1.3,1.08,450.0
389626,16.339844,1.0738,0,205.33,0.6333149664732306,1.3,1.08,450.0
389627,16.34961,1.00166,0,205.33,0.650025774035669,1.3,1.08,450.0
389628,16.360352,1.03898,0,205.33,0.6684066356818198,1.3,1.08,450.0
389629,16.365235,1.12533,0,205.33,0.6767620394629418,1.3,1.08,450.0
389630,16.375,1.01593,0,205.33,0.6934711359043972,1.3,1.08,450.0
389631,16.384766,1.06833,0,205.33,0.7101819434668357,1.3,1.08,450.0
389632,16.394532,0.91661,0,205.33,0.7268927510292741,1.3,1.08,450.0
389633,16.405274,0.8665,0,205.33,0.7452736126752305,1.3,1.08,450.0
389634,16.41504,1.468,0,205.33,0.7619844202376689,1.3,1.08,450.0
389635,16.424805,1.12238,0,205.33,0.7786935166791243,1.3,1.08,450.0
389636,16.434571,1.03975,0,205.33,0.7954043242415628,1.3,1.08,450.0
389637,16.445313,1.43419,1,224.13,0.0,1.3,1.08,450.0
389638,16.455079,1.75627,0,224.13,0.01824035121962812,1.3,1.08,450.0
389639,16.464844,2.42129,0,224.13,0.036478834699229606,1.3,1.08,450.0
389640,16.469727,3.57945,0,224.13,0.045599010309256,1.3,1.08,450.0
389641,16.479493,3.89191,0,224.13,0.06383936152909646,1.3,1.08,450.0
389642,16.490235,3.02364,0,224.13,0.08390262722662895,1.3,1.08,450.0
389643,16.5,2.61965,0,224.13,0.10214111070623043,1.3,1.08,450.0
389644,16.509766,2.32161,0,224.13,0.12038146192607088,1.3,1.08,450.0
389645,16.519532,2.20549,0,224.13,0.13862181314591132,1.3,1.08,450.0
389646,16.530274,2.94929,0,224.13,0.15868507884344382,1.3,1.08,450.0
389647,16.54004,3.45421,0,224.13,0.1769254300632843,1.3,1.08,450.0
389648,16.549805,3.42164,0,224.13,0.19516391354288576,1.3,1.08,450.0
389649,16.559571,7.23349,0,224.13,0.21340426476272623,1.3,1.08,450.0
389650,16.56543,3.39576,0,224.13,0.22434735485044463,1.3,1.08,450.0
389651,16.575196,2.00622,0,224.13,0.24258770607028513,1.3,1.08,450.0
389652,16.584961,1.23907,0,224.13,0.26082618954988657,1.3,1.08,450.0
389653,16.594727,1.18319,0,224.13,0.27906654076972703,1.3,1.08,450.0
389654,16.604493,1.14269,0,224.13,0.2973068919895675,1.3,1.08,450.0
389655,16.615235,0.95914,0,224.13,0.31737015768710003,1.3,1.08,450.0
389656,16.625,1.03921,0,224.13,0.33560864116670147,1.3,1.08,450.0
389657,16.634766,1.60073,0,224.13,0.35384899238654194,1.3,1.08,450.0
389658,16.644532,1.91772,0,224.13,0.3720893436063824,1.3,1.08,450.0
389659,16.655274,1.84531,0,224.13,0.3921526093039149,1.3,1.08,450.0
389660,16.66504,1.5668,0,224.13,0.41039296052375535,1.3,1.08,450.0
389661,16.669922,1.20355,0,224.13,0.41951126839354275,1.3,1.08,450.0
389662,16.679688,1.01331,0,224.13,0.4377516196133832,1.3,1.08,450.0
389663,16.69043,0.87661,0,224.13,0.45781488531091574,1.3,1.08,450.0
389664,16.700196,0.87356,0,224.13,0.47605523653075615,1.3,1.08,450.0
389665,16.709961,1.03506,0,224.13,0.49429372001035765,1.3,1.08,450.0
389666,16.719727,1.32795,0,224.13,0.5125340712301981,1.3,1.08,450.0
389667,16.729493,1.65067,0,224.13,0.5307744224500385,1.3,1.08,450.0
389668,16.740235,1.82571,0,224.13,0.5508376881475711,1.3,1.08,450.0
389669,16.75,1.84394,0,224.13,0.5690761716271725,1.3,1.08,450.0
389670,16.759766,2.0092,0,224.13,0.587316522847013,1.3,1.08,450.0
389671,16.769532,2.23092,0,224.13,0.6055568740668534,1.3,1.08,450.0
389672,16.775391,2.48658,0,224.13,0.6164999641545719,1.3,1.08,450.0
389673,16.785157,2.64801,0,224.13,0.6347403153744123,1.3,1.08,450.0
389674,16.794922,2.81043,0,224.13,0.6529787988540138,1.3,1.08,450.0
389675,16.804688,2.97434,0,224.13,0.6712191500738542,1.3,1.08,450.0
389676,16.81543,3.07658,0,224.13,0.6912824157713867,1.3,1.08,450.0
389677,16.825196,3.10914,0,224.13,0.7095227669912272,1.3,1.08,450.0
389678,16.834961,3.09918,0,224.13,0.7277612504708287,1.3,1.08,450.0
389679,16.844727,3.10181,0,224.13,0.7460016016906691,1.3,1.08,450.0
389680,16.854493,3.19361,0,224.13,0.7642419529105096,1.3,1.08,450.0
389681,16.860352,3.25386,0,224.13,0.775185042998228,1.3,1.08,450.0
389682,16.870118,3.36315,0,224.13,0.7934253942180685,1.3,1.08,450.0
389683,16.879883,3.50863,0,224.13,0.8116638776974576,1.3,1.08,450.0
389684,16.889649,3.6547,0,224.13,0.8299042289172981,1.3,1.08,450.0
389685,16.900391,3.71667,0,224.13,0.849967494615043,1.3,1.08,450.0
389686,16.910157,3.64433,0,224.13,0.8682078458348833,1.3,1.08,450.0
389687,16.919922,3.27461,0,224.13,0.8864463293144849,1.3,1.08,450.0
389688,16.929688,0.8184,0,224.13,0.9046866805343253,1.3,1.08,450.0
389689,16.94043,3.41433,1,231.42,0.0,1.3,1.08,450.0
389690,16.950196,2.28079,0,231.42,0.018834063029453754,1.3,1.08,450.0
389691,16.959961,0.96824,0,231.42,0.03766619752491387,1.3,1.08,450.0
389692,16.969727,2.51091,0,231.42,0.056500260554367625,1.3,1.08,450.0
389693,16.97461,3.50127,0,231.42,0.06591729206898488,1.3,1.08,450.0
389694,16.985352,2.30011,0,231.42,0.0866336042810536,1.3,1.08,450.0
389695,16.995118,1.7321,0,231.42,0.10546766731050736,1.3,1.08,450.0
389696,17.004883,1.67946,0,231.42,0.12429980180574822,1.3,1.08,450.0
389697,17.014649,2.58894,0,231.42,0.14313386483520196,1.3,1.08,450.0
389698,17.025391,1.77308,0,231.42,0.1638501770472707,1.3,1.08,450.0
389699,17.035157,1.54183,0,231.42,0.18268424007672446,1.3,1.08,450.0
389700,17.044922,0.83787,0,231.42,0.20151637457218458,1.3,1.08,450.0
389701,17.054688,1.46471,0,231.42,0.22035043760163833,1.3,1.08,450.0
389702,17.06543,1.56032,0,231.42,0.2410667498134878,1.3,1.08,450.0
389703,17.070313,1.34506,0,231.42,0.25048378132832433,1.3,1.08,450.0
389704,17.080079,1.19326,0,231.42,0.26931784435755884,1.3,1.08,450.0
389705,17.089844,1.18993,0,231.42,0.2881499788530189,1.3,1.08,450.0
389706,17.09961,1.10041,0,231.42,0.3069840418824727,1.3,1.08,450.0
389707,17.110352,1.03932,0,231.42,0.3277003540945414,1.3,1.08,450.0
389708,17.120118,1.05089,0,231.42,0.34653441712399513,1.3,1.08,450.0
389709,17.129883,0.92261,0,231.42,0.36536655161923604,1.3,1.08,450.0
389710,17.139649,1.17854,0,231.42,0.3842006146486898,1.3,1.08,450.0
389711,17.150391,0.9702,0,231.42,0.40491692686075853,1.3,1.08,450.0
389712,17.160157,1.07984,0,231.42,0.42375098989021226,1.3,1.08,450.0
389713,17.16504,1.05117,0,231.42,0.4331680214048295,1.3,1.08,450.0
389714,17.174805,1.03915,0,231.42,0.45200015590028964,1.3,1.08,450.0
389715,17.184571,1.08268,0,231.42,0.4708342189297434,1.3,1.08,450.0
389716,17.195313,1.04766,0,231.42,0.49155053114181213,1.3,1.08,450.0
389717,17.205079,1.01373,0,231.42,0.5103845941710466,1.3,1.08,450.0
389718,17.214844,1.05347,0,231.42,0.5292167286665067,1.3,1.08,450.0
389719,17.22461,1.02913,0,231.42,0.5480507916959605,1.3,1.08,450.0
389720,17.235352,1.01287,0,231.42,0.5687671039080293,1.3,1.08,450.0
389721,17.245118,1.0243,0,231.42,0.587601166937483,1.3,1.08,450.0
389722,17.254883,0.98913,0,231.42,0.6064333014327238,1.3,1.08,450.0
389723,17.264649,1.07889,0,231.42,0.6252673644621776,1.3,1.08,450.0
389724,17.275391,0.97423,0,231.42,0.6459836766742464,1.3,1.08,450.0
389725,17.280274,1.02603,0,231.42,0.6554007081888636,1.3,1.08,450.0
389726,17.29004,1.02699,0,231.42,0.6742347712183173,1.3,1.08,450.0
389727,17.299805,0.98801,0,231.42,0.6930669057137775,1.3,1.08,450.0
389728,17.309571,1.03869,0,231.42,0.7119009687432312,1.3,1.08,450.0
389729,17.320313,1.02442,0,231.42,0.7326172809552999,1.3,1.08,450.0
389730,17.330079,1.00744,0,231.42,0.7514513439845344,1.3,1.08,450.0
389731,17.339844,1.03156,0,231.42,0.7702834784799946,1.3,1.08,450.0
389732,17.34961,1.07156,0,231.42,0.7891175415094482,1.3,1.08,450.0
389733,17.360352,1.02701,0,231.42,0.8098338537215171,1.3,1.08,450.0
389734,17.365235,0.98274,0,231.42,0.8192508852361342,1.3,1.08,450.0
389735,17.375,1.0166,0,231.42,0.8380830197315945,1.3,1.08,450.0
389736,17.384766,1.06764,0,231.42,0.8569170827610482,1.3,1.08,450.0
389737,17.394532,1.00047,0,231.42,0.875751145790502,1.3,1.08,450.0
389738,17.405274,0.92521,0,231.42,0.8964674580023514,1.3,1.08,450.0
389739,17.41504,1.10582,0,231.42,0.9153015210318052,1.3,1.08,450.0
389740,17.424805,0.99805,0,231.42,0.9341336555272652,1.3,1.08,450.0
389741,17.434571,1.00802,0,231.42,0.952967718556719,1.3,1.08,450.0
389742,17.445313,1.00857,0,231.42,0.9736840307687877,1.3,1.08,450.0
389743,17.455079,1.12755,0,231.42,0.9925180937980222,1.3,1.08,450.0
389744,17.464844,1.09471,0,231.42,0.011350228293482312,1.3,1.08,450.0
389745,17.469727,0.93775,0,231.42,0.02076725980831884,1.3,1.08,450.0
389746,17.479493,0.85305,0,231.42,0.03960132283777251,1.3,1.08,450.0
389747,17.490235,1.15823,0,231.42,0.060317635049622176,1.3,1.08,450.0
389748,17.5,1.46152,1,224.63,0.0,1.3,1.08,450.0
389749,17.509766,1.05953,0,224.63,0.018281512571510467,1.3,1.08,450.0
389750,17.519532,0.99575,0,224.63,0.036563025143020934,1.3,1.08,450.0
389751,17.530274,1.5283,0,224.63,0.05667156579853377,1.3,1.08,450.0
389752,17.54004,1.65441,0,224.63,0.07495307837004424,1.3,1.08,450.0
389753,17.549805,2.27467,0,224.63,0.09323271898655518,1.3,1.08,450.0
389754,17.559571,3.80893,0,224.63,0.11151423155806565,1.3,1.08,450.0
389755,17.56543,4.14743,0,224.63,0.12248201592792965,1.3,1.08,450.0
389756,17.575196,3.07496,0,224.63,0.14076352849944013,1.3,1.08,450.0
389757,17.584961,2.87812,0,224.63,0.15904316911595107,1.3,1.08,450.0
389758,17.594727,1.86201,0,224.63,0.17732468168746154,1.3,1.08,450.0
389759,17.604493,2.07682,0,224.63,0.19560619425897202,1.3,1.08,450.0
389760,17.615235,2.56549,0,224.63,0.21571473491448484,1.3,1.08,450.0
389761,17.625,2.12215,0,224.63,0.23399437553099578,1.3,1.08,450.0
389762,17.634766,2.35653,0,224.63,0.2522758881025063,1.3,1.08,450.0
389763,17.644532,5.96246,0,224.63,0.27055740067401673,1.3,1.08,450.0
389764,17.655274,3.3265,0,224.63,0.29066594132952955,1.3,1.08,450.0
389765,17.660157,2.92594,0,224.63,0.2998066976153912,1.3,1.08,450.0
389766,17.669922,1.50228,0,224.63,0.31808633823190213,1.3,1.08,450.0
389767,17.679688,1.25354,0,224.63,0.33636785080341264,1.3,1.08,450.0
389768,17.69043,1.06298,0,224.63,0.35647639145892546,1.3,1.08,450.0
389769,17.700196,0.88683,0,224.63,0.3747579040304359,1.3,1.08,450.0
389770,17.709961,0.81743,0,224.63,0.39303754464694685,1.3,1.08,450.0
389771,17.719727,0.87801,0,224.63,0.41131905721845735,1.3,1.08,450.0
389772,17.729493,1.08596,0,224.63,0.4296005697899678,1.3,1.08,450.0
389773,17.740235,1.29974,0,224.63,0.4497091104454806,1.3,1.08,450.0
389774,17.75,1.37211,0,224.63,0.46798875106199156,1.3,1.08,450.0
389775,17.759766,1.21723,0,224.63,0.486270263633502,1.3,1.08,450.0
389776,17.769532,1.0047,0,224.63,0.5045517762050126,1.3,1.08,450.0
389777,17.775391,0.92623,0,224.63,0.5155195605748765,1.3,1.08,450.0
389778,17.785157,0.86171,0,224.63,0.533801073146387,1.3,1.08,450.0
389779,17.794922,1.03641,0,224.63,0.5520807137628979,1.3,1.08,450.0
389780,17.804688,1.14153,0,224.63,0.5703622263344084,1.3,1.08,450.0
389781,17.81543,1.19907,0,224.63,0.5904707669899213,1.3,1.08,450.0
389782,17.825196,1.39388,0,224.63,0.6087522795614316,1.3,1.08,450.0
389783,17.834961,1.48278,0,224.63,0.6270319201779427,1.3,1.08,450.0
389784,17.844727,1.55882,0,224.63,0.6453134327494532,1.3,1.08,450.0
389785,17.854493,1.67446,0,224.63,0.6635949453209636,1.3,1.08,450.0
389786,17.860352,1.93257,0,224.63,0.6745627296908275,1.3,1.08,450.0
389787,17.870118,2.23664,0,224.63,0.692844242262338,1.3,1.08,450.0
389788,17.879883,2.5011,0,224.63,0.7111238828786363,1.3,1.08,450.0
389789,17.889649,2.74474,0,224.63,0.7294053954501467,1.3,1.08,450.0
389790,17.900391,2.93784,0,224.63,0.7495139361058722,1.3,1.08,450.0
389791,17.910157,3.0334,0,224.63,0.7677954486773828,1.3,1.08,450.0
389792,17.919922,3.00113,0,224.63,0.7860750892938937,1.3,1.08,450.0
389793,17.929688,2.84721,0,224.63,0.8043566018654041,1.3,1.08,450.0
389794,17.94043,2.75373,0,224.63,0.8244651425209171,1.3,1.08,450.0
389795,17.950196,2.76025,0,224.63,0.8427466550924275,1.3,1.08,450.0
389796,17.959961,2.7908,0,224.63,0.8610262957089385,1.3,1.08,450.0
389797,17.964844,2.89538,0,224.63,0.8701670519945872,1.3,1.08,450.0
389798,17.97461,3.09846,0,224.63,0.8884485645660977,1.3,1.08,450.0
389799,17.985352,3.2953,0,224.63,0.9085571052218234,1.3,1.08,450.0
389800,17.995118,3.54423,0,224.63,0.9268386177933338,1.3,1.08,450.0
389801,18.004883,3.76455,0,224.63,0.945118258409632,1.3,1.08,450.0
389802,18.014649,3.7292,0,224.63,0.9633997709811425,1.3,1.08,450.0
389803,18.025391,3.3223,0,224.63,0.983508311636868,1.3,1.08,450.0
389804,18.035157,0.85825,0,224.63,0.0017898242083786986,1.3,1.08,450.0
389805,18.044922,3.99166,1,222.87,0.0,1.3,1.08,450.0
389806,18.054688,2.2795,0,222.87,0.018137639948654263,1.3,1.08,450.0
389807,18.06543,0.89816,0,222.87,0.03808792955822094,1.3,1.08,450.0
389808,18.070313,2.26164,0,222.87,0.04715674953265365,1.3,1.08,450.0
389809,18.080079,3.40218,0,222.87,0.06529438948109677,1.3,1.08,450.0
389810,18.089844,2.31143,0,222.87,0.08343017220674234,1.3,1.08,450.0
389811,18.09961,1.92641,0,222.87,0.1015678121553966,1.3,1.08,450.0
389812,18.110352,1.72105,0,222.87,0.12151810176517443,1.3,1.08,450.0
389813,18.120118,1.8795,0,222.87,0.1396557417138287,1.3,1.08,450.0
389814,18.129883,1.32872,0,222.87,0.15779152443926311,1.3,1.08,450.0
389815,18.139649,1.78591,0,222.87,0.1759291643879174,1.3,1.08,450.0
389816,18.150391,1.68554,0,222.87,0.1958794539976952,1.3,1.08,450.0
389817,18.155274,1.3227,0,222.87,0.20494827397191676,1.3,1.08,450.0
389818,18.16504,0.89342,0,222.87,0.22308591392057103,1.3,1.08,450.0
389819,18.174805,1.49718,0,222.87,0.2412216966462166,1.3,1.08,450.0
389820,18.184571,1.32321,0,222.87,0.25935933659487087,1.3,1.08,450.0
389821,18.195313,1.14148,0,222.87,0.27930962620464866,1.3,1.08,450.0
389822,18.205079,1.15978,0,222.87,0.2974472661530918,1.3,1.08,450.0
389823,18.214844,1.04968,0,222.87,0.3155830488787374,1.3,1.08,450.0
389824,18.22461,1.18213,0,222.87,0.3337206888273917,1.3,1.08,450.0
389825,18.235352,0.96515,0,222.87,0.3536709784371695,1.3,1.08,450.0
389826,18.245118,1.11147,0,222.87,0.37180861838582374,1.3,1.08,450.0
389827,18.254883,1.04299,0,222.87,0.38994440111125817,1.3,1.08,450.0
389828,18.264649,0.99928,0,222.87,0.4080820410599124,1.3,1.08,450.0
389829,18.269532,0.96097,0,222.87,0.4171508610343452,1.3,1.08,450.0
389830,18.280274,0.9833,0,222.87,0.4371011506439118,1.3,1.08,450.0
389831,18.29004,0.92729,0,222.87,0.45523879059256606,1.3,1.08,450.0
389832,18.299805,0.97746,0,222.87,0.47337457331821164,1.3,1.08,450.0
389833,18.309571,1.0481,0,222.87,0.4915122132668659,1.3,1.08,450.0
389834,18.320313,1.04875,0,222.87,0.5114625028766437,1.3,1.08,450.0
389835,18.330079,1.05948,0,222.87,0.5296001428250868,1.3,1.08,450.0
389836,18.339844,1.02123,0,222.87,0.5477359255507325,1.3,1.08,450.0
389837,18.34961,1.10877,0,222.87,0.5658735654993866,1.3,1.08,450.0
389838,18.360352,1.00176,0,222.87,0.5858238551091646,1.3,1.08,450.0
389839,18.365235,1.01657,0,222.87,0.5948926750833861,1.3,1.08,450.0
389840,18.375,1.09017,0,222.87,0.6130284578090316,1.3,1.08,450.0
389841,18.384766,1.03186,0,222.87,0.631166097757686,1.3,1.08,450.0
389842,18.394532,1.05132,0,222.87,0.6493037377063402,1.3,1.08,450.0
389843,18.405274,1.02229,0,222.87,0.6692540273159069,1.3,1.08,450.0
389844,18.41504,1.03022,0,222.87,0.6873916672645611,1.3,1.08,450.0
389845,18.424805,1.0235,0,222.87,0.7055274499902067,1.3,1.08,450.0
389846,18.434571,1.01706,0,222.87,0.7236650899388609,1.3,1.08,450.0
389847,18.445313,1.0529,0,222.87,0.7436153795486388,1.3,1.08,450.0
389848,18.455079,1.06039,0,222.87,0.7617530194970819,1.3,1.08,450.0
389849,18.464844,1.03336,0,222.87,0.7798888022227275,1.3,1.08,450.0
389850,18.469727,1.05272,0,222.87,0.7889576221971601,1.3,1.08,450.0
389851,18.479493,1.07652,0,222.87,0.8070952621458145,1.3,1.08,450.0
389852,18.490235,0.87007,0,222.87,0.8270455517553811,1.3,1.08,450.0
389853,18.5,1.09031,0,222.87,0.8451813344810266,1.3,1.08,450.0
389854,18.509766,0.99398,0,222.87,0.863318974429681,1.3,1.08,450.0
389855,18.519532,1.04698,0,222.87,0.8814566143783352,1.3,1.08,450.0
389856,18.530274,1.0284,0,222.87,0.9014069039879019,1.3,1.08,450.0
389857,18.54004,1.14389,0,222.87,0.9195445439365562,1.3,1.08,450.0
389858,18.549805,1.07216,0,222.87,0.9376803266622017,1.3,1.08,450.0
389859,18.559571,1.04715,0,222.87,0.955817966610856,1.3,1.08,450.0
389860,18.56543,1.09125,0,222.87,0.966699436246201,1.3,1.08,450.0
389861,18.575196,0.9103,0,222.87,0.9848370761948554,1.3,1.08,450.0
389862,18.584961,0.6615,0,222.87,0.0029728589205009204,1.3,1.08,450.0
389863,18.594727,1.35268,1,221.02,0.0,1.3,1.08,450.0
389864,18.604493,1.34238,0,221.02,0.017987648492078605,1.3,1.08,450.0
389865,18.615235,1.1129,0,221.02,0.037772956714534484,1.3,1.08,450.0
389866,18.625,1.64182,0,221.02,0.05575876334213974,1.3,1.08,450.0
389867,18.634766,1.84556,0,221.02,0.07374641183421835,1.3,1.08,450.0
389868,18.644532,3.15855,0,221.02,0.09173406032629695,1.3,1.08,450.0
389869,18.655274,4.04351,0,221.02,0.11151936854875283,1.3,1.08,450.0
389870,18.660157,3.33966,0,221.02,0.12051319279489683,1.3,1.08,450.0
389871,18.669922,3.19804,0,221.02,0.13849899942250207,1.3,1.08,450.0
389872,18.679688,2.4606,0,221.02,0.1564866479145807,1.3,1.08,450.0
389873,18.69043,1.83087,0,221.02,0.17627195613703658,1.3,1.08,450.0
389874,18.700196,2.56573,0,221.02,0.1942596046291152,1.3,1.08,450.0
389875,18.709961,2.87658,0,221.02,0.21224541125672045,1.3,1.08,450.0
389876,18.719727,3.18917,0,221.02,0.23023305974879904,1.3,1.08,450.0
389877,18.729493,4.75814,0,221.02,0.24822070824087766,1.3,1.08,450.0
389878,18.740235,4.56266,0,221.02,0.26800601646333355,1.3,1.08,450.0
389879,18.75,3.03729,0,221.02,0.2859918230909388,1.3,1.08,450.0
389880,18.759766,1.68098,0,221.02,0.30397947158301736,1.3,1.08,450.0
389881,18.769532,1.04676,0,221.02,0.32196712007509604,1.3,1.08,450.0
389882,18.775391,1.03592,0,221.02,0.3327586040516172,1.3,1.08,450.0
389883,18.785157,0.93008,0,221.02,0.3507462525436959,1.3,1.08,450.0
389884,18.794922,0.78794,0,221.02,0.36873205917130114,1.3,1.08,450.0
389885,18.804688,0.82739,0,221.02,0.38671970766337976,1.3,1.08,450.0
389886,18.81543,1.26836,0,221.02,0.40650501588583565,1.3,1.08,450.0
389887,18.825196,1.72581,0,221.02,0.4244926643779142,1.3,1.08,450.0
389888,18.834961,1.81633,0,221.02,0.4424784710055195,1.3,1.08,450.0
389889,18.844727,1.48521,0,221.02,0.4604661194975981,1.3,1.08,450.0
389890,18.854493,0.93735,0,221.02,0.47845376798967665,1.3,1.08,450.0
389891,18.860352,0.65533,0,221.02,0.48924525196619795,1.3,1.08,450.0
389892,18.870118,0.76199,0,221.02,0.5072329004582766,1.3,1.08,450.0
389893,18.879883,1.00414,0,221.02,0.5252187070856724,1.3,1.08,450.0
389894,18.889649,1.15631,0,221.02,0.5432063555777511,1.3,1.08,450.0
389895,18.900391,1.29954,0,221.02,0.5629916638004163,1.3,1.08,450.0
389896,18.910157,1.54503,0,221.02,0.5809793122924949,1.3,1.08,450.0
389897,18.919922,1.69043,0,221.02,0.5989651189201002,1.3,1.08,450.0
389898,18.929688,1.76926,0,221.02,0.6169527674121789,1.3,1.08,450.0
389899,18.94043,1.75722,0,221.02,0.6367380756346346,1.3,1.08,450.0
389900,18.950196,1.96683,0,221.02,0.6547257241267133,1.3,1.08,450.0
389901,18.959961,2.23424,0,221.02,0.6727115307543186,1.3,1.08,450.0
389902,18.964844,2.51728,0,221.02,0.6817053550002531,1.3,1.08,450.0
389903,18.97461,2.71522,0,221.02,0.6996930034923318,1.3,1.08,450.0
389904,18.985352,2.80395,0,221.02,0.7194783117149971,1.3,1.08,450.0
389905,18.995118,2.86627,0,221.02,0.7374659602070756,1.3,1.08,450.0
389906,19.004883,2.8791,0,221.02,0.7554517668344716,1.3,1.08,450.0
389907,19.014649,2.97299,0,221.02,0.77343941532655,1.3,1.08,450.0
389908,19.025391,3.13969,0,221.02,0.7932247235492154,1.3,1.08,450.0
389909,19.035157,3.21647,0,221.02,0.8112123720412939,1.3,1.08,450.0
389910,19.044922,3.2081,0,221.02,0.8291981786688993,1.3,1.08,450.0
389911,19.054688,3.09918,0,221.02,0.8471858271609778,1.3,1.08,450.0
389912,19.06543,3.15236,0,221.02,0.8669711353834337,1.3,1.08,450.0
389913,19.070313,3.46397,0,221.02,0.8759649596295777,1.3,1.08,450.0
389914,19.080079,3.75095,0,221.02,0.893952608121447,1.3,1.08,450.0
389915,19.089844,3.77141,0,221.02,0.9119384147490522,1.3,1.08,450.0
389916,19.09961,3.60134,0,221.02,0.9299260632411308,1.3,1.08,450.0
389917,19.110352,2.92525,0,221.02,0.949711371463796,1.3,1.08,450.0
389918,19.120118,1.31235,0,221.02,0.9676990199558747,1.3,1.08,450.0
389919,19.129883,4.04081,0,221.02,0.9856848265832705,1.3,1.08,450.0
389920,19.139649,2.14697,0,221.02,0.0036724750753491797,1.3,1.08,450.0
389921,19.150391,0.89036,0,221.02,0.023457783298014512,1.3,1.08,450.0
389922,19.155274,2.55991,1,218.24,0.0,1.3,1.08,450.0
389923,19.16504,3.50904,0,218.24,0.01776149625201689,1.3,1.08,450.0
389924,19.174805,2.27921,0,218.24,0.03552117379666053,1.3,1.08,450.0
389925,19.184571,1.57422,0,218.24,0.05328267004867742,1.3,1.08,450.0
389926,19.195313,1.53071,0,218.24,0.07281922470153408,1.3,1.08,450.0
389927,19.205079,2.31706,0,218.24,0.09058072095334421,1.3,1.08,450.0
389928,19.214844,1.26503,0,218.24,0.10834039849798786,1.3,1.08,450.0
389929,19.22461,1.18901,0,218.24,0.12610189475000474,1.3,1.08,450.0
389930,19.235352,1.07129,0,218.24,0.14563844940286141,1.3,1.08,450.0
389931,19.245118,1.34727,0,218.24,0.1633999456548783,1.3,1.08,450.0
389932,19.254883,1.1035,0,218.24,0.1811596231993152,1.3,1.08,450.0
389933,19.264649,1.22241,0,218.24,0.1989211194513321,1.3,1.08,450.0
389934,19.269532,1.23909,0,218.24,0.2078018675774439,1.3,1.08,450.0
389935,19.280274,1.22985,0,218.24,0.2273384222300938,1.3,1.08,450.0
389936,19.29004,1.01335,0,218.24,0.24509991848211068,1.3,1.08,450.0
389937,19.299805,1.15425,0,218.24,0.26285959602675435,1.3,1.08,450.0
389938,19.309571,1.1309,0,218.24,0.28062109227877124,1.3,1.08,450.0
389939,19.320313,0.9805,0,218.24,0.3001576469316279,1.3,1.08,450.0
389940,19.330079,1.11183,0,218.24,0.31791914318343806,1.3,1.08,450.0
389941,19.339844,0.91495,0,218.24,0.33567882072808164,1.3,1.08,450.0
389942,19.34961,1.02314,0,218.24,0.35344031698009853,1.3,1.08,450.0
389943,19.360352,1.02027,0,218.24,0.37297687163295523,1.3,1.08,450.0
389944,19.365235,1.00456,0,218.24,0.3818576197588603,1.3,1.08,450.0
389945,19.375,0.9638,0,218.24,0.3996172973035039,1.3,1.08,450.0
389946,19.384766,0.99351,0,218.24,0.4173787935555208,1.3,1.08,450.0
389947,19.394532,1.00652,0,218.24,0.4351402898075377,1.3,1.08,450.0
389948,19.405274,1.02708,0,218.24,0.4546768444601876,1.3,1.08,450.0
389949,19.41504,1.09445,0,218.24,0.47243834071220453,1.3,1.08,450.0
389950,19.424805,1.07574,0,218.24,0.4901980182568481,1.3,1.08,450.0
389951,19.434571,1.11489,0,218.24,0.507959514508865,1.3,1.08,450.0
389952,19.445313,0.99127,0,218.24,0.5274960691617216,1.3,1.08,450.0
389953,19.455079,1.05969,0,218.24,0.5452575654135319,1.3,1.08,450.0
389954,19.459961,1.03063,0,218.24,0.5541364948322705,1.3,1.08,450.0
389955,19.469727,1.04193,0,218.24,0.5718979910842873,1.3,1.08,450.0
389956,19.479493,0.9954,0,218.24,0.5896594873363041,1.3,1.08,450.0
389957,19.490235,1.001,0,218.24,0.609196041988954,1.3,1.08,450.0
389958,19.5,1.01173,0,218.24,0.6269557195335977,1.3,1.08,450.0
389959,19.509766,1.00926,0,218.24,0.6447172157856147,1.3,1.08,450.0
389960,19.519532,1.06243,0,218.24,0.6624787120376314,1.3,1.08,450.0
389961,19.530274,1.01852,0,218.24,0.6820152666902815,1.3,1.08,450.0
389962,19.54004,1.16514,0,218.24,0.6997767629422983,1.3,1.08,450.0
389963,19.549805,1.02002,0,218.24,0.717536440486942,1.3,1.08,450.0
389964,19.559571,1.01482,0,218.24,0.7352979367389588,1.3,1.08,450.0
389965,19.56543,0.99248,0,218.24,0.7459537432657036,1.3,1.08,450.0
389966,19.575196,0.9533,0,218.24,0.7637152395177206,1.3,1.08,450.0
389967,19.584961,1.05399,0,218.24,0.7814749170623643,1.3,1.08,450.0
389968,19.594727,1.02553,0,218.24,0.7992364133143811,1.3,1.08,450.0
389969,19.604493,1.02651,0,218.24,0.816997909566398,1.3,1.08,450.0
389970,19.615235,1.13606,0,218.24,0.8365344642190479,1.3,1.08,450.0
389971,19.625,1.07483,0,218.24,0.8542941417636916,1.3,1.08,450.0
389972,19.634766,1.0423,0,218.24,0.8720556380157085,1.3,1.08,450.0
389973,19.644532,1.07743,0,218.24,0.8898171342677252,1.3,1.08,450.0
389974,19.650391,1.05734,0,218.24,0.9004729407944702,1.3,1.08,450.0
389975,19.660157,1.05234,0,218.24,0.9182344370464871,1.3,1.08,450.0
389976,19.669922,0.84898,0,218.24,0.9359941145911307,1.3,1.08,450.0
389977,19.679688,0.74912,0,218.24,0.9537556108431476,1.3,1.08,450.0
389978,19.69043,1.57156,1,220.64,0.0,1.3,1.08,450.0
389979,19.700196,1.2967,0,220.64,0.01795645152619368,1.3,1.08,450.0
389980,19.709961,1.21067,0,220.64,0.03591106438236065,1.3,1.08,450.0
389981,19.719727,1.59867,0,220.64,0.05386751590855433,1.3,1.08,450.0
389982,19.729493,2.50818,0,220.64,0.07182396743474802,1.3,1.08,450.0
389983,19.740235,3.5361,0,220.64,0.0915749609113987,1.3,1.08,450.0
389984,19.75,4.04703,0,220.64,0.10952957376756568,1.3,1.08,450.0
389985,19.759766,3.35732,0,220.64,0.12748602529375935,1.3,1.08,450.0
389986,19.764649,2.93571,0,220.64,0.13646425105675167,1.3,1.08,450.0
389987,19.775391,2.09431,0,220.64,0.15621524453361144,1.3,1.08,450.0
389988,19.785157,2.15904,0,220.64,0.1741716960598051,1.3,1.08,450.0
389989,19.794922,2.45598,0,220.64,0.19212630891597204,1.3,1.08,450.0
389990,19.804688,2.76498,0,220.64,0.21008276044216573,1.3,1.08,450.0
389991,19.81543,3.00165,0,220.64,0.22983375391881644,1.3,1.08,450.0
389992,19.825196,6.39647,0,220.64,0.24779020544501013,1.3,1.08,450.0
389993,19.834961,3.53553,0,220.64,0.2657448183011771,1.3,1.08,450.0
389994,19.844727,2.76284,0,220.64,0.28370126982737076,1.3,1.08,450.0
389995,19.854493,1.29063,0,220.64,0.30165772135356445,1.3,1.08,450.0
389996,19.860352,1.03295,0,220.64,0.31243048906722287,1.3,1.08,450.0
389997,19.870118,0.90921,0,220.64,0.3303869405934165,1.3,1.08,450.0
389998,19.879883,0.82565,0,220.64,0.34834155344937445,1.3,1.08,450.0
389999,19.889649,0.73285,0,220.64,0.36629800497556814,1.3,1.08,450.0
390000,19.900391,0.90779,0,220.64,0.38604899845242785,1.3,1.08,450.0
390001,19.910157,1.41573,0,220.64,0.40400544997862153,1.3,1.08,450.0
390002,19.919922,1.79497,0,220.64,0.4219600628347885,1.3,1.08,450.0
390003,19.929688,1.6914,0,220.64,0.4399165143609822,1.3,1.08,450.0
390004,19.94043,1.27045,0,220.64,0.4596675078376329,1.3,1.08,450.0
390005,19.950196,0.86221,0,220.64,0.47762395936382657,1.3,1.08,450.0
390006,19.955079,0.7503,0,220.64,0.4866021851268189,1.3,1.08,450.0
390007,19.964844,0.94076,0,220.64,0.5045567979829858,1.3,1.08,450.0
390008,19.97461,1.10454,0,220.64,0.5225132495091795,1.3,1.08,450.0
390009,19.985352,1.21587,0,220.64,0.5422642429860393,1.3,1.08,450.0
390010,19.995118,1.41088,0,220.64,0.560220694512233,1.3,1.08,450.0
390011,20.004883,1.50723,0,220.64,0.5781753073681909,1.3,1.08,450.0
390012,20.014649,1.65169,0,220.64,0.5961317588943846,1.3,1.08,450.0
390013,20.025391,1.83412,0,220.64,0.6158827523712442,1.3,1.08,450.0
390014,20.035157,2.13721,0,220.64,0.633839203897438,1.3,1.08,450.0
390015,20.044922,2.36755,0,220.64,0.6517938167536049,1.3,1.08,450.0
390016,20.054688,2.56978,0,220.64,0.6697502682797987,1.3,1.08,450.0
390017,20.06543,2.72362,0,220.64,0.6895012617564493,1.3,1.08,450.0
390018,20.070313,2.83421,0,220.64,0.6984794875196506,1.3,1.08,450.0
390019,20.080079,2.9357,0,220.64,0.7164359390456353,1.3,1.08,450.0
390020,20.089844,3.01381,0,220.64,0.7343905519018022,1.3,1.08,450.0
390021,20.09961,3.05345,0,220.64,0.752347003427996,1.3,1.08,450.0
390022,20.110352,3.21623,0,220.64,0.7720979969048557,1.3,1.08,450.0
390023,20.120118,3.31071,0,220.64,0.7900544484310494,1.3,1.08,450.0
390024,20.129883,3.251,0,220.64,0.8080090612870073,1.3,1.08,450.0
390025,20.139649,3.24864,0,220.64,0.8259655128132011,1.3,1.08,450.0
390026,20.150391,3.35048,0,220.64,0.8457165062900607,1.3,1.08,450.0
390027,20.155274,3.56103,0,220.64,0.854694732053053,1.3,1.08,450.0
390028,20.16504,3.76888,0,220.64,0.8726511835792468,1.3,1.08,450.0
390029,20.174805,3.94006,0,220.64,0.8906057964354137,1.3,1.08,450.0
390030,20.184571,3.87363,0,220.64,0.9085622479616073,1.3,1.08,450.0
390031,20.195313,2.38621,0,220.64,0.928313241438467,1.3,1.08,450.0
390032,20.205079,2.36424,0,220.64,0.9462696929644517,1.3,1.08,450.0
390033,20.214844,3.70001,0,220.64,0.9642243058206187,1.3,1.08,450.0
390034,20.22461,1.24857,0,220.64,0.9821807573468124,1.3,1.08,450.0
390035,20.235352,0.71022,0,220.64,0.0019317508236720293,1.3,1.08,450.0
390036,20.245118,2.91804,1,218.92,0.0,1.3,1.08,450.0
390037,20.254883,3.17662,0,218.92,0.017814564182870023,1.3,1.08,450.0
390038,20.259766,1.94128,0,218.92,0.026722758438574804,1.3,1.08,450.0
390039,20.269532,1.45235,0,218.92,0.04453914694977697,1.3,1.08,450.0
390040,20.280274,1.98642,0,218.92,0.06413607971507933,1.3,1.08,450.0
390041,20.29004,1.69251,0,218.92,0.0819524682262815,1.3,1.08,450.0
390042,20.299805,1.47786,0,218.92,0.09976703240935891,1.3,1.08,450.0
390043,20.309571,1.19309,0,218.92,0.11758342092056107,1.3,1.08,450.0
390044,20.320313,1.23187,0,218.92,0.13718035368607084,1.3,1.08,450.0
390045,20.330079,1.32447,0,218.92,0.1549967421970656,1.3,1.08,450.0
390046,20.339844,1.32931,0,218.92,0.172811306380143,1.3,1.08,450.0
390047,20.34961,1.29938,0,218.92,0.19062769489134518,1.3,1.08,450.0
390048,20.360352,1.22166,0,218.92,0.21022462765685496,1.3,1.08,450.0
390049,20.365235,1.13254,0,218.92,0.21913282191235234,1.3,1.08,450.0
390050,20.375,1.04404,0,218.92,0.23694738609542973,1.3,1.08,450.0
390051,20.384766,1.11787,0,218.92,0.2547637746066319,1.3,1.08,450.0
390052,20.394532,1.00672,0,218.92,0.27258016311783406,1.3,1.08,450.0
390053,20.405274,1.02857,0,218.92,0.29217709588313645,1.3,1.08,450.0
390054,20.41504,1.04431,0,218.92,0.30999348439433855,1.3,1.08,450.0
390055,20.424805,0.93875,0,218.92,0.327808048577416,1.3,1.08,450.0
390056,20.434571,0.96594,0,218.92,0.3456244370886182,1.3,1.08,450.0
390057,20.445313,0.97221,0,218.92,0.3652213698541279,1.3,1.08,450.0
390058,20.450196,1.02359,0,218.92,0.37412956410962533,1.3,1.08,450.0
390059,20.459961,1.05851,0,218.92,0.3919441282927027,1.3,1.08,450.0
390060,20.469727,1.06124,0,218.92,0.4097605168039049,1.3,1.08,450.0
390061,20.479493,1.01513,0,218.92,0.4275769053151071,1.3,1.08,450.0
390062,20.490235,1.01812,0,218.92,0.44717383808040945,1.3,1.08,450.0
390063,20.5,1.06449,0,218.92,0.4649884022634868,1.3,1.08,450.0
390064,20.509766,1.07687,0,218.92,0.482804790774689,1.3,1.08,450.0
390065,20.519532,1.03986,0,218.92,0.5006211792858911,1.3,1.08,450.0
390066,20.530274,0.99567,0,218.92,0.5202181120511935,1.3,1.08,450.0
390067,20.54004,1.10979,0,218.92,0.5380345005623958,1.3,1.08,450.0
390068,20.549805,0.94841,0,218.92,0.5558490647454731,1.3,1.08,450.0
390069,20.559571,1.07723,0,218.92,0.5736654532566753,1.3,1.08,450.0
390070,20.56543,0.98591,0,218.92,0.5843541917664802,1.3,1.08,450.0
390071,20.575196,1.01763,0,218.92,0.6021705802776824,1.3,1.08,450.0
390072,20.584961,1.04328,0,218.92,0.6199851444607598,1.3,1.08,450.0
390073,20.594727,1.07633,0,218.92,0.637801532971962,1.3,1.08,450.0
390074,20.604493,1.06817,0,218.92,0.6556179214831642,1.3,1.08,450.0
390075,20.615235,1.03235,0,218.92,0.6752148542484665,1.3,1.08,450.0
390076,20.625,1.02588,0,218.92,0.693029418431544,1.3,1.08,450.0
390077,20.634766,1.03451,0,218.92,0.7108458069427461,1.3,1.08,450.0
390078,20.644532,1.02043,0,218.92,0.7286621954539483,1.3,1.08,450.0
390079,20.650391,0.95965,0,218.92,0.7393509339637532,1.3,1.08,450.0
390080,20.660157,1.0319,0,218.92,0.7571673224749554,1.3,1.08,450.0
390081,20.669922,1.09049,0,218.92,0.7749818866580328,1.3,1.08,450.0
390082,20.679688,0.92845,0,218.92,0.792798275169235,1.3,1.08,450.0
390083,20.69043,1.04019,0,218.92,0.8123952079345373,1.3,1.08,450.0
390084,20.700196,1.03838,0,218.92,0.8302115964457395,1.3,1.08,450.0
390085,20.709961,1.09185,0,218.92,0.848026160628817,1.3,1.08,450.0
390086,20.719727,1.06618,0,218.92,0.8658425491400191,1.3,1.08,450.0
390087,20.729493,1.06496,0,218.92,0.8836589376512213,1.3,1.08,450.0
390088,20.740235,1.04645,0,218.92,0.9032558704165237,1.3,1.08,450.0
390089,20.75,0.8324,0,218.92,0.921070434599601,1.3,1.08,450.0
390090,20.759766,0.79608,0,218.92,0.9388868231108032,1.3,1.08,450.0
390091,20.764649,1.27327,0,218.92,0.9477950173663007,1.3,1.08,450.0
390092,20.775391,1.44395,1,221.87,0.0,1.3,1.08,450.0
390093,20.785157,1.15335,0,221.87,0.01805660456218963,1.3,1.08,450.0
390094,20.794922,1.50172,0,221.87,0.03611136019907549,1.3,1.08,450.0
390095,20.804688,2.25892,0,221.87,0.054167964761265126,1.3,1.08,450.0
390096,20.81543,3.28581,0,221.87,0.07402912042434431,1.3,1.08,450.0
390097,20.825196,3.8956,0,221.87,0.09208572498653393,1.3,1.08,450.0
390098,20.834961,3.35581,0,221.87,0.11014048062341981,1.3,1.08,450.0
390099,20.844727,2.99751,0,221.87,0.12819708518560943,1.3,1.08,450.0
390100,20.854493,2.06291,0,221.87,0.14625368974779906,1.3,1.08,450.0
390101,20.860352,1.56815,0,221.87,0.15708654312988854,1.3,1.08,450.0
390102,20.870118,2.27158,0,221.87,0.17514314769207814,1.3,1.08,450.0
390103,20.879883,2.56955,0,221.87,0.19319790332875383,1.3,1.08,450.0
390104,20.889649,2.98106,0,221.87,0.21125450789094347,1.3,1.08,450.0
390105,20.900391,4.65015,0,221.87,0.23111566355423285,1.3,1.08,450.0
390106,20.910157,4.81568,0,221.87,0.24917226811642249,1.3,1.08,450.0
390107,20.919922,3.05042,0,221.87,0.26722702375330837,1.3,1.08,450.0
390108,20.929688,1.6874,0,221.87,0.285283628315498,1.3,1.08,450.0
390109,20.94043,1.12122,0,221.87,0.3051447839785772,1.3,1.08,450.0
390110,20.950196,1.15028,0,221.87,0.3232013885407668,1.3,1.08,450.0
390111,20.955079,0.91279,0,221.87,0.33222969082175646,1.3,1.08,450.0
390112,20.964844,0.80338,0,221.87,0.3502844464586424,1.3,1.08,450.0
390113,20.97461,0.94994,0,221.87,0.368341051020832,1.3,1.08,450.0
390114,20.985352,1.21795,0,221.87,0.38820220668412136,1.3,1.08,450.0
390115,20.995118,1.43,0,221.87,0.406258811246311,1.3,1.08,450.0
390116,21.004883,1.36453,0,221.87,0.42431356688298666,1.3,1.08,450.0
390117,21.014649,1.0987,0,221.87,0.4423701714451763,1.3,1.08,450.0
390118,21.025391,0.96864,0,221.87,0.4622313271084657,1.3,1.08,450.0
390119,21.035157,0.9703,0,221.87,0.4802879316706553,1.3,1.08,450.0
390120,21.044922,1.02644,0,221.87,0.4983426873075412,1.3,1.08,450.0
390121,21.054688,1.15932,0,221.87,0.5163992918697308,1.3,1.08,450.0
390122,21.06543,1.18371,0,221.87,0.53626044753281,1.3,1.08,450.0
390123,21.070313,1.25724,0,221.87,0.5452887498140099,1.3,1.08,450.0
390124,21.080079,1.4368,0,221.87,0.5633453543759894,1.3,1.08,450.0
390125,21.089844,1.5744,0,221.87,0.5814001100128753,1.3,1.08,450.0
390126,21.09961,1.59192,0,221.87,0.5994567145750648,1.3,1.08,450.0
390127,21.110352,1.67617,0,221.87,0.6193178702383543,1.3,1.08,450.0
390128,21.120118,1.92855,0,221.87,0.6373744748005439,1.3,1.08,450.0
390129,21.129883,2.22058,0,221.87,0.6554292304372196,1.3,1.08,450.0
390130,21.139649,2.47556,0,221.87,0.6734858349994092,1.3,1.08,450.0
390131,21.150391,2.6219,0,221.87,0.6933469906626986,1.3,1.08,450.0
390132,21.155274,2.75967,0,221.87,0.7023752929436883,1.3,1.08,450.0
390133,21.16504,2.91156,0,221.87,0.7204318975058779,1.3,1.08,450.0
390134,21.174805,2.99461,0,221.87,0.7384866531427637,1.3,1.08,450.0
390135,21.184571,2.97993,0,221.87,0.7565432577049533,1.3,1.08,450.0
390136,21.195313,2.87485,0,221.87,0.7764044133682427,1.3,1.08,450.0
390137,21.205079,2.72852,0,221.87,0.7944610179302223,1.3,1.08,450.0
390138,21.214844,2.6471,0,221.87,0.8125157735671081,1.3,1.08,450.0
390139,21.22461,2.73655,0,221.87,0.8305723781292976,1.3,1.08,450.0
390140,21.235352,2.96771,0,221.87,0.8504335337925871,1.3,1.08,450.0
390141,21.245118,3.23896,0,221.87,0.8684901383547767,1.3,1.08,450.0
390142,21.254883,3.49523,0,221.87,0.8865448939914524,1.3,1.08,450.0
390143,21.259766,3.47114,0,221.87,0.8955731962726523,1.3,1.08,450.0
390144,21.269532,3.32086,0,221.87,0.9136298008348419,1.3,1.08,450.0
390145,21.280274,3.14773,0,221.87,0.9334909564979211,1.3,1.08,450.0
390146,21.29004,1.06748,0,221.87,0.9515475610601107,1.3,1.08,450.0
390147,21.299805,3.02376,1,224.65,0.0,1.3,1.08,450.0
390148,21.309571,3.15633,0,224.65,0.018283039230324,1.3,1.08,450.0
390149,21.320313,1.15427,0,224.65,0.038393259116950226,1.3,1.08,450.0
390150,21.330079,1.39546,0,224.65,0.056676298347061387,1.3,1.08,450.0
390151,21.339844,3.36989,0,224.65,0.07495746546606201,1.3,1.08,450.0
390152,21.34961,2.91552,0,224.65,0.093240504696386,1.3,1.08,450.0
390153,21.360352,1.97219,0,224.65,0.11335072458301224,1.3,1.08,450.0
390154,21.365235,1.57111,0,224.65,0.12249224419806781,1.3,1.08,450.0
390155,21.375,1.17277,0,224.65,0.14077341131706841,1.3,1.08,450.0
390156,21.384766,2.12446,0,224.65,0.15905645054739243,1.3,1.08,450.0
390157,21.394532,1.67669,0,224.65,0.17733948977771644,1.3,1.08,450.0
390158,21.405274,1.80829,0,224.65,0.19744970966412984,1.3,1.08,450.0
390159,21.41504,1.35113,0,224.65,0.21573274889445385,1.3,1.08,450.0
390160,21.424805,0.82862,0,224.65,0.23401391601345445,1.3,1.08,450.0
390161,21.434571,1.63492,0,224.65,0.25229695524377843,1.3,1.08,450.0
390162,21.445313,1.31523,0,224.65,0.2724071751304047,1.3,1.08,450.0
390163,21.450196,1.20476,0,224.65,0.28154869474546024,1.3,1.08,450.0
390164,21.459961,1.19511,0,224.65,0.29982986186446087,1.3,1.08,450.0
390165,21.469727,1.29742,0,224.65,0.31811290109478485,1.3,1.08,450.0
390166,21.479493,0.99706,0,224.65,0.3363959403251089,1.3,1.08,450.0
390167,21.490235,1.23099,0,224.65,0.3565061602115223,1.3,1.08,450.0
390168,21.5,1.0581,0,224.65,0.3747873273305229,1.3,1.08,450.0
390169,21.509766,1.03133,0,224.65,0.39307036656084693,1.3,1.08,450.0
390170,21.519532,1.03716,0,224.65,0.41135340579117086,1.3,1.08,450.0
390171,21.530274,0.96859,0,224.65,0.4314636256775843,1.3,1.08,450.0
390172,21.54004,1.01171,0,224.65,0.44974666490790827,1.3,1.08,450.0
390173,21.549805,1.01751,0,224.65,0.4680278320269089,1.3,1.08,450.0
390174,21.559571,0.97234,0,224.65,0.4863108712572329,1.3,1.08,450.0
390175,21.56543,1.00393,0,224.65,0.4972795715285907,1.3,1.08,450.0
390176,21.575196,1.05772,0,224.65,0.5155626107589147,1.3,1.08,450.0
390177,21.584961,1.01792,0,224.65,0.5338437778779154,1.3,1.08,450.0
390178,21.594727,1.05969,0,224.65,0.5521268171082394,1.3,1.08,450.0
390179,21.604493,1.00506,0,224.65,0.5704098563385632,1.3,1.08,450.0
390180,21.615235,1.05683,0,224.65,0.5905200762249767,1.3,1.08,450.0
390181,21.625,1.04069,0,224.65,0.6088012433439773,1.3,1.08,450.0
390182,21.634766,0.96843,0,224.65,0.6270842825743014,1.3,1.08,450.0
390183,21.644532,1.01647,0,224.65,0.6453673218046254,1.3,1.08,450.0
390184,21.650391,1.0127,0,224.65,0.6563360220759832,1.3,1.08,450.0
390185,21.660157,1.04631,0,224.65,0.6746190613063071,1.3,1.08,450.0
390186,21.669922,0.98056,0,224.65,0.6929002284253077,1.3,1.08,450.0
390187,21.679688,1.02327,0,224.65,0.7111832676556317,1.3,1.08,450.0
390188,21.69043,1.00683,0,224.65,0.7312934875420452,1.3,1.08,450.0
390189,21.700196,1.03928,0,224.65,0.7495765267723692,1.3,1.08,450.0
390190,21.709961,1.02902,0,224.65,0.7678576938913698,1.3,1.08,450.0
390191,21.719727,1.0869,0,224.65,0.7861407331216939,1.3,1.08,450.0
390192,21.729493,1.08721,0,224.65,0.8044237723520177,1.3,1.08,450.0
390193,21.740235,1.00982,0,224.65,0.8245339922384312,1.3,1.08,450.0
390194,21.75,1.0684,0,224.65,0.8428151593574318,1.3,1.08,450.0
390195,21.754883,0.99012,0,224.65,0.8519566789724873,1.3,1.08,450.0
390196,21.764649,0.87193,0,224.65,0.8702397182028113,1.3,1.08,450.0
390197,21.775391,0.98739,0,224.65,0.8903499380894376,1.3,1.08,450.0
390198,21.785157,1.10481,0,224.65,0.9086329773197616,1.3,1.08,450.0
390199,21.794922,1.00637,0,224.65,0.9269141444387622,1.3,1.08,450.0
390200,21.804688,1.11156,0,224.65,0.9451971836690861,1.3,1.08,450.0
390201,21.81543,1.01436,0,224.65,0.9653074035554996,1.3,1.08,450.0
390202,21.825196,1.12947,0,224.65,0.9835904427858236,1.3,1.08,450.0
390203,21.834961,1.07909,0,224.65,0.0018716099048241563,1.3,1.08,450.0
390204,21.844727,0.92597,0,224.65,0.020154649135148306,1.3,1.08,450.0
390205,21.854493,0.87859,0,224.65,0.03843768836547223,1.3,1.08,450.0
390206,21.860352,1.3852,1,220.42,0.0,1.3,1.08,450.0
390207,21.870118,1.24883,0,220.42,0.01793873069496272,1.3,1.08,450.0
390208,21.879883,1.09309,0,220.42,0.03587562453423334,1.3,1.08,450.0
390209,21.889649,1.55644,0,220.42,0.053814355229196066,1.3,1.08,450.0
390210,21.900391,1.52773,0,220.42,0.07354585688042774,1.3,1.08,450.0
390211,21.910157,2.45902,0,220.42,0.09148458757539046,1.3,1.08,450.0
390212,21.919922,3.77893,0,220.42,0.10942148141486992,1.3,1.08,450.0
390213,21.929688,4.06459,0,220.42,0.12736021210983262,1.3,1.08,450.0
390214,21.94043,3.36735,0,220.42,0.14709171376085547,1.3,1.08,450.0
390215,21.945313,2.79725,0,220.42,0.15606107910844125,1.3,1.08,450.0
390216,21.955079,1.68359,0,220.42,0.17399980980319513,1.3,1.08,450.0
390217,21.964844,2.07469,0,220.42,0.1919367036426746,1.3,1.08,450.0
390218,21.97461,2.57762,0,220.42,0.2098754343376373,1.3,1.08,450.0
390219,21.985352,3.09159,0,220.42,0.229606935988869,1.3,1.08,450.0
390220,21.995118,3.94607,0,220.42,0.2475456666838317,1.3,1.08,450.0
390221,22.004883,5.63379,0,220.42,0.2654825605231023,1.3,1.08,450.0
390222,22.014649,3.20166,0,220.42,0.2834212912180651,1.3,1.08,450.0
390223,22.025391,2.43378,0,220.42,0.3031527928692967,1.3,1.08,450.0
390224,22.035157,1.32482,0,220.42,0.32109152356425946,1.3,1.08,450.0
390225,22.044922,1.21929,0,220.42,0.3390284174037389,1.3,1.08,450.0
390226,22.054688,0.89872,0,220.42,0.3569671480987016,1.3,1.08,450.0
390227,22.059571,0.76201,0,220.42,0.3659365134460785,1.3,1.08,450.0
390228,22.070313,0.72934,0,220.42,0.38566801509731025,1.3,1.08,450.0
390229,22.080079,0.91475,0,220.42,0.4036067457920642,1.3,1.08,450.0
390230,22.089844,1.33419,0,220.42,0.4215436396315436,1.3,1.08,450.0
390231,22.09961,1.50342,0,220.42,0.43948237032650633,1.3,1.08,450.0
390232,22.110352,1.3309,0,220.42,0.459213871977738,1.3,1.08,450.0
390233,22.120118,1.03499,0,220.42,0.4771526026727007,1.3,1.08,450.0
390234,22.129883,0.95708,0,220.42,0.4950894965119713,1.3,1.08,450.0
390235,22.139649,1.07174,0,220.42,0.5130282272069341,1.3,1.08,450.0
390236,22.150391,1.24119,0,220.42,0.5327597288581657,1.3,1.08,450.0
390237,22.155274,1.41766,0,220.42,0.5417290942055427,1.3,1.08,450.0
390238,22.16504,1.34149,0,220.42,0.5596678249005055,1.3,1.08,450.0
390239,22.174805,1.38477,0,220.42,0.5776047187399848,1.3,1.08,450.0
390240,22.184571,1.34781,0,220.42,0.5955434494349475,1.3,1.08,450.0
390241,22.195313,1.42832,0,220.42,0.6152749510861792,1.3,1.08,450.0
390242,22.205079,1.69283,0,220.42,0.6332136817809332,1.3,1.08,450.0
390243,22.214844,2.11959,0,220.42,0.6511505756204126,1.3,1.08,450.0
390244,22.22461,2.44748,0,220.42,0.6690893063153752,1.3,1.08,450.0
390245,22.235352,2.61813,0,220.42,0.6888208079666069,1.3,1.08,450.0
390246,22.245118,2.66416,0,220.42,0.7067595386615697,1.3,1.08,450.0
390247,22.25,2.70755,0,220.42,0.7157270671534633,1.3,1.08,450.0
390248,22.259766,2.79568,0,220.42,0.7336657978484261,1.3,1.08,450.0
390249,22.269532,2.81891,0,220.42,0.7516045285433889,1.3,1.08,450.0
390250,22.280274,2.94189,0,220.42,0.7713360301944117,1.3,1.08,450.0
390251,22.29004,3.17168,0,220.42,0.7892747608893743,1.3,1.08,450.0
390252,22.299805,3.32807,0,220.42,0.8072116547288538,1.3,1.08,450.0
390253,22.309571,3.37749,0,220.42,0.8251503854238166,1.3,1.08,450.0
390254,22.320313,3.22945,0,220.42,0.8448818870750483,1.3,1.08,450.0
390255,22.330079,3.23609,0,220.42,0.8628206177698021,1.3,1.08,450.0
390256,22.339844,3.45477,0,220.42,0.8807575116092816,1.3,1.08,450.0
390257,22.34961,3.66729,0,220.42,0.8986962423042443,1.3,1.08,450.0
390258,22.360352,3.84803,0,220.42,0.918427743955476,1.3,1.08,450.0
390259,22.365235,3.79495,0,220.42,0.9273971093028529,1.3,1.08,450.0
390260,22.375,2.97282,0,220.42,0.9453340031423323,1.3,1.08,450.0
390261,22.384766,1.43969,0,220.42,0.9632727338372951,1.3,1.08,450.0
390262,22.394532,3.90769,0,220.42,0.9812114645322578,1.3,1.08,450.0
390263,22.405274,1.94367,0,220.42,0.0009429661832807135,1.3,1.08,450.0
390264,22.41504,0.92487,0,220.42,0.01888169687824348,1.3,1.08,450.0
390265,22.424805,2.74863,1,217.29,0.0,1.3,1.08,450.0
390266,22.434571,3.72341,0,217.29,0.017683920918453572,1.3,1.08,450.0
390267,22.44043,2.481,0,217.29,0.02829318701110606,1.3,1.08,450.0
390268,22.450196,1.80073,0,217.29,0.045977107929559634,1.3,1.08,450.0
390269,22.459961,1.33051,0,217.29,0.06365921808404908,1.3,1.08,450.0
390270,22.469727,1.58751,0,217.29,0.08134313900250263,1.3,1.08,450.0
390271,22.479493,1.97862,0,217.29,0.09902705992095621,1.3,1.08,450.0
390272,22.490235,1.55157,0,217.29,0.11847828647273256,1.3,1.08,450.0
390273,22.5,1.57027,0,217.29,0.13616039662722199,1.3,1.08,450.0
390274,22.509766,0.80526,0,217.29,0.15384431754567557,1.3,1.08,450.0
390275,22.519532,1.51194,0,217.29,0.17152823846412915,1.3,1.08,450.0
390276,22.530274,1.43224,0,217.29,0.1909794650159055,1.3,1.08,450.0
390277,22.54004,1.08876,0,217.29,0.20866338593435907,1.3,1.08,450.0
390278,22.549805,1.19017,0,217.29,0.2263454960888485,1.3,1.08,450.0
390279,22.559571,1.16982,0,217.29,0.24402941700730205,1.3,1.08,450.0
390280,22.56543,0.99861,0,217.29,0.2546386830999546,1.3,1.08,450.0
390281,22.575196,1.19776,0,217.29,0.2723226040184081,1.3,1.08,450.0
390282,22.584961,1.06166,0,217.29,0.2900047141728975,1.3,1.08,450.0
390283,22.594727,1.06466,0,217.29,0.30768863509135114,1.3,1.08,450.0
390284,22.604493,1.00321,0,217.29,0.32537255600980475,1.3,1.08,450.0
390285,22.615235,0.96432,0,217.29,0.344823782561581,1.3,1.08,450.0
390286,22.625,0.94577,0,217.29,0.3625058927160705,1.3,1.08,450.0
390287,22.634766,0.98874,0,217.29,0.38018981363452403,1.3,1.08,450.0
390288,22.644532,0.98864,0,217.29,0.3978737345529776,1.3,1.08,450.0
390289,22.650391,0.97373,0,217.29,0.4084830006456301,1.3,1.08,450.0
390290,22.660157,1.00449,0,217.29,0.4261669215640837,1.3,1.08,450.0
390291,22.669922,1.07683,0,217.29,0.4438490317185731,1.3,1.08,450.0
390292,22.679688,1.11122,0,217.29,0.4615329526370267,1.3,1.08,450.0
390293,22.69043,1.01876,0,217.29,0.48098417918880304,1.3,1.08,450.0
390294,22.700196,1.03274,0,217.29,0.49866810010725665,1.3,1.08,450.0
390295,22.709961,1.08581,0,217.29,0.5163502102617461,1.3,1.08,450.0
390296,22.719727,0.98953,0,217.29,0.5340341311801996,1.3,1.08,450.0
390297,22.729493,1.0537,0,217.29,0.5517180520986532,1.3,1.08,450.0
390298,22.740235,1.04255,0,217.29,0.5711692786504295,1.3,1.08,450.0
390299,22.75,1.04116,0,217.29,0.5888513888049189,1.3,1.08,450.0
390300,22.754883,0.97767,0,217.29,0.5976933492640428,1.3,1.08,450.0
390301,22.764649,0.99622,0,217.29,0.6153772701824963,1.3,1.08,450.0
390302,22.775391,1.03369,0,217.29,0.6348284967344786,1.3,1.08,450.0
390303,22.785157,1.07537,0,217.29,0.6525124176529322,1.3,1.08,450.0
390304,22.794922,1.0677,0,217.29,0.6701945278074216,1.3,1.08,450.0
390305,22.804688,1.06876,0,217.29,0.6878784487258752,1.3,1.08,450.0
390306,22.81543,1.13335,0,217.29,0.7073296752776516,1.3,1.08,450.0
390307,22.825196,0.89682,0,217.29,0.7250135961961051,1.3,1.08,450.0
390308,22.834961,1.1032,0,217.29,0.7426957063505946,1.3,1.08,450.0
390309,22.844727,1.0309,0,217.29,0.7603796272690481,1.3,1.08,450.0
390310,22.854493,0.92377,0,217.29,0.7780635481875017,1.3,1.08,450.0
390311,22.860352,1.11492,0,217.29,0.7886728142801542,1.3,1.08,450.0
390312,22.870118,1.07903,0,217.29,0.8063567351986077,1.3,1.08,450.0
390313,22.879883,1.01488,0,217.29,0.8240388453528913,1.3,1.08,450.0
390314,22.889649,1.04692,0,217.29,0.841722766271345,1.3,1.08,450.0
390315,22.900391,1.11792,0,217.29,0.8611739928233271,1.3,1.08,450.0
390316,22.910157,1.08841,0,217.29,0.8788579137417807,1.3,1.08,450.0
390317,22.919922,0.93652,0,217.29,0.8965400238962701,1.3,1.08,450.0
390318,22.929688,0.89709,0,217.29,0.9142239448147237,1.3,1.08,450.0
390319,22.94043,1.07378,0,217.29,0.9336751713665,1.3,1.08,450.0
390320,22.945313,1.65338,1,222.59,0.0,1.3,1.08,450.0
390321,22.955079,1.01543,0,222.59,0.018115328459021807,1.3,1.08,450.0
390322,22.964844,1.35204,0,222.59,0.03622880197985459,1.3,1.08,450.0
390323,22.97461,1.70198,0,222.59,0.054344130439087285,1.3,1.08,450.0
390324,22.985352,2.07523,0,222.59,0.07426987878126656,1.3,1.08,450.0
390325,22.995118,2.99563,0,222.59,0.09238520724049924,1.3,1.08,450.0
390326,23.004883,3.72772,0,222.59,0.11049868076112117,1.3,1.08,450.0
390327,23.014649,3.17965,0,222.59,0.12861400922035385,1.3,1.08,450.0
390328,23.025391,2.73411,0,222.59,0.14853975756253313,1.3,1.08,450.0
390329,23.035157,2.33945,0,222.59,0.16665508602176582,1.3,1.08,450.0
390330,23.044922,1.81817,0,222.59,0.1847685595425986,1.3,1.08,450.0
390331,23.054688,2.2289,0,222.59,0.20288388800183127,1.3,1.08,450.0
390332,23.059571,3.22866,0,222.59,0.2119415522313422,1.3,1.08,450.0
390333,23.070313,3.80517,0,222.59,0.23186730057352148,1.3,1.08,450.0
390334,23.080079,5.39284,0,222.59,0.24998262903254329,1.3,1.08,450.0
390335,23.089844,3.95482,0,222.59,0.26809610255337607,1.3,1.08,450.0
390336,23.09961,2.82147,0,222.59,0.28621143101260876,1.3,1.08,450.0
390337,23.110352,1.29177,0,222.59,0.30613717935478807,1.3,1.08,450.0
390338,23.120118,1.05909,0,222.59,0.3242525078140207,1.3,1.08,450.0
390339,23.129883,1.02831,0,222.59,0.34236598133464263,1.3,1.08,450.0
390340,23.139649,0.96446,0,222.59,0.3604813097938753,1.3,1.08,450.0
390341,23.150391,0.80163,0,222.59,0.38040705813605463,1.3,1.08,450.0
390342,23.155274,0.88029,0,222.59,0.3894647223655655,1.3,1.08,450.0
390343,23.16504,1.37674,0,222.59,0.4075800508247982,1.3,1.08,450.0
390344,23.174805,1.80168,0,222.59,0.42569352434563096,1.3,1.08,450.0
390345,23.184571,1.85099,0,222.59,0.4438088528048637,1.3,1.08,450.0
390346,23.195313,1.55771,0,222.59,0.46373460114704296,1.3,1.08,450.0
390347,23.205079,1.09901,0,222.59,0.48184992960606476,1.3,1.08,450.0
390348,23.214844,0.93577,0,222.59,0.4999634031268975,1.3,1.08,450.0
390349,23.22461,0.99384,0,222.59,0.5180787315861303,1.3,1.08,450.0
390350,23.235352,1.09653,0,222.59,0.5380044799283096,1.3,1.08,450.0
390351,23.245118,1.15995,0,222.59,0.5561198083875423,1.3,1.08,450.0
390352,23.25,1.36174,0,222.59,0.5651756176786532,1.3,1.08,450.0
390353,23.259766,1.46217,0,222.59,0.5832909461378859,1.3,1.08,450.0
390354,23.269532,1.62178,0,222.59,0.6014062745971186,1.3,1.08,450.0
390355,23.280274,1.72267,0,222.59,0.6213320229390871,1.3,1.08,450.0
390356,23.29004,1.84669,0,222.59,0.6394473513983197,1.3,1.08,450.0
390357,23.299805,2.04009,0,222.59,0.6575608249191525,1.3,1.08,450.0
390358,23.309571,2.27697,0,222.59,0.6756761533783852,1.3,1.08,450.0
390359,23.320313,2.5795,0,222.59,0.6956019017205645,1.3,1.08,450.0
390360,23.330079,2.81553,0,222.59,0.7137172301795862,1.3,1.08,450.0
390361,23.339844,2.98214,0,222.59,0.731830703700419,1.3,1.08,450.0
390362,23.34961,3.13962,0,222.59,0.7499460321596517,1.3,1.08,450.0
390363,23.360352,3.28604,0,222.59,0.769871780501831,1.3,1.08,450.0
390364,23.365235,3.27742,0,222.59,0.7789294447313418,1.3,1.08,450.0
390365,23.375,3.14362,0,222.59,0.7970429182521747,1.3,1.08,450.0
390366,23.384766,3.02105,0,222.59,0.8151582467114074,1.3,1.08,450.0
390367,23.394532,3.02845,0,222.59,0.83327357517064,1.3,1.08,450.0
390368,23.405274,3.17095,0,222.59,0.8531993235126085,1.3,1.08,450.0
390369,23.41504,3.42584,0,222.59,0.8713146519718412,1.3,1.08,450.0
390370,23.424805,3.76917,0,222.59,0.889428125492674,1.3,1.08,450.0
390371,23.434571,3.97441,0,222.59,0.9075434539519066,1.3,1.08,450.0
390372,23.44043,3.81638,0,222.59,0.9184115380643642,1.3,1.08,450.0
390373,23.450196,3.64,0,222.59,0.9365268665235968,1.3,1.08,450.0
390374,23.459961,1.94401,0,222.59,0.9546403400444295,1.3,1.08,450.0
390375,23.469727,2.70145,0,222.59,0.9727556685036624,1.3,1.08,450.0
390376,23.479493,3.82223,0,222.59,0.990870996962895,1.3,1.08,450.0
390377,23.490235,1.42626,0,222.59,0.010796745304863409,1.3,1.08,450.0
390378,23.5,1.08324,0,222.59,0.02891021882569622,1.3,1.08,450.0
390379,23.509766,3.97691,0,222.59,0.047025547284928804,1.3,1.08,450.0
390380,23.519532,3.53726,0,222.59,0.06514087574416161,1.3,1.08,450.0
390381,23.530274,2.14395,0,222.59,0.08506662408612997,1.3,1.08,450.0
390382,23.54004,1.67854,0,222.59,0.10318195254536255,1.3,1.08,450.0
390383,23.549805,2.47202,0,222.59,0.12129542606619537,1.3,1.08,450.0
390384,23.554688,1.95258,0,222.59,0.13035309029591713,1.3,1.08,450.0
390385,23.56543,1.58541,0,222.59,0.1502788386378855,1.3,1.08,450.0
390386,23.575196,1.15351,0,222.59,0.1683941670971183,1.3,1.08,450.0
390387,23.584961,0.99887,0,222.59,0.1865076406179511,1.3,1.08,450.0
390388,23.594727,1.67248,1,207.47,0.0,1.3,1.08,450.0
390389,23.604493,1.28488,0,207.47,0.016884466225889672,1.3,1.08,450.0
390390,23.615235,1.15725,0,207.47,0.03545634173246235,1.3,1.08,450.0
390391,23.625,1.29379,0,207.47,0.052339079055404726,1.3,1.08,450.0
390392,23.634766,1.19299,0,207.47,0.0692235452812944,1.3,1.08,450.0
390393,23.644532,1.14152,0,207.47,0.08610801150718407,1.3,1.08,450.0
390394,23.650391,1.08972,0,207.47,0.09623765390091019,1.3,1.08,450.0
390395,23.660157,1.15474,0,207.47,0.11312212012679985,1.3,1.08,450.0
390396,23.669922,0.91854,0,207.47,0.13000485744974224,1.3,1.08,450.0
390397,23.679688,1.07387,0,207.47,0.1468893236756319,1.3,1.08,450.0
390398,23.69043,1.02864,0,207.47,0.1654611991822046,1.3,1.08,450.0
390399,23.700196,0.9809,0,207.47,0.18234566540809424,1.3,1.08,450.0
390400,23.709961,1.04736,0,207.47,0.19922840273103665,1.3,1.08,450.0
390401,23.719727,1.06274,0,207.47,0.2161128689569263,1.3,1.08,450.0
390402,23.729493,0.98627,0,207.47,0.23299733518281596,1.3,1.08,450.0
390403,23.740235,1.01812,0,207.47,0.25156921068938864,1.3,1.08,450.0
390404,23.745118,1.01101,0,207.47,0.2600114438024318,1.3,1.08,450.0
390405,23.754883,0.99736,0,207.47,0.2768941811251776,1.3,1.08,450.0
390406,23.764649,1.04785,0,207.47,0.2937786473510673,1.3,1.08,450.0
390407,23.775391,0.9978,0,207.47,0.3123505228578365,1.3,1.08,450.0
390408,23.785157,1.02487,0,207.47,0.32923498908372617,1.3,1.08,450.0
390409,23.794922,0.93434,0,207.47,0.34611772640666855,1.3,1.08,450.0
390410,23.804688,1.05153,0,207.47,0.36300219263255823,1.3,1.08,450.0
390411,23.81543,0.92886,0,207.47,0.3815740681391309,1.3,1.08,450.0
390412,23.825196,1.01966,0,207.47,0.39845853436502054,1.3,1.08,450.0
390413,23.834961,0.98539,0,207.47,0.4153412716879629,1.3,1.08,450.0
390414,23.844727,1.03866,0,207.47,0.4322257379138526,1.3,1.08,450.0
390415,23.854493,1.06578,0,207.47,0.4491102041397423,1.3,1.08,450.0
390416,23.860352,1.01962,0,207.47,0.4592398465334684,1.3,1.08,450.0
390417,23.870118,1.05941,0,207.47,0.47612431275935807,1.3,1.08,450.0
390418,23.879883,1.05432,0,207.47,0.49300705008210394,1.3,1.08,450.0
390419,23.889649,1.04598,0,207.47,0.5098915163079936,1.3,1.08,450.0
390420,23.900391,1.03323,0,207.47,0.5284633918147628,1.3,1.08,450.0
390421,23.910157,1.10033,0,207.47,0.5453478580406526,1.3,1.08,450.0
390422,23.919922,1.03824,0,207.47,0.5622305953635948,1.3,1.08,450.0
390423,23.929688,1.03583,0,207.47,0.5791150615894846,1.3,1.08,450.0
390424,23.94043,1.09625,0,207.47,0.5976869370960571,1.3,1.08,450.0
390425,23.945313,0.89765,0,207.47,0.6061291702091004,1.3,1.08,450.0
390426,23.955079,0.94048,0,207.47,0.6230136364347933,1.3,1.08,450.0
390427,23.964844,0.99398,0,207.47,0.6398963737577358,1.3,1.08,450.0
390428,23.97461,1.13707,0,207.47,0.6567808399836255,1.3,1.08,450.0
390429,23.985352,1.06546,0,207.47,0.6753527154903947,1.3,1.08,450.0
390430,23.995118,1.11729,0,207.47,0.6922371817162845,1.3,1.08,450.0
390431,24.004883,1.06744,0,207.47,0.7091199190390303,1.3,1.08,450.0
390432,24.014649,0.97647,0,207.47,0.7260043852649198,1.3,1.08,450.0
390433,24.025391,0.7962,0,207.47,0.7445762607716891,1.3,1.08,450.0
390434,24.035157,1.04737,0,207.47,0.7614607269975787,1.3,1.08,450.0
390435,24.044922,1.51589,1,231.1,0.0,1.3,1.08,450.0
390436,24.049805,1.11942,0,231.1,0.009403904267534412,1.3,1.08,450.0
390437,24.059571,1.24064,0,231.1,0.028211712802822184,1.3,1.08,450.0
390438,24.070313,1.48283,0,231.1,0.04889914668432241,1.3,1.08,450.0
390439,24.080079,2.45877,0,231.1,0.06770695521939123,1.3,1.08,450.0
390440,24.089844,3.64581,0,231.1,0.08651283790904232,1.3,1.08,450.0
390441,24.09961,4.07987,0,231.1,0.1053206464443301,1.3,1.08,450.0
390442,24.110352,3.29415,0,231.1,0.1260080803258303,1.3,1.08,450.0
390443,24.120118,2.8572,0,231.1,0.14481588886111807,1.3,1.08,450.0
390444,24.129883,2.08073,0,231.1,0.16362177155055024,1.3,1.08,450.0
390445,24.139649,2.33527,0,231.1,0.182429580085838,1.3,1.08,450.0
390446,24.150391,2.83558,0,231.1,0.20311701396733822,1.3,1.08,450.0
390447,24.155274,3.07191,0,231.1,0.21252091823487265,1.3,1.08,450.0
390448,24.16504,3.48097,0,231.1,0.23132872677016042,1.3,1.08,450.0
390449,24.174805,6.42893,0,231.1,0.25013460945981153,1.3,1.08,450.0
390450,24.184571,3.43593,0,231.1,0.26894241799509927,1.3,1.08,450.0
390451,24.195313,2.40524,0,231.1,0.2896298518765995,1.3,1.08,450.0
390452,24.205079,1.04159,0,231.1,0.3084376604116683,1.3,1.08,450.0
390453,24.214844,0.9586,0,231.1,0.3272435431013194,1.3,1.08,450.0
390454,24.22461,0.96204,0,231.1,0.34605135163660716,1.3,1.08,450.0
390455,24.235352,0.9092,0,231.1,0.3667387855181074,1.3,1.08,450.0
390456,24.240235,0.75355,0,231.1,0.3761426897856418,1.3,1.08,450.0
390457,24.25,1.07492,0,231.1,0.39494857247529297,1.3,1.08,450.0
390458,24.259766,1.58158,0,231.1,0.4137563810105807,1.3,1.08,450.0
390459,24.269532,1.89295,0,231.1,0.43256418954586845,1.3,1.08,450.0
390460,24.280274,1.71532,0,231.1,0.45325162342714975,1.3,1.08,450.0
390461,24.29004,1.24591,0,231.1,0.4720594319624375,1.3,1.08,450.0
390462,24.299805,0.90764,0,231.1,0.4908653146520886,1.3,1.08,450.0
390463,24.309571,0.84981,0,231.1,0.5096731231873763,1.3,1.08,450.0
390464,24.320313,0.98354,0,231.1,0.5303605570688766,1.3,1.08,450.0
390465,24.330079,1.06251,0,231.1,0.5491683656039454,1.3,1.08,450.0
390466,24.339844,1.27957,0,231.1,0.5679742482935966,1.3,1.08,450.0
390467,24.34961,1.48411,0,231.1,0.5867820568288843,1.3,1.08,450.0
390468,24.354493,1.63841,0,231.1,0.5961859610966376,1.3,1.08,450.0
390469,24.365235,1.77514,0,231.1,0.6168733949779189,1.3,1.08,450.0
390470,24.375,1.9599,0,231.1,0.63567927766757,1.3,1.08,450.0
390471,24.384766,2.18887,0,231.1,0.6544870862028578,1.3,1.08,450.0
390472,24.394532,2.35758,0,231.1,0.6732948947381455,1.3,1.08,450.0
390473,24.405274,2.48855,0,231.1,0.6939823286194269,1.3,1.08,450.0
390474,24.41504,2.62266,0,231.1,0.7127901371547146,1.3,1.08,450.0
390475,24.424805,2.75527,0,231.1,0.7315960198443657,1.3,1.08,450.0
390476,24.434571,2.91076,0,231.1,0.7504038283796535,1.3,1.08,450.0
390477,24.44043,2.99224,0,231.1,0.7616873579934004,1.3,1.08,450.0
390478,24.450196,2.99645,0,231.1,0.7804951665286881,1.3,1.08,450.0
390479,24.459961,3.0333,0,231.1,0.7993010492183392,1.3,1.08,450.0
390480,24.469727,3.02465,0,231.1,0.818108857753627,1.3,1.08,450.0
390481,24.479493,3.03092,0,231.1,0.8369166662889147,1.3,1.08,450.0
390482,24.490235,3.15615,0,231.1,0.8576041001701961,1.3,1.08,450.0
390483,24.5,3.30641,0,231.1,0.8764099828598472,1.3,1.08,450.0
390484,24.509766,3.49671,0,231.1,0.8952177913951349,1.3,1.08,450.0
390485,24.519532,3.76309,0,231.1,0.9140255999304226,1.3,1.08,450.0
390486,24.530274,3.89041,0,231.1,0.9347130338117039,1.3,1.08,450.0
390487,24.54004,4.09709,0,231.1,0.9535208423469917,1.3,1.08,450.0
390488,24.549805,0.88453,0,231.1,0.9723267250366429,1.3,1.08,450.0
390489,24.554688,3.45818,1,232.82,0.0,1.3,1.08,450.0
390490,24.56543,3.12151,0,232.82,0.02084142577561006,1.3,1.08,450.0
390491,24.575196,1.13636,0,232.82,0.0397892347614681,1.3,1.08,450.0
390492,24.584961,1.98301,0,232.82,0.05873510356619384,1.3,1.08,450.0
390493,24.594727,3.5173,0,232.82,0.07768291255205188,1.3,1.08,450.0
390494,24.604493,2.84319,0,232.82,0.0966307215379099,1.3,1.08,450.0
390495,24.615235,1.94698,0,232.82,0.11747214731351997,1.3,1.08,450.0
390496,24.625,1.90137,0,232.82,0.13641801611824572,1.3,1.08,450.0
390497,24.634766,1.99928,0,232.82,0.15536582510410377,1.3,1.08,450.0
390498,24.644532,1.78204,0,232.82,0.17431363408996176,1.3,1.08,450.0
390499,24.650391,1.61083,0,232.82,0.18568115537275312,1.3,1.08,450.0
390500,24.660157,1.59184,0,232.82,0.20462896435861114,1.3,1.08,450.0
390501,24.669922,0.91924,0,232.82,0.22357483316333687,1.3,1.08,450.0
390502,24.679688,1.31504,0,232.82,0.24252264214919492,1.3,1.08,450.0
390503,24.69043,1.56794,0,232.82,0.263364067924805,1.3,1.08,450.0
390504,24.700196,1.31459,0,232.82,0.282311876910663,1.3,1.08,450.0
390505,24.709961,1.23245,0,232.82,0.30125774571538877,1.3,1.08,450.0
390506,24.719727,1.21702,0,232.82,0.32020555470124684,1.3,1.08,450.0
390507,24.729493,1.09628,0,232.82,0.33915336368710486,1.3,1.08,450.0
390508,24.740235,1.07719,0,232.82,0.3599947894627149,1.3,1.08,450.0
390509,24.745118,1.16963,0,232.82,0.3694686939557542,1.3,1.08,450.0
390510,24.754883,0.98469,0,232.82,0.3884145627602594,1.3,1.08,450.0
390511,24.764649,1.0716,0,232.82,0.4073623717461174,1.3,1.08,450.0
390512,24.775391,0.93005,0,232.82,0.42820379752194804,1.3,1.08,450.0
390513,24.785157,0.93726,0,232.82,0.4471516065078061,1.3,1.08,450.0
390514,24.794922,1.02462,0,232.82,0.4660974753125318,1.3,1.08,450.0
390515,24.804688,0.99537,0,232.82,0.48504528429838983,1.3,1.08,450.0
390516,24.81543,0.93083,0,232.82,0.5058867100739999,1.3,1.08,450.0
390517,24.825196,0.97607,0,232.82,0.5248345190598579,1.3,1.08,450.0
390518,24.834961,1.03637,0,232.82,0.5437803878645836,1.3,1.08,450.0
390519,24.844727,1.0258,0,232.82,0.5627281968504417,1.3,1.08,450.0
390520,24.854493,1.06188,0,232.82,0.5816760058362997,1.3,1.08,450.0
390521,24.860352,1.05556,0,232.82,0.5930435271190911,1.3,1.08,450.0
390522,24.870118,1.06324,0,232.82,0.6119913361049492,1.3,1.08,450.0
390523,24.879883,0.92735,0,232.82,0.6309372049094543,1.3,1.08,450.0
390524,24.889649,1.0397,0,232.82,0.6498850138953124,1.3,1.08,450.0
390525,24.900391,1.00648,0,232.82,0.6707264396711429,1.3,1.08,450.0
390526,24.910157,1.03588,0,232.82,0.689674248657001,1.3,1.08,450.0
390527,24.919922,1.01124,0,232.82,0.7086201174617268,1.3,1.08,450.0
390528,24.929688,1.02947,0,232.82,0.7275679264475847,1.3,1.08,450.0
390529,24.94043,1.04739,0,232.82,0.7484093522231948,1.3,1.08,450.0
390530,24.945313,1.04606,0,232.82,0.7578832567162341,1.3,1.08,450.0
390531,24.955079,1.06148,0,232.82,0.7768310657018717,1.3,1.08,450.0
390532,24.964844,1.03282,0,232.82,0.7957769345065973,1.3,1.08,450.0
390533,24.97461,1.08675,0,232.82,0.8147247434924554,1.3,1.08,450.0
390534,24.985352,1.04419,0,232.82,0.8355661692682861,1.3,1.08,450.0
390535,24.995118,1.07996,0,232.82,0.854513978254144,1.3,1.08,450.0
390536,25.004883,0.96282,0,232.82,0.8734598470586492,1.3,1.08,450.0
390537,25.014649,0.89997,0,232.82,0.8924076560445073,1.3,1.08,450.0
390538,25.025391,1.12743,0,232.82,0.9132490818203378,1.3,1.08,450.0
390539,25.035157,0.93113,0,232.82,0.9321968908061959,1.3,1.08,450.0
390540,25.044922,0.95126,0,232.82,0.9511427596109218,1.3,1.08,450.0
390541,25.049805,1.12565,0,232.82,0.9606166641037404,1.3,1.08,450.0
390542,25.059571,1.0967,0,232.82,0.9795644730895984,1.3,1.08,450.0
390543,25.070313,1.07715,0,232.82,0.0004058988654291884,1.3,1.08,450.0
390544,25.080079,1.07188,0,232.82,0.019353707851066604,1.3,1.08,450.0
390545,25.089844,0.97465,0,232.82,0.03829957665579231,1.3,1.08,450.0
390546,25.09961,0.81177,0,232.82,0.05724738564165022,1.3,1.08,450.0
390547,25.110352,1.23931,0,232.82,0.07808881141748092,1.3,1.08,450.0
390548,25.120118,1.456,1,224.58,0.0,1.3,1.08,450.0
390549,25.129883,1.06355,0,224.58,0.01827553819012028,1.3,1.08,450.0
390550,25.139649,1.34563,0,224.58,0.03655294791533752,1.3,1.08,450.0
390551,25.150391,1.50603,0,224.58,0.05665697569220981,1.3,1.08,450.0
390552,25.155274,2.54308,0,224.58,0.06579568055471205,1.3,1.08,450.0
390553,25.16504,3.88775,0,224.58,0.08407309027992929,1.3,1.08,450.0
390554,25.174805,4.3087,0,224.58,0.10234862847026234,1.3,1.08,450.0
390555,25.184571,3.24989,0,224.58,0.12062603819547958,1.3,1.08,450.0
390556,25.195313,2.85352,0,224.58,0.14073006597235188,1.3,1.08,450.0
390557,25.205079,1.85711,0,224.58,0.15900747569735635,1.3,1.08,450.0
390558,25.214844,2.3969,0,224.58,0.17728301388768938,1.3,1.08,450.0
390559,25.22461,3.03395,0,224.58,0.19556042361290663,1.3,1.08,450.0
390560,25.235352,3.30984,0,224.58,0.2156644513897789,1.3,1.08,450.0
390561,25.240235,4.05547,0,224.58,0.22480315625228114,1.3,1.08,450.0
390562,25.25,6.0203,0,224.58,0.2430786944426142,1.3,1.08,450.0
390563,25.259766,3.22776,0,224.58,0.26135610416783145,1.3,1.08,450.0
390564,25.269532,2.02063,0,224.58,0.2796335138930487,1.3,1.08,450.0
390565,25.280274,1.06662,0,224.58,0.29973754166970823,1.3,1.08,450.0
390566,25.29004,1.03409,0,224.58,0.31801495139492547,1.3,1.08,450.0
390567,25.299805,0.96394,0,224.58,0.33629048958525853,1.3,1.08,450.0
390568,25.309571,0.8404,0,224.58,0.3545678993104758,1.3,1.08,450.0
390569,25.320313,0.85011,0,224.58,0.37467192708734803,1.3,1.08,450.0
390570,25.330079,1.34919,0,224.58,0.39294933681235256,1.3,1.08,450.0
390571,25.339844,1.72321,0,224.58,0.41122487500268556,1.3,1.08,450.0
390572,25.34961,1.724,0,224.58,0.4295022847279028,1.3,1.08,450.0
390573,25.354493,1.3758,0,224.58,0.4386409895906178,1.3,1.08,450.0
390574,25.365235,1.00378,0,224.58,0.4587450173672773,1.3,1.08,450.0
390575,25.375,0.89452,0,224.58,0.47702055555761036,1.3,1.08,450.0
390576,25.384766,0.898,0,224.58,0.49529796528282766,1.3,1.08,450.0
390577,25.394532,1.0668,0,224.58,0.5135753750080448,1.3,1.08,450.0
390578,25.405274,1.2681,0,224.58,0.5336794027847044,1.3,1.08,450.0
390579,25.41504,1.48692,0,224.58,0.5519568125099216,1.3,1.08,450.0
390580,25.424805,1.57712,0,224.58,0.5702323507002547,1.3,1.08,450.0
390581,25.434571,1.60838,0,224.58,0.588509760425472,1.3,1.08,450.0
390582,25.44043,1.6493,0,224.58,0.5994750833396292,1.3,1.08,450.0
390583,25.450196,1.9027,0,224.58,0.6177524930648465,1.3,1.08,450.0
390584,25.459961,2.20146,0,224.58,0.6360280312551795,1.3,1.08,450.0
390585,25.469727,2.46358,0,224.58,0.6543054409803967,1.3,1.08,450.0
390586,25.479493,2.66613,0,224.58,0.6725828507056141,1.3,1.08,450.0
390587,25.490235,2.77407,0,224.58,0.6926868784822735,1.3,1.08,450.0
390588,25.5,2.91097,0,224.58,0.7109624166726065,1.3,1.08,450.0
390589,25.509766,3.01567,0,224.58,0.7292398263978238,1.3,1.08,450.0
390590,25.519532,3.04821,0,224.58,0.7475172361230411,1.3,1.08,450.0
390591,25.530274,3.12784,0,224.58,0.7676212638997005,1.3,1.08,450.0
390592,25.54004,3.11664,0,224.58,0.7858986736249177,1.3,1.08,450.0
390593,25.544922,3.04059,0,224.58,0.7950355069527486,1.3,1.08,450.0
390594,25.554688,3.02963,0,224.58,0.8133129166779658,1.3,1.08,450.0
390595,25.56543,3.09938,0,224.58,0.8334169444546254,1.3,1.08,450.0
390596,25.575196,3.32874,0,224.58,0.8516943541798426,1.3,1.08,450.0
390597,25.584961,3.76054,0,224.58,0.8699698923701756,1.3,1.08,450.0
390598,25.594727,4.16647,0,224.58,0.8882473020953928,1.3,1.08,450.0
390599,25.604493,4.12741,0,224.58,0.9065247118206102,1.3,1.08,450.0
390600,25.615235,3.65062,0,224.58,0.9266287395972697,1.3,1.08,450.0
390601,25.625,1.10504,0,224.58,0.9449042777876027,1.3,1.08,450.0
390602,25.634766,3.80285,0,224.58,0.96318168751282,1.3,1.08,450.0
390603,25.644532,2.77795,0,224.58,0.9814590972380373,1.3,1.08,450.0
390604,25.650391,0.94912,0,224.58,0.9924244201521945,1.3,1.08,450.0
390605,25.660157,1.17773,0,224.58,0.01070182987741175,1.3,1.08,450.0
390606,25.669922,3.90578,1,222.05,0.0,1.3,1.08,450.0
390607,25.679688,2.66067,0,222.05,0.018071523280920748,1.3,1.08,450.0
390608,25.69043,1.8129,0,222.05,0.037949088618033165,1.3,1.08,450.0
390609,25.700196,2.00665,0,222.05,0.05602061189895391,1.3,1.08,450.0
390610,25.709961,1.83778,0,222.05,0.07409028472695275,1.3,1.08,450.0
390611,25.719727,1.74472,0,222.05,0.09216180800787349,1.3,1.08,450.0
390612,25.729493,1.47505,0,222.05,0.11023333128879424,1.3,1.08,450.0
390613,25.735352,1.12632,0,222.05,0.12107513498555147,1.3,1.08,450.0
390614,25.745118,0.98749,0,222.05,0.1391466582664722,1.3,1.08,450.0
390615,25.754883,1.69996,0,222.05,0.15721633109426067,1.3,1.08,450.0
390616,25.764649,1.3675,0,222.05,0.17528785437518143,1.3,1.08,450.0
390617,25.775391,1.30012,0,222.05,0.19516541971250423,1.3,1.08,450.0
390618,25.785157,1.16536,0,222.05,0.21323694299342497,1.3,1.08,450.0
390619,25.794922,1.14126,0,222.05,0.2313066158214238,1.3,1.08,450.0
390620,25.804688,1.02971,0,222.05,0.24937813910234455,1.3,1.08,450.0
390621,25.81543,1.11894,0,222.05,0.269255704439457,1.3,1.08,450.0
390622,25.825196,1.18416,0,222.05,0.2873272277203777,1.3,1.08,450.0
390623,25.834961,0.98987,0,222.05,0.30539690054837654,1.3,1.08,450.0
390624,25.844727,1.10616,0,222.05,0.3234684238292973,1.3,1.08,450.0
390625,25.84961,0.94621,0,222.05,0.3325041854696525,1.3,1.08,450.0
390626,25.860352,0.94392,0,222.05,0.3523817508069753,1.3,1.08,450.0
390627,25.870118,0.98485,0,222.05,0.370453274087896,1.3,1.08,450.0
390628,25.879883,0.9603,0,222.05,0.3885229469156845,1.3,1.08,450.0
390629,25.889649,0.9609,0,222.05,0.4065944701966053,1.3,1.08,450.0
390630,25.900391,0.97553,0,222.05,0.42647203553392804,1.3,1.08,450.0
390631,25.910157,1.03884,0,222.05,0.4445435588148488,1.3,1.08,450.0
390632,25.919922,1.03273,0,222.05,0.4626132316428476,1.3,1.08,450.0
390633,25.929688,1.02779,0,222.05,0.4806847549237684,1.3,1.08,450.0
390634,25.94043,1.01363,0,222.05,0.5005623202608808,1.3,1.08,450.0
390635,25.945313,0.99691,0,222.05,0.5095980819014464,1.3,1.08,450.0
390636,25.955079,0.93639,0,222.05,0.5276696051821568,1.3,1.08,450.0
390637,25.964844,1.01148,0,222.05,0.5457392780101556,1.3,1.08,450.0
390638,25.97461,1.09453,0,222.05,0.5638108012910763,1.3,1.08,450.0
390639,25.985352,0.97957,0,222.05,0.5836883666283992,1.3,1.08,450.0
390640,25.995118,1.06412,0,222.05,0.6017598899093198,1.3,1.08,450.0
390641,26.004883,0.98076,0,222.05,0.6198295627371083,1.3,1.08,450.0
390642,26.014649,1.04935,0,222.05,0.6379010860180291,1.3,1.08,450.0
390643,26.025391,0.99495,0,222.05,0.6577786513553519,1.3,1.08,450.0
390644,26.035157,1.07176,0,222.05,0.6758501746362726,1.3,1.08,450.0
390645,26.04004,1.10324,0,222.05,0.6848859362766277,1.3,1.08,450.0
390646,26.049805,1.04637,0,222.05,0.7029556091046267,1.3,1.08,450.0
390647,26.059571,1.08142,0,222.05,0.7210271323855474,1.3,1.08,450.0
390648,26.070313,1.05904,0,222.05,0.7409046977228702,1.3,1.08,450.0
390649,26.080079,1.06156,0,222.05,0.7589762210035805,1.3,1.08,450.0
390650,26.089844,0.93915,0,222.05,0.7770458938315794,1.3,1.08,450.0
390651,26.09961,1.08783,0,222.05,0.7951174171125002,1.3,1.08,450.0
390652,26.110352,1.00772,0,222.05,0.8149949824498229,1.3,1.08,450.0
390653,26.120118,1.06829,0,222.05,0.8330665057307437,1.3,1.08,450.0
390654,26.129883,1.14937,0,222.05,0.8511361785585322,1.3,1.08,450.0
390655,26.139649,1.15925,0,222.05,0.869207701839453,1.3,1.08,450.0
390656,26.150391,0.99161,0,222.05,0.8890852671767757,1.3,1.08,450.0
390657,26.155274,1.18762,0,222.05,0.898121028817131,1.3,1.08,450.0
390658,26.16504,0.85702,0,222.05,0.9161925520980516,1.3,1.08,450.0
390659,26.174805,0.91039,0,222.05,0.9342622249260504,1.3,1.08,450.0
390660,26.184571,1.33335,1,226.5,0.0,1.3,1.08,450.0
390661,26.195313,1.37064,0,226.5,0.020275530456666767,1.3,1.08,450.0
390662,26.205079,1.00696,0,226.5,0.03870886041727428,1.3,1.08,450.0
390663,26.214844,1.1758,0,226.5,0.05714030287759318,1.3,1.08,450.0
390664,26.22461,1.43957,0,226.5,0.07557363283841528,1.3,1.08,450.0
390665,26.235352,2.19754,0,226.5,0.09584916329508204,1.3,1.08,450.0
390666,26.240235,3.11011,0,226.5,0.10506582827538581,1.3,1.08,450.0
390667,26.25,3.62196,0,226.5,0.12349727073570471,1.3,1.08,450.0
390668,26.259766,3.43048,0,226.5,0.1419306006965268,1.3,1.08,450.0
390669,26.269532,2.62433,0,226.5,0.1603639306573489,1.3,1.08,450.0
390670,26.280274,2.41333,0,226.5,0.1806394611138011,1.3,1.08,450.0
390671,26.29004,2.25984,0,226.5,0.1990727910746232,1.3,1.08,450.0
390672,26.299805,2.79462,0,226.5,0.21750423353494208,1.3,1.08,450.0
390673,26.309571,3.58482,0,226.5,0.2359375634957642,1.3,1.08,450.0
390674,26.320313,3.36141,0,226.5,0.25621309395243097,1.3,1.08,450.0
390675,26.330079,5.45104,0,226.5,0.2746464239130385,1.3,1.08,450.0
390676,26.339844,3.6968,0,226.5,0.29307786637335737,1.3,1.08,450.0
390677,26.344727,2.27222,0,226.5,0.3022945313538757,1.3,1.08,450.0
390678,26.354493,1.15637,0,226.5,0.3207278613146978,1.3,1.08,450.0
390679,26.365235,1.09802,0,226.5,0.34100339177115,1.3,1.08,450.0
390680,26.375,1.17383,0,226.5,0.35943483423146894,1.3,1.08,450.0
390681,26.384766,1.03216,0,226.5,0.377868164192291,1.3,1.08,450.0
390682,26.394532,1.10266,0,226.5,0.3963014941531131,1.3,1.08,450.0
390683,26.405274,1.64329,0,226.5,0.4165770246095653,1.3,1.08,450.0
390684,26.41504,2.17032,0,226.5,0.4350103545703874,1.3,1.08,450.0
390685,26.424805,2.14854,0,226.5,0.4534417970307063,1.3,1.08,450.0
390686,26.434571,1.60964,0,226.5,0.4718751269915284,1.3,1.08,450.0
390687,26.44043,1.00716,0,226.5,0.4829339924676768,1.3,1.08,450.0
390688,26.450196,0.7276,0,226.5,0.5013673224284989,1.3,1.08,450.0
390689,26.459961,0.68785,0,226.5,0.5197987648888178,1.3,1.08,450.0
390690,26.469727,0.73763,0,226.5,0.53823209484964,1.3,1.08,450.0
390691,26.479493,0.95529,0,226.5,0.556665424810462,1.3,1.08,450.0
390692,26.490235,1.28627,0,226.5,0.5769409552669142,1.3,1.08,450.0
390693,26.5,1.56407,0,226.5,0.5953723977272332,1.3,1.08,450.0
390694,26.509766,1.76441,0,226.5,0.6138057276880552,1.3,1.08,450.0
390695,26.519532,1.78059,0,226.5,0.6322390576488773,1.3,1.08,450.0
390696,26.530274,1.80097,0,226.5,0.6525145881053295,1.3,1.08,450.0
390697,26.535157,2.0412,0,226.5,0.6617312530858478,1.3,1.08,450.0
390698,26.544922,2.34635,0,226.5,0.6801626955461668,1.3,1.08,450.0
390699,26.554688,2.64332,0,226.5,0.6985960255069888,1.3,1.08,450.0
390700,26.56543,2.78676,0,226.5,0.718871555963441,1.3,1.08,450.0
390701,26.575196,2.84898,0,226.5,0.7373048859242631,1.3,1.08,450.0
390702,26.584961,2.89827,0,226.5,0.755736328384582,1.3,1.08,450.0
390703,26.594727,2.99188,0,226.5,0.7741696583454041,1.3,1.08,450.0
390704,26.604493,3.11559,0,226.5,0.7926029883062262,1.3,1.08,450.0
390705,26.615235,3.16779,0,226.5,0.8128785187626785,1.3,1.08,450.0
390706,26.625,3.24322,0,226.5,0.8313099612229973,1.3,1.08,450.0
390707,26.634766,3.36034,0,226.5,0.8497432911838195,1.3,1.08,450.0
390708,26.644532,3.41412,0,226.5,0.8681766211446416,1.3,1.08,450.0
390709,26.650391,3.43854,0,226.5,0.8792354866207899,1.3,1.08,450.0
390710,26.660157,3.67068,0,226.5,0.8976688165816121,1.3,1.08,450.0
390711,26.669922,3.95665,0,226.5,0.9161002590419309,1.3,1.08,450.0
390712,26.679688,3.95883,0,226.5,0.934533589002753,1.3,1.08,450.0
390713,26.69043,3.78515,0,226.5,0.9548091194592053,1.3,1.08,450.0
390714,26.700196,2.8494,0,226.5,0.9732424494200274,1.3,1.08,450.0
390715,26.709961,1.52754,0,226.5,0.9916738918803463,1.3,1.08,450.0
390716,26.719727,4.02564,0,226.5,0.010107221841168412,1.3,1.08,450.0
390717,26.729493,1.66227,0,226.5,0.028540551801990555,1.3,1.08,450.0
390718,26.735352,0.84428,0,226.5,0.03959941727813887,1.3,1.08,450.0
390719,26.745118,3.2656,1,221.53,0.0,1.3,1.08,450.0
390720,26.754883,3.5543,0,221.53,0.018027059044060538,1.3,1.08,450.0
390721,26.764649,2.3051,0,221.53,0.03605596417732212,1.3,1.08,450.0
390722,26.775391,1.88918,0,221.53,0.055886652170578116,1.3,1.08,450.0
390723,26.785157,2.05804,0,221.53,0.0739155573038397,1.3,1.08,450.0
390724,26.794922,2.08472,0,221.53,0.09194261634811011,1.3,1.08,450.0
390725,26.804688,1.72136,0,221.53,0.1099715214813717,1.3,1.08,450.0
390726,26.81543,1.48611,0,221.53,0.1298022094744178,1.3,1.08,450.0
390727,26.825196,0.93041,0,221.53,0.1478311146076794,1.3,1.08,450.0
390728,26.834961,1.23131,0,221.53,0.1658581736519498,1.3,1.08,450.0
390729,26.844727,1.49581,0,221.53,0.1838870787852114,1.3,1.08,450.0
390730,26.84961,1.31173,0,221.53,0.19290153135173724,1.3,1.08,450.0
390731,26.860352,1.17833,0,221.53,0.21273221934499323,1.3,1.08,450.0
390732,26.870118,1.19818,0,221.53,0.23076112447825484,1.3,1.08,450.0
390733,26.879883,1.0307,0,221.53,0.24878818352231535,1.3,1.08,450.0
390734,26.889649,1.05269,0,221.53,0.2668170886555769,1.3,1.08,450.0
390735,26.900391,1.0968,0,221.53,0.28664777664883295,1.3,1.08,450.0
390736,26.910157,1.04107,0,221.53,0.3046766817820945,1.3,1.08,450.0
390737,26.919922,1.01852,0,221.53,0.32270374082636494,1.3,1.08,450.0
390738,26.929688,1.12301,0,221.53,0.3407326459596265,1.3,1.08,450.0
390739,26.94043,0.91652,0,221.53,0.36056333395267265,1.3,1.08,450.0
390740,26.945313,1.05111,0,221.53,0.36957778651940837,1.3,1.08,450.0
390741,26.955079,1.02356,0,221.53,0.38760669165246003,1.3,1.08,450.0
390742,26.964844,1.0437,0,221.53,0.40563375069673047,1.3,1.08,450.0
390743,26.97461,1.08432,0,221.53,0.4236626558299921,1.3,1.08,450.0
390744,26.985352,1.12156,0,221.53,0.44349334382324807,1.3,1.08,450.0
390745,26.995118,1.03021,0,221.53,0.4615222489565097,1.3,1.08,450.0
390746,27.004883,1.05026,0,221.53,0.4795493080005702,1.3,1.08,450.0
390747,27.014649,1.06892,0,221.53,0.4975782131338317,1.3,1.08,450.0
390748,27.025391,1.01243,0,221.53,0.5174089011270878,1.3,1.08,450.0
390749,27.035157,1.06358,0,221.53,0.5354378062603493,1.3,1.08,450.0
390750,27.04004,1.03219,0,221.53,0.5444522588268751,1.3,1.08,450.0
390751,27.049805,1.07823,0,221.53,0.5624793178711457,1.3,1.08,450.0
390752,27.059571,1.01456,0,221.53,0.5805082230044072,1.3,1.08,450.0
390753,27.070313,1.02898,0,221.53,0.6003389109976632,1.3,1.08,450.0
390754,27.080079,0.97762,0,221.53,0.6183678161307149,1.3,1.08,450.0
390755,27.089844,1.03959,0,221.53,0.6363948751749854,1.3,1.08,450.0
390756,27.09961,1.00864,0,221.53,0.654423780308247,1.3,1.08,450.0
390757,27.110352,1.02092,0,221.53,0.6742544683015029,1.3,1.08,450.0
390758,27.120118,1.03281,0,221.53,0.6922833734347644,1.3,1.08,450.0
390759,27.129883,1.02174,0,221.53,0.7103104324788251,1.3,1.08,450.0
390760,27.139649,1.02326,0,221.53,0.7283393376120866,1.3,1.08,450.0
390761,27.150391,0.98782,0,221.53,0.7481700256053425,1.3,1.08,450.0
390762,27.155274,0.91908,0,221.53,0.7571844781718685,1.3,1.08,450.0
390763,27.16504,1.03399,0,221.53,0.77521338330513,1.3,1.08,450.0
390764,27.174805,1.04851,0,221.53,0.7932404423494005,1.3,1.08,450.0
390765,27.184571,0.95762,0,221.53,0.811269347482662,1.3,1.08,450.0
390766,27.195313,0.97958,0,221.53,0.831100035475918,1.3,1.08,450.0
390767,27.205079,1.10168,0,221.53,0.8491289406089698,1.3,1.08,450.0
390768,27.214844,0.95881,0,221.53,0.8671559996532402,1.3,1.08,450.0
390769,27.22461,0.98477,0,221.53,0.8851849047865018,1.3,1.08,450.0
390770,27.235352,1.04608,0,221.53,0.9050155927797577,1.3,1.08,450.0
390771,27.240235,1.13278,0,221.53,0.9140300453462835,1.3,1.08,450.0
390772,27.25,1.05742,0,221.53,0.9320571043905539,1.3,1.08,450.0
390773,27.259766,0.99978,0,221.53,0.9500860095238155,1.3,1.08,450.0
390774,27.269532,0.88786,0,221.53,0.9681149146570771,1.3,1.08,450.0
390775,27.280274,0.84934,0,221.53,0.9879456026501233,1.3,1.08,450.0
390776,27.29004,1.36569,1,221.0,0.0,1.3,1.08,450.0
390777,27.299805,1.26087,0,221.0,0.017984233782302753,1.3,1.08,450.0
390778,27.309571,1.20035,0,221.0,0.03597030926800918,1.3,1.08,450.0
390779,27.320313,1.67634,0,221.0,0.05575388728030686,1.3,1.08,450.0
390780,27.330079,2.08969,0,221.0,0.07373996276580391,1.3,1.08,450.0
390781,27.339844,3.02448,0,221.0,0.09172419654810667,1.3,1.08,450.0
390782,27.344727,4.31474,0,221.0,0.10071723429106456,1.3,1.08,450.0
390783,27.354493,3.47186,0,221.0,0.11870330977677099,1.3,1.08,450.0
390784,27.365235,3.1264,0,221.0,0.1384868877888593,1.3,1.08,450.0
390785,27.375,2.51105,0,221.0,0.15647112157116208,1.3,1.08,450.0
390786,27.384766,1.95587,0,221.0,0.1744571970568685,1.3,1.08,450.0
390787,27.394532,2.67432,0,221.0,0.19244327254257493,1.3,1.08,450.0
390788,27.405274,2.35238,0,221.0,0.21222685055466323,1.3,1.08,450.0
390789,27.41504,2.31396,0,221.0,0.23021292604036964,1.3,1.08,450.0
390790,27.424805,5.12819,0,221.0,0.24819715982267238,1.3,1.08,450.0
390791,27.434571,4.37387,0,221.0,0.2661832353083788,1.3,1.08,450.0
390792,27.44043,3.63614,0,221.0,0.2769737755777186,1.3,1.08,450.0
390793,27.450196,1.92905,0,221.0,0.294959851063425,1.3,1.08,450.0
390794,27.459961,1.37171,0,221.0,0.3129440848457278,1.3,1.08,450.0
390795,27.469727,1.01918,0,221.0,0.3309301603314342,1.3,1.08,450.0
390796,27.479493,0.87252,0,221.0,0.34891623581714065,1.3,1.08,450.0
390797,27.490235,0.75578,0,221.0,0.36869981382922895,1.3,1.08,450.0
390798,27.5,0.77318,0,221.0,0.3866840476115317,1.3,1.08,450.0
390799,27.509766,1.19233,0,221.0,0.40467012309723815,1.3,1.08,450.0
390800,27.519532,1.32574,0,221.0,0.42265619858294456,1.3,1.08,450.0
390801,27.530274,1.28803,0,221.0,0.44243977659503286,1.3,1.08,450.0
390802,27.535157,1.14331,0,221.0,0.45143281433799076,1.3,1.08,450.0
390803,27.544922,0.97983,0,221.0,0.4694170481202935,1.3,1.08,450.0
390804,27.554688,0.97257,0,221.0,0.4874031236059999,1.3,1.08,450.0
390805,27.56543,1.04329,0,221.0,0.5071867016180882,1.3,1.08,450.0
390806,27.575196,1.06857,0,221.0,0.5251727771037946,1.3,1.08,450.0
390807,27.584961,1.15183,0,221.0,0.5431570108860975,1.3,1.08,450.0
390808,27.594727,1.40739,0,221.0,0.5611430863718039,1.3,1.08,450.0
390809,27.604493,1.52545,0,221.0,0.5791291618575103,1.3,1.08,450.0
390810,27.615235,1.68954,0,221.0,0.5989127398695986,1.3,1.08,450.0
390811,27.625,1.82494,0,221.0,0.6168969736519013,1.3,1.08,450.0
390812,27.634766,2.05713,0,221.0,0.6348830491376077,1.3,1.08,450.0
390813,27.644532,2.24814,0,221.0,0.6528691246233141,1.3,1.08,450.0
390814,27.650391,2.38289,0,221.0,0.6636596648926539,1.3,1.08,450.0
390815,27.660157,2.52804,0,221.0,0.6816457403783605,1.3,1.08,450.0
390816,27.669922,2.71272,0,221.0,0.6996299741606632,1.3,1.08,450.0
390817,27.679688,2.89616,0,221.0,0.7176160496463696,1.3,1.08,450.0
390818,27.69043,2.99629,0,221.0,0.7373996276584579,1.3,1.08,450.0
390819,27.700196,3.07092,0,221.0,0.7553857031441643,1.3,1.08,450.0
390820,27.709961,3.17129,0,221.0,0.773369936926467,1.3,1.08,450.0
390821,27.719727,3.30572,0,221.0,0.7913560124121735,1.3,1.08,450.0
390822,27.729493,3.35746,0,221.0,0.80934208789788,1.3,1.08,450.0
390823,27.735352,3.34974,0,221.0,0.8201326281672198,1.3,1.08,450.0
390824,27.745118,3.43001,0,221.0,0.8381187036529261,1.3,1.08,450.0
390825,27.754883,3.60426,0,221.0,0.8561029374350195,1.3,1.08,450.0
390826,27.764649,3.8093,0,221.0,0.8740890129207259,1.3,1.08,450.0
390827,27.775391,4.09568,0,221.0,0.8938725909330236,1.3,1.08,450.0
390828,27.785157,4.25971,0,221.0,0.91185866641873,1.3,1.08,450.0
390829,27.794922,3.24362,0,221.0,0.9298429002010328,1.3,1.08,450.0
390830,27.804688,1.28353,0,221.0,0.9478289756867393,1.3,1.08,450.0
390831,27.81543,3.88487,0,221.0,0.9676125536988276,1.3,1.08,450.0
390832,27.825196,1.77749,0,221.0,0.9855986291845339,1.3,1.08,450.0
390833,27.834961,0.99943,0,221.0,0.0035828629668366307,1.3,1.08,450.0
390834,27.839844,2.95117,1,219.91,0.0,1.3,1.08,450.0
390835,27.84961,3.28096,0,219.91,0.017896722737214255,1.3,1.08,450.0
390836,27.860352,2.32078,0,219.91,0.03758201821579228,1.3,1.08,450.0
390837,27.870118,2.26393,0,219.91,0.05547874095300653,1.3,1.08,450.0
390838,27.879883,1.82228,0,219.91,0.07337363113597888,1.3,1.08,450.0
390839,27.889649,1.8602,0,219.91,0.09127035387319313,1.3,1.08,450.0
390840,27.900391,1.12943,0,219.91,0.11095564935177114,1.3,1.08,450.0
390841,27.910157,1.16239,0,219.91,0.1288523720889854,1.3,1.08,450.0
390842,27.919922,1.37857,0,219.91,0.14674726227216608,1.3,1.08,450.0
390843,27.929688,1.06268,0,219.91,0.16464398500938032,1.3,1.08,450.0
390844,27.94043,1.27836,0,219.91,0.18432928048775002,1.3,1.08,450.0
390845,27.945313,1.36688,0,219.91,0.19327764185646132,1.3,1.08,450.0
390846,27.955079,1.29146,0,219.91,0.21117436459346722,1.3,1.08,450.0
390847,27.964844,1.0677,0,219.91,0.22906925477664788,1.3,1.08,450.0
390848,27.97461,1.10464,0,219.91,0.24696597751386215,1.3,1.08,450.0
390849,27.985352,1.06568,0,219.91,0.2666512729924402,1.3,1.08,450.0
390850,27.995118,1.05315,0,219.91,0.2845479957296544,1.3,1.08,450.0
390851,28.004883,1.09216,0,219.91,0.30244288591262675,1.3,1.08,450.0
390852,28.014649,0.97261,0,219.91,0.320339608649841,1.3,1.08,450.0
390853,28.025391,1.03541,0,219.91,0.340024904128419,1.3,1.08,450.0
390854,28.030274,0.97652,0,219.91,0.34897326549692204,1.3,1.08,450.0
390855,28.04004,0.96345,0,219.91,0.3668699882341363,1.3,1.08,450.0
390856,28.049805,1.02701,0,219.91,0.38476487841731694,1.3,1.08,450.0
390857,28.059571,0.98279,0,219.91,0.40266160115453115,1.3,1.08,450.0
390858,28.070313,0.93646,0,219.91,0.4223468966331092,1.3,1.08,450.0
390859,28.080079,1.01622,0,219.91,0.4402436193701151,1.3,1.08,450.0
390860,28.089844,0.98977,0,219.91,0.45813850955329577,1.3,1.08,450.0
390861,28.09961,1.00714,0,219.91,0.47603523229051004,1.3,1.08,450.0
390862,28.110352,1.03252,0,219.91,0.4957205277690881,1.3,1.08,450.0
390863,28.120118,0.9959,0,219.91,0.5136172505063024,1.3,1.08,450.0
390864,28.129883,1.00017,0,219.91,0.5315121406892747,1.3,1.08,450.0
390865,28.139649,1.02815,0,219.91,0.5494088634264889,1.3,1.08,450.0
390866,28.144532,1.05577,0,219.91,0.5583572247952002,1.3,1.08,450.0
390867,28.155274,1.07809,0,219.91,0.57804252027357,1.3,1.08,450.0
390868,28.16504,1.04482,0,219.91,0.5959392430107842,1.3,1.08,450.0
390869,28.174805,1.0687,0,219.91,0.6138341331939648,1.3,1.08,450.0
390870,28.184571,1.00112,0,219.91,0.6317308559311791,1.3,1.08,450.0
390871,28.195313,1.01478,0,219.91,0.6514161514097571,1.3,1.08,450.0
390872,28.205079,0.98386,0,219.91,0.669312874146763,1.3,1.08,450.0
390873,28.214844,1.01926,0,219.91,0.6872077643299437,1.3,1.08,450.0
390874,28.22461,1.01756,0,219.91,0.705104487067158,1.3,1.08,450.0
390875,28.235352,0.97532,0,219.91,0.724789782545736,1.3,1.08,450.0
390876,28.240235,0.9904,0,219.91,0.733738143914239,1.3,1.08,450.0
390877,28.25,1.09174,0,219.91,0.7516330340974197,1.3,1.08,450.0
390878,28.259766,1.07982,0,219.91,0.7695297568346339,1.3,1.08,450.0
390879,28.269532,0.99121,0,219.91,0.7874264795718482,1.3,1.08,450.0
390880,28.280274,1.06817,0,219.91,0.8071117750502178,1.3,1.08,450.0
390881,28.29004,1.05515,0,219.91,0.825008497787432,1.3,1.08,450.0
390882,28.299805,0.90867,0,219.91,0.8429033879706128,1.3,1.08,450.0
390883,28.309571,0.98139,0,219.91,0.8608001107078269,1.3,1.08,450.0
390884,28.320313,1.03544,0,219.91,0.880485406186405,1.3,1.08,450.0
390885,28.330079,0.99501,0,219.91,0.8983821289234108,1.3,1.08,450.0
390886,28.334961,0.99927,0,219.91,0.9073286577380887,1.3,1.08,450.0
390887,28.344727,1.18717,0,219.91,0.9252253804753028,1.3,1.08,450.0
390888,28.354493,0.94414,0,219.91,0.9431221032125171,1.3,1.08,450.0
390889,28.365235,0.90493,0,219.91,0.9628073986908868,1.3,1.08,450.0
390890,28.375,0.84913,0,219.91,0.9807022888740674,1.3,1.08,450.0
390891,28.384766,1.57157,1,220.03,0.0,1.3,1.08,450.0
390892,28.394532,1.31268,0,220.03,0.017906766048076537,1.3,1.08,450.0
390893,28.405274,1.37527,0,220.03,0.03760310855135733,1.3,1.08,450.0
390894,28.41504,1.38233,0,220.03,0.05550987459943387,1.3,1.08,450.0
390895,28.424805,2.0428,0,220.03,0.07341480706508127,1.3,1.08,450.0
390896,28.434571,3.6227,0,220.03,0.0913215731131578,1.3,1.08,450.0
390897,28.44043,3.46767,0,220.03,0.10206453259250456,1.3,1.08,450.0
390898,28.450196,3.36731,0,220.03,0.1199712986405811,1.3,1.08,450.0
390899,28.459961,3.1887,0,220.03,0.13787623110622851,1.3,1.08,450.0
390900,28.469727,2.89956,0,220.03,0.15578299715430505,1.3,1.08,450.0
390901,28.479493,2.29715,0,220.03,0.17368976320238158,1.3,1.08,450.0
390902,28.490235,2.93697,0,220.03,0.19338610570566236,1.3,1.08,450.0
390903,28.5,2.86794,0,220.03,0.2112910381713098,1.3,1.08,450.0
390904,28.509766,3.33957,0,220.03,0.22919780421938632,1.3,1.08,450.0
390905,28.519532,6.30242,0,220.03,0.24710457026746285,1.3,1.08,450.0
390906,28.525391,3.72383,0,220.03,0.25784752974680963,1.3,1.08,450.0
390907,28.535157,2.8442,0,220.03,0.27575429579488614,1.3,1.08,450.0
390908,28.544922,1.53244,0,220.03,0.2936592282605336,1.3,1.08,450.0
390909,28.554688,1.04399,0,220.03,0.3115659943086101,1.3,1.08,450.0
390910,28.56543,1.03963,0,220.03,0.3312623368118909,1.3,1.08,450.0
390911,28.575196,0.94215,0,220.03,0.34916910285996744,1.3,1.08,450.0
390912,28.584961,0.93461,0,220.03,0.36707403532561483,1.3,1.08,450.0
390913,28.594727,1.28127,0,220.03,0.3849808013736914,1.3,1.08,450.0
390914,28.604493,1.62555,0,220.03,0.4028875674217679,1.3,1.08,450.0
390915,28.615235,1.6589,0,220.03,0.4225839099250487,1.3,1.08,450.0
390916,28.625,1.50413,0,220.03,0.4404888423906961,1.3,1.08,450.0
390917,28.634766,1.20674,0,220.03,0.45839560843877264,1.3,1.08,450.0
390918,28.644532,0.95864,0,220.03,0.4763023744868492,1.3,1.08,450.0
390919,28.650391,0.99175,0,220.03,0.4870453339661959,1.3,1.08,450.0
390920,28.660157,1.02066,0,220.03,0.5049521000142725,1.3,1.08,450.0
390921,28.669922,1.13037,0,220.03,0.5228570324799199,1.3,1.08,450.0
390922,28.679688,1.23391,0,220.03,0.5407637985279964,1.3,1.08,450.0
390923,28.69043,1.30507,0,220.03,0.5604601410312772,1.3,1.08,450.0
390924,28.700196,1.36796,0,220.03,0.5783669070793537,1.3,1.08,450.0
390925,28.709961,1.40974,0,220.03,0.5962718395450011,1.3,1.08,450.0
390926,28.719727,1.65821,0,220.03,0.6141786055930777,1.3,1.08,450.0
390927,28.729493,2.06991,0,220.03,0.6320853716411542,1.3,1.08,450.0
390928,28.735352,2.46818,0,220.03,0.642828331120501,1.3,1.08,450.0
390929,28.745118,2.76369,0,220.03,0.6607350971685776,1.3,1.08,450.0
390930,28.754883,2.96349,0,220.03,0.6786400296340165,1.3,1.08,450.0
390931,28.764649,3.11185,0,220.03,0.696546795682093,1.3,1.08,450.0
390932,28.775391,3.2464,0,220.03,0.7162431381855823,1.3,1.08,450.0
390933,28.785157,3.27268,0,220.03,0.7341499042336588,1.3,1.08,450.0
390934,28.794922,3.31509,0,220.03,0.7520548366993062,1.3,1.08,450.0
390935,28.804688,3.49014,0,220.03,0.7699616027473828,1.3,1.08,450.0
390936,28.81543,3.48491,0,220.03,0.7896579452506636,1.3,1.08,450.0
390937,28.825196,3.41722,0,220.03,0.8075647112987401,1.3,1.08,450.0
390938,28.834961,3.4455,0,220.03,0.8254696437643875,1.3,1.08,450.0
390939,28.839844,3.58465,0,220.03,0.8344230267883216,1.3,1.08,450.0
390940,28.84961,3.87563,0,220.03,0.8523297928363981,1.3,1.08,450.0
390941,28.860352,4.14022,0,220.03,0.8720261353398873,1.3,1.08,450.0
390942,28.870118,4.31592,0,220.03,0.8899329013879638,1.3,1.08,450.0
390943,28.879883,3.80604,0,220.03,0.9078378338534028,1.3,1.08,450.0
390944,28.889649,1.28933,0,220.03,0.9257445999014794,1.3,1.08,450.0
390945,28.900391,4.04135,0,220.03,0.9454409424049686,1.3,1.08,450.0
390946,28.910157,1.94521,0,220.03,0.9633477084530451,1.3,1.08,450.0
390947,28.919922,0.51052,0,220.03,0.9812526409186925,1.3,1.08,450.0
390948,28.929688,2.70185,1,220.1,0.0,1.3,1.08,450.0
390949,28.94043,2.9683,0,220.1,0.019702970718227457,1.3,1.08,450.0
390950,28.945313,1.84053,0,220.1,0.02865936673562867,1.3,1.08,450.0
390951,28.955079,1.72129,0,220.1,0.04657215877001405,1.3,1.08,450.0
390952,28.964844,2.05248,0,220.1,0.0644831166051415,1.3,1.08,450.0
390953,28.97461,1.62735,0,220.1,0.08239590863973541,1.3,1.08,450.0
390954,28.985352,1.65743,0,220.1,0.10209887935817138,1.3,1.08,450.0
390955,28.995118,1.32022,0,220.1,0.12001167139276529,1.3,1.08,450.0
390956,29.004883,0.98559,0,220.1,0.13792262922768422,1.3,1.08,450.0
390957,29.014649,1.33524,0,220.1,0.15583542126227812,1.3,1.08,450.0
390958,29.025391,1.36608,0,220.1,0.1755383919807141,1.3,1.08,450.0
390959,29.030274,1.40389,0,220.1,0.1844947879979068,1.3,1.08,450.0
390960,29.04004,1.28065,0,220.1,0.2024075800325007,1.3,1.08,450.0
390961,29.049805,1.17344,0,220.1,0.22031853786762814,1.3,1.08,450.0
390962,29.059571,1.11169,0,220.1,0.23823132990222204,1.3,1.08,450.0
390963,29.070313,1.1922,0,220.1,0.25793430062065803,1.3,1.08,450.0
390964,29.080079,1.18835,0,220.1,0.2758470926550434,1.3,1.08,450.0
390965,29.089844,1.02399,0,220.1,0.29375805049017084,1.3,1.08,450.0
390966,29.09961,1.16928,0,220.1,0.3116708425247648,1.3,1.08,450.0
390967,29.110352,1.04694,0,220.1,0.33137381324320075,1.3,1.08,450.0
390968,29.120118,1.01253,0,220.1,0.34928660527779465,1.3,1.08,450.0
390969,29.129883,1.08432,0,220.1,0.36719756311271357,1.3,1.08,450.0
390970,29.139649,1.02164,0,220.1,0.38511035514730746,1.3,1.08,450.0
390971,29.144532,1.04076,0,220.1,0.3940667511647087,1.3,1.08,450.0
390972,29.155274,1.02434,0,220.1,0.41376972188293615,1.3,1.08,450.0
390973,29.16504,1.02401,0,220.1,0.43168251391753004,1.3,1.08,450.0
390974,29.174805,1.02923,0,220.1,0.4495934717526575,1.3,1.08,450.0
390975,29.184571,0.99433,0,220.1,0.4675062637872514,1.3,1.08,450.0
390976,29.195313,1.0301,0,220.1,0.4872092345056874,1.3,1.08,450.0
390977,29.205079,0.97786,0,220.1,0.5051220265400728,1.3,1.08,450.0
390978,29.214844,0.91996,0,220.1,0.5230329843752002,1.3,1.08,450.0
390979,29.22461,1.00924,0,220.1,0.5409457764097941,1.3,1.08,450.0
390980,29.235352,0.94237,0,220.1,0.5606487471282301,1.3,1.08,450.0
390981,29.240235,1.00449,0,220.1,0.5696051431454229,1.3,1.08,450.0
390982,29.25,1.02421,0,220.1,0.5875161009805503,1.3,1.08,450.0
390983,29.259766,1.02768,0,220.1,0.6054288930151441,1.3,1.08,450.0
390984,29.269532,0.99886,0,220.1,0.6233416850497381,1.3,1.08,450.0
390985,29.280274,0.98685,0,220.1,0.6430446557679655,1.3,1.08,450.0
390986,29.29004,0.99778,0,220.1,0.6609574478025594,1.3,1.08,450.0
390987,29.299805,1.00614,0,220.1,0.6788684056376868,1.3,1.08,450.0
390988,29.309571,1.06436,0,220.1,0.6967811976722807,1.3,1.08,450.0
390989,29.320313,1.03179,0,220.1,0.7164841683907167,1.3,1.08,450.0
390990,29.330079,1.01767,0,220.1,0.734396960425102,1.3,1.08,450.0
390991,29.334961,1.06354,0,220.1,0.7433515222430369,1.3,1.08,450.0
390992,29.344727,1.0368,0,220.1,0.7612643142776307,1.3,1.08,450.0
390993,29.354493,1.01846,0,220.1,0.7791771063122247,1.3,1.08,450.0
390994,29.365235,0.95556,0,220.1,0.7988800770304522,1.3,1.08,450.0
390995,29.375,1.09318,0,220.1,0.8167910348655796,1.3,1.08,450.0
390996,29.384766,1.00995,0,220.1,0.8347038269001735,1.3,1.08,450.0
390997,29.394532,0.89248,0,220.1,0.8526166189347675,1.3,1.08,450.0
390998,29.405274,1.01411,0,220.1,0.8723195896529948,1.3,1.08,450.0
390999,29.41504,1.07758,0,220.1,0.8902323816875888,1.3,1.08,450.0
391000,29.424805,1.05105,0,220.1,0.9081433395227162,1.3,1.08,450.0
391001,29.434571,0.96845,0,220.1,0.9260561315573101,1.3,1.08,450.0
391002,29.44043,0.98068,0,220.1,0.9368027062583448,1.3,1.08,450.0
391003,29.450196,0.91882,0,220.1,0.9547154982929389,1.3,1.08,450.0
391004,29.459961,1.50484,1,222.58,0.0,1.3,1.08,450.0
391005,29.469727,1.15708,0,222.58,0.018114446676224676,1.3,1.08,450.0
391006,29.479493,1.21894,0,222.58,0.03622889335244935,1.3,1.08,450.0
391007,29.490235,1.52742,0,222.58,0.0561536717872836,1.3,1.08,450.0
391008,29.5,2.04574,0,222.58,0.07426626361539948,1.3,1.08,450.0
391009,29.509766,3.22419,0,222.58,0.09238071029162415,1.3,1.08,450.0
391010,29.519532,4.36075,0,222.58,0.11049515696784883,1.3,1.08,450.0
391011,29.525391,3.92326,0,222.58,0.12136271206467618,1.3,1.08,450.0
391012,29.535157,3.33241,0,222.58,0.13947715874090086,1.3,1.08,450.0
391013,29.544922,2.64322,0,222.58,0.15758975056901675,1.3,1.08,450.0
391014,29.554688,2.33918,0,222.58,0.17570419724524142,1.3,1.08,450.0
391015,29.56543,2.82178,0,222.58,0.19562897568007567,1.3,1.08,450.0
391016,29.575196,2.16683,0,222.58,0.21374342235630034,1.3,1.08,450.0
391017,29.584961,2.49018,0,222.58,0.23185601418441623,1.3,1.08,450.0
391018,29.594727,6.50207,0,222.58,0.2499704608606409,1.3,1.08,450.0
391019,29.604493,3.80598,0,222.58,0.26808490753686554,1.3,1.08,450.0
391020,29.615235,3.37875,0,222.58,0.2880096859716998,1.3,1.08,450.0
391021,29.625,1.66105,0,222.58,0.3061222777998157,1.3,1.08,450.0
391022,29.634766,1.16471,0,222.58,0.32423672447604035,1.3,1.08,450.0
391023,29.639649,0.93519,0,222.58,0.33329394781404725,1.3,1.08,450.0
391024,29.650391,0.79405,0,222.58,0.3532187262490924,1.3,1.08,450.0
391025,29.660157,0.70592,0,222.58,0.37133317292531703,1.3,1.08,450.0
391026,29.669922,0.66508,0,222.58,0.38944576475343295,1.3,1.08,450.0
391027,29.679688,0.91478,0,222.58,0.40756021142965765,1.3,1.08,450.0
391028,29.69043,1.19886,0,222.58,0.42748498986449185,1.3,1.08,450.0
391029,29.700196,1.32528,0,222.58,0.4455994365407166,1.3,1.08,450.0
391030,29.709961,1.22522,0,222.58,0.46371202836883246,1.3,1.08,450.0
391031,29.719727,1.03685,0,222.58,0.48182647504505716,1.3,1.08,450.0
391032,29.729493,1.05282,0,222.58,0.4999409217212818,1.3,1.08,450.0
391033,29.735352,1.15474,0,222.58,0.5108084768181091,1.3,1.08,450.0
391034,29.745118,1.2741,0,222.58,0.5289229234943338,1.3,1.08,450.0
391035,29.754883,1.48649,0,222.58,0.5470355153222388,1.3,1.08,450.0
391036,29.764649,1.55141,0,222.58,0.5651499619984635,1.3,1.08,450.0
391037,29.775391,1.42005,0,222.58,0.5850747404335086,1.3,1.08,450.0
391038,29.785157,1.29117,0,222.58,0.6031891871097332,1.3,1.08,450.0
391039,29.794922,1.45493,0,222.58,0.6213017789378491,1.3,1.08,450.0
391040,29.804688,1.83047,0,222.58,0.6394162256140739,1.3,1.08,450.0
391041,29.81543,2.25795,0,222.58,0.6593410040489082,1.3,1.08,450.0
391042,29.825196,2.54666,0,222.58,0.6774554507251327,1.3,1.08,450.0
391043,29.830079,2.71621,0,222.58,0.6865126740631396,1.3,1.08,450.0
391044,29.839844,2.8072,0,222.58,0.7046252658912556,1.3,1.08,450.0
391045,29.84961,2.88879,0,222.58,0.7227397125674802,1.3,1.08,450.0
391046,29.860352,2.96806,0,222.58,0.7426644910025254,1.3,1.08,450.0
391047,29.870118,3.00793,0,222.58,0.76077893767875,1.3,1.08,450.0
391048,29.879883,3.10133,0,222.58,0.7788915295066551,1.3,1.08,450.0
391049,29.889649,3.22917,0,222.58,0.7970059761828797,1.3,1.08,450.0
391050,29.900391,3.31498,0,222.58,0.8169307546179249,1.3,1.08,450.0
391051,29.910157,3.31456,0,222.58,0.8350452012941496,1.3,1.08,450.0
391052,29.919922,3.3591,0,222.58,0.8531577931222655,1.3,1.08,450.0
391053,29.929688,3.55109,0,222.58,0.8712722397984901,1.3,1.08,450.0
391054,29.94043,3.72738,0,222.58,0.8911970182333243,1.3,1.08,450.0
391055,29.945313,3.88842,0,222.58,0.9002542415715421,1.3,1.08,450.0
391056,29.955079,3.97034,0,222.58,0.9183686882475559,1.3,1.08,450.0
391057,29.964844,2.4493,0,222.58,0.9364812800756718,1.3,1.08,450.0
391058,29.97461,2.48785,0,222.58,0.9545957267518965,1.3,1.08,450.0
391059,29.985352,3.8583,0,222.58,0.9745205051869416,1.3,1.08,450.0
391060,29.995118,1.44471,0,222.58,0.9926349518631663,1.3,1.08,450.0
391061,30.004883,0.44925,0,222.58,0.010747543691071337,1.3,1.08,450.0
391062,30.014649,2.70217,1,220.08,0.0,1.3,1.08,450.0
391063,30.025391,3.2304,0,220.08,0.01970120374042258,1.3,1.08,450.0
391064,30.030274,1.81204,0,220.08,0.02865679654092943,1.3,1.08,450.0
391065,30.04004,1.6348,0,220.08,0.04656798214215163,1.3,1.08,450.0
391066,30.049805,1.97429,0,220.08,0.06447733370839985,1.3,1.08,450.0
391067,30.059571,1.56738,0,220.08,0.08238851930962206,1.3,1.08,450.0
391068,30.070313,1.38162,0,220.08,0.10208972305004463,1.3,1.08,450.0
391069,30.080079,1.49709,0,220.08,0.12000090865105832,1.3,1.08,450.0
391070,30.089844,0.98343,0,220.08,0.13791026021730654,1.3,1.08,450.0
391071,30.09961,1.30389,0,220.08,0.15582144581852875,1.3,1.08,450.0
391072,30.110352,1.29212,0,220.08,0.17552264955895133,1.3,1.08,450.0
391073,30.120118,1.27878,0,220.08,0.19343383516017354,1.3,1.08,450.0
391074,30.129883,1.18381,0,220.08,0.21134318672621324,1.3,1.08,450.0
391075,30.134766,1.08091,0,220.08,0.22029877952692858,1.3,1.08,450.0
391076,30.144532,1.07353,0,220.08,0.2382099651281508,1.3,1.08,450.0
391077,30.155274,1.13007,0,220.08,0.25791116886836485,1.3,1.08,450.0
391078,30.16504,1.10102,0,220.08,0.2758223544695871,1.3,1.08,450.0
391079,30.174805,1.09905,0,220.08,0.2937317060358353,1.3,1.08,450.0
391080,30.184571,1.05829,0,220.08,0.3116428916370575,1.3,1.08,450.0
391081,30.195313,0.95151,0,220.08,0.33134409537748005,1.3,1.08,450.0
391082,30.205079,1.03467,0,220.08,0.3492552809784938,1.3,1.08,450.0
391083,30.214844,0.94546,0,220.08,0.36716463254474196,1.3,1.08,450.0
391084,30.22461,1.01461,0,220.08,0.38507581814596414,1.3,1.08,450.0
391085,30.235352,1.08398,0,220.08,0.4047770218863868,1.3,1.08,450.0
391086,30.240235,1.05215,0,220.08,0.41373261468689365,1.3,1.08,450.0
391087,30.25,1.01605,0,220.08,0.43164196625314183,1.3,1.08,450.0
391088,30.259766,1.05807,0,220.08,0.449553151854364,1.3,1.08,450.0
391089,30.269532,0.99798,0,220.08,0.4674643374555862,1.3,1.08,450.0
391090,30.280274,1.00416,0,220.08,0.4871655411958003,1.3,1.08,450.0
391091,30.29004,1.07003,0,220.08,0.5050767267970225,1.3,1.08,450.0
391092,30.299805,1.03759,0,220.08,0.5229860783632707,1.3,1.08,450.0
391093,30.309571,1.0087,0,220.08,0.5408972639644929,1.3,1.08,450.0
391094,30.320313,0.99881,0,220.08,0.5605984677049155,1.3,1.08,450.0
391095,30.325196,1.10846,0,220.08,0.5695540605054225,1.3,1.08,450.0
391096,30.334961,0.97203,0,220.08,0.5874634120716706,1.3,1.08,450.0
391097,30.344727,1.06057,0,220.08,0.6053745976728927,1.3,1.08,450.0
391098,30.354493,1.00863,0,220.08,0.623285783274115,1.3,1.08,450.0
391099,30.365235,0.98062,0,220.08,0.642986987014329,1.3,1.08,450.0
391100,30.375,1.02892,0,220.08,0.6608963385805773,1.3,1.08,450.0
391101,30.384766,1.04304,0,220.08,0.6788075241817995,1.3,1.08,450.0
391102,30.394532,1.04974,0,220.08,0.6967187097830218,1.3,1.08,450.0
391103,30.405274,1.01796,0,220.08,0.7164199135232358,1.3,1.08,450.0
391104,30.41504,1.02183,0,220.08,0.7343310991244579,1.3,1.08,450.0
391105,30.424805,1.00205,0,220.08,0.7522404506907062,1.3,1.08,450.0
391106,30.434571,1.01505,0,220.08,0.7701516362919283,1.3,1.08,450.0
391107,30.44043,1.01673,0,220.08,0.7808972472316356,1.3,1.08,450.0
391108,30.450196,1.03501,0,220.08,0.7988084328328579,1.3,1.08,450.0
391109,30.459961,1.06133,0,220.08,0.816717784399106,1.3,1.08,450.0
391110,30.469727,0.89228,0,220.08,0.8346289700003282,1.3,1.08,450.0
391111,30.479493,1.00944,0,220.08,0.8525401556015504,1.3,1.08,450.0
391112,30.490235,1.00528,0,220.08,0.8722413593417645,1.3,1.08,450.0
391113,30.5,1.08741,0,220.08,0.8901507109080128,1.3,1.08,450.0
391114,30.509766,1.0503,0,220.08,0.9080618965092349,1.3,1.08,450.0
391115,30.519532,1.15194,0,220.08,0.9259730821104571,1.3,1.08,450.0
391116,30.525391,0.94999,0,220.08,0.9367186930501643,1.3,1.08,450.0
391117,30.535157,0.92056,0,220.08,0.9546298786513866,1.3,1.08,450.0
391118,30.544922,1.07759,0,220.08,0.9725392302176348,1.3,1.08,450.0
391119,30.554688,1.55044,1,220.93,0.0,1.3,1.08,450.0
391120,30.56543,1.0359,0,220.93,0.019777184647721286,1.3,1.08,450.0
391121,30.575196,1.15562,0,220.93,0.03775744765936248,1.3,1.08,450.0
391122,30.584961,1.26465,0,220.93,0.055735869562774494,1.3,1.08,450.0
391123,30.594727,1.887,0,220.93,0.07371613257441569,1.3,1.08,450.0
391124,30.604493,2.79671,0,220.93,0.09169639558605687,1.3,1.08,450.0
391125,30.615235,3.97846,0,220.93,0.11147358023377817,1.3,1.08,450.0
391126,30.625,4.01479,0,220.93,0.1294520021371902,1.3,1.08,450.0
391127,30.629883,3.18891,0,220.93,0.1384421336429061,1.3,1.08,450.0
391128,30.639649,2.65296,0,220.93,0.15642239665454732,1.3,1.08,450.0
391129,30.650391,2.07226,0,220.93,0.1761995813024779,1.3,1.08,450.0
391130,30.660157,2.74465,0,220.93,0.1941798443141191,1.3,1.08,450.0
391131,30.669922,2.52688,0,220.93,0.21215826621753112,1.3,1.08,450.0
391132,30.679688,3.08101,0,220.93,0.2301385292291723,1.3,1.08,450.0
391133,30.69043,4.77203,0,220.93,0.2499157138768936,1.3,1.08,450.0
391134,30.700196,4.88964,0,220.93,0.2678959768885348,1.3,1.08,450.0
391135,30.709961,3.20101,0,220.93,0.2858743987919468,1.3,1.08,450.0
391136,30.719727,1.82652,0,220.93,0.303854661803588,1.3,1.08,450.0
391137,30.729493,1.12237,0,220.93,0.3218349248152292,1.3,1.08,450.0
391138,30.735352,1.1085,0,220.93,0.3326219779572345,1.3,1.08,450.0
391139,30.745118,1.02019,0,220.93,0.3506022409688757,1.3,1.08,450.0
391140,30.754883,0.9004,0,220.93,0.3685806628720784,1.3,1.08,450.0
391141,30.764649,0.96778,0,220.93,0.3865609258837196,1.3,1.08,450.0
391142,30.775391,1.48555,0,220.93,0.4063381105316502,1.3,1.08,450.0
391143,30.785157,1.95109,0,220.93,0.42431837354329144,1.3,1.08,450.0
391144,30.794922,1.86152,0,220.93,0.4422967954467035,1.3,1.08,450.0
391145,30.804688,1.46595,0,220.93,0.4602770584583446,1.3,1.08,450.0
391146,30.81543,1.04732,0,220.93,0.4800542431060659,1.3,1.08,450.0
391147,30.820313,0.87124,0,220.93,0.48904437461199113,1.3,1.08,450.0
391148,30.830079,0.95549,0,220.93,0.5070246376234231,1.3,1.08,450.0
391149,30.839844,0.96907,0,220.93,0.525003059526835,1.3,1.08,450.0
391150,30.84961,1.18315,0,220.93,0.5429833225384761,1.3,1.08,450.0
391151,30.860352,1.36563,0,220.93,0.5627605071864069,1.3,1.08,450.0
391152,30.870118,1.56528,0,220.93,0.580740770198048,1.3,1.08,450.0
391153,30.879883,1.72446,0,220.93,0.5987191921012508,1.3,1.08,450.0
391154,30.889649,1.94932,0,220.93,0.6166994551128919,1.3,1.08,450.0
391155,30.900391,2.14352,0,220.93,0.6364766397608225,1.3,1.08,450.0
391156,30.910157,2.28469,0,220.93,0.6544569027724637,1.3,1.08,450.0
391157,30.919922,2.48725,0,220.93,0.6724353246758757,1.3,1.08,450.0
391158,30.929688,2.69027,0,220.93,0.6904155876875169,1.3,1.08,450.0
391159,30.94043,2.85067,0,220.93,0.7101927723352383,1.3,1.08,450.0
391160,30.945313,3.00863,0,220.93,0.7191829038411635,1.3,1.08,450.0
391161,30.955079,3.0892,0,220.93,0.7371631668525953,1.3,1.08,450.0
391162,30.964844,3.0482,0,220.93,0.7551415887560073,1.3,1.08,450.0
391163,30.97461,3.03386,0,220.93,0.7731218517676485,1.3,1.08,450.0
391164,30.985352,3.14831,0,220.93,0.7928990364155791,1.3,1.08,450.0
391165,30.995118,3.28514,0,220.93,0.8108792994272204,1.3,1.08,450.0
391166,31.004883,3.3658,0,220.93,0.828857721330423,1.3,1.08,450.0
391167,31.014649,3.44501,0,220.93,0.8468379843420643,1.3,1.08,450.0
391168,31.025391,3.55987,0,220.93,0.8666151689899948,1.3,1.08,450.0
391169,31.030274,3.73917,0,220.93,0.8756053004957107,1.3,1.08,450.0
391170,31.04004,3.93536,0,220.93,0.893585563507352,1.3,1.08,450.0
391171,31.049805,4.12162,0,220.93,0.911563985410764,1.3,1.08,450.0
391172,31.059571,1.76782,0,220.93,0.9295442484224051,1.3,1.08,450.0
391173,31.070313,3.25621,0,220.93,0.9493214330703358,1.3,1.08,450.0
391174,31.080079,3.51837,0,220.93,0.9673016960817676,1.3,1.08,450.0
391175,31.089844,1.02998,0,220.93,0.9852801179851797,1.3,1.08,450.0
391176,31.09961,1.18323,0,220.93,0.0032603809968207997,1.3,1.08,450.0
391177,31.110352,3.27549,1,218.94,0.0,1.3,1.08,450.0
391178,31.120118,2.8513,0,218.94,0.01781830552216053,1.3,1.08,450.0
391179,31.129883,1.89311,0,218.94,0.03563478651969452,1.3,1.08,450.0
391180,31.134766,2.15692,0,218.94,0.0445439392808785,1.3,1.08,450.0
391181,31.144532,1.90501,0,218.94,0.06236224480303902,1.3,1.08,450.0
391182,31.155274,1.89056,0,218.94,0.08196128616261894,1.3,1.08,450.0
391183,31.16504,1.48686,0,218.94,0.09977959168477947,1.3,1.08,450.0
391184,31.174805,1.10792,0,218.94,0.11759607268252088,1.3,1.08,450.0
391185,31.184571,1.12567,0,218.94,0.1354143782046814,1.3,1.08,450.0
391186,31.195313,1.33991,0,218.94,0.15501341956446876,1.3,1.08,450.0
391187,31.205079,1.24632,0,218.94,0.17283172508642186,1.3,1.08,450.0
391188,31.214844,1.2388,0,218.94,0.19064820608416327,1.3,1.08,450.0
391189,31.22461,1.2855,0,218.94,0.20846651160632382,1.3,1.08,450.0
391190,31.235352,1.09348,0,218.94,0.22806555296611114,1.3,1.08,450.0
391191,31.240235,1.09183,0,218.94,0.2369747057270877,1.3,1.08,450.0
391192,31.25,1.07786,0,218.94,0.2547911867248291,1.3,1.08,450.0
391193,31.259766,1.16045,0,218.94,0.27260949224698966,1.3,1.08,450.0
391194,31.269532,0.96171,0,218.94,0.2904277977691502,1.3,1.08,450.0
391195,31.280274,0.99472,0,218.94,0.3100268391287301,1.3,1.08,450.0
391196,31.29004,1.04277,0,218.94,0.3278451446508906,1.3,1.08,450.0
391197,31.299805,0.89619,0,218.94,0.34566162564863206,1.3,1.08,450.0
391198,31.309571,0.98494,0,218.94,0.3634799311707926,1.3,1.08,450.0
391199,31.320313,0.97463,0,218.94,0.3830789725305799,1.3,1.08,450.0
391200,31.325196,0.95939,0,218.94,0.39198812529155647,1.3,1.08,450.0
391201,31.334961,1.01148,0,218.94,0.4098046062892979,1.3,1.08,450.0
391202,31.344727,1.08801,0,218.94,0.4276229118114584,1.3,1.08,450.0
391203,31.354493,1.05491,0,218.94,0.44544121733361897,1.3,1.08,450.0
391204,31.365235,1.05634,0,218.94,0.4650402586931988,1.3,1.08,450.0
391205,31.375,1.05688,0,218.94,0.4828567396909403,1.3,1.08,450.0
391206,31.384766,1.02546,0,218.94,0.5006750452131008,1.3,1.08,450.0
391207,31.394532,1.00844,0,218.94,0.5184933507352613,1.3,1.08,450.0
391208,31.405274,0.93409,0,218.94,0.5380923920948412,1.3,1.08,450.0
391209,31.41504,1.08447,0,218.94,0.5559106976170017,1.3,1.08,450.0
391210,31.424805,0.99071,0,218.94,0.5737271786147431,1.3,1.08,450.0
391211,31.434571,1.03975,0,218.94,0.5915454841369037,1.3,1.08,450.0
391212,31.44043,1.02836,0,218.94,0.6022353727355071,1.3,1.08,450.0
391213,31.450196,1.04935,0,218.94,0.6200536782576676,1.3,1.08,450.0
391214,31.459961,1.03037,0,218.94,0.637870159255409,1.3,1.08,450.0
391215,31.469727,0.99283,0,218.94,0.6556884647775695,1.3,1.08,450.0
391216,31.479493,1.10581,0,218.94,0.67350677029973,1.3,1.08,450.0
391217,31.490235,1.01013,0,218.94,0.69310581165931,1.3,1.08,450.0
391218,31.5,1.08863,0,218.94,0.7109222926570513,1.3,1.08,450.0
391219,31.509766,1.10307,0,218.94,0.7287405981792119,1.3,1.08,450.0
391220,31.519532,1.03189,0,218.94,0.7465589037013725,1.3,1.08,450.0
391221,31.525391,0.91297,0,218.94,0.7572487922999758,1.3,1.08,450.0
391222,31.535157,1.13344,0,218.94,0.7750670978221363,1.3,1.08,450.0
391223,31.544922,1.07745,0,218.94,0.7928835788198777,1.3,1.08,450.0
391224,31.554688,0.99527,0,218.94,0.8107018843420383,1.3,1.08,450.0
391225,31.56543,1.0443,0,218.94,0.8303009257016182,1.3,1.08,450.0
391226,31.575196,1.18081,0,218.94,0.8481192312237787,1.3,1.08,450.0
391227,31.584961,1.08165,0,218.94,0.8659357122215201,1.3,1.08,450.0
391228,31.594727,1.08475,0,218.94,0.8837540177436807,1.3,1.08,450.0
391229,31.604493,0.83792,0,218.94,0.9015723232658411,1.3,1.08,450.0
391230,31.615235,0.81911,0,218.94,0.9211713646254212,1.3,1.08,450.0
391231,31.625,1.18038,0,218.94,0.9389878456231625,1.3,1.08,450.0
391232,31.629883,1.52438,1,223.76,0.0,1.3,1.08,450.0
391233,31.639649,1.06807,0,223.76,0.01821007264580187,1.3,1.08,450.0
391234,31.650391,1.53656,0,223.76,0.038240033772348296,1.3,1.08,450.0
391235,31.660157,1.85436,0,223.76,0.05645010641815017,1.3,1.08,450.0
391236,31.669922,2.51201,0,223.76,0.07465831442411999,1.3,1.08,450.0
391237,31.679688,3.76828,0,223.76,0.09286838706992186,1.3,1.08,450.0
391238,31.69043,3.41325,0,223.76,0.1128983481962563,1.3,1.08,450.0
391239,31.700196,3.11357,0,223.76,0.13110842084205818,1.3,1.08,450.0
391240,31.709961,2.2603,0,223.76,0.149316628848028,1.3,1.08,450.0
391241,31.719727,1.61387,0,223.76,0.16752670149382987,1.3,1.08,450.0
391242,31.729493,1.96281,0,223.76,0.18573677413963174,1.3,1.08,450.0
391243,31.735352,2.44609,0,223.76,0.19666169894317123,1.3,1.08,450.0
391244,31.745118,3.09623,0,223.76,0.2148717715889731,1.3,1.08,450.0
391245,31.754883,3.65325,0,223.76,0.23307997959473095,1.3,1.08,450.0
391246,31.764649,5.69122,0,223.76,0.2512900522405328,1.3,1.08,450.0
391247,31.775391,3.25482,0,223.76,0.2713200133670792,1.3,1.08,450.0
391248,31.785157,2.3556,0,223.76,0.2895300860128811,1.3,1.08,450.0
391249,31.794922,1.19793,0,223.76,0.3077382940188509,1.3,1.08,450.0
391250,31.804688,1.15964,0,223.76,0.3259483666646528,1.3,1.08,450.0
391251,31.81543,1.04788,0,223.76,0.3459783277909872,1.3,1.08,450.0
391252,31.820313,0.97753,0,223.76,0.3550833641139942,1.3,1.08,450.0
391253,31.830079,1.02951,0,223.76,0.3732934367595841,1.3,1.08,450.0
391254,31.839844,1.3361,0,223.76,0.3915016447655539,1.3,1.08,450.0
391255,31.84961,1.61359,0,223.76,0.40971171741135576,1.3,1.08,450.0
391256,31.860352,1.68253,0,223.76,0.4297416785379022,1.3,1.08,450.0
391257,31.870118,1.42302,0,223.76,0.44795175118370406,1.3,1.08,450.0
391258,31.879883,1.01699,0,223.76,0.4661599591894619,1.3,1.08,450.0
391259,31.889649,0.89093,0,223.76,0.4843700318352637,1.3,1.08,450.0
391260,31.900391,0.98415,0,223.76,0.5043999929618102,1.3,1.08,450.0
391261,31.910157,1.11773,0,223.76,0.522610065607612,1.3,1.08,450.0
391262,31.919922,1.26689,0,223.76,0.5408182736135818,1.3,1.08,450.0
391263,31.929688,1.32161,0,223.76,0.5590283462593837,1.3,1.08,450.0
391264,31.934571,1.41916,0,223.76,0.5681333825821787,1.3,1.08,450.0
391265,31.945313,1.40838,0,223.76,0.5881633437087251,1.3,1.08,450.0
391266,31.955079,1.4612,0,223.76,0.606373416354315,1.3,1.08,450.0
391267,31.964844,1.7014,0,223.76,0.6245816243602849,1.3,1.08,450.0
391268,31.97461,2.08227,0,223.76,0.6427916970060867,1.3,1.08,450.0
391269,31.985352,2.40406,0,223.76,0.6628216581326332,1.3,1.08,450.0
391270,31.995118,2.6025,0,223.76,0.6810317307784349,1.3,1.08,450.0
391271,32.004883,2.71064,0,223.76,0.6992399387841928,1.3,1.08,450.0
391272,32.014649,2.81163,0,223.76,0.7174500114299946,1.3,1.08,450.0
391273,32.025391,2.9133,0,223.76,0.7374799725565411,1.3,1.08,450.0
391274,32.030274,2.96215,0,223.76,0.7465850088793361,1.3,1.08,450.0
391275,32.04004,3.02202,0,223.76,0.764795081525138,1.3,1.08,450.0
391276,32.049805,3.17461,0,223.76,0.7830032895311078,1.3,1.08,450.0
391277,32.059571,3.26979,0,223.76,0.8012133621769096,1.3,1.08,450.0
391278,32.070313,3.23804,0,223.76,0.8212433233034561,1.3,1.08,450.0
391279,32.080079,3.17095,0,223.76,0.839453395949046,1.3,1.08,450.0
391280,32.089844,3.17652,0,223.76,0.8576616039550158,1.3,1.08,450.0
391281,32.09961,3.44442,0,223.76,0.8758716766008177,1.3,1.08,450.0
391282,32.110352,3.76301,0,223.76,0.8959016377273641,1.3,1.08,450.0
391283,32.120118,3.92099,0,223.76,0.914111710373166,1.3,1.08,450.0
391284,32.125,3.7307,0,223.76,0.9232148820561288,1.3,1.08,450.0
391285,32.134766,3.25681,0,223.76,0.9414249547019308,1.3,1.08,450.0
391286,32.144532,1.02204,0,223.76,0.9596350273477326,1.3,1.08,450.0
391287,32.155274,3.82885,1,225.61,0.0,1.3,1.08,450.0
391288,32.16504,2.33287,0,225.61,0.018361268020341995,1.3,1.08,450.0
391289,32.174805,0.94961,0,225.61,0.036720655919040134,1.3,1.08,450.0
391290,32.184571,2.57267,0,225.61,0.05508192393938213,1.3,1.08,450.0
391291,32.195313,3.84993,0,225.61,0.07527819068883614,1.3,1.08,450.0
391292,32.205079,2.94546,0,225.61,0.09363945870896438,1.3,1.08,450.0
391293,32.214844,1.97214,0,225.61,0.11199884660766252,1.3,1.08,450.0
391294,32.22461,1.52353,0,225.61,0.1303601146280045,1.3,1.08,450.0
391295,32.235352,2.30201,0,225.61,0.1505563813774585,1.3,1.08,450.0
391296,32.240235,1.93039,0,225.61,0.15973701538752264,1.3,1.08,450.0
391297,32.25,1.67428,0,225.61,0.17809640328622078,1.3,1.08,450.0
391298,32.259766,1.38085,0,225.61,0.19645767130656278,1.3,1.08,450.0
391299,32.269532,0.90904,0,225.61,0.21481893932690477,1.3,1.08,450.0
391300,32.280274,1.61737,0,225.61,0.23501520607614504,1.3,1.08,450.0
391301,32.29004,1.39635,0,225.61,0.253376474096487,1.3,1.08,450.0
391302,32.299805,1.33118,0,225.61,0.2717358619951851,1.3,1.08,450.0
391303,32.309571,1.20936,0,225.61,0.29009713001552717,1.3,1.08,450.0
391304,32.31543,1.14411,0,225.61,0.30111276275470333,1.3,1.08,450.0
391305,32.325196,1.1189,0,225.61,0.31947403077504527,1.3,1.08,450.0
391306,32.334961,1.17631,0,225.61,0.33783341867374345,1.3,1.08,450.0
391307,32.344727,1.06921,0,225.61,0.3561946866940854,1.3,1.08,450.0
391308,32.354493,1.02906,0,225.61,0.37455595471442743,1.3,1.08,450.0
391309,32.365235,1.07583,0,225.61,0.3947522214636677,1.3,1.08,450.0
391310,32.375,0.89194,0,225.61,0.4131116093623658,1.3,1.08,450.0
391311,32.384766,1.00583,0,225.61,0.43147287738270784,1.3,1.08,450.0
391312,32.394532,0.99349,0,225.61,0.4498341454030498,1.3,1.08,450.0
391313,32.405274,0.95221,0,225.61,0.4700304121522901,1.3,1.08,450.0
391314,32.41504,1.00425,0,225.61,0.48839168017263207,1.3,1.08,450.0
391315,32.424805,1.03396,0,225.61,0.5067510680713302,1.3,1.08,450.0
391316,32.429688,1.04199,0,225.61,0.515931702081608,1.3,1.08,450.0
391317,32.44043,1.08522,0,225.61,0.5361279688308483,1.3,1.08,450.0
391318,32.450196,1.0273,0,225.61,0.5544892368511902,1.3,1.08,450.0
391319,32.459961,1.07301,0,225.61,0.5728486247498884,1.3,1.08,450.0
391320,32.469727,1.019,0,225.61,0.5912098927702304,1.3,1.08,450.0
391321,32.479493,0.94938,0,225.61,0.6095711607905725,1.3,1.08,450.0
391322,32.490235,1.05757,0,225.61,0.6297674275398127,1.3,1.08,450.0
391323,32.5,1.05016,0,225.61,0.6481268154385108,1.3,1.08,450.0
391324,32.509766,0.97129,0,225.61,0.6664880834588529,1.3,1.08,450.0
391325,32.519532,1.08246,0,225.61,0.6848493514791948,1.3,1.08,450.0
391326,32.525391,0.9875,0,225.61,0.695864984218371,1.3,1.08,450.0
391327,32.535157,1.01603,0,225.61,0.7142262522387129,1.3,1.08,450.0
391328,32.544922,1.04155,0,225.61,0.7325856401374111,1.3,1.08,450.0
391329,32.554688,1.03677,0,225.61,0.750946908157753,1.3,1.08,450.0
391330,32.56543,1.0599,0,225.61,0.7711431749069934,1.3,1.08,450.0
391331,32.575196,1.01878,0,225.61,0.7895044429273353,1.3,1.08,450.0
391332,32.584961,1.04353,0,225.61,0.8078638308260334,1.3,1.08,450.0
391333,32.594727,1.01471,0,225.61,0.8262250988463755,1.3,1.08,450.0
391334,32.604493,0.96821,0,225.61,0.8445863668667175,1.3,1.08,450.0
391335,32.615235,0.9427,0,225.61,0.8647826336159578,1.3,1.08,450.0
391336,32.620118,1.10702,0,225.61,0.8739632676262356,1.3,1.08,450.0
391337,32.629883,1.00543,0,225.61,0.89232265552472,1.3,1.08,450.0
391338,32.639649,0.9863,0,225.61,0.9106839235450619,1.3,1.08,450.0
391339,32.650391,1.1817,0,225.61,0.930880190294516,1.3,1.08,450.0
391340,32.660157,1.08528,0,225.61,0.9492414583148581,1.3,1.08,450.0
391341,32.669922,1.00743,0,225.61,0.967600846213556,1.3,1.08,450.0
391342,32.679688,1.09353,0,225.61,0.9859621142338981,1.3,1.08,450.0
391343,32.69043,0.87618,0,225.61,0.006158380983138478,1.3,1.08,450.0
391344,32.700196,0.83194,0,225.61,0.02451964900348047,1.3,1.08,450.0
391345,32.709961,1.53634,1,221.9,0.0,1.3,1.08,450.0
391346,32.719727,1.19903,0,221.9,0.01805929110407232,1.3,1.08,450.0
391347,32.729493,1.21536,0,221.9,0.03611858220814464,1.3,1.08,450.0
391348,32.735352,1.48601,0,221.9,0.046953047350308925,1.3,1.08,450.0
391349,32.745118,1.7387,0,221.9,0.06501233845438124,1.3,1.08,450.0
391350,32.754883,2.74706,0,221.9,0.08306978035784823,1.3,1.08,450.0
391351,32.764649,4.08021,0,221.9,0.10112907146192057,1.3,1.08,450.0
391352,32.775391,3.62526,0,221.9,0.12099318215622613,1.3,1.08,450.0
391353,32.785157,2.94454,0,221.9,0.13905247326029846,1.3,1.08,450.0
391354,32.794922,2.22213,0,221.9,0.15710991516397568,1.3,1.08,450.0
391355,32.804688,1.5284,0,221.9,0.175169206268048,1.3,1.08,450.0
391356,32.81543,2.18283,0,221.9,0.19503331696214332,1.3,1.08,450.0
391357,32.820313,2.50365,0,221.9,0.2040629625142846,1.3,1.08,450.0
391358,32.830079,2.89598,0,221.9,0.2221222536181467,1.3,1.08,450.0
391359,32.839844,3.12042,0,221.9,0.24017969552182392,1.3,1.08,450.0
391360,32.84961,6.09483,0,221.9,0.2582389866258962,1.3,1.08,450.0
391361,32.860352,3.35961,0,221.9,0.2781030973202018,1.3,1.08,450.0
391362,32.870118,2.47758,0,221.9,0.2961623884242741,1.3,1.08,450.0
391363,32.879883,1.31523,0,221.9,0.31421983032774115,1.3,1.08,450.0
391364,32.889649,1.18691,0,221.9,0.33227912143181343,1.3,1.08,450.0
391365,32.900391,0.9782,0,221.9,0.352143232126119,1.3,1.08,450.0
391366,32.910157,0.84378,0,221.9,0.3702025232301913,1.3,1.08,450.0
391367,32.919922,0.78305,0,221.9,0.38825996513386857,1.3,1.08,450.0
391368,32.929688,0.9319,0,221.9,0.40631925623794085,1.3,1.08,450.0
391369,32.934571,1.30827,0,221.9,0.4153489017898719,1.3,1.08,450.0
391370,32.945313,1.57579,0,221.9,0.4352130124841775,1.3,1.08,450.0
391371,32.955079,1.50228,0,221.9,0.45327230358803955,1.3,1.08,450.0
391372,32.964844,1.2131,0,221.9,0.4713297454917168,1.3,1.08,450.0
391373,32.97461,0.98828,0,221.9,0.4893890365957891,1.3,1.08,450.0
391374,32.985352,0.98593,0,221.9,0.5092531472900946,1.3,1.08,450.0
391375,32.995118,1.0667,0,221.9,0.527312438394167,1.3,1.08,450.0
391376,33.004883,1.14038,0,221.9,0.545369880297634,1.3,1.08,450.0
391377,33.014649,1.26305,0,221.9,0.5634291714017063,1.3,1.08,450.0
391378,33.025391,1.45925,0,221.9,0.5832932820960118,1.3,1.08,450.0
391379,33.030274,1.57005,0,221.9,0.5923229276479429,1.3,1.08,450.0
391380,33.04004,1.73189,0,221.9,0.6103822187520153,1.3,1.08,450.0
391381,33.049805,1.85176,0,221.9,0.6284396606556925,1.3,1.08,450.0
391382,33.059571,1.99865,0,221.9,0.6464989517597648,1.3,1.08,450.0
391383,33.070313,2.20111,0,221.9,0.6663630624540704,1.3,1.08,450.0
391384,33.080079,2.45775,0,221.9,0.6844223535579325,1.3,1.08,450.0
391385,33.089844,2.70844,0,221.9,0.7024797954616097,1.3,1.08,450.0
391386,33.09961,2.88401,0,221.9,0.7205390865656819,1.3,1.08,450.0
391387,33.110352,2.9876,0,221.9,0.7404031972599875,1.3,1.08,450.0
391388,33.115235,2.99186,0,221.9,0.7494328428119186,1.3,1.08,450.0
391389,33.125,2.97076,0,221.9,0.7674902847155958,1.3,1.08,450.0
391390,33.134766,2.97413,0,221.9,0.7855495758196682,1.3,1.08,450.0
391391,33.144532,3.05988,0,221.9,0.8036088669237405,1.3,1.08,450.0
391392,33.155274,3.21731,0,221.9,0.8234729776178358,1.3,1.08,450.0
391393,33.16504,3.32108,0,221.9,0.8415322687219081,1.3,1.08,450.0
391394,33.174805,3.33767,0,221.9,0.8595897106255853,1.3,1.08,450.0
391395,33.184571,3.44772,0,221.9,0.8776490017296577,1.3,1.08,450.0
391396,33.195313,3.71369,0,221.9,0.8975131124239633,1.3,1.08,450.0
391397,33.205079,3.89408,0,221.9,0.9155724035278253,1.3,1.08,450.0
391398,33.214844,3.91694,0,221.9,0.9336298454315025,1.3,1.08,450.0
391399,33.22461,2.13989,0,221.9,0.9516891365355747,1.3,1.08,450.0
391400,33.235352,2.29262,0,221.9,0.9715532472298805,1.3,1.08,450.0
391401,33.240235,3.55162,0,221.9,0.9805828927818114,1.3,1.08,450.0
391402,33.25,1.71356,0,221.9,0.9986403346854886,1.3,1.08,450.0
391403,33.259766,1.73875,0,221.9,0.01669962578956108,1.3,1.08,450.0
391404,33.269532,3.29176,0,221.9,0.03475891689363331,1.3,1.08,450.0
391405,33.280274,2.84336,0,221.9,0.054623027587728634,1.3,1.08,450.0
391406,33.29004,1.83635,0,221.9,0.07268231869180086,1.3,1.08,450.0
391407,33.299805,2.29812,0,221.9,0.09073976059547828,1.3,1.08,450.0
391408,33.309571,2.08716,0,221.9,0.10879905169955051,1.3,1.08,450.0
391409,33.31543,1.72655,0,221.9,0.11963351684171486,1.3,1.08,450.0
391410,33.325196,1.09452,0,221.9,0.1376928079457871,1.3,1.08,450.0
391411,33.334961,1.05689,0,221.9,0.15575024984946428,1.3,1.08,450.0
391412,33.344727,1.42807,1,208.76,0.0,1.3,1.08,450.0
391413,33.354493,1.21556,0,208.76,0.01698965348834967,1.3,1.08,450.0
391414,33.365235,1.27936,0,208.76,0.03567722852117025,1.3,1.08,450.0
391415,33.375,1.32632,0,208.76,0.05266514233581058,1.3,1.08,450.0
391416,33.384766,1.26008,0,208.76,0.06965479582416025,1.3,1.08,450.0
391417,33.394532,1.10662,0,208.76,0.0866444493125099,1.3,1.08,450.0
391418,33.405274,1.16457,0,208.76,0.1053320243453305,1.3,1.08,450.0
391419,33.41504,1.12754,0,208.76,0.12232167783368017,1.3,1.08,450.0
391420,33.424805,1.10038,0,208.76,0.1393095916483205,1.3,1.08,450.0
391421,33.429688,0.99213,0,208.76,0.1478044183925942,1.3,1.08,450.0
391422,33.44043,1.00749,0,208.76,0.16649199342541482,1.3,1.08,450.0
391423,33.450196,0.95009,0,208.76,0.18348164691376445,1.3,1.08,450.0
391424,33.459961,0.96353,0,208.76,0.20046956072840477,1.3,1.08,450.0
391425,33.469727,1.06043,0,208.76,0.21745921421675446,1.3,1.08,450.0
391426,33.479493,0.98102,0,208.76,0.23444886770510415,1.3,1.08,450.0
391427,33.490235,0.96748,0,208.76,0.25313644273792474,1.3,1.08,450.0
391428,33.5,0.96401,0,208.76,0.27012435655256506,1.3,1.08,450.0
391429,33.509766,1.00289,0,208.76,0.2871140100409147,1.3,1.08,450.0
391430,33.519532,1.01282,0,208.76,0.3041036635292644,1.3,1.08,450.0
391431,33.525391,1.03348,0,208.76,0.314296411818009,1.3,1.08,450.0
391432,33.535157,1.03398,0,208.76,0.3312860653063587,1.3,1.08,450.0
391433,33.544922,1.0035,0,208.76,0.348273979120999,1.3,1.08,450.0
391434,33.554688,0.99245,0,208.76,0.3652636326093487,1.3,1.08,450.0
391435,33.56543,1.04936,0,208.76,0.3839512076421692,1.3,1.08,450.0
391436,33.575196,1.06471,0,208.76,0.40094086113051897,1.3,1.08,450.0
391437,33.584961,0.99413,0,208.76,0.4179287749451593,1.3,1.08,450.0
391438,33.594727,1.09267,0,208.76,0.4349184284335089,1.3,1.08,450.0
391439,33.604493,1.0269,0,208.76,0.45190808192185855,1.3,1.08,450.0
391440,33.610352,1.01122,0,208.76,0.4621008302106032,1.3,1.08,450.0
391441,33.620118,1.04823,0,208.76,0.4790904836989529,1.3,1.08,450.0
391442,33.629883,1.00178,0,208.76,0.49607839751339544,1.3,1.08,450.0
391443,33.639649,1.08516,0,208.76,0.5130680510017451,1.3,1.08,450.0
391444,33.650391,1.07136,0,208.76,0.5317556260347635,1.3,1.08,450.0
391445,33.660157,1.03501,0,208.76,0.5487452795231131,1.3,1.08,450.0
391446,33.669922,1.04586,0,208.76,0.5657331933377534,1.3,1.08,450.0
391447,33.679688,0.98594,0,208.76,0.5827228468261031,1.3,1.08,450.0
391448,33.69043,1.06403,0,208.76,0.6014104218589238,1.3,1.08,450.0
391449,33.700196,1.06267,0,208.76,0.6184000753472734,1.3,1.08,450.0
391450,33.709961,0.9571,0,208.76,0.6353879891619136,1.3,1.08,450.0
391451,33.719727,1.00815,0,208.76,0.6523776426502633,1.3,1.08,450.0
391452,33.729493,1.16743,0,208.76,0.6693672961386131,1.3,1.08,450.0
391453,33.735352,1.00132,0,208.76,0.6795600444273577,1.3,1.08,450.0
391454,33.745118,0.99186,0,208.76,0.6965496979157073,1.3,1.08,450.0
391455,33.754883,1.05592,0,208.76,0.71353761173015,1.3,1.08,450.0
391456,33.764649,1.10337,0,208.76,0.7305272652184996,1.3,1.08,450.0
391457,33.775391,1.00754,0,208.76,0.749214840251518,1.3,1.08,450.0
391458,33.785157,0.93591,0,208.76,0.7662044937398675,1.3,1.08,450.0
391459,33.794922,0.78998,0,208.76,0.7831924075545079,1.3,1.08,450.0
391460,33.804688,1.65739,1,229.61,0.0,1.3,1.08,450.0
391461,33.81543,1.05467,0,229.61,0.020554206595292047,1.3,1.08,450.0
391462,33.820313,1.18105,0,229.61,0.029897549623285793,1.3,1.08,450.0
391463,33.830079,1.33194,0,229.61,0.04858423567883822,1.3,1.08,450.0
391464,33.839844,1.88159,0,229.61,0.06726900829143712,1.3,1.08,450.0
391465,33.84961,2.28166,0,229.61,0.08595569434720708,1.3,1.08,450.0
391466,33.860352,3.45053,0,229.61,0.10650990094271666,1.3,1.08,450.0
391467,33.870118,3.9237,0,229.61,0.12519658699848663,1.3,1.08,450.0
391468,33.879883,3.26995,0,229.61,0.143881359610868,1.3,1.08,450.0
391469,33.889649,2.80235,0,229.61,0.16256804566663793,1.3,1.08,450.0
391470,33.900391,2.01901,0,229.61,0.18312225226214754,1.3,1.08,450.0
391471,33.910157,1.79034,0,229.61,0.2018089383179175,1.3,1.08,450.0
391472,33.919922,2.00571,0,229.61,0.2204937109305164,1.3,1.08,450.0
391473,33.924805,1.92987,0,229.61,0.22983705395829263,1.3,1.08,450.0
391474,33.934571,2.99392,0,229.61,0.24852374001406258,1.3,1.08,450.0
391475,33.945313,5.63876,0,229.61,0.2690779466095722,1.3,1.08,450.0
391476,33.955079,3.67978,0,229.61,0.2877646326651246,1.3,1.08,450.0
391477,33.964844,3.17938,0,229.61,0.30644940527772346,1.3,1.08,450.0
391478,33.97461,1.92533,0,229.61,0.3251360913334934,1.3,1.08,450.0
391479,33.985352,1.6068,0,229.61,0.345690297929003,1.3,1.08,450.0
391480,33.995118,1.27884,0,229.61,0.364376983984773,1.3,1.08,450.0
391481,34.004883,1.0929,0,229.61,0.38306175659715436,1.3,1.08,450.0
391482,34.014649,1.00617,0,229.61,0.4017484426529243,1.3,1.08,450.0
391483,34.025391,1.11882,0,229.61,0.42230264924843386,1.3,1.08,450.0
391484,34.030274,1.17793,0,229.61,0.4316459922762101,1.3,1.08,450.0
391485,34.04004,1.13996,0,229.61,0.4503326783319801,1.3,1.08,450.0
391486,34.049805,1.1497,0,229.61,0.4690174509445789,1.3,1.08,450.0
391487,34.059571,1.05361,0,229.61,0.4877041370003489,1.3,1.08,450.0
391488,34.070313,0.99571,0,229.61,0.5082583435958585,1.3,1.08,450.0
391489,34.080079,1.0151,0,229.61,0.526945029651411,1.3,1.08,450.0
391490,34.089844,1.14212,0,229.61,0.5456298022640098,1.3,1.08,450.0
391491,34.09961,1.23982,0,229.61,0.5643164883197798,1.3,1.08,450.0
391492,34.110352,1.24266,0,229.61,0.5848706949152894,1.3,1.08,450.0
391493,34.115235,1.3542,0,229.61,0.5942140379430655,1.3,1.08,450.0
391494,34.125,1.41385,0,229.61,0.6128988105556645,1.3,1.08,450.0
391495,34.134766,1.49103,0,229.61,0.6315854966114344,1.3,1.08,450.0
391496,34.144532,1.54793,0,229.61,0.6502721826672044,1.3,1.08,450.0
391497,34.155274,1.91856,0,229.61,0.6708263892624964,1.3,1.08,450.0
391498,34.16504,2.30241,0,229.61,0.6895130753182664,1.3,1.08,450.0
391499,34.174805,2.58769,0,229.61,0.7081978479308653,1.3,1.08,450.0
391500,34.184571,2.732,0,229.61,0.7268845339866352,1.3,1.08,450.0
391501,34.195313,2.82054,0,229.61,0.7474387405821449,1.3,1.08,450.0
391502,34.205079,2.92179,0,229.61,0.7661254266376972,1.3,1.08,450.0
391503,34.214844,2.99232,0,229.61,0.7848101992502962,1.3,1.08,450.0
391504,34.22461,3.01195,0,229.61,0.8034968853060661,1.3,1.08,450.0
391505,34.229493,3.07722,0,229.61,0.8128402283340599,1.3,1.08,450.0
391506,34.240235,3.25668,0,229.61,0.833394434929352,1.3,1.08,450.0
391507,34.25,3.3332,0,229.61,0.8520792075419509,1.3,1.08,450.0
391508,34.259766,3.30315,0,229.61,0.8707658935977208,1.3,1.08,450.0
391509,34.269532,3.27889,0,229.61,0.8894525796534907,1.3,1.08,450.0
391510,34.280274,3.31979,0,229.61,0.9100067862487828,1.3,1.08,450.0
391511,34.29004,3.53927,0,229.61,0.9286934723045527,1.3,1.08,450.0
391512,34.299805,3.79995,0,229.61,0.9473782449171517,1.3,1.08,450.0
391513,34.309571,3.77186,0,229.61,0.9660649309729216,1.3,1.08,450.0
391514,34.31543,3.43818,0,229.61,0.9772757945404374,1.3,1.08,450.0
391515,34.325196,0.83646,0,229.61,0.9959624805962074,1.3,1.08,450.0
391516,34.334961,3.49611,1,228.29,0.0,1.3,1.08,450.0
391517,34.344727,2.60466,0,228.29,0.01857878308893031,1.3,1.08,450.0
391518,34.354493,0.93792,0,228.29,0.03715756617786062,1.3,1.08,450.0
391519,34.365235,2.15476,0,228.29,0.05759308613893363,1.3,1.08,450.0
391520,34.375,3.6942,0,228.29,0.07616996683353237,1.3,1.08,450.0
391521,34.384766,2.62498,0,228.29,0.09474874992246268,1.3,1.08,450.0
391522,34.394532,1.78792,0,228.29,0.11332753301139299,1.3,1.08,450.0
391523,34.405274,1.38603,0,228.29,0.13376305297246602,1.3,1.08,450.0
391524,34.41504,2.133,0,228.29,0.1523418360613963,1.3,1.08,450.0
391525,34.419922,2.61054,0,228.29,0.16162932521163806,1.3,1.08,450.0
391526,34.429688,1.86945,0,228.29,0.18020810830056838,1.3,1.08,450.0
391527,34.44043,1.43576,0,228.29,0.20064362826164137,1.3,1.08,450.0
391528,34.450196,0.77602,0,228.29,0.2192224113505717,1.3,1.08,450.0
391529,34.459961,1.64301,0,228.29,0.23779929204517045,1.3,1.08,450.0
391530,34.469727,1.47467,0,228.29,0.25637807513410077,1.3,1.08,450.0
391531,34.479493,1.26427,0,228.29,0.27495685822303106,1.3,1.08,450.0
391532,34.490235,1.22646,0,228.29,0.2953923781841041,1.3,1.08,450.0
391533,34.5,1.19922,0,228.29,0.3139692588787028,1.3,1.08,450.0
391534,34.509766,1.02873,0,228.29,0.3325480419676331,1.3,1.08,450.0
391535,34.519532,1.03399,0,228.29,0.35112682505656345,1.3,1.08,450.0
391536,34.525391,1.16952,0,228.29,0.3622729534732795,1.3,1.08,450.0
391537,34.535157,1.04607,0,228.29,0.3808517365622098,1.3,1.08,450.0
391538,34.544922,1.03794,0,228.29,0.3994286172568085,1.3,1.08,450.0
391539,34.554688,1.07437,0,228.29,0.4180074003457388,1.3,1.08,450.0
391540,34.56543,0.96221,0,228.29,0.4384429203068118,1.3,1.08,450.0
391541,34.575196,0.9779,0,228.29,0.4570217033957421,1.3,1.08,450.0
391542,34.584961,0.98334,0,228.29,0.4755985840903409,1.3,1.08,450.0
391543,34.594727,0.98346,0,228.29,0.4941773671792712,1.3,1.08,450.0
391544,34.604493,1.00364,0,228.29,0.5127561502682015,1.3,1.08,450.0
391545,34.610352,1.05161,0,228.29,0.5239022786849176,1.3,1.08,450.0
391546,34.620118,0.98296,0,228.29,0.5424810617738477,1.3,1.08,450.0
391547,34.629883,1.06837,0,228.29,0.5610579424682303,1.3,1.08,450.0
391548,34.639649,1.07353,0,228.29,0.5796367255571605,1.3,1.08,450.0
391549,34.650391,1.03422,0,228.29,0.6000722455184498,1.3,1.08,450.0
391550,34.660157,1.03171,0,228.29,0.6186510286073801,1.3,1.08,450.0
391551,34.669922,1.00445,0,228.29,0.6372279093019789,1.3,1.08,450.0
391552,34.679688,1.08144,0,228.29,0.6558066923909093,1.3,1.08,450.0
391553,34.69043,0.95504,0,228.29,0.6762422123519822,1.3,1.08,450.0
391554,34.700196,1.05691,0,228.29,0.6948209954409125,1.3,1.08,450.0
391555,34.709961,0.99033,0,228.29,0.7133978761355113,1.3,1.08,450.0
391556,34.719727,1.04647,0,228.29,0.7319766592244417,1.3,1.08,450.0
391557,34.72461,1.00619,0,228.29,0.7412660507687986,1.3,1.08,450.0
391558,34.735352,1.04825,0,228.29,0.7617015707300879,1.3,1.08,450.0
391559,34.745118,1.01893,0,228.29,0.7802803538190182,1.3,1.08,450.0
391560,34.754883,1.03236,0,228.29,0.7988572345134007,1.3,1.08,450.0
391561,34.764649,1.07874,0,228.29,0.817436017602331,1.3,1.08,450.0
391562,34.775391,1.10667,0,228.29,0.8378715375636203,1.3,1.08,450.0
391563,34.785157,1.02324,0,228.29,0.8564503206525506,1.3,1.08,450.0
391564,34.794922,0.95231,0,228.29,0.8750272013471494,1.3,1.08,450.0
391565,34.804688,1.08017,0,228.29,0.8936059844360797,1.3,1.08,450.0
391566,34.81543,0.99402,0,228.29,0.9140415043971527,1.3,1.08,450.0
391567,34.820313,0.93393,0,228.29,0.923330895941726,1.3,1.08,450.0
391568,34.830079,1.04096,0,228.29,0.94190967903044,1.3,1.08,450.0
391569,34.839844,1.1939,0,228.29,0.9604865597250388,1.3,1.08,450.0
391570,34.84961,1.05973,0,228.29,0.9790653428139691,1.3,1.08,450.0
391571,34.860352,1.0622,0,228.29,0.9995008627752584,1.3,1.08,450.0
391572,34.870118,1.03302,0,228.29,0.01807964586418853,1.3,1.08,450.0
391573,34.879883,0.89028,0,228.29,0.03665652655857121,1.3,1.08,450.0
391574,34.889649,0.83098,0,228.29,0.05523530964750134,1.3,1.08,450.0
391575,34.900391,1.50648,1,221.86,0.0,1.3,1.08,450.0
391576,34.910157,1.10941,0,221.86,0.018055994187060605,1.3,1.08,450.0
391577,34.91504,1.05316,0,221.86,0.027083991280485813,1.3,1.08,450.0
391578,34.924805,1.38291,0,221.86,0.04513813660474267,1.3,1.08,450.0
391579,34.934571,1.76742,0,221.86,0.06319413079180328,1.3,1.08,450.0
391580,34.945313,3.00108,0,221.86,0.08305461507995074,1.3,1.08,450.0
391581,34.955079,4.02754,0,221.86,0.10111060926680117,1.3,1.08,450.0
391582,34.964844,3.76455,0,221.86,0.119164754591058,1.3,1.08,450.0
391583,34.97461,3.0696,0,221.86,0.13722074877811863,1.3,1.08,450.0
391584,34.985352,2.36412,0,221.86,0.1570812330662661,1.3,1.08,450.0
391585,34.995118,1.73401,0,221.86,0.1751372272533267,1.3,1.08,450.0
391586,35.004883,2.75245,0,221.86,0.19319137257737337,1.3,1.08,450.0
391587,35.014649,2.63139,0,221.86,0.21124736676443398,1.3,1.08,450.0
391588,35.025391,2.32622,0,221.86,0.23110785105258144,1.3,1.08,450.0
391589,35.030274,3.68048,0,221.86,0.24013584814600666,1.3,1.08,450.0
391590,35.04004,5.58578,0,221.86,0.25819184233306725,1.3,1.08,450.0
391591,35.049805,3.4956,0,221.86,0.2762459876573241,1.3,1.08,450.0
391592,35.059571,2.46032,0,221.86,0.2943019818443847,1.3,1.08,450.0
391593,35.070313,1.388,0,221.86,0.3141624661325322,1.3,1.08,450.0
391594,35.080079,1.25275,0,221.86,0.3322184603193826,1.3,1.08,450.0
391595,35.089844,1.09102,0,221.86,0.3502726056436395,1.3,1.08,450.0
391596,35.09961,0.89759,0,221.86,0.36832859983070004,1.3,1.08,450.0
391597,35.110352,0.85644,0,221.86,0.38818908411884756,1.3,1.08,450.0
391598,35.115235,1.04553,0,221.86,0.3972170812122727,1.3,1.08,450.0
391599,35.125,1.3362,0,221.86,0.4152712265365296,1.3,1.08,450.0
391600,35.134766,1.49155,0,221.86,0.4333272207235902,1.3,1.08,450.0
391601,35.144532,1.33988,0,221.86,0.4513832149106508,1.3,1.08,450.0
391602,35.155274,1.00377,0,221.86,0.4712436991985881,1.3,1.08,450.0
391603,35.16504,0.81299,0,221.86,0.48929969338564866,1.3,1.08,450.0
391604,35.174805,0.84055,0,221.86,0.5073538387099056,1.3,1.08,450.0
391605,35.184571,1.10073,0,221.86,0.5254098328969662,1.3,1.08,450.0
391606,35.195313,1.32365,0,221.86,0.5452703171851137,1.3,1.08,450.0
391607,35.205079,1.45366,0,221.86,0.5633263113719641,1.3,1.08,450.0
391608,35.214844,1.6072,0,221.86,0.581380456696221,1.3,1.08,450.0
391609,35.22461,1.66716,0,221.86,0.5994364508832815,1.3,1.08,450.0
391610,35.229493,1.70732,0,221.86,0.6084644479769169,1.3,1.08,450.0
391611,35.240235,1.87905,0,221.86,0.6283249322648542,1.3,1.08,450.0
391612,35.25,2.13642,0,221.86,0.6463790775891111,1.3,1.08,450.0
391613,35.259766,2.40826,0,221.86,0.6644350717761717,1.3,1.08,450.0
391614,35.269532,2.65971,0,221.86,0.6824910659632323,1.3,1.08,450.0
391615,35.280274,2.84732,0,221.86,0.7023515502511695,1.3,1.08,450.0
391616,35.29004,2.95256,0,221.86,0.7204075444382301,1.3,1.08,450.0
391617,35.299805,3.01375,0,221.86,0.7384616897624869,1.3,1.08,450.0
391618,35.309571,3.00198,0,221.86,0.7565176839495477,1.3,1.08,450.0
391619,35.31543,2.96355,0,221.86,0.7673501711440597,1.3,1.08,450.0
391620,35.325196,2.99352,0,221.86,0.7854061653311202,1.3,1.08,450.0
391621,35.334961,3.05169,0,221.86,0.803460310655377,1.3,1.08,450.0
391622,35.344727,3.03826,0,221.86,0.8215163048424378,1.3,1.08,450.0
391623,35.354493,3.02352,0,221.86,0.8395722990294984,1.3,1.08,450.0
391624,35.365235,3.13641,0,221.86,0.8594327833174357,1.3,1.08,450.0
391625,35.375,3.43434,0,221.86,0.8774869286416925,1.3,1.08,450.0
391626,35.384766,3.77712,0,221.86,0.895542922828753,1.3,1.08,450.0
391627,35.394532,3.77377,0,221.86,0.9135989170158136,1.3,1.08,450.0
391628,35.405274,3.49306,0,221.86,0.9334594013037509,1.3,1.08,450.0
391629,35.410157,2.89264,0,221.86,0.9424873983973864,1.3,1.08,450.0
391630,35.419922,1.17421,0,221.86,0.9605415437216432,1.3,1.08,450.0
391631,35.429688,4.01529,0,221.86,0.9785975379087037,1.3,1.08,450.0
391632,35.44043,2.38689,0,221.86,0.998458022196641,1.3,1.08,450.0
391633,35.450196,1.4346,0,221.86,0.016514016383701646,1.3,1.08,450.0
391634,35.459961,2.28321,0,221.86,0.03456816170795851,1.3,1.08,450.0
391635,35.469727,3.80477,0,221.86,0.05262415589501912,1.3,1.08,450.0
391636,35.479493,2.52528,0,221.86,0.07068015008207973,1.3,1.08,450.0
391637,35.490235,1.8873,0,221.86,0.09054063437001725,1.3,1.08,450.0
391638,35.5,1.59038,0,221.86,0.10859477969427411,1.3,1.08,450.0
391639,35.509766,2.62227,0,221.86,0.1266507738813345,1.3,1.08,450.0
391640,35.519532,1.91022,0,221.86,0.1447067680683951,1.3,1.08,450.0
391641,35.525391,1.55547,0,221.86,0.15553925526290735,1.3,1.08,450.0
391642,35.535157,0.82168,0,221.86,0.17359524944996774,1.3,1.08,450.0
391643,35.544922,1.38083,1,207.59,0.0,1.3,1.08,450.0
391644,35.554688,1.48675,0,207.59,0.016894437650994822,1.3,1.08,450.0
391645,35.56543,1.27735,0,207.59,0.03547728111256225,1.3,1.08,450.0
391646,35.575196,1.19616,0,207.59,0.052371718763557076,1.3,1.08,450.0
391647,35.584961,1.20471,0,207.59,0.0692644264905699,1.3,1.08,450.0
391648,35.594727,1.1191,0,207.59,0.08615886414156472,1.3,1.08,450.0
391649,35.604493,1.00147,0,207.59,0.10305330179255953,1.3,1.08,450.0
391650,35.610352,1.19147,0,207.59,0.11318892642872788,1.3,1.08,450.0
391651,35.620118,1.09732,0,207.59,0.1300833640797227,1.3,1.08,450.0
391652,35.629883,1.09473,0,207.59,0.14697607180653888,1.3,1.08,450.0
391653,35.639649,0.96162,0,207.59,0.16387050945753368,1.3,1.08,450.0
391654,35.650391,0.97419,0,207.59,0.1824533529192978,1.3,1.08,450.0
391655,35.660157,0.97782,0,207.59,0.19934779057029262,1.3,1.08,450.0
391656,35.669922,0.97051,0,207.59,0.21624049829730543,1.3,1.08,450.0
391657,35.679688,0.99781,0,207.59,0.23313493594830026,1.3,1.08,450.0
391658,35.69043,1.02386,0,207.59,0.25171777940986767,1.3,1.08,450.0
391659,35.700196,1.0081,0,207.59,0.2686122170608625,1.3,1.08,450.0
391660,35.709961,1.0008,0,207.59,0.2855049247878753,1.3,1.08,450.0
391661,35.719727,0.9944,0,207.59,0.30239936243887017,1.3,1.08,450.0
391662,35.72461,1.01052,0,207.59,0.31084658126426923,1.3,1.08,450.0
391663,35.735352,1.03431,0,207.59,0.3294294247260333,1.3,1.08,450.0
391664,35.745118,0.96251,0,207.59,0.34632386237702817,1.3,1.08,450.0
391665,35.754883,1.04457,0,207.59,0.3632165701038443,1.3,1.08,450.0
391666,35.764649,1.03206,0,207.59,0.3801110077548391,1.3,1.08,450.0
391667,35.775391,0.94752,0,207.59,0.3986938512166032,1.3,1.08,450.0
391668,35.785157,1.03924,0,207.59,0.415588288867598,1.3,1.08,450.0
391669,35.794922,0.98424,0,207.59,0.43248099659461087,1.3,1.08,450.0
391670,35.804688,1.07842,0,207.59,0.44937543424560566,1.3,1.08,450.0
391671,35.81543,1.05984,0,207.59,0.4679582777071731,1.3,1.08,450.0
391672,35.820313,1.03503,0,207.59,0.4764054965327688,1.3,1.08,450.0
391673,35.830079,1.06266,0,207.59,0.493299934183567,1.3,1.08,450.0
391674,35.839844,1.06629,0,207.59,0.5101926419105798,1.3,1.08,450.0
391675,35.84961,1.0571,0,207.59,0.5270870795615746,1.3,1.08,450.0
391676,35.860352,1.10151,0,207.59,0.5456699230233387,1.3,1.08,450.0
391677,35.870118,1.06142,0,207.59,0.5625643606743336,1.3,1.08,450.0
391678,35.879883,0.97707,0,207.59,0.5794570684011496,1.3,1.08,450.0
391679,35.889649,1.0759,0,207.59,0.5963515060521445,1.3,1.08,450.0
391680,35.900391,1.07123,0,207.59,0.6149343495139087,1.3,1.08,450.0
391681,35.905274,0.9323,0,207.59,0.6233815683393077,1.3,1.08,450.0
391682,35.91504,1.02017,0,207.59,0.6402760059903024,1.3,1.08,450.0
391683,35.924805,1.08249,0,207.59,0.6571687137173153,1.3,1.08,450.0
391684,35.934571,1.02746,0,207.59,0.6740631513683102,1.3,1.08,450.0
391685,35.945313,1.12058,0,207.59,0.6926459948300743,1.3,1.08,450.0
391686,35.955079,1.06711,0,207.59,0.7095404324808724,1.3,1.08,450.0
391687,35.964844,1.04306,0,207.59,0.7264331402078852,1.3,1.08,450.0
391688,35.97461,0.95693,0,207.59,0.74332757785888,1.3,1.08,450.0
391689,35.985352,0.99601,0,207.59,0.7619104213206441,1.3,1.08,450.0
391690,35.995118,1.41674,1,231.17,0.0,1.3,1.08,450.0
391691,36.004883,1.03423,0,231.17,0.018811845659734486,1.3,1.08,450.0
391692,36.014649,0.9218,0,231.17,0.03762561777597189,1.3,1.08,450.0
391693,36.025391,1.37799,0,231.17,0.05831961123012841,1.3,1.08,450.0
391694,36.030274,2.13961,0,231.17,0.0677264972881376,1.3,1.08,450.0
391695,36.04004,2.83808,0,231.17,0.08654026940437502,1.3,1.08,450.0
391696,36.049805,4.04632,0,231.17,0.10535211506432852,1.3,1.08,450.0
391697,36.059571,3.76112,0,231.17,0.12416588718056593,1.3,1.08,450.0
391698,36.070313,3.00037,0,231.17,0.14485988063472244,1.3,1.08,450.0
391699,36.080079,2.19802,0,231.17,0.16367365275074083,1.3,1.08,450.0
391700,36.089844,1.84805,0,231.17,0.18248549841069434,1.3,1.08,450.0
391701,36.09961,2.82352,0,231.17,0.20129927052693175,1.3,1.08,450.0
391702,36.110352,2.91323,0,231.17,0.22199326398108826,1.3,1.08,450.0
391703,36.115235,2.97524,0,231.17,0.23140015003909745,1.3,1.08,450.0
391704,36.125,4.36512,0,231.17,0.25021199569905095,1.3,1.08,450.0
391705,36.134766,4.43859,0,231.17,0.2690257678152884,1.3,1.08,450.0
391706,36.144532,2.84066,0,231.17,0.2878395399315258,1.3,1.08,450.0
391707,36.155274,1.54963,0,231.17,0.3085335333854633,1.3,1.08,450.0
391708,36.16504,0.88545,0,231.17,0.3273473055017007,1.3,1.08,450.0
391709,36.174805,1.03286,0,231.17,0.3461591511616542,1.3,1.08,450.0
391710,36.184571,1.00525,0,231.17,0.3649729232778916,1.3,1.08,450.0
391711,36.195313,0.82481,0,231.17,0.3856669167320481,1.3,1.08,450.0
391712,36.205079,1.03954,0,231.17,0.4044806888480665,1.3,1.08,450.0
391713,36.214844,1.70977,0,231.17,0.42329253450802,1.3,1.08,450.0
391714,36.219727,2.25399,0,231.17,0.4326994205662482,1.3,1.08,450.0
391715,36.229493,2.17191,0,231.17,0.45151319268248563,1.3,1.08,450.0
391716,36.240235,1.5863,0,231.17,0.4722071861364231,1.3,1.08,450.0
391717,36.25,0.88132,0,231.17,0.4910190317963766,1.3,1.08,450.0
391718,36.259766,0.76157,0,231.17,0.509832803912614,1.3,1.08,450.0
391719,36.269532,0.86787,0,231.17,0.5286465760288515,1.3,1.08,450.0
391720,36.280274,1.02771,0,231.17,0.549340569482789,1.3,1.08,450.0
391721,36.29004,1.25927,0,231.17,0.5681543415990263,1.3,1.08,450.0
391722,36.299805,1.38794,0,231.17,0.5869661872589799,1.3,1.08,450.0
391723,36.309571,1.61128,0,231.17,0.6057799593752173,1.3,1.08,450.0
391724,36.31543,1.70566,0,231.17,0.6170670667711455,1.3,1.08,450.0
391725,36.325196,1.71337,0,231.17,0.635880838887383,1.3,1.08,450.0
391726,36.334961,1.81045,0,231.17,0.6546926845473365,1.3,1.08,450.0
391727,36.344727,2.10748,0,231.17,0.6735064566635739,1.3,1.08,450.0
391728,36.354493,2.33842,0,231.17,0.6923202287798114,1.3,1.08,450.0
391729,36.365235,2.47968,0,231.17,0.7130142222337488,1.3,1.08,450.0
391730,36.375,2.5299,0,231.17,0.7318260678937023,1.3,1.08,450.0
391731,36.384766,2.65214,0,231.17,0.7506398400099398,1.3,1.08,450.0
391732,36.394532,2.8246,0,231.17,0.7694536121261771,1.3,1.08,450.0
391733,36.405274,2.95009,0,231.17,0.7901476055801147,1.3,1.08,450.0
391734,36.410157,3.0762,0,231.17,0.7995544916383428,1.3,1.08,450.0
391735,36.419922,3.07118,0,231.17,0.8183663372982963,1.3,1.08,450.0
391736,36.429688,2.95669,0,231.17,0.8371801094145338,1.3,1.08,450.0
391737,36.44043,2.91211,0,231.17,0.8578741028684713,1.3,1.08,450.0
391738,36.450196,2.95282,0,231.17,0.8766878749847087,1.3,1.08,450.0
391739,36.459961,3.0477,0,231.17,0.8954997206446621,1.3,1.08,450.0
391740,36.469727,3.23102,0,231.17,0.9143134927608995,1.3,1.08,450.0
391741,36.479493,3.40946,0,231.17,0.933127264877137,1.3,1.08,450.0
391742,36.490235,3.52262,0,231.17,0.9538212583310746,1.3,1.08,450.0
391743,36.5,3.47105,0,231.17,0.972633103991028,1.3,1.08,450.0
391744,36.509766,3.10742,0,231.17,0.9914468761072653,1.3,1.08,450.0
391745,36.519532,1.03469,0,231.17,0.01026064822350281,1.3,1.08,450.0
391746,36.525391,3.5332,1,229.22,0.0,1.3,1.08,450.0
391747,36.535157,2.58533,0,229.22,0.018655034725210778,1.3,1.08,450.0
391748,36.544922,1.0435,0,229.22,0.03730815924822228,1.3,1.08,450.0
391749,36.554688,1.67652,0,229.22,0.055963193973433065,1.3,1.08,450.0
391750,36.56543,3.56786,0,229.22,0.07648258604969334,1.3,1.08,450.0
391751,36.575196,2.67997,0,229.22,0.09513762077490412,1.3,1.08,450.0
391752,36.584961,1.72793,0,229.22,0.11379074529791562,1.3,1.08,450.0
391753,36.594727,1.35092,0,229.22,0.1324457800231264,1.3,1.08,450.0
391754,36.604493,1.28784,0,229.22,0.1511008147483372,1.3,1.08,450.0
391755,36.610352,2.36408,0,229.22,0.16229268946210065,1.3,1.08,450.0
391756,36.620118,1.50093,0,229.22,0.18094772418731145,1.3,1.08,450.0
391757,36.629883,1.6094,0,229.22,0.19960084871010578,1.3,1.08,450.0
391758,36.639649,0.72643,0,229.22,0.21825588343531654,1.3,1.08,450.0
391759,36.650391,1.48015,0,229.22,0.23877527551179398,1.3,1.08,450.0
391760,36.660157,1.47704,0,229.22,0.25743031023700474,1.3,1.08,450.0
391761,36.669922,1.2005,0,229.22,0.2760834347600163,1.3,1.08,450.0
391762,36.679688,1.11994,0,229.22,0.2947384694852271,1.3,1.08,450.0
391763,36.69043,1.20538,0,229.22,0.31525786156148733,1.3,1.08,450.0
391764,36.700196,1.10059,0,229.22,0.3339128962866981,1.3,1.08,450.0
391765,36.709961,1.08046,0,229.22,0.3525660208097096,1.3,1.08,450.0
391766,36.714844,1.26255,0,229.22,0.36189353817220643,1.3,1.08,450.0
391767,36.72461,1.01257,0,229.22,0.3805485728974172,1.3,1.08,450.0
391768,36.735352,1.0289,0,229.22,0.40106796497389463,1.3,1.08,450.0
391769,36.745118,1.04369,0,229.22,0.41972299969910537,1.3,1.08,450.0
391770,36.754883,1.0045,0,229.22,0.4383761242218998,1.3,1.08,450.0
391771,36.764649,0.98826,0,229.22,0.45703115894711055,1.3,1.08,450.0
391772,36.775391,1.07968,0,229.22,0.47755055102358795,1.3,1.08,450.0
391773,36.785157,1.02014,0,229.22,0.49620558574879875,1.3,1.08,450.0
391774,36.794922,1.03286,0,229.22,0.5148587102718103,1.3,1.08,450.0
391775,36.804688,0.97531,0,229.22,0.5335137449970211,1.3,1.08,450.0
391776,36.81543,0.98857,0,229.22,0.5540331370732813,1.3,1.08,450.0
391777,36.820313,0.99623,0,229.22,0.5633606544359953,1.3,1.08,450.0
391778,36.830079,1.00577,0,229.22,0.582015689160989,1.3,1.08,450.0
391779,36.839844,1.02182,0,229.22,0.6006688136840005,1.3,1.08,450.0
391780,36.84961,1.1604,0,229.22,0.6193238484092112,1.3,1.08,450.0
391781,36.860352,0.9614,0,229.22,0.6398432404856886,1.3,1.08,450.0
391782,36.870118,1.02739,0,229.22,0.6584982752108994,1.3,1.08,450.0
391783,36.879883,0.98254,0,229.22,0.6771513997336938,1.3,1.08,450.0
391784,36.889649,1.05761,0,229.22,0.6958064344589044,1.3,1.08,450.0
391785,36.900391,1.02143,0,229.22,0.716325826535382,1.3,1.08,450.0
391786,36.910157,1.05954,0,229.22,0.7349808612605927,1.3,1.08,450.0
391787,36.91504,1.01351,0,229.22,0.7443083786230896,1.3,1.08,450.0
391788,36.924805,0.97777,0,229.22,0.7629615031461011,1.3,1.08,450.0
391789,36.934571,1.04124,0,229.22,0.7816165378713118,1.3,1.08,450.0
391790,36.945313,1.1086,0,229.22,0.8021359299477893,1.3,1.08,450.0
391791,36.955079,1.00781,0,229.22,0.8207909646727829,1.3,1.08,450.0
391792,36.964844,0.99485,0,229.22,0.8394440891957944,1.3,1.08,450.0
391793,36.97461,1.08853,0,229.22,0.8580991239210051,1.3,1.08,450.0
391794,36.985352,1.09139,0,229.22,0.8786185159974826,1.3,1.08,450.0
391795,36.995118,0.87824,0,229.22,0.8972735507226933,1.3,1.08,450.0
391796,37.004883,1.05557,0,229.22,0.9159266752454877,1.3,1.08,450.0
391797,37.014649,1.05677,0,229.22,0.9345817099706986,1.3,1.08,450.0
391798,37.025391,1.11163,0,229.22,0.9551011020471759,1.3,1.08,450.0
391799,37.030274,1.02883,0,229.22,0.9644286194096728,1.3,1.08,450.0
391800,37.04004,1.14847,0,229.22,0.9830836541348835,1.3,1.08,450.0
391801,37.049805,1.0236,0,229.22,0.0017367786578950106,1.3,1.08,450.0
391802,37.059571,0.94736,0,229.22,0.020391813383105806,1.3,1.08,450.0
391803,37.070313,0.98837,0,229.22,0.040911205459583266,1.3,1.08,450.0
391804,37.080079,1.61129,1,224.07,0.0,1.3,1.08,450.0
391805,37.089844,1.16055,0,224.07,0.01823367118318559,1.3,1.08,450.0
391806,37.09961,0.94839,0,224.07,0.036469209613799465,1.3,1.08,450.0
391807,37.110352,1.31999,0,224.07,0.05652718153908143,1.3,1.08,450.0
391808,37.115235,1.89024,0,224.07,0.06564495075428223,1.3,1.08,450.0
391809,37.125,2.14219,0,224.07,0.08387862193746781,1.3,1.08,450.0
391810,37.134766,3.13381,0,224.07,0.10211416036808169,1.3,1.08,450.0
391811,37.144532,3.83074,0,224.07,0.12034969879869556,1.3,1.08,450.0
391812,37.155274,2.93053,0,224.07,0.14040767072376523,1.3,1.08,450.0
391813,37.16504,2.8048,0,224.07,0.15864320915437913,1.3,1.08,450.0
391814,37.174805,2.4516,0,224.07,0.17687688033756468,1.3,1.08,450.0
391815,37.184571,2.45665,0,224.07,0.19511241876817859,1.3,1.08,450.0
391816,37.195313,3.35303,0,224.07,0.21517039069346053,1.3,1.08,450.0
391817,37.205079,3.96658,0,224.07,0.23340592912386213,1.3,1.08,450.0
391818,37.209961,2.43996,0,224.07,0.2425218310918469,1.3,1.08,450.0
391819,37.219727,6.29207,0,224.07,0.2607573695224608,1.3,1.08,450.0
391820,37.229493,3.20856,0,224.07,0.2789929079530747,1.3,1.08,450.0
391821,37.240235,1.93539,0,224.07,0.2990508798781443,1.3,1.08,450.0
391822,37.25,1.11066,0,224.07,0.3172845510613299,1.3,1.08,450.0
391823,37.259766,1.1313,0,224.07,0.3355200894919438,1.3,1.08,450.0
391824,37.269532,1.12935,0,224.07,0.3537556279225577,1.3,1.08,450.0
391825,37.280274,0.99853,0,224.07,0.3738135998476274,1.3,1.08,450.0
391826,37.29004,1.07691,0,224.07,0.3920491382782412,1.3,1.08,450.0
391827,37.299805,1.66284,0,224.07,0.41028280946142687,1.3,1.08,450.0
391828,37.309571,2.08645,0,224.07,0.4285183478920407,1.3,1.08,450.0
391829,37.31543,2.18907,0,224.07,0.43945855060190964,1.3,1.08,450.0
391830,37.325196,1.83197,0,224.07,0.45769408903252345,1.3,1.08,450.0
391831,37.334961,1.30525,0,224.07,0.4759277602157091,1.3,1.08,450.0
391832,37.344727,0.98315,0,224.07,0.4941632986463229,1.3,1.08,450.0
391833,37.354493,0.93038,0,224.07,0.5123988370769368,1.3,1.08,450.0
391834,37.365235,0.98786,0,224.07,0.5324568090020064,1.3,1.08,450.0
391835,37.375,1.20895,0,224.07,0.5506904801851921,1.3,1.08,450.0
391836,37.384766,1.40466,0,224.07,0.5689260186158059,1.3,1.08,450.0
391837,37.394532,1.55983,0,224.07,0.5871615570464198,1.3,1.08,450.0
391838,37.405274,1.53175,0,224.07,0.6072195289714895,1.3,1.08,450.0
391839,37.410157,1.41829,0,224.07,0.6163372981869025,1.3,1.08,450.0
391840,37.419922,1.44137,0,224.07,0.6345709693700882,1.3,1.08,450.0
391841,37.429688,1.71426,0,224.07,0.652806507800702,1.3,1.08,450.0
391842,37.44043,2.19442,0,224.07,0.6728644797257718,1.3,1.08,450.0
391843,37.450196,2.66185,0,224.07,0.6911000181563856,1.3,1.08,450.0
391844,37.459961,3.14564,0,224.07,0.7093336893395712,1.3,1.08,450.0
391845,37.469727,3.45227,0,224.07,0.7275692277701851,1.3,1.08,450.0
391846,37.479493,3.47749,0,224.07,0.7458047662007988,1.3,1.08,450.0
391847,37.490235,3.33181,0,224.07,0.7658627381258686,1.3,1.08,450.0
391848,37.5,3.16796,0,224.07,0.7840964093090542,1.3,1.08,450.0
391849,37.509766,3.08915,0,224.07,0.8023319477396681,1.3,1.08,450.0
391850,37.519532,3.07332,0,224.07,0.8205674861702819,1.3,1.08,450.0
391851,37.525391,3.16163,0,224.07,0.8315076888801508,1.3,1.08,450.0
391852,37.535157,3.36736,0,224.07,0.8497432273107647,1.3,1.08,450.0
391853,37.544922,3.58323,0,224.07,0.8679768984939502,1.3,1.08,450.0
391854,37.554688,3.86567,0,224.07,0.8862124369245642,1.3,1.08,450.0
391855,37.56543,4.10769,0,224.07,0.9062704088496338,1.3,1.08,450.0
391856,37.575196,4.03535,0,224.07,0.9245059472802477,1.3,1.08,450.0
391857,37.584961,3.75152,0,224.07,0.9427396184634332,1.3,1.08,450.0
391858,37.594727,2.5305,0,224.07,0.9609751568940472,1.3,1.08,450.0
391859,37.604493,1.89157,0,224.07,0.979210695324661,1.3,1.08,450.0
391860,37.610352,3.99771,0,224.07,0.9901508980345299,1.3,1.08,450.0
391861,37.620118,1.49242,0,224.07,0.00838643646514381,1.3,1.08,450.0
391862,37.629883,0.60412,0,224.07,0.026620107648117175,1.3,1.08,450.0
391863,37.639649,3.27379,1,220.22,0.0,1.3,1.08,450.0
391864,37.650391,3.51896,0,220.22,0.0197135364836536,1.3,1.08,450.0
391865,37.660157,2.23713,0,220.22,0.03763593429586014,1.3,1.08,450.0
391866,37.669922,1.87832,0,220.22,0.055556496925006374,1.3,1.08,450.0
391867,37.679688,1.62411,0,220.22,0.0734788947372129,1.3,1.08,450.0
391868,37.69043,2.62836,0,220.22,0.09319243122065787,1.3,1.08,450.0
391869,37.700196,1.82733,0,220.22,0.11111482903286442,1.3,1.08,450.0
391870,37.705079,1.53982,0,220.22,0.12007602793886335,1.3,1.08,450.0
391871,37.714844,0.77363,0,220.22,0.13799659056800959,1.3,1.08,450.0
391872,37.72461,1.58044,0,220.22,0.15591898838021612,1.3,1.08,450.0
391873,37.735352,1.42908,0,220.22,0.17563252486386974,1.3,1.08,450.0
391874,37.745118,1.25858,0,220.22,0.19355492267607627,1.3,1.08,450.0
391875,37.754883,1.20707,0,220.22,0.21147548530501387,1.3,1.08,450.0
391876,37.764649,1.19791,0,220.22,0.2293978831172204,1.3,1.08,450.0
391877,37.775391,1.09673,0,220.22,0.24911141960087402,1.3,1.08,450.0
391878,37.785157,1.10852,0,220.22,0.2670338174130806,1.3,1.08,450.0
391879,37.794922,1.01895,0,220.22,0.2849543800422268,1.3,1.08,450.0
391880,37.804688,1.16351,0,220.22,0.30287677785443334,1.3,1.08,450.0
391881,37.81543,0.9856,0,220.22,0.32259031433787827,1.3,1.08,450.0
391882,37.820313,1.09634,0,220.22,0.3315515132440858,1.3,1.08,450.0
391883,37.830079,0.96672,0,220.22,0.3494739110560838,1.3,1.08,450.0
391884,37.839844,1.00318,0,220.22,0.36739447368523,1.3,1.08,450.0
391885,37.84961,0.99979,0,220.22,0.38531687149743654,1.3,1.08,450.0
391886,37.860352,1.00477,0,220.22,0.40503040798109013,1.3,1.08,450.0
391887,37.870118,0.99562,0,220.22,0.42295280579329664,1.3,1.08,450.0
391888,37.879883,1.09188,0,220.22,0.44087336842223424,1.3,1.08,450.0
391889,37.889649,1.04823,0,220.22,0.4587957662344408,1.3,1.08,450.0
391890,37.900391,1.05438,0,220.22,0.4785093027180944,1.3,1.08,450.0
391891,37.905274,1.05603,0,220.22,0.48747050162409333,1.3,1.08,450.0
391892,37.91504,1.03334,0,220.22,0.5053928994362998,1.3,1.08,450.0
391893,37.924805,1.0238,0,220.22,0.5233134620654462,1.3,1.08,450.0
391894,37.934571,0.9536,0,220.22,0.5412358598776527,1.3,1.08,450.0
391895,37.945313,1.088,0,220.22,0.5609493963613063,1.3,1.08,450.0
391896,37.955079,1.02079,0,220.22,0.5788717941733041,1.3,1.08,450.0
391897,37.964844,1.02641,0,220.22,0.5967923568024504,1.3,1.08,450.0
391898,37.97461,1.05483,0,220.22,0.6147147546146569,1.3,1.08,450.0
391899,37.985352,1.03514,0,220.22,0.6344282910983104,1.3,1.08,450.0
391900,37.995118,0.9873,0,220.22,0.6523506889105171,1.3,1.08,450.0
391901,38.004883,1.02701,0,220.22,0.6702712515394548,1.3,1.08,450.0
391902,38.014649,1.04838,0,220.22,0.6881936493516612,1.3,1.08,450.0
391903,38.019532,0.99216,0,220.22,0.6971548482578688,1.3,1.08,450.0
391904,38.030274,1.05324,0,220.22,0.7168683847413138,1.3,1.08,450.0
391905,38.04004,1.07964,0,220.22,0.7347907825535204,1.3,1.08,450.0
391906,38.049805,1.02607,0,220.22,0.7527113451826665,1.3,1.08,450.0
391907,38.059571,0.96233,0,220.22,0.7706337429948731,1.3,1.08,450.0
391908,38.070313,0.99657,0,220.22,0.7903472794785267,1.3,1.08,450.0
391909,38.080079,1.01588,0,220.22,0.8082696772905246,1.3,1.08,450.0
391910,38.089844,0.92258,0,220.22,0.8261902399196708,1.3,1.08,450.0
391911,38.09961,1.077,0,220.22,0.8441126377318773,1.3,1.08,450.0
391912,38.110352,1.0818,0,220.22,0.8638261742155309,1.3,1.08,450.0
391913,38.115235,1.02787,0,220.22,0.87278737312153,1.3,1.08,450.0
391914,38.125,1.00807,0,220.22,0.8907079357506761,1.3,1.08,450.0
391915,38.134766,1.10035,0,220.22,0.9086303335628827,1.3,1.08,450.0
391916,38.144532,1.05723,0,220.22,0.9265527313750892,1.3,1.08,450.0
391917,38.155274,0.8769,0,220.22,0.9462662678585342,1.3,1.08,450.0
391918,38.16504,0.86321,0,220.22,0.9641886656707407,1.3,1.08,450.0
391919,38.174805,1.25941,0,220.22,0.9821092282998869,1.3,1.08,450.0
391920,38.184571,1.3765,1,220.22,0.0,1.3,1.08,450.0
391921,38.195313,1.0497,0,220.22,0.019713287106534593,1.3,1.08,450.0
391922,38.200196,1.08845,0,220.22,0.02867437265296623,1.3,1.08,450.0
391923,38.209961,1.63474,0,220.22,0.046594708586192975,1.3,1.08,450.0
391924,38.219727,2.376,0,220.22,0.06451687967926488,1.3,1.08,450.0
391925,38.229493,3.5073,0,220.22,0.08243905077233679,1.3,1.08,450.0
391926,38.240235,4.21046,0,220.22,0.10215233787866275,1.3,1.08,450.0
391927,38.25,3.32504,0,220.22,0.1200726738118895,1.3,1.08,450.0
391928,38.259766,2.95805,0,220.22,0.13799484490496142,1.3,1.08,450.0
391929,38.269532,2.26882,0,220.22,0.15591701599803331,1.3,1.08,450.0
391930,38.280274,2.15984,0,220.22,0.1756303031043593,1.3,1.08,450.0
391931,38.29004,2.89132,0,220.22,0.19355247419743116,1.3,1.08,450.0
391932,38.299805,2.25436,0,220.22,0.2114728101306579,1.3,1.08,450.0
391933,38.309571,1.83125,0,220.22,0.22939498122372984,1.3,1.08,450.0
391934,38.31543,5.51528,0,220.22,0.24014718278362415,1.3,1.08,450.0
391935,38.325196,3.44425,0,220.22,0.25806935387669605,1.3,1.08,450.0
391936,38.334961,3.1161,0,220.22,0.27598968980992283,1.3,1.08,450.0
391937,38.344727,2.02122,0,220.22,0.2939118609029947,1.3,1.08,450.0
391938,38.354493,1.64384,0,220.22,0.31183403199606663,1.3,1.08,450.0
391939,38.365235,1.47768,0,220.22,0.3315473191023926,1.3,1.08,450.0
391940,38.375,1.38674,0,220.22,0.34946765503561933,1.3,1.08,450.0
391941,38.384766,1.18786,0,220.22,0.3673898261286912,1.3,1.08,450.0
391942,38.394532,1.18667,0,220.22,0.3853119972217632,1.3,1.08,450.0
391943,38.400391,1.17611,0,220.22,0.3960641987816575,1.3,1.08,450.0
391944,38.410157,1.19588,0,220.22,0.41398636987472937,1.3,1.08,450.0
391945,38.419922,1.12583,0,220.22,0.4319067058079561,1.3,1.08,450.0
391946,38.429688,0.94682,0,220.22,0.4498288769010281,1.3,1.08,450.0
391947,38.44043,0.80775,0,220.22,0.469542164007354,1.3,1.08,450.0
391948,38.450196,0.79481,0,220.22,0.48746433510042586,1.3,1.08,450.0
391949,38.459961,0.98132,0,220.22,0.5053846710336526,1.3,1.08,450.0
391950,38.469727,1.20241,0,220.22,0.5233068421267245,1.3,1.08,450.0
391951,38.479493,1.27896,0,220.22,0.5412290132197964,1.3,1.08,450.0
391952,38.490235,1.41922,0,220.22,0.5609423003261224,1.3,1.08,450.0
391953,38.5,1.61795,0,220.22,0.5788626362593491,1.3,1.08,450.0
391954,38.509766,1.69161,0,220.22,0.596784807352421,1.3,1.08,450.0
391955,38.514649,1.7871,0,220.22,0.6057458928988527,1.3,1.08,450.0
391956,38.525391,2.03051,0,220.22,0.6254591800053874,1.3,1.08,450.0
391957,38.535157,2.33988,0,220.22,0.6433813510984592,1.3,1.08,450.0
391958,38.544922,2.58425,0,220.22,0.661301687031686,1.3,1.08,450.0
391959,38.554688,2.80003,0,220.22,0.6792238581247578,1.3,1.08,450.0
391960,38.56543,2.9531,0,220.22,0.6989371452310837,1.3,1.08,450.0
391961,38.575196,3.04268,0,220.22,0.7168593163241557,1.3,1.08,450.0
391962,38.584961,2.99099,0,220.22,0.7347796522573824,1.3,1.08,450.0
391963,38.594727,2.89633,0,220.22,0.7527018233504544,1.3,1.08,450.0
391964,38.604493,2.9535,0,220.22,0.7706239944435264,1.3,1.08,450.0
391965,38.610352,3.04516,0,220.22,0.7813761960034207,1.3,1.08,450.0
391966,38.620118,3.10568,0,220.22,0.7992983670964925,1.3,1.08,450.0
391967,38.629883,3.13972,0,220.22,0.8172187030295106,1.3,1.08,450.0
391968,38.639649,3.23969,0,220.22,0.8351408741225825,1.3,1.08,450.0
391969,38.650391,3.40489,0,220.22,0.8548541612291171,1.3,1.08,450.0
391970,38.660157,3.49987,0,220.22,0.8727763323221891,1.3,1.08,450.0
391971,38.669922,3.59951,0,220.22,0.8906966682554158,1.3,1.08,450.0
391972,38.679688,3.62956,0,220.22,0.9086188393484878,1.3,1.08,450.0
391973,38.69043,2.50675,0,220.22,0.9283321264548137,1.3,1.08,450.0
391974,38.695313,1.36154,0,220.22,0.9372932120014539,1.3,1.08,450.0
391975,38.705079,3.52842,0,220.22,0.9552153830943172,1.3,1.08,450.0
391976,38.714844,2.28252,0,220.22,0.9731357190275439,1.3,1.08,450.0
391977,38.72461,1.92897,0,220.22,0.9910578901206158,1.3,1.08,450.0
391978,38.735352,2.90896,0,220.22,0.010771177227150597,1.3,1.08,450.0
391979,38.745118,2.87642,0,220.22,0.0286933483202223,1.3,1.08,450.0
391980,38.754883,2.03457,0,220.22,0.04661368425324053,1.3,1.08,450.0
391981,38.764649,1.46216,0,220.22,0.06453585534631245,1.3,1.08,450.0
391982,38.775391,2.03174,0,220.22,0.08424914245284709,1.3,1.08,450.0
391983,38.785157,2.12502,0,220.22,0.10217131354591902,1.3,1.08,450.0
391984,38.794922,1.76896,0,220.22,0.12009164947914575,1.3,1.08,450.0
391985,38.804688,1.27661,0,220.22,0.13801382057221767,1.3,1.08,450.0
391986,38.81543,0.88463,0,220.22,0.15772710767854337,1.3,1.08,450.0
391987,38.820313,1.44922,1,207.63,0.0,1.3,1.08,450.0
391988,38.830079,1.17028,0,207.63,0.01689793365376359,1.3,1.08,450.0
391989,38.839844,1.34182,0,207.63,0.03379413702576493,1.3,1.08,450.0
391990,38.84961,1.26823,0,207.63,0.050692070679725226,1.3,1.08,450.0
391991,38.860352,1.23519,0,207.63,0.06927875952996518,1.3,1.08,450.0
391992,38.870118,1.03537,0,207.63,0.08617669318392548,1.3,1.08,450.0
391993,38.879883,1.11366,0,207.63,0.10307289655573011,1.3,1.08,450.0
391994,38.889649,1.13898,0,207.63,0.11997083020969042,1.3,1.08,450.0
391995,38.900391,0.94607,0,207.63,0.13855751905993036,1.3,1.08,450.0
391996,38.905274,1.08175,0,207.63,0.14700648588681217,1.3,1.08,450.0
391997,38.91504,0.97191,0,207.63,0.16390441954077245,1.3,1.08,450.0
391998,38.924805,0.92318,0,207.63,0.1808006229127738,1.3,1.08,450.0
391999,38.934571,0.96038,0,207.63,0.1976985565667341,1.3,1.08,450.0
392000,38.945313,1.01525,0,207.63,0.21628524541697405,1.3,1.08,450.0
392001,38.955079,0.97259,0,207.63,0.23318317907073766,1.3,1.08,450.0
392002,38.964844,1.06857,0,207.63,0.250079382442739,1.3,1.08,450.0
392003,38.97461,1.06514,0,207.63,0.26697731609669934,1.3,1.08,450.0
392004,38.985352,1.05479,0,207.63,0.2855640049469393,1.3,1.08,450.0
392005,38.995118,1.02817,0,207.63,0.30246193860089954,1.3,1.08,450.0
392006,39.004883,1.04054,0,207.63,0.3193581419727042,1.3,1.08,450.0
392007,39.009766,1.06819,0,207.63,0.32780710879978264,1.3,1.08,450.0
392008,39.019532,0.99631,0,207.63,0.344705042453743,1.3,1.08,450.0
392009,39.030274,1.05824,0,207.63,0.3632917313037863,1.3,1.08,450.0
392010,39.04004,1.07108,0,207.63,0.38018966495774653,1.3,1.08,450.0
392011,39.049805,1.02813,0,207.63,0.3970858683297479,1.3,1.08,450.0
392012,39.059571,1.03071,0,207.63,0.41398380198370816,1.3,1.08,450.0
392013,39.070313,1.02048,0,207.63,0.4325704908339481,1.3,1.08,450.0
392014,39.080079,1.06692,0,207.63,0.44946842448771174,1.3,1.08,450.0
392015,39.089844,1.03662,0,207.63,0.46636462785971305,1.3,1.08,450.0
392016,39.09961,1.08226,0,207.63,0.48326256151367336,1.3,1.08,450.0
392017,39.110352,1.13108,0,207.63,0.5018492503639133,1.3,1.08,450.0
392018,39.115235,0.94215,0,207.63,0.5102982171907952,1.3,1.08,450.0
392019,39.125,1.04622,0,207.63,0.5271944205627964,1.3,1.08,450.0
392020,39.134766,1.01867,0,207.63,0.5440923542167567,1.3,1.08,450.0
392021,39.144532,0.98034,0,207.63,0.5609902878707171,1.3,1.08,450.0
392022,39.155274,0.9406,0,207.63,0.5795769767207604,1.3,1.08,450.0
392023,39.16504,1.12719,0,207.63,0.5964749103747206,1.3,1.08,450.0
392024,39.174805,1.01743,0,207.63,0.6133711137467219,1.3,1.08,450.0
392025,39.184571,1.03153,0,207.63,0.6302690474006822,1.3,1.08,450.0
392026,39.195313,0.97512,0,207.63,0.6488557362509222,1.3,1.08,450.0
392027,39.205079,1.05581,0,207.63,0.6657536699046858,1.3,1.08,450.0
392028,39.209961,0.99721,0,207.63,0.6742009064498052,1.3,1.08,450.0
392029,39.219727,1.0114,0,207.63,0.6910988401037657,1.3,1.08,450.0
392030,39.229493,1.06626,0,207.63,0.707996773757726,1.3,1.08,450.0
392031,39.240235,0.92604,0,207.63,0.7265834626077692,1.3,1.08,450.0
392032,39.25,0.80762,0,207.63,0.7434796659797704,1.3,1.08,450.0
392033,39.259766,0.8626,0,207.63,0.7603775996337309,1.3,1.08,450.0
392034,39.269532,1.51683,0,207.63,0.7772755332876911,1.3,1.08,450.0
392035,39.280274,1.28149,0,207.63,0.7958622221377343,1.3,1.08,450.0
392036,39.29004,1.29737,0,207.63,0.8127601557916947,1.3,1.08,450.0
392037,39.299805,1.51796,0,207.63,0.829656359163696,1.3,1.08,450.0
392038,39.309571,2.65138,0,207.63,0.8465542928176563,1.3,1.08,450.0
392039,39.31543,3.86604,0,207.63,0.8566920148408177,1.3,1.08,450.0
392040,39.325196,3.87251,0,207.63,0.8735899484947781,1.3,1.08,450.0
392041,39.334961,3.04936,0,207.63,0.8904861518667794,1.3,1.08,450.0
392042,39.344727,2.61413,0,207.63,0.9073840855207397,1.3,1.08,450.0
392043,39.354493,2.00681,0,207.63,0.9242820191747,1.3,1.08,450.0
392044,39.365235,2.32807,0,207.63,0.9428687080247432,1.3,1.08,450.0
392045,39.375,2.85547,0,207.63,0.9597649113967446,1.3,1.08,450.0
392046,39.384766,2.29674,0,207.63,0.9766628450507048,1.3,1.08,450.0
392047,39.394532,2.03962,0,207.63,0.9935607787046652,1.3,1.08,450.0
392048,39.400391,5.98608,0,207.63,0.0036985007278265147,1.3,1.08,450.0
392049,39.410157,3.33741,0,207.63,0.020596434381787043,1.3,1.08,450.0
392050,39.419922,2.98537,0,207.63,0.037492637753788305,1.3,1.08,450.0
392051,39.429688,1.71456,0,207.63,0.05439057140774861,1.3,1.08,450.0
392052,39.44043,1.37803,0,207.63,0.07297726025779161,1.3,1.08,450.0
392053,39.450196,1.31019,0,207.63,0.08987519391175214,1.3,1.08,450.0
392054,39.459961,1.11731,0,207.63,0.1067713972837534,1.3,1.08,450.0
392055,39.469727,0.97449,0,207.63,0.1236693309377137,1.3,1.08,450.0
392056,39.479493,1.12517,0,207.63,0.140567264591674,1.3,1.08,450.0
392057,39.490235,1.26608,0,207.63,0.15915395344171723,1.3,1.08,450.0
392058,39.5,1.3093,1,195.2,0.0,1.3,1.08,450.0
392059,39.504883,1.19017,0,195.2,0.007943055773286467,1.3,1.08,450.0
392060,39.514649,1.00433,0,195.2,0.02382916732004433,1.3,1.08,450.0
392061,39.525391,0.87273,0,195.2,0.0413029140163211,1.3,1.08,450.0
392062,39.535157,0.97767,0,195.2,0.057189025563078956,1.3,1.08,450.0
392063,39.544922,1.17554,0,195.2,0.07307351043448287,1.3,1.08,450.0
392064,39.554688,1.25961,0,195.2,0.08895962198124074,1.3,1.08,450.0
392065,39.56543,1.27479,0,195.2,0.10643336867733258,1.3,1.08,450.0
392066,39.575196,1.31634,0,195.2,0.12231948022409043,1.3,1.08,450.0
392067,39.584961,1.45483,0,195.2,0.13820396509549437,1.3,1.08,450.0
392068,39.594727,1.5754,0,195.2,0.15409007664225222,1.3,1.08,450.0
392069,39.604493,1.64031,0,195.2,0.1699761881890101,1.3,1.08,450.0
392070,39.610352,1.84481,0,195.2,0.17950687911181545,1.3,1.08,450.0
392071,39.620118,2.19815,0,195.2,0.19539299065857332,1.3,1.08,450.0
392072,39.629883,2.48227,0,195.2,0.2112774755297923,1.3,1.08,450.0
392073,39.639649,2.6666,0,195.2,0.22716358707655016,1.3,1.08,450.0
392074,39.650391,2.81267,0,195.2,0.24463733377282695,1.3,1.08,450.0
392075,39.660157,2.99078,0,195.2,0.26052344531958477,1.3,1.08,450.0
392076,39.669922,3.07898,0,195.2,0.27640793019098875,1.3,1.08,450.0
392077,39.679688,3.02413,0,195.2,0.2922940417377466,1.3,1.08,450.0
392078,39.69043,2.98758,0,195.2,0.3097677884338384,1.3,1.08,450.0
392079,39.700196,2.93666,0,195.2,0.3256538999805963,1.3,1.08,450.0
392080,39.705079,2.85421,0,195.2,0.33359695575388276,1.3,1.08,450.0
392081,39.714844,2.93123,0,195.2,0.34948144062528663,1.3,1.08,450.0
392082,39.72461,3.00529,0,195.2,0.3653675521720446,1.3,1.08,450.0
392083,39.735352,3.23456,0,195.2,0.3828412988683213,1.3,1.08,450.0
392084,39.745118,3.64883,0,195.2,0.39872741041507914,1.3,1.08,450.0
392085,39.754883,3.90195,0,195.2,0.41461189528629816,1.3,1.08,450.0
392086,39.764649,3.69561,0,195.2,0.430498006833056,1.3,1.08,450.0
392087,39.775391,3.4274,0,195.2,0.4479717535293328,1.3,1.08,450.0
392088,39.785157,1.58099,0,195.2,0.46385786507609067,1.3,1.08,450.0
392089,39.794922,3.01518,0,195.2,0.4797423499474946,1.3,1.08,450.0
392090,39.804688,3.5742,0,195.2,0.49562846149425244,1.3,1.08,450.0
392091,39.81543,1.17759,0,195.2,0.5131022081903442,1.3,1.08,450.0
392092,39.820313,1.31698,0,195.2,0.5210452639638157,1.3,1.08,450.0
392093,39.830079,3.59307,0,195.2,0.5369313755103886,1.3,1.08,450.0
392094,39.839844,3.33315,0,195.2,0.5528158603817925,1.3,1.08,450.0
392095,39.84961,1.97539,0,195.2,0.5687019719285504,1.3,1.08,450.0
392096,39.860352,1.57322,0,195.2,0.5861757186248272,1.3,1.08,450.0
392097,39.870118,2.69765,0,195.2,0.6020618301715851,1.3,1.08,450.0
392098,39.879883,1.8096,0,195.2,0.617946315042804,1.3,1.08,450.0
392099,39.889649,1.69809,0,195.2,0.6338324265895618,1.3,1.08,450.0
392100,39.900391,1.44543,0,195.2,0.6513061732858386,1.3,1.08,450.0
392101,39.905274,0.89584,0,195.2,0.6592492290591251,1.3,1.08,450.0
392102,39.91504,1.18623,0,195.2,0.6751353406058829,1.3,1.08,450.0
392103,39.924805,1.50431,0,195.2,0.6910198254772869,1.3,1.08,450.0
392104,39.934571,1.34514,0,195.2,0.7069059370240448,1.3,1.08,450.0
392105,39.945313,1.23661,0,195.2,0.7243796837203216,1.3,1.08,450.0
392106,39.955079,1.10586,0,195.2,0.7402657952668945,1.3,1.08,450.0
392107,39.964844,1.1555,0,195.2,0.7561502801382983,1.3,1.08,450.0
392108,39.97461,1.07592,0,195.2,0.7720363916850562,1.3,1.08,450.0
392109,39.985352,1.16934,0,195.2,0.789510138381333,1.3,1.08,450.0
392110,39.995118,1.10622,0,195.2,0.8053962499280909,1.3,1.08,450.0
392111,40.004883,0.99001,0,195.2,0.8212807347993097,1.3,1.08,450.0
392112,40.009766,0.98415,0,195.2,0.8292237905727813,1.3,1.08,450.0
392113,40.019532,0.95498,0,195.2,0.8451099021195391,1.3,1.08,450.0
392114,40.030274,0.96268,0,195.2,0.862583648815631,1.3,1.08,450.0
392115,40.04004,0.96594,0,195.2,0.8784697603623888,1.3,1.08,450.0
392116,40.049805,0.92994,0,195.2,0.8943542452337927,1.3,1.08,450.0
392117,40.059571,0.93678,0,195.2,0.9102403567805506,1.3,1.08,450.0
392118,40.070313,1.00226,0,195.2,0.9277141034768274,1.3,1.08,450.0
392119,40.080079,1.03769,0,195.2,0.9436002150234003,1.3,1.08,450.0
392120,40.089844,1.03333,0,195.2,0.9594846998948042,1.3,1.08,450.0
392121,40.09961,1.05807,0,195.2,0.9753708114415621,1.3,1.08,450.0
392122,40.110352,1.05608,0,195.2,0.9928445581378388,1.3,1.08,450.0
392123,40.115235,1.10431,0,195.2,0.0007876139111251401,1.3,1.08,450.0
392124,40.125,0.94454,0,195.2,0.016672098782529288,1.3,1.08,450.0
392125,40.134766,1.07416,0,195.2,0.032558210329287185,1.3,1.08,450.0
392126,40.144532,0.99955,0,195.2,0.04844432187604486,1.3,1.08,450.0
392127,40.155274,1.01377,0,195.2,0.06591806857213678,1.3,1.08,450.0
392128,40.16504,1.04376,0,195.2,0.08180418011889468,1.3,1.08,450.0
392129,40.174805,1.08192,0,195.2,0.09768866499029838,1.3,1.08,450.0
392130,40.184571,1.04109,0,195.2,0.1135747765370565,1.3,1.08,450.0
392131,40.195313,1.07774,0,195.2,0.13104852323333316,1.3,1.08,450.0
392132,40.200196,1.04834,0,195.2,0.13899157900661985,1.3,1.08,450.0
392133,40.209961,1.05642,0,195.2,0.15487606387802355,1.3,1.08,450.0
392134,40.219727,1.08929,0,195.2,0.17076217542478145,1.3,1.08,450.0
392135,40.229493,1.038,0,195.2,0.18664828697153935,1.3,1.08,450.0
392136,40.240235,0.99874,0,195.2,0.20412203366763104,1.3,1.08,450.0
392137,40.25,1.17822,0,195.2,0.22000651853903497,1.3,1.08,450.0
392138,40.259766,0.89328,0,195.2,0.23589263008579286,1.3,1.08,450.0
392139,40.269532,0.93896,0,195.2,0.251778741632551,1.3,1.08,450.0
392140,40.280274,0.95613,0,195.2,0.2692524883286427,1.3,1.08,450.0
392141,40.29004,1.01853,0,195.2,0.28513859987540036,1.3,1.08,450.0
392142,40.299805,1.02868,0,195.2,0.3010230847468045,1.3,1.08,450.0
392143,40.309571,1.03113,0,195.2,0.3169091962935622,1.3,1.08,450.0
392144,40.31543,1.02851,0,195.2,0.32643988721636763,1.3,1.08,450.0
392145,40.325196,1.09539,0,195.2,0.3423259987631255,1.3,1.08,450.0
392146,40.334961,1.03229,0,195.2,0.35821048363452945,1.3,1.08,450.0
392147,40.344727,0.90166,0,195.2,0.37409659518128735,1.3,1.08,450.0
392148,40.354493,0.88493,0,195.2,0.389982706728045,1.3,1.08,450.0
392149,40.365235,1.35386,1,172.6,0.0,1.3,1.08,450.0
392150,40.375,1.03511,0,172.6,0.014045071409076017,1.3,1.08,450.0
392151,40.384766,1.31363,0,172.6,0.028091581125512362,1.3,1.08,450.0
392152,40.394532,1.30999,0,172.6,0.04213809084194871,1.3,1.08,450.0
392153,40.400391,1.82804,0,172.6,0.05056513368736162,1.3,1.08,450.0
392154,40.410157,2.62361,0,172.6,0.06461164340379796,1.3,1.08,450.0
392155,40.419922,3.98145,0,172.6,0.07865671481287398,1.3,1.08,450.0
392156,40.429688,4.15531,0,172.6,0.09270322452931032,1.3,1.08,450.0
392157,40.44043,3.29359,0,172.6,0.10815352223285964,1.3,1.08,450.0
392158,40.450196,2.81576,0,172.6,0.12220003194929599,1.3,1.08,450.0
392159,40.459961,2.08463,0,172.6,0.136245103358372,1.3,1.08,450.0
392160,40.469727,2.57269,0,172.6,0.15029161307480837,1.3,1.08,450.0
392161,40.479493,2.26973,0,172.6,0.16433812279124468,1.3,1.08,450.0
392162,40.490235,1.97033,0,172.6,0.17978842049479402,1.3,1.08,450.0
392163,40.5,4.01988,0,172.6,0.19383349190387006,1.3,1.08,450.0
392164,40.504883,5.92317,0,172.6,0.20085674676200646,1.3,1.08,450.0
392165,40.514649,3.77385,0,172.6,0.2149032564784428,1.3,1.08,450.0
392166,40.525391,2.80422,0,172.6,0.23035355418215564,1.3,1.08,450.0
392167,40.535157,1.62655,0,172.6,0.24440006389859198,1.3,1.08,450.0
392168,40.544922,1.2802,0,172.6,0.258445135307668,1.3,1.08,450.0
392169,40.554688,0.94663,0,172.6,0.27249164502410433,1.3,1.08,450.0
392170,40.56543,0.7022,0,172.6,0.28794194272765367,1.3,1.08,450.0
392171,40.575196,0.63842,0,172.6,0.30198845244409,1.3,1.08,450.0
392172,40.584961,0.83177,0,172.6,0.316033523853166,1.3,1.08,450.0
392173,40.594727,1.12224,0,172.6,0.3300800335696024,1.3,1.08,450.0
392174,40.604493,1.16631,0,172.6,0.3441265432860387,1.3,1.08,450.0
392175,40.610352,1.10288,0,172.6,0.3525535861314516,1.3,1.08,450.0
392176,40.620118,1.09283,0,172.6,0.36660009584788794,1.3,1.08,450.0
392177,40.629883,1.18852,0,172.6,0.3806451672568005,1.3,1.08,450.0
392178,40.639649,1.27915,0,172.6,0.3946916769732368,1.3,1.08,450.0
392179,40.650391,1.35685,0,172.6,0.4101419746769496,1.3,1.08,450.0
392180,40.660157,1.26554,0,172.6,0.42418848439338597,1.3,1.08,450.0
392181,40.669922,1.23755,0,172.6,0.43823355580246204,1.3,1.08,450.0
392182,40.679688,1.18937,0,172.6,0.4522800655188984,1.3,1.08,450.0
392183,40.69043,1.2854,0,172.6,0.4677303632224477,1.3,1.08,450.0
392184,40.695313,1.59926,0,172.6,0.4747536180807476,1.3,1.08,450.0
392185,40.705079,1.98884,0,172.6,0.4888001277970204,1.3,1.08,450.0
392186,40.714844,2.27973,0,172.6,0.5028451992060965,1.3,1.08,450.0
392187,40.72461,2.46136,0,172.6,0.5168917089225328,1.3,1.08,450.0
392188,40.735352,2.63411,0,172.6,0.5323420066262456,1.3,1.08,450.0
392189,40.745118,2.87827,0,172.6,0.546388516342682,1.3,1.08,450.0
392190,40.754883,3.18586,0,172.6,0.5604335877515945,1.3,1.08,450.0
392191,40.764649,3.35827,0,172.6,0.5744800974680309,1.3,1.08,450.0
392192,40.775391,3.30868,0,172.6,0.5899303951717436,1.3,1.08,450.0
392193,40.785157,3.15033,0,172.6,0.60397690488818,1.3,1.08,450.0
392194,40.794922,3.07743,0,172.6,0.618021976297256,1.3,1.08,450.0
392195,40.804688,3.10989,0,172.6,0.6320684860136924,1.3,1.08,450.0
392196,40.809571,3.1981,0,172.6,0.6390917408718287,1.3,1.08,450.0
392197,40.820313,3.38821,0,172.6,0.6545420385755417,1.3,1.08,450.0
392198,40.830079,3.65493,0,172.6,0.6685885482918145,1.3,1.08,450.0
392199,40.839844,3.97015,0,172.6,0.6826336197008905,1.3,1.08,450.0
392200,40.84961,4.07772,0,172.6,0.6966801294173268,1.3,1.08,450.0
392201,40.860352,3.93433,0,172.6,0.7121304271210397,1.3,1.08,450.0
392202,40.870118,3.31141,0,172.6,0.726176936837476,1.3,1.08,450.0
392203,40.879883,1.05592,0,172.6,0.7402220082463885,1.3,1.08,450.0
392204,40.889649,4.07782,1,195.09,0.0,1.3,1.08,450.0
392205,40.900391,1.91786,0,195.09,0.01746370511088029,1.3,1.08,450.0
392206,40.905274,0.59722,0,195.09,0.025402196272223895,1.3,1.08,450.0
392207,40.91504,2.65554,0,195.09,0.041279178595095924,1.3,1.08,450.0
392208,40.924805,3.51755,0,195.09,0.05715453517741064,1.3,1.08,450.0
392209,40.934571,2.33338,0,195.09,0.07303151750028267,1.3,1.08,450.0
392210,40.945313,1.9403,0,195.09,0.09049522261116297,1.3,1.08,450.0
392211,40.955079,1.38918,0,195.09,0.10637220493385018,1.3,1.08,450.0
392212,40.964844,2.32079,0,195.09,0.12224756151616488,1.3,1.08,450.0
392213,40.97461,1.57458,0,195.09,0.1381245438390369,1.3,1.08,450.0
392214,40.985352,1.71487,0,195.09,0.1555882489499172,1.3,1.08,450.0
392215,40.995118,1.01602,0,195.09,0.17146523127278923,1.3,1.08,450.0
392216,41.004883,0.9918,0,195.09,0.18734058785491914,1.3,1.08,450.0
392217,41.009766,1.62522,0,195.09,0.19527907901644753,1.3,1.08,450.0
392218,41.019532,1.23414,0,195.09,0.2111560613393196,1.3,1.08,450.0
392219,41.030274,1.28068,0,195.09,0.22861976645001506,1.3,1.08,450.0
392220,41.04004,1.29341,0,195.09,0.24449674877288707,1.3,1.08,450.0
392221,41.049805,0.98081,0,195.09,0.2603721053552018,1.3,1.08,450.0
392222,41.059571,1.0857,0,195.09,0.2762490876780738,1.3,1.08,450.0
392223,41.070313,1.06396,0,195.09,0.29371279278895407,1.3,1.08,450.0
392224,41.080079,1.06869,0,195.09,0.3095897751116413,1.3,1.08,450.0
392225,41.089844,1.06661,0,195.09,0.325465131693956,1.3,1.08,450.0
392226,41.09961,1.02282,0,195.09,0.34134211401682807,1.3,1.08,450.0
392227,41.110352,0.94452,0,195.09,0.35880581912770837,1.3,1.08,450.0
392228,41.115235,0.98322,0,195.09,0.36674431028905197,1.3,1.08,450.0
392229,41.125,0.99609,0,195.09,0.3826196668713667,1.3,1.08,450.0
392230,41.134766,0.98652,0,195.09,0.3984966491942387,1.3,1.08,450.0
392231,41.144532,0.99876,0,195.09,0.41437363151711076,1.3,1.08,450.0
392232,41.155274,1.05215,0,195.09,0.4318373366278062,1.3,1.08,450.0
392233,41.16504,1.08736,0,195.09,0.4477143189506782,1.3,1.08,450.0
392234,41.174805,1.02308,0,195.09,0.46358967553299296,1.3,1.08,450.0
392235,41.184571,1.08461,0,195.09,0.479466657855865,1.3,1.08,450.0
392236,41.195313,1.08199,0,195.09,0.49693036296674525,1.3,1.08,450.0
392237,41.200196,0.97512,0,195.09,0.5048688541280889,1.3,1.08,450.0
392238,41.209961,1.09545,0,195.09,0.5207442107104036,1.3,1.08,450.0
392239,41.219727,1.02303,0,195.09,0.5366211930332756,1.3,1.08,450.0
392240,41.229493,1.09193,0,195.09,0.5524981753561476,1.3,1.08,450.0
392241,41.240235,1.05072,0,195.09,0.5699618804668432,1.3,1.08,450.0
392242,41.25,1.04083,0,195.09,0.5858372370491579,1.3,1.08,450.0
392243,41.259766,1.01509,0,195.09,0.6017142193720298,1.3,1.08,450.0
392244,41.269532,1.04177,0,195.09,0.6175912016949019,1.3,1.08,450.0
392245,41.280274,1.03445,0,195.09,0.6350549068055974,1.3,1.08,450.0
392246,41.29004,1.09125,0,195.09,0.6509318891284693,1.3,1.08,450.0
392247,41.299805,1.02275,0,195.09,0.6668072457107841,1.3,1.08,450.0
392248,41.304688,1.03964,0,195.09,0.6747457368723125,1.3,1.08,450.0
392249,41.31543,1.09769,0,195.09,0.692209441983008,1.3,1.08,450.0
392250,41.325196,0.92308,0,195.09,0.7080864243058801,1.3,1.08,450.0
392251,41.334961,0.91815,0,195.09,0.7239617808881947,1.3,1.08,450.0
392252,41.344727,1.03506,0,195.09,0.7398387632110668,1.3,1.08,450.0
392253,41.354493,1.06777,0,195.09,0.7557157455339388,1.3,1.08,450.0
392254,41.365235,1.01498,0,195.09,0.7731794506446342,1.3,1.08,450.0
392255,41.375,1.04561,0,195.09,0.789054807226949,1.3,1.08,450.0
392256,41.384766,1.02765,0,195.09,0.804931789549821,1.3,1.08,450.0
392257,41.394532,1.08573,0,195.09,0.8208087718726931,1.3,1.08,450.0
392258,41.400391,1.07465,0,195.09,0.830333985822045,1.3,1.08,450.0
392259,41.410157,1.06389,0,195.09,0.8462109681449169,1.3,1.08,450.0
392260,41.419922,0.82364,0,195.09,0.8620863247272317,1.3,1.08,450.0
392261,41.429688,0.86669,0,195.09,0.8779633070501037,1.3,1.08,450.0
392262,41.44043,1.16708,0,195.09,0.8954270121607991,1.3,1.08,450.0
392263,41.450196,1.39395,1,202.68,0.0,1.3,1.08,450.0
392264,41.459961,1.04895,0,202.68,0.016493407517467903,1.3,1.08,450.0
392265,41.469727,1.39607,0,202.68,0.03298850406795944,1.3,1.08,450.0
392266,41.479493,2.0022,0,202.68,0.04948360061845098,1.3,1.08,450.0
392267,41.490235,3.14502,0,202.68,0.06762719340404308,1.3,1.08,450.0
392268,41.5,4.13178,0,202.68,0.08412060092151098,1.3,1.08,450.0
392269,41.504883,3.44729,0,202.68,0.09236814919666074,1.3,1.08,450.0
392270,41.514649,3.29029,0,202.68,0.10886324574715228,1.3,1.08,450.0
392271,41.525391,2.31832,0,202.68,0.1270068385329364,1.3,1.08,450.0
392272,41.535157,1.8959,0,202.68,0.14350193508342796,1.3,1.08,450.0
392273,41.544922,3.00548,0,202.68,0.15999534260089585,1.3,1.08,450.0
392274,41.554688,3.05709,0,202.68,0.17649043915138737,1.3,1.08,450.0
392275,41.56543,3.05801,0,202.68,0.19463403193697948,1.3,1.08,450.0
392276,41.575196,5.01179,0,202.68,0.211129128487471,1.3,1.08,450.0
392277,41.584961,4.19134,0,202.68,0.2276225360049389,1.3,1.08,450.0
392278,41.594727,3.04585,0,202.68,0.24411763255543045,1.3,1.08,450.0
392279,41.604493,1.72709,0,202.68,0.260612729105922,1.3,1.08,450.0
392280,41.610352,1.19814,0,202.68,0.27050877361636433,1.3,1.08,450.0
392281,41.620118,1.12527,0,202.68,0.2870038701668559,1.3,1.08,450.0
392282,41.629883,0.94992,0,202.68,0.30349727768413176,1.3,1.08,450.0
392283,41.639649,0.80555,0,202.68,0.31999237423462323,1.3,1.08,450.0
392284,41.650391,0.84383,0,202.68,0.3381359670204074,1.3,1.08,450.0
392285,41.660157,1.07029,0,202.68,0.35463106357089896,1.3,1.08,450.0
392286,41.669922,1.34258,0,202.68,0.3711244710883668,1.3,1.08,450.0
392287,41.679688,1.5056,0,202.68,0.3876195676388584,1.3,1.08,450.0
392288,41.69043,1.43832,0,202.68,0.40576316042445043,1.3,1.08,450.0
392289,41.695313,1.13447,0,202.68,0.4140107086997923,1.3,1.08,450.0
392290,41.705079,0.84584,0,202.68,0.43050580525009174,1.3,1.08,450.0
392291,41.714844,0.8346,0,202.68,0.4469992127675597,1.3,1.08,450.0
392292,41.72461,1.02405,0,202.68,0.4634943093180512,1.3,1.08,450.0
392293,41.735352,1.13099,0,202.68,0.48163790210383534,1.3,1.08,450.0
392294,41.745118,1.47801,0,202.68,0.4981329986543269,1.3,1.08,450.0
392295,41.754883,1.69428,0,202.68,0.5146264061716027,1.3,1.08,450.0
392296,41.764649,1.75166,0,202.68,0.5311215027220942,1.3,1.08,450.0
392297,41.775391,1.65414,0,202.68,0.5492650955078785,1.3,1.08,450.0
392298,41.785157,1.78195,0,202.68,0.5657601920583699,1.3,1.08,450.0
392299,41.794922,2.0774,0,202.68,0.5822535995758378,1.3,1.08,450.0
392300,41.799805,2.43394,0,202.68,0.5905011478509876,1.3,1.08,450.0
392301,41.809571,2.71365,0,202.68,0.6069962444014791,1.3,1.08,450.0
392302,41.820313,2.84481,0,202.68,0.6251398371872632,1.3,1.08,450.0
392303,41.830079,2.92298,0,202.68,0.6416349337375629,1.3,1.08,450.0
392304,41.839844,3.02969,0,202.68,0.6581283412550307,1.3,1.08,450.0
392305,41.84961,3.18632,0,202.68,0.6746234378055223,1.3,1.08,450.0
392306,41.860352,3.19484,0,202.68,0.6927670305913064,1.3,1.08,450.0
392307,41.870118,3.07351,0,202.68,0.7092621271417979,1.3,1.08,450.0
392308,41.879883,2.8942,0,202.68,0.7257555346590737,1.3,1.08,450.0
392309,41.889649,2.79292,0,202.68,0.7422506312095652,1.3,1.08,450.0
392310,41.900391,2.85098,0,202.68,0.7603942239953495,1.3,1.08,450.0
392311,41.905274,3.09111,0,202.68,0.7686417722704991,1.3,1.08,450.0
392312,41.91504,3.47663,0,202.68,0.7851368688209907,1.3,1.08,450.0
392313,41.924805,3.69755,0,202.68,0.8016302763384586,1.3,1.08,450.0
392314,41.934571,3.58665,0,202.68,0.8181253728889502,1.3,1.08,450.0
392315,41.945313,3.40704,0,202.68,0.8362689656747342,1.3,1.08,450.0
392316,41.955079,1.97731,0,202.68,0.8527640622250339,1.3,1.08,450.0
392317,41.964844,2.26233,0,202.68,0.8692574697425017,1.3,1.08,450.0
392318,41.97461,3.5707,0,202.68,0.8857525662929933,1.3,1.08,450.0
392319,41.985352,1.55652,0,202.68,0.9038961590787774,1.3,1.08,450.0
392320,41.995118,1.69313,0,202.68,0.9203912556292689,1.3,1.08,450.0
392321,42.0,3.17494,0,202.68,0.928637114871395,1.3,1.08,450.0
392322,42.009766,2.6155,0,202.68,0.9451322114218866,1.3,1.08,450.0
392323,42.019532,1.59453,0,202.68,0.961627307972378,1.3,1.08,450.0
392324,42.030274,1.43532,0,202.68,0.9797709007579701,1.3,1.08,450.0
392325,42.04004,1.47498,0,202.68,0.9962659973084617,1.3,1.08,450.0
392326,42.049805,2.34266,0,202.68,0.012759404825929632,1.3,1.08,450.0
392327,42.059571,1.70331,0,202.68,0.02925450137642116,1.3,1.08,450.0
392328,42.070313,1.39057,0,202.68,0.047398094162205195,1.3,1.08,450.0
392329,42.080079,0.95027,0,202.68,0.06389319071250488,1.3,1.08,450.0
392330,42.089844,1.63178,1,196.65,0.0,1.3,1.08,450.0
392331,42.09961,1.17048,0,196.65,0.016004166840203993,1.3,1.08,450.0
392332,42.110352,1.2999,0,196.65,0.03360776710623321,1.3,1.08,450.0
392333,42.115235,1.15182,0,196.65,0.04160985052624206,1.3,1.08,450.0
392334,42.125,1.23687,0,196.65,0.05761237860269428,1.3,1.08,450.0
392335,42.134766,0.98041,0,196.65,0.07361654544289828,1.3,1.08,450.0
392336,42.144532,1.23004,0,196.65,0.08962071228310227,1.3,1.08,450.0
392337,42.155274,1.07085,0,196.65,0.10722431254894518,1.3,1.08,450.0
392338,42.16504,1.06739,0,196.65,0.12322847938914917,1.3,1.08,450.0
392339,42.174805,1.00243,0,196.65,0.1392310074656014,1.3,1.08,450.0
392340,42.184571,1.00979,0,196.65,0.1552351743058054,1.3,1.08,450.0
392341,42.19043,1.00989,0,196.65,0.1648366911516395,1.3,1.08,450.0
392342,42.200196,1.03393,0,196.65,0.18084085799184343,1.3,1.08,450.0
392343,42.209961,1.04111,0,196.65,0.19684338606829568,1.3,1.08,450.0
392344,42.219727,1.0059,0,196.65,0.2128475529084997,1.3,1.08,450.0
392345,42.229493,1.02094,0,196.65,0.22885171974870364,1.3,1.08,450.0
392346,42.240235,0.96956,0,196.65,0.24645532001454656,1.3,1.08,450.0
392347,42.25,0.98578,0,196.65,0.2624578480909988,1.3,1.08,450.0
392348,42.259766,0.89538,0,196.65,0.2784620149312028,1.3,1.08,450.0
392349,42.269532,1.04146,0,196.65,0.29446618177140677,1.3,1.08,450.0
392350,42.280274,1.05622,0,196.65,0.31206978203724967,1.3,1.08,450.0
392351,42.29004,1.0146,0,196.65,0.32807394887745367,1.3,1.08,450.0
392352,42.294922,1.10769,0,196.65,0.33607439353389706,1.3,1.08,450.0
392353,42.304688,1.04454,0,196.65,0.35207856037410107,1.3,1.08,450.0
392354,42.31543,1.11925,0,196.65,0.36968216063994397,1.3,1.08,450.0
392355,42.325196,1.00326,0,196.65,0.385686327480148,1.3,1.08,450.0
392356,42.334961,1.03082,0,196.65,0.40168885555660017,1.3,1.08,450.0
392357,42.344727,1.03665,0,196.65,0.41769302239680417,1.3,1.08,450.0
392358,42.354493,1.0488,0,196.65,0.4336971892370082,1.3,1.08,450.0
392359,42.365235,1.10395,0,196.65,0.45130078950285113,1.3,1.08,450.0
392360,42.375,1.01583,0,196.65,0.4673033175793033,1.3,1.08,450.0
392361,42.384766,1.02616,0,196.65,0.48330748441950727,1.3,1.08,450.0
392362,42.394532,1.05179,0,196.65,0.49931165125971133,1.3,1.08,450.0
392363,42.400391,1.07906,0,196.65,0.5089131681055454,1.3,1.08,450.0
392364,42.410157,0.9773,0,196.65,0.5249173349457493,1.3,1.08,450.0
392365,42.419922,0.98875,0,196.65,0.5409198630222016,1.3,1.08,450.0
392366,42.429688,1.0706,0,196.65,0.5569240298624056,1.3,1.08,450.0
392367,42.44043,1.0082,0,196.65,0.5745276301282485,1.3,1.08,450.0
392368,42.450196,1.03045,0,196.65,0.5905317969684525,1.3,1.08,450.0
392369,42.459961,0.98101,0,196.65,0.6065343250449047,1.3,1.08,450.0
392370,42.469727,1.05651,0,196.65,0.6225384918851087,1.3,1.08,450.0
392371,42.479493,0.97419,0,196.65,0.6385426587253128,1.3,1.08,450.0
392372,42.490235,1.06688,0,196.65,0.6561462589911556,1.3,1.08,450.0
392373,42.495118,1.13228,0,196.65,0.6641483424113507,1.3,1.08,450.0
392374,42.504883,0.98041,0,196.65,0.6801508704876167,1.3,1.08,450.0
392375,42.514649,0.91106,0,196.65,0.6961550373278206,1.3,1.08,450.0
392376,42.525391,0.88225,0,196.65,0.7137586375938499,1.3,1.08,450.0
392377,42.535157,1.03075,0,196.65,0.729762804434054,1.3,1.08,450.0
392378,42.544922,1.35609,1,223.47,0.0,1.3,1.08,450.0
392379,42.554688,0.94878,0,223.47,0.018186523062834293,1.3,1.08,450.0
392380,42.56543,1.42257,0,223.47,0.0381905810947354,1.3,1.08,450.0
392381,42.575196,1.49419,0,223.47,0.05637710415756969,1.3,1.08,450.0
392382,42.584961,2.44021,0,223.47,0.07456176499195662,1.3,1.08,450.0
392383,42.594727,3.50302,0,223.47,0.09274828805479092,1.3,1.08,450.0
392384,42.604493,4.00773,0,223.47,0.11093481111762521,1.3,1.08,450.0
392385,42.610352,3.16634,0,223.47,0.12184560761821503,1.3,1.08,450.0
392386,42.620118,2.9195,0,223.47,0.1400321306810493,1.3,1.08,450.0
392387,42.629883,2.27035,0,223.47,0.15821679151522453,1.3,1.08,450.0
392388,42.639649,2.40361,0,223.47,0.17640331457805883,1.3,1.08,450.0
392389,42.650391,2.98012,0,223.47,0.19640737261017166,1.3,1.08,450.0
392390,42.660157,2.41704,0,223.47,0.21459389567300594,1.3,1.08,450.0
392391,42.669922,2.14718,0,223.47,0.23277855650739288,1.3,1.08,450.0
392392,42.679688,6.05389,0,223.47,0.2509650795702272,1.3,1.08,450.0
392393,42.69043,3.68432,0,223.47,0.27096913760212826,1.3,1.08,450.0
392394,42.695313,3.20214,0,223.47,0.2800623991336513,1.3,1.08,450.0
392395,42.705079,1.82723,0,223.47,0.29824892219627386,1.3,1.08,450.0
392396,42.714844,1.36573,0,223.47,0.3164335830306608,1.3,1.08,450.0
392397,42.72461,1.2165,0,223.47,0.3346201060934951,1.3,1.08,450.0
392398,42.735352,1.0452,0,223.47,0.3546241641256079,1.3,1.08,450.0
392399,42.745118,0.88566,0,223.47,0.37281068718844224,1.3,1.08,450.0
392400,42.754883,0.9178,0,223.47,0.39099534802261743,1.3,1.08,450.0
392401,42.764649,1.12407,0,223.47,0.40918187108545173,1.3,1.08,450.0
392402,42.775391,1.29131,0,223.47,0.42918592911756454,1.3,1.08,450.0
392403,42.785157,1.17716,0,223.47,0.44737245218039884,1.3,1.08,450.0
392404,42.794922,1.02822,0,223.47,0.46555711301478575,1.3,1.08,450.0
392405,42.799805,0.94903,0,223.47,0.47465037454609704,1.3,1.08,450.0
392406,42.809571,0.96714,0,223.47,0.49283689760893135,1.3,1.08,450.0
392407,42.820313,1.02634,0,223.47,0.5128409556410441,1.3,1.08,450.0
392408,42.830079,1.15033,0,223.47,0.5310274787036667,1.3,1.08,450.0
392409,42.839844,1.27407,0,223.47,0.5492121395380536,1.3,1.08,450.0
392410,42.84961,1.35428,0,223.47,0.567398662600888,1.3,1.08,450.0
392411,42.860352,1.43654,0,223.47,0.5874027206330008,1.3,1.08,450.0
392412,42.870118,1.60999,0,223.47,0.6055892436958351,1.3,1.08,450.0
392413,42.879883,1.77273,0,223.47,0.6237739045300102,1.3,1.08,450.0
392414,42.889649,1.94578,0,223.47,0.6419604275928446,1.3,1.08,450.0
392415,42.900391,2.20967,0,223.47,0.6619644856249575,1.3,1.08,450.0
392416,42.905274,2.4299,0,223.47,0.6710577471562688,1.3,1.08,450.0
392417,42.91504,2.68998,0,223.47,0.689244270219103,1.3,1.08,450.0
392418,42.924805,2.92266,0,223.47,0.7074289310534899,1.3,1.08,450.0
392419,42.934571,3.03404,0,223.47,0.7256154541163242,1.3,1.08,450.0
392420,42.945313,3.0741,0,223.47,0.745619512148437,1.3,1.08,450.0
392421,42.955079,3.06598,0,223.47,0.7638060352110596,1.3,1.08,450.0
392422,42.964844,3.03181,0,223.47,0.7819906960454465,1.3,1.08,450.0
392423,42.97461,3.0785,0,223.47,0.8001772191082809,1.3,1.08,450.0
392424,42.985352,3.13548,0,223.47,0.8201812771403937,1.3,1.08,450.0
392425,42.995118,3.20551,0,223.47,0.838367800203228,1.3,1.08,450.0
392426,43.0,3.34494,0,223.47,0.8474591995060919,1.3,1.08,450.0
392427,43.009766,3.41186,0,223.47,0.8656457225689262,1.3,1.08,450.0
392428,43.019532,3.52537,0,223.47,0.8838322456317604,1.3,1.08,450.0
392429,43.030274,3.71402,0,223.47,0.9038363036636616,1.3,1.08,450.0
392430,43.04004,3.73483,0,223.47,0.9220228267264958,1.3,1.08,450.0
392431,43.049805,3.57297,0,223.47,0.9402074875608828,1.3,1.08,450.0
392432,43.059571,0.55848,0,223.47,0.9583940106237171,1.3,1.08,450.0
392433,43.070313,3.57928,1,225.44,0.0,1.3,1.08,450.0
392434,43.080079,2.61568,0,225.44,0.018347138270347865,1.3,1.08,450.0
392435,43.089844,0.61155,0,225.44,0.036692397866096266,1.3,1.08,450.0
392436,43.09961,2.12985,0,225.44,0.05503953613665771,1.3,1.08,450.0
392437,43.104493,3.58609,0,225.44,0.06421310527204523,1.3,1.08,450.0
392438,43.115235,2.70712,0,225.44,0.08439383016462548,1.3,1.08,450.0
392439,43.125,1.92366,0,225.44,0.1027390897603739,1.3,1.08,450.0
392440,43.134766,2.04618,0,225.44,0.12108622803093533,1.3,1.08,450.0
392441,43.144532,1.63011,0,225.44,0.13943336630149678,1.3,1.08,450.0
392442,43.155274,1.53963,0,225.44,0.15961409119407705,1.3,1.08,450.0
392443,43.16504,1.25801,0,225.44,0.1779612294646385,1.3,1.08,450.0
392444,43.174805,0.87725,0,225.44,0.1963064890603869,1.3,1.08,450.0
392445,43.184571,1.39279,0,225.44,0.21465362733094834,1.3,1.08,450.0
392446,43.19043,1.1934,0,225.44,0.22566078308835466,1.3,1.08,450.0
392447,43.200196,1.26564,0,225.44,0.2440079213589161,1.3,1.08,450.0
392448,43.209961,1.23025,0,225.44,0.2623531809546645,1.3,1.08,450.0
392449,43.219727,1.21772,0,225.44,0.280700319225226,1.3,1.08,450.0
392450,43.229493,1.17984,0,225.44,0.2990474574957874,1.3,1.08,450.0
392451,43.240235,1.05922,0,225.44,0.31922818238836764,1.3,1.08,450.0
392452,43.25,1.07569,0,225.44,0.33757344198411604,1.3,1.08,450.0
392453,43.259766,1.06801,0,225.44,0.3559205802546775,1.3,1.08,450.0
392454,43.269532,1.03076,0,225.44,0.37426771852523893,1.3,1.08,450.0
392455,43.280274,1.00815,0,225.44,0.3944484434178192,1.3,1.08,450.0
392456,43.29004,1.05218,0,225.44,0.4127955816883807,1.3,1.08,450.0
392457,43.299805,0.95159,0,225.44,0.43114084128412905,1.3,1.08,450.0
392458,43.304688,1.00193,0,225.44,0.4403144104195166,1.3,1.08,450.0
392459,43.31543,0.97679,0,225.44,0.4604951353120968,1.3,1.08,450.0
392460,43.325196,0.9941,0,225.44,0.4788422735826583,1.3,1.08,450.0
392461,43.334961,1.00855,0,225.44,0.4971875331784067,1.3,1.08,450.0
392462,43.344727,1.0174,0,225.44,0.5155346714489681,1.3,1.08,450.0
392463,43.354493,1.1056,0,225.44,0.5338818097195296,1.3,1.08,450.0
392464,43.365235,1.00388,0,225.44,0.5540625346121099,1.3,1.08,450.0
392465,43.375,1.01462,0,225.44,0.5724077942078583,1.3,1.08,450.0
392466,43.384766,1.07217,0,225.44,0.5907549324784197,1.3,1.08,450.0
392467,43.394532,0.99551,0,225.44,0.6091020707489812,1.3,1.08,450.0
392468,43.400391,1.06407,0,225.44,0.6201092265063874,1.3,1.08,450.0
392469,43.410157,1.00498,0,225.44,0.638456364776949,1.3,1.08,450.0
392470,43.419922,1.01627,0,225.44,0.6568016243726973,1.3,1.08,450.0
392471,43.429688,1.03863,0,225.44,0.6751487626432587,1.3,1.08,450.0
392472,43.44043,1.07281,0,225.44,0.695329487535839,1.3,1.08,450.0
392473,43.450196,1.04782,0,225.44,0.7136766258064005,1.3,1.08,450.0
392474,43.459961,0.99529,0,225.44,0.7320218854021489,1.3,1.08,450.0
392475,43.469727,1.03915,0,225.44,0.7503690236727103,1.3,1.08,450.0
392476,43.479493,1.09405,0,225.44,0.7687161619432717,1.3,1.08,450.0
392477,43.490235,1.07577,0,225.44,0.788896886835852,1.3,1.08,450.0
392478,43.495118,0.99449,0,225.44,0.7980704559712396,1.3,1.08,450.0
392479,43.504883,1.09475,0,225.44,0.8164157155667744,1.3,1.08,450.0
392480,43.514649,0.98612,0,225.44,0.8347628538373358,1.3,1.08,450.0
392481,43.525391,1.00771,0,225.44,0.8549435787301296,1.3,1.08,450.0
392482,43.535157,0.95791,0,225.44,0.873290717000691,1.3,1.08,450.0
392483,43.544922,1.04414,0,225.44,0.8916359765964396,1.3,1.08,450.0
392484,43.554688,0.98956,0,225.44,0.909983114867001,1.3,1.08,450.0
392485,43.56543,1.03929,0,225.44,0.9301638397595812,1.3,1.08,450.0
392486,43.575196,1.1119,0,225.44,0.9485109780301426,1.3,1.08,450.0
392487,43.584961,1.05214,0,225.44,0.966856237625891,1.3,1.08,450.0
392488,43.594727,1.01351,0,225.44,0.9852033758964525,1.3,1.08,450.0
392489,43.59961,1.00481,0,225.44,0.9943769450316264,1.3,1.08,450.0
392490,43.610352,0.92945,0,225.44,0.014557669924420313,1.3,1.08,450.0
392491,43.620118,0.7788,0,225.44,0.03290480819498165,1.3,1.08,450.0
392492,43.629883,1.31421,1,221.04,0.0,1.3,1.08,450.0
392493,43.639649,1.316,0,221.04,0.017989357716176504,1.3,1.08,450.0
392494,43.650391,1.03082,0,221.04,0.037776545980338784,1.3,1.08,450.0
392495,43.660157,1.53947,0,221.04,0.05576590369651529,1.3,1.08,450.0
392496,43.669922,1.72145,0,221.04,0.07375341937320062,1.3,1.08,450.0
392497,43.679688,2.64899,0,221.04,0.09174277708937713,1.3,1.08,450.0
392498,43.69043,3.7331,0,221.04,0.11152996535333,1.3,1.08,450.0
392499,43.695313,3.63196,0,221.04,0.12052464421152295,1.3,1.08,450.0
392500,43.705079,3.01908,0,221.04,0.13851400192749005,1.3,1.08,450.0
392501,43.714844,2.7105,0,221.04,0.15650151760417538,1.3,1.08,450.0
392502,43.72461,1.83633,0,221.04,0.17449087532035187,1.3,1.08,450.0
392503,43.735352,2.0094,0,221.04,0.1942780635845142,1.3,1.08,450.0
392504,43.745118,2.61922,0,221.04,0.21226742130069068,1.3,1.08,450.0
392505,43.754883,2.82291,0,221.04,0.2302549369771666,1.3,1.08,450.0
392506,43.764649,3.00673,0,221.04,0.2482442946933431,1.3,1.08,450.0
392507,43.775391,6.44273,0,221.04,0.2680314829575054,1.3,1.08,450.0
392508,43.785157,3.36262,0,221.04,0.2860208406736819,1.3,1.08,450.0
392509,43.794922,2.7625,0,221.04,0.30400835635036727,1.3,1.08,450.0
392510,43.799805,1.2231,0,221.04,0.31300303520835077,1.3,1.08,450.0
392511,43.809571,1.00368,0,221.04,0.33099239292452726,1.3,1.08,450.0
392512,43.820313,0.84627,0,221.04,0.35077958118868957,1.3,1.08,450.0
392513,43.830079,0.72871,0,221.04,0.3687689389046566,1.3,1.08,450.0
392514,43.839844,0.65921,0,221.04,0.38675645458134195,1.3,1.08,450.0
392515,43.84961,0.78088,0,221.04,0.4047458122975185,1.3,1.08,450.0
392516,43.860352,1.2392,0,221.04,0.42453300056168075,1.3,1.08,450.0
392517,43.870118,1.64638,0,221.04,0.4425223582778573,1.3,1.08,450.0
392518,43.879883,1.69003,0,221.04,0.4605098739543332,1.3,1.08,450.0
392519,43.889649,1.43549,0,221.04,0.4784992316705097,1.3,1.08,450.0
392520,43.900391,1.07495,0,221.04,0.498286419934672,1.3,1.08,450.0
392521,43.905274,0.87611,0,221.04,0.5072810987926555,1.3,1.08,450.0
392522,43.91504,0.85989,0,221.04,0.525270456508832,1.3,1.08,450.0
392523,43.924805,1.01339,0,221.04,0.5432579721855173,1.3,1.08,450.0
392524,43.934571,1.17052,0,221.04,0.5612473299016938,1.3,1.08,450.0
392525,43.945313,1.30201,0,221.04,0.5810345181658562,1.3,1.08,450.0
392526,43.955079,1.38382,0,221.04,0.5990238758818233,1.3,1.08,450.0
392527,43.964844,1.44283,0,221.04,0.6170113915585086,1.3,1.08,450.0
392528,43.97461,1.46339,0,221.04,0.6350007492746851,1.3,1.08,450.0
392529,43.985352,1.65102,0,221.04,0.6547879375388473,1.3,1.08,450.0
392530,43.990235,1.92694,0,221.04,0.663782616396831,1.3,1.08,450.0
392531,44.0,2.21388,0,221.04,0.6817701320735163,1.3,1.08,450.0
392532,44.009766,2.48353,0,221.04,0.6997594897896928,1.3,1.08,450.0
392533,44.019532,2.76494,0,221.04,0.7177488475058692,1.3,1.08,450.0
392534,44.030274,3.0527,0,221.04,0.7375360357698221,1.3,1.08,450.0
392535,44.04004,3.20797,0,221.04,0.7555253934859986,1.3,1.08,450.0
392536,44.049805,3.07194,0,221.04,0.7735129091626839,1.3,1.08,450.0
392537,44.059571,2.84322,0,221.04,0.7915022668788604,1.3,1.08,450.0
392538,44.070313,2.73727,0,221.04,0.8112894551430228,1.3,1.08,450.0
392539,44.080079,2.68734,0,221.04,0.8292788128589899,1.3,1.08,450.0
392540,44.089844,2.70838,0,221.04,0.8472663285356752,1.3,1.08,450.0
392541,44.094727,2.90817,0,221.04,0.8562610073938681,1.3,1.08,450.0
392542,44.104493,3.23324,0,221.04,0.8742503651100447,1.3,1.08,450.0
392543,44.115235,3.38777,0,221.04,0.8940375533739976,1.3,1.08,450.0
392544,44.125,3.45529,0,221.04,0.9120250690506829,1.3,1.08,450.0
392545,44.134766,3.47341,0,221.04,0.9300144267668594,1.3,1.08,450.0
392546,44.144532,3.44971,0,221.04,0.9480037844830359,1.3,1.08,450.0
392547,44.155274,3.0833,0,221.04,0.9677909727469888,1.3,1.08,450.0
392548,44.16504,0.76969,0,221.04,0.9857803304631652,1.3,1.08,450.0
392549,44.174805,3.51113,1,220.71,0.0,1.3,1.08,450.0
392550,44.184571,2.07138,0,220.71,0.017962347035453886,1.3,1.08,450.0
392551,44.19043,1.18046,0,220.71,0.028738651692462192,1.3,1.08,450.0
392552,44.200196,2.84595,0,220.71,0.04670099872791608,1.3,1.08,450.0
392553,44.209961,3.49862,0,220.71,0.06466150648966629,1.3,1.08,450.0
392554,44.219727,2.32282,0,220.71,0.08262385352512018,1.3,1.08,450.0
392555,44.229493,1.54774,0,220.71,0.10058620056057406,1.3,1.08,450.0
392556,44.240235,1.3073,0,220.71,0.12034367873520475,1.3,1.08,450.0
392557,44.25,2.38979,0,220.71,0.13830418649695497,1.3,1.08,450.0
392558,44.259766,1.51495,0,220.71,0.15626653353240885,1.3,1.08,450.0
392559,44.269532,1.50288,0,220.71,0.17422888056786276,1.3,1.08,450.0
392560,44.280274,1.05601,0,220.71,0.19398635874249343,1.3,1.08,450.0
392561,44.29004,1.29776,0,220.71,0.2119487057779473,1.3,1.08,450.0
392562,44.294922,1.48522,0,220.71,0.22092804002207514,1.3,1.08,450.0
392563,44.304688,1.29207,0,220.71,0.23889038705752905,1.3,1.08,450.0
392564,44.31543,1.26069,0,220.71,0.2586478652321597,1.3,1.08,450.0
392565,44.325196,1.1291,0,220.71,0.2766102122676136,1.3,1.08,450.0
392566,44.334961,1.19131,0,220.71,0.2945707200293638,1.3,1.08,450.0
392567,44.344727,1.03237,0,220.71,0.3125330670648177,1.3,1.08,450.0
392568,44.354493,1.05454,0,220.71,0.33049541410027156,1.3,1.08,450.0
392569,44.365235,1.06708,0,220.71,0.3502528922749023,1.3,1.08,450.0
392570,44.375,0.99434,0,220.71,0.3682134000366525,1.3,1.08,450.0
392571,44.384766,0.95006,0,220.71,0.3861757470721064,1.3,1.08,450.0
392572,44.394532,1.02363,0,220.71,0.4041380941075603,1.3,1.08,450.0
392573,44.400391,0.95486,0,220.71,0.4149143987645686,1.3,1.08,450.0
392574,44.410157,0.9757,0,220.71,0.4328767458000225,1.3,1.08,450.0
392575,44.419922,1.02441,0,220.71,0.4508372535617727,1.3,1.08,450.0
392576,44.429688,1.00041,0,220.71,0.4687996005972266,1.3,1.08,450.0
392577,44.44043,1.02566,0,220.71,0.4885570787718573,1.3,1.08,450.0
392578,44.450196,0.99552,0,220.71,0.5065194258073111,1.3,1.08,450.0
392579,44.459961,1.07159,0,220.71,0.5244799335690613,1.3,1.08,450.0
392580,44.469727,0.99264,0,220.71,0.5424422806045153,1.3,1.08,450.0
392581,44.479493,1.04737,0,220.71,0.5604046276399691,1.3,1.08,450.0
392582,44.485352,1.05002,0,220.71,0.5711809322969774,1.3,1.08,450.0
392583,44.495118,1.11144,0,220.71,0.5891432793324313,1.3,1.08,450.0
392584,44.504883,1.063,0,220.71,0.6071037870939724,1.3,1.08,450.0
392585,44.514649,1.01773,0,220.71,0.6250661341294262,1.3,1.08,450.0
392586,44.525391,1.05169,0,220.71,0.6448236123042661,1.3,1.08,450.0
392587,44.535157,0.99076,0,220.71,0.66278595933972,1.3,1.08,450.0
392588,44.544922,1.00805,0,220.71,0.6807464671014701,1.3,1.08,450.0
392589,44.554688,1.09519,0,220.71,0.6987088141369241,1.3,1.08,450.0
392590,44.56543,1.10487,0,220.71,0.7184662923115549,1.3,1.08,450.0
392591,44.575196,1.00468,0,220.71,0.7364286393470088,1.3,1.08,450.0
392592,44.584961,1.05538,0,220.71,0.7543891471087589,1.3,1.08,450.0
392593,44.589844,1.12171,0,220.71,0.7633703206263812,1.3,1.08,450.0
392594,44.59961,0.95372,0,220.71,0.7813326676618352,1.3,1.08,450.0
392595,44.610352,1.1126,0,220.71,0.8010901458366749,1.3,1.08,450.0
392596,44.620118,1.00469,0,220.71,0.8190524928721288,1.3,1.08,450.0
392597,44.629883,1.07273,0,220.71,0.8370130006336699,1.3,1.08,450.0
392598,44.639649,0.95788,0,220.71,0.8549753476691238,1.3,1.08,450.0
392599,44.650391,0.99118,0,220.71,0.8747328258439636,1.3,1.08,450.0
392600,44.660157,0.99625,0,220.71,0.8926951728794175,1.3,1.08,450.0
392601,44.669922,0.95805,0,220.71,0.9106556806411678,1.3,1.08,450.0
392602,44.679688,1.00746,0,220.71,0.9286180276766216,1.3,1.08,450.0
392603,44.69043,1.08321,0,220.71,0.9483755058512524,1.3,1.08,450.0
392604,44.695313,1.0391,0,220.71,0.9573566793690839,1.3,1.08,450.0
392605,44.705079,1.02445,0,220.71,0.9753190264043285,1.3,1.08,450.0
392606,44.714844,1.04476,0,220.71,0.9932795341660788,1.3,1.08,450.0
392607,44.72461,0.97865,0,220.71,0.011241881201532689,1.3,1.08,450.0
392608,44.735352,0.68631,0,220.71,0.030999359376372437,1.3,1.08,450.0
392609,44.745118,1.54828,1,216.59,0.0,1.3,1.08,450.0
392610,44.754883,1.07549,0,216.59,0.017625175364694715,1.3,1.08,450.0
392611,44.764649,1.27099,0,216.59,0.035252155663063174,1.3,1.08,450.0
392612,44.775391,1.43365,0,216.59,0.05464075103124891,1.3,1.08,450.0
392613,44.785157,2.00948,0,216.59,0.07226773132961738,1.3,1.08,450.0
392614,44.79004,3.06659,0,216.59,0.08108122147869899,1.3,1.08,450.0
392615,44.799805,3.94337,0,216.59,0.09870639684359891,1.3,1.08,450.0
392616,44.809571,3.48217,0,216.59,0.11633337714196738,1.3,1.08,450.0
392617,44.820313,3.22102,0,216.59,0.1357219725101531,1.3,1.08,450.0
392618,44.830079,2.46885,0,216.59,0.1533489528083164,1.3,1.08,450.0
392619,44.839844,1.81164,0,216.59,0.17097412817321628,1.3,1.08,450.0
392620,44.84961,2.39896,0,216.59,0.18860110847158476,1.3,1.08,450.0
392621,44.860352,2.50904,0,216.59,0.20798970383977047,1.3,1.08,450.0
392622,44.870118,3.00658,0,216.59,0.22561668413813896,1.3,1.08,450.0
392623,44.879883,5.25189,0,216.59,0.24324185950283367,1.3,1.08,450.0
392624,44.889649,4.93905,0,216.59,0.2608688398012021,1.3,1.08,450.0
392625,44.900391,3.4466,0,216.59,0.2802574351693879,1.3,1.08,450.0
392626,44.905274,1.93854,0,216.59,0.2890709253184695,1.3,1.08,450.0
392627,44.91504,1.40605,0,216.59,0.30669790561683796,1.3,1.08,450.0
392628,44.924805,1.33392,0,216.59,0.32432308098173784,1.3,1.08,450.0
392629,44.934571,1.06629,0,216.59,0.3419500612801063,1.3,1.08,450.0
392630,44.945313,0.85455,0,216.59,0.36133865664829207,1.3,1.08,450.0
392631,44.955079,0.85297,0,216.59,0.37896563694645535,1.3,1.08,450.0
392632,44.964844,1.25208,0,216.59,0.39659081231135523,1.3,1.08,450.0
392633,44.97461,1.54058,0,216.59,0.4142177926097237,1.3,1.08,450.0
392634,44.985352,1.5036,0,216.59,0.43360638797790946,1.3,1.08,450.0
392635,44.990235,1.2931,0,216.59,0.4424198781269911,1.3,1.08,450.0
392636,45.0,1.06134,0,216.59,0.46004505349189095,1.3,1.08,450.0
392637,45.009766,1.06569,0,216.59,0.47767203379025946,1.3,1.08,450.0
392638,45.019532,1.08885,0,216.59,0.4952990140886279,1.3,1.08,450.0
392639,45.030274,1.15469,0,216.59,0.5146876094566084,1.3,1.08,450.0
392640,45.04004,1.24118,0,216.59,0.5323145897549769,1.3,1.08,450.0
392641,45.049805,1.44814,0,216.59,0.5499397651198769,1.3,1.08,450.0
392642,45.059571,1.55831,0,216.59,0.5675667454182453,1.3,1.08,450.0
392643,45.070313,1.68145,0,216.59,0.5869553407864311,1.3,1.08,450.0
392644,45.080079,1.73453,0,216.59,0.6045823210845943,1.3,1.08,450.0
392645,45.089844,1.89939,0,216.59,0.6222074964494942,1.3,1.08,450.0
392646,45.09961,2.12726,0,216.59,0.6398344767478626,1.3,1.08,450.0
392647,45.104493,2.36702,0,216.59,0.6486479668971494,1.3,1.08,450.0
392648,45.115235,2.61668,0,216.59,0.66803656226513,1.3,1.08,450.0
392649,45.125,2.87228,0,216.59,0.6856617376300299,1.3,1.08,450.0
392650,45.134766,3.21493,0,216.59,0.7032887179283984,1.3,1.08,450.0
392651,45.144532,3.43042,0,216.59,0.7209156982267668,1.3,1.08,450.0
392652,45.155274,3.42996,0,216.59,0.7403042935947474,1.3,1.08,450.0
392653,45.16504,3.27809,0,216.59,0.7579312738931159,1.3,1.08,450.0
392654,45.174805,3.11153,0,216.59,0.7755564492580157,1.3,1.08,450.0
392655,45.184571,3.08648,0,216.59,0.7931834295563842,1.3,1.08,450.0
392656,45.19043,3.21519,0,216.59,0.8037585347752831,1.3,1.08,450.0
392657,45.200196,3.35263,0,216.59,0.8213855150736517,1.3,1.08,450.0
392658,45.209961,3.47621,0,216.59,0.8390106904385515,1.3,1.08,450.0
392659,45.219727,3.74302,0,216.59,0.85663767073692,1.3,1.08,450.0
392660,45.229493,3.9111,0,216.59,0.8742646510352884,1.3,1.08,450.0
392661,45.240235,3.6924,0,216.59,0.893653246403269,1.3,1.08,450.0
392662,45.25,3.22405,0,216.59,0.9112784217681689,1.3,1.08,450.0
392663,45.259766,0.87271,0,216.59,0.9289054020665373,1.3,1.08,450.0
392664,45.269532,3.95901,1,221.49,0.0,1.3,1.08,450.0
392665,45.280274,2.44308,0,221.49,0.019826683709354195,1.3,1.08,450.0
392666,45.29004,1.31174,0,221.49,0.037851948381385496,1.3,1.08,450.0
392667,45.294922,2.47763,0,221.49,0.04686273500128381,1.3,1.08,450.0
392668,45.304688,4.08925,0,221.49,0.06488799967331511,1.3,1.08,450.0
392669,45.31543,2.96301,0,221.49,0.0847146833826693,1.3,1.08,450.0
392670,45.325196,1.89588,0,221.49,0.1027399480547006,1.3,1.08,450.0
392671,45.334961,1.58165,0,221.49,0.12076336701050966,1.3,1.08,450.0
392672,45.344727,2.9994,0,221.49,0.13878863168254094,1.3,1.08,450.0
392673,45.354493,1.95107,0,221.49,0.15681389635457227,1.3,1.08,450.0
392674,45.365235,1.66532,0,221.49,0.17664058006392644,1.3,1.08,450.0
392675,45.375,1.24063,0,221.49,0.1946639990197355,1.3,1.08,450.0
392676,45.384766,1.00235,0,221.49,0.2126892636917668,1.3,1.08,450.0
392677,45.394532,1.67332,0,221.49,0.23071452836379808,1.3,1.08,450.0
392678,45.400391,1.30936,0,221.49,0.24152857973724154,1.3,1.08,450.0
392679,45.410157,1.2117,0,221.49,0.25955384440927287,1.3,1.08,450.0
392680,45.419922,1.26731,0,221.49,0.27757726336508187,1.3,1.08,450.0
392681,45.429688,1.16041,0,221.49,0.2956025280371132,1.3,1.08,450.0
392682,45.44043,1.00554,0,221.49,0.3154292117464674,1.3,1.08,450.0
392683,45.450196,1.16952,0,221.49,0.33345447641849874,1.3,1.08,450.0
392684,45.459961,1.1752,0,221.49,0.35147789537430774,1.3,1.08,450.0
392685,45.469727,0.99277,0,221.49,0.36950316004633904,1.3,1.08,450.0
392686,45.479493,1.04038,0,221.49,0.38752842471837035,1.3,1.08,450.0
392687,45.485352,1.00453,0,221.49,0.3983424760918138,1.3,1.08,450.0
392688,45.495118,0.96918,0,221.49,0.4163677407638451,1.3,1.08,450.0
392689,45.504883,0.99734,0,221.49,0.4343911597194443,1.3,1.08,450.0
392690,45.514649,1.01301,0,221.49,0.4524164243914756,1.3,1.08,450.0
392691,45.525391,0.97784,0,221.49,0.47224310810103964,1.3,1.08,450.0
392692,45.535157,0.98939,0,221.49,0.4902683727730709,1.3,1.08,450.0
392693,45.544922,1.07478,0,221.49,0.50829179172888,1.3,1.08,450.0
392694,45.554688,0.9553,0,221.49,0.5263170564009113,1.3,1.08,450.0
392695,45.56543,1.07635,0,221.49,0.5461437401102655,1.3,1.08,450.0
392696,45.575196,0.968,0,221.49,0.5641690047822968,1.3,1.08,450.0
392697,45.584961,0.97013,0,221.49,0.5821924237381058,1.3,1.08,450.0
392698,45.594727,0.96449,0,221.49,0.6002176884101371,1.3,1.08,450.0
392699,45.59961,1.01454,0,221.49,0.6092303207460479,1.3,1.08,450.0
392700,45.610352,0.97217,0,221.49,0.6290570044556119,1.3,1.08,450.0
392701,45.620118,1.06375,0,221.49,0.6470822691276432,1.3,1.08,450.0
392702,45.629883,1.04517,0,221.49,0.6651056880832424,1.3,1.08,450.0
392703,45.639649,1.04433,0,221.49,0.6831309527552737,1.3,1.08,450.0
392704,45.650391,1.05676,0,221.49,0.7029576364648378,1.3,1.08,450.0
392705,45.660157,1.05524,0,221.49,0.720982901136869,1.3,1.08,450.0
392706,45.669922,1.12246,0,221.49,0.7390063200926781,1.3,1.08,450.0
392707,45.679688,1.08069,0,221.49,0.7570315847647093,1.3,1.08,450.0
392708,45.69043,1.00836,0,221.49,0.7768582684740636,1.3,1.08,450.0
392709,45.695313,1.05948,0,221.49,0.7858709008101842,1.3,1.08,450.0
392710,45.705079,1.05533,0,221.49,0.8038961654820056,1.3,1.08,450.0
392711,45.714844,1.04835,0,221.49,0.8219195844378147,1.3,1.08,450.0
392712,45.72461,0.99567,0,221.49,0.839944849109846,1.3,1.08,450.0
392713,45.735352,0.99141,0,221.49,0.85977153281941,1.3,1.08,450.0
392714,45.745118,0.9126,0,221.49,0.8777967974914413,1.3,1.08,450.0
392715,45.754883,0.99712,0,221.49,0.8958202164470405,1.3,1.08,450.0
392716,45.764649,1.11927,0,221.49,0.9138454811190718,1.3,1.08,450.0
392717,45.775391,0.95087,0,221.49,0.9336721648286358,1.3,1.08,450.0
392718,45.785157,1.02747,0,221.49,0.9516974295006672,1.3,1.08,450.0
392719,45.79004,0.95802,0,221.49,0.9607100618365778,1.3,1.08,450.0
392720,45.799805,1.13812,0,221.49,0.9787334807923869,1.3,1.08,450.0
392721,45.809571,0.95466,0,221.49,0.9967587454644182,1.3,1.08,450.0
392722,45.820313,0.80278,0,221.49,0.016585429173982202,1.3,1.08,450.0
392723,45.830079,0.98077,0,221.49,0.03461069384580373,1.3,1.08,450.0
392724,45.839844,1.60272,1,217.06,0.0,1.3,1.08,450.0
392725,45.84961,1.13717,0,217.06,0.017664742890535344,1.3,1.08,450.0
392726,45.860352,1.25945,0,217.06,0.037094874790060225,1.3,1.08,450.0
392727,45.870118,1.17157,0,217.06,0.05475961768059557,1.3,1.08,450.0
392728,45.879883,2.00236,0,217.06,0.07242255177071578,1.3,1.08,450.0
392729,45.889649,2.93162,0,217.06,0.09008729466125114,1.3,1.08,450.0
392730,45.894532,3.79208,0,217.06,0.09891966610662162,1.3,1.08,450.0
392731,45.905274,3.81754,0,217.06,0.11834979800594086,1.3,1.08,450.0
392732,45.91504,3.19449,0,217.06,0.13601454089647622,1.3,1.08,450.0
392733,45.924805,2.53951,0,217.06,0.15367747498680207,1.3,1.08,450.0
392734,45.934571,1.94336,0,217.06,0.17134221787733742,1.3,1.08,450.0
392735,45.945313,2.79389,0,217.06,0.19077234977686228,1.3,1.08,450.0
392736,45.955079,2.5581,0,217.06,0.208437092667192,1.3,1.08,450.0
392737,45.964844,2.45227,0,217.06,0.22610002675751784,1.3,1.08,450.0
392738,45.97461,4.99358,0,217.06,0.24376476964805321,1.3,1.08,450.0
392739,45.985352,5.43029,0,217.06,0.2631949015475781,1.3,1.08,450.0
392740,45.990235,3.473,0,217.06,0.27202727299274293,1.3,1.08,450.0
392741,46.0,2.6996,0,217.06,0.2896902070830688,1.3,1.08,450.0
392742,46.009766,1.63808,0,217.06,0.30735494997360413,1.3,1.08,450.0
392743,46.019532,1.46924,0,217.06,0.32501969286413945,1.3,1.08,450.0
392744,46.030274,1.02225,0,217.06,0.3444498247634587,1.3,1.08,450.0
392745,46.04004,0.7474,0,217.06,0.362114567653994,1.3,1.08,450.0
392746,46.049805,0.64739,0,217.06,0.3797775017443199,1.3,1.08,450.0
392747,46.059571,0.73745,0,217.06,0.3974422446348553,1.3,1.08,450.0
392748,46.070313,1.03654,0,217.06,0.41687237653438014,1.3,1.08,450.0
392749,46.080079,1.22954,0,217.06,0.43453711942470985,1.3,1.08,450.0
392750,46.089844,1.19232,0,217.06,0.45220005351503567,1.3,1.08,450.0
392751,46.094727,1.14352,0,217.06,0.46103242496040614,1.3,1.08,450.0
392752,46.104493,1.11985,0,217.06,0.4786971678509415,1.3,1.08,450.0
392753,46.115235,1.11093,0,217.06,0.49812729975026077,1.3,1.08,450.0
392754,46.125,1.22186,0,217.06,0.5157902338405866,1.3,1.08,450.0
392755,46.134766,1.28962,0,217.06,0.533454976731122,1.3,1.08,450.0
392756,46.144532,1.3944,0,217.06,0.5511197196216574,1.3,1.08,450.0
392757,46.155274,1.37187,0,217.06,0.5705498515209765,1.3,1.08,450.0
392758,46.16504,1.40571,0,217.06,0.5882145944115119,1.3,1.08,450.0
392759,46.174805,1.65365,0,217.06,0.6058775285018377,1.3,1.08,450.0
392760,46.184571,2.02075,0,217.06,0.6235422713923732,1.3,1.08,450.0
392761,46.19043,2.35784,0,217.06,0.6341400318465275,1.3,1.08,450.0
392762,46.200196,2.60048,0,217.06,0.6518047747370628,1.3,1.08,450.0
392763,46.209961,2.72882,0,217.06,0.6694677088273887,1.3,1.08,450.0
392764,46.219727,2.82413,0,217.06,0.687132451717924,1.3,1.08,450.0
392765,46.229493,2.91252,0,217.06,0.7047971946084595,1.3,1.08,450.0
392766,46.240235,2.98318,0,217.06,0.7242273265077785,1.3,1.08,450.0
392767,46.25,3.03399,0,217.06,0.7418902605981045,1.3,1.08,450.0
392768,46.259766,3.15107,0,217.06,0.7595550034886398,1.3,1.08,450.0
392769,46.269532,3.26566,0,217.06,0.7772197463791752,1.3,1.08,450.0
392770,46.280274,3.21394,0,217.06,0.7966498782784943,1.3,1.08,450.0
392771,46.285157,3.17952,0,217.06,0.8054822497238648,1.3,1.08,450.0
392772,46.294922,3.27786,0,217.06,0.8231451838141908,1.3,1.08,450.0
392773,46.304688,3.46187,0,217.06,0.8408099267047261,1.3,1.08,450.0
392774,46.31543,3.70326,0,217.06,0.8602400586040453,1.3,1.08,450.0
392775,46.325196,3.88573,0,217.06,0.8779048014945806,1.3,1.08,450.0
392776,46.334961,3.82905,0,217.06,0.8955677355849065,1.3,1.08,450.0
392777,46.344727,3.17653,0,217.06,0.9132324784754419,1.3,1.08,450.0
392778,46.354493,1.02242,0,217.06,0.9308972213659773,1.3,1.08,450.0
392779,46.365235,4.03229,1,221.59,0.0,1.3,1.08,450.0
392780,46.375,2.09282,0,221.59,0.018032223549311752,1.3,1.08,450.0
392781,46.384766,0.76021,0,221.59,0.03606629371649383,1.3,1.08,450.0
392782,46.394532,2.45806,0,221.59,0.05410036388367591,1.3,1.08,450.0
392783,46.400391,3.60928,0,221.59,0.06491969801322098,1.3,1.08,450.0
392784,46.410157,2.1464,0,221.59,0.08295376818040306,1.3,1.08,450.0
392785,46.419922,1.75432,0,221.59,0.10098599172971481,1.3,1.08,450.0
392786,46.429688,1.83618,0,221.59,0.11902006189689689,1.3,1.08,450.0
392787,46.44043,2.02469,0,221.59,0.138856431109928,1.3,1.08,450.0
392788,46.450196,1.7484,0,221.59,0.1568905012771101,1.3,1.08,450.0
392789,46.459961,1.4824,0,221.59,0.17492272482642188,1.3,1.08,450.0
392790,46.469727,1.41304,0,221.59,0.19295679499360394,1.3,1.08,450.0
392791,46.479493,0.86434,0,221.59,0.210990865160786,1.3,1.08,450.0
392792,46.485352,1.62577,0,221.59,0.22181019929033108,1.3,1.08,450.0
392793,46.495118,1.35614,0,221.59,0.23984426945751317,1.3,1.08,450.0
392794,46.504883,1.32251,0,221.59,0.25787649300661497,1.3,1.08,450.0
392795,46.514649,1.1644,0,221.59,0.27591056317379703,1.3,1.08,450.0
392796,46.525391,1.17846,0,221.59,0.29574693238703814,1.3,1.08,450.0
392797,46.535157,1.08235,0,221.59,0.3137810025542202,1.3,1.08,450.0
392798,46.544922,1.17076,0,221.59,0.3318132261035319,1.3,1.08,450.0
392799,46.554688,1.15583,0,221.59,0.34984729627071404,1.3,1.08,450.0
392800,46.56543,0.99827,0,221.59,0.36968366548374515,1.3,1.08,450.0
392801,46.575196,0.95357,0,221.59,0.38771773565092726,1.3,1.08,450.0
392802,46.584961,0.94349,0,221.59,0.40574995920023904,1.3,1.08,450.0
392803,46.589844,0.96718,0,221.59,0.41476699428372504,1.3,1.08,450.0
392804,46.59961,0.94844,0,221.59,0.43280106445090716,1.3,1.08,450.0
392805,46.610352,1.04115,0,221.59,0.4526374336641482,1.3,1.08,450.0
392806,46.620118,0.94361,0,221.59,0.47067150383133033,1.3,1.08,450.0
392807,46.629883,1.06422,0,221.59,0.48870372738043216,1.3,1.08,450.0
392808,46.639649,0.98443,0,221.59,0.5067377975476142,1.3,1.08,450.0
392809,46.650391,0.9722,0,221.59,0.5265741667608553,1.3,1.08,450.0
392810,46.660157,1.01135,0,221.59,0.5446082369280373,1.3,1.08,450.0
392811,46.669922,0.98918,0,221.59,0.5626404604773491,1.3,1.08,450.0
392812,46.679688,1.04965,0,221.59,0.5806745306445312,1.3,1.08,450.0
392813,46.69043,1.01665,0,221.59,0.6005108998575623,1.3,1.08,450.0
392814,46.695313,1.02615,0,221.59,0.6095279349412583,1.3,1.08,450.0
392815,46.705079,1.01631,0,221.59,0.6275620051082306,1.3,1.08,450.0
392816,46.714844,1.03271,0,221.59,0.6455942286575422,1.3,1.08,450.0
392817,46.72461,1.06085,0,221.59,0.6636282988247243,1.3,1.08,450.0
392818,46.735352,1.07855,0,221.59,0.6834646680379654,1.3,1.08,450.0
392819,46.745118,1.05769,0,221.59,0.7014987382051475,1.3,1.08,450.0
392820,46.754883,1.00233,0,221.59,0.7195309617542492,1.3,1.08,450.0
392821,46.764649,1.1386,0,221.59,0.7375650319214313,1.3,1.08,450.0
392822,46.775391,1.04934,0,221.59,0.7574014011346724,1.3,1.08,450.0
392823,46.780274,1.10288,0,221.59,0.7664184362181585,1.3,1.08,450.0
392824,46.79004,1.01526,0,221.59,0.7844525063853406,1.3,1.08,450.0
392825,46.799805,1.02516,0,221.59,0.8024847299346524,1.3,1.08,450.0
392826,46.809571,1.02657,0,221.59,0.8205188001018343,1.3,1.08,450.0
392827,46.820313,1.01426,0,221.59,0.8403551693150756,1.3,1.08,450.0
392828,46.830079,0.94678,0,221.59,0.8583892394820476,1.3,1.08,450.0
392829,46.839844,1.04397,0,221.59,0.8764214630313594,1.3,1.08,450.0
392830,46.84961,1.04236,0,221.59,0.8944555331985415,1.3,1.08,450.0
392831,46.860352,1.05655,0,221.59,0.9142919024117826,1.3,1.08,450.0
392832,46.870118,1.05539,0,221.59,0.9323259725789647,1.3,1.08,450.0
392833,46.879883,0.9859,0,221.59,0.9503581961280664,1.3,1.08,450.0
392834,46.889649,1.06742,0,221.59,0.9683922662952485,1.3,1.08,450.0
392835,46.894532,1.1838,0,221.59,0.9774093013789446,1.3,1.08,450.0
392836,46.905274,0.98621,0,221.59,0.9972456705919757,1.3,1.08,450.0
392837,46.91504,0.77396,0,221.59,0.015279740759157834,1.3,1.08,450.0
392838,46.924805,0.76671,0,221.59,0.03331196430846961,1.3,1.08,450.0
392839,46.934571,1.41104,1,217.27,0.0,1.3,1.08,450.0
392840,46.945313,1.12456,0,217.27,0.019448858778390647,1.3,1.08,450.0
392841,46.955079,1.07924,0,217.27,0.03713062705496131,1.3,1.08,450.0
392842,46.964844,1.48014,0,217.27,0.05481058478819571,1.3,1.08,450.0
392843,46.97461,2.24216,0,217.27,0.07249235306497222,1.3,1.08,450.0
392844,46.985352,3.2982,0,217.27,0.09194121184336287,1.3,1.08,450.0
392845,46.990235,3.92659,0,217.27,0.1007820959816482,1.3,1.08,450.0
392846,47.0,3.29931,0,217.27,0.11846205371488261,1.3,1.08,450.0
392847,47.009766,3.16408,0,217.27,0.13614382199165911,1.3,1.08,450.0
392848,47.019532,2.42961,0,217.27,0.15382559026843562,1.3,1.08,450.0
392849,47.030274,2.1312,0,217.27,0.17327444904662043,1.3,1.08,450.0
392850,47.04004,2.92735,0,217.27,0.19095621732339693,1.3,1.08,450.0
392851,47.049805,2.68918,0,217.27,0.20863617505663132,1.3,1.08,450.0
392852,47.059571,3.04776,0,217.27,0.22631794333340782,1.3,1.08,450.0
392853,47.070313,5.34747,0,217.27,0.24576680211179847,1.3,1.08,450.0
392854,47.080079,4.2168,0,217.27,0.26344857038836916,1.3,1.08,450.0
392855,47.089844,3.19259,0,217.27,0.28112852812160355,1.3,1.08,450.0
392856,47.094727,1.69078,0,217.27,0.2899694122600947,1.3,1.08,450.0
392857,47.104493,1.3077,0,217.27,0.30765118053687124,1.3,1.08,450.0
392858,47.115235,1.20777,0,217.27,0.327100039315056,1.3,1.08,450.0
392859,47.125,0.97033,0,217.27,0.34477999704829043,1.3,1.08,450.0
392860,47.134766,0.79316,0,217.27,0.36246176532506696,1.3,1.08,450.0
392861,47.144532,0.92458,0,217.27,0.38014353360184344,1.3,1.08,450.0
392862,47.155274,1.29375,0,217.27,0.39959239238002825,1.3,1.08,450.0
392863,47.16504,1.53064,0,217.27,0.4172741606568048,1.3,1.08,450.0
392864,47.174805,1.43665,0,217.27,0.43495411839003917,1.3,1.08,450.0
392865,47.184571,1.23346,0,217.27,0.45263588666681565,1.3,1.08,450.0
392866,47.19043,1.00989,0,217.27,0.46324386130671513,1.3,1.08,450.0
392867,47.200196,0.96976,0,217.27,0.48092562958349167,1.3,1.08,450.0
392868,47.209961,1.07424,0,217.27,0.49860558731672605,1.3,1.08,450.0
392869,47.219727,1.24988,0,217.27,0.5162873555935026,1.3,1.08,450.0
392870,47.229493,1.32992,0,217.27,0.5339691238702791,1.3,1.08,450.0
392871,47.240235,1.5837,0,217.27,0.5534179826484639,1.3,1.08,450.0
392872,47.25,1.74864,0,217.27,0.5710979403816983,1.3,1.08,450.0
392873,47.259766,1.73469,0,217.27,0.5887797086584747,1.3,1.08,450.0
392874,47.269532,1.63904,0,217.27,0.6064614769352513,1.3,1.08,450.0
392875,47.280274,1.73834,0,217.27,0.6259103357134361,1.3,1.08,450.0
392876,47.285157,2.09536,0,217.27,0.6347512198519272,1.3,1.08,450.0
392877,47.294922,2.48214,0,217.27,0.6524311775851616,1.3,1.08,450.0
392878,47.304688,2.78481,0,217.27,0.6701129458619381,1.3,1.08,450.0
392879,47.31543,2.95188,0,217.27,0.689561804640123,1.3,1.08,450.0
392880,47.325196,3.07589,0,217.27,0.7072435729168994,1.3,1.08,450.0
392881,47.334961,3.11579,0,217.27,0.7249235306501339,1.3,1.08,450.0
392882,47.344727,3.10972,0,217.27,0.7426052989269104,1.3,1.08,450.0
392883,47.354493,3.13617,0,217.27,0.7602870672036869,1.3,1.08,450.0
392884,47.365235,3.1896,0,217.27,0.7797359259818717,1.3,1.08,450.0
392885,47.375,3.16528,0,217.27,0.7974158837151061,1.3,1.08,450.0
392886,47.379883,3.17635,0,217.27,0.8062567678533914,1.3,1.08,450.0
392887,47.394532,3.28143,0,217.27,0.8327794202686591,1.3,1.08,450.0
392888,47.400391,3.55108,0,217.27,0.8433873949085586,1.3,1.08,450.0
392889,47.410157,3.93283,0,217.27,0.861069163185335,1.3,1.08,450.0
392890,47.419922,4.02863,0,217.27,0.8787491209185695,1.3,1.08,450.0
392891,47.429688,3.75007,0,217.27,0.896430889195346,1.3,1.08,450.0
392892,47.44043,3.43165,0,217.27,0.9158797479735308,1.3,1.08,450.0
392893,47.450196,1.04155,0,217.27,0.9335615162503073,1.3,1.08,450.0
392894,47.459961,3.39363,1,221.72,0.0,1.3,1.08,450.0
392895,47.469727,3.23461,0,221.72,0.018044299550746212,1.3,1.08,450.0
392896,47.479493,1.00518,0,221.72,0.036088599101492425,1.3,1.08,450.0
392897,47.485352,1.07318,0,221.72,0.04691407023270675,1.3,1.08,450.0
392898,47.495118,3.97731,0,221.72,0.06495836978345296,1.3,1.08,450.0
392899,47.504883,3.25546,0,221.72,0.08300082166867014,1.3,1.08,450.0
392900,47.514649,2.12835,0,221.72,0.10104512121941635,1.3,1.08,450.0
392901,47.525391,2.12157,0,221.72,0.1208927421261088,1.3,1.08,450.0
392902,47.535157,1.94863,0,221.72,0.13893704167685503,1.3,1.08,450.0
392903,47.544922,1.79018,0,221.72,0.15697949356228225,1.3,1.08,450.0
392904,47.554688,1.54266,0,221.72,0.17502379311302846,1.3,1.08,450.0
392905,47.56543,1.54635,0,221.72,0.19487141401951086,1.3,1.08,450.0
392906,47.575196,0.95499,0,221.72,0.2129157135702571,1.3,1.08,450.0
392907,47.584961,1.15568,0,221.72,0.23095816545568432,1.3,1.08,450.0
392908,47.589844,1.52868,0,221.72,0.2399803152309524,1.3,1.08,450.0
392909,47.59961,1.34661,0,221.72,0.2580246147816986,1.3,1.08,450.0
392910,47.610352,1.20046,0,221.72,0.27787223568839103,1.3,1.08,450.0
392911,47.620118,1.12109,0,221.72,0.2959165352391373,1.3,1.08,450.0
392912,47.629883,1.11368,0,221.72,0.31395898712435444,1.3,1.08,450.0
392913,47.639649,1.11902,0,221.72,0.33200328667510065,1.3,1.08,450.0
392914,47.650391,1.10225,0,221.72,0.35185090758179316,1.3,1.08,450.0
392915,47.660157,1.03799,0,221.72,0.3698952071325393,1.3,1.08,450.0
392916,47.669922,1.0695,0,221.72,0.38793765901796656,1.3,1.08,450.0
392917,47.679688,1.03852,0,221.72,0.4059819585687128,1.3,1.08,450.0
392918,47.69043,0.92574,0,221.72,0.4258295794751952,1.3,1.08,450.0
392919,47.695313,1.03389,0,221.72,0.4348517292506733,1.3,1.08,450.0
392920,47.705079,0.92654,0,221.72,0.45289602880120944,1.3,1.08,450.0
392921,47.714844,1.01281,0,221.72,0.4709384806866367,1.3,1.08,450.0
392922,47.72461,1.03137,0,221.72,0.4889827802373829,1.3,1.08,450.0
392923,47.735352,1.02859,0,221.72,0.5088304011440754,1.3,1.08,450.0
392924,47.745118,1.08336,0,221.72,0.5268747006948216,1.3,1.08,450.0
392925,47.754883,1.04546,0,221.72,0.5449171525800388,1.3,1.08,450.0
392926,47.764649,1.06079,0,221.72,0.562961452130785,1.3,1.08,450.0
392927,47.775391,1.04037,0,221.72,0.5828090730374774,1.3,1.08,450.0
392928,47.780274,1.02484,0,221.72,0.5918312228127455,1.3,1.08,450.0
392929,47.79004,0.98135,0,221.72,0.6098755223634917,1.3,1.08,450.0
392930,47.799805,1.01006,0,221.72,0.627917974248919,1.3,1.08,450.0
392931,47.809571,1.02543,0,221.72,0.6459622737996651,1.3,1.08,450.0
392932,47.820313,1.0366,0,221.72,0.6658098947063577,1.3,1.08,450.0
392933,47.830079,1.01218,0,221.72,0.6838541942568938,1.3,1.08,450.0
392934,47.839844,1.06024,0,221.72,0.7018966461423211,1.3,1.08,450.0
392935,47.84961,1.04028,0,221.72,0.7199409456930671,1.3,1.08,450.0
392936,47.860352,0.96957,0,221.72,0.7397885665997597,1.3,1.08,450.0
392937,47.870118,1.065,0,221.72,0.7578328661505059,1.3,1.08,450.0
392938,47.879883,0.9858,0,221.72,0.7758753180357231,1.3,1.08,450.0
392939,47.889649,1.07807,0,221.72,0.7939196175864693,1.3,1.08,450.0
392940,47.894532,1.05216,0,221.72,0.8029417673619473,1.3,1.08,450.0
392941,47.905274,1.01624,0,221.72,0.8227893882684297,1.3,1.08,450.0
392942,47.91504,1.04823,0,221.72,0.840833687819176,1.3,1.08,450.0
392943,47.924805,0.97082,0,221.72,0.8588761397046033,1.3,1.08,450.0
392944,47.934571,0.9624,0,221.72,0.8769204392553495,1.3,1.08,450.0
392945,47.945313,1.05803,0,221.72,0.8967680601620419,1.3,1.08,450.0
392946,47.955079,0.98848,0,221.72,0.914812359712578,1.3,1.08,450.0
392947,47.964844,1.0174,0,221.72,0.9328548115980053,1.3,1.08,450.0
392948,47.97461,1.13649,0,221.72,0.9508991111487516,1.3,1.08,450.0
392949,47.985352,1.09237,0,221.72,0.9707467320554439,1.3,1.08,450.0
392950,47.990235,0.93523,0,221.72,0.979768881830712,1.3,1.08,450.0
392951,48.0,1.14396,0,221.72,0.9978113337161393,1.3,1.08,450.0
392952,48.009766,0.83751,0,221.72,0.01585563326688555,1.3,1.08,450.0
392953,48.019532,0.82214,0,221.72,0.033899932817631706,1.3,1.08,450.0
392954,48.030274,1.51049,1,217.2,0.0,1.3,1.08,450.0
392955,48.04004,1.15353,0,217.2,0.01767615180754522,1.3,1.08,450.0
392956,48.049805,1.05045,0,217.2,0.03535049364665271,1.3,1.08,450.0
392957,48.059571,1.32665,0,217.2,0.053026645454197927,1.3,1.08,450.0
392958,48.070313,1.58056,0,217.2,0.07246932646149677,1.3,1.08,450.0
392959,48.080079,2.46738,0,217.2,0.09014547826883622,1.3,1.08,450.0
392960,48.084961,3.675,0,217.2,0.09898174420427397,1.3,1.08,450.0
392961,48.094727,4.18147,0,217.2,0.1166578960118192,1.3,1.08,450.0
392962,48.104493,2.9738,0,217.2,0.13433404781936442,1.3,1.08,450.0
392963,48.115235,2.82495,0,217.2,0.1537767288264575,1.3,1.08,450.0
392964,48.125,2.04602,0,217.2,0.17145107066556495,1.3,1.08,450.0
392965,48.134766,2.51043,0,217.2,0.1891272224731102,1.3,1.08,450.0
392966,48.144532,2.82679,0,217.2,0.2068033742806554,1.3,1.08,450.0
392967,48.155274,2.97465,0,217.2,0.22624605528774847,1.3,1.08,450.0
392968,48.16504,3.38805,0,217.2,0.2439222070952937,1.3,1.08,450.0
392969,48.174805,6.5543,0,217.2,0.2615965489344012,1.3,1.08,450.0
392970,48.184571,3.67791,0,217.2,0.2792727007419464,1.3,1.08,450.0
392971,48.19043,2.65266,0,217.2,0.28987730584536975,1.3,1.08,450.0
392972,48.200196,1.0748,0,217.2,0.307553457652915,1.3,1.08,450.0
392973,48.209961,0.94267,0,217.2,0.32522779949202246,1.3,1.08,450.0
392974,48.219727,0.96901,0,217.2,0.3429039512995677,1.3,1.08,450.0
392975,48.229493,0.9185,0,217.2,0.36058010310711286,1.3,1.08,450.0
392976,48.240235,0.74263,0,217.2,0.3800227841142059,1.3,1.08,450.0
392977,48.25,1.01939,0,217.2,0.39769712595331347,1.3,1.08,450.0
392978,48.259766,1.50455,0,217.2,0.41537327776085864,1.3,1.08,450.0
392979,48.269532,1.64837,0,217.2,0.43304942956840387,1.3,1.08,450.0
392980,48.275391,1.45866,0,217.2,0.44365403467182724,1.3,1.08,450.0
392981,48.285157,1.14426,0,217.2,0.46133018647937246,1.3,1.08,450.0
392982,48.294922,1.01619,0,217.2,0.47900452831847995,1.3,1.08,450.0
392983,48.304688,1.04653,0,217.2,0.4966806801260252,1.3,1.08,450.0
392984,48.31543,1.09594,0,217.2,0.5161233611331182,1.3,1.08,450.0
392985,48.325196,1.23452,0,217.2,0.5337995129406635,1.3,1.08,450.0
392986,48.334961,1.49206,0,217.2,0.5514738547797708,1.3,1.08,450.0
392987,48.344727,1.5898,0,217.2,0.5691500065873162,1.3,1.08,450.0
392988,48.354493,1.63708,0,217.2,0.5868261583948614,1.3,1.08,450.0
392989,48.365235,1.65225,0,217.2,0.6062688394019544,1.3,1.08,450.0
392990,48.375,1.75105,0,217.2,0.623943181241062,1.3,1.08,450.0
392991,48.384766,1.99697,0,217.2,0.6416193330486072,1.3,1.08,450.0
392992,48.389649,2.27071,0,217.2,0.6504574089522769,1.3,1.08,450.0
392993,48.400391,2.56406,0,217.2,0.6699000899595757,1.3,1.08,450.0
392994,48.410157,2.79953,0,217.2,0.6875762417671208,1.3,1.08,450.0
392995,48.419922,3.03582,0,217.2,0.7052505836062284,1.3,1.08,450.0
392996,48.429688,3.21914,0,217.2,0.7229267354137736,1.3,1.08,450.0
392997,48.44043,3.25817,0,217.2,0.7423694164208666,1.3,1.08,450.0
392998,48.450196,3.12822,0,217.2,0.7600455682284118,1.3,1.08,450.0
392999,48.459961,3.0181,0,217.2,0.7777199100675194,1.3,1.08,450.0
393000,48.469727,2.96721,0,217.2,0.7953960618750646,1.3,1.08,450.0
393001,48.479493,3.01085,0,217.2,0.8130722136826098,1.3,1.08,450.0
393002,48.485352,3.16361,0,217.2,0.8236768187860332,1.3,1.08,450.0
393003,48.495118,3.32824,0,217.2,0.8413529705935784,1.3,1.08,450.0
393004,48.504883,3.59743,0,217.2,0.8590273124324802,1.3,1.08,450.0
393005,48.514649,3.85163,0,217.2,0.8767034642400253,1.3,1.08,450.0
393006,48.525391,3.8158,0,217.2,0.8961461452473242,1.3,1.08,450.0
393007,48.535157,3.91562,0,217.2,0.9138222970548694,1.3,1.08,450.0
393008,48.544922,1.90452,0,217.2,0.9314966388939769,1.3,1.08,450.0
393009,48.554688,2.59946,0,217.2,0.9491727907015222,1.3,1.08,450.0
393010,48.56543,3.59962,0,217.2,0.9686154717086152,1.3,1.08,450.0
393011,48.575196,1.21441,0,217.2,0.9862916235161604,1.3,1.08,450.0
393012,48.580079,1.00887,0,217.2,0.9951296994198302,1.3,1.08,450.0
393013,48.589844,3.11589,1,216.1,0.0,1.3,1.08,450.0
393014,48.59961,2.66468,0,216.1,0.017586765838365347,1.3,1.08,450.0
393015,48.610352,1.67495,0,216.1,0.03693112777122907,1.3,1.08,450.0
393016,48.620118,1.86637,0,216.1,0.05451789360959441,1.3,1.08,450.0
393017,48.629883,1.76014,0,216.1,0.07210285863208905,1.3,1.08,450.0
393018,48.639649,1.63317,0,216.1,0.0896896244704544,1.3,1.08,450.0
393019,48.650391,1.40195,0,216.1,0.10903398640331811,1.3,1.08,450.0
393020,48.660157,1.2509,0,216.1,0.12662075224168345,1.3,1.08,450.0
393021,48.669922,1.2394,0,216.1,0.14420571726438283,1.3,1.08,450.0
393022,48.679688,1.36662,0,216.1,0.16179248310274819,1.3,1.08,450.0
393023,48.684571,1.27929,0,216.1,0.1705858660218285,1.3,1.08,450.0
393024,48.695313,1.25665,0,216.1,0.18993022795469222,1.3,1.08,450.0
393025,48.705079,1.25068,0,216.1,0.20751699379285282,1.3,1.08,450.0
393026,48.714844,1.08287,0,216.1,0.2251019588155522,1.3,1.08,450.0
393027,48.72461,1.0229,0,216.1,0.24268872465391755,1.3,1.08,450.0
393028,48.735352,1.08467,0,216.1,0.26203308658678126,1.3,1.08,450.0
393029,48.745118,1.10417,0,216.1,0.27961985242514664,1.3,1.08,450.0
393030,48.754883,1.0096,0,216.1,0.2972048174476412,1.3,1.08,450.0
393031,48.764649,1.06707,0,216.1,0.3147915832860066,1.3,1.08,450.0
393032,48.775391,1.08542,0,216.1,0.3341359452188703,1.3,1.08,450.0
393033,48.780274,0.9942,0,216.1,0.34292932813795063,1.3,1.08,450.0
393034,48.79004,0.98759,0,216.1,0.36051609397631595,1.3,1.08,450.0
393035,48.799805,1.08734,0,216.1,0.37810105899901536,1.3,1.08,450.0
393036,48.809571,0.91109,0,216.1,0.3956878248373807,1.3,1.08,450.0
393037,48.820313,1.0182,0,216.1,0.4150321867702444,1.3,1.08,450.0
393038,48.830079,1.03954,0,216.1,0.43261895260840505,1.3,1.08,450.0
393039,48.839844,0.99596,0,216.1,0.4502039176311044,1.3,1.08,450.0
393040,48.84961,1.0232,0,216.1,0.4677906834694697,1.3,1.08,450.0
393041,48.860352,0.99816,0,216.1,0.4871350454023335,1.3,1.08,450.0
393042,48.870118,0.96787,0,216.1,0.5047218112406988,1.3,1.08,450.0
393043,48.879883,0.98189,0,216.1,0.5223067762631934,1.3,1.08,450.0
393044,48.884766,1.00095,0,216.1,0.5311001591824784,1.3,1.08,450.0
393045,48.894532,1.00275,0,216.1,0.5486869250208438,1.3,1.08,450.0
393046,48.905274,1.03516,0,216.1,0.5680312869535028,1.3,1.08,450.0
393047,48.91504,0.96945,0,216.1,0.5856180527918682,1.3,1.08,450.0
393048,48.924805,1.05536,0,216.1,0.6032030178145675,1.3,1.08,450.0
393049,48.934571,1.01959,0,216.1,0.6207897836529329,1.3,1.08,450.0
393050,48.945313,0.95036,0,216.1,0.6401341455857966,1.3,1.08,450.0
393051,48.955079,1.09958,0,216.1,0.6577209114239573,1.3,1.08,450.0
393052,48.964844,1.07917,0,216.1,0.6753058764466566,1.3,1.08,450.0
393053,48.97461,1.05167,0,216.1,0.6928926422850219,1.3,1.08,450.0
393054,48.985352,1.03562,0,216.1,0.7122370042178857,1.3,1.08,450.0
393055,48.990235,1.09892,0,216.1,0.721030387136966,1.3,1.08,450.0
393056,49.0,1.04599,0,216.1,0.7386153521596653,1.3,1.08,450.0
393057,49.009766,1.01569,0,216.1,0.7562021179980307,1.3,1.08,450.0
393058,49.019532,1.08431,0,216.1,0.773788883836396,1.3,1.08,450.0
393059,49.030274,1.01026,0,216.1,0.7931332457690551,1.3,1.08,450.0
393060,49.04004,0.95381,0,216.1,0.8107200116074204,1.3,1.08,450.0
393061,49.049805,1.02143,0,216.1,0.8283049766301197,1.3,1.08,450.0
393062,49.059571,1.09535,0,216.1,0.8458917424684851,1.3,1.08,450.0
393063,49.070313,0.98021,0,216.1,0.8652361044013488,1.3,1.08,450.0
393064,49.075196,0.97561,0,216.1,0.8740294873204292,1.3,1.08,450.0
393065,49.084961,1.09026,0,216.1,0.8916144523431285,1.3,1.08,450.0
393066,49.094727,1.14506,0,216.1,0.9092012181814938,1.3,1.08,450.0
393067,49.104493,0.96531,0,216.1,0.9267879840198592,1.3,1.08,450.0
393068,49.115235,0.99409,0,216.1,0.9461323459525182,1.3,1.08,450.0
393069,49.125,0.84427,0,216.1,0.9637173109752175,1.3,1.08,450.0
393070,49.134766,0.95008,0,216.1,0.9813040768135829,1.3,1.08,450.0
393071,49.144532,1.45459,1,216.19,0.0,1.3,1.08,450.0
393072,49.155274,0.98289,0,216.19,0.019352953838907328,1.3,1.08,450.0
393073,49.16504,1.18648,0,216.19,0.0369475309374125,1.3,1.08,450.0
393074,49.174805,1.38807,0,216.19,0.054540306420409364,1.3,1.08,450.0
393075,49.184571,2.00758,0,216.19,0.07213488351891453,1.3,1.08,450.0
393076,49.19043,2.77688,0,216.19,0.08269054880867169,1.3,1.08,450.0
393077,49.200196,3.77416,0,216.19,0.10028512590717685,1.3,1.08,450.0
393078,49.209961,3.54072,0,216.19,0.1178779013901737,1.3,1.08,450.0
393079,49.219727,3.33012,0,216.19,0.13547247848867888,1.3,1.08,450.0
393080,49.229493,2.76577,0,216.19,0.15306705558718406,1.3,1.08,450.0
393081,49.240235,2.16249,0,216.19,0.17242000942609137,1.3,1.08,450.0
393082,49.25,2.72202,0,216.19,0.19001278490908824,1.3,1.08,450.0
393083,49.259766,2.85989,0,216.19,0.20760736200759342,1.3,1.08,450.0
393084,49.269532,2.77253,0,216.19,0.22520193910609856,1.3,1.08,450.0
393085,49.275391,4.22519,0,216.19,0.23575760439585572,1.3,1.08,450.0
393086,49.285157,5.21472,0,216.19,0.2533521814943609,1.3,1.08,450.0
393087,49.294922,3.65326,0,216.19,0.27094495697735776,1.3,1.08,450.0
393088,49.304688,2.37851,0,216.19,0.2885395340758629,1.3,1.08,450.0
393089,49.31543,1.43557,0,216.19,0.3078924879147703,1.3,1.08,450.0
393090,49.325196,1.23191,0,216.19,0.3254870650132754,1.3,1.08,450.0
393091,49.334961,1.09912,0,216.19,0.34307984049627227,1.3,1.08,450.0
393092,49.344727,0.99782,0,216.19,0.3606744175947775,1.3,1.08,450.0
393093,49.354493,1.02885,0,216.19,0.3782689946932826,1.3,1.08,450.0
393094,49.365235,1.35698,0,216.19,0.3976219485321899,1.3,1.08,450.0
393095,49.375,1.5337,0,216.19,0.41521472401518683,1.3,1.08,450.0
393096,49.384766,1.49586,0,216.19,0.432809301113692,1.3,1.08,450.0
393097,49.389649,1.28116,0,216.19,0.44160658966284216,1.3,1.08,450.0
393098,49.400391,1.13864,0,216.19,0.46095954350195434,1.3,1.08,450.0
393099,49.410157,1.11482,0,216.19,0.4785541206004595,1.3,1.08,450.0
393100,49.419922,1.1682,0,216.19,0.49614689608345636,1.3,1.08,450.0
393101,49.429688,1.19764,0,216.19,0.5137414731819615,1.3,1.08,450.0
393102,49.44043,1.25664,0,216.19,0.5330944270208688,1.3,1.08,450.0
393103,49.450196,1.23279,0,216.19,0.5506890041193739,1.3,1.08,450.0
393104,49.459961,1.38309,0,216.19,0.5682817796023709,1.3,1.08,450.0
393105,49.469727,1.67265,0,216.19,0.585876356700876,1.3,1.08,450.0
393106,49.479493,2.00594,0,216.19,0.6034709337993812,1.3,1.08,450.0
393107,49.485352,2.31968,0,216.19,0.6140265990891384,1.3,1.08,450.0
393108,49.495118,2.50791,0,216.19,0.6316211761876435,1.3,1.08,450.0
393109,49.504883,2.67275,0,216.19,0.6492139516704356,1.3,1.08,450.0
393110,49.514649,2.78876,0,216.19,0.6668085287689407,1.3,1.08,450.0
393111,49.525391,2.89098,0,216.19,0.6861614826080529,1.3,1.08,450.0
393112,49.535157,2.95831,0,216.19,0.7037560597065581,1.3,1.08,450.0
393113,49.544922,3.0617,0,216.19,0.721348835189555,1.3,1.08,450.0
393114,49.554688,3.23042,0,216.19,0.7389434122880602,1.3,1.08,450.0
393115,49.56543,3.40546,0,216.19,0.7582963661269674,1.3,1.08,450.0
393116,49.575196,3.45762,0,216.19,0.7758909432254726,1.3,1.08,450.0
393117,49.580079,3.44184,0,216.19,0.7846882317746228,1.3,1.08,450.0
393118,49.589844,3.45909,0,216.19,0.8022810072576195,1.3,1.08,450.0
393119,49.59961,3.54705,0,216.19,0.8198755843561247,1.3,1.08,450.0
393120,49.610352,3.7279,0,216.19,0.8392285381952369,1.3,1.08,450.0
393121,49.620118,3.96517,0,216.19,0.8568231152937421,1.3,1.08,450.0
393122,49.629883,3.99219,0,216.19,0.8744158907765341,1.3,1.08,450.0
393123,49.639649,3.75594,0,216.19,0.8920104678750392,1.3,1.08,450.0
393124,49.650391,2.84214,0,216.19,0.9113634217141514,1.3,1.08,450.0
393125,49.660157,1.32714,0,216.19,0.9289579988126566,1.3,1.08,450.0
393126,49.669922,4.03335,0,216.19,0.9465507742956535,1.3,1.08,450.0
393127,49.679688,1.8826,0,216.19,0.9641453513941587,1.3,1.08,450.0
393128,49.69043,0.4176,0,216.19,0.983498305233066,1.3,1.08,450.0
393129,49.695313,2.51857,1,216.87,0.0,1.3,1.08,450.0
393130,49.705079,3.70819,0,216.87,0.01764922040017176,1.3,1.08,450.0
393131,49.714844,2.44026,0,216.87,0.03529663358978144,1.3,1.08,450.0
393132,49.72461,1.95407,0,216.87,0.05294585399015866,1.3,1.08,450.0
393133,49.735352,2.13752,0,216.87,0.07235891210417472,1.3,1.08,450.0
393134,49.745118,1.91138,0,216.87,0.09000813250455193,1.3,1.08,450.0
393135,49.754883,1.68272,0,216.87,0.10765554569395615,1.3,1.08,450.0
393136,49.764649,1.48538,0,216.87,0.12530476609433336,1.3,1.08,450.0
393137,49.775391,0.86769,0,216.87,0.14471782420834944,1.3,1.08,450.0
393138,49.780274,1.41278,0,216.87,0.15354243440843532,1.3,1.08,450.0
393139,49.79004,1.48454,0,216.87,0.17119165480881252,1.3,1.08,450.0
393140,49.799805,1.3194,0,216.87,0.1888390679984222,1.3,1.08,450.0
393141,49.809571,1.23326,0,216.87,0.2064882883987994,1.3,1.08,450.0
393142,49.820313,1.12804,0,216.87,0.2259013465128155,1.3,1.08,450.0
393143,49.830079,1.14408,0,216.87,0.24355056691298724,1.3,1.08,450.0
393144,49.839844,1.05746,0,216.87,0.2611979801025969,1.3,1.08,450.0
393145,49.84961,1.13014,0,216.87,0.2788472005029741,1.3,1.08,450.0
393146,49.860352,1.01583,0,216.87,0.2982602586169902,1.3,1.08,450.0
393147,49.870118,1.10256,0,216.87,0.31590947901736743,1.3,1.08,450.0
393148,49.879883,0.98564,0,216.87,0.3335568922067716,1.3,1.08,450.0
393149,49.884766,0.97539,0,216.87,0.342381502407063,1.3,1.08,450.0
393150,49.894532,1.04774,0,216.87,0.36003072280744014,1.3,1.08,450.0
393151,49.905274,0.9199,0,216.87,0.37944378092125075,1.3,1.08,450.0
393152,49.91504,1.04697,0,216.87,0.397093001321628,1.3,1.08,450.0
393153,49.924805,0.97692,0,216.87,0.41474041451123766,1.3,1.08,450.0
393154,49.934571,1.0247,0,216.87,0.43238963491161486,1.3,1.08,450.0
393155,49.945313,1.02681,0,216.87,0.451802693025631,1.3,1.08,450.0
393156,49.955079,1.06217,0,216.87,0.4694519134258027,1.3,1.08,450.0
393157,49.964844,1.02188,0,216.87,0.4870993266154124,1.3,1.08,450.0
393158,49.97461,1.03184,0,216.87,0.5047485470157896,1.3,1.08,450.0
393159,49.985352,1.03653,0,216.87,0.5241616051298057,1.3,1.08,450.0
393160,49.990235,1.01075,0,216.87,0.5329862153298915,1.3,1.08,450.0
393161,50.0,1.01897,0,216.87,0.5506336285195012,1.3,1.08,450.0
393162,50.009766,0.91315,0,216.87,0.5682828489198785,1.3,1.08,450.0
393163,50.019532,1.10174,0,216.87,0.5859320693202557,1.3,1.08,450.0
393164,50.030274,0.95389,0,216.87,0.6053451274340663,1.3,1.08,450.0
393165,50.04004,1.02597,0,216.87,0.6229943478344435,1.3,1.08,450.0
393166,50.049805,1.02754,0,216.87,0.6406417610240531,1.3,1.08,450.0
393167,50.059571,1.06728,0,216.87,0.6582909814244304,1.3,1.08,450.0
393168,50.070313,1.04938,0,216.87,0.6777040395384464,1.3,1.08,450.0
393169,50.075196,1.08575,0,216.87,0.6865286497385323,1.3,1.08,450.0
393170,50.084961,1.01035,0,216.87,0.7041760629281419,1.3,1.08,450.0
393171,50.094727,1.04844,0,216.87,0.7218252833285191,1.3,1.08,450.0
393172,50.104493,1.05245,0,216.87,0.7394745037288964,1.3,1.08,450.0
393173,50.115235,1.0866,0,216.87,0.758887561842707,1.3,1.08,450.0
393174,50.125,0.97385,0,216.87,0.7765349750323166,1.3,1.08,450.0
393175,50.134766,0.95657,0,216.87,0.7941841954326939,1.3,1.08,450.0
393176,50.144532,1.00033,0,216.87,0.8118334158330711,1.3,1.08,450.0
393177,50.155274,1.16322,0,216.87,0.8312464739468818,1.3,1.08,450.0
393178,50.16504,0.972,0,216.87,0.848895694347259,1.3,1.08,450.0
393179,50.174805,1.11744,0,216.87,0.8665431075368686,1.3,1.08,450.0
393180,50.184571,1.09968,0,216.87,0.8841923279372459,1.3,1.08,450.0
393181,50.19043,1.01948,0,216.87,0.8947807758509705,1.3,1.08,450.0
393182,50.200196,0.85796,0,216.87,0.9124299962513478,1.3,1.08,450.0
393183,50.209961,0.86908,0,216.87,0.9300774094409575,1.3,1.08,450.0
393184,50.219727,1.4667,1,221.65,0.0,1.3,1.08,450.0
393185,50.229493,1.1475,0,221.65,0.018038608733236556,1.3,1.08,450.0
393186,50.240235,1.13025,0,221.65,0.03787997009008879,1.3,1.08,450.0
393187,50.25,1.48683,0,221.65,0.055916731740723695,1.3,1.08,450.0
393188,50.259766,2.13782,0,221.65,0.07395534047396025,1.3,1.08,450.0
393189,50.269532,3.21134,0,221.65,0.0919939492071968,1.3,1.08,450.0
393190,50.275391,3.78756,0,221.65,0.10281600619753577,1.3,1.08,450.0
393191,50.285157,3.6115,0,221.65,0.1208546149307723,1.3,1.08,450.0
393192,50.294922,2.90848,0,221.65,0.1388913765814072,1.3,1.08,450.0
393193,50.304688,2.04232,0,221.65,0.15692998531464378,1.3,1.08,450.0
393194,50.31543,1.80435,0,221.65,0.176771346671496,1.3,1.08,450.0
393195,50.325196,2.84281,0,221.65,0.19480995540473256,1.3,1.08,450.0
393196,50.334961,3.43631,0,221.65,0.21284671705536748,1.3,1.08,450.0
393197,50.344727,3.62788,0,221.65,0.23088532578860402,1.3,1.08,450.0
393198,50.354493,5.03735,0,221.65,0.24892393452184056,1.3,1.08,450.0
393199,50.365235,4.91238,0,221.65,0.26876529587869286,1.3,1.08,450.0
393200,50.375,2.85926,0,221.65,0.28680205752932775,1.3,1.08,450.0
393201,50.379883,1.2725,0,221.65,0.295821361895841,1.3,1.08,450.0
393202,50.389649,0.98226,0,221.65,0.31385997062907756,1.3,1.08,450.0
393203,50.400391,1.07063,0,221.65,0.33370133198613977,1.3,1.08,450.0
393204,50.410157,1.0122,0,221.65,0.35173994071937636,1.3,1.08,450.0
393205,50.419922,0.7582,0,221.65,0.3697767023700112,1.3,1.08,450.0
393206,50.429688,0.77996,0,221.65,0.3878153111032478,1.3,1.08,450.0
393207,50.44043,1.35968,0,221.65,0.40765667246010007,1.3,1.08,450.0
393208,50.450196,1.79945,0,221.65,0.42569528119333655,1.3,1.08,450.0
393209,50.459961,1.83543,0,221.65,0.4437320428439715,1.3,1.08,450.0
393210,50.469727,1.48954,0,221.65,0.46177065157720804,1.3,1.08,450.0
393211,50.479493,1.12148,0,221.65,0.47980926031044463,1.3,1.08,450.0
393212,50.485352,1.02433,0,221.65,0.4906313173007836,1.3,1.08,450.0
393213,50.495118,0.96756,0,221.65,0.5086699260340201,1.3,1.08,450.0
393214,50.504883,1.11811,0,221.65,0.5267066876844451,1.3,1.08,450.0
393215,50.514649,1.31332,0,221.65,0.5447452964176817,1.3,1.08,450.0
393216,50.525391,1.48374,0,221.65,0.5645866577747438,1.3,1.08,450.0
393217,50.535157,1.63081,0,221.65,0.5826252665079804,1.3,1.08,450.0
393218,50.544922,1.66476,0,221.65,0.6006620281586152,1.3,1.08,450.0
393219,50.554688,1.63007,0,221.65,0.6187006368918518,1.3,1.08,450.0
393220,50.56543,1.67768,0,221.65,0.6385419982487041,1.3,1.08,450.0
393221,50.570313,1.95667,0,221.65,0.6475613026154273,1.3,1.08,450.0
393222,50.580079,2.27961,0,221.65,0.665599911348454,1.3,1.08,450.0
393223,50.589844,2.54184,0,221.65,0.6836366729990888,1.3,1.08,450.0
393224,50.59961,2.72152,0,221.65,0.7016752817323254,1.3,1.08,450.0
393225,50.610352,2.97172,0,221.65,0.7215166430893876,1.3,1.08,450.0
393226,50.620118,3.16693,0,221.65,0.7395552518226242,1.3,1.08,450.0
393227,50.629883,3.23249,0,221.65,0.757592013473049,1.3,1.08,450.0
393228,50.639649,3.27448,0,221.65,0.7756306222062856,1.3,1.08,450.0
393229,50.650391,3.20139,0,221.65,0.7954719835633478,1.3,1.08,450.0
393230,50.660157,3.05898,0,221.65,0.8135105922965844,1.3,1.08,450.0
393231,50.669922,3.0169,0,221.65,0.8315473539472192,1.3,1.08,450.0
393232,50.679688,3.16258,0,221.65,0.8495859626804558,1.3,1.08,450.0
393233,50.684571,3.45526,0,221.65,0.858605267046969,1.3,1.08,450.0
393234,50.695313,3.86688,0,221.65,0.8784466284040313,1.3,1.08,450.0
393235,50.705079,4.09275,0,221.65,0.896485237137058,1.3,1.08,450.0
393236,50.714844,3.88678,0,221.65,0.9145219987876928,1.3,1.08,450.0
393237,50.72461,3.62955,0,221.65,0.9325606075209294,1.3,1.08,450.0
393238,50.735352,1.05438,0,221.65,0.9524019688779916,1.3,1.08,450.0
393239,50.745118,3.62715,1,224.35,0.0,1.3,1.08,450.0
393240,50.754883,3.41848,0,224.35,0.018256520085284642,1.3,1.08,450.0
393241,50.764649,0.99471,0,224.35,0.036514909758087445,1.3,1.08,450.0
393242,50.775391,1.14756,0,224.35,0.05659801664585093,1.3,1.08,450.0
393243,50.780274,4.17227,0,224.35,0.06572721148214605,1.3,1.08,450.0
393244,50.79004,3.20854,0,224.35,0.08398560115494887,1.3,1.08,450.0
393245,50.799805,2.15125,0,224.35,0.10224212124044604,1.3,1.08,450.0
393246,50.809571,2.02005,0,224.35,0.12050051091324886,1.3,1.08,450.0
393247,50.820313,2.42266,0,224.35,0.14058361780101233,1.3,1.08,450.0
393248,50.830079,1.78403,0,224.35,0.15884200747360258,1.3,1.08,450.0
393249,50.839844,1.39849,0,224.35,0.1770985275590998,1.3,1.08,450.0
393250,50.84961,1.45562,0,224.35,0.1953569172319026,1.3,1.08,450.0
393251,50.860352,0.94009,0,224.35,0.21544002411966606,1.3,1.08,450.0
393252,50.870118,1.34647,0,224.35,0.23369841379246886,1.3,1.08,450.0
393253,50.875,1.5525,0,224.35,0.2428257390414584,1.3,1.08,450.0
393254,50.884766,1.32146,0,224.35,0.2610841287142612,1.3,1.08,450.0
393255,50.894532,1.24002,0,224.35,0.279342518387064,1.3,1.08,450.0
393256,50.905274,1.20958,0,224.35,0.2994256252746149,1.3,1.08,450.0
393257,50.91504,1.09648,0,224.35,0.3176840149474177,1.3,1.08,450.0
393258,50.924805,1.094,0,224.35,0.33594053503291493,1.3,1.08,450.0
393259,50.934571,1.21744,0,224.35,0.35419892470571773,1.3,1.08,450.0
393260,50.945313,1.07552,0,224.35,0.3742820315934812,1.3,1.08,450.0
393261,50.955079,1.00971,0,224.35,0.39254042126607147,1.3,1.08,450.0
393262,50.964844,1.03766,0,224.35,0.41079694135156863,1.3,1.08,450.0
393263,50.97461,0.98438,0,224.35,0.42905533102437143,1.3,1.08,450.0
393264,50.979493,0.86955,0,224.35,0.43818452586087914,1.3,1.08,450.0
393265,50.990235,1.04068,0,224.35,0.4582676327484301,1.3,1.08,450.0
393266,51.0,0.90745,0,224.35,0.47652415283392724,1.3,1.08,450.0
393267,51.009766,0.95782,0,224.35,0.49478254250673004,1.3,1.08,450.0
393268,51.019532,1.01728,0,224.35,0.513040932179533,1.3,1.08,450.0
393269,51.030274,1.02365,0,224.35,0.5331240390670838,1.3,1.08,450.0
393270,51.04004,1.03396,0,224.35,0.5513824287398866,1.3,1.08,450.0
393271,51.049805,1.04974,0,224.35,0.5696389488253838,1.3,1.08,450.0
393272,51.059571,1.01071,0,224.35,0.5878973384981866,1.3,1.08,450.0
393273,51.06543,1.03005,0,224.35,0.5988512505494424,1.3,1.08,450.0
393274,51.075196,1.03395,0,224.35,0.6171096402222452,1.3,1.08,450.0
393275,51.084961,1.02404,0,224.35,0.6353661603077424,1.3,1.08,450.0
393276,51.094727,1.05204,0,224.35,0.6536245499805452,1.3,1.08,450.0
393277,51.104493,0.96818,0,224.35,0.671882939653348,1.3,1.08,450.0
393278,51.115235,1.07369,0,224.35,0.6919660465408989,1.3,1.08,450.0
393279,51.125,1.00657,0,224.35,0.710222566626396,1.3,1.08,450.0
393280,51.134766,0.9765,0,224.35,0.728480956299199,1.3,1.08,450.0
393281,51.144532,1.00836,0,224.35,0.7467393459720018,1.3,1.08,450.0
393282,51.155274,1.04266,0,224.35,0.7668224528595526,1.3,1.08,450.0
393283,51.16504,1.04063,0,224.35,0.7850808425323554,1.3,1.08,450.0
393284,51.174805,1.06837,0,224.35,0.8033373626178527,1.3,1.08,450.0
393285,51.184571,1.07949,0,224.35,0.8215957522906554,1.3,1.08,450.0
393286,51.19043,1.03468,0,224.35,0.8325496643419112,1.3,1.08,450.0
393287,51.200196,1.01663,0,224.35,0.850808054014714,1.3,1.08,450.0
393288,51.209961,1.01242,0,224.35,0.8690645741002112,1.3,1.08,450.0
393289,51.219727,1.05747,0,224.35,0.8873229637730141,1.3,1.08,450.0
393290,51.229493,0.98654,0,224.35,0.9055813534458168,1.3,1.08,450.0
393291,51.240235,1.05256,0,224.35,0.9256644603333678,1.3,1.08,450.0
393292,51.25,1.13314,0,224.35,0.943920980418865,1.3,1.08,450.0
393293,51.259766,1.10797,0,224.35,0.9621793700916679,1.3,1.08,450.0
393294,51.269532,1.02638,0,224.35,0.9804377597644706,1.3,1.08,450.0
393295,51.275391,1.06609,0,224.35,0.9913916718157264,1.3,1.08,450.0
393296,51.285157,1.16067,0,224.35,0.009650061488529316,1.3,1.08,450.0
393297,51.294922,0.84857,0,224.35,0.02790658157402648,1.3,1.08,450.0
393298,51.304688,0.89073,0,224.35,0.04616497124682928,1.3,1.08,450.0
393299,51.31543,1.59216,1,218.77,0.0,1.3,1.08,450.0
393300,51.325196,1.16289,0,218.77,0.01780461789099825,1.3,1.08,450.0
393301,51.334961,0.93126,0,218.77,0.035607412659136986,1.3,1.08,450.0
393302,51.344727,1.20353,0,218.77,0.053412030550135235,1.3,1.08,450.0
393303,51.354493,1.62889,0,218.77,0.07121664844113348,1.3,1.08,450.0
393304,51.365235,2.43427,0,218.77,0.09080063424737077,1.3,1.08,450.0
393305,51.375,2.89288,0,218.77,0.10860342901550951,1.3,1.08,450.0
393306,51.379883,3.75734,0,218.77,0.117505737960905,1.3,1.08,450.0
393307,51.389649,3.23009,0,218.77,0.13531035585190324,1.3,1.08,450.0
393308,51.400391,2.7609,0,218.77,0.1548943416583478,1.3,1.08,450.0
393309,51.410157,1.95496,0,218.77,0.17269895954934605,1.3,1.08,450.0
393310,51.419922,1.73474,0,218.77,0.19050175431748478,1.3,1.08,450.0
393311,51.429688,2.19277,0,218.77,0.20830637220848303,1.3,1.08,450.0
393312,51.44043,2.91005,0,218.77,0.22789035801472032,1.3,1.08,450.0
393313,51.450196,3.49506,0,218.77,0.24569497590571857,1.3,1.08,450.0
393314,51.459961,4.8244,0,218.77,0.2634977706738573,1.3,1.08,450.0
393315,51.469727,4.52585,0,218.77,0.2813023885648555,1.3,1.08,450.0
393316,51.479493,2.94398,0,218.77,0.2991070064558538,1.3,1.08,450.0
393317,51.485352,1.42256,0,218.77,0.3097886833166956,1.3,1.08,450.0
393318,51.495118,1.05339,0,218.77,0.3275933012076938,1.3,1.08,450.0
393319,51.504883,0.99658,0,218.77,0.3453960959756253,1.3,1.08,450.0
393320,51.514649,0.84455,0,218.77,0.36320071386662356,1.3,1.08,450.0
393321,51.525391,0.73655,0,218.77,0.3827846996730681,1.3,1.08,450.0
393322,51.535157,0.87085,0,218.77,0.4005893175640664,1.3,1.08,450.0
393323,51.544922,1.33366,0,218.77,0.4183921123322051,1.3,1.08,450.0
393324,51.554688,1.69207,0,218.77,0.4361967302232034,1.3,1.08,450.0
393325,51.56543,1.61424,0,218.77,0.45578071602944065,1.3,1.08,450.0
393326,51.570313,1.26859,0,218.77,0.4646830249750434,1.3,1.08,450.0
393327,51.580079,0.94359,0,218.77,0.48248764286583434,1.3,1.08,450.0
393328,51.589844,0.93545,0,218.77,0.5002904376339731,1.3,1.08,450.0
393329,51.59961,1.04347,0,218.77,0.5180950555249714,1.3,1.08,450.0
393330,51.610352,1.06174,0,218.77,0.5376790413314159,1.3,1.08,450.0
393331,51.620118,1.04003,0,218.77,0.5554836592224142,1.3,1.08,450.0
393332,51.629883,1.09932,0,218.77,0.5732864539903456,1.3,1.08,450.0
393333,51.639649,1.23832,0,218.77,0.5910910718813439,1.3,1.08,450.0
393334,51.650391,1.43886,0,218.77,0.6106750576877885,1.3,1.08,450.0
393335,51.660157,1.66817,0,218.77,0.6284796755787867,1.3,1.08,450.0
393336,51.669922,1.9291,0,218.77,0.6462824703469254,1.3,1.08,450.0
393337,51.679688,2.24588,0,218.77,0.6640870882379237,1.3,1.08,450.0
393338,51.684571,2.40882,0,218.77,0.6729893971833191,1.3,1.08,450.0
393339,51.695313,2.47547,0,218.77,0.6925733829897637,1.3,1.08,450.0
393340,51.705079,2.51443,0,218.77,0.7103780008805547,1.3,1.08,450.0
393341,51.714844,2.61424,0,218.77,0.7281807956486934,1.3,1.08,450.0
393342,51.72461,2.77169,0,218.77,0.7459854135396917,1.3,1.08,450.0
393343,51.735352,2.91061,0,218.77,0.7655693993461362,1.3,1.08,450.0
393344,51.745118,3.00526,0,218.77,0.7833740172371345,1.3,1.08,450.0
393345,51.754883,3.15062,0,218.77,0.801176812005066,1.3,1.08,450.0
393346,51.764649,3.23932,0,218.77,0.8189814298960643,1.3,1.08,450.0
393347,51.775391,3.19364,0,218.77,0.8385654157025086,1.3,1.08,450.0
393348,51.780274,3.22308,0,218.77,0.8474677246479042,1.3,1.08,450.0
393349,51.79004,3.31153,0,218.77,0.8652723425389025,1.3,1.08,450.0
393350,51.799805,3.47823,0,218.77,0.8830751373070412,1.3,1.08,450.0
393351,51.809571,3.66178,0,218.77,0.9008797551980394,1.3,1.08,450.0
393352,51.820313,3.75635,0,218.77,0.920463741004484,1.3,1.08,450.0
393353,51.830079,3.69896,0,218.77,0.938268358895275,1.3,1.08,450.0
393354,51.839844,2.22771,0,218.77,0.9560711536634138,1.3,1.08,450.0
393355,51.84961,2.10445,0,218.77,0.9738757715544121,1.3,1.08,450.0
393356,51.860352,3.65584,0,218.77,0.9934597573608566,1.3,1.08,450.0
393357,51.870118,1.46251,0,218.77,0.011264375251854641,1.3,1.08,450.0
393358,51.875,0.80626,0,218.77,0.02016486107439075,1.3,1.08,450.0
393359,51.884766,2.89133,1,215.57,0.0,1.3,1.08,450.0
393360,51.894532,3.10791,0,215.57,0.017544096911066207,1.3,1.08,450.0
393361,51.905274,1.81504,0,215.57,0.036841525645174705,1.3,1.08,450.0
393362,51.91504,1.56331,0,215.57,0.0543856225562409,1.3,1.08,450.0
393363,51.924805,2.30038,0,215.57,0.0719279230207715,1.3,1.08,450.0
393364,51.934571,1.78164,0,215.57,0.0894720199318377,1.3,1.08,450.0
393365,51.945313,1.53035,0,215.57,0.10876944866615043,1.3,1.08,450.0
393366,51.955079,1.64959,0,215.57,0.1263135455770124,1.3,1.08,450.0
393367,51.964844,1.37433,0,215.57,0.143855846041543,1.3,1.08,450.0
393368,51.97461,0.91005,0,215.57,0.1613999429526092,1.3,1.08,450.0
393369,51.985352,1.57928,0,215.57,0.18069737168692193,1.3,1.08,450.0
393370,51.990235,1.28636,0,215.57,0.1894694201423529,1.3,1.08,450.0
393371,52.0,1.21044,0,215.57,0.20701172060688353,1.3,1.08,450.0
393372,52.009766,1.15357,0,215.57,0.22455581751794973,1.3,1.08,450.0
393373,52.019532,1.13605,0,215.57,0.24209991442901593,1.3,1.08,450.0
393374,52.030274,1.07603,0,215.57,0.2613973431631244,1.3,1.08,450.0
393375,52.04004,1.07752,0,215.57,0.27894144007419064,1.3,1.08,450.0
393376,52.049805,1.10221,0,215.57,0.29648374053872123,1.3,1.08,450.0
393377,52.059571,0.97217,0,215.57,0.3140278374497874,1.3,1.08,450.0
393378,52.06543,1.05276,0,215.57,0.32455321772846496,1.3,1.08,450.0
393379,52.075196,0.96223,0,215.57,0.34209731463953114,1.3,1.08,450.0
393380,52.084961,0.95546,0,215.57,0.3596396151040617,1.3,1.08,450.0
393381,52.094727,0.97666,0,215.57,0.37718371201512796,1.3,1.08,450.0
393382,52.104493,0.94825,0,215.57,0.39472780892619413,1.3,1.08,450.0
393383,52.115235,0.95507,0,215.57,0.41402523766030264,1.3,1.08,450.0
393384,52.125,0.96285,0,215.57,0.4315675381248332,1.3,1.08,450.0
393385,52.134766,1.0436,0,215.57,0.44911163503589946,1.3,1.08,450.0
393386,52.144532,1.04399,0,215.57,0.46665573194696564,1.3,1.08,450.0
393387,52.155274,1.03775,0,215.57,0.48595316068107414,1.3,1.08,450.0
393388,52.16504,1.0519,0,215.57,0.5034972575921404,1.3,1.08,450.0
393389,52.174805,1.07457,0,215.57,0.5210395580566709,1.3,1.08,450.0
393390,52.179688,0.9793,0,215.57,0.5298116065123062,1.3,1.08,450.0
393391,52.19043,1.02556,0,215.57,0.5491090352464147,1.3,1.08,450.0
393392,52.200196,1.09651,0,215.57,0.5666531321574808,1.3,1.08,450.0
393393,52.209961,0.94397,0,215.57,0.5841954326220115,1.3,1.08,450.0
393394,52.219727,1.06563,0,215.57,0.6017395295330776,1.3,1.08,450.0
393395,52.229493,1.05569,0,215.57,0.6192836264441439,1.3,1.08,450.0
393396,52.240235,1.06183,0,215.57,0.6385810551782524,1.3,1.08,450.0
393397,52.25,1.07444,0,215.57,0.656123355642783,1.3,1.08,450.0
393398,52.259766,1.03511,0,215.57,0.6736674525538492,1.3,1.08,450.0
393399,52.269532,1.00786,0,215.57,0.6912115494649154,1.3,1.08,450.0
393400,52.275391,1.07429,0,215.57,0.7017369297435929,1.3,1.08,450.0
393401,52.285157,1.04377,0,215.57,0.7192810266546591,1.3,1.08,450.0
393402,52.294922,1.07271,0,215.57,0.7368233271191896,1.3,1.08,450.0
393403,52.304688,1.04334,0,215.57,0.7543674240302559,1.3,1.08,450.0
393404,52.31543,0.99298,0,215.57,0.7736648527643644,1.3,1.08,450.0
393405,52.325196,0.99473,0,215.57,0.7912089496754307,1.3,1.08,450.0
393406,52.334961,1.03018,0,215.57,0.8087512501399612,1.3,1.08,450.0
393407,52.344727,0.92886,0,215.57,0.8262953470510275,1.3,1.08,450.0
393408,52.354493,1.03702,0,215.57,0.8438394439620935,1.3,1.08,450.0
393409,52.365235,1.14282,0,215.57,0.8631368726962021,1.3,1.08,450.0
393410,52.370118,1.04059,0,215.57,0.8719089211518373,1.3,1.08,450.0
393411,52.379883,1.08858,0,215.57,0.8894512216161636,1.3,1.08,450.0
393412,52.389649,0.98062,0,215.57,0.9069953185272298,1.3,1.08,450.0
393413,52.400391,0.89972,0,215.57,0.9262927472615426,1.3,1.08,450.0
393414,52.410157,0.97234,0,215.57,0.9438368441726088,1.3,1.08,450.0
393415,52.419922,1.52912,1,219.04,0.0,1.3,1.08,450.0
393416,52.429688,1.09086,0,219.04,0.017826011921623263,1.3,1.08,450.0
393417,52.44043,1.03854,0,219.04,0.03743352984714912,1.3,1.08,450.0
393418,52.450196,1.17446,0,219.04,0.05525954176877239,1.3,1.08,450.0
393419,52.459961,1.69361,0,219.04,0.07308372837687153,1.3,1.08,450.0
393420,52.469727,2.58752,0,219.04,0.0909097402984948,1.3,1.08,450.0
393421,52.479493,3.66883,0,219.04,0.10873575222011805,1.3,1.08,450.0
393422,52.485352,3.96184,0,219.04,0.11943026418493605,1.3,1.08,450.0
393423,52.495118,3.17444,0,219.04,0.1372562761065593,1.3,1.08,450.0
393424,52.504883,2.83254,0,219.04,0.15508046271445095,1.3,1.08,450.0
393425,52.514649,2.04109,0,219.04,0.1729064746360742,1.3,1.08,450.0
393426,52.525391,2.3368,0,219.04,0.1925139925618076,1.3,1.08,450.0
393427,52.535157,2.99844,0,219.04,0.21034000448343085,1.3,1.08,450.0
393428,52.544922,3.23599,0,219.04,0.22816419109153,1.3,1.08,450.0
393429,52.554688,3.55016,0,219.04,0.24599020301315325,1.3,1.08,450.0
393430,52.56543,6.38777,0,219.04,0.2655977209386791,1.3,1.08,450.0
393431,52.570313,3.24474,0,219.04,0.2745107268995945,1.3,1.08,450.0
393432,52.580079,2.40948,0,219.04,0.29233673882101024,1.3,1.08,450.0
393433,52.589844,1.08789,0,219.04,0.3101609254291094,1.3,1.08,450.0
393434,52.59961,1.06619,0,219.04,0.32798693735073264,1.3,1.08,450.0
393435,52.610352,1.02608,0,219.04,0.34759445527646604,1.3,1.08,450.0
393436,52.620118,0.8901,0,219.04,0.3654204671980893,1.3,1.08,450.0
393437,52.629883,0.8272,0,219.04,0.38324465380598094,1.3,1.08,450.0
393438,52.639649,1.26319,0,219.04,0.4010706657276042,1.3,1.08,450.0
393439,52.650391,1.57934,0,219.04,0.42067818365333753,1.3,1.08,450.0
393440,52.660157,1.62141,0,219.04,0.4385041955749608,1.3,1.08,450.0
393441,52.669922,1.43804,0,219.04,0.45632838218306,1.3,1.08,450.0
393442,52.674805,1.11953,0,219.04,0.4652413881437678,1.3,1.08,450.0
393443,52.684571,0.93038,0,219.04,0.48306740006539106,1.3,1.08,450.0
393444,52.695313,0.9334,0,219.04,0.5026749179911245,1.3,1.08,450.0
393445,52.705079,0.98166,0,219.04,0.5205009299125403,1.3,1.08,450.0
393446,52.714844,1.09162,0,219.04,0.5383251165206393,1.3,1.08,450.0
393447,52.72461,1.23844,0,219.04,0.5561511284422627,1.3,1.08,450.0
393448,52.735352,1.4481,0,219.04,0.575758646367996,1.3,1.08,450.0
393449,52.745118,1.62816,0,219.04,0.5935846582896194,1.3,1.08,450.0
393450,52.754883,1.80232,0,219.04,0.6114088448975109,1.3,1.08,450.0
393451,52.764649,1.96458,0,219.04,0.6292348568191343,1.3,1.08,450.0
393452,52.775391,2.23408,0,219.04,0.6488423747448676,1.3,1.08,450.0
393453,52.780274,2.42034,0,219.04,0.6577553807055754,1.3,1.08,450.0
393454,52.79004,2.59472,0,219.04,0.6755813926271987,1.3,1.08,450.0
393455,52.799805,2.79523,0,219.04,0.6934055792352979,1.3,1.08,450.0
393456,52.809571,2.9704,0,219.04,0.711231591156921,1.3,1.08,450.0
393457,52.820313,3.12512,0,219.04,0.7308391090826544,1.3,1.08,450.0
393458,52.830079,3.20293,0,219.04,0.7486651210040702,1.3,1.08,450.0
393459,52.839844,3.14768,0,219.04,0.7664893076121693,1.3,1.08,450.0
393460,52.84961,3.14368,0,219.04,0.7843153195337926,1.3,1.08,450.0
393461,52.860352,3.19937,0,219.04,0.803922837459526,1.3,1.08,450.0
393462,52.865235,3.2524,0,219.04,0.812835843420234,1.3,1.08,450.0
393463,52.875,3.34864,0,219.04,0.830660030028333,1.3,1.08,450.0
393464,52.884766,3.41652,0,219.04,0.8484860419499562,1.3,1.08,450.0
393465,52.894532,3.59987,0,219.04,0.8663120538715795,1.3,1.08,450.0
393466,52.905274,3.84123,0,219.04,0.8859195717971053,1.3,1.08,450.0
393467,52.91504,3.90294,0,219.04,0.9037455837187287,1.3,1.08,450.0
393468,52.924805,3.69533,0,219.04,0.9215697703268279,1.3,1.08,450.0
393469,52.934571,2.59993,0,219.04,0.939395782248451,1.3,1.08,450.0
393470,52.945313,1.74658,0,219.04,0.9590033001741844,1.3,1.08,450.0
393471,52.955079,4.05299,0,219.04,0.9768293120956002,1.3,1.08,450.0
393472,52.964844,1.7558,0,219.04,0.9946534987036993,1.3,1.08,450.0
393473,52.97461,0.92089,0,219.04,0.012479510625322598,1.3,1.08,450.0
393474,52.979493,3.1016,1,217.2,0.0,1.3,1.08,450.0
393475,52.990235,3.9832,0,217.2,0.019443250361146712,1.3,1.08,450.0
393476,53.0,2.59751,0,217.2,0.03711810977075634,1.3,1.08,450.0
393477,53.009766,1.88313,0,217.2,0.0547947792018063,1.3,1.08,450.0
393478,53.019532,1.66769,0,217.2,0.07247144863285628,1.3,1.08,450.0
393479,53.030274,2.64823,0,217.2,0.09191469899400298,1.3,1.08,450.0
393480,53.04004,1.82339,0,217.2,0.10959136842505295,1.3,1.08,450.0
393481,53.049805,1.69564,0,217.2,0.12726622783466257,1.3,1.08,450.0
393482,53.059571,1.26596,0,217.2,0.14494289726571255,1.3,1.08,450.0
393483,53.06543,1.00219,0,217.2,0.15554781291143716,1.3,1.08,450.0
393484,53.075196,1.54852,0,217.2,0.17322448234248713,1.3,1.08,450.0
393485,53.084961,1.34295,0,217.2,0.19089934175209675,1.3,1.08,450.0
393486,53.094727,1.28216,0,217.2,0.20857601118314673,1.3,1.08,450.0
393487,53.104493,1.1611,0,217.2,0.22625268061419668,1.3,1.08,450.0
393488,53.115235,1.12626,0,217.2,0.2456959309753434,1.3,1.08,450.0
393489,53.125,1.00716,0,217.2,0.26337079038495304,1.3,1.08,450.0
393490,53.134766,1.11133,0,217.2,0.281047459816003,1.3,1.08,450.0
393491,53.144532,1.08748,0,217.2,0.29872412924705294,1.3,1.08,450.0
393492,53.155274,1.0925,0,217.2,0.3181673796081997,1.3,1.08,450.0
393493,53.16504,0.97507,0,217.2,0.33584404903924964,1.3,1.08,450.0
393494,53.169922,0.96416,0,217.2,0.34468057373343713,1.3,1.08,450.0
393495,53.179688,1.00023,0,217.2,0.36235724316448714,1.3,1.08,450.0
393496,53.19043,0.94932,0,217.2,0.38180049352563383,1.3,1.08,450.0
393497,53.200196,0.94762,0,217.2,0.3994771629566838,1.3,1.08,450.0
393498,53.209961,0.99096,0,217.2,0.41715202236629345,1.3,1.08,450.0
393499,53.219727,0.99727,0,217.2,0.4348286917973434,1.3,1.08,450.0
393500,53.229493,0.9864,0,217.2,0.45250536122839335,1.3,1.08,450.0
393501,53.240235,1.04162,0,217.2,0.4719486115895401,1.3,1.08,450.0
393502,53.25,1.05386,0,217.2,0.4896234709991497,1.3,1.08,450.0
393503,53.259766,1.06567,0,217.2,0.5073001404301997,1.3,1.08,450.0
393504,53.269532,1.01439,0,217.2,0.5249768098612496,1.3,1.08,450.0
393505,53.275391,1.05403,0,217.2,0.5355817255069742,1.3,1.08,450.0
393506,53.285157,1.07038,0,217.2,0.5532583949380243,1.3,1.08,450.0
393507,53.294922,1.01912,0,217.2,0.5709332543476339,1.3,1.08,450.0
393508,53.304688,1.06255,0,217.2,0.5886099237786838,1.3,1.08,450.0
393509,53.31543,1.00164,0,217.2,0.6080531741398306,1.3,1.08,450.0
393510,53.325196,1.05248,0,217.2,0.6257298435708805,1.3,1.08,450.0
393511,53.334961,0.97692,0,217.2,0.6434047029804901,1.3,1.08,450.0
393512,53.344727,1.03268,0,217.2,0.66108137241154,1.3,1.08,450.0
393513,53.354493,1.04661,0,217.2,0.67875804184259,1.3,1.08,450.0
393514,53.365235,1.04224,0,217.2,0.6982012922037367,1.3,1.08,450.0
393515,53.370118,1.09337,0,217.2,0.7070396269193646,1.3,1.08,450.0
393516,53.379883,1.04684,0,217.2,0.7247144863287684,1.3,1.08,450.0
393517,53.389649,1.01413,0,217.2,0.7423911557598185,1.3,1.08,450.0
393518,53.400391,0.97967,0,217.2,0.7618344061211709,1.3,1.08,450.0
393519,53.410157,1.02603,0,217.2,0.779511075552221,1.3,1.08,450.0
393520,53.419922,0.93118,0,217.2,0.7971859349618305,1.3,1.08,450.0
393521,53.429688,1.00533,0,217.2,0.8148626043928805,1.3,1.08,450.0
393522,53.44043,1.06762,0,217.2,0.8343058547540273,1.3,1.08,450.0
393523,53.450196,1.06146,0,217.2,0.8519825241850771,1.3,1.08,450.0
393524,53.459961,1.01528,0,217.2,0.8696573835946868,1.3,1.08,450.0
393525,53.469727,1.01706,0,217.2,0.8873340530257366,1.3,1.08,450.0
393526,53.479493,1.06954,0,217.2,0.9050107224567867,1.3,1.08,450.0
393527,53.485352,1.03113,0,217.2,0.9156156381025113,1.3,1.08,450.0
393528,53.495118,0.87597,0,217.2,0.9332923075335613,1.3,1.08,450.0
393529,53.504883,0.92017,0,217.2,0.9509671669429651,1.3,1.08,450.0
393530,53.514649,1.51781,1,220.02,0.0,1.3,1.08,450.0
393531,53.525391,1.19438,0,220.02,0.019695010901958934,1.3,1.08,450.0
393532,53.535157,1.14236,0,220.02,0.03760056633557401,1.3,1.08,450.0
393533,53.544922,1.27565,0,220.02,0.05550428831072212,1.3,1.08,450.0
393534,53.554688,2.06239,0,220.02,0.07340984374433719,1.3,1.08,450.0
393535,53.56543,2.61231,0,220.02,0.0931048546460877,1.3,1.08,450.0
393536,53.570313,3.83285,0,220.02,0.10205763236299945,1.3,1.08,450.0
393537,53.580079,3.88006,0,220.02,0.11996318779640609,1.3,1.08,450.0
393538,53.589844,3.04097,0,220.02,0.13786690977155422,1.3,1.08,450.0
393539,53.59961,2.70694,0,220.02,0.15577246520516927,1.3,1.08,450.0
393540,53.610352,1.92034,0,220.02,0.1754674761071282,1.3,1.08,450.0
393541,53.620118,2.42418,0,220.02,0.19337303154074328,1.3,1.08,450.0
393542,53.629883,2.28843,0,220.02,0.21127675351568295,1.3,1.08,450.0
393543,53.639649,2.66567,0,220.02,0.22918230894929803,1.3,1.08,450.0
393544,53.650391,3.45964,0,220.02,0.24887731985125697,1.3,1.08,450.0
393545,53.660157,6.31441,0,220.02,0.26678287528487205,1.3,1.08,450.0
393546,53.669922,3.31801,0,220.02,0.28468659726002016,1.3,1.08,450.0
393547,53.674805,2.3544,0,220.02,0.2936393749767235,1.3,1.08,450.0
393548,53.684571,1.17198,0,220.02,0.31154493041033854,1.3,1.08,450.0
393549,53.695313,0.97993,0,220.02,0.3312399413122975,1.3,1.08,450.0
393550,53.705079,0.73628,0,220.02,0.3491454967457041,1.3,1.08,450.0
393551,53.714844,0.62634,0,220.02,0.3670492187208522,1.3,1.08,450.0
393552,53.72461,0.63296,0,220.02,0.3849547741544673,1.3,1.08,450.0
393553,53.735352,0.88304,0,220.02,0.40464978505642624,1.3,1.08,450.0
393554,53.745118,1.23135,0,220.02,0.42255534049004134,1.3,1.08,450.0
393555,53.754883,1.29728,0,220.02,0.440459062464981,1.3,1.08,450.0
393556,53.764649,1.24183,0,220.02,0.45836461789859606,1.3,1.08,450.0
393557,53.769532,1.11858,0,220.02,0.46731739561550784,1.3,1.08,450.0
393558,53.780274,0.99998,0,220.02,0.4870124065172583,1.3,1.08,450.0
393559,53.79004,1.03578,0,220.02,0.5049179619508734,1.3,1.08,450.0
393560,53.799805,1.08092,0,220.02,0.5228216839260216,1.3,1.08,450.0
393561,53.809571,1.11814,0,220.02,0.5407272393596366,1.3,1.08,450.0
393562,53.820313,1.21158,0,220.02,0.5604222502615955,1.3,1.08,450.0
393563,53.830079,1.3235,0,220.02,0.5783278056950022,1.3,1.08,450.0
393564,53.839844,1.42046,0,220.02,0.5962315276701503,1.3,1.08,450.0
393565,53.84961,1.54937,0,220.02,0.6141370831037654,1.3,1.08,450.0
393566,53.860352,1.72804,0,220.02,0.6338320940057243,1.3,1.08,450.0
393567,53.865235,2.0256,0,220.02,0.6427848717224276,1.3,1.08,450.0
393568,53.875,2.29403,0,220.02,0.6606885936975757,1.3,1.08,450.0
393569,53.884766,2.47829,0,220.02,0.6785941491311909,1.3,1.08,450.0
393570,53.894532,2.59681,0,220.02,0.6964997045648059,1.3,1.08,450.0
393571,53.905274,2.7256,0,220.02,0.7161947154665564,1.3,1.08,450.0
393572,53.91504,2.90784,0,220.02,0.7341002709001715,1.3,1.08,450.0
393573,53.924805,3.05572,0,220.02,0.7520039928753196,1.3,1.08,450.0
393574,53.934571,3.11367,0,220.02,0.7699095483089347,1.3,1.08,450.0
393575,53.945313,3.18327,0,220.02,0.7896045592108936,1.3,1.08,450.0
393576,53.955079,3.22428,0,220.02,0.8075101146443002,1.3,1.08,450.0
393577,53.964844,3.14425,0,220.02,0.8254138366194483,1.3,1.08,450.0
393578,53.97461,3.16093,0,220.02,0.8433193920530634,1.3,1.08,450.0
393579,53.979493,3.32517,0,220.02,0.8522721697699751,1.3,1.08,450.0
393580,53.990235,3.57225,0,220.02,0.8719671806717256,1.3,1.08,450.0
393581,54.0,3.94783,0,220.02,0.8898709026468737,1.3,1.08,450.0
393582,54.009766,4.09315,0,220.02,0.9077764580804889,1.3,1.08,450.0
393583,54.019532,3.86903,0,220.02,0.925682013514104,1.3,1.08,450.0
393584,54.030274,2.30742,0,220.02,0.9453770244158545,1.3,1.08,450.0
393585,54.04004,1.91536,0,220.02,0.9632825798494695,1.3,1.08,450.0
393586,54.049805,3.78892,0,220.02,0.9811863018246176,1.3,1.08,450.0
393587,54.059571,1.6486,0,220.02,0.9990918572582327,1.3,1.08,450.0
393588,54.06543,0.27652,0,220.02,0.009834090443279875,1.3,1.08,450.0
393589,54.075196,3.10836,1,217.64,0.0,1.3,1.08,450.0
393590,54.084961,3.43134,0,217.64,0.01771042675316794,1.3,1.08,450.0
393591,54.094727,2.13072,0,217.64,0.03542266717010531,1.3,1.08,450.0
393592,54.104493,1.61646,0,217.64,0.053134907587042673,1.3,1.08,450.0
393593,54.115235,2.03494,0,217.64,0.07261728384726779,1.3,1.08,450.0
393594,54.125,2.08833,0,217.64,0.09032771060043572,1.3,1.08,450.0
393595,54.134766,1.52921,0,217.64,0.1080399510173731,1.3,1.08,450.0
393596,54.144532,1.60988,0,217.64,0.12575219143431046,1.3,1.08,450.0
393597,54.155274,1.35999,0,217.64,0.14523456769453558,1.3,1.08,450.0
393598,54.16504,0.87866,0,217.64,0.16294680811147294,1.3,1.08,450.0
393599,54.169922,1.48024,0,217.64,0.1718011146562753,1.3,1.08,450.0
393600,54.179688,1.45463,0,217.64,0.18951335507321268,1.3,1.08,450.0
393601,54.19043,1.23207,0,217.64,0.20899573133343777,1.3,1.08,450.0
393602,54.200196,1.14097,0,217.64,0.22670797175037513,1.3,1.08,450.0
393603,54.209961,1.11049,0,217.64,0.24441839850354308,1.3,1.08,450.0
393604,54.219727,1.16791,0,217.64,0.26213063892048044,1.3,1.08,450.0
393605,54.229493,1.10013,0,217.64,0.2798428793374178,1.3,1.08,450.0
393606,54.240235,1.11101,0,217.64,0.29932525559764295,1.3,1.08,450.0
393607,54.25,1.01719,0,217.64,0.31703568235081087,1.3,1.08,450.0
393608,54.259766,0.94802,0,217.64,0.33474792276774823,1.3,1.08,450.0
393609,54.269532,0.97493,0,217.64,0.3524601631846856,1.3,1.08,450.0
393610,54.275391,0.98365,0,217.64,0.3630864192365451,1.3,1.08,450.0
393611,54.285157,0.96066,0,217.64,0.3807986596534825,1.3,1.08,450.0
393612,54.294922,1.00561,0,217.64,0.39850908640665045,1.3,1.08,450.0
393613,54.304688,0.99637,0,217.64,0.4162213268235878,1.3,1.08,450.0
393614,54.31543,0.96915,0,217.64,0.4357037030838129,1.3,1.08,450.0
393615,54.325196,0.98187,0,217.64,0.45341594350075026,1.3,1.08,450.0
393616,54.334961,1.03391,0,217.64,0.47112637025391824,1.3,1.08,450.0
393617,54.344727,1.07299,0,217.64,0.4888386106708556,1.3,1.08,450.0
393618,54.354493,1.01046,0,217.64,0.506550851087793,1.3,1.08,450.0
393619,54.360352,1.02115,0,217.64,0.5171771071396525,1.3,1.08,450.0
393620,54.370118,1.06119,0,217.64,0.5348893475565898,1.3,1.08,450.0
393621,54.379883,0.97795,0,217.64,0.5525997743095517,1.3,1.08,450.0
393622,54.389649,1.09081,0,217.64,0.570312014726489,1.3,1.08,450.0
393623,54.400391,1.01491,0,217.64,0.5897943909869203,1.3,1.08,450.0
393624,54.410157,1.0206,0,217.64,0.6075066314038576,1.3,1.08,450.0
393625,54.419922,1.04561,0,217.64,0.6252170581570256,1.3,1.08,450.0
393626,54.429688,1.0182,0,217.64,0.6429292985739629,1.3,1.08,450.0
393627,54.44043,1.10191,0,217.64,0.662411674834188,1.3,1.08,450.0
393628,54.450196,1.07406,0,217.64,0.6801239152511254,1.3,1.08,450.0
393629,54.459961,1.11209,0,217.64,0.6978343420042934,1.3,1.08,450.0
393630,54.469727,1.01673,0,217.64,0.7155465824212307,1.3,1.08,450.0
393631,54.47461,1.02912,0,217.64,0.7244027026295964,1.3,1.08,450.0
393632,54.485352,0.95857,0,217.64,0.7438850788900276,1.3,1.08,450.0
393633,54.495118,1.03862,0,217.64,0.761597319306965,1.3,1.08,450.0
393634,54.504883,0.96435,0,217.64,0.7793077460599267,1.3,1.08,450.0
393635,54.514649,1.00269,0,217.64,0.797019986476864,1.3,1.08,450.0
393636,54.525391,1.06659,0,217.64,0.8165023627372955,1.3,1.08,450.0
393637,54.535157,1.12635,0,217.64,0.8342146031542328,1.3,1.08,450.0
393638,54.544922,1.04282,0,217.64,0.8519250299074007,1.3,1.08,450.0
393639,54.554688,1.10504,0,217.64,0.869637270324338,1.3,1.08,450.0
393640,54.56543,1.11381,0,217.64,0.8891196465845631,1.3,1.08,450.0
393641,54.570313,1.09399,0,217.64,0.897975766793135,1.3,1.08,450.0
393642,54.580079,0.92505,0,217.64,0.9156880072098661,1.3,1.08,450.0
393643,54.589844,0.84653,0,217.64,0.9333984339630341,1.3,1.08,450.0
393644,54.59961,1.03568,0,217.64,0.9511106743799715,1.3,1.08,450.0
393645,54.610352,1.53018,1,220.28,0.0,1.3,1.08,450.0
393646,54.620118,0.99132,0,220.28,0.017926898025145965,1.3,1.08,450.0
393647,54.629883,1.24698,0,220.28,0.035851960406218825,1.3,1.08,450.0
393648,54.639649,1.8531,0,220.28,0.05377885843136479,1.3,1.08,450.0
393649,54.650391,2.58987,0,220.28,0.07349734487276931,1.3,1.08,450.0
393650,54.660157,3.62499,0,220.28,0.09142424289791527,1.3,1.08,450.0
393651,54.66504,3.71707,0,220.28,0.10038769191038391,1.3,1.08,450.0
393652,54.674805,3.39685,0,220.28,0.11831275429166546,1.3,1.08,450.0
393653,54.684571,2.95138,0,220.28,0.13623965231681143,1.3,1.08,450.0
393654,54.695313,2.50766,0,220.28,0.15595813875821596,1.3,1.08,450.0
393655,54.705079,2.42493,0,220.28,0.17388503678315323,1.3,1.08,450.0
393656,54.714844,2.89826,0,220.28,0.19181009916443476,1.3,1.08,450.0
393657,54.72461,2.85261,0,220.28,0.20973699718958072,1.3,1.08,450.0
393658,54.735352,3.18871,0,220.28,0.22945548363098525,1.3,1.08,450.0
393659,54.745118,5.67449,0,220.28,0.24738238165613122,1.3,1.08,450.0
393660,54.754883,3.18935,0,220.28,0.2653074440372041,1.3,1.08,450.0
393661,54.764649,2.01931,0,220.28,0.28323434206235004,1.3,1.08,450.0
393662,54.775391,0.95718,0,220.28,0.3029528285037546,1.3,1.08,450.0
393663,54.780274,1.07179,0,220.28,0.3119162775162232,1.3,1.08,450.0
393664,54.79004,1.05478,0,220.28,0.32984317554136916,1.3,1.08,450.0
393665,54.799805,0.92391,0,220.28,0.3477682379226507,1.3,1.08,450.0
393666,54.809571,0.99942,0,220.28,0.3656951359477967,1.3,1.08,450.0
393667,54.820313,1.44199,0,220.28,0.3854136223892012,1.3,1.08,450.0
393668,54.830079,1.75923,0,220.28,0.4033405204141385,1.3,1.08,450.0
393669,54.839844,1.86879,0,220.28,0.42126558279542003,1.3,1.08,450.0
393670,54.84961,1.65541,0,220.28,0.439192480820566,1.3,1.08,450.0
393671,54.860352,1.23096,0,220.28,0.4589109672619705,1.3,1.08,450.0
393672,54.865235,0.93325,0,220.28,0.46787441627443915,1.3,1.08,450.0
393673,54.875,0.86388,0,220.28,0.4857994786557207,1.3,1.08,450.0
393674,54.884766,0.93615,0,220.28,0.5037263766808666,1.3,1.08,450.0
393675,54.894532,1.09805,0,220.28,0.5216532747060126,1.3,1.08,450.0
393676,54.905274,1.27374,0,220.28,0.5413717611472085,1.3,1.08,450.0
393677,54.91504,1.46248,0,220.28,0.5592986591723544,1.3,1.08,450.0
393678,54.924805,1.6539,0,220.28,0.577223721553636,1.3,1.08,450.0
393679,54.934571,1.70048,0,220.28,0.5951506195787819,1.3,1.08,450.0
393680,54.945313,1.63754,0,220.28,0.6148691060201865,1.3,1.08,450.0
393681,54.955079,1.8353,0,220.28,0.6327960040451237,1.3,1.08,450.0
393682,54.964844,2.1759,0,220.28,0.6507210664264053,1.3,1.08,450.0
393683,54.969727,2.5302,0,220.28,0.6596845154390826,1.3,1.08,450.0
393684,54.979493,2.83715,0,220.28,0.6776114134642286,1.3,1.08,450.0
393685,54.990235,3.03269,0,220.28,0.6973298999054244,1.3,1.08,450.0
393686,55.0,3.18485,0,220.28,0.7152549622867059,1.3,1.08,450.0
393687,55.009766,3.28736,0,220.28,0.733181860311852,1.3,1.08,450.0
393688,55.019532,3.29009,0,220.28,0.7511087583369979,1.3,1.08,450.0
393689,55.030274,3.3356,0,220.28,0.7708272447781936,1.3,1.08,450.0
393690,55.04004,3.43716,0,220.28,0.7887541428033397,1.3,1.08,450.0
393691,55.049805,3.44004,0,220.28,0.8066792051846213,1.3,1.08,450.0
393692,55.059571,3.44743,0,220.28,0.8246061032097672,1.3,1.08,450.0
393693,55.06543,3.51582,0,220.28,0.8353611406384943,1.3,1.08,450.0
393694,55.075196,3.70372,0,220.28,0.8532880386636403,1.3,1.08,450.0
393695,55.084961,4.06247,0,220.28,0.8712131010449219,1.3,1.08,450.0
393696,55.094727,4.23346,0,220.28,0.8891399990700678,1.3,1.08,450.0
393697,55.104493,4.08381,0,220.28,0.9070668970952138,1.3,1.08,450.0
393698,55.115235,2.28968,0,220.28,0.9267853835364097,1.3,1.08,450.0
393699,55.125,2.49648,0,220.28,0.9447104459176912,1.3,1.08,450.0
393700,55.134766,3.6872,0,220.28,0.9626373439428372,1.3,1.08,450.0
393701,55.144532,1.10275,0,220.28,0.9805642419679831,1.3,1.08,450.0
393702,55.155274,1.17118,0,220.28,0.00028272840917908937,1.3,1.08,450.0
393703,55.160157,3.84171,0,220.28,0.009246177421856405,1.3,1.08,450.0
393704,55.169922,3.18695,0,220.28,0.027171239803137848,1.3,1.08,450.0
393705,55.179688,1.98935,0,220.28,0.04509813782828376,1.3,1.08,450.0
393706,55.19043,1.73548,0,220.28,0.06481662426947965,1.3,1.08,450.0
393707,55.200196,2.66815,0,220.28,0.08274352229462556,1.3,1.08,450.0
393708,55.209961,1.80607,0,220.28,0.10066858467590722,1.3,1.08,450.0
393709,55.219727,1.11745,0,220.28,0.11859548270105313,1.3,1.08,450.0
393710,55.229493,0.99881,0,220.28,0.13652238072619904,1.3,1.08,450.0
393711,55.240235,1.53581,1,208.37,0.0,1.3,1.08,450.0
393712,55.25,1.22404,0,208.37,0.01695618907122733,1.3,1.08,450.0
393713,55.259766,1.27481,0,208.37,0.03391411456734236,1.3,1.08,450.0
393714,55.269532,1.35894,0,208.37,0.05087204006345739,1.3,1.08,450.0
393715,55.275391,1.28939,0,208.37,0.06104575350615431,1.3,1.08,450.0
393716,55.285157,1.15477,0,208.37,0.07800367900226934,1.3,1.08,450.0
393717,55.294922,1.13976,0,208.37,0.09495986807349667,1.3,1.08,450.0
393718,55.304688,1.09634,0,208.37,0.1119177935696117,1.3,1.08,450.0
393719,55.31543,1.00458,0,208.37,0.13057046976026745,1.3,1.08,450.0
393720,55.325196,1.11312,0,208.37,0.14752839525638248,1.3,1.08,450.0
393721,55.334961,0.88504,0,208.37,0.1644845843276098,1.3,1.08,450.0
393722,55.344727,1.1023,0,208.37,0.1814425098237248,1.3,1.08,450.0
393723,55.354493,0.95212,0,208.37,0.1984004353198399,1.3,1.08,450.0
393724,55.360352,0.95947,0,208.37,0.2085741487625368,1.3,1.08,450.0
393725,55.370118,0.96834,0,208.37,0.22553207425865182,1.3,1.08,450.0
393726,55.379883,0.98215,0,208.37,0.24248826332968174,1.3,1.08,450.0
393727,55.389649,0.97508,0,208.37,0.25944618882579673,1.3,1.08,450.0
393728,55.400391,1.01581,0,208.37,0.27809886501664993,1.3,1.08,450.0
393729,55.410157,1.06103,0,208.37,0.29505679051276495,1.3,1.08,450.0
393730,55.419922,1.03183,0,208.37,0.31201297958399227,1.3,1.08,450.0
393731,55.429688,1.05343,0,208.37,0.32897090508010735,1.3,1.08,450.0
393732,55.44043,0.99784,0,208.37,0.347623581270763,1.3,1.08,450.0
393733,55.450196,1.08263,0,208.37,0.3645815067668781,1.3,1.08,450.0
393734,55.459961,1.01443,0,208.37,0.3815376958381054,1.3,1.08,450.0
393735,55.469727,0.98741,0,208.37,0.3984956213342204,1.3,1.08,450.0
393736,55.47461,1.07208,0,208.37,0.40697458408217924,1.3,1.08,450.0
393737,55.484375,0.99695,0,208.37,0.42393077315340655,1.3,1.08,450.0
393738,55.495118,1.05761,0,208.37,0.44258518576914746,1.3,1.08,450.0
393739,55.504883,1.06919,0,208.37,0.4595413748401773,1.3,1.08,450.0
393740,55.514649,1.03081,0,208.37,0.47649930033629234,1.3,1.08,450.0
393741,55.525391,1.04228,0,208.37,0.4951519765271455,1.3,1.08,450.0
393742,55.535157,1.03516,0,208.37,0.5121099020232606,1.3,1.08,450.0
393743,55.544922,0.99473,0,208.37,0.5290660910944879,1.3,1.08,450.0
393744,55.554688,1.04266,0,208.37,0.546024016590603,1.3,1.08,450.0
393745,55.56543,1.03947,0,208.37,0.5646766927812586,1.3,1.08,450.0
393746,55.570313,1.04459,0,208.37,0.5731556555294148,1.3,1.08,450.0
393747,55.580079,1.0586,0,208.37,0.5901135810253325,1.3,1.08,450.0
393748,55.589844,0.90844,0,208.37,0.6070697700965598,1.3,1.08,450.0
393749,55.59961,1.02103,0,208.37,0.6240276955926748,1.3,1.08,450.0
393750,55.610352,1.04745,0,208.37,0.642680371783528,1.3,1.08,450.0
393751,55.620118,0.97593,0,208.37,0.6596382972796431,1.3,1.08,450.0
393752,55.629883,1.03667,0,208.37,0.676594486350673,1.3,1.08,450.0
393753,55.639649,1.0809,0,208.37,0.693552411846788,1.3,1.08,450.0
393754,55.650391,1.07256,0,208.37,0.712205088037641,1.3,1.08,450.0
393755,55.660157,1.04133,0,208.37,0.7291630135337562,1.3,1.08,450.0
393756,55.66504,1.01603,0,208.37,0.7376419762817149,1.3,1.08,450.0
393757,55.674805,0.90883,0,208.37,0.7545981653529422,1.3,1.08,450.0
393758,55.684571,0.92756,0,208.37,0.7715560908490573,1.3,1.08,450.0
393759,55.695313,1.73498,1,230.5,0.0,1.3,1.08,450.0
393760,55.705079,1.02757,0,230.5,0.018758778256162546,1.3,1.08,450.0
393761,55.714844,1.37957,0,230.5,0.03751563568741455,1.3,1.08,450.0
393762,55.72461,1.52625,0,230.5,0.05627441394379547,1.3,1.08,450.0
393763,55.735352,1.77282,0,230.5,0.07690791753080264,1.3,1.08,450.0
393764,55.745118,2.89294,0,230.5,0.09566669578718355,1.3,1.08,450.0
393765,55.754883,3.80004,0,230.5,0.11442355321821719,1.3,1.08,450.0
393766,55.764649,3.69357,0,230.5,0.1331823314745981,1.3,1.08,450.0
393767,55.775391,3.1335,0,230.5,0.1538158350616053,1.3,1.08,450.0
393768,55.780274,2.67778,0,230.5,0.16319522418968654,1.3,1.08,450.0
393769,55.79004,1.67927,0,230.5,0.18195400244606746,1.3,1.08,450.0
393770,55.799805,2.1923,0,230.5,0.2007108598773195,1.3,1.08,450.0
393771,55.809571,2.61522,0,230.5,0.21946963813370038,1.3,1.08,450.0
393772,55.820313,3.37852,0,230.5,0.24010314172070757,1.3,1.08,450.0
393773,55.830079,4.19363,0,230.5,0.25886191997687014,1.3,1.08,450.0
393774,55.839844,5.45677,0,230.5,0.27761877740812213,1.3,1.08,450.0
393775,55.84961,3.22756,0,230.5,0.2963775556645031,1.3,1.08,450.0
393776,55.860352,1.80093,0,230.5,0.31701105925151024,1.3,1.08,450.0
393777,55.865235,1.0771,0,230.5,0.32639044837959147,1.3,1.08,450.0
393778,55.875,0.96158,0,230.5,0.34514730581084346,1.3,1.08,450.0
393779,55.884766,0.7981,0,230.5,0.3639060840672244,1.3,1.08,450.0
393780,55.894532,0.71215,0,230.5,0.38266486232360536,1.3,1.08,450.0
393781,55.905274,0.75616,0,230.5,0.4032983659103941,1.3,1.08,450.0
393782,55.91504,1.0885,0,230.5,0.42205714416677503,1.3,1.08,450.0
393783,55.924805,1.37663,0,230.5,0.440814001598027,1.3,1.08,450.0
393784,55.934571,1.43435,0,230.5,0.459572779854408,1.3,1.08,450.0
393785,55.945313,1.25351,0,230.5,0.48020628344141514,1.3,1.08,450.0
393786,55.955079,1.02027,0,230.5,0.4989650616975777,1.3,1.08,450.0
393787,55.964844,0.93653,0,230.5,0.5177219191288297,1.3,1.08,450.0
393788,55.969727,1.05866,0,230.5,0.5271013082571293,1.3,1.08,450.0
393789,55.979493,1.10226,0,230.5,0.5458600865135103,1.3,1.08,450.0
393790,55.990235,1.0764,0,230.5,0.566493590100299,1.3,1.08,450.0
393791,56.0,1.17921,0,230.5,0.5852504475315511,1.3,1.08,450.0
393792,56.009766,1.3198,0,230.5,0.6040092257879319,1.3,1.08,450.0
393793,56.019532,1.51594,0,230.5,0.6227680040443129,1.3,1.08,450.0
393794,56.030274,1.7076,0,230.5,0.6434015076311017,1.3,1.08,450.0
393795,56.04004,1.96504,0,230.5,0.6621602858874827,1.3,1.08,450.0
393796,56.049805,2.22951,0,230.5,0.6809171433187345,1.3,1.08,450.0
393797,56.059571,2.43565,0,230.5,0.6996759215751156,1.3,1.08,450.0
393798,56.06543,2.62166,0,230.5,0.710930036033823,1.3,1.08,450.0
393799,56.075196,2.78846,0,230.5,0.729688814290204,1.3,1.08,450.0
393800,56.084961,2.99865,0,230.5,0.7484456717214559,1.3,1.08,450.0
393801,56.094727,3.21424,0,230.5,0.767204449977837,1.3,1.08,450.0
393802,56.104493,3.32024,0,230.5,0.7859632282342178,1.3,1.08,450.0
393803,56.115235,3.28362,0,230.5,0.8065967318210066,1.3,1.08,450.0
393804,56.125,3.20867,0,230.5,0.8253535892522587,1.3,1.08,450.0
393805,56.134766,3.11426,0,230.5,0.8441123675086395,1.3,1.08,450.0
393806,56.144532,3.06527,0,230.5,0.8628711457650204,1.3,1.08,450.0
393807,56.155274,3.15286,0,230.5,0.8835046493518093,1.3,1.08,450.0
393808,56.160157,3.32496,0,230.5,0.8928840384801089,1.3,1.08,450.0
393809,56.169922,3.73307,0,230.5,0.9116408959113609,1.3,1.08,450.0
393810,56.179688,4.11307,0,230.5,0.9303996741677418,1.3,1.08,450.0
393811,56.19043,3.97224,0,230.5,0.9510331777545306,1.3,1.08,450.0
393812,56.200196,3.62253,0,230.5,0.9697919560109116,1.3,1.08,450.0
393813,56.209961,1.85063,0,230.5,0.9885488134421635,1.3,1.08,450.0
393814,56.219727,2.87638,0,230.5,0.007307591698544558,1.3,1.08,450.0
393815,56.229493,4.0164,0,230.5,0.026066369954925284,1.3,1.08,450.0
393816,56.240235,1.7109,0,230.5,0.04669987354171412,1.3,1.08,450.0
393817,56.25,1.35751,0,230.5,0.06545673097296612,1.3,1.08,450.0
393818,56.259766,3.62454,0,230.5,0.08421550922934729,1.3,1.08,450.0
393819,56.269532,3.53464,0,230.5,0.10297428748572801,1.3,1.08,450.0
393820,56.275391,2.25837,0,230.5,0.11422840194443551,1.3,1.08,450.0
393821,56.285157,1.66993,0,230.5,0.13298718020081646,1.3,1.08,450.0
393822,56.294922,2.09792,0,230.5,0.15174403763206845,1.3,1.08,450.0
393823,56.304688,2.63218,0,230.5,0.1705028158884494,1.3,1.08,450.0
393824,56.31543,1.77342,0,230.5,0.19113631947523824,1.3,1.08,450.0
393825,56.325196,1.31149,0,230.5,0.20989509773161896,1.3,1.08,450.0
393826,56.334961,0.78053,0,230.5,0.22865195516287118,1.3,1.08,450.0
393827,56.344727,1.46646,1,212.21,0.0,1.3,1.08,450.0
393828,56.354493,1.33657,0,212.21,0.017270536104178613,1.3,1.08,450.0
393829,56.360352,1.44079,0,212.21,0.02763179670565475,1.3,1.08,450.0
393830,56.370118,1.21059,0,212.21,0.04490233280983336,1.3,1.08,450.0
393831,56.379883,1.27374,0,212.21,0.06217110047882623,1.3,1.08,450.0
393832,56.389649,1.05836,0,212.21,0.07944163658300483,1.3,1.08,450.0
393833,56.400391,1.1934,0,212.21,0.09843816523667082,1.3,1.08,450.0
393834,56.410157,1.11421,0,212.21,0.11570870134084942,1.3,1.08,450.0
393835,56.419922,1.11155,0,212.21,0.13297746901004334,1.3,1.08,450.0
393836,56.429688,1.04281,0,212.21,0.15024800511422193,1.3,1.08,450.0
393837,56.44043,0.94365,0,212.21,0.16924453376768686,1.3,1.08,450.0
393838,56.450196,0.94746,0,212.21,0.18651506987186547,1.3,1.08,450.0
393839,56.459961,0.93771,0,212.21,0.2037838375410594,1.3,1.08,450.0
393840,56.464844,0.95839,0,212.21,0.2124191055930482,1.3,1.08,450.0
393841,56.47461,0.94561,0,212.21,0.2296896416972268,1.3,1.08,450.0
393842,56.485352,1.00758,0,212.21,0.24868617035089274,1.3,1.08,450.0
393843,56.495118,0.98106,0,212.21,0.26595670645507136,1.3,1.08,450.0
393844,56.504883,1.0106,0,212.21,0.28322547412406424,1.3,1.08,450.0
393845,56.514649,1.05541,0,212.21,0.30049601022824285,1.3,1.08,450.0
393846,56.525391,1.05707,0,212.21,0.3194925388819088,1.3,1.08,450.0
393847,56.535157,1.06732,0,212.21,0.3367630749860874,1.3,1.08,450.0
393848,56.544922,0.98497,0,212.21,0.35403184265528137,1.3,1.08,450.0
393849,56.554688,1.10457,0,212.21,0.37130237875946,1.3,1.08,450.0
393850,56.56543,0.97443,0,212.21,0.3902989074129249,1.3,1.08,450.0
393851,56.570313,1.06918,0,212.21,0.3989341754651147,1.3,1.08,450.0
393852,56.580079,1.06545,0,212.21,0.4162047115690923,1.3,1.08,450.0
393853,56.589844,1.05141,0,212.21,0.4334734792382862,1.3,1.08,450.0
393854,56.59961,1.00704,0,212.21,0.4507440153424648,1.3,1.08,450.0
393855,56.610352,1.0417,0,212.21,0.46974054399613074,1.3,1.08,450.0
393856,56.620118,1.07504,0,212.21,0.48701108010030936,1.3,1.08,450.0
393857,56.629883,1.06724,0,212.21,0.5042798477693022,1.3,1.08,450.0
393858,56.639649,1.04843,0,212.21,0.5215503838734808,1.3,1.08,450.0
393859,56.650391,1.05275,0,212.21,0.5405469125271468,1.3,1.08,450.0
393860,56.655274,1.04543,0,212.21,0.5491821805791356,1.3,1.08,450.0
393861,56.66504,0.99666,0,212.21,0.5664527166833142,1.3,1.08,450.0
393862,56.674805,0.97317,0,212.21,0.5837214843525081,1.3,1.08,450.0
393863,56.684571,1.05901,0,212.21,0.6009920204566868,1.3,1.08,450.0
393864,56.695313,0.91799,0,212.21,0.6199885491103527,1.3,1.08,450.0
393865,56.705079,1.03691,0,212.21,0.6372590852143303,1.3,1.08,450.0
393866,56.714844,1.0679,0,212.21,0.6545278528835241,1.3,1.08,450.0
393867,56.72461,1.03457,0,212.21,0.6717983889877028,1.3,1.08,450.0
393868,56.735352,1.01717,0,212.21,0.6907949176413688,1.3,1.08,450.0
393869,56.745118,1.07094,0,212.21,0.7080654537455474,1.3,1.08,450.0
393870,56.754883,1.04939,0,212.21,0.7253342214145403,1.3,1.08,450.0
393871,56.764649,1.05699,0,212.21,0.7426047575187188,1.3,1.08,450.0
393872,56.769532,0.88954,0,212.21,0.7512400255709086,1.3,1.08,450.0
393873,56.780274,0.92386,0,212.21,0.7702365542243736,1.3,1.08,450.0
393874,56.79004,1.15693,0,212.21,0.7875070903285522,1.3,1.08,450.0
393875,56.799805,1.38539,1,232.8,0.0,1.3,1.08,450.0
393876,56.809571,0.92562,0,232.8,0.01894634462122121,1.3,1.08,450.0
393877,56.820313,1.45707,0,232.8,0.03978615968591844,1.3,1.08,450.0
393878,56.830079,1.62093,0,232.8,0.0587325043069191,1.3,1.08,450.0
393879,56.839844,2.32435,0,232.8,0.07767690889695318,1.3,1.08,450.0
393880,56.84961,3.33446,0,232.8,0.0966232535181744,1.3,1.08,450.0
393881,56.860352,4.01428,0,232.8,0.11746306858287163,1.3,1.08,450.0
393882,56.865235,3.28843,0,232.8,0.12693624089337197,1.3,1.08,450.0
393883,56.875,2.97201,0,232.8,0.14588064548340604,1.3,1.08,450.0
393884,56.884766,2.29298,0,232.8,0.16482699010462726,1.3,1.08,450.0
393885,56.894532,2.06807,0,232.8,0.18377333472584848,1.3,1.08,450.0
393886,56.905274,2.59708,0,232.8,0.20461314979032516,1.3,1.08,450.0
393887,56.91504,2.93335,0,232.8,0.22355949441154635,1.3,1.08,450.0
393888,56.924805,3.0902,0,232.8,0.24250389900158045,1.3,1.08,450.0
393889,56.934571,6.24335,0,232.8,0.26145024362280167,1.3,1.08,450.0
393890,56.945313,3.47285,0,232.8,0.2822900586874989,1.3,1.08,450.0
393891,56.955079,2.85655,0,232.8,0.30123640330849955,1.3,1.08,450.0
393892,56.959961,1.25885,0,232.8,0.3107076355880333,1.3,1.08,450.0
393893,56.969727,1.00776,0,232.8,0.3296539802092545,1.3,1.08,450.0
393894,56.979493,0.87929,0,232.8,0.34860032483047576,1.3,1.08,450.0
393895,56.990235,0.80606,0,232.8,0.3694401398949524,1.3,1.08,450.0
393896,57.0,0.69026,0,232.8,0.3883845444849865,1.3,1.08,450.0
393897,57.009766,0.77259,0,232.8,0.4073308891062077,1.3,1.08,450.0
393898,57.019532,1.18061,0,232.8,0.42627723372742893,1.3,1.08,450.0
393899,57.030274,1.5809,0,232.8,0.44711704879190556,1.3,1.08,450.0
393900,57.04004,1.7139,0,232.8,0.4660633934131268,1.3,1.08,450.0
393901,57.049805,1.48347,0,232.8,0.4850077980031609,1.3,1.08,450.0
393902,57.059571,1.1394,0,232.8,0.5039541426243821,1.3,1.08,450.0
393903,57.06543,0.96837,0,232.8,0.5153207853783585,1.3,1.08,450.0
393904,57.075196,1.0299,0,232.8,0.5342671299995796,1.3,1.08,450.0
393905,57.084961,1.06845,0,232.8,0.5532115345896138,1.3,1.08,450.0
393906,57.094727,1.17126,0,232.8,0.5721578792108349,1.3,1.08,450.0
393907,57.104493,1.41395,0,232.8,0.5911042238320562,1.3,1.08,450.0
393908,57.115235,1.59435,0,232.8,0.6119440388965329,1.3,1.08,450.0
393909,57.125,1.64522,0,232.8,0.630888443486567,1.3,1.08,450.0
393910,57.134766,1.72043,0,232.8,0.6498347881077883,1.3,1.08,450.0
393911,57.144532,1.90042,0,232.8,0.6687811327290094,1.3,1.08,450.0
393912,57.150391,2.15455,0,232.8,0.6801477754829858,1.3,1.08,450.0
393913,57.160157,2.40221,0,232.8,0.6990941201042069,1.3,1.08,450.0
393914,57.169922,2.65568,0,232.8,0.7180385246942411,1.3,1.08,450.0
393915,57.179688,2.89479,0,232.8,0.7369848693154623,1.3,1.08,450.0
393916,57.19043,3.0885,0,232.8,0.7578246843799389,1.3,1.08,450.0
393917,57.200196,3.25257,0,232.8,0.7767710290011601,1.3,1.08,450.0
393918,57.209961,3.30267,0,232.8,0.7957154335911942,1.3,1.08,450.0
393919,57.219727,3.23613,0,232.8,0.8146617782124154,1.3,1.08,450.0
393920,57.229493,3.22789,0,232.8,0.8336081228336366,1.3,1.08,450.0
393921,57.240235,3.1965,0,232.8,0.8544479378981134,1.3,1.08,450.0
393922,57.25,3.24861,0,232.8,0.8733923424881475,1.3,1.08,450.0
393923,57.259766,3.34911,0,232.8,0.8923386871093687,1.3,1.08,450.0
393924,57.264649,3.57482,0,232.8,0.901811859419869,1.3,1.08,450.0
393925,57.275391,3.97203,0,232.8,0.9226516744845662,1.3,1.08,450.0
393926,57.285157,4.17116,0,232.8,0.9415980191057874,1.3,1.08,450.0
393927,57.294922,4.05164,0,232.8,0.9605424236958215,1.3,1.08,450.0
393928,57.304688,3.41842,0,232.8,0.9794887683170427,1.3,1.08,450.0
393929,57.31543,0.93977,0,232.8,0.00032858338151942057,1.3,1.08,450.0
393930,57.325196,3.94597,1,231.04,0.0,1.3,1.08,450.0
393931,57.334961,2.11682,0,231.04,0.018801105849136697,1.3,1.08,450.0
393932,57.344727,1.32865,0,231.04,0.0376041370547303,1.3,1.08,450.0
393933,57.354493,2.88377,0,231.04,0.056407168260323895,1.3,1.08,450.0
393934,57.360352,3.69447,0,231.04,0.06768783176976215,1.3,1.08,450.0
393935,57.370118,2.4868,0,231.04,0.08649086297535574,1.3,1.08,450.0
393936,57.379883,1.69794,0,231.04,0.10529196882427354,1.3,1.08,450.0
393937,57.389649,1.46701,0,231.04,0.12409500002986713,1.3,1.08,450.0
393938,57.400391,2.55823,0,231.04,0.14477717914221164,1.3,1.08,450.0
393939,57.410157,1.9283,0,231.04,0.1635802103478052,1.3,1.08,450.0
393940,57.419922,1.54934,0,231.04,0.18238131619694192,1.3,1.08,450.0
393941,57.429688,1.58804,0,231.04,0.20118434740253552,1.3,1.08,450.0
393942,57.44043,1.07223,0,231.04,0.2218665265146611,1.3,1.08,450.0
393943,57.450196,1.2894,0,231.04,0.24066955772025472,1.3,1.08,450.0
393944,57.459961,1.6856,0,231.04,0.2594706635693914,1.3,1.08,450.0
393945,57.464844,1.35311,0,231.04,0.2688721791720788,1.3,1.08,450.0
393946,57.47461,1.19307,0,231.04,0.2876752103776724,1.3,1.08,450.0
393947,57.485352,1.21495,0,231.04,0.30835738949001684,1.3,1.08,450.0
393948,57.495118,1.2131,0,231.04,0.3271604206956104,1.3,1.08,450.0
393949,57.504883,1.00029,0,231.04,0.3459615265445282,1.3,1.08,450.0
393950,57.514649,1.11635,0,231.04,0.36476455775012184,1.3,1.08,450.0
393951,57.525391,1.01159,0,231.04,0.38544673686246633,1.3,1.08,450.0
393952,57.535157,0.97337,0,231.04,0.40424976806805996,1.3,1.08,450.0
393953,57.544922,0.95043,0,231.04,0.4230508739171966,1.3,1.08,450.0
393954,57.554688,0.96097,0,231.04,0.4418539051227902,1.3,1.08,450.0
393955,57.56543,0.98174,0,231.04,0.4625360842349158,1.3,1.08,450.0
393956,57.570313,1.02735,0,231.04,0.471937599837822,1.3,1.08,450.0
393957,57.580079,1.01885,0,231.04,0.4907406310431968,1.3,1.08,450.0
393958,57.589844,1.04132,0,231.04,0.5095417368923335,1.3,1.08,450.0
393959,57.59961,1.11542,0,231.04,0.5283447680979271,1.3,1.08,450.0
393960,57.610352,1.07899,0,231.04,0.5490269472102715,1.3,1.08,450.0
393961,57.620118,1.06179,0,231.04,0.5678299784158651,1.3,1.08,450.0
393962,57.629883,1.00141,0,231.04,0.5866310842647829,1.3,1.08,450.0
393963,57.639649,1.09337,0,231.04,0.6054341154703766,1.3,1.08,450.0
393964,57.650391,0.9818,0,231.04,0.626116294582721,1.3,1.08,450.0
393965,57.655274,1.0739,0,231.04,0.6355178101854084,1.3,1.08,450.0
393966,57.66504,1.0078,0,231.04,0.654320841391002,1.3,1.08,450.0
393967,57.674805,0.99843,0,231.04,0.6731219472401387,1.3,1.08,450.0
393968,57.684571,1.01242,0,231.04,0.6919249784457323,1.3,1.08,450.0
393969,57.695313,1.00573,0,231.04,0.7126071575580768,1.3,1.08,450.0
393970,57.705079,1.05615,0,231.04,0.7314101887634515,1.3,1.08,450.0
393971,57.714844,1.02575,0,231.04,0.7502112946125882,1.3,1.08,450.0
393972,57.72461,1.03313,0,231.04,0.7690143258181817,1.3,1.08,450.0
393973,57.735352,1.0472,0,231.04,0.7896965049305263,1.3,1.08,450.0
393974,57.745118,1.00648,0,231.04,0.8084995361361199,1.3,1.08,450.0
393975,57.754883,1.01634,0,231.04,0.8273006419850376,1.3,1.08,450.0
393976,57.764649,1.12773,0,231.04,0.8461036731906313,1.3,1.08,450.0
393977,57.769532,1.03862,0,231.04,0.8555051887935375,1.3,1.08,450.0
393978,57.780274,0.93948,0,231.04,0.8761873679056631,1.3,1.08,450.0
393979,57.79004,1.01802,0,231.04,0.8949903991112567,1.3,1.08,450.0
393980,57.799805,1.00197,0,231.04,0.9137915049603934,1.3,1.08,450.0
393981,57.809571,0.93332,0,231.04,0.932594536165987,1.3,1.08,450.0
393982,57.820313,0.97989,0,231.04,0.9532767152783315,1.3,1.08,450.0
393983,57.830079,0.98173,0,231.04,0.9720797464837062,1.3,1.08,450.0
393984,57.839844,0.97208,0,231.04,0.990880852332843,1.3,1.08,450.0
393985,57.84961,1.06597,0,231.04,0.009683883538436522,1.3,1.08,450.0
393986,57.860352,1.04163,0,231.04,0.0303660626507809,1.3,1.08,450.0
393987,57.865235,1.05353,0,231.04,0.03976757825346833,1.3,1.08,450.0
393988,57.875,0.89535,0,231.04,0.058568684102605184,1.3,1.08,450.0
393989,57.884766,0.70298,0,231.04,0.07737171530819875,1.3,1.08,450.0
393990,57.894532,1.57335,1,222.93,0.0,1.3,1.08,450.0
393991,57.905274,1.38804,0,222.93,0.019956344717641482,1.3,1.08,450.0
393992,57.91504,1.04992,0,222.93,0.0380994896174649,1.3,1.08,450.0
393993,57.924805,1.23422,0,222.93,0.056240776730594265,1.3,1.08,450.0
393994,57.934571,1.60521,0,222.93,0.07438392163041768,1.3,1.08,450.0
393995,57.945313,2.27381,0,222.93,0.09434026634827038,1.3,1.08,450.0
393996,57.955079,3.42898,0,222.93,0.11248341124788257,1.3,1.08,450.0
393997,57.959961,3.95103,0,222.93,0.12155312591120584,1.3,1.08,450.0
393998,57.969727,3.5703,0,222.93,0.13969627081102926,1.3,1.08,450.0
393999,57.979493,3.23155,0,222.93,0.15783941571085267,1.3,1.08,450.0
394000,57.990235,2.63765,0,222.93,0.17779576042849415,1.3,1.08,450.0
394001,58.0,2.37426,0,222.93,0.19593704754162353,1.3,1.08,450.0
394002,58.009766,2.33039,0,222.93,0.21408019244144694,1.3,1.08,450.0
394003,58.019532,2.1259,0,222.93,0.23222333734127035,1.3,1.08,450.0
394004,58.030274,2.96861,0,222.93,0.25217968205891184,1.3,1.08,450.0
394005,58.04004,6.40949,0,222.93,0.2703228269587353,1.3,1.08,450.0
394006,58.049805,3.91595,0,222.93,0.2884641140718646,1.3,1.08,450.0
394007,58.059571,3.18143,0,222.93,0.30660725897168806,1.3,1.08,450.0
394008,58.06543,1.5308,0,222.93,0.3174920312395234,1.3,1.08,450.0
394009,58.075196,1.12082,0,222.93,0.3356351761393468,1.3,1.08,450.0
394010,58.084961,0.82568,0,222.93,0.3537764632524762,1.3,1.08,450.0
394011,58.094727,0.73305,0,222.93,0.3719196081522996,1.3,1.08,450.0
394012,58.104493,0.68936,0,222.93,0.390062753052123,1.3,1.08,450.0
394013,58.115235,0.66112,0,222.93,0.41001909776976453,1.3,1.08,450.0
394014,58.125,0.99566,0,222.93,0.4281603848828939,1.3,1.08,450.0
394015,58.134766,1.43601,0,222.93,0.4463035297827173,1.3,1.08,450.0
394016,58.144532,1.63714,0,222.93,0.4644466746825407,1.3,1.08,450.0
394017,58.150391,1.62588,0,222.93,0.4753314469503761,1.3,1.08,450.0
394018,58.160157,1.35592,0,222.93,0.49347459185019954,1.3,1.08,450.0
394019,58.169922,1.00687,0,222.93,0.5116158789633288,1.3,1.08,450.0
394020,58.179688,0.9538,0,222.93,0.5297590238631523,1.3,1.08,450.0
394021,58.19043,1.03014,0,222.93,0.5497153685807937,1.3,1.08,450.0
394022,58.200196,1.2378,0,222.93,0.5678585134806172,1.3,1.08,450.0
394023,58.209961,1.43201,0,222.93,0.5859998005937466,1.3,1.08,450.0
394024,58.219727,1.48208,0,222.93,0.60414294549357,1.3,1.08,450.0
394025,58.229493,1.45959,0,222.93,0.6222860903933933,1.3,1.08,450.0
394026,58.240235,1.54962,0,222.93,0.6422424351110348,1.3,1.08,450.0
394027,58.25,1.84805,0,222.93,0.6603837222241642,1.3,1.08,450.0
394028,58.259766,2.19292,0,222.93,0.6785268671239877,1.3,1.08,450.0
394029,58.264649,2.59633,0,222.93,0.6875984395737937,1.3,1.08,450.0
394030,58.275391,2.89224,0,222.93,0.7075547842916464,1.3,1.08,450.0
394031,58.285157,3.02283,0,222.93,0.7256979291914699,1.3,1.08,450.0
394032,58.294922,3.07976,0,222.93,0.7438392163045991,1.3,1.08,450.0
394033,58.304688,3.10224,0,222.93,0.7619823612044226,1.3,1.08,450.0
394034,58.31543,3.09126,0,222.93,0.7819387059220642,1.3,1.08,450.0
394035,58.325196,3.19143,0,222.93,0.8000818508218875,1.3,1.08,450.0
394036,58.334961,3.30515,0,222.93,0.818223137935017,1.3,1.08,450.0
394037,58.344727,3.34367,0,222.93,0.8363662828348403,1.3,1.08,450.0
394038,58.354493,3.3446,0,222.93,0.8545094277346638,1.3,1.08,450.0
394039,58.360352,3.36031,0,222.93,0.865394200002499,1.3,1.08,450.0
394040,58.370118,3.51652,0,222.93,0.8835373449023225,1.3,1.08,450.0
394041,58.379883,3.82592,0,222.93,0.9016786320152407,1.3,1.08,450.0
394042,58.389649,4.03844,0,222.93,0.9198217769150641,1.3,1.08,450.0
394043,58.400391,3.92297,0,222.93,0.9397781216329169,1.3,1.08,450.0
394044,58.410157,3.0107,0,222.93,0.9579212665327401,1.3,1.08,450.0
394045,58.419922,2.00023,0,222.93,0.9760625536458696,1.3,1.08,450.0
394046,58.429688,4.09589,0,222.93,0.994205698545693,1.3,1.08,450.0
394047,58.44043,1.63391,0,222.93,0.014162043263334478,1.3,1.08,450.0
394048,58.450196,0.27106,0,222.93,0.03230518816315797,1.3,1.08,450.0
394049,58.455079,2.6195,1,219.39,0.0,1.3,1.08,450.0
394050,58.464844,3.38952,0,219.39,0.017852965835958114,1.3,1.08,450.0
394051,58.47461,2.06728,0,219.39,0.03570775993262189,1.3,1.08,450.0
394052,58.485352,1.48236,0,219.39,0.055346936482591,1.3,1.08,450.0
394053,58.495118,2.10937,0,219.39,0.07320173057925478,1.3,1.08,450.0
394054,58.504883,2.01071,0,219.39,0.09105469641500503,1.3,1.08,450.0
394055,58.514649,1.59654,0,219.39,0.10890949051166882,1.3,1.08,450.0
394056,58.525391,1.39496,0,219.39,0.12854866706163792,1.3,1.08,450.0
394057,58.535157,0.97184,0,219.39,0.14640346115830172,1.3,1.08,450.0
394058,58.544922,1.55804,0,219.39,0.16425642699425982,1.3,1.08,450.0
394059,58.554688,1.32145,0,219.39,0.18211122109092362,1.3,1.08,450.0
394060,58.56543,1.30792,0,219.39,0.20175039764068486,1.3,1.08,450.0
394061,58.570313,1.14096,0,219.39,0.21067779468912068,1.3,1.08,450.0
394062,58.580079,1.32738,0,219.39,0.2285325887855766,1.3,1.08,450.0
394063,58.589844,1.01386,0,219.39,0.24638555462153472,1.3,1.08,450.0
394064,58.59961,1.16936,0,219.39,0.2642403487181985,1.3,1.08,450.0
394065,58.610352,1.09276,0,219.39,0.2838795252681676,1.3,1.08,450.0
394066,58.620118,1.07647,0,219.39,0.30173431936483136,1.3,1.08,450.0
394067,58.629883,1.01948,0,219.39,0.31958728520058166,1.3,1.08,450.0
394068,58.639649,0.976,0,219.39,0.33744207929724546,1.3,1.08,450.0
394069,58.650391,0.9479,0,219.39,0.35708125584721456,1.3,1.08,450.0
394070,58.655274,0.96279,0,219.39,0.3660086528954425,1.3,1.08,450.0
394071,58.66504,0.97807,0,219.39,0.3838634469921063,1.3,1.08,450.0
394072,58.674805,0.9677,0,219.39,0.4017164128280644,1.3,1.08,450.0
394073,58.684571,1.03185,0,219.39,0.4195712069247282,1.3,1.08,450.0
394074,58.695313,1.07072,0,219.39,0.4392103834746973,1.3,1.08,450.0
394075,58.705079,1.06266,0,219.39,0.4570651775711532,1.3,1.08,450.0
394076,58.714844,1.03095,0,219.39,0.47491814340711136,1.3,1.08,450.0
394077,58.72461,1.12848,0,219.39,0.49277293750377515,1.3,1.08,450.0
394078,58.735352,0.95082,0,219.39,0.5124121140537442,1.3,1.08,450.0
394079,58.745118,1.08663,0,219.39,0.530266908150408,1.3,1.08,450.0
394080,58.754883,1.01081,0,219.39,0.5481198739861582,1.3,1.08,450.0
394081,58.759766,1.02945,0,219.39,0.5570472710345941,1.3,1.08,450.0
394082,58.769532,1.06091,0,219.39,0.5749020651312579,1.3,1.08,450.0
394083,58.780274,1.01747,0,219.39,0.5945412416810192,1.3,1.08,450.0
394084,58.79004,1.01945,0,219.39,0.6123960357776829,1.3,1.08,450.0
394085,58.799805,1.03379,0,219.39,0.6302490016136411,1.3,1.08,450.0
394086,58.809571,1.01431,0,219.39,0.6481037957103049,1.3,1.08,450.0
394087,58.820313,1.02386,0,219.39,0.6677429722602739,1.3,1.08,450.0
394088,58.830079,1.05246,0,219.39,0.6855977663567299,1.3,1.08,450.0
394089,58.839844,0.9941,0,219.39,0.7034507321926878,1.3,1.08,450.0
394090,58.84961,1.05095,0,219.39,0.7213055262893516,1.3,1.08,450.0
394091,58.860352,1.08564,0,219.39,0.7409447028393209,1.3,1.08,450.0
394092,58.865235,0.92194,0,219.39,0.7498720998875488,1.3,1.08,450.0
394093,58.875,1.06082,0,219.39,0.767725065723507,1.3,1.08,450.0
394094,58.884766,0.98817,0,219.39,0.7855798598201706,1.3,1.08,450.0
394095,58.894532,1.00249,0,219.39,0.8034346539168344,1.3,1.08,450.0
394096,58.905274,0.93578,0,219.39,0.8230738304665958,1.3,1.08,450.0
394097,58.91504,1.02575,0,219.39,0.8409286245632595,1.3,1.08,450.0
394098,58.924805,1.07135,0,219.39,0.8587815903992176,1.3,1.08,450.0
394099,58.934571,1.08704,0,219.39,0.8766363844958814,1.3,1.08,450.0
394100,58.945313,1.01179,0,219.39,0.8962755610458505,1.3,1.08,450.0
394101,58.950196,1.07184,0,219.39,0.9052029580940785,1.3,1.08,450.0
394102,58.959961,1.10864,0,219.39,0.9230559239300365,1.3,1.08,450.0
394103,58.969727,1.00573,0,219.39,0.9409107180267003,1.3,1.08,450.0
394104,58.979493,0.93079,0,219.39,0.9587655121233641,1.3,1.08,450.0
394105,58.990235,0.92764,0,219.39,0.9784046886731254,1.3,1.08,450.0
394106,59.0,1.20452,0,219.39,0.9962576545090835,1.3,1.08,450.0
394107,59.009766,1.32599,1,218.17,0.0,1.3,1.08,450.0
394108,59.019532,1.11545,0,218.17,0.017755406749865386,1.3,1.08,450.0
394109,59.030274,1.46438,0,218.17,0.03728526332427332,1.3,1.08,450.0
394110,59.04004,1.72676,0,218.17,0.05504067007413871,1.3,1.08,450.0
394111,59.049805,2.74456,0,218.17,0.07279425874017192,1.3,1.08,450.0
394112,59.059571,3.9449,0,218.17,0.0905496654900373,1.3,1.08,450.0
394113,59.06543,3.85697,0,218.17,0.1012018186896159,1.3,1.08,450.0
394114,59.075196,3.34385,0,218.17,0.11895722543948128,1.3,1.08,450.0
394115,59.084961,2.84444,0,218.17,0.1367108141055145,1.3,1.08,450.0
394116,59.094727,2.04938,0,218.17,0.1544662208553799,1.3,1.08,450.0
394117,59.104493,2.37899,0,218.17,0.17222162760524526,1.3,1.08,450.0
394118,59.115235,2.40121,0,218.17,0.1917514841796532,1.3,1.08,450.0
394119,59.125,2.68277,0,218.17,0.20950507284568642,1.3,1.08,450.0
394120,59.134766,4.23087,0,218.17,0.22726047959555182,1.3,1.08,450.0
394121,59.144532,5.40898,0,218.17,0.24501588634541718,1.3,1.08,450.0
394122,59.150391,3.52299,0,218.17,0.2556680395449958,1.3,1.08,450.0
394123,59.160157,2.26286,0,218.17,0.27342344629486115,1.3,1.08,450.0
394124,59.169922,1.38206,0,218.17,0.29117703496089437,1.3,1.08,450.0
394125,59.179688,1.1951,0,218.17,0.3089324417107598,1.3,1.08,450.0
394126,59.19043,0.90424,0,218.17,0.32846229828516765,1.3,1.08,450.0
394127,59.200196,0.74753,0,218.17,0.34621770503503313,1.3,1.08,450.0
394128,59.209961,0.66965,0,218.17,0.3639712937010663,1.3,1.08,450.0
394129,59.219727,0.81697,0,218.17,0.38172670045093166,1.3,1.08,450.0
394130,59.229493,1.21364,0,218.17,0.39948210720079713,1.3,1.08,450.0
394131,59.240235,1.54588,0,218.17,0.419011963775205,1.3,1.08,450.0
394132,59.25,1.54957,0,218.17,0.4367655524412382,1.3,1.08,450.0
394133,59.254883,1.32618,0,218.17,0.44564325581606756,1.3,1.08,450.0
394134,59.264649,1.17097,0,218.17,0.46339866256593293,1.3,1.08,450.0
394135,59.275391,1.077,0,218.17,0.4829285191405476,1.3,1.08,450.0
394136,59.285157,1.08738,0,218.17,0.500683925890413,1.3,1.08,450.0
394137,59.294922,1.07233,0,218.17,0.5184375145564462,1.3,1.08,450.0
394138,59.304688,1.19135,0,218.17,0.5361929213063116,1.3,1.08,450.0
394139,59.31543,1.30507,0,218.17,0.5557227778807194,1.3,1.08,450.0
394140,59.325196,1.45481,0,218.17,0.5734781846305849,1.3,1.08,450.0
394141,59.334961,1.65672,0,218.17,0.5912317732966181,1.3,1.08,450.0
394142,59.344727,2.0098,0,218.17,0.6089871800464834,1.3,1.08,450.0
394143,59.354493,2.29851,0,218.17,0.6267425867963489,1.3,1.08,450.0
394144,59.360352,2.45998,0,218.17,0.6373947399959276,1.3,1.08,450.0
394145,59.370118,2.59076,0,218.17,0.6551501467457929,1.3,1.08,450.0
394146,59.379883,2.75227,0,218.17,0.6729037354116194,1.3,1.08,450.0
394147,59.389649,2.94264,0,218.17,0.6906591421614847,1.3,1.08,450.0
394148,59.400391,3.04814,0,218.17,0.7101889987360993,1.3,1.08,450.0
394149,59.410157,3.02364,0,218.17,0.7279444054859648,1.3,1.08,450.0
394150,59.419922,3.00303,0,218.17,0.745697994151998,1.3,1.08,450.0
394151,59.429688,3.06732,0,218.17,0.7634534009018633,1.3,1.08,450.0
394152,59.44043,3.09465,0,218.17,0.7829832574762713,1.3,1.08,450.0
394153,59.450196,3.10884,0,218.17,0.8007386642261367,1.3,1.08,450.0
394154,59.455079,3.13681,0,218.17,0.8096163676009661,1.3,1.08,450.0
394155,59.464844,3.2944,0,218.17,0.8273699562669993,1.3,1.08,450.0
394156,59.47461,3.6782,0,218.17,0.8451253630168646,1.3,1.08,450.0
394157,59.485352,4.05496,0,218.17,0.8646552195914793,1.3,1.08,450.0
394158,59.495118,3.9895,0,218.17,0.8824106263413447,1.3,1.08,450.0
394159,59.504883,3.56523,0,218.17,0.9001642150071713,1.3,1.08,450.0
394160,59.514649,2.89413,0,218.17,0.9179196217570366,1.3,1.08,450.0
394161,59.525391,1.12789,0,218.17,0.9374494783316512,1.3,1.08,450.0
394162,59.535157,4.46454,0,218.17,0.9552048850815166,1.3,1.08,450.0
394163,59.544922,2.6136,0,218.17,0.9729584737475498,1.3,1.08,450.0
394164,59.554688,1.83332,0,218.17,0.9907138804974152,1.3,1.08,450.0
394165,59.56543,2.80963,0,218.17,0.010243737071823134,1.3,1.08,450.0
394166,59.570313,4.12387,0,218.17,0.01912144044685915,1.3,1.08,450.0
394167,59.580079,2.61795,0,218.17,0.03687684719651796,1.3,1.08,450.0
394168,59.589844,1.83964,0,218.17,0.05463043586255112,1.3,1.08,450.0
394169,59.59961,2.37312,0,218.17,0.07238584261241643,1.3,1.08,450.0
394170,59.610352,2.19227,0,218.17,0.09191569918703113,1.3,1.08,450.0
394171,59.620118,1.76156,0,218.17,0.10967110593689644,1.3,1.08,450.0
394172,59.629883,1.47486,0,218.17,0.1274246946027231,1.3,1.08,450.0
394173,59.639649,0.90172,0,218.17,0.1451801013525882,1.3,1.08,450.0
394174,59.650391,1.18632,0,218.17,0.1647099579272031,1.3,1.08,450.0
394175,59.655274,1.56958,1,205.26,0.0,1.3,1.08,450.0
394176,59.66504,1.30656,0,205.26,0.01670491188363409,1.3,1.08,450.0
394177,59.674805,1.13555,0,205.26,0.03340811324997948,1.3,1.08,450.0
394178,59.684571,1.23878,0,205.26,0.05011302513361357,1.3,1.08,450.0
394179,59.695313,1.13307,0,205.26,0.06848740189529617,1.3,1.08,450.0
394180,59.705079,1.13407,0,205.26,0.0851923137787358,1.3,1.08,450.0
394181,59.714844,1.12139,0,205.26,0.10189551514508119,1.3,1.08,450.0
394182,59.72461,1.09027,0,205.26,0.11860042702871529,1.3,1.08,450.0
394183,59.735352,1.02045,0,205.26,0.1369748037903979,1.3,1.08,450.0
394184,59.745118,1.03494,0,205.26,0.153679715674032,1.3,1.08,450.0
394185,59.754883,0.98899,0,205.26,0.1703829170401829,1.3,1.08,450.0
394186,59.759766,0.97283,0,205.26,0.1787353729820972,1.3,1.08,450.0
394187,59.769532,1.0073,0,205.26,0.19544028486573126,1.3,1.08,450.0
394188,59.780274,0.98937,0,205.26,0.21381466162721943,1.3,1.08,450.0
394189,59.79004,0.96464,0,205.26,0.23051957351085353,1.3,1.08,450.0
394190,59.799805,0.94067,0,205.26,0.24722277487719893,1.3,1.08,450.0
394191,59.809571,1.03043,0,205.26,0.263927686760833,1.3,1.08,450.0
394192,59.820313,0.96315,0,205.26,0.28230206352251563,1.3,1.08,450.0
394193,59.830079,1.06334,0,205.26,0.2990069754059553,1.3,1.08,450.0
394194,59.839844,1.03253,0,205.26,0.3157101767723007,1.3,1.08,450.0
394195,59.84961,1.05038,0,205.26,0.33241508865593467,1.3,1.08,450.0
394196,59.860352,1.02552,0,205.26,0.3507894654176173,1.3,1.08,450.0
394197,59.865235,1.05685,0,205.26,0.35914192135933715,1.3,1.08,450.0
394198,59.875,0.99125,0,205.26,0.37584512272568255,1.3,1.08,450.0
394199,59.884766,1.02182,0,205.26,0.3925500346093166,1.3,1.08,450.0
394200,59.894532,1.04428,0,205.26,0.4092549464929507,1.3,1.08,450.0
394201,59.905274,1.06298,0,205.26,0.42762932325443886,1.3,1.08,450.0
394202,59.91504,1.04636,0,205.26,0.44433423513807296,1.3,1.08,450.0
394203,59.924805,1.01295,0,205.26,0.46103743650441836,1.3,1.08,450.0
394204,59.934571,1.03351,0,205.26,0.47774234838805246,1.3,1.08,450.0
394205,59.945313,1.05509,0,205.26,0.49611672514973504,1.3,1.08,450.0
394206,59.950196,0.99164,0,205.26,0.5044691810914549,1.3,1.08,450.0
394207,59.959961,1.08561,0,205.26,0.5211723824578003,1.3,1.08,450.0
394208,59.969727,1.03017,0,205.26,0.5378772943414344,1.3,1.08,450.0
394209,59.979493,1.09652,0,205.26,0.5545822062250685,1.3,1.08,450.0
