sequence,time_s,gyro_axis,gyro_raw_dps,gyro_filtered_dps,acceleration_magnitude_g,stride_event,cadence_spm
387910,0.0,y,-222.95,-222.95,0.87549,0,0
387911,0.009766,y,-261.065,-231.2068,0.96505,0,0
387912,0.014649,y,-299.565,-239.0624,0.95507,0,0
387913,0.025391,y,-338.8,-262.5519,1.51104,0,0
387914,0.035157,y,-370.825,-286.0071,1.24716,0,0
387915,0.044922,y,-418.915,-314.7963,1.43757,0,0
387916,0.054688,y,-454.3,-345.017,1.49896,0,0
387917,0.06543,y,-483.805,-377.7033,2.27594,0,0
387918,0.075196,y,-488.775,-401.7648,3.09592,0,0
387919,0.084961,y,-466.9,-415.8737,3.28198,0,0
387920,0.094727,y,-437.885,-420.642,2.82793,0,0
387921,0.104493,y,-428.015,-422.2392,2.84056,0,0
387922,0.110352,y,-405.79,-419.998,2.65282,0,0
387923,0.120118,y,-384.23,-412.2496,1.90658,0,0
387924,0.129883,y,-374.605,-404.0954,2.95828,0,0
387925,0.139649,y,-294.735,-380.4046,3.51092,0,0
387926,0.150391,y,-194.32,-336.5793,2.42642,0,0
387927,0.160157,y,-151.935,-296.5799,5.38666,0,0
387928,0.169922,y,3.955,-231.4809,3.3281,0,0
387929,0.179688,y,102.865,-159.0516,1.73386,0,0
387930,0.19043,y,127.155,-91.6463,0.88681,0,0
387931,0.200196,y,116.375,-46.5827,0.9516,0,0
387932,0.205079,y,106.785,-28.9579,0.97243,0,0
387933,0.214844,y,95.41,-2.0186,0.83761,0,0
387934,0.22461,y,90.335,17.988,0.94281,0,0
387935,0.235352,y,105.245,38.5381,1.40738,0,0
387936,0.245118,y,146.37,61.8977,1.94439,1,0
387937,0.254883,y,211.365,94.2739,2.13871,0,0
387938,0.264649,y,281.54,134.8413,1.79284,0,0
387939,0.275391,y,332.605,181.4172,1.21221,0,0
387940,0.285157,y,356.755,219.4006,0.83856,0,0
387941,0.294922,y,364.98,250.9346,0.7471,0,0
387942,0.304688,y,368.025,276.2999,0.82512,0,0
387943,0.309571,y,370.72,287.1505,1.00679,0,0
387944,0.320313,y,374.745,307.7801,1.18435,0,0
387945,0.330079,y,380.415,323.515,1.2976,0,0
387946,0.339844,y,386.715,337.2048,1.39491,0,0
387947,0.34961,y,392.945,349.2798,1.38527,0,0
387948,0.360352,y,393.75,359.7531,1.35157,0,0
387949,0.370118,y,388.185,365.9123,1.36129,0,0
387950,0.379883,y,378.175,368.5685,1.63551,0,0
387951,0.389649,y,370.58,369.0043,1.97329,0,0
387952,0.400391,y,366.87,368.5016,2.22236,0,0
387953,0.405274,y,363.51,367.928,2.42086,0,0
387954,0.41504,y,358.645,365.917,2.64331,0,0
387955,0.424805,y,352.975,363.1136,2.88602,0,0
387956,0.434571,y,346.57,359.5298,3.04764,0,0
387957,0.445313,y,336.875,354.1943,3.09563,0,0
387958,0.455079,y,320.495,346.894,3.08078,0,0
387959,0.464844,y,293.93,335.4215,3.06179,0,0
387960,0.47461,y,260.225,319.1317,2.98975,0,0
387961,0.485352,y,220.535,295.9109,3.02838,0,0
387962,0.495118,y,177.835,270.3321,3.05525,0,0
387963,0.504883,y,132.545,240.486,3.17396,0,0
387964,0.514649,y,84.07,206.6016,3.41854,0,0
387965,0.519532,y,38.78,187.3159,3.75478,0,0
387966,0.530274,y,-4.585,142.1208,3.92307,0,0
387967,0.54004,y,-60.48,98.2314,3.87845,0,0
387968,0.549805,y,-160.405,42.2081,2.53741,0,0
387969,0.559571,y,-209.265,-12.2685,1.63613,0,0
387970,0.570313,y,-220.465,-61.3014,3.96112,0,0
387971,0.580079,y,-195.685,-90.4129,1.57611,0,0
387972,0.589844,y,-222.005,-118.9171,0.63006,0,0
387973,0.59961,y,-271.74,-152.0231,2.7408,0,0
387974,0.610352,y,-222.18,-168.546,3.34598,0,0
387975,0.615235,y,-139.685,-165.2293,2.13527,0,0
387976,0.625,y,-106.855,-152.5848,1.95846,0,0
387977,0.634766,y,-90.685,-139.1755,1.678,0,0
387978,0.644532,y,-63.63,-122.8101,1.80069,0,0
387979,0.655274,y,-57.4,-107.4052,1.51912,0,0
387980,0.66504,y,-43.085,-93.4715,1.66236,0,0
387981,0.674805,y,-28.07,-79.3049,1.00862,0,0
387982,0.684571,y,-34.755,-69.654,1.19543,0,0
387983,0.695313,y,-36.61,-61.8717,1.48694,0,0
387984,0.705079,y,-22.12,-53.2603,1.32197,0,0
387985,0.709961,y,-14.735,-48.8339,1.18063,0,0
387986,0.719727,y,-11.06,-40.651,1.14553,0,0
387987,0.729493,y,-10.92,-34.2103,1.10007,0,0
387988,0.740235,y,-12.25,-29.0384,1.14203,0,0
387989,0.75,y,-10.78,-25.0834,1.08473,0,0
387990,0.759766,y,-9.24,-21.6513,1.03813,0,0
387991,0.769532,y,-8.82,-18.8716,1.05019,0,0
387992,0.780274,y,-7.525,-16.1994,0.98676,0,0
387993,0.79004,y,-8.505,-14.5325,0.95872,0,0
387994,0.799805,y,-11.865,-13.9547,0.98882,0,0
387995,0.809571,y,-12.39,-13.6158,0.98469,0,0
387996,0.81543,y,-14.875,-13.7873,0.96756,0,0
387997,0.825196,y,-17.22,-14.5309,1.08846,0,0
387998,0.834961,y,-16.8,-15.0224,0.93615,0,0
387999,0.844727,y,-17.185,-15.4909,1.02595,0,0
388000,0.854493,y,-17.64,-15.9565,1.0531,0,0
388001,0.865235,y,-18.235,-16.4931,1.00141,0,0
388002,0.875,y,-18.585,-16.9462,1.06919,0,0
388003,0.884766,y,-17.36,-17.0359,1.07082,0,0
388004,0.894532,y,-16.03,-16.818,1.02483,0,0
388005,0.900391,y,-16.555,-16.7821,1.06569,0,0
388006,0.910157,y,-16.31,-16.6799,1.06146,0,0
388007,0.919922,y,-17.01,-16.7514,1.02236,0,0
388008,0.929688,y,-17.955,-17.0121,0.99552,0,0
388009,0.94043,y,-20.09,-17.737,1.03199,0,0
388010,0.950196,y,-21.14,-18.4742,1.06121,0,0
388011,0.959961,y,-21.7,-19.1729,1.04442,0,0
388012,0.969727,y,-22.47,-19.8872,0.99808,0,0
388013,0.979493,y,-25.095,-21.0153,1.08534,0,0
388014,0.990235,y,-28.28,-22.7263,1.00408,0,0
388015,1.0,y,-33.495,-25.0589,0.99391,0,0
388016,1.009766,y,-40.11,-28.3194,0.98355,0,0
388017,1.014649,y,-48.58,-30.6477,1.013,0,0
388018,1.025391,y,-60.62,-37.7066,0.99737,0,0
388019,1.035157,y,-73.955,-45.5591,0.98653,0,0
388020,1.044922,y,-91.245,-55.4551,1.03244,0,0
388021,1.054688,y,-111.37,-67.5679,0.96576,0,0
388022,1.06543,y,-133.07,-82.9945,0.96784,0,0
388023,1.075196,y,-158.76,-99.4076,1.0492,0,0
388024,1.084961,y,-185.185,-117.9879,1.09186,0,0
388025,1.094727,y,-215.075,-139.0198,1.0815,0,0
388026,1.104493,y,-242.62,-161.4627,0.88225,0,0
388027,1.110352,y,-283.29,-178.062,1.02272,0,0
388028,1.120118,y,-330.96,-211.1843,0.95587,0,0
388029,1.129883,y,-376.39,-246.9695,1.40461,0,0
388030,1.139649,y,-417.445,-283.8996,1.13689,0,0
388031,1.150391,y,-469.0,-327.4931,1.37351,0,0
388032,1.160157,y,-515.13,-368.1409,1.61553,0,0
388033,1.169922,y,-550.935,-407.736,2.40645,0,0
388034,1.179688,y,-556.5,-439.9627,3.75268,0,0
388035,1.19043,y,-509.775,-456.4044,4.10955,0,0
388036,1.200196,y,-450.87,-455.2055,3.28875,0,0
388037,1.205079,y,-413.63,-450.4277,3.05185,0,0
388038,1.214844,y,-386.47,-436.5738,1.89025,0,0
388039,1.22461,y,-395.465,-427.6684,2.30577,0,0
388040,1.235352,y,-378.91,-416.1852,2.3885,0,0
388041,1.245118,y,-330.435,-397.6091,2.45087,0,0
388042,1.254883,y,-276.395,-371.3529,3.67293,0,0
388043,1.264649,y,-202.65,-334.8068,5.29742,0,0
388044,1.275391,y,-59.045,-269.8614,3.25324,0,0
388045,1.285157,y,37.415,-203.2961,2.35894,0,0
388046,1.294922,y,110.74,-135.2727,1.54622,0,0
388047,1.304688,y,150.85,-73.29,1.45291,0,0
388048,1.31543,y,185.22,-12.4075,1.21884,0,0
388049,1.320313,y,206.99,12.8052,1.14584,0,0
388050,1.330079,y,230.65,59.9969,1.29736,1,110.6
388051,1.339844,y,261.31,103.6034,1.39753,0,110.6
388052,1.34961,y,299.04,145.9408,1.49762,0,110.6
388053,1.360352,y,343.21,192.4002,1.38464,0,110.6
388054,1.370118,y,383.355,233.7667,1.09699,0,110.6
388055,1.379883,y,408.765,271.6732,0.80033,0,110.6
388056,1.389649,y,418.39,303.4564,0.84603,0,110.6
388057,1.400391,y,424.48,331.959,1.07693,0,110.6
388058,1.405274,y,431.655,343.4159,1.15814,0,110.6
388059,1.41504,y,437.185,363.7291,1.14422,0,110.6
388060,1.424805,y,437.36,379.6783,1.1828,0,110.6
388061,1.434571,y,434.735,391.6052,1.32333,0,110.6
388062,1.445313,y,432.705,401.2847,1.29893,0,110.6
388063,1.455079,y,424.48,406.3095,1.36753,0,110.6
388064,1.464844,y,411.46,407.4252,1.62661,0,110.6
388065,1.47461,y,399.875,405.7896,1.99689,0,110.6
388066,1.485352,y,393.505,402.8964,2.31851,0,110.6
388067,1.495118,y,389.585,400.0128,2.55085,0,110.6
388068,1.504883,y,383.985,396.541,2.69468,0,110.6
388069,1.509766,y,374.535,394.0121,2.82104,0,110.6
388070,1.519532,y,360.99,386.8585,2.90537,0,110.6
388071,1.530274,y,342.51,376.4139,2.89064,0,110.6
388072,1.54004,y,315.91,363.3069,2.84701,0,110.6
388073,1.549805,y,280.0,345.2618,2.97348,0,110.6
388074,1.559571,y,239.89,322.4351,3.16916,0,110.6
388075,1.570313,y,200.76,293.7791,3.20926,0,110.6
388076,1.580079,y,161.665,265.1592,3.29593,0,110.6
388077,1.589844,y,126.455,235.1145,3.48501,0,110.6
388078,1.59961,y,97.685,205.3431,3.59858,0,110.6
388079,1.610352,y,68.775,173.1796,3.54969,0,110.6
388080,1.615235,y,25.725,156.2344,3.5354,0,110.6
388081,1.625,y,-41.72,113.3554,3.54462,0,110.6
388082,1.634766,y,-138.88,58.7137,3.05787,0,110.6
388083,1.644532,y,-221.865,-2.068,0.53817,0,110.6
388084,1.655274,y,-255.885,-61.8452,3.77521,0,110.6
388085,1.66504,y,-242.515,-100.9837,2.16923,0,110.6
388086,1.674805,y,-249.55,-133.1647,1.18511,0,110.6
388087,1.684571,y,-288.96,-166.9146,2.67779,0,110.6
388088,1.695313,y,-252.035,-186.9615,3.54109,0,110.6
388089,1.700196,y,-169.68,-184.9756,2.54719,0,110.6
388090,1.709961,y,-117.6,-170.3813,2.28109,0,110.6
388091,1.719727,y,-82.32,-151.3046,1.798,0,110.6
388092,1.729493,y,-56.42,-130.7498,1.86155,0,110.6
388093,1.740235,y,-51.905,-112.1808,1.43876,0,110.6
388094,1.75,y,-37.835,-96.0767,1.66093,0,110.6
388095,1.759766,y,-19.985,-79.593,1.41251,0,110.6
388096,1.769532,y,-22.82,-67.2943,0.85724,0,110.6
388097,1.780274,y,-35.49,-59.804,1.46845,0,110.6
388098,1.79004,y,-23.8,-52.0044,1.35595,0,110.6
388099,1.799805,y,-13.965,-43.7647,1.2564,0,110.6
388100,1.809571,y,-8.295,-36.0809,1.07902,0,110.6
388101,1.81543,y,-11.83,-32.7766,1.10127,0,110.6
388102,1.825196,y,-15.995,-29.1412,1.03867,0,110.6
388103,1.834961,y,-18.62,-26.8622,1.08868,0,110.6
388104,1.844727,y,-16.59,-24.637,1.01751,0,110.6
388105,1.854493,y,-15.82,-22.7269,1.08091,0,110.6
388106,1.865235,y,-14.455,-20.7788,1.03187,0,110.6
388107,1.875,y,-13.265,-19.1512,1.01317,0,110.6
388108,1.884766,y,-13.65,-17.9595,1.07556,0,110.6
388109,1.894532,y,-11.69,-16.6013,1.02712,0,110.6
388110,1.900391,y,-11.865,-15.956,0.96638,0,110.6
388111,1.910157,y,-12.845,-15.2821,1.04495,0,110.6
388112,1.919922,y,-13.615,-14.921,1.01617,0,110.6
388113,1.929688,y,-13.51,-14.6153,0.98627,0,110.6
388114,1.94043,y,-13.09,-14.2561,1.07461,0,110.6
388115,1.950196,y,-12.285,-13.8291,0.98936,0,110.6
388116,1.959961,y,-13.125,-13.6766,1.05873,0,110.6
388117,1.969727,y,-12.88,-13.504,1.03705,0,110.6
388118,1.979493,y,-13.16,-13.4295,0.99,0,110.6
388119,1.990235,y,-14.595,-13.704,0.99876,0,110.6
388120,2.0,y,-16.555,-14.3215,1.01035,0,110.6
388121,2.004883,y,-17.185,-14.6506,1.00674,0,110.6
388122,2.014649,y,-18.795,-15.5484,1.03873,0,110.6
388123,2.025391,y,-19.39,-16.4531,1.06692,0,110.6
388124,2.035157,y,-18.41,-16.8771,1.02062,0,110.6
388125,2.044922,y,-21.84,-17.9521,1.00049,0,110.6
388126,2.054688,y,-24.955,-19.4691,1.06606,0,110.6
388127,2.06543,y,-22.995,-20.2995,1.01326,0,110.6
388128,2.075196,y,-27.16,-21.7857,1.01872,0,110.6
388129,2.084961,y,-30.45,-23.6625,1.04461,0,110.6
388130,2.094727,y,-35.315,-26.1868,1.02022,0,110.6
388131,2.104493,y,-41.965,-29.6048,1.01256,0,110.6
388132,2.110352,y,-51.87,-32.6385,1.00145,0,110.6
388133,2.120118,y,-64.4,-39.519,0.98522,0,110.6
388134,2.129883,y,-81.655,-48.6461,1.0612,0,110.6
388135,2.139649,y,-98.665,-59.4817,1.00018,0,110.6
388136,2.150391,y,-117.46,-73.1363,1.00855,0,110.6
388137,2.160157,y,-142.835,-88.2351,1.13148,0,110.6
388138,2.169922,y,-165.27,-104.9217,1.10956,0,110.6
388139,2.179688,y,-190.715,-123.5071,1.02236,0,110.6
388140,2.19043,y,-221.27,-146.5315,0.8791,0,110.6
388141,2.195313,y,-260.96,-159.6814,1.0664,0,110.6
388142,2.205079,y,-303.8,-190.9018,1.04069,0,110.6
388143,2.214844,y,-346.71,-224.6515,1.36559,0,110.6
388144,2.22461,y,-386.365,-259.6834,0.93343,0,110.6
388145,2.235352,y,-453.145,-305.2461,1.3115,0,110.6
388146,2.245118,y,-499.975,-347.4302,1.49928,0,110.6
388147,2.254883,y,-540.19,-389.184,2.17471,0,110.6
388148,2.264649,y,-556.115,-425.3462,3.23975,0,110.6
388149,2.275391,y,-534.24,-450.9921,4.10546,0,110.6
388150,2.285157,y,-476.665,-456.5536,3.36972,0,110.6
388151,2.294922,y,-432.81,-451.4105,3.0059,0,110.6
388152,2.304688,y,-403.55,-441.0425,2.3249,0,110.6
388153,2.31543,y,-397.39,-430.7618,2.07144,0,110.6
388154,2.320313,y,-381.395,-425.0886,2.90803,0,110.6
388155,2.330079,y,-315.56,-401.3615,2.80971,0,110.6
388156,2.339844,y,-238.49,-366.0818,1.96663,0,110.6
388157,2.34961,y,-207.515,-331.7315,5.18986,0,110.6
388158,2.360352,y,-57.4,-267.1229,3.2082,0,110.6
388159,2.370118,y,34.335,-201.8181,2.59944,0,110.6
388160,2.379883,y,90.195,-138.5651,1.43533,0,110.6
388161,2.389649,y,112.805,-84.1108,1.19555,0,110.6
388162,2.400391,y,131.53,-33.3246,1.10588,0,110.6
388163,2.405274,y,142.555,-13.1129,0.95502,0,110.6
388164,2.41504,y,148.82,21.9666,0.91989,0,110.6
388165,2.424805,y,160.475,51.9689,1.11434,1,110.21
388166,2.434571,y,185.5,80.8958,1.52035,0,110.21
388167,2.445313,y,232.015,116.4863,1.92538,0,110.21
388168,2.455079,y,296.38,155.4566,1.85744,0,110.21
388169,2.464844,y,355.635,198.8173,1.37056,0,110.21
388170,2.47461,y,391.37,240.53,0.85088,0,110.21
388171,2.485352,y,401.52,278.4452,0.74517,0,110.21
388172,2.495118,y,400.75,304.9401,0.8579,0,110.21
388173,2.504883,y,400.785,325.7011,1.06637,0,110.21
388174,2.509766,y,404.39,334.7438,1.24114,0,110.21
388175,2.519532,y,408.975,350.8245,1.25319,0,110.21
388176,2.530274,y,409.815,364.7175,1.39896,0,110.21
388177,2.54004,y,411.67,374.8888,1.54834,0,110.21
388178,2.549805,y,413.805,383.3185,1.58742,0,110.21
388179,2.559571,y,410.69,389.248,1.65895,0,110.21
388180,2.570313,y,403.34,392.5668,1.9405,0,110.21
388181,2.580079,y,398.16,393.7785,2.21446,0,110.21
388182,2.589844,y,394.625,393.9618,2.41081,0,110.21
388183,2.59961,y,389.515,392.9985,2.51329,0,110.21
388184,2.610352,y,380.24,389.9937,2.5592,0,110.21
388185,2.615235,y,365.015,387.1232,2.58827,0,110.21
388186,2.625,y,343.385,377.6491,2.68872,0,110.21
388187,2.634766,y,318.185,364.7674,2.87056,0,110.21
388188,2.644532,y,293.055,349.2323,3.04349,0,110.21
388189,2.655274,y,267.435,329.968,3.03907,0,110.21
388190,2.66504,y,237.335,309.9009,2.9491,0,110.21
388191,2.674805,y,201.425,286.4039,2.98781,0,110.21
388192,2.684571,y,162.645,259.594,3.12093,0,110.21
388193,2.695313,y,122.185,227.2325,3.28105,0,110.21
388194,2.700196,y,78.96,210.1933,3.51035,0,110.21
388195,2.709961,y,33.32,171.8807,3.67464,0,110.21
388196,2.719727,y,-27.125,128.7701,3.71672,0,110.21
388197,2.729493,y,-106.61,77.7798,3.63077,0,110.21
388198,2.740235,y,-210.35,9.9215,1.09311,0,110.21
388199,2.75,y,-236.845,-43.5307,3.21911,0,110.21
388200,2.759766,y,-239.855,-86.0604,3.32478,0,110.21
388201,2.769532,y,-226.24,-116.4275,0.8342,0,110.21
388202,2.780274,y,-262.57,-150.8459,1.40842,0,110.21
388203,2.79004,y,-275.52,-177.854,3.59398,0,110.21
388204,2.799805,y,-195.02,-181.5724,3.16429,0,110.21
388205,2.809571,y,-123.235,-168.9347,1.95681,0,110.21
388206,2.81543,y,-107.1,-160.5096,1.96009,0,110.21
388207,2.825196,y,-79.765,-143.0179,1.98188,0,110.21
388208,2.834961,y,-48.51,-122.5465,1.79811,0,110.21
388209,2.844727,y,-45.43,-105.8408,1.4751,0,110.21
388210,2.854493,y,-32.06,-89.8577,1.67946,0,110.21
388211,2.865235,y,-18.76,-73.1132,1.0724,0,110.21
388212,2.875,y,-23.45,-62.3557,1.00998,0,110.21
388213,2.884766,y,-29.54,-55.2468,1.40714,0,110.21
388214,2.894532,y,-19.18,-47.4337,1.32252,0,110.21
388215,2.900391,y,-9.135,-42.2154,1.09583,0,110.21
388216,2.910157,y,-9.73,-35.1781,1.06514,0,110.21
388217,2.919922,y,-15.05,-30.8181,1.0753,0,110.21
388218,2.929688,y,-17.885,-28.0164,1.15255,0,110.21
388219,2.94043,y,-17.29,-25.4902,1.1898,0,110.21
388220,2.950196,y,-11.13,-22.3794,1.08569,0,110.21
388221,2.959961,y,-8.505,-19.374,1.04604,0,110.21
388222,2.969727,y,-8.47,-17.0119,1.02966,0,110.21
388223,2.979493,y,-7.0,-14.843,1.03888,0,110.21
388224,2.990235,y,-5.39,-12.6167,1.00871,0,110.21
388225,3.0,y,-6.16,-11.2181,1.0458,0,110.21
388226,3.004883,y,-5.915,-10.6087,0.99108,0,110.21
388227,3.014649,y,-4.97,-9.3872,0.94286,0,110.21
388228,3.025391,y,-12.845,-10.2015,0.89016,0,110.21
388229,3.035157,y,-20.055,-12.3361,1.07118,0,110.21
388230,3.044922,y,-17.99,-13.5608,0.99921,0,110.21
388231,3.054688,y,-20.51,-15.0662,1.00501,0,110.21
388232,3.06543,y,-21.595,-16.6038,1.01933,0,110.21
388233,3.075196,y,-21.07,-17.5713,1.04398,0,110.21
388234,3.084961,y,-20.265,-18.1548,0.96886,0,110.21
388235,3.094727,y,-20.895,-18.7484,1.01595,0,110.21
388236,3.104493,y,-20.685,-19.1679,1.03749,0,110.21
388237,3.110352,y,-20.125,-19.2983,1.05472,0,110.21
388238,3.120118,y,-18.375,-19.0983,1.06204,0,110.21
388239,3.129883,y,-15.785,-18.3806,0.98353,0,110.21
388240,3.139649,y,-15.54,-17.7653,1.02304,0,110.21
388241,3.150391,y,-19.565,-18.1891,1.07797,0,110.21
388242,3.160157,y,-20.23,-18.6312,1.02614,0,110.21
388243,3.169922,y,-22.47,-19.4627,1.07175,0,110.21
388244,3.179688,y,-22.715,-20.1673,1.02644,0,110.21
388245,3.19043,y,-24.955,-21.2949,1.06595,0,110.21
388246,3.195313,y,-28.7,-22.1458,0.96231,0,110.21
388247,3.205079,y,-35.7,-25.0821,0.99371,0,110.21
388248,3.214844,y,-45.5,-29.5048,1.0747,0,110.21
388249,3.22461,y,-54.635,-34.9488,1.00783,0,110.21
388250,3.235352,y,-69.44,-43.0719,1.05651,0,110.21
388251,3.245118,y,-86.1,-52.3931,1.05223,0,110.21
388252,3.254883,y,-105.105,-63.811,1.00726,0,110.21
388253,3.264649,y,-125.37,-77.1465,0.9705,0,110.21
388254,3.275391,y,-150.01,-94.3068,1.11212,0,110.21
388255,3.285157,y,-177.135,-112.2499,1.09165,0,110.21
388256,3.294922,y,-202.23,-131.7405,0.94407,0,110.21
388257,3.304688,y,-234.115,-153.9179,1.11483,0,110.21
388258,3.309571,y,-267.4,-166.959,0.89952,0,110.21
388259,3.320313,y,-312.83,-201.3135,0.85491,0,110.21
388260,3.330079,y,-361.97,-236.1165,1.10934,0,110.21
388261,3.339844,y,-402.43,-272.1417,1.44785,0,110.21
388262,3.34961,y,-439.67,-308.4333,1.24189,0,110.21
388263,3.360352,y,-491.225,-351.4831,1.51933,0,110.21
388264,3.370118,y,-530.95,-390.361,2.0551,0,110.21
388265,3.379883,y,-549.57,-424.8473,3.37919,0,110.21
388266,3.389649,y,-518.665,-445.171,3.91507,0,110.21
388267,3.400391,y,-459.9,-448.6399,3.49121,0,110.21
388268,3.405274,y,-413.63,-444.6166,3.09339,0,110.21
388269,3.41504,y,-386.19,-431.9597,2.58625,0,110.21
388270,3.424805,y,-377.37,-420.135,2.18313,0,110.21
388271,3.434571,y,-359.345,-406.9661,2.5504,0,110.21
388272,3.445313,y,-302.085,-382.2652,2.13846,0,110.21
388273,3.455079,y,-253.085,-354.2809,2.30474,0,110.21
388274,3.464844,y,-221.725,-325.568,5.27914,0,110.21
388275,3.47461,y,-90.195,-274.5791,3.42002,0,110.21
388276,3.485352,y,-5.075,-211.1075,2.72025,0,110.21
388277,3.495118,y,62.475,-151.8413,1.52676,0,110.21
388278,3.5,y,91.84,-123.8433,1.44389,0,110.21
388279,3.509766,y,121.38,-70.7206,1.36334,0,110.21
388280,3.519532,y,144.865,-24.0183,1.26942,0,110.21
388281,3.530274,y,168.035,21.2127,1.51053,0,110.21
388282,3.54004,y,206.36,61.3211,1.83457,1,109.17
388283,3.549805,y,260.47,104.4588,2.03759,0,109.17
388284,3.559571,y,323.12,151.8274,1.86711,0,109.17
388285,3.570313,y,376.565,204.756,1.32349,0,109.17
388286,3.580079,y,404.67,248.0633,0.84003,0,109.17
388287,3.589844,y,411.39,283.4416,0.74578,0,109.17
388288,3.59961,y,412.755,311.4547,0.86869,0,109.17
388289,3.610352,y,415.905,336.0541,1.06882,0,109.17
388290,3.615235,y,420.84,345.7975,1.21569,0,109.17
388291,3.625,y,425.46,363.0532,1.22882,0,109.17
388292,3.634766,y,425.845,376.6558,1.24951,0,109.17
388293,3.644532,y,423.01,386.6975,1.26826,0,109.17
388294,3.655274,y,416.78,393.7823,1.34591,0,109.17
388295,3.66504,y,407.47,396.7475,1.57537,0,109.17
388296,3.674805,y,400.26,397.5083,2.02037,0,109.17
388297,3.684571,y,400.75,398.2106,2.3297,0,109.17
388298,3.69043,y,403.865,398.981,2.46861,0,109.17
388299,3.700196,y,403.13,399.8798,2.46634,0,109.17
388300,3.709961,y,393.295,398.4535,2.50404,0,109.17
388301,3.719727,y,374.71,393.3099,2.58008,0,109.17
388302,3.729493,y,348.25,383.5486,2.65224,0,109.17
388303,3.740235,y,315.525,367.5282,2.7393,0,109.17
388304,3.75,y,280.665,348.7127,2.96832,0,109.17
388305,3.759766,y,246.785,326.6321,3.26665,0,109.17
388306,3.769532,y,221.83,303.9289,3.32315,0,109.17
388307,3.780274,y,196.035,278.5185,3.27186,0,109.17
388308,3.79004,y,165.83,254.1068,3.20997,0,109.17
388309,3.799805,y,128.065,226.8048,3.2466,0,109.17
388310,3.804688,y,84.98,210.5066,3.39971,0,109.17
388311,3.81543,y,41.195,170.6316,3.54997,0,109.17
388312,3.825196,y,-14.525,130.5211,3.69651,0,109.17
388313,3.834961,y,-103.915,79.7398,4.42229,0,109.17
388314,3.844727,y,-192.5,20.7646,2.13077,0,109.17
388315,3.854493,y,-239.365,-35.5873,2.95985,0,109.17
388316,3.865235,y,-233.73,-82.2524,3.45283,0,109.17
388317,3.875,y,-210.035,-109.9314,1.06878,0,109.17
388318,3.884766,y,-243.04,-138.7667,1.41583,0,109.17
388319,3.894532,y,-248.22,-162.4776,2.93623,0,109.17
388320,3.900391,y,-187.565,-165.8958,2.48187,0,109.17
388321,3.910157,y,-131.355,-158.4132,1.67681,0,109.17
388322,3.919922,y,-110.635,-148.064,1.86877,0,109.17
388323,3.929688,y,-79.8,-133.276,1.47459,0,109.17
388324,3.94043,y,-64.75,-117.1372,1.4899,0,109.17
388325,3.950196,y,-60.445,-104.856,1.2075,0,109.17
388326,3.959961,y,-48.37,-92.6205,1.61405,0,109.17
388327,3.969727,y,-29.19,-78.8796,1.15689,0,109.17
388328,3.979493,y,-27.055,-67.6528,1.15658,0,109.17
388329,3.990235,y,-28.63,-58.4625,1.12822,0,109.17
388330,3.995118,y,-27.65,-54.9216,1.27409,0,109.17
388331,4.004883,y,-22.05,-47.8012,1.08016,0,109.17
388332,4.014649,y,-21.035,-42.0029,1.11788,0,109.17
388333,4.025391,y,-22.33,-37.3697,1.08713,0,109.17
388334,4.035157,y,-22.61,-34.1723,1.0853,0,109.17
388335,4.044922,y,-18.865,-30.8566,1.03588,0,109.17
388336,4.054688,y,-17.815,-28.0314,1.09877,0,109.17
388337,4.06543,y,-16.345,-25.2791,1.02719,0,109.17
388338,4.075196,y,-17.185,-23.5257,0.98091,0,109.17
388339,4.084961,y,-18.41,-22.4176,1.0959,0,109.17
388340,4.094727,y,-19.005,-21.6783,1.04077,0,109.17
388341,4.104493,y,-18.27,-20.94,1.00977,0,109.17
388342,4.110352,y,-18.62,-20.6239,1.0718,0,109.17
388343,4.120118,y,-18.97,-20.2656,0.94199,0,109.17
388344,4.129883,y,-21.07,-20.4398,1.01676,0,109.17
388345,4.139649,y,-21.805,-20.7356,1.04943,0,109.17
388346,4.150391,y,-21.84,-20.9957,1.02272,0,109.17
388347,4.160157,y,-22.33,-21.2847,1.0609,0,109.17
388348,4.169922,y,-21.385,-21.3064,1.06268,0,109.17
388349,4.179688,y,-21.21,-21.2856,0.99869,0,109.17
388350,4.19043,y,-23.17,-21.7294,1.02218,0,109.17
388351,4.195313,y,-23.94,-21.9834,1.0254,0,109.17
388352,4.205079,y,-25.06,-22.6499,1.01533,0,109.17
388353,4.214844,y,-28.21,-23.8543,1.02642,0,109.17
388354,4.22461,y,-28.875,-24.9419,1.02014,0,109.17
388355,4.235352,y,-33.145,-26.8738,1.12493,0,109.17
388356,4.245118,y,-34.16,-28.4522,0.96433,0,109.17
388357,4.254883,y,-37.415,-30.3937,1.04108,0,109.17
388358,4.264649,y,-38.5,-32.1497,0.95805,0,109.17
388359,4.275391,y,-42.42,-34.5685,1.03833,0,109.17
388360,4.285157,y,-45.885,-37.02,1.02508,0,109.17
388361,4.294922,y,-51.03,-40.0547,1.00106,0,109.17
388362,4.304688,y,-59.255,-44.2141,1.00897,0,109.17
388363,4.309571,y,-69.16,-47.0808,0.98547,0,109.17
388364,4.320313,y,-80.71,-55.0009,1.03003,0,109.17
388365,4.330079,y,-93.17,-63.2695,1.02047,0,109.17
388366,4.339844,y,-108.115,-72.9835,0.96199,0,109.17
388367,4.34961,y,-127.12,-84.7111,0.99761,0,109.17
388368,4.360352,y,-145.075,-98.9275,1.17224,0,109.17
388369,4.370118,y,-163.275,-112.8671,1.05804,0,109.17
388370,4.379883,y,-184.1,-128.2969,0.95099,0,109.17
388371,4.389649,y,-210.07,-146.0114,0.95349,0,109.17
388372,4.400391,y,-243.18,-168.8958,0.81387,0,109.17
388373,4.405274,y,-286.685,-182.4319,1.04701,0,109.17
388374,4.41504,y,-322.91,-212.8637,1.6244,0,109.17
388375,4.424805,y,-348.81,-242.3111,1.15674,0,109.17
388376,4.434571,y,-403.585,-277.2478,1.36834,0,109.17
388377,4.445313,y,-443.275,-316.3493,1.60184,0,109.17
388378,4.455079,y,-480.865,-351.9883,2.05502,0,109.17
388379,4.464844,y,-506.17,-385.3857,3.1521,0,109.17
388380,4.47461,y,-484.295,-406.8124,3.5914,0,109.17
388381,4.485352,y,-441.14,-414.897,3.06197,0,109.17
388382,4.495118,y,-418.46,-415.6688,2.8185,0,109.17
388383,4.5,y,-404.88,-414.4292,2.79021,0,109.17
388384,4.509766,y,-386.855,-408.4558,2.36188,0,109.17
388385,4.519532,y,-367.535,-399.5912,3.43553,0,109.17
388386,4.530274,y,-271.53,-369.4311,4.04914,0,109.17
388387,4.54004,y,-145.04,-320.8213,2.45894,0,109.17
388388,4.549805,y,-105.735,-274.2314,6.50853,0,109.17
388389,4.559571,y,80.255,-197.439,3.09373,0,109.17
388390,4.570313,y,156.765,-114.0195,1.79562,0,109.17
388391,4.580079,y,163.03,-54.0023,1.11973,0,109.17
388392,4.589844,y,139.055,-12.1841,1.09085,0,109.17
388393,4.59961,y,117.46,15.9007,1.05627,0,109.17
388394,4.610352,y,104.23,36.7034,0.9544,0,109.17
388395,4.615235,y,107.065,44.7892,1.18191,1,110.14
388396,4.625,y,132.055,63.6919,1.69035,0,110.14
388397,4.634766,y,180.145,88.9191,1.99964,0,110.14
388398,4.644532,y,239.54,121.5481,1.97846,0,110.14
388399,4.655274,y,296.8,162.8222,1.62353,0,110.14
388400,4.66504,y,339.57,201.111,1.12584,0,110.14
388401,4.674805,y,362.6,236.0912,0.83751,0,110.14
388402,4.684571,y,371.595,265.4454,0.76621,0,110.14
388403,4.69043,y,375.62,280.457,0.79718,0,110.14
388404,4.700196,y,377.475,301.474,0.98692,0,110.14
388405,4.709961,y,381.01,318.7023,1.20419,0,110.14
388406,4.719727,y,388.08,333.7316,1.40207,0,110.14
388407,4.729493,y,397.775,347.6053,1.5454,0,110.14
388408,4.740235,y,407.33,361.6712,1.58298,0,110.14
388409,4.75,y,410.375,372.221,1.65807,0,110.14
388410,4.759766,y,406.42,379.6295,1.83273,0,110.14
388411,4.769532,y,399.595,383.9546,2.04677,0,110.14
388412,4.780274,y,391.86,385.8164,2.3556,0,110.14
388413,4.79004,y,385.77,385.8064,2.58646,0,110.14
388414,4.799805,y,376.845,383.8653,2.68824,0,110.14
388415,4.804688,y,362.005,381.3531,2.79134,0,110.14
388416,4.81543,y,343.07,372.337,2.90223,0,110.14
388417,4.825196,y,320.915,361.1974,2.92603,0,110.14
388418,4.834961,y,294.945,346.8465,2.97957,0,110.14
388419,4.844727,y,266.84,329.5147,3.1168,0,110.14
388420,4.854493,y,238.49,309.796,3.32848,0,110.14
388421,4.865235,y,212.1,286.7873,3.40282,0,110.14
388422,4.875,y,182.525,264.2031,3.21037,0,110.14
388423,4.884766,y,139.51,237.1908,3.17475,0,110.14
388424,4.894532,y,88.06,204.8846,3.36626,0,110.14
388425,4.900391,y,37.275,182.0474,3.58722,0,110.14
388426,4.910157,y,-12.915,139.8127,3.66157,0,110.14
388427,4.919922,y,-74.27,93.4402,3.63023,0,110.14
388428,4.929688,y,-159.915,38.5559,2.71459,0,110.14
388429,4.94043,y,-193.55,-16.108,1.81943,0,110.14
388430,4.950196,y,-187.18,-53.1673,3.70089,0,110.14
388431,4.959961,y,-175.49,-79.6637,1.36769,0,110.14
388432,4.969727,y,-225.995,-111.3634,0.55156,0,110.14
388433,4.979493,y,-280.56,-148.0165,2.55936,0,110.14
388434,4.990235,y,-237.93,-169.1922,2.94036,0,110.14
388435,4.995118,y,-168.665,-169.1317,2.0432,0,110.14
388436,5.004883,y,-136.745,-162.1164,2.21385,0,110.14
388437,5.014649,y,-110.075,-150.8427,1.94532,0,110.14
388438,5.025391,y,-66.185,-130.9047,1.87552,0,110.14
388439,5.035157,y,-52.36,-113.8896,1.59742,0,110.14
388440,5.044922,y,-37.835,-97.4154,1.55018,0,110.14
388441,5.054688,y,-30.765,-82.9769,0.94801,0,110.14
388442,5.06543,y,-37.03,-72.1558,1.32592,0,110.14
388443,5.075196,y,-34.02,-63.8945,1.41299,0,110.14
388444,5.084961,y,-23.87,-55.2248,1.18142,0,110.14
388445,5.094727,y,-19.11,-47.4012,1.09373,0,110.14
388446,5.104493,y,-20.02,-41.4696,1.13505,0,110.14
388447,5.110352,y,-23.66,-39.043,1.02668,0,110.14
388448,5.120118,y,-25.48,-36.1049,1.12581,0,110.14
388449,5.129883,y,-22.12,-33.0756,1.18307,0,110.14
388450,5.139649,y,-17.465,-29.6939,1.05523,0,110.14
388451,5.150391,y,-16.485,-26.583,1.05165,0,110.14
388452,5.160157,y,-16.275,-24.35,1.04565,0,110.14
388453,5.169922,y,-18.2,-23.0178,1.03725,0,110.14
388454,5.179688,y,-18.165,-21.9666,0.91846,0,110.14
388455,5.19043,y,-18.69,-21.1949,1.10662,0,110.14
388456,5.195313,y,-19.18,-20.9633,0.96862,0,110.14
388457,5.205079,y,-19.775,-20.7059,1.01964,0,110.14
388458,5.214844,y,-18.55,-20.2389,1.07151,0,110.14
388459,5.22461,y,-17.57,-19.6608,1.00385,0,110.14
388460,5.235352,y,-17.255,-19.0942,1.04966,0,110.14
388461,5.245118,y,-15.645,-18.347,1.03068,0,110.14
388462,5.254883,y,-15.435,-17.7162,1.02075,0,110.14
388463,5.264649,y,-15.05,-17.1386,1.01992,0,110.14
388464,5.275391,y,-14.84,-16.5973,1.00905,0,110.14
388465,5.285157,y,-16.835,-16.6488,1.0079,0,110.14
388466,5.294922,y,-17.85,-16.909,1.07017,0,110.14
388467,5.299805,y,-16.905,-16.9085,0.98575,0,110.14
388468,5.309571,y,-18.83,-17.3248,1.05975,0,110.14
388469,5.320313,y,-20.405,-18.0502,1.01821,0,110.14
388470,5.330079,y,-18.62,-18.1736,0.98278,0,110.14
388471,5.339844,y,-21.175,-18.8238,1.06031,0,110.14
388472,5.34961,y,-22.12,-19.5378,1.03143,0,110.14
388473,5.360352,y,-24.605,-20.7312,1.02994,0,110.14
388474,5.370118,y,-28.525,-22.4196,1.00155,0,110.14
388475,5.379883,y,-34.65,-25.0688,0.98432,0,110.14
388476,5.389649,y,-43.61,-29.0854,0.97257,0,110.14
388477,5.400391,y,-54.81,-35.1439,1.01992,0,110.14
388478,5.405274,y,-65.205,-38.5984,1.05045,0,110.14
388479,5.41504,y,-76.58,-46.8264,0.97237,0,110.14
388480,5.424805,y,-93.485,-56.9331,1.02313,0,110.14
388481,5.434571,y,-111.335,-68.7182,1.03525,0,110.14
388482,5.445313,y,-133.455,-83.9645,1.1215,0,110.14
388483,5.455079,y,-153.265,-98.9771,0.98522,0,110.14
388484,5.464844,y,-176.82,-115.8387,1.03044,0,110.14
388485,5.47461,y,-202.93,-134.7052,1.16514,0,110.14
388486,5.485352,y,-228.585,-156.8151,1.03212,0,110.14
388487,5.490235,y,-261.94,-168.8959,0.78523,0,110.14
388488,5.5,y,-307.335,-198.8832,0.88317,0,110.14
388489,5.509766,y,-353.08,-232.2868,1.36255,0,110.14
388490,5.519532,y,-388.5,-266.1273,1.22226,0,110.14
388491,5.530274,y,-433.37,-305.5151,1.39891,0,110.14
388492,5.54004,y,-478.66,-343.0234,1.45561,0,110.14
388493,5.549805,y,-517.965,-380.9176,2.31771,0,110.14
388494,5.559571,y,-530.565,-413.3357,3.46107,0,110.14
388495,5.570313,y,-497.595,-433.1798,4.04657,0,110.14
388496,5.580079,y,-441.42,-434.9649,3.2973,0,110.14
388497,5.589844,y,-408.31,-429.1912,2.92899,0,110.14
388498,5.59961,y,-388.955,-420.4748,2.03073,0,110.14
388499,5.604493,y,-395.29,-417.5806,1.89636,0,110.14
388500,5.615235,y,-386.47,-410.2537,2.29604,0,110.14
388501,5.625,y,-338.73,-394.7609,1.87149,0,110.14
388502,5.634766,y,-311.15,-376.6483,2.27199,0,110.14
388503,5.644532,y,-284.76,-356.7425,5.10299,0,110.14
388504,5.655274,y,-145.32,-306.9498,3.40418,0,110.14
388505,5.66504,y,-49.805,-251.2446,3.05289,0,110.14
388506,5.674805,y,41.72,-187.7854,1.84879,0,110.14
388507,5.684571,y,101.325,-125.1555,1.54564,0,110.14
388508,5.69043,y,146.475,-88.1451,1.29294,0,110.14
388509,5.700196,y,178.01,-30.4879,1.11129,0,110.14
388510,5.709961,y,199.71,19.3753,1.04725,0,110.14
388511,5.719727,y,218.085,62.4218,1.07213,1,109.54
388512,5.729493,y,239.365,100.753,1.11017,0,109.54
388513,5.740235,y,267.365,139.9922,1.16345,0,109.54
388514,5.75,y,301.42,174.9591,1.21125,0,109.54
388515,5.759766,y,337.33,210.1335,1.06625,0,109.54
388516,5.769532,y,364.735,243.6248,0.81375,0,109.54
388517,5.780274,y,377.965,275.2637,0.81228,0,109.54
388518,5.79004,y,386.225,299.3012,1.04457,0,109.54
388519,5.794922,y,396.13,310.4264,1.18128,0,109.54
388520,5.804688,y,407.33,331.4186,1.20471,0,109.54
388521,5.81543,y,416.57,351.4729,1.21082,0,109.54
388522,5.825196,y,420.49,366.424,1.2693,0,109.54
388523,5.834961,y,421.505,378.3551,1.41071,0,109.54
388524,5.844727,y,422.66,387.9529,1.50671,0,109.54
388525,5.854493,y,421.785,395.2819,1.61591,0,109.54
388526,5.865235,y,418.355,400.7159,1.849,0,109.54
388527,5.875,y,413.245,403.4299,2.14441,0,109.54
388528,5.884766,y,408.94,404.6235,2.42207,0,109.54
388529,5.894532,y,404.845,404.6715,2.64988,0,109.54
388530,5.900391,y,398.3,403.8034,2.7907,0,109.54
388531,5.910157,y,386.995,400.1622,2.9,0,109.54
388532,5.919922,y,370.895,393.8226,2.96652,0,109.54
388533,5.929688,y,351.155,384.5795,2.95727,0,109.54
388534,5.94043,y,326.41,370.8799,2.94429,0,109.54
388535,5.950196,y,294.63,354.3619,3.02307,0,109.54
388536,5.959961,y,257.95,333.4781,3.06408,0,109.54
388537,5.969727,y,216.825,308.2075,3.01679,0,109.54
388538,5.979493,y,169.4,278.1377,3.00378,0,109.54
388539,5.985352,y,117.565,256.2592,3.10248,0,109.54
388540,5.995118,y,65.835,215.0076,3.32062,0,109.54
388541,6.004883,y,17.255,172.1724,3.59426,0,109.54
388542,6.014649,y,-29.82,128.4148,3.70583,0,109.54
388543,6.025391,y,-109.69,72.3381,4.03542,0,109.54
388544,6.035157,y,-177.59,18.1962,0.84693,0,109.54
388545,6.044922,y,-209.755,-31.1804,3.39692,0,109.54
388546,6.054688,y,-189.21,-65.4143,2.92889,0,109.54
388547,6.06543,y,-191.1,-95.0149,0.65144,0,109.54
388548,6.075196,y,-233.765,-125.0723,1.29385,0,109.54
388549,6.084961,y,-240.52,-150.0795,3.15884,0,109.54
388550,6.094727,y,-169.96,-154.3862,2.4705,0,109.54
388551,6.09961,y,-113.89,-149.7325,1.56772,0,109.54
388552,6.110352,y,-106.33,-139.5106,1.56724,0,109.54
388553,6.120118,y,-92.295,-129.2823,1.83326,0,109.54
388554,6.129883,y,-56.42,-113.4996,1.67425,0,109.54
388555,6.139649,y,-46.06,-98.8902,1.60033,0,109.54
388556,6.150391,y,-31.29,-82.9695,1.5642,0,109.54
388557,6.160157,y,-20.545,-69.4464,1.40541,0,109.54
388558,6.169922,y,-20.72,-58.8918,0.85033,0,109.54
388559,6.179688,y,-30.555,-52.7532,1.29521,0,109.54
388560,6.19043,y,-25.655,-46.3712,1.40608,0,109.54
388561,6.195313,y,-13.72,-42.619,1.15638,0,109.54
388562,6.205079,y,-10.5,-35.6611,1.09522,0,109.54
388563,6.214844,y,-16.87,-31.5907,1.08767,0,109.54
388564,6.22461,y,-23.485,-29.8348,1.10584,0,109.54
388565,6.235352,y,-20.37,-27.6057,1.20253,0,109.54
388566,6.245118,y,-12.04,-24.2337,1.15334,0,109.54
388567,6.254883,y,-6.265,-20.3415,1.07294,0,109.54
388568,6.264649,y,-4.725,-16.9585,0.95367,0,109.54
388569,6.275391,y,-8.19,-14.8934,1.10091,0,109.54
388570,6.285157,y,-11.375,-14.1312,0.92932,0,109.54
388571,6.29004,y,-13.125,-14.0156,1.03557,0,109.54
388572,6.299805,y,-13.895,-13.9895,0.99571,0,109.54
388573,6.309571,y,-15.54,-14.3254,0.96486,0,109.54
388574,6.320313,y,-16.73,-14.8917,1.02586,0,109.54
388575,6.330079,y,-17.395,-15.434,0.9897,0,109.54
388576,6.339844,y,-19.74,-16.3667,0.99533,0,109.54
388577,6.34961,y,-22.645,-17.7268,1.00769,0,109.54
388578,6.360352,y,-23.66,-19.1241,1.02444,0,109.54
388579,6.370118,y,-24.43,-20.2735,0.984,0,109.54
388580,6.379883,y,-27.23,-21.7804,1.00638,0,109.54
388581,6.389649,y,-28.175,-23.1656,1.02355,0,109.54
388582,6.400391,y,-28.805,-24.4938,1.07497,0,109.54
388583,6.405274,y,-29.19,-25.0335,1.00394,0,109.54
388584,6.41504,y,-27.3,-25.5245,1.06606,0,109.54
388585,6.424805,y,-28.0,-26.0607,1.09344,0,109.54
388586,6.434571,y,-28.455,-26.5794,1.09684,0,109.54
388587,6.445313,y,-27.055,-26.6914,1.08021,0,109.54
388588,6.455079,y,-29.89,-27.3843,1.005,0,109.54
388589,6.464844,y,-35.56,-29.1552,1.03702,0,109.54
388590,6.47461,y,-41.615,-31.8544,1.04126,0,109.54
388591,6.485352,y,-49.105,-35.9171,1.08164,0,109.54
388592,6.490235,y,-56.77,-38.3135,0.97446,0,109.54
388593,6.5,y,-65.03,-44.1006,0.98538,0,109.54
388594,6.509766,y,-76.23,-51.0608,0.97002,0,109.54
388595,6.519532,y,-91.315,-59.781,0.98057,0,109.54
388596,6.530274,y,-110.005,-71.6094,1.01669,0,109.54
388597,6.54004,y,-126.0,-83.392,0.9061,0,109.54
388598,6.549805,y,-146.895,-97.1474,1.07458,0,109.54
388599,6.559571,y,-171.08,-113.1634,1.10972,0,109.54
388600,6.570313,y,-195.3,-132.5077,0.97964,0,109.54
388601,6.580079,y,-223.02,-152.1153,1.02429,0,109.54
388602,6.589844,y,-253.225,-174.0167,0.90585,0,109.54
388603,6.59961,y,-292.635,-199.713,0.83843,0,109.54
388604,6.604493,y,-336.665,-215.4512,1.25645,0,109.54
388605,6.615235,y,-371.595,-252.2251,1.5422,0,109.54
388606,6.625,y,-403.025,-284.8899,1.20823,0,109.54
388607,6.634766,y,-458.36,-322.4687,1.52609,0,109.54
388608,6.644532,y,-497.175,-360.3153,2.04458,0,109.54
388609,6.655274,y,-523.075,-398.6473,3.10045,0,109.54
388610,6.66504,y,-500.885,-420.795,3.60779,0,109.54
388611,6.674805,y,-451.745,-427.4991,3.58629,0,109.54
388612,6.684571,y,-408.135,-423.3043,3.28778,0,109.54
388613,6.69043,y,-384.055,-417.9565,2.66248,0,109.54
388614,6.700196,y,-379.365,-409.5964,1.56166,0,109.54
388615,6.709961,y,-399.07,-407.3163,2.14549,0,109.54
388616,6.719727,y,-377.195,-400.7911,2.0484,0,109.54
388617,6.729493,y,-345.59,-388.8329,2.59822,0,109.54
388618,6.740235,y,-317.8,-372.1037,4.36104,0,109.54
388619,6.75,y,-246.785,-344.9584,4.55001,0,109.54
388620,6.759766,y,-121.66,-296.5853,3.27619,0,109.54
388621,6.769532,y,-6.51,-233.7463,2.81648,0,109.54
388622,6.780274,y,94.885,-156.3494,2.3566,0,109.54
388623,6.79004,y,170.17,-85.6156,2.08553,0,109.54
388624,6.794922,y,230.195,-49.3302,1.7519,0,109.54
388625,6.804688,y,274.365,20.7918,1.43149,0,109.54
388626,6.81543,y,306.6,88.1033,1.39781,1,109.53
388627,6.825196,y,337.295,142.0857,1.40303,0,109.53
388628,6.834961,y,370.755,191.6178,1.43723,0,109.53
388629,6.844727,y,407.68,238.4233,1.26247,0,109.53
388630,6.854493,y,433.615,280.7077,0.89869,0,109.53
388631,6.865235,y,441.0,318.4586,0.72255,0,109.53
388632,6.875,y,436.52,344.0319,0.9141,0,109.53
388633,6.884766,y,433.335,363.3776,1.16233,0,109.53
388634,6.894532,y,437.22,379.3741,1.24183,0,109.53
388635,6.900391,y,440.3,387.6754,1.2452,0,109.53
388636,6.910157,y,437.535,398.4765,1.24281,0,109.53
388637,6.919922,y,430.255,405.36,1.22242,0,109.53
388638,6.929688,y,417.795,408.0538,1.31069,0,109.53
388639,6.94043,y,403.165,406.9024,1.71062,0,109.53
388640,6.950196,y,395.675,404.4702,2.13375,0,109.53
388641,6.959961,y,395.43,402.512,2.42546,0,109.53
388642,6.969727,y,395.99,401.0992,2.56383,0,109.53
388643,6.979493,y,391.37,398.9915,2.60558,0,109.53
388644,6.985352,y,379.085,396.2792,2.71824,0,109.53
388645,6.995118,y,361.165,388.6724,2.93702,0,109.53
388646,7.004883,y,341.915,378.5443,3.17669,0,109.53
388647,7.014649,y,324.975,366.9396,3.25188,0,109.53
388648,7.025391,y,306.81,352.7783,3.23372,0,109.53
388649,7.035157,y,283.71,337.816,3.20819,0,109.53
388650,7.044922,y,256.165,320.1296,3.13483,0,109.53
388651,7.054688,y,222.88,299.0624,3.04934,0,109.53
388652,7.06543,y,182.77,271.6741,3.12642,0,109.53
388653,7.075196,y,141.855,243.5514,3.30036,0,109.53
388654,7.084961,y,102.83,213.0697,3.39074,0,109.53
388655,7.094727,y,58.73,179.6351,3.54076,0,109.53
388656,7.09961,y,3.43,159.386,3.56775,0,109.53
388657,7.110352,y,-67.585,105.9314,3.464,0,109.53
388658,7.120118,y,-144.06,51.7758,3.03516,0,109.53
388659,7.129883,y,-205.73,-4.0026,1.29695,0,109.53
388660,7.139649,y,-210.14,-48.6581,3.52851,0,109.53
388661,7.150391,y,-193.935,-82.8727,1.98918,0,109.53
388662,7.160157,y,-247.905,-118.6236,1.10452,0,109.53
388663,7.169922,y,-303.905,-158.7575,2.8472,0,109.53
388664,7.179688,y,-259.42,-180.564,3.36355,0,109.53
388665,7.19043,y,-179.585,-180.3334,2.36728,0,109.53
388666,7.195313,y,-134.015,-175.0106,1.61779,0,109.53
388667,7.205079,y,-128.66,-164.9697,1.38256,0,109.53
388668,7.214844,y,-119.21,-155.0577,3.00907,0,109.53
388669,7.22461,y,-66.22,-135.8128,1.99091,0,109.53
388670,7.235352,y,-46.585,-114.7985,1.79219,0,109.53
388671,7.245118,y,-39.725,-98.5353,1.34412,0,109.53
388672,7.254883,y,-47.25,-87.4264,1.07762,0,109.53
388673,7.264649,y,-51.205,-79.5798,1.63621,0,109.53
388674,7.275391,y,-37.73,-69.7236,1.39972,0,109.53
388675,7.285157,y,-27.265,-60.5258,1.19071,0,109.53
388676,7.29004,y,-23.905,-56.3174,1.25045,0,109.53
388677,7.299805,y,-22.365,-48.963,1.13545,0,109.53
388678,7.309571,y,-23.695,-43.4892,1.16972,0,109.53
388679,7.320313,y,-18.515,-37.6074,1.09408,0,109.53
388680,7.330079,y,-16.24,-32.9786,1.01527,0,109.53
388681,7.339844,y,-14.805,-29.042,1.1184,0,109.53
388682,7.34961,y,-14.525,-25.8972,1.00384,0,109.53
388683,7.360352,y,-14.98,-23.3261,0.86046,0,109.53
388684,7.370118,y,-18.095,-22.1929,1.06366,0,109.53
388685,7.379883,y,-18.795,-21.4568,0.94613,0,109.53
388686,7.389649,y,-20.965,-21.3503,0.99892,0,109.53
388687,7.400391,y,-21.14,-21.3008,1.03624,0,109.53
388688,7.405274,y,-19.88,-21.1375,1.01194,0,109.53
388689,7.41504,y,-18.34,-20.5315,1.04237,0,109.53
388690,7.424805,y,-17.185,-19.8066,1.03937,0,109.53
388691,7.434571,y,-17.29,-19.2614,1.03574,0,109.53
388692,7.445313,y,-16.905,-18.7065,1.00055,0,109.53
388693,7.455079,y,-18.06,-18.5664,1.05527,0,109.53
388694,7.464844,y,-17.57,-18.3506,1.01068,0,109.53
388695,7.47461,y,-19.46,-18.5909,1.02489,0,109.53
388696,7.485352,y,-19.46,-18.7956,0.98659,0,109.53
388697,7.490235,y,-22.295,-19.1977,1.11719,0,109.53
388698,7.5,y,-23.625,-20.1567,0.98426,0,109.53
388699,7.509766,y,-25.83,-21.3857,1.12154,0,109.53
388700,7.519532,y,-24.36,-22.03,0.97288,0,109.53
388701,7.530274,y,-29.61,-23.8152,1.03766,0,109.53
388702,7.54004,y,-32.515,-25.6999,1.03452,0,109.53
388703,7.549805,y,-40.145,-28.8288,1.049,0,109.53
388704,7.559571,y,-47.565,-32.8876,1.05324,0,109.53
388705,7.570313,y,-55.44,-38.199,0.97224,0,109.53
388706,7.580079,y,-67.13,-44.4663,0.98728,0,109.53
388707,7.589844,y,-80.885,-52.355,1.03735,0,109.53
388708,7.594727,y,-92.89,-57.0132,1.02077,0,109.53
388709,7.604493,y,-105.84,-67.5905,0.97601,0,109.53
388710,7.615235,y,-124.775,-81.0582,1.20556,0,109.53
388711,7.625,y,-140.735,-93.9848,1.05467,0,109.53
388712,7.634766,y,-161.315,-108.5705,0.94713,0,109.53
388713,7.644532,y,-186.83,-125.5239,1.0681,0,109.53
388714,7.655274,y,-213.01,-146.128,1.06681,0,109.53
388715,7.66504,y,-245.875,-167.7362,0.76469,0,109.53
388716,7.674805,y,-288.4,-193.8732,0.74103,0,109.53
388717,7.684571,y,-334.46,-224.3285,1.16761,0,109.53
388718,7.69043,y,-373.905,-244.7087,1.50311,0,109.53
388719,7.700196,y,-406.14,-279.6795,1.13653,0,109.53
388720,7.709961,y,-458.36,-318.3836,1.36967,0,109.53
388721,7.719727,y,-503.44,-358.4723,1.85989,0,109.53
388722,7.729493,y,-536.69,-397.0796,2.95627,0,109.53
388723,7.740235,y,-529.06,-428.1627,3.76377,0,109.53
388724,7.75,y,-483.63,-440.1775,3.69214,0,109.53
388725,7.759766,y,-439.215,-439.969,3.07442,0,109.53
388726,7.769532,y,-418.355,-435.2867,2.22888,0,109.53
388727,7.780274,y,-430.465,-434.1512,1.586,0,109.53
388728,7.785157,y,-449.19,-435.8794,2.54031,0,109.53
388729,7.794922,y,-401.8,-428.4974,3.03394,0,109.53
388730,7.804688,y,-319.585,-404.9038,2.5992,0,109.53
388731,7.81543,y,-255.71,-369.7667,2.42454,0,109.53
388732,7.825196,y,-213.85,-335.9905,5.87403,0,109.53
388733,7.834961,y,-50.855,-274.2272,3.10746,0,109.53
388734,7.844727,y,29.785,-208.3691,2.55607,0,109.53
388735,7.854493,y,106.05,-140.2565,1.48392,0,109.53
388736,7.865235,y,151.13,-71.6313,1.33071,0,109.53
388737,7.875,y,184.24,-16.2069,1.16832,0,109.53
388738,7.884766,y,208.25,32.4172,0.95877,0,109.53
388739,7.894532,y,223.895,73.897,0.96125,1,110.2
388740,7.900391,y,240.73,96.6284,1.17355,0,110.2
388741,7.910157,y,267.12,133.562,1.39126,0,110.2
388742,7.919922,y,307.58,171.2561,1.50768,0,110.2
388743,7.929688,y,355.67,211.2057,1.34076,0,110.2
388744,7.94043,y,394.485,254.3703,0.9011,0,110.2
388745,7.950196,y,410.69,288.2338,0.58677,0,110.2
388746,7.959961,y,409.99,314.6075,0.60583,0,110.2
388747,7.969727,y,407.015,334.6257,0.88262,0,110.2
388748,7.979493,y,408.555,350.641,1.15851,0,110.2
388749,7.985352,y,415.94,359.5382,1.21183,0,110.2
388750,7.995118,y,420.525,372.7497,1.29222,0,110.2
388751,8.004883,y,421.96,383.4092,1.40264,0,110.2
388752,8.014649,y,422.905,391.9652,1.51703,0,110.2
388753,8.025391,y,422.625,399.1859,1.69694,0,110.2
388754,8.035157,y,421.96,404.1195,1.92315,0,110.2
388755,8.044922,y,420.14,407.5897,2.14267,0,110.2
388756,8.054688,y,417.9,409.8232,2.30176,0,110.2
388757,8.06543,y,412.685,410.4972,2.47263,0,110.2
388758,8.075196,y,402.64,408.7951,2.70226,0,110.2
388759,8.084961,y,389.48,404.6112,2.92359,0,110.2
388760,8.089844,y,374.395,401.1389,3.01222,0,110.2
388761,8.09961,y,354.585,391.0539,2.94174,0,110.2
388762,8.110352,y,325.675,375.6563,2.93617,0,110.2
388763,8.120118,y,288.96,356.8753,3.09531,0,110.2
388764,8.129883,y,250.075,333.7413,3.13587,0,110.2
388765,8.139649,y,209.23,306.7684,3.04891,0,110.2
388766,8.150391,y,163.59,273.0481,3.0473,0,110.2
388767,8.160157,y,114.205,238.6379,3.20895,0,110.2
388768,8.169922,y,66.605,201.3738,3.45094,0,110.2
388769,8.179688,y,26.67,163.5277,3.7757,0,110.2
388770,8.19043,y,-7.49,123.2509,3.76698,0,110.2
388771,8.195313,y,-62.265,101.9318,3.51643,0,110.2
388772,8.205079,y,-150.29,47.293,1.87968,0,110.2
388773,8.214844,y,-195.895,-5.384,2.15794,0,110.2
388774,8.22461,y,-204.645,-48.5499,3.38151,0,110.2
388775,8.235352,y,-210.035,-86.5817,1.29403,0,110.2
388776,8.245118,y,-253.435,-122.7271,0.94813,0,110.2
388777,8.254883,y,-284.865,-157.8479,3.12983,0,110.2
388778,8.264649,y,-221.27,-171.587,3.39283,0,110.2
388779,8.275391,y,-137.2,-163.4884,2.17289,0,110.2
388780,8.280274,y,-107.17,-157.0164,1.66046,0,110.2
388781,8.29004,y,-107.625,-146.3168,2.17616,0,110.2
388782,8.299805,y,-71.61,-130.1345,2.20483,0,110.2
388783,8.309571,y,-46.445,-112.0049,1.66783,0,110.2
388784,8.320313,y,-33.635,-93.5478,1.62604,0,110.2
388785,8.330079,y,-23.52,-78.3776,1.27156,0,110.2
388786,8.339844,y,-31.745,-68.2765,0.99096,0,110.2
388787,8.34961,y,-39.935,-62.1369,1.68904,0,110.2
388788,8.360352,y,-22.89,-52.8938,1.26021,0,110.2
388789,8.370118,y,-17.08,-45.1354,1.11464,0,110.2
388790,8.379883,y,-16.66,-38.9674,1.27143,0,110.2
388791,8.389649,y,-14.945,-33.7634,1.12163,0,110.2
388792,8.400391,y,-18.165,-30.0898,1.10621,0,110.2
388793,8.405274,y,-17.535,-28.647,1.11241,0,110.2
388794,8.41504,y,-13.86,-25.4437,1.07726,0,110.2
388795,8.424805,y,-13.3,-22.8132,1.01546,0,110.2
388796,8.434571,y,-13.23,-20.7372,0.95042,0,110.2
388797,8.445313,y,-14.175,-19.1917,1.09155,0,110.2
388798,8.455079,y,-14.84,-18.249,0.9254,0,110.2
388799,8.464844,y,-15.015,-17.5485,1.0988,0,110.2
388800,8.47461,y,-11.935,-16.3324,0.9629,0,110.2
388801,8.485352,y,-13.895,-15.7584,0.97162,0,110.2
388802,8.490235,y,-14.945,-15.6649,1.02741,0,110.2
388803,8.5,y,-14.77,-15.4711,1.05446,0,110.2
388804,8.509766,y,-13.44,-15.0311,1.04609,0,110.2
388805,8.519532,y,-11.655,-14.2997,0.99614,0,110.2
388806,8.530274,y,-12.95,-13.9818,1.00427,0,110.2
388807,8.54004,y,-15.785,-14.3725,0.97996,0,110.2
388808,8.549805,y,-17.92,-15.1409,0.98466,0,110.2
388809,8.559571,y,-20.86,-16.3798,0.97445,0,110.2
388810,8.570313,y,-24.675,-18.3334,1.08899,0,110.2
388811,8.580079,y,-24.185,-19.6011,1.01457,0,110.2
388812,8.589844,y,-21.805,-20.0785,0.96445,0,110.2
388813,8.594727,y,-24.71,-20.6107,1.06481,0,110.2
388814,8.604493,y,-25.9,-21.7565,1.05975,0,110.2
388815,8.615235,y,-25.62,-22.6664,1.06994,0,110.2
388816,8.625,y,-26.565,-23.5109,1.05535,0,110.2
388817,8.634766,y,-26.32,-24.1194,1.06934,0,110.2
388818,8.644532,y,-26.915,-24.725,0.99394,0,110.2
388819,8.655274,y,-33.53,-26.7987,1.00985,0,110.2
388820,8.66504,y,-41.16,-29.9098,1.0396,0,110.2
388821,8.674805,y,-49.385,-34.1283,0.99821,0,110.2
388822,8.684571,y,-61.915,-40.1478,1.01623,0,110.2
388823,8.69043,y,-76.51,-45.1022,1.04708,0,110.2
388824,8.700196,y,-99.05,-56.7889,1.05015,0,110.2
388825,8.709961,y,-122.045,-70.9241,0.94726,0,110.2
388826,8.719727,y,-148.365,-87.7001,1.04695,0,110.2
388827,8.729493,y,-179.97,-107.6885,1.15008,0,110.2
388828,8.740235,y,-208.355,-131.3967,1.10585,0,110.2
388829,8.75,y,-237.825,-154.4502,1.00112,0,110.2
388830,8.759766,y,-272.335,-179.9876,0.94294,0,110.2
388831,8.769532,y,-316.155,-209.4855,0.95572,0,110.2
388832,8.780274,y,-363.79,-245.8262,0.85328,0,110.2
388833,8.785157,y,-412.825,-265.0174,1.47715,0,110.2
388834,8.794922,y,-449.995,-305.0854,1.26455,0,110.2
388835,8.804688,y,-499.555,-347.2133,1.42896,0,110.2
388836,8.81543,y,-542.325,-393.1646,1.94745,0,110.2
388837,8.825196,y,-567.07,-430.8377,3.24144,0,110.2
388838,8.834961,y,-542.325,-454.987,4.14942,0,110.2
388839,8.844727,y,-484.61,-461.4042,3.4545,0,110.2
388840,8.854493,y,-444.885,-457.8257,2.72902,0,110.2
388841,8.865235,y,-433.125,-452.0084,1.76638,0,110.2
388842,8.875,y,-458.325,-453.3766,1.44436,0,110.2
388843,8.884766,y,-472.535,-457.5269,3.32169,0,110.2
388844,8.894532,y,-397.915,-444.6132,3.39291,0,110.2
388845,8.900391,y,-312.585,-426.624,2.94204,0,110.2
388846,8.910157,y,-264.075,-391.411,3.78255,0,110.2
388847,8.919922,y,-204.47,-350.9177,4.17366,0,110.2
388848,8.929688,y,-75.985,-291.359,2.28433,0,110.2
388849,8.94043,y,3.15,-221.9984,1.91753,0,110.2
388850,8.950196,y,66.605,-159.4783,1.79072,0,110.2
388851,8.959961,y,117.39,-99.5058,1.48397,0,110.2
388852,8.969727,y,157.08,-43.9216,1.30926,0,110.2
388853,8.979493,y,194.6,7.7493,1.34807,0,110.2
388854,8.985352,y,234.815,38.6876,1.45024,0,110.2
388855,8.995118,y,278.74,90.6901,1.61985,1,109.73
388856,9.004883,y,330.47,142.6289,1.7592,0,109.73
388857,9.014649,y,385.175,195.1716,1.60753,0,109.73
388858,9.025391,y,429.625,250.3884,1.41904,0,109.73
388859,9.035157,y,463.505,296.5558,1.05078,0,109.73
388860,9.044922,y,477.54,335.7589,0.55604,0,109.73
388861,9.054688,y,467.18,364.2286,0.61331,0,109.73
388862,9.06543,y,454.475,385.4828,0.89624,0,109.73
388863,9.075196,y,450.31,399.5263,1.21505,0,109.73
388864,9.084961,y,455.21,411.588,1.49672,0,109.73
388865,9.089844,y,461.09,417.2766,1.50005,0,109.73
388866,9.09961,y,458.885,426.2903,1.42015,0,109.73
388867,9.110352,y,450.38,431.9637,1.27794,0,109.73
388868,9.120118,y,434.98,432.6171,1.33146,0,109.73
388869,9.129883,y,415.485,428.9061,1.75957,0,109.73
388870,9.139649,y,403.375,423.3753,2.15326,0,109.73
388871,9.150391,y,396.34,417.0082,2.48853,0,109.73
388872,9.160157,y,389.585,411.0675,2.63247,0,109.73
388873,9.169922,y,378.175,403.9426,2.63733,0,109.73
388874,9.179688,y,358.575,394.1146,2.61028,0,109.73
388875,9.19043,y,331.17,379.2904,2.64005,0,109.73
388876,9.195313,y,300.02,370.1808,2.79783,0,109.73
388877,9.205079,y,269.5,348.3703,3.03311,0,109.73
388878,9.214844,y,241.92,325.3121,3.20847,0,109.73
388879,9.22461,y,217.14,301.8788,3.12147,0,109.73
388880,9.235352,y,189.945,275.5169,3.00229,0,109.73
388881,9.245118,y,151.865,248.7302,3.01407,0,109.73
388882,9.254883,y,105.595,217.7257,3.13612,0,109.73
388883,9.264649,y,54.04,182.2665,3.35255,0,109.73
388884,9.275391,y,0.98,139.5712,3.54516,0,109.73
388885,9.280274,y,-58.87,116.7667,3.73021,0,109.73
388886,9.29004,y,-154.245,58.0575,3.47191,0,109.73
388887,9.299805,y,-201.95,1.7372,0.51757,0,109.73
388888,9.309571,y,-229.215,-48.294,3.71139,0,109.73
388889,9.320313,y,-203.07,-84.7457,2.46131,0,109.73
388890,9.330079,y,-200.585,-109.84,1.03544,0,109.73
388891,9.339844,y,-225.295,-134.8487,1.89098,0,109.73
388892,9.34961,y,-207.585,-150.6056,2.96793,0,109.73
388893,9.360352,y,-140.49,-148.2232,2.20457,0,109.73
388894,9.370118,y,-99.68,-137.7073,1.71315,0,109.73
388895,9.379883,y,-93.485,-128.1283,1.83591,0,109.73
388896,9.389649,y,-65.52,-114.5655,1.61631,0,109.73
388897,9.394532,y,-55.125,-107.7347,1.50967,0,109.73
388898,9.405274,y,-40.985,-92.0143,1.5581,0,109.73
388899,9.41504,y,-30.205,-78.6245,1.35188,0,109.73
388900,9.424805,y,-33.88,-68.9324,0.80396,0,109.73
388901,9.434571,y,-44.17,-63.5681,1.43868,0,109.73
388902,9.445313,y,-33.985,-56.6009,1.42997,0,109.73
388903,9.455079,y,-21.84,-49.0707,1.29889,0,109.73
388904,9.464844,y,-14.84,-41.656,1.16331,0,109.73
388905,9.47461,y,-15.505,-35.9909,1.18874,0,109.73
388906,9.485352,y,-17.325,-31.5948,1.11429,0,109.73
388907,9.490235,y,-16.31,-29.8383,1.10727,0,109.73
388908,9.5,y,-12.845,-26.1574,1.03225,0,109.73
388909,9.509766,y,-12.425,-23.1825,1.05113,0,109.73
388910,9.519532,y,-13.51,-21.0872,0.89324,0,109.73
388911,9.530274,y,-17.01,-20.127,1.08459,0,109.73
388912,9.54004,y,-17.78,-19.6185,0.89937,0,109.73
388913,9.549805,y,-20.72,-19.8571,1.01037,0,109.73
388914,9.559571,y,-21.455,-20.2033,1.05811,0,109.73
388915,9.570313,y,-21.77,-20.5723,1.04275,0,109.73
388916,9.580079,y,-19.145,-20.2631,1.05384,0,109.73
388917,9.584961,y,-17.745,-19.9738,1.04337,0,109.73
388918,9.594727,y,-18.305,-19.6123,1.04852,0,109.73
388919,9.604493,y,-18.725,-19.42,1.03459,0,109.73
388920,9.615235,y,-19.11,-19.347,1.06001,0,109.73
388921,9.625,y,-20.125,-19.5155,1.04168,0,109.73
388922,9.634766,y,-22.015,-20.057,1.01602,0,109.73
388923,9.644532,y,-23.415,-20.7844,0.98035,0,109.73
388924,9.655274,y,-24.465,-21.6513,1.07198,0,109.73
388925,9.66504,y,-25.305,-22.4428,1.0266,0,109.73
388926,9.674805,y,-25.06,-23.0097,1.03829,0,109.73
388927,9.684571,y,-25.865,-23.6282,1.09535,0,109.73
388928,9.69043,y,-26.985,-24.0856,1.00314,0,109.73
388929,9.700196,y,-30.1,-25.3885,1.06482,0,109.73
388930,9.709961,y,-34.09,-27.2733,1.02374,0,109.73
388931,9.719727,y,-39.095,-29.8343,0.99819,0,109.73
388932,9.729493,y,-45.85,-33.3037,0.99596,0,109.73
388933,9.740235,y,-55.51,-38.5336,0.98509,0,109.73
388934,9.75,y,-67.76,-44.8643,1.06942,0,109.73
388935,9.759766,y,-79.905,-52.4552,1.02377,0,109.73
388936,9.769532,y,-93.065,-61.2525,0.95393,0,109.73
388937,9.775391,y,-113.19,-68.3291,1.01804,0,109.73
388938,9.785157,y,-135.8,-82.9453,1.11543,0,109.73
388939,9.794922,y,-156.31,-98.8369,0.99457,0,109.73
388940,9.804688,y,-178.185,-116.026,1.02626,0,109.73
388941,9.81543,y,-205.94,-137.2019,1.09674,0,109.73
388942,9.825196,y,-234.395,-158.2569,1.09011,0,109.73
388943,9.834961,y,-265.125,-181.4056,0.82265,0,109.73
388944,9.844727,y,-308.035,-208.8373,0.71171,0,109.73
388945,9.854493,y,-356.125,-240.7442,1.23192,0,109.73
388946,9.865235,y,-393.015,-276.6059,1.42206,0,109.73
388947,9.875,y,-429.415,-309.706,1.32751,0,109.73
388948,9.884766,y,-479.605,-346.5112,1.53753,0,109.73
388949,9.889649,y,-514.85,-365.8563,2.23038,0,109.73
388950,9.900391,y,-529.41,-404.3753,3.445,0,109.73
388951,9.910157,y,-498.435,-424.7515,3.88303,0,109.73
388952,9.919922,y,-444.675,-429.0671,3.0395,0,109.73
388953,9.929688,y,-415.205,-426.0642,3.01182,0,109.73
388954,9.94043,y,-396.9,-419.1956,2.07409,0,109.73
388955,9.950196,y,-411.18,-417.4592,1.40828,0,109.73
388956,9.959961,y,-423.92,-418.8587,2.42589,0,109.73
388957,9.969727,y,-375.83,-409.5374,2.54505,0,109.73
388958,9.979493,y,-308.21,-387.5868,2.72911,0,109.73
388959,9.985352,y,-230.265,-366.1513,4.61765,0,109.73
388960,9.995118,y,-109.865,-310.632,5.08252,0,109.73
388961,10.004883,y,35.455,-235.666,3.19423,0,109.73
388962,10.014649,y,120.12,-158.5921,2.09883,0,109.73
388963,10.025391,y,183.995,-77.9085,1.26713,0,109.73
388964,10.035157,y,212.66,-14.9627,1.26472,0,109.73
388965,10.044922,y,236.775,39.5663,0.98556,0,109.73
388966,10.054688,y,245.98,84.2817,0.81009,1,111.14
388967,10.06543,y,250.25,123.3693,0.87499,0,111.14
388968,10.075196,y,262.815,153.5774,1.03259,0,111.14
388969,10.080079,y,285.145,168.6969,1.23495,0,111.14
388970,10.089844,y,318.85,201.2216,1.25986,0,111.14
388971,10.09961,y,353.325,234.1718,1.12464,0,111.14
388972,10.110352,y,377.055,267.8226,0.96617,0,111.14
388973,10.120118,y,388.395,293.9422,0.91109,0,111.14
388974,10.129883,y,393.575,315.5237,0.99901,0,111.14
388975,10.139649,y,398.79,333.5616,1.12355,0,111.14
388976,10.150391,y,405.335,350.4652,1.11522,0,111.14
388977,10.160157,y,407.33,362.7838,1.1936,0,111.14
388978,10.169922,y,407.225,372.4102,1.22338,0,111.14
388979,10.179688,y,403.305,379.103,1.2528,0,111.14
388980,10.19043,y,394.555,382.7421,1.39099,0,111.14
388981,10.195313,y,384.685,382.9654,1.71554,0,111.14
388982,10.205079,y,378.875,382.0793,2.10406,0,111.14
388983,10.214844,y,378.875,381.3852,2.44654,0,111.14
388984,10.22461,y,382.095,381.539,2.60576,0,111.14
388985,10.235352,y,382.13,381.6782,2.70412,0,111.14
388986,10.245118,y,376.215,380.4947,2.8211,0,111.14
388987,10.254883,y,364.84,377.1037,2.9379,0,111.14
388988,10.264649,y,349.125,371.0427,2.95322,0,111.14
388989,10.275391,y,328.335,360.9845,2.93699,0,111.14
388990,10.280274,y,302.295,354.24,2.99144,0,111.14
388991,10.29004,y,273.455,336.7396,2.93359,0,111.14
388992,10.299805,y,240.555,315.905,2.80674,0,111.14
388993,10.309571,y,201.6,291.1431,2.85251,0,111.14
388994,10.320313,y,161.77,260.6741,2.98863,0,111.14
388995,10.330079,y,122.92,230.8324,3.12492,0,111.14
388996,10.339844,y,82.67,198.7389,3.35071,0,111.14
388997,10.34961,y,38.325,163.9885,3.41519,0,111.14
388998,10.360352,y,-19.425,120.7923,3.28307,0,111.14
388999,10.370118,y,-93.1,74.4568,3.11465,0,111.14
389000,10.379883,y,-178.5,19.6638,1.41283,0,111.14
389001,10.389649,y,-200.83,-28.1018,2.64423,0,111.14
389002,10.394532,y,-195.16,-47.2998,3.26941,0,111.14
389003,10.405274,y,-192.535,-81.5045,1.50744,0,111.14
389004,10.41504,y,-243.635,-116.6268,1.90953,0,111.14
389005,10.424805,y,-247.275,-144.9266,3.46045,0,111.14
389006,10.434571,y,-174.16,-151.2594,2.59031,0,111.14
389007,10.445313,y,-119.945,-143.8845,1.66038,0,111.14
389008,10.455079,y,-114.45,-137.5081,1.37433,0,111.14
389009,10.464844,y,-116.445,-132.9456,1.36021,0,111.14
389010,10.47461,y,-101.815,-126.2018,2.42781,0,111.14
389011,10.485352,y,-65.59,-111.9269,2.00754,0,111.14
389012,10.490235,y,-50.19,-104.8322,1.23202,0,111.14
389013,10.5,y,-62.545,-95.6724,1.01719,0,111.14
389014,10.509766,y,-63.21,-88.6401,1.45155,0,111.14
389015,10.519532,y,-50.4,-80.3561,1.26644,0,111.14
389016,10.530274,y,-43.715,-71.7267,1.25773,0,111.14
389017,10.54004,y,-38.22,-64.4681,1.26238,0,111.14
389018,10.549805,y,-34.265,-57.9258,1.19774,0,111.14
389019,10.559571,y,-34.475,-52.8457,1.17019,0,111.14
389020,10.570313,y,-30.52,-47.5877,1.21046,0,111.14
389021,10.580079,y,-22.015,-42.0479,1.14221,0,111.14
389022,10.584961,y,-17.395,-39.2154,1.08979,0,111.14
389023,10.594727,y,-17.395,-34.4884,1.01618,0,111.14
389024,10.604493,y,-17.185,-30.74,1.09625,0,111.14
389025,10.615235,y,-16.87,-27.4734,1.02964,0,111.14
389026,10.625,y,-14.455,-24.6535,1.02205,0,111.14
389027,10.634766,y,-11.76,-21.8604,1.11845,0,111.14
389028,10.644532,y,-9.695,-19.225,0.98636,0,111.14
389029,10.655274,y,-8.225,-16.6344,1.04251,0,111.14
389030,10.66504,y,-6.79,-14.5018,1.02708,0,111.14
389031,10.674805,y,-7.245,-12.9299,0.9804,0,111.14
389032,10.684571,y,-9.345,-12.1533,0.98254,0,111.14
389033,10.69043,y,-11.935,-12.1235,1.01481,0,111.14
389034,10.700196,y,-13.16,-12.3481,1.00305,0,111.14
389035,10.709961,y,-14.63,-12.8424,0.97645,0,111.14
389036,10.719727,y,-16.38,-13.6087,0.99756,0,111.14
389037,10.729493,y,-16.695,-14.2773,0.97212,0,111.14
389038,10.740235,y,-21.35,-15.943,0.96059,0,111.14
389039,10.75,y,-24.85,-17.8724,0.98703,0,111.14
389040,10.759766,y,-26.005,-19.6341,1.05946,0,111.14
389041,10.769532,y,-30.45,-21.9772,0.98499,0,111.14
389042,10.775391,y,-32.13,-23.3605,1.0214,0,111.14
389043,10.785157,y,-33.985,-25.6621,1.03866,0,111.14
389044,10.794922,y,-33.46,-27.3512,1.06618,0,111.14
389045,10.804688,y,-34.545,-28.9096,1.08453,0,111.14
389046,10.81543,y,-36.4,-30.6737,1.03454,0,111.14
389047,10.825196,y,-40.67,-32.8392,1.11436,0,111.14
389048,10.834961,y,-44.555,-35.377,1.07614,0,111.14
389049,10.844727,y,-49.875,-38.5177,0.92929,0,111.14
389050,10.854493,y,-62.72,-43.7606,1.0338,0,111.14
389051,10.865235,y,-73.78,-50.8306,0.84979,0,111.14
389052,10.875,y,-93.66,-60.1079,1.20308,0,111.14
389053,10.884766,y,-106.715,-70.2044,1.00797,0,111.14
389054,10.889649,y,-128.555,-76.9099,1.15832,0,111.14
389055,10.900391,y,-149.485,-94.0023,0.95645,0,111.14
389056,10.910157,y,-176.155,-111.799,0.91954,0,111.14
389057,10.919922,y,-208.6,-132.7671,1.06615,0,111.14
389058,10.929688,y,-239.19,-155.8215,0.89883,0,111.14
389059,10.94043,y,-278.565,-184.7291,0.87174,0,111.14
389060,10.950196,y,-323.715,-214.8376,1.1311,0,111.14
389061,10.959961,y,-362.46,-246.8142,1.56832,0,111.14
389062,10.969727,y,-396.9,-279.3272,1.15558,0,111.14
389063,10.979493,y,-452.13,-316.7615,1.24769,0,111.14
389064,10.985352,y,-499.73,-341.6914,1.56095,0,111.14
389065,10.995118,y,-540.96,-384.859,2.22326,0,111.14
389066,11.004883,y,-548.1,-420.2186,3.70135,0,111.14
389067,11.014649,y,-507.08,-439.0354,3.86177,0,111.14
389068,11.025391,y,-455.56,-442.9272,3.30399,0,111.14
389069,11.035157,y,-420.665,-438.1045,2.99219,0,111.14
389070,11.044922,y,-403.69,-430.65,2.3624,0,111.14
389071,11.054688,y,-406.455,-425.4086,2.23515,0,111.14
389072,11.06543,y,-395.43,-418.3483,2.4002,0,111.14
389073,11.075196,y,-354.55,-404.5277,2.22018,0,111.14
389074,11.080079,y,-304.29,-393.0085,2.98296,0,111.14
389075,11.089844,y,-237.23,-359.2653,6.39155,0,111.14
389076,11.09961,y,-56.665,-293.713,4.3335,0,111.14
389077,11.110352,y,83.965,-204.765,3.43458,0,111.14
389078,11.120118,y,196.91,-117.7502,1.82455,0,111.14
389079,11.129883,y,252.315,-37.5903,1.41447,0,111.14
389080,11.139649,y,282.205,31.6869,1.11448,0,111.14
389081,11.150391,y,292.915,93.2095,0.87813,1,110.49
389082,11.160157,y,288.995,135.6225,0.7719,0,110.49
389083,11.169922,y,291.34,169.3525,0.88977,0,110.49
389084,11.179688,y,307.615,199.3043,1.31434,0,110.49
389085,11.19043,y,341.46,232.7838,1.35222,0,110.49
389086,11.195313,y,376.775,249.331,1.23402,0,110.49
389087,11.205079,y,403.235,282.6712,1.11503,0,110.49
389088,11.214844,y,419.545,312.3195,1.00142,0,110.49
389089,11.22461,y,427.315,337.2309,0.96005,0,110.49
389090,11.235352,y,429.205,358.892,0.93677,0,110.49
389091,11.245118,y,425.53,373.3278,0.98179,0,110.49
389092,11.254883,y,419.86,383.4071,1.07609,0,110.49
389093,11.264649,y,413.91,390.015,1.25588,0,110.49
389094,11.275391,y,407.365,394.1011,1.59153,0,110.49
389095,11.280274,y,405.51,395.4122,1.9965,0,110.49
389096,11.29004,y,410.48,398.6763,2.32625,0,110.49
389097,11.299805,y,417.48,402.7494,2.4579,0,110.49
389098,11.309571,y,418.46,406.1528,2.51188,0,110.49
389099,11.320313,y,410.06,407.073,2.54868,0,110.49
389100,11.330079,y,392.84,403.9897,2.70366,0,110.49
389101,11.339844,y,371.595,396.9727,2.87322,0,110.49
389102,11.34961,y,347.9,386.3421,2.8912,0,110.49
389103,11.360352,y,318.22,370.2984,2.81932,0,110.49
389104,11.370118,y,281.365,351.0328,2.87817,0,110.49
389105,11.379883,y,240.835,327.1628,3.03453,0,110.49
389106,11.384766,y,201.495,312.7213,3.22287,0,110.49
389107,11.394532,y,167.685,281.3021,3.34009,0,110.49
389108,11.405274,y,138.495,247.6692,3.39691,0,110.49
389109,11.41504,y,109.27,217.6878,3.47696,0,110.49
389110,11.424805,y,77.49,187.3195,3.5642,0,110.49
389111,11.434571,y,40.18,155.4447,3.64957,0,110.49
389112,11.445313,y,-6.825,117.2281,3.56957,0,110.49
389113,11.455079,y,-72.17,76.1988,3.43725,0,110.49
389114,11.464844,y,-144.27,28.443,1.96303,0,110.49
389115,11.47461,y,-177.135,-16.0913,2.35928,0,110.49
389116,11.485352,y,-168.35,-51.9502,3.90698,0,110.49
389117,11.490235,y,-158.655,-64.2125,1.35487,0,110.49
389118,11.5,y,-224.35,-98.8999,0.73783,0,110.49
389119,11.509766,y,-288.155,-139.8982,3.0625,0,110.49
389120,11.519532,y,-231.735,-159.7928,3.26469,0,110.49
389121,11.530274,y,-148.715,-157.1839,1.92927,0,110.49
389122,11.54004,y,-120.715,-149.2836,1.64987,0,110.49
389123,11.549805,y,-133.98,-145.9687,1.83657,0,110.49
389124,11.559571,y,-114.345,-139.1181,2.57776,0,110.49
389125,11.570313,y,-64.575,-121.5622,1.78677,0,110.49
389126,11.575196,y,-39.515,-112.1335,1.50088,0,110.49
389127,11.584961,y,-39.235,-96.3429,0.85471,0,110.49
389128,11.594727,y,-48.755,-86.034,1.61902,0,110.49
389129,11.604493,y,-37.975,-75.623,1.46719,0,110.49
389130,11.615235,y,-23.765,-63.4097,1.27836,0,110.49
389131,11.625,y,-15.54,-53.0407,1.10294,0,110.49
389132,11.634766,y,-14.77,-44.7501,1.1327,0,110.49
389133,11.644532,y,-17.255,-38.7938,1.09066,0,110.49
389134,11.655274,y,-19.425,-34.2322,1.12765,0,110.49
389135,11.66504,y,-17.15,-30.5317,1.14156,0,110.49
389136,11.674805,y,-11.375,-26.3822,1.13304,0,110.49
389137,11.684571,y,-8.015,-22.4033,1.0364,0,110.49
389138,11.69043,y,-9.8,-20.6861,0.93785,0,110.49
389139,11.700196,y,-9.905,-18.3506,1.09385,0,110.49
389140,11.709961,y,-9.415,-16.415,0.91014,0,110.49
389141,11.719727,y,-13.545,-15.7933,1.02052,0,110.49
389142,11.729493,y,-14.21,-15.4503,1.00247,0,110.49
389143,11.740235,y,-16.03,-15.5868,0.96975,0,110.49
389144,11.75,y,-18.06,-16.1225,0.94192,0,110.49
389145,11.759766,y,-20.965,-17.1716,1.01157,0,110.49
389146,11.769532,y,-23.625,-18.5696,0.95262,0,110.49
389147,11.775391,y,-25.935,-19.5731,1.02707,0,110.49
389148,11.785157,y,-25.305,-20.8148,1.06253,0,110.49
389149,11.794922,y,-24.71,-21.6586,1.03521,0,110.49
389150,11.804688,y,-23.905,-22.1452,1.06622,0,110.49
389151,11.81543,y,-21.84,-22.0733,0.9921,0,110.49
389152,11.825196,y,-21.805,-22.0152,1.07503,0,110.49
389153,11.834961,y,-22.54,-22.1289,1.06128,0,110.49
389154,11.844727,y,-19.46,-21.5507,0.9563,0,110.49
389155,11.854493,y,-20.895,-21.4087,1.06106,0,110.49
389156,11.865235,y,-19.565,-20.9745,1.01542,0,110.49
389157,11.875,y,-20.265,-20.8208,1.04398,0,110.49
389158,11.879883,y,-22.4,-21.0023,1.07532,0,110.49
389159,11.889649,y,-23.765,-21.6008,1.13016,0,110.49
389160,11.900391,y,-23.345,-22.0115,1.04399,0,110.49
389161,11.910157,y,-26.95,-23.0814,1.02594,0,110.49
389162,11.919922,y,-32.9,-25.2082,1.05271,0,110.49
389163,11.929688,y,-43.05,-29.0733,1.0155,0,110.49
389164,11.94043,y,-54.18,-34.9862,1.01631,0,110.49
389165,11.950196,y,-68.04,-42.1467,0.97351,0,110.49
389166,11.959961,y,-88.9,-52.2739,1.10464,0,110.49
389167,11.969727,y,-112.105,-65.2351,0.97478,0,110.49
389168,11.979493,y,-133.84,-80.097,0.97277,0,110.49
389169,11.985352,y,-160.825,-91.0964,1.08655,0,110.49
389170,11.995118,y,-189.595,-112.4341,1.13837,0,110.49
389171,12.004883,y,-216.58,-134.9932,1.00274,0,110.49
389172,12.014649,y,-250.04,-159.9158,0.86117,0,110.49
389173,12.025391,y,-293.965,-191.4861,0.91216,0,110.49
389174,12.035157,y,-341.145,-223.9067,1.11794,0,110.49
389175,12.044922,y,-377.545,-257.1863,1.32723,0,110.49
389176,12.054688,y,-417.76,-291.9714,1.01258,0,110.49
389177,12.06543,y,-476.98,-335.5433,1.47805,0,110.49
389178,12.070313,y,-511.805,-355.7989,1.75986,0,110.49
389179,12.080079,y,-537.74,-395.2128,2.64556,0,110.49
389180,12.089844,y,-532.105,-424.8651,3.61757,0,110.49
389181,12.09961,y,-490.245,-439.0283,3.85889,0,110.49
389182,12.110352,y,-441.84,-439.6905,3.17883,0,110.49
389183,12.120118,y,-414.33,-434.1967,2.9073,0,110.49
389184,12.129883,y,-401.17,-427.0427,2.14793,0,110.49
389185,12.139649,y,-400.855,-421.3697,2.50488,0,110.49
389186,12.150391,y,-373.485,-410.0922,2.88603,0,110.49
389187,12.160157,y,-301.14,-386.4899,3.35121,0,110.49
389188,12.169922,y,-203.455,-346.8427,3.69444,0,110.49
389189,12.179688,y,-97.3,-292.7843,5.78588,0,110.49
389190,12.184571,y,81.235,-249.8027,3.02646,0,110.49
389191,12.195313,y,157.115,-153.9684,1.71288,0,110.49
389192,12.205079,y,185.115,-80.5128,0.96326,0,110.49
389193,12.214844,y,174.3,-25.3177,1.03058,0,110.49
389194,12.22461,y,163.555,15.5978,1.00843,0,110.49
389195,12.235352,y,148.89,46.9898,0.85637,1,110.54
389196,12.245118,y,139.93,67.1234,0.88818,0,110.54
389197,12.254883,y,151.725,85.449,1.46123,0,110.54
389198,12.264649,y,195.265,109.2384,2.09474,0,110.54
389199,12.275391,y,264.425,145.7868,2.20437,0,110.54
389200,12.280274,y,335.195,167.5533,1.76409,0,110.54
389201,12.29004,y,385.175,214.6966,1.08835,0,110.54
389202,12.299805,y,404.39,255.7862,0.76258,0,110.54
389203,12.309571,y,406.945,288.5317,0.77543,0,110.54
389204,12.320313,y,405.475,316.0733,0.89444,0,110.54
389205,12.330079,y,404.635,335.2584,1.07228,0,110.54
389206,12.339844,y,405.265,350.4226,1.34639,0,110.54
389207,12.34961,y,410.76,363.4935,1.56607,0,110.54
389208,12.360352,y,419.65,376.719,1.70286,0,110.54
389209,12.370118,y,427.315,387.6796,1.70406,0,110.54
389210,12.379883,y,427.665,396.3409,1.71571,0,110.54
389211,12.384766,y,419.86,399.0437,1.88264,0,110.54
389212,12.394532,y,408.275,401.0434,2.11929,0,110.54
389213,12.405274,y,395.57,399.7544,2.35564,0,110.54
389214,12.41504,y,383.6,396.2549,2.53024,0,110.54
389215,12.424805,y,369.495,390.4584,2.65574,0,110.54
389216,12.434571,y,351.12,381.9365,2.79411,0,110.54
389217,12.445313,y,330.645,369.8567,2.88897,0,110.54
389218,12.455079,y,307.825,356.4188,2.92504,0,110.54
389219,12.464844,y,281.085,340.1007,2.97112,0,110.54
389220,12.47461,y,250.355,320.6591,3.0446,0,110.54
389221,12.485352,y,217.49,296.3615,3.12934,0,110.54
389222,12.490235,y,183.47,283.3882,3.16536,0,110.54
389223,12.5,y,146.16,253.6632,3.23861,0,110.54
389224,12.509766,y,104.895,221.4355,3.3739,0,110.54
389225,12.519532,y,60.34,186.5374,3.51673,0,110.54
389226,12.530274,y,11.305,145.2679,3.58727,0,110.54
389227,12.54004,y,-50.435,102.8728,3.65531,0,110.54
389228,12.549805,y,-126.735,53.1374,3.34158,0,110.54
389229,12.559571,y,-197.365,-1.1289,1.0942,0,110.54
389230,12.570313,y,-189.14,-45.4079,3.89858,0,110.54
389231,12.575196,y,-162.715,-58.8886,2.43986,0,110.54
389232,12.584961,y,-194.355,-88.232,0.89306,0,110.54
389233,12.594727,y,-272.86,-128.228,1.77591,0,110.54
389234,12.604493,y,-263.095,-157.4442,3.79165,0,110.54
389235,12.615235,y,-168.0,-159.9302,2.68416,0,110.54
389236,12.625,y,-109.585,-149.0249,1.785,0,110.54
389237,12.634766,y,-100.1,-138.4263,1.39192,0,110.54
389238,12.644532,y,-96.425,-129.3276,2.18856,0,110.54
389239,12.655274,y,-66.045,-114.4237,1.52358,0,110.54
389240,12.66504,y,-47.635,-99.9553,1.71065,0,110.54
389241,12.674805,y,-31.325,-85.0893,1.32599,0,110.54
389242,12.684571,y,-36.26,-74.5114,0.81923,0,110.54
389243,12.69043,y,-45.71,-70.5871,1.4187,0,110.54
389244,12.700196,y,-35.385,-62.9613,1.41748,0,110.54
389245,12.709961,y,-21.63,-54.0085,1.28148,0,110.54
389246,12.719727,y,-13.965,-45.3339,1.19483,0,110.54
389247,12.729493,y,-12.04,-38.1214,1.21789,0,110.54
389248,12.740235,y,-13.895,-32.4158,1.03757,0,110.54
389249,12.75,y,-16.205,-28.9044,1.11072,0,110.54
389250,12.759766,y,-13.335,-25.5316,1.04036,0,110.54
389251,12.769532,y,-11.305,-22.4497,1.08256,0,110.54
389252,12.775391,y,-12.04,-21.0313,0.98314,0,110.54
389253,12.785157,y,-12.355,-19.1518,1.10455,0,110.54
389254,12.794922,y,-12.775,-17.7705,0.90407,0,110.54
389255,12.804688,y,-15.295,-17.2342,0.98005,0,110.54
389256,12.81543,y,-17.43,-17.2803,0.92304,0,110.54
389257,12.825196,y,-23.345,-18.5941,0.97947,0,110.54
389258,12.834961,y,-25.83,-20.1615,1.00934,0,110.54
389261,12.865235,y,-21.91,-21.0897,1.08088,0,110.54
389262,12.870118,y,-19.495,-20.9064,1.04328,0,110.54
389263,12.879883,y,-18.9,-20.4718,1.06533,0,110.54
389264,12.889649,y,-18.095,-19.9569,1.05551,0,110.54
389265,12.900391,y,-16.695,-19.1887,0.97127,0,110.54
389266,12.910157,y,-16.695,-18.6485,1.05508,0,110.54
389267,12.919922,y,-17.255,-18.3467,1.03791,0,110.54
389268,12.929688,y,-16.625,-17.9737,0.97353,0,110.54
389269,12.94043,y,-19.145,-18.2495,1.08219,0,110.54
389270,12.950196,y,-19.04,-18.4208,0.98164,0,110.54
389271,12.959961,y,-21.735,-19.1387,1.08095,0,110.54
389272,12.969727,y,-22.085,-19.7769,1.02405,0,110.54
389273,12.979493,y,-25.235,-20.9593,1.04245,0,110.54
389274,12.985352,y,-27.44,-21.8423,1.0329,0,110.54
389275,12.995118,y,-31.745,-23.9875,1.07915,0,110.54
389276,13.004883,y,-36.085,-26.608,1.05204,0,110.54
389277,13.014649,y,-44.205,-30.42,1.06367,0,110.54
389278,13.025391,y,-52.01,-35.5047,0.94719,0,110.54
389279,13.035157,y,-66.22,-42.1586,0.93241,0,110.54
389280,13.044922,y,-83.895,-51.1991,1.07238,0,110.54
389281,13.054688,y,-103.705,-62.5735,0.94688,0,110.54
389282,13.06543,y,-123.9,-77.0166,1.01725,0,110.54
389283,13.070313,y,-145.46,-84.882,1.12202,0,110.54
389284,13.080079,y,-171.535,-103.6536,1.12403,0,110.54
389285,13.089844,y,-197.12,-123.8994,1.06018,0,110.54
389286,13.09961,y,-224.91,-145.7813,0.99423,0,110.54
389287,13.110352,y,-261.38,-173.0063,0.89874,0,110.54
389288,13.120118,y,-308.35,-202.3258,0.91661,0,110.54
389289,13.129883,y,-352.555,-234.867,1.40356,0,110.54
389290,13.139649,y,-394.345,-269.4147,1.2344,0,110.54
389291,13.150391,y,-447.265,-311.3007,1.24835,0,110.54
389292,13.160157,y,-501.865,-352.5826,1.52666,0,110.54
389293,13.169922,y,-539.91,-393.1597,2.14995,0,110.54
389294,13.179688,y,-556.57,-428.5592,3.34369,0,110.54
389295,13.184571,y,-533.33,-440.5993,4.19375,0,110.54
389296,13.195313,y,-475.965,-448.9284,3.29704,0,110.54
389297,13.205079,y,-436.345,-446.2024,3.02443,0,110.54
389298,13.214844,y,-410.375,-438.4418,2.09167,0,110.54
389299,13.22461,y,-418.635,-434.1511,1.59806,0,110.54
389300,13.235352,y,-422.625,-431.4365,2.22237,0,110.54
389301,13.245118,y,-378.42,-419.9516,2.17722,0,110.54
389302,13.254883,y,-322.35,-398.8101,2.29816,0,110.54
389303,13.264649,y,-271.11,-371.1464,4.71597,0,110.54
389304,13.275391,y,-139.685,-316.6343,5.13187,0,110.54
389305,13.280274,y,15.925,-278.4172,3.37776,0,110.54
389306,13.29004,y,107.555,-194.8041,2.19816,0,110.54
389307,13.299805,y,181.09,-113.3816,1.34113,0,110.54
389308,13.309571,y,215.845,-42.0613,1.26104,0,110.54
389309,13.320313,y,240.66,24.5232,0.97025,0,110.54
389310,13.330079,y,251.86,73.7712,0.75914,1,110.17
389311,13.339844,y,252.21,112.4228,0.77744,0,110.17
389312,13.34961,y,257.95,143.9484,1.00684,0,110.17
389313,13.360352,y,278.39,175.6111,1.24721,0,110.17
389314,13.370118,y,311.5,205.0487,1.34969,0,110.17
389315,13.375,y,348.775,221.5623,1.22386,0,110.17
389316,13.384766,y,375.97,255.0116,1.01519,0,110.17
389317,13.394532,y,388.395,283.9064,0.9376,0,110.17
389318,13.405274,y,393.995,309.8337,1.07685,0,110.17
389319,13.41504,y,400.575,329.491,1.27396,0,110.17
389320,13.424805,y,410.41,347.0189,1.30673,0,110.17
389321,13.434571,y,418.04,362.4042,1.2504,0,110.17
389322,13.445313,y,416.745,375.2021,1.2594,0,110.17
389323,13.455079,y,409.815,382.7003,1.25761,0,110.17
389324,13.464844,y,399.21,386.2765,1.31526,0,110.17
389325,13.47461,y,386.085,386.235,1.55821,0,110.17
389326,13.485352,y,375.095,383.6114,1.98617,0,110.17
389327,13.490235,y,371.0,382.1621,2.34183,0,110.17
389328,13.5,y,371.07,379.7594,2.52944,0,110.17
389329,13.509766,y,370.195,377.6875,2.62056,0,110.17
389330,13.519532,y,364.91,374.9195,2.73815,0,110.17
389331,13.530274,y,354.515,370.114,2.97103,0,110.17
389332,13.54004,y,342.44,364.119,3.20564,0,110.17
389333,13.549805,y,330.015,356.7317,3.26714,0,110.17
389334,13.559571,y,313.775,347.426,3.10348,0,110.17
389335,13.56543,y,286.86,339.1737,2.94551,0,110.17
389336,13.575196,y,248.535,319.5387,2.84745,0,110.17
389337,13.584961,y,201.565,293.9844,2.85933,0,110.17
389338,13.594727,y,149.415,262.6663,2.98945,0,110.17
389339,13.604493,y,97.65,226.9188,3.27165,0,110.17
389340,13.615235,y,54.145,186.2284,3.56099,0,110.17
389341,13.625,y,17.115,149.5967,3.67873,0,110.17
389342,13.634766,y,-30.625,110.5553,3.56011,0,110.17
389343,13.644532,y,-103.775,64.1249,3.08819,0,110.17
389344,13.655274,y,-187.11,4.9559,0.88609,0,110.17
389345,13.66504,y,-193.235,-37.9782,3.82588,0,110.17
389346,13.674805,y,-176.855,-68.0603,2.74382,0,110.17
389347,13.679688,y,-175.77,-80.4381,0.48429,0,110.17
389348,13.69043,y,-240.065,-118.0323,1.10464,0,110.17
389349,13.700196,y,-259.385,-148.6535,3.52273,0,110.17
389350,13.709961,y,-176.82,-154.7547,2.69455,0,110.17
389351,13.719727,y,-115.78,-146.3116,1.71374,0,110.17
389352,13.729493,y,-109.83,-138.4086,1.32318,0,110.17
389353,13.740235,y,-108.71,-131.4142,2.36387,0,110.17
389354,13.75,y,-69.86,-118.0809,1.4604,0,110.17
389355,13.759766,y,-53.13,-104.0106,1.57621,0,110.17
389356,13.769532,y,-36.085,-89.2959,1.48929,0,110.17
389357,13.775391,y,-28.91,-81.0682,1.28931,0,110.17
389358,13.785157,y,-32.97,-70.6487,0.8707,0,110.17
389359,13.794922,y,-35.875,-63.1163,1.63872,0,110.17
389360,13.804688,y,-18.76,-53.5074,1.36947,0,110.17
389361,13.81543,y,-8.085,-42.8099,1.22929,0,110.17
389362,13.825196,y,-5.53,-34.7339,1.10611,0,110.17
389363,13.834961,y,-9.03,-29.1662,1.14517,0,110.17
389364,13.844727,y,-10.885,-25.2059,1.06891,0,110.17
389365,13.854493,y,-11.935,-22.3311,1.07332,0,110.17
389366,13.865235,y,-7.945,-18.943,1.08766,0,110.17
389367,13.870118,y,-6.965,-17.5665,1.02907,0,110.17
389368,13.879883,y,-11.41,-16.2329,0.86543,0,110.17
389369,13.889649,y,-14.455,-15.8478,1.02759,0,110.17
389370,13.900391,y,-16.135,-15.9154,0.91542,0,110.17
389371,13.910157,y,-19.145,-16.615,0.99058,0,110.17
389372,13.919922,y,-20.475,-17.4511,1.04829,0,110.17
389373,13.929688,y,-20.755,-18.1669,0.99191,0,110.17
389374,13.94043,y,-23.38,-19.3946,0.98711,0,110.17
389375,13.950196,y,-24.85,-20.5764,1.01994,0,110.17
389376,13.959961,y,-27.055,-21.9797,1.05694,0,110.17
389377,13.969727,y,-26.425,-22.9427,1.05574,0,110.17
389378,13.979493,y,-24.675,-23.318,1.03488,0,110.17
389379,13.985352,y,-23.485,-23.3407,1.02432,0,110.17
389380,13.995118,y,-23.485,-23.372,1.05024,0,110.17
389381,14.004883,y,-23.17,-23.3282,1.01672,0,110.17
389382,14.014649,y,-21.315,-22.8921,1.05514,0,110.17
389383,14.025391,y,-20.44,-22.3146,1.05323,0,110.17
389384,14.035157,y,-20.335,-21.8858,1.03247,0,110.17
389385,14.044922,y,-19.355,-21.3376,1.00357,0,110.17
389386,14.054688,y,-21.385,-21.3478,1.02859,0,110.17
389387,14.06543,y,-22.855,-21.7028,1.07787,0,110.17
389388,14.070313,y,-24.64,-22.0403,1.10516,0,110.17
389389,14.080079,y,-24.395,-22.5504,1.07454,0,110.17
389390,14.089844,y,-26.915,-23.4958,1.05507,0,110.17
389391,14.09961,y,-31.185,-25.1615,0.99481,0,110.17
389392,14.110352,y,-37.765,-28.1298,1.0146,0,110.17
389393,14.120118,y,-43.785,-31.5212,1.0424,0,110.17
389394,14.129883,y,-54.25,-36.4445,0.99285,0,110.17
389395,14.139649,y,-67.34,-43.1374,0.89874,0,110.17
389396,14.150391,y,-87.64,-53.6183,1.11827,0,110.17
389397,14.160157,y,-109.725,-65.7727,1.07706,0,110.17
389398,14.169922,y,-128.38,-79.3341,0.96778,0,110.17
389399,14.174805,y,-154.105,-87.9266,1.02658,0,110.17
389400,14.184571,y,-181.65,-108.2299,1.07135,0,110.17
389401,14.195313,y,-211.75,-132.6102,1.10763,0,110.17
389402,14.205079,y,-242.305,-156.3734,0.88597,0,110.17
389403,14.214844,y,-286.475,-184.5547,0.95714,0,110.17
389404,14.22461,y,-333.69,-216.8619,1.06652,0,110.17
389405,14.235352,y,-377.09,-254.5977,1.30945,0,110.17
389406,14.245118,y,-420.35,-290.5046,1.25802,0,110.17
389407,14.254883,y,-472.99,-330.0328,1.20852,0,110.17
389408,14.264649,y,-522.41,-371.7074,1.84403,0,110.17
389409,14.275391,y,-553.105,-414.4289,2.5832,0,110.17
389410,14.280274,y,-556.255,-430.7273,3.59198,0,110.17
389411,14.29004,y,-517.895,-449.6104,4.14876,0,110.17
389412,14.299805,y,-459.62,-451.7786,3.21041,0,110.17
389413,14.309571,y,-427.35,-446.4866,2.80064,0,110.17
389414,14.320313,y,-411.46,-438.2374,2.12357,0,110.17
389415,14.330079,y,-416.15,-433.4526,2.34226,0,110.17
389416,14.339844,y,-390.565,-424.1627,2.79988,0,110.17
389417,14.34961,y,-315.98,-400.7271,2.90224,0,110.17
389418,14.360352,y,-222.495,-358.7512,2.83232,0,110.17
389419,14.365235,y,-138.005,-333.3835,6.69326,0,110.17
389420,14.375,y,77.035,-244.4826,3.30637,0,110.17
389421,14.384766,y,166.6,-155.4298,2.13762,0,110.17
389422,14.394532,y,212.87,-75.6451,0.88093,0,110.17
389423,14.405274,y,210.98,-8.1412,0.82946,0,110.17
389424,14.41504,y,199.325,36.8022,0.92805,0,110.17
389425,14.424805,y,180.215,67.8669,0.85791,1,109.95
389426,14.434571,y,159.985,87.8224,0.67817,0,109.95
389427,14.445313,y,156.45,103.9851,1.10886,0,109.95
389428,14.455079,y,185.115,121.5603,1.81967,0,109.95
389429,14.464844,y,242.795,147.8209,2.1045,0,109.95
389430,14.47461,y,308.28,182.5812,1.83891,0,109.95
389431,14.485352,y,360.01,224.3679,1.2703,0,109.95
389432,14.490235,y,385.595,242.8958,0.8666,0,109.95
389433,14.5,y,390.915,274.9583,0.77828,0,109.95
389434,14.509766,y,389.725,299.8202,0.82752,0,109.95
389435,14.519532,y,388.045,318.9323,1.04232,0,109.95
389436,14.530274,y,388.465,335.3082,1.26034,0,109.95
389437,14.54004,y,390.67,347.3012,1.54972,0,109.95
389438,14.549805,y,398.755,358.4466,1.74949,0,109.95
389439,14.559571,y,410.515,369.7262,1.83317,0,109.95
389440,14.56543,y,420.455,376.6381,1.77054,0,109.95
389441,14.575196,y,420.91,386.2287,1.79662,0,109.95
389442,14.584961,y,412.405,391.8988,1.98508,0,109.95
389443,14.594727,y,401.66,394.0134,2.24804,0,109.95
389444,14.604493,y,391.79,393.5317,2.54808,0,109.95
389445,14.615235,y,383.25,391.1102,2.85772,0,109.95
389446,14.625,y,375.095,387.6412,3.11625,0,109.95
389447,14.634766,y,366.38,383.0354,3.18795,0,109.95
389448,14.644532,y,352.24,376.3642,3.06901,0,109.95
389449,14.655274,y,327.95,364.962,2.93982,0,109.95
389450,14.66504,y,291.34,349.0133,2.91215,0,109.95
389451,14.674805,y,246.365,326.7786,2.98302,0,109.95
389452,14.679688,y,200.305,312.2445,3.06769,0,109.95
389453,14.69043,y,155.4,275.3056,3.1878,0,109.95
389454,14.700196,y,112.14,239.9591,3.37815,0,109.95
389455,14.709961,y,70.49,203.2503,3.65411,0,109.95
389456,14.719727,y,29.505,165.6119,3.7636,0,109.95
389457,14.729493,y,-28.14,123.6394,3.70094,0,109.95
389458,14.740235,y,-106.645,69.4045,3.45937,0,109.95
389459,14.75,y,-202.685,10.4671,0.75526,0,109.95
389460,14.759766,y,-218.225,-39.0744,3.46986,0,109.95
389461,14.769532,y,-212.975,-76.7465,2.84262,0,109.95
389462,14.775391,y,-220.465,-96.3285,1.00487,0,109.95
389463,14.785157,y,-264.46,-132.7508,1.76075,0,109.95
389464,14.794922,y,-265.37,-161.4775,3.67023,0,109.95
389465,14.804688,y,-180.39,-165.5745,2.79767,0,109.95
389466,14.81543,y,-119.0,-154.6056,1.84153,0,109.95
389467,14.825196,y,-105.98,-144.0719,1.48761,0,109.95
389468,14.834961,y,-103.005,-135.1764,2.34427,0,109.95
389469,14.844727,y,-71.4,-121.3605,1.75315,0,109.95
389470,14.854493,y,-48.93,-105.6699,1.68625,0,109.95
389471,14.865235,y,-34.37,-88.8778,1.28869,0,109.95
389472,14.870118,y,-43.295,-83.6396,0.81535,0,109.95
389473,14.879883,y,-51.205,-76.6139,1.54932,0,109.95
389474,14.889649,y,-36.82,-67.9934,1.37263,0,109.95
389475,14.900391,y,-27.055,-58.3518,1.14625,0,109.95
389476,14.910157,y,-24.325,-50.9806,1.2872,0,109.95
389477,14.919922,y,-19.915,-44.2515,1.15529,0,109.95
389478,14.929688,y,-22.82,-39.6088,1.13191,0,109.95
389479,14.94043,y,-23.485,-35.8114,1.06666,0,109.95
389480,14.950196,y,-20.755,-32.5498,1.20601,0,109.95
389481,14.959961,y,-14.595,-28.6606,1.0522,0,109.95
389482,14.969727,y,-13.09,-25.2875,0.96199,0,109.95
389483,14.979493,y,-14.595,-22.9712,1.07677,0,109.95
389484,14.985352,y,-15.785,-21.9921,0.96728,0,109.95
389485,14.995118,y,-16.345,-20.7687,1.01621,0,109.95
389486,15.004883,y,-15.89,-19.712,0.99991,0,109.95
389487,15.014649,y,-17.815,-19.301,1.02564,0,109.95
389488,15.025391,y,-17.15,-18.7944,1.02333,0,109.95
389489,15.035157,y,-16.73,-18.3472,1.06314,0,109.95
389490,15.044922,y,-15.75,-17.7846,1.01385,0,109.95
389491,15.054688,y,-15.33,-17.2529,1.0552,0,109.95
389492,15.06543,y,-14.42,-16.5857,1.04175,0,109.95
389493,15.070313,y,-13.23,-16.2001,1.06442,0,109.95
389494,15.080079,y,-13.335,-15.5794,1.0124,0,109.95
389495,15.089844,y,-12.88,-14.9947,0.96964,0,109.95
389496,15.09961,y,-13.86,-14.7489,1.11005,0,109.95
389497,15.110352,y,-14.035,-14.5808,0.95157,0,109.95
389498,15.120118,y,-15.925,-14.872,1.02399,0,109.95
389499,15.129883,y,-16.345,-15.191,1.0222,0,109.95
389500,15.139649,y,-18.095,-15.8201,1.01185,0,109.95
389501,15.150391,y,-19.74,-16.7433,1.03345,0,109.95
389502,15.160157,y,-21.14,-17.6958,1.03378,0,109.95
389503,15.169922,y,-22.505,-18.7375,1.01156,0,109.95
389504,15.174805,y,-25.025,-19.46,0.99158,0,109.95
389505,15.184571,y,-30.1,-21.765,1.08855,0,109.95
389506,15.195313,y,-33.565,-24.544,1.03541,0,109.95
389507,15.205079,y,-40.775,-28.0601,1.07087,0,109.95
389508,15.214844,y,-49.735,-32.7551,0.98907,0,109.95
389509,15.22461,y,-60.935,-38.8597,0.98251,0,109.95
389510,15.235352,y,-76.3,-47.6774,1.08545,0,109.95
389511,15.245118,y,-90.055,-56.8577,0.9016,0,109.95
389512,15.254883,y,-111.37,-68.6656,1.02267,0,109.95
389513,15.264649,y,-130.2,-81.9958,1.11855,0,109.95
389514,15.275391,y,-152.67,-98.6405,1.06806,0,109.95
389515,15.280274,y,-178.71,-107.8419,1.08465,0,109.95
389516,15.29004,y,-206.64,-129.2445,0.98714,0,109.95
389517,15.299805,y,-242.27,-153.727,0.84631,0,109.95
389518,15.309571,y,-287.28,-182.6586,1.1199,0,109.95
389519,15.320313,y,-326.2,-216.4644,1.54876,0,109.95
389520,15.330079,y,-361.375,-247.8564,1.06435,0,109.95
389521,15.339844,y,-424.655,-286.1528,1.13767,0,109.95
389522,15.34961,y,-477.82,-327.6736,1.36658,0,109.95
389523,15.360352,y,-519.4,-372.8276,1.72877,0,109.95
389524,15.365235,y,-548.24,-392.9857,2.76062,0,109.95
389525,15.375,y,-544.985,-425.9103,3.68544,0,109.95
389526,15.384766,y,-502.67,-442.5387,3.73677,0,109.95
389527,15.394532,y,-448.385,-443.8052,3.21352,0,109.95
389528,15.405274,y,-414.365,-436.8717,2.50023,0,109.95
389529,15.41504,y,-413.735,-431.8596,1.656,0,109.95
389530,15.424805,y,-428.75,-431.186,2.09728,0,109.95
389531,15.434571,y,-402.5,-424.9718,2.85847,0,109.95
389532,15.445313,y,-320.425,-400.3497,3.69855,0,109.95
389533,15.455079,y,-201.075,-357.1808,3.76612,0,109.95
389534,15.464844,y,-99.12,-301.2822,5.90192,0,109.95
389535,15.47461,y,79.905,-218.7057,3.24963,0,109.95
389536,15.479493,y,170.695,-173.9565,1.81758,0,109.95
389537,15.490235,y,212.905,-82.8457,1.03946,0,109.95
389538,15.5,y,220.01,-17.244,1.0404,0,109.95
389539,15.509766,y,215.11,33.0908,0.96494,0,109.95
389540,15.519532,y,198.765,68.9808,0.8711,1,109.82
389541,15.530274,y,182.665,95.7549,0.78122,0,109.82
389542,15.54004,y,186.9,115.4996,1.27191,0,109.82
389543,15.549805,y,221.795,138.5243,1.791,0,109.82
389544,15.559571,y,278.495,168.8461,1.84083,0,109.82
389545,15.56543,y,334.355,191.3972,1.44458,0,109.82
389546,15.575196,y,370.125,230.115,0.97764,0,109.82
389547,15.584961,y,382.865,263.2022,0.74838,0,109.82
389548,15.594727,y,384.265,289.428,0.78457,0,109.82
389549,15.604493,y,383.6,309.8285,0.96965,0,109.82
389550,15.615235,y,384.545,327.4252,1.16604,0,109.82
389551,15.625,y,388.955,340.7532,1.43224,0,109.82
389552,15.634766,y,398.51,353.265,1.50804,0,109.82
389553,15.644532,y,405.685,364.6208,1.56405,0,109.82
389554,15.655274,y,407.785,374.7865,1.65504,0,109.82
389555,15.66504,y,406.105,381.571,1.86394,0,109.82
389556,15.669922,y,403.83,384.1285,2.1384,0,109.82
389557,15.679688,y,402.255,388.0552,2.37223,0,109.82
389558,15.69043,y,398.44,390.501,2.54515,0,109.82
389559,15.700196,y,389.69,390.3253,2.6557,0,109.82
389560,15.709961,y,374.325,386.8595,2.76745,0,109.82
389561,15.719727,y,353.36,379.6025,2.93683,0,109.82
389562,15.729493,y,330.365,368.9362,3.08618,0,109.82
389563,15.740235,y,307.195,354.3953,3.1347,0,109.82
389564,15.75,y,281.19,338.5383,3.15713,0,109.82
389565,15.759766,y,250.635,319.4958,3.14627,0,109.82
389566,15.769532,y,215.46,296.9586,3.0656,0,109.82
389567,15.775391,y,173.425,280.1268,3.07202,0,109.82
389568,15.785157,y,125.16,246.5563,3.19746,0,109.82
389569,15.794922,y,74.76,209.3435,3.44603,0,109.82
389570,15.804688,y,32.13,170.9538,3.72906,0,109.82
389571,15.81543,y,-4.76,129.5709,3.75807,0,109.82
389572,15.825196,y,-56.875,89.1812,3.55617,0,109.82
389573,15.834961,y,-146.02,38.2342,2.52462,0,109.82
389574,15.844727,y,-198.94,-13.1448,1.71879,0,109.82
389575,15.854493,y,-201.845,-54.0229,3.86342,0,109.82
389576,15.860352,y,-191.905,-72.8097,1.87876,0,109.82
389577,15.870118,y,-225.365,-105.8578,1.29517,0,109.82
389578,15.879883,y,-261.205,-139.5076,3.00964,0,109.82
389579,15.889649,y,-207.865,-154.3158,3.22693,0,109.82
389580,15.900391,y,-129.465,-148.4631,2.22072,0,109.82
389581,15.910157,y,-94.605,-136.7959,2.0817,0,109.82
389582,15.919922,y,-93.45,-127.4067,2.21107,0,109.82
389583,15.929688,y,-69.965,-114.9631,1.6829,0,109.82
389584,15.94043,y,-57.47,-101.4227,1.3377,0,109.82
389585,15.950196,y,-47.67,-89.7783,0.89674,0,109.82
389586,15.959961,y,-51.485,-81.4836,1.17774,0,109.82
389587,15.969727,y,-46.795,-73.969,1.38187,0,109.82
389588,15.97461,y,-34.3,-69.4103,1.32072,0,109.82
389589,15.985352,y,-24.255,-58.7757,1.33402,0,109.82
389590,15.995118,y,-16.695,-49.6597,1.27134,0,109.82
389591,16.004883,y,-11.76,-41.4503,1.15852,0,109.82
389592,16.014649,y,-9.38,-34.5029,1.12744,0,109.82
389593,16.025391,y,-9.24,-28.5531,1.11269,0,109.82
389594,16.035157,y,-9.275,-24.3769,1.106,0,109.82
389595,16.044922,y,-5.74,-20.34,1.076,0,109.82
389596,16.054688,y,-4.69,-16.9497,1.01665,0,109.82
389597,16.06543,y,-9.38,-15.167,0.92822,0,109.82
389598,16.070313,y,-11.2,-14.7111,1.00725,0,109.82
389599,16.080079,y,-12.705,-14.2765,0.92881,0,109.82
389600,16.089844,y,-16.59,-14.7776,0.98793,0,109.82
389601,16.09961,y,-16.73,-15.2006,1.04023,0,109.82
389602,16.110352,y,-15.505,-15.2723,0.97082,0,109.82
389603,16.120118,y,-15.855,-15.3985,0.97479,0,109.82
389604,16.129883,y,-17.395,-15.831,0.96184,0,109.82
389605,16.139649,y,-20.79,-16.9052,0.99077,0,109.82
389606,16.150391,y,-23.695,-18.5043,1.03865,0,109.82
389607,16.160157,y,-23.275,-19.5378,1.03589,0,109.82
389608,16.16504,y,-21.805,-19.7983,0.99834,0,109.82
389609,16.174805,y,-23.765,-20.6576,1.06908,0,109.82
389610,16.184571,y,-23.905,-21.361,1.03733,0,109.82
389611,16.195313,y,-21.245,-21.3337,1.05121,0,109.82
389612,16.205079,y,-21.49,-21.3676,1.09204,0,109.82
389613,16.214844,y,-19.95,-21.0605,1.04,0,109.82
389614,16.22461,y,-19.46,-20.7138,1.04418,0,109.82
389615,16.235352,y,-19.005,-20.3114,1.02421,0,109.82
389616,16.245118,y,-19.425,-20.1193,1.03833,0,109.82
389617,16.254883,y,-19.845,-20.0599,1.03746,0,109.82
389618,16.264649,y,-20.825,-20.2257,1.09841,0,109.82
389619,16.275391,y,-21.98,-20.6388,1.05764,0,109.82
389620,16.280274,y,-24.185,-21.0463,1.03414,0,109.82
389621,16.29004,y,-30.17,-23.0228,1.02589,0,109.82
389622,16.299805,y,-35.385,-25.7006,1.01132,0,109.82
389623,16.309571,y,-46.445,-30.1944,1.02294,0,109.82
389624,16.320313,y,-56.28,-36.3379,0.88825,0,109.82
389625,16.330079,y,-74.06,-44.5097,1.0842,0,109.82
389626,16.339844,y,-93.275,-55.0727,1.0738,0,109.82
389627,16.34961,y,-115.745,-68.2162,1.00166,0,109.82
389628,16.360352,y,-140.105,-85.1469,1.03898,0,109.82
389629,16.365235,y,-163.835,-94.1896,1.12533,0,109.82
389630,16.375,y,-189.42,-114.8175,1.01593,0,109.82
389631,16.384766,y,-219.345,-137.4613,1.06833,0,109.82
389632,16.394532,y,-252.07,-162.2889,0.91661,0,109.82
389633,16.405274,y,-291.655,-192.7563,0.8665,0,109.82
389634,16.41504,y,-334.215,-223.4005,1.468,0,109.82
389635,16.424805,y,-365.505,-254.1818,1.12238,0,109.82
389636,16.434571,y,-409.185,-287.7601,1.03975,0,109.82
389637,16.445313,y,-465.045,-329.513,1.43419,0,109.82
389638,16.455079,y,-502.81,-367.0543,1.75627,0,109.82
389639,16.464844,y,-532.28,-402.8439,2.42129,0,109.82
389640,16.469727,y,-536.935,-418.2534,3.57945,0,109.82
389641,16.479493,y,-504.0,-436.8286,3.89191,0,109.82
389642,16.490235,y,-453.04,-440.6466,3.02364,0,109.82
389643,16.5,y,-423.92,-437.0235,2.61965,0,109.82
389644,16.509766,y,-413.63,-431.9557,2.32161,0,109.82
389645,16.519532,y,-415.765,-428.4483,2.20549,0,109.82
389646,16.530274,y,-392.63,-420.0127,2.94929,0,109.82
389647,16.54004,y,-313.67,-396.9757,3.45421,0,109.82
389648,16.549805,y,-196.0,-353.4423,3.42164,0,109.82
389649,16.559571,y,-96.04,-297.6812,7.23349,0,109.82
389650,16.56543,y,108.885,-242.2855,3.39576,0,109.82
389651,16.575196,y,192.29,-148.1435,2.00622,0,109.82
389652,16.584961,y,233.555,-65.4636,1.23907,0,109.82
389653,16.594727,y,220.71,-3.4699,1.18319,0,109.82
389654,16.604493,y,199.78,40.5601,1.14269,1,110.13
389655,16.615235,y,186.41,74.9096,0.95914,0,110.13
389656,16.625,y,178.675,97.3863,1.03921,0,110.13
389657,16.634766,y,193.9,118.294,1.60073,0,110.13
389658,16.644532,y,236.425,143.8847,1.91772,0,110.13
389659,16.655274,y,290.675,178.4557,1.84531,0,110.13
389660,16.66504,y,340.655,213.5929,1.5668,0,110.13
389661,16.669922,y,378.14,232.4987,1.20355,0,110.13
389662,16.679688,y,400.26,268.8408,1.01331,0,110.13
389663,16.69043,y,411.88,302.5284,0.87661,0,110.13
389664,16.700196,y,412.93,326.4447,0.87356,0,110.13
389665,16.709961,y,407.295,343.9577,1.03506,0,110.13
389666,16.719727,y,404.635,357.1022,1.32795,0,110.13
389667,16.729493,y,409.71,368.4986,1.65067,0,110.13
389668,16.740235,y,419.825,380.5866,1.82571,0,110.13
389669,16.75,y,426.72,390.5796,1.84394,0,110.13
389670,16.759766,y,425.565,398.1585,2.0092,0,110.13
389671,16.769532,y,420.91,403.0871,2.23092,0,110.13
389672,16.775391,y,414.715,404.6715,2.48658,0,110.13
389673,16.785157,y,406.49,405.0654,2.64801,0,110.13
389674,16.794922,y,392.875,402.4248,2.81043,0,110.13
389675,16.804688,y,374.325,396.3376,2.97434,0,110.13
389676,16.81543,y,352.765,386.0757,3.07658,0,110.13
389677,16.825196,y,329.0,373.7114,3.10914,0,110.13
389678,16.834961,y,301.84,358.1433,3.09918,0,110.13
389679,16.844727,y,267.33,338.4704,3.10181,0,110.13
389680,16.854493,y,224.735,313.8319,3.19361,0,110.13
389681,16.860352,y,179.41,295.5166,3.25386,0,110.13
389682,16.870118,y,133.84,260.4926,3.36315,0,110.13
389683,16.879883,y,91.77,223.9456,3.50863,0,110.13
389684,16.889649,y,53.97,187.1238,3.6547,0,110.13
389685,16.900391,y,18.2,147.3401,3.71667,0,110.13
389686,16.910157,y,-31.29,108.6435,3.64433,0,110.13
389687,16.919922,y,-105.175,62.3282,3.27461,0,110.13
389688,16.929688,y,-191.065,7.4356,0.8184,0,110.13
389689,16.94043,y,-198.765,-41.1273,3.41433,0,110.13
389690,16.950196,y,-197.26,-74.9503,2.28079,0,110.13
389691,16.959961,y,-241.08,-110.9357,0.96824,0,110.13
389692,16.969727,y,-285.32,-148.7125,2.51091,0,110.13
389693,16.97461,y,-253.4,-160.743,3.50127,0,110.13
389694,16.985352,y,-169.12,-162.7159,2.30011,0,110.13
389695,16.995118,y,-125.37,-154.6257,1.7321,0,110.13
389696,17.004883,y,-124.88,-148.1824,1.67946,0,110.13
389697,17.014649,y,-107.275,-139.3207,2.58894,0,110.13
389698,17.025391,y,-61.705,-121.0412,1.77308,0,110.13
389699,17.035157,y,-44.24,-104.4038,1.54183,0,110.13
389700,17.044922,y,-45.745,-91.6977,0.83787,0,110.13
389701,17.054688,y,-55.755,-83.9114,1.46471,0,110.13
389702,17.06543,y,-48.615,-75.5987,1.56032,0,110.13
389703,17.070313,y,-32.375,-70.6315,1.34506,0,110.13
389704,17.080079,y,-23.24,-60.3651,1.19326,0,110.13
389705,17.089844,y,-21.28,-51.8988,1.18993,0,110.13
389706,17.09961,y,-20.23,-45.0384,1.10041,0,110.13
389707,17.110352,y,-22.12,-39.6408,1.03932,0,110.13
389708,17.120118,y,-26.355,-36.7627,1.05089,0,110.13
389709,17.129883,y,-26.495,-34.5386,0.92261,0,110.13
389710,17.139649,y,-26.075,-32.7052,1.17854,0,110.13
389711,17.150391,y,-22.855,-30.3853,0.9702,0,110.13
389712,17.160157,y,-22.82,-28.7464,1.07984,0,110.13
389713,17.16504,y,-17.955,-27.5063,1.05117,0,110.13
389714,17.174805,y,-17.36,-25.3085,1.03915,0,110.13
389715,17.184571,y,-15.61,-23.2075,1.08268,0,110.13
389716,17.195313,y,-11.935,-20.5527,1.04766,0,110.13
389717,17.205079,y,-11.585,-18.61,1.01373,0,110.13
389718,17.214844,y,-11.165,-16.9974,1.05347,0,110.13
389719,17.22461,y,-9.485,-15.37,1.02913,0,110.13
389720,17.235352,y,-10.22,-14.1571,1.01287,0,110.13
389721,17.245118,y,-9.66,-13.1829,1.0243,0,110.13
389722,17.254883,y,-9.135,-12.3061,0.98913,0,110.13
389723,17.264649,y,-11.305,-12.0892,1.07889,0,110.13
389724,17.275391,y,-11.9,-12.0446,0.97423,0,110.13
389725,17.280274,y,-12.81,-12.1326,1.02603,0,110.13
389726,17.29004,y,-14.7,-12.6888,1.02699,0,110.13
389727,17.299805,y,-15.365,-13.2685,0.98801,0,110.13
389728,17.309571,y,-16.205,-13.9046,1.03869,0,110.13
389729,17.320313,y,-17.115,-14.6607,1.02442,0,110.13
389730,17.330079,y,-16.59,-15.0786,1.00744,0,110.13
389731,17.339844,y,-18.41,-15.8002,1.03156,0,110.13
389732,17.34961,y,-20.965,-16.9191,1.07156,0,110.13
389733,17.360352,y,-22.295,-18.1852,1.02701,0,110.13
389734,17.365235,y,-25.165,-18.9873,0.98274,0,110.13
389735,17.375,y,-29.89,-21.3489,1.0166,0,110.13
389736,17.384766,y,-36.26,-24.5791,1.06764,0,110.13
389737,17.394532,y,-43.96,-28.7776,1.00047,0,110.13
389738,17.405274,y,-55.16,-34.991,0.92521,0,110.13
389739,17.41504,y,-70.805,-42.7494,1.10582,0,110.13
389740,17.424805,y,-87.045,-52.3443,0.99805,0,110.13
389741,17.434571,y,-107.345,-64.2591,1.00802,0,110.13
389742,17.445313,y,-126.525,-78.9235,1.00857,0,110.13
389743,17.455079,y,-150.185,-94.3609,1.12755,0,110.13
389744,17.464844,y,-173.88,-111.5855,1.09471,0,110.13
389745,17.469727,y,-200.48,-121.8011,0.93775,0,110.13
389746,17.479493,y,-236.425,-146.6321,0.85305,0,110.13
389747,17.490235,y,-280.28,-178.1079,1.15823,0,110.13
389748,17.5,y,-317.31,-208.2605,1.46152,0,110.13
389749,17.509766,y,-353.815,-239.7919,1.05953,0,110.13
389750,17.519532,y,-417.83,-278.3603,0.99575,0,110.13
389751,17.530274,y,-478.835,-325.5747,1.5283,0,110.13
389752,17.54004,y,-524.755,-368.7231,1.65441,0,110.13
389753,17.549805,y,-562.94,-410.7925,2.27467,0,110.13
389754,17.559571,y,-575.68,-446.512,3.80893,0,110.13
389755,17.56543,y,-535.535,-458.6416,4.14743,0,110.13
389756,17.575196,y,-474.215,-462.0153,3.07496,0,110.13
389757,17.584961,y,-436.24,-456.4321,2.87812,0,110.13
389758,17.594727,y,-410.69,-446.523,1.86201,0,110.13
389759,17.604493,y,-415.975,-439.9054,2.07682,0,110.13
389760,17.615235,y,-390.285,-428.2192,2.56549,0,110.13
389761,17.625,y,-327.11,-406.3179,2.12215,0,110.13
389762,17.634766,y,-279.615,-378.8702,2.35653,0,110.13
389763,17.644532,y,-237.125,-348.164,5.96246,0,110.13
389764,17.655274,y,-62.93,-280.9877,3.3265,0,110.13
389765,17.660157,y,30.52,-245.1899,2.92594,0,110.13
389766,17.669922,y,115.29,-167.1062,1.50228,0,110.13
389767,17.679688,y,161.385,-95.9452,1.25354,0,110.13
389768,17.69043,y,193.655,-27.7407,1.06298,0,110.13
389769,17.700196,y,212.485,24.2994,0.88683,0,110.13
389770,17.709961,y,221.97,67.1169,0.81743,1,109.5
389771,17.719727,y,229.32,102.2549,0.87801,0,109.5
389772,17.729493,y,243.775,132.9124,1.08596,0,109.5
389773,17.740235,y,270.62,165.3443,1.29974,0,109.5
389774,17.75,y,309.785,196.6316,1.37211,0,109.5
389775,17.759766,y,350.91,230.0529,1.21723,0,109.5
389776,17.769532,y,381.955,262.9595,1.0047,0,109.5
389777,17.775391,y,397.67,281.3141,0.92623,0,109.5
389778,17.785157,y,403.2,307.7183,0.86171,0,109.5
389779,17.794922,y,404.67,328.719,1.03641,0,109.5
389780,17.804688,y,408.555,346.0139,1.14153,0,109.5
389781,17.81543,y,411.32,361.3943,1.19907,0,109.5
389782,17.825196,y,410.445,372.0201,1.39388,0,109.5
389783,17.834961,y,411.775,380.6315,1.48278,0,109.5
389784,17.844727,y,412.685,387.5752,1.55882,0,109.5
389785,17.854493,y,411.285,392.7115,1.67446,0,109.5
389786,17.860352,y,406.28,394.5602,1.93257,0,109.5
389787,17.870118,y,401.625,396.0907,2.23664,0,109.5
389788,17.879883,y,397.88,396.4782,2.5011,0,109.5
389789,17.889649,y,393.365,395.8038,2.74474,0,109.5
389790,17.900391,y,387.66,393.8858,2.93784,0,109.5
389791,17.910157,y,379.96,390.8691,3.0334,0,109.5
389792,17.919922,y,368.55,386.0345,3.00113,0,109.5
389793,17.929688,y,349.825,378.1905,2.84721,0,109.5
389794,17.94043,y,319.305,364.3222,2.75373,0,109.5
389795,17.950196,y,278.39,345.7067,2.76025,0,109.5
389796,17.959961,y,232.785,321.2467,2.7908,0,109.5
389797,17.964844,y,187.425,305.8682,2.89538,0,109.5
389798,17.97461,y,142.765,270.5352,3.09846,0,109.5
389799,17.985352,y,100.66,230.5274,3.2953,0,109.5
389800,17.995118,y,57.82,193.1138,3.54423,0,109.5
389801,18.004883,y,8.68,153.1635,3.76455,0,109.5
389802,18.014649,y,-47.95,109.5963,3.7292,0,109.5
389803,18.025391,y,-138.145,51.2501,3.3223,0,109.5
389804,18.035157,y,-199.5,-3.0699,0.85825,0,109.5
389805,18.044922,y,-213.99,-48.7573,3.99166,0,109.5
389806,18.054688,y,-192.15,-79.8205,2.2795,0,109.5
389807,18.06543,y,-214.305,-111.4933,0.89816,0,109.5
389808,18.070313,y,-269.64,-129.6672,2.26164,0,109.5
389809,18.080079,y,-243.215,-154.2651,3.40218,0,109.5
389810,18.089844,y,-160.23,-155.5571,2.31143,0,109.5
389811,18.09961,y,-117.145,-147.2359,1.92641,0,109.5
389812,18.110352,y,-111.37,-138.789,1.72105,0,109.5
389813,18.120118,y,-91.035,-128.4441,1.8795,0,109.5
389814,18.129883,y,-50.47,-111.5541,1.32872,0,109.5
389815,18.139649,y,-37.905,-95.5995,1.78591,0,109.5
389816,18.150391,y,-30.415,-80.2477,1.68554,0,109.5
389817,18.155274,y,-22.645,-73.6281,1.3227,0,109.5
389818,18.16504,y,-26.635,-63.448,0.89342,0,109.5
389819,18.174805,y,-32.9,-56.831,1.49718,0,109.5
389820,18.184571,y,-20.335,-48.9249,1.32321,0,109.5
389821,18.195313,y,-12.355,-40.3122,1.14148,0,109.5
389822,18.205079,y,-13.545,-34.5136,1.15978,0,109.5
389823,18.214844,y,-15.505,-30.3962,1.04968,0,109.5
389824,18.22461,y,-16.485,-27.3826,1.18213,0,109.5
389825,18.235352,y,-14.035,-24.2391,0.96515,0,109.5
389826,18.245118,y,-13.09,-21.8238,1.11147,0,109.5
389827,18.254883,y,-11.165,-19.515,1.04299,0,109.5
389828,18.264649,y,-14.14,-18.3506,0.99928,0,109.5
389829,18.269532,y,-14.63,-17.9231,0.96097,0,109.5
389830,18.280274,y,-15.19,-17.2794,0.9833,0,109.5
389831,18.29004,y,-17.29,-17.2817,0.92729,0,109.5
389832,18.299805,y,-21.77,-18.2539,0.97746,0,109.5
389833,18.309571,y,-23.065,-19.2961,1.0481,0,109.5
389834,18.320313,y,-23.345,-20.2497,1.04875,0,109.5
389835,18.330079,y,-21.945,-20.6169,1.05948,0,109.5
389836,18.339844,y,-21.245,-20.753,1.02123,0,109.5
389837,18.34961,y,-21.42,-20.8975,1.10877,0,109.5
389838,18.360352,y,-20.72,-20.8557,1.00176,0,109.5
389839,18.365235,y,-19.775,-20.7315,1.01657,0,109.5
389840,18.375,y,-20.125,-20.6001,1.09017,0,109.5
389841,18.384766,y,-19.495,-20.3607,1.03186,0,109.5
389842,18.394532,y,-19.075,-20.0822,1.05132,0,109.5
389843,18.405274,y,-19.95,-20.0511,1.02229,0,109.5
389844,18.41504,y,-21.07,-20.2718,1.03022,0,109.5
389845,18.424805,y,-21.07,-20.4447,1.0235,0,109.5
389846,18.434571,y,-22.4,-20.8683,1.01706,0,109.5
389847,18.445313,y,-23.625,-21.5175,1.0529,0,109.5
389848,18.455079,y,-24.745,-22.2167,1.06039,0,109.5
389849,18.464844,y,-27.895,-23.4467,1.03336,0,109.5
389850,18.469727,y,-34.51,-24.718,1.05272,0,109.5
389851,18.479493,y,-44.135,-28.9243,1.07652,0,109.5
389852,18.490235,y,-52.92,-34.5756,0.87007,0,109.5
389853,18.5,y,-68.18,-41.8547,1.09031,0,109.5
389854,18.509766,y,-84.105,-51.0074,0.99398,0,109.5
389855,18.519532,y,-101.885,-62.029,1.04698,0,109.5
389856,18.530274,y,-119.56,-75.5783,1.0284,0,109.5
389857,18.54004,y,-143.78,-90.3528,1.14389,0,109.5
389858,18.549805,y,-167.16,-106.99,1.07216,0,109.5
389859,18.559571,y,-192.99,-125.6202,1.04715,0,109.5
389860,18.56543,y,-224.035,-139.0295,1.09125,0,109.5
389861,18.575196,y,-257.075,-164.6017,0.9103,0,109.5
389862,18.584961,y,-300.72,-194.0863,0.6615,0,109.5
389863,18.594727,y,-353.78,-228.6807,1.35268,0,109.5
389864,18.604493,y,-388.255,-263.2493,1.34238,0,109.5
389865,18.615235,y,-432.04,-303.0017,1.1129,0,109.5
389866,18.625,y,-495.845,-344.7735,1.64182,0,109.5
389867,18.634766,y,-526.54,-384.1496,1.84556,0,109.5
389868,18.644532,y,-552.72,-420.667,3.15855,0,109.5
389869,18.655274,y,-533.89,-447.3324,4.04351,0,109.5
389870,18.660157,y,-479.99,-451.0854,3.33966,0,109.5
389871,18.669922,y,-442.925,-449.3178,3.19804,0,109.5
389872,18.679688,y,-418.425,-442.6255,2.4606,0,109.5
389873,18.69043,y,-420.14,-437.3298,1.83087,0,109.5
389874,18.700196,y,-421.33,-433.8638,2.56573,0,109.5
389875,18.709961,y,-381.745,-422.5743,2.87658,0,109.5
389876,18.719727,y,-305.445,-397.2006,3.18917,0,109.5
389877,18.729493,y,-219.485,-358.7021,4.75814,0,109.5
389878,18.740235,y,-87.22,-294.7646,4.56266,0,109.5
389879,18.75,y,56.875,-218.5958,3.03729,0,109.5
389880,18.759766,y,134.4,-142.1264,1.68098,0,109.5
389881,18.769532,y,173.04,-73.8519,1.04676,0,109.5
389882,18.775391,y,184.94,-38.5908,1.03592,0,109.5
389883,18.785157,y,188.685,10.6439,0.93008,0,109.5
389884,18.794922,y,181.755,47.7083,0.78794,1,109.94
389885,18.804688,y,176.68,75.6474,0.82739,0,109.94
389886,18.81543,y,184.975,101.3955,1.26836,0,109.94
389887,18.825196,y,220.115,127.1137,1.72581,0,109.94
389888,18.834961,y,276.57,159.4875,1.81633,0,109.94
389889,18.844727,y,334.985,197.5055,1.48521,0,109.94
389890,18.854493,y,376.355,236.2496,0.93735,0,109.94
389891,18.860352,y,392.035,257.4758,0.65533,0,109.94
389892,18.870118,y,393.4,286.921,0.76199,0,109.94
389893,18.879883,y,395.29,310.3949,1.00414,0,109.94
389894,18.889649,y,399.035,329.597,1.15631,0,109.94
389895,18.900391,y,403.935,347.1045,1.29954,0,109.94
389896,18.910157,y,408.45,360.3938,1.54503,0,109.94
389897,18.919922,y,416.535,372.5546,1.69043,0,109.94
389898,18.929688,y,424.34,383.7728,1.76926,0,109.94
389899,18.94043,y,428.05,394.2007,1.75722,0,109.94
389900,18.950196,y,422.73,400.381,1.96683,0,109.94
389901,18.959961,y,413.525,403.2281,2.23424,0,109.94
389902,18.964844,y,401.975,403.0841,2.51728,0,109.94
389903,18.97461,y,389.62,400.1674,2.71522,0,109.94
389904,18.985352,y,376.635,394.6252,2.80395,0,109.94
389905,18.995118,y,360.43,387.2175,2.86627,0,109.94
389906,19.004883,y,340.27,377.0482,2.8791,0,109.94
389907,19.014649,y,314.895,363.5839,2.97299,0,109.94
389908,19.025391,y,286.44,345.4156,3.13969,0,109.94
389909,19.035157,y,259.0,326.6954,3.21647,0,109.94
389910,19.044922,y,233.45,306.4975,3.2081,0,109.94
389911,19.054688,y,205.66,284.6531,3.09918,0,109.94
389912,19.06543,y,167.09,256.9655,3.15236,0,109.94
389913,19.070313,y,119.175,241.1308,3.46397,0,109.94
389914,19.080079,y,73.01,204.7108,3.75095,0,109.94
389915,19.089844,y,26.46,166.0999,3.77141,0,109.94
389916,19.09961,y,-38.5,121.7774,3.60134,0,109.94
389917,19.110352,y,-127.785,63.0023,2.92525,0,109.94
389918,19.120118,y,-200.445,5.9317,1.31235,0,109.94
389919,19.129883,y,-197.75,-38.1878,4.04081,0,109.94
389920,19.139649,y,-187.215,-70.4716,2.14697,0,109.94
389921,19.150391,y,-218.75,-105.393,0.89036,0,109.94
389922,19.155274,y,-265.615,-123.8054,2.55991,0,109.94
389923,19.16504,y,-227.99,-146.3749,3.50904,0,109.94
389924,19.174805,y,-144.34,-145.9341,2.27921,0,109.94
389925,19.184571,y,-105.945,-137.2713,1.57422,0,109.94
389926,19.195313,y,-110.18,-130.8909,1.53071,0,109.94
389927,19.205079,y,-101.01,-124.4178,2.31706,0,109.94
389928,19.214844,y,-61.985,-110.8942,1.26503,0,109.94
389929,19.22461,y,-43.47,-96.2881,1.18901,0,109.94
389930,19.235352,y,-41.475,-83.3789,1.07129,0,109.94
389931,19.245118,y,-38.43,-73.6417,1.34727,0,109.94
389932,19.254883,y,-29.785,-64.1419,1.1035,0,109.94
389933,19.264649,y,-27.02,-56.1002,1.22241,0,109.94
389934,19.269532,y,-23.45,-52.3481,1.23909,0,109.94
389935,19.280274,y,-19.215,-44.5448,1.22985,0,109.94
389936,19.29004,y,-15.68,-38.2918,1.01335,0,109.94
389937,19.299805,y,-15.82,-33.4242,1.15425,0,109.94
389938,19.309571,y,-15.295,-29.4969,1.1309,0,109.94
389939,19.320313,y,-15.12,-26.1109,0.9805,0,109.94
389940,19.330079,y,-14.525,-23.6011,1.11183,0,109.94
389941,19.339844,y,-15.085,-21.7564,0.91495,0,109.94
389942,19.34961,y,-19.74,-21.3196,1.02314,0,109.94
389943,19.360352,y,-18.795,-20.725,1.02027,0,109.94
389944,19.365235,y,-19.355,-20.5676,1.00456,0,109.94
389945,19.375,y,-20.755,-20.6082,0.9638,0,109.94
389946,19.384766,y,-23.415,-21.2162,0.99351,0,109.94
389947,19.394532,y,-27.125,-22.4962,1.00652,0,109.94
389948,19.405274,y,-28.735,-23.9655,1.02708,0,109.94
389949,19.41504,y,-29.05,-25.067,1.09445,0,109.94
389950,19.424805,y,-26.95,-25.4749,1.07574,0,109.94
389951,19.434571,y,-24.99,-25.3698,1.11489,0,109.94
389952,19.445313,y,-21.035,-24.3489,0.99127,0,109.94
389953,19.455079,y,-20.09,-23.4263,1.05969,0,109.94
389954,19.459961,y,-20.405,-23.0792,1.03063,0,109.94
389955,19.469727,y,-19.74,-22.3558,1.04193,0,109.94
389956,19.479493,y,-19.985,-21.8422,0.9954,0,109.94
389957,19.490235,y,-22.015,-21.8829,1.001,0,109.94
389958,19.5,y,-21.49,-21.7978,1.01173,0,109.94
389959,19.509766,y,-22.96,-22.0496,1.00926,0,109.94
389960,19.519532,y,-23.275,-22.315,1.06243,0,109.94
389961,19.530274,y,-24.115,-22.739,1.01852,0,109.94
389962,19.54004,y,-29.225,-24.144,1.16514,0,109.94
389963,19.549805,y,-26.985,-24.7594,1.02002,0,109.94
389964,19.559571,y,-32.83,-26.5077,1.01482,0,109.94
389965,19.56543,y,-40.67,-28.4374,0.99248,0,109.94
389966,19.575196,y,-48.405,-32.763,0.9533,0,109.94
389967,19.584961,y,-59.78,-38.6151,1.05399,0,109.94
389968,19.594727,y,-71.995,-45.8462,1.02553,0,109.94
389969,19.604493,y,-90.825,-55.59,1.02651,0,109.94
389970,19.615235,y,-112.0,-68.8752,1.13606,0,109.94
389971,19.625,y,-127.54,-81.5826,1.07483,0,109.94
389972,19.634766,y,-151.305,-96.6866,1.0423,0,109.94
389973,19.644532,y,-176.12,-113.8942,1.07743,0,109.94
389974,19.650391,y,-200.935,-125.7538,1.05734,0,109.94
389975,19.660157,y,-231.07,-148.5684,1.05234,0,109.94
389976,19.669922,y,-266.945,-174.21,0.84898,0,109.94
389977,19.679688,y,-313.565,-204.3985,0.74912,0,109.94
389978,19.69043,y,-362.11,-241.5415,1.57156,0,109.94
389979,19.700196,y,-399.245,-275.7048,1.2967,0,109.94
389980,19.709961,y,-449.89,-313.4351,1.21067,0,109.94
389981,19.719727,y,-500.29,-353.9135,1.59867,0,109.94
389982,19.729493,y,-535.99,-393.3567,2.50818,0,109.94
389983,19.740235,y,-549.5,-430.1304,3.5361,0,109.94
389984,19.75,y,-519.225,-449.4292,4.04703,0,109.94
389985,19.759766,y,-464.38,-452.668,3.35732,0,109.94
389986,19.764649,y,-432.495,-450.3498,2.93571,0,109.94
389987,19.775391,y,-418.6,-442.8723,2.09431,0,109.94
389988,19.785157,y,-423.71,-438.7212,2.15904,0,109.94
389989,19.794922,y,-408.135,-432.0959,2.45598,0,109.94
389990,19.804688,y,-356.125,-415.6383,2.76498,0,109.94
389991,19.81543,y,-276.78,-382.9354,3.00165,0,109.94
389992,19.825196,y,-207.13,-344.8507,6.39647,0,109.94
389993,19.834961,y,-6.09,-271.4717,3.53553,0,109.94
389994,19.844727,y,101.605,-190.6521,2.76284,0,109.94
389995,19.854493,y,176.05,-111.2135,1.29063,0,109.94
389996,19.860352,y,201.705,-68.5775,1.03295,0,109.94
389997,19.870118,y,213.745,-7.418,0.90921,0,109.94
389998,19.879883,y,212.135,40.1394,0.82565,1,110.21
389999,19.889649,y,207.585,76.4131,0.73285,0,110.21
390000,19.900391,y,204.54,106.5887,0.90779,0,110.21
390001,19.910157,y,220.15,131.1894,1.41573,0,110.21
390002,19.919922,y,262.955,159.7312,1.79497,0,110.21
390003,19.929688,y,320.18,194.4892,1.6914,0,110.21
390004,19.94043,y,369.705,235.7548,1.27045,0,110.21
390005,19.950196,y,397.425,270.7774,0.86221,0,110.21
390006,19.955079,y,404.705,286.1681,0.7503,0,110.21
390007,19.964844,y,405.02,311.9126,0.94076,0,110.21
390008,19.97461,y,406.735,332.454,1.10454,0,110.21
390009,19.985352,y,409.325,350.5581,1.21587,0,110.21
390010,19.995118,y,411.39,363.7361,1.41088,0,110.21
390011,20.004883,y,415.73,374.9985,1.50723,0,110.21
390012,20.014649,y,418.775,384.4818,1.65169,0,110.21
390013,20.025391,y,420.77,393.0281,1.83412,0,110.21
390014,20.035157,y,421.225,399.1364,2.13721,0,110.21
390015,20.044922,y,421.365,403.9514,2.36755,0,110.21
390016,20.054688,y,418.6,407.1247,2.56978,0,110.21
390017,20.06543,y,411.985,408.2694,2.72362,0,110.21
390018,20.070313,y,400.19,407.3409,2.83421,0,110.21
390019,20.080079,y,381.955,401.8416,2.9357,0,110.21
390020,20.089844,y,357.385,392.2118,3.01381,0,110.21
390021,20.09961,y,328.58,378.4273,3.05345,0,110.21
390022,20.110352,y,296.8,359.203,3.21623,0,110.21
390023,20.120118,y,264.88,338.7698,3.31071,0,110.21
390024,20.129883,y,232.365,315.7214,3.251,0,110.21
390025,20.139649,y,194.18,289.3919,3.24864,0,110.21
390026,20.150391,y,149.94,256.5492,3.35048,0,110.21
390027,20.155274,y,101.5,238.7313,3.56103,0,110.21
390028,20.16504,y,52.71,198.4335,3.76888,0,110.21
390029,20.174805,y,-2.52,154.9049,3.94006,0,110.21
390030,20.184571,y,-66.465,106.9496,3.87363,0,110.21
390031,20.195313,y,-164.99,42.9043,2.38621,0,110.21
390032,20.205079,y,-189.525,-7.4468,2.36424,0,110.21
390033,20.214844,y,-201.67,-49.5176,3.70001,0,110.21
390034,20.22461,y,-194.11,-80.8406,1.24857,0,110.21
390035,20.235352,y,-236.67,-117.5404,0.71022,0,110.21
390036,20.245118,y,-275.835,-151.8318,2.91804,0,110.21
390037,20.254883,y,-219.905,-166.5771,3.17662,0,110.21
390038,20.259766,y,-140.805,-163.6154,1.94128,0,110.21
390039,20.269532,y,-113.505,-152.76,1.45235,0,110.21
390040,20.280274,y,-117.6,-144.4794,1.98642,0,110.21
390041,20.29004,y,-89.775,-132.6288,1.69251,0,110.21
390042,20.299805,y,-65.835,-118.1606,1.47786,0,110.21
390043,20.309571,y,-52.85,-104.0123,1.19309,0,110.21
390044,20.320313,y,-49.385,-91.1469,1.23187,0,110.21
390045,20.330079,y,-46.235,-81.4176,1.32447,0,110.21
390046,20.339844,y,-36.26,-71.636,1.32931,0,110.21
390047,20.34961,y,-24.045,-61.3264,1.29938,0,110.21
390048,20.360352,y,-17.22,-50.9388,1.22166,0,110.21
390049,20.365235,y,-12.285,-46.4968,1.13254,0,110.21
390050,20.375,y,-10.99,-38.8056,1.04404,0,110.21
390051,20.384766,y,-13.755,-33.3789,1.11787,0,110.21
390052,20.394532,y,-16.73,-29.7723,1.00672,0,110.21
390053,20.405274,y,-13.895,-26.033,1.02857,0,110.21
390054,20.41504,y,-12.775,-23.1609,1.04431,0,110.21
390055,20.424805,y,-15.61,-21.5253,0.93875,0,110.21
390056,20.434571,y,-18.76,-20.9262,0.96594,0,110.21
390057,20.445313,y,-21.28,-21.0096,0.97221,0,110.21
390058,20.450196,y,-24.15,-21.3705,1.02359,0,110.21
390059,20.459961,y,-24.325,-22.0104,1.05851,0,110.21
390060,20.469727,y,-22.4,-22.0948,1.06124,0,110.21
390061,20.479493,y,-21.21,-21.9031,1.01513,0,110.21
390062,20.490235,y,-21.07,-21.7069,1.01812,0,110.21
390063,20.5,y,-21.105,-21.5765,1.06449,0,110.21
390064,20.509766,y,-19.495,-21.1256,1.07687,0,110.21
390065,20.519532,y,-18.865,-20.6359,1.03986,0,110.21
390066,20.530274,y,-17.885,-19.988,0.99567,0,110.21
390067,20.54004,y,-19.355,-19.8509,1.10979,0,110.21
390068,20.549805,y,-19.67,-19.8117,0.94841,0,110.21
390069,20.559571,y,-20.755,-20.0161,1.07723,0,110.21
390070,20.56543,y,-19.46,-19.9403,0.98591,0,110.21
390071,20.575196,y,-22.47,-20.4883,1.01763,0,110.21
390072,20.584961,y,-22.015,-20.819,1.04328,0,110.21
390073,20.594727,y,-25.06,-21.7377,1.07633,0,110.21
390074,20.604493,y,-25.62,-22.5787,1.06817,0,110.21
390075,20.615235,y,-25.935,-23.3692,1.03235,0,110.21
390076,20.625,y,-30.38,-24.8878,1.02588,0,110.21
390077,20.634766,y,-35.21,-27.1239,1.03451,0,110.21
390078,20.644532,y,-39.97,-29.9067,1.02043,0,110.21
390079,20.650391,y,-46.375,-32.1506,0.95965,0,110.21
390080,20.660157,y,-58.59,-37.8782,1.0319,0,110.21
390081,20.669922,y,-71.785,-45.2227,1.09049,0,110.21
390082,20.679688,y,-84.035,-53.6306,0.92845,0,110.21
390083,20.69043,y,-105.56,-65.8607,1.04019,0,110.21
390084,20.700196,y,-125.23,-78.7218,1.03838,0,110.21
390085,20.709961,y,-150.64,-94.3,1.09185,0,110.21
390086,20.719727,y,-173.635,-111.4864,1.06618,0,110.21
390087,20.729493,y,-198.38,-130.3101,1.06496,0,110.21
390088,20.740235,y,-228.48,-153.4304,1.04645,0,110.21
390089,20.75,y,-263.41,-177.2531,0.8324,0,110.21
390090,20.759766,y,-308.735,-205.736,0.79608,0,110.21
390091,20.764649,y,-357.07,-223.127,1.27327,0,110.21
390092,20.775391,y,-396.795,-264.028,1.44395,0,110.21
390093,20.785157,y,-435.715,-301.2206,1.15335,0,110.21
390094,20.794922,y,-490.385,-342.1955,1.50172,0,110.21
390095,20.804688,y,-524.51,-381.6903,2.25892,0,110.21
390096,20.81543,y,-539.63,-418.8871,3.28581,0,110.21
390097,20.825196,y,-514.675,-439.6376,3.8956,0,110.21
390098,20.834961,y,-458.115,-443.64,3.35581,0,110.21
390099,20.844727,y,-417.725,-438.0261,2.99751,0,110.21
390100,20.854493,y,-398.685,-429.5036,2.06291,0,110.21
390101,20.860352,y,-411.39,-427.0356,1.56815,0,110.21
390102,20.870118,y,-418.285,-425.1399,2.27158,0,110.21
390103,20.879883,y,-379.68,-415.2929,2.56955,0,110.21
390104,20.889649,y,-308.84,-392.232,2.98106,0,110.21
390105,20.900391,y,-217.35,-351.045,4.65015,0,110.21
390106,20.910157,y,-91.035,-294.7191,4.81568,0,110.21
390107,20.919922,y,51.73,-219.6747,3.05042,0,110.21
390108,20.929688,y,134.575,-142.9336,1.6874,0,110.21
390109,20.94043,y,180.705,-66.7126,1.12122,0,110.21
390110,20.950196,y,199.78,-8.9823,1.15028,0,110.21
390111,20.955079,y,212.45,16.4643,0.91279,0,110.21
390112,20.964844,y,213.325,59.1063,0.80338,1,110.36
390113,20.97461,y,217.735,93.47,0.94994,0,110.36
390114,20.985352,y,234.535,126.6926,1.21795,0,110.36
390115,20.995118,y,266.42,156.9618,1.43,0,110.36
390116,21.004883,y,309.155,189.9284,1.36453,0,110.36
390117,21.014649,y,348.285,224.2332,1.0987,0,110.36
390118,21.025391,y,373.275,259.3344,0.96864,0,110.36
390119,21.035157,y,384.93,286.5422,0.9703,0,110.36
390120,21.044922,y,390.39,309.0367,1.02644,0,110.36
390121,21.054688,y,395.64,327.7975,1.15932,0,110.36
390122,21.06543,y,402.71,345.4404,1.18371,0,110.36
390123,21.070313,y,405.965,352.3958,1.25724,0,110.36
390124,21.080079,y,406.315,364.0763,1.4368,0,110.36
390125,21.089844,y,407.435,373.4682,1.5744,0,110.36
390126,21.09961,y,406.805,380.69,1.59192,0,110.36
390127,21.110352,y,400.61,385.3814,1.67617,0,110.36
390128,21.120118,y,391.09,386.618,1.92855,0,110.36
390129,21.129883,y,384.3,386.1159,2.22058,0,110.36
390130,21.139649,y,379.61,384.7066,2.47556,0,110.36
390131,21.150391,y,375.2,382.4676,2.6219,0,110.36
390132,21.155274,y,368.235,380.8321,2.75967,0,110.36
390133,21.16504,y,357.945,375.874,2.91156,0,110.36
390134,21.174805,y,344.645,369.1095,2.99461,0,110.36
390135,21.184571,y,327.635,360.1249,2.97993,0,110.36
390136,21.195313,y,304.22,346.9586,2.87485,0,110.36
390137,21.205079,y,271.18,330.5427,2.72852,0,110.36
390138,21.214844,y,228.62,308.4652,2.6471,0,110.36
390139,21.22461,y,180.145,280.6672,2.73655,0,110.36
390140,21.235352,y,132.44,245.7578,2.96771,0,110.36
390141,21.245118,y,90.65,212.1568,3.23896,0,110.36
390142,21.254883,y,56.245,178.3847,3.49523,0,110.36
390143,21.259766,y,23.66,160.604,3.47114,0,110.36
390144,21.269532,y,-28.385,119.6634,3.32086,0,110.36
390145,21.280274,y,-106.015,66.5132,3.14773,0,110.36
390146,21.29004,y,-192.045,10.5018,1.06748,0,110.36
390147,21.299805,y,-216.37,-38.641,3.02376,0,110.36
390148,21.309571,y,-202.37,-74.1096,3.15633,0,110.36
390149,21.320313,y,-197.68,-103.212,1.15427,0,110.36
390150,21.330079,y,-244.65,-133.8517,1.39546,0,110.36
390151,21.339844,y,-259.175,-160.998,3.36989,0,110.36
390152,21.34961,y,-187.32,-166.7001,2.91552,0,110.36
390153,21.360352,y,-122.36,-156.2575,1.97219,0,110.36
390154,21.365235,y,-100.87,-149.8925,1.57111,0,110.36
390155,21.375,y,-97.23,-138.4852,1.17277,0,110.36
390156,21.384766,y,-85.12,-126.9247,2.12446,0,110.36
390157,21.394532,y,-60.515,-112.5384,1.67669,0,110.36
390158,21.405274,y,-40.95,-95.6784,1.80829,0,110.36
390159,21.41504,y,-32.27,-81.9423,1.35113,0,110.36
390160,21.424805,y,-40.32,-72.9264,0.82862,0,110.36
390161,21.434571,y,-48.58,-67.6523,1.63492,0,110.36
390162,21.445313,y,-33.495,-59.6078,1.31523,0,110.36
390163,21.450196,y,-25.27,-55.6618,1.20476,0,110.36
390164,21.459961,y,-24.08,-48.8208,1.19511,0,110.36
390165,21.469727,y,-23.31,-43.2944,1.29742,0,110.36
390166,21.479493,y,-22.89,-38.8742,0.99706,0,110.36
390167,21.490235,y,-19.88,-34.4008,1.23099,0,110.36
390168,21.5,y,-13.685,-29.9136,1.0581,0,110.36
390169,21.509766,y,-13.545,-26.3677,1.03133,0,110.36
390170,21.519532,y,-12.145,-23.2866,1.03716,0,110.36
390171,21.530274,y,-12.495,-20.745,0.96859,0,110.36
390172,21.54004,y,-13.65,-19.208,1.01171,0,110.36
390173,21.549805,y,-12.53,-17.7615,1.01751,0,110.36
390174,21.559571,y,-12.985,-16.7268,0.97234,0,110.36
390175,21.56543,y,-15.155,-16.5126,1.00393,0,110.36
390176,21.575196,y,-14.84,-16.1503,1.05772,0,110.36
390177,21.584961,y,-14.42,-15.7755,1.01792,0,110.36
390178,21.594727,y,-15.05,-15.6183,1.05969,0,110.36
390179,21.604493,y,-15.015,-15.4876,1.00506,0,110.36
390180,21.615235,y,-15.33,-15.4505,1.05683,0,110.36
390181,21.625,y,-16.625,-15.7049,1.04069,0,110.36
390182,21.634766,y,-16.31,-15.836,0.96843,0,110.36
390183,21.644532,y,-17.325,-16.1586,1.01647,0,110.36
390184,21.650391,y,-19.04,-16.5512,1.0127,0,110.36
390185,21.660157,y,-19.285,-17.1434,1.04631,0,110.36
390186,21.669922,y,-18.83,-17.5087,0.98056,0,110.36
390187,21.679688,y,-20.65,-18.1892,1.02327,0,110.36
390188,21.69043,y,-20.86,-18.8182,1.00683,0,110.36
390189,21.700196,y,-21.21,-19.3364,1.03928,0,110.36
390190,21.709961,y,-20.02,-19.4844,1.02902,0,110.36
390191,21.719727,y,-22.61,-20.1615,1.0869,0,110.36
390192,21.729493,y,-23.1,-20.7981,1.08721,0,110.36
390193,21.740235,y,-24.745,-21.7276,1.00982,0,110.36
390194,21.75,y,-32.2,-23.9961,1.0684,0,110.36
390195,21.754883,y,-40.075,-25.8438,0.99012,0,110.36
390196,21.764649,y,-48.02,-30.6478,0.87193,0,110.36
390197,21.775391,y,-64.855,-38.7041,0.98739,0,110.36
390198,21.785157,y,-83.265,-48.3573,1.10481,0,110.36
390199,21.794922,y,-102.095,-59.9974,1.00637,0,110.36
390200,21.804688,y,-125.895,-74.2728,1.11156,0,110.36
390201,21.81543,y,-149.52,-91.9945,1.01436,0,110.36
390202,21.825196,y,-178.675,-110.7721,1.12947,0,110.36
390203,21.834961,y,-206.465,-131.5002,1.07909,0,110.36
390204,21.844727,y,-240.485,-155.1095,0.92597,0,110.36
390205,21.854493,y,-284.375,-183.1123,0.87859,0,110.36
390206,21.860352,y,-332.115,-203.4143,1.3852,0,110.36
390207,21.870118,y,-368.725,-239.2255,1.24883,0,110.36
390208,21.879883,y,-418.285,-278.0117,1.09309,0,110.36
390209,21.889649,y,-486.185,-323.1082,1.55644,0,110.36
390210,21.900391,y,-526.54,-371.019,1.52773,0,110.36
390211,21.910157,y,-566.79,-413.4289,2.45902,0,110.36
390212,21.919922,y,-570.5,-447.4521,3.77893,0,110.36
390213,21.929688,y,-528.395,-464.9867,4.06459,0,110.36
390214,21.94043,y,-470.995,-466.4018,3.36735,0,110.36
390215,21.945313,y,-433.475,-462.6179,2.79725,0,110.36
390216,21.955079,y,-423.22,-454.0831,1.68359,0,110.36
390217,21.964844,y,-437.5,-450.491,2.07469,0,110.36
390218,21.97461,y,-419.23,-443.719,2.57762,0,110.36
390219,21.985352,y,-357.175,-423.3368,3.09159,0,110.36
390220,21.995118,y,-263.48,-388.707,3.94607,0,110.36
390221,22.004883,y,-169.855,-341.3014,5.63379,0,110.36
390222,22.014649,y,-2.24,-267.8506,3.20166,0,110.36
390223,22.025391,y,103.565,-180.3775,2.43378,0,110.36
390224,22.035157,y,182.455,-101.7771,1.32482,0,110.36
390225,22.044922,y,210.315,-34.1747,1.21929,0,110.36
390226,22.054688,y,231.665,23.4141,0.89872,0,110.36
390227,22.059571,y,229.845,47.1367,0.76201,1,110.07
390228,22.070313,y,223.58,88.6914,0.72934,0,110.07
390229,22.080079,y,225.05,118.2307,0.91475,0,110.07
390230,22.089844,y,243.25,145.3112,1.33419,0,110.07
390231,22.09961,y,284.41,175.4441,1.50342,0,110.07
390232,22.110352,y,332.395,212.4081,1.3309,0,110.07
390233,22.120118,y,368.515,246.2255,1.03499,0,110.07
390234,22.129883,y,385.98,276.4978,0.95708,0,110.07
390235,22.139649,y,391.09,301.3219,1.07174,0,110.07
390236,22.150391,y,396.515,323.7411,1.24119,0,110.07
390237,22.155274,y,407.365,333.351,1.41766,0,110.07
390238,22.16504,y,419.895,352.099,1.34149,0,110.07
390239,22.174805,y,423.99,367.6713,1.38477,0,110.07
390240,22.184571,y,422.905,379.6366,1.34781,0,110.07
390241,22.195313,y,415.835,388.1618,1.42832,0,110.07
390242,22.205079,y,406.91,392.2232,1.69283,0,110.07
390243,22.214844,y,400.575,394.0323,2.11959,0,110.07
390244,22.22461,y,400.785,395.4951,2.44748,0,110.07
390245,22.235352,y,402.29,397.0954,2.61813,0,110.07
390246,22.245118,y,398.79,397.4625,2.66416,0,110.07
390247,22.25,y,388.255,396.4046,2.70755,0,110.07
390248,22.259766,y,371.315,390.9694,2.79568,0,110.07
390249,22.269532,y,349.09,381.8971,2.81891,0,110.07
390250,22.280274,y,321.055,367.568,2.94189,0,110.07
390251,22.29004,y,290.43,350.8576,3.17168,0,110.07
390252,22.299805,y,260.365,331.256,3.32807,0,110.07
390253,22.309571,y,232.33,309.8257,3.37749,0,110.07
390254,22.320313,y,204.12,284.9306,3.22945,0,110.07
390255,22.330079,y,163.905,258.7129,3.23609,0,110.07
390256,22.339844,y,110.845,226.6832,3.45477,0,110.07
390257,22.34961,y,53.27,189.1167,3.66729,0,110.07
390258,22.360352,y,-5.95,143.176,3.84803,0,110.07
390259,22.365235,y,-69.58,118.7265,3.79495,0,110.07
390260,22.375,y,-138.565,62.9945,2.97282,0,110.07
390261,22.384766,y,-192.29,7.6923,1.43969,0,110.07
390262,22.394532,y,-187.88,-34.6745,3.90769,0,110.07
390263,22.405274,y,-174.405,-67.5829,1.94367,0,110.07
390264,22.41504,y,-221.165,-100.8533,0.92487,0,110.07
390265,22.424805,y,-277.795,-139.1807,2.74863,0,110.07
390266,22.434571,y,-231.49,-159.1777,3.72341,0,110.07
390267,22.44043,y,-139.51,-156.4979,2.481,0,110.07
390268,22.450196,y,-93.765,-142.9081,1.80073,0,110.07
390269,22.459961,y,-91.42,-131.7552,1.33051,0,110.07
390270,22.469727,y,-83.685,-121.3418,1.58751,0,110.07
390271,22.479493,y,-65.065,-109.1505,1.97862,0,110.07
390272,22.490235,y,-36.505,-92.0416,1.55157,0,110.07
390273,22.5,y,-26.81,-77.9118,1.57027,0,110.07
390274,22.509766,y,-27.37,-66.9629,0.80526,0,110.07
390275,22.519532,y,-38.64,-60.8273,1.51194,0,110.07
390276,22.530274,y,-27.265,-52.923,1.43224,0,110.07
390277,22.54004,y,-15.05,-44.7185,1.08876,0,110.07
390278,22.549805,y,-16.17,-38.5346,1.19017,0,110.07
390279,22.559571,y,-14.805,-33.3941,1.16982,0,110.07
390280,22.56543,y,-18.76,-31.4002,0.99861,0,110.07
390281,22.575196,y,-20.16,-28.9652,1.19776,0,110.07
390282,22.584961,y,-16.485,-26.2619,1.06166,0,110.07
390283,22.594727,y,-13.475,-23.4918,1.06466,0,110.07
390284,22.604493,y,-11.235,-20.8366,1.00321,0,110.07
390285,22.615235,y,-13.615,-19.1359,0.96432,0,110.07
390286,22.625,y,-15.89,-18.4328,0.94577,0,110.07
390287,22.634766,y,-18.55,-18.4582,0.98874,0,110.07
390288,22.644532,y,-20.02,-18.7965,0.98864,0,110.07
390289,22.650391,y,-22.365,-19.2827,0.97373,0,110.07
390290,22.660157,y,-24.99,-20.5191,1.00449,0,110.07
390291,22.669922,y,-27.72,-22.0789,1.07683,0,110.07
390292,22.679688,y,-27.195,-23.1872,1.11122,0,110.07
390293,22.69043,y,-23.765,-23.3233,1.01876,0,110.07
390294,22.700196,y,-21.315,-22.8882,1.03274,0,110.07
390295,22.709961,y,-21.455,-22.5778,1.08581,0,110.07
390296,22.719727,y,-21.42,-22.327,0.98953,0,110.07
390297,22.729493,y,-22.435,-22.3504,1.0537,0,110.07
390298,22.740235,y,-21.49,-22.1477,1.04255,0,110.07
390299,22.75,y,-19.39,-21.5504,1.04116,0,110.07
390300,22.754883,y,-19.11,-21.2699,0.97767,0,110.07
390301,22.764649,y,-22.68,-21.5754,0.99622,0,110.07
390302,22.775391,y,-24.745,-22.3219,1.03369,0,110.07
390303,22.785157,y,-26.46,-23.2183,1.07537,0,110.07
390304,22.794922,y,-27.125,-24.0645,1.0677,0,110.07
390305,22.804688,y,-30.555,-25.4706,1.06876,0,110.07
390306,22.81543,y,-33.985,-27.4758,1.13335,0,110.07
390307,22.825196,y,-34.86,-29.0755,0.89682,0,110.07
390308,22.834961,y,-47.74,-33.1184,1.1032,0,110.07
390309,22.844727,y,-55.195,-37.9008,1.0309,0,110.07
390310,22.854493,y,-66.185,-44.028,0.92377,0,110.07
390311,22.860352,y,-84.21,-49.5029,1.11492,0,110.07
390312,22.870118,y,-101.815,-60.8353,1.07903,0,110.07
390313,22.879883,y,-120.505,-73.7604,1.01488,0,110.07
390314,22.889649,y,-144.305,-89.0424,1.04692,0,110.07
390315,22.900391,y,-169.82,-108.0666,1.11792,0,110.07
390316,22.910157,y,-193.515,-126.5773,1.08841,0,110.07
390317,22.919922,y,-220.36,-146.8916,0.93652,0,110.07
390318,22.929688,y,-257.53,-170.8592,0.89709,0,110.07
390319,22.94043,y,-300.93,-201.4925,1.07378,0,110.07
390320,22.945313,y,-338.87,-217.2797,1.65338,0,110.07
390321,22.955079,y,-364.735,-249.2229,1.01543,0,110.07
390322,22.964844,y,-428.645,-288.0876,1.35204,0,110.07
390323,22.97461,y,-472.29,-327.9913,1.70198,0,110.07
390324,22.985352,y,-502.915,-369.1881,2.07523,0,110.07
390325,22.995118,y,-516.67,-401.1371,2.99563,0,110.07
390326,23.004883,y,-503.685,-423.35,3.72772,0,110.07
390327,23.014649,y,-463.715,-432.0943,3.17965,0,110.07
390328,23.025391,y,-441.805,-434.3813,2.73411,0,110.07
390329,23.035157,y,-434.105,-434.3214,2.33945,0,110.07
390330,23.044922,y,-436.1,-434.7067,1.81817,0,110.07
390331,23.054688,y,-435.645,-434.91,2.2289,0,110.07
390332,23.059571,y,-395.01,-430.3247,3.22866,0,110.07
390333,23.070313,y,-295.19,-398.4988,3.80517,0,110.07
390334,23.080079,y,-192.22,-353.8126,5.39284,0,110.07
390335,23.089844,y,-37.765,-285.3535,3.95482,0,110.07
390336,23.09961,y,92.365,-203.5284,2.82147,0,110.07
390337,23.110352,y,174.16,-114.5779,1.29177,0,110.07
390338,23.120118,y,192.36,-48.086,1.05909,0,110.07
390339,23.129883,y,194.88,4.5429,1.02831,0,110.07
390340,23.139649,y,181.72,42.9248,0.96446,1,110.48
390341,23.150391,y,164.22,71.4914,0.80163,0,110.48
390342,23.155274,y,152.11,80.7559,0.88029,0,110.48
390343,23.16504,y,163.135,98.6017,1.37674,0,110.48
390344,23.174805,y,203.77,121.3822,1.80168,0,110.48
390345,23.184571,y,263.2,152.1042,1.85099,0,110.48
390346,23.195313,y,321.23,191.9355,1.55771,0,110.48
390347,23.205079,y,361.375,228.6411,1.09901,0,110.48
390348,23.214844,y,378.735,261.153,0.93577,0,110.48
390349,23.22461,y,387.555,288.5355,0.99384,0,110.48
390350,23.235352,y,394.94,313.5951,1.09653,0,110.48
390351,23.245118,y,400.995,332.5285,1.15995,0,110.48
390352,23.25,y,404.6,340.8092,1.36174,0,110.48
390353,23.259766,y,409.815,355.758,1.46217,0,110.48
390354,23.269532,y,414.155,368.4085,1.62178,0,110.48
390355,23.280274,y,418.04,380.0974,1.72267,0,110.48
390356,23.29004,y,419.195,388.5671,1.84669,0,110.48
390357,23.299805,y,416.5,394.6176,2.04009,0,110.48
390358,23.309571,y,410.655,398.0918,2.27697,0,110.48
390359,23.320313,y,401.45,398.8827,2.5795,0,110.48
390360,23.330079,y,391.51,397.2856,2.81553,0,110.48
390361,23.339844,y,380.45,393.6388,2.98214,0,110.48
390362,23.34961,y,365.75,387.5973,3.13962,0,110.48
390363,23.360352,y,348.18,378.314,3.28604,0,110.48
390364,23.365235,y,329.14,372.663,3.27742,0,110.48
390365,23.375,y,304.15,357.8224,3.14362,0,110.48
390366,23.384766,y,268.345,338.4389,3.02105,0,110.48
390367,23.394532,y,223.02,313.4357,3.02845,0,110.48
390368,23.405274,y,171.815,280.0822,3.17095,0,110.48
390369,23.41504,y,119.945,245.3917,3.42584,0,110.48
390370,23.424805,y,74.41,208.3553,3.76917,0,110.48
390371,23.434571,y,37.765,171.4004,3.97441,0,110.48
390372,23.44043,y,-4.235,147.4696,3.81638,0,110.48
390373,23.450196,y,-73.815,99.5327,3.64,0,110.48
390374,23.459961,y,-162.575,42.7575,1.94401,0,110.48
390375,23.469727,y,-208.635,-11.7016,2.70145,0,110.48
390376,23.479493,y,-198.205,-52.1038,3.82223,0,110.48
390377,23.490235,y,-202.615,-87.5511,1.42626,0,110.48
390378,23.5,y,-286.055,-130.5491,1.08324,0,110.48
390379,23.509766,y,-315.77,-170.6735,3.97691,0,110.48
390380,23.519532,y,-224.665,-182.3697,3.53726,0,110.48
390381,23.530274,y,-136.185,-171.4926,2.14395,0,110.48
390382,23.54004,y,-110.985,-158.3848,1.67854,0,110.48
390383,23.549805,y,-112.91,-148.5345,2.47202,0,110.48
390384,23.554688,y,-76.265,-140.2294,1.95258,0,110.48
390385,23.56543,y,-53.27,-119.7494,1.58541,0,110.48
390386,23.575196,y,-40.355,-102.5502,1.15351,0,110.48
390387,23.584961,y,-47.88,-90.7081,0.99887,0,110.48
390388,23.594727,y,-48.86,-81.6425,1.67248,0,110.48
390389,23.604493,y,-31.815,-70.8484,1.28488,0,110.48
390390,23.615235,y,-23.38,-59.669,1.15725,0,110.48
390391,23.625,y,-19.845,-51.0427,1.29379,0,110.48
390392,23.634766,y,-14.42,-43.1091,1.19299,0,110.48
390393,23.644532,y,-15.645,-37.1596,1.14152,0,110.48
390394,23.650391,y,-14.0,-34.004,1.08972,0,110.48
390395,23.660157,y,-13.195,-29.4962,1.15474,0,110.48
390396,23.669922,y,-10.85,-25.4572,0.91854,0,110.48
390397,23.679688,y,-12.285,-22.6037,1.07387,0,110.48
390398,23.69043,y,-12.775,-20.2889,1.02864,0,110.48
390399,23.700196,y,-13.055,-18.7218,0.9809,0,110.48
390400,23.709961,y,-12.355,-17.3427,1.04736,0,110.48
390401,23.719727,y,-10.78,-15.921,1.06274,0,110.48
390402,23.729493,y,-8.75,-14.3676,0.98627,0,110.48
390403,23.740235,y,-8.015,-12.8715,1.01812,0,110.48
390404,23.745118,y,-8.47,-12.3657,1.01101,0,110.48
390405,23.754883,y,-10.395,-11.9388,0.99736,0,110.48
390406,23.764649,y,-11.27,-11.7939,1.04785,0,110.48
390407,23.775391,y,-10.185,-11.415,0.9978,0,110.48
390408,23.785157,y,-11.655,-11.467,1.02487,0,110.48
390409,23.794922,y,-13.37,-11.8792,0.93434,0,110.48
390410,23.804688,y,-14.84,-12.5206,1.05153,0,110.48
390411,23.81543,y,-16.66,-13.4955,0.92886,0,110.48
390412,23.825196,y,-20.475,-15.0075,1.01966,0,110.48
390413,23.834961,y,-21.735,-16.4647,0.98539,0,110.48
390414,23.844727,y,-23.31,-17.9476,1.03866,0,110.48
390415,23.854493,y,-21.84,-18.7908,1.06578,0,110.48
390416,23.860352,y,-19.88,-18.9392,1.01962,0,110.48
390417,23.870118,y,-21.805,-19.56,1.05941,0,110.48
390418,23.879883,y,-22.295,-20.1525,1.05432,0,110.48
390419,23.889649,y,-24.08,-21.0033,1.04598,0,110.48
390420,23.900391,y,-25.9,-22.1565,1.03323,0,110.48
390421,23.910157,y,-28.595,-23.5513,1.10033,0,110.48
390422,23.919922,y,-33.95,-25.8038,1.03824,0,110.48
390423,23.929688,y,-42.245,-29.3654,1.03583,0,110.48
390424,23.94043,y,-52.22,-34.748,1.09625,0,110.48
390425,23.945313,y,-64.295,-38.1435,0.89765,0,110.48
390426,23.955079,y,-84.455,-48.1759,0.94048,0,110.48
390427,23.964844,y,-107.1,-60.9395,0.99398,0,110.48
390428,23.97461,y,-132.16,-76.368,1.13707,0,110.48
390429,23.985352,y,-152.775,-94.3628,1.06546,0,110.48
390430,23.995118,y,-180.32,-112.9837,1.11729,0,110.48
390431,24.004883,y,-208.04,-133.5739,1.06744,0,110.48
390432,24.014649,y,-237.895,-156.1729,0.97647,0,110.48
390433,24.025391,y,-275.765,-184.3384,0.7962,0,110.48
390434,24.035157,y,-327.215,-215.2897,1.04737,0,110.48
390435,24.044922,y,-369.39,-248.6694,1.51589,0,110.48
390436,24.049805,y,-409.955,-267.2041,1.11942,0,110.48
390437,24.059571,y,-468.79,-310.8736,1.24064,0,110.48
390438,24.070313,y,-517.44,-359.5226,1.48283,0,110.48
390439,24.080079,y,-555.835,-402.0498,2.45877,0,110.48
390440,24.089844,y,-564.2,-437.1732,3.64581,0,110.48
390441,24.09961,y,-528.535,-456.9649,4.07987,0,110.48
390442,24.110352,y,-472.955,-460.7308,3.29415,0,110.48
390443,24.120118,y,-434.63,-455.0765,2.8572,0,110.48
390444,24.129883,y,-417.06,-446.8418,2.08073,0,110.48
390445,24.139649,y,-422.73,-441.6184,2.33527,0,110.48
390446,24.150391,y,-398.23,-431.3999,2.83558,0,110.48
390447,24.155274,y,-329.875,-419.7329,3.07191,0,110.48
390448,24.16504,y,-232.155,-379.0979,3.48097,0,110.48
390449,24.174805,y,-147.0,-328.8231,6.42893,0,110.48
390450,24.184571,y,48.51,-247.0815,3.43593,0,110.48
390451,24.195313,y,151.025,-153.3223,2.40524,0,110.48
390452,24.205079,y,219.1,-72.6445,1.04159,0,110.48
390453,24.214844,y,228.83,-7.342,0.9586,0,110.48
390454,24.22461,y,224.805,42.948,0.96204,1,110.53
390455,24.235352,y,209.09,82.0765,0.9092,0,110.53
390456,24.240235,y,191.345,94.6335,0.75355,0,110.53
390457,24.25,y,185.85,114.3919,1.07492,0,110.53
390458,24.259766,y,210.7,135.2551,1.58158,0,110.53
390459,24.269532,y,260.68,162.4259,1.89295,0,110.53
390460,24.280274,y,320.39,199.6285,1.71532,0,110.53
390461,24.29004,y,368.62,236.2371,1.24591,0,110.53
390462,24.299805,y,393.435,270.2878,0.90764,0,110.53
390463,24.309571,y,402.08,298.8379,0.84981,0,110.53
390464,24.320313,y,405.475,323.9523,0.98354,0,110.53
390465,24.330079,y,407.19,341.9841,1.06251,0,110.53
390466,24.339844,y,407.26,356.1235,1.27957,0,110.53
390467,24.34961,y,409.465,367.6789,1.48411,0,110.53
390468,24.354493,y,413.875,372.9876,1.63841,0,110.53
390469,24.365235,y,418.565,383.7217,1.77514,0,110.53
390470,24.375,y,421.82,391.9742,1.9599,0,110.53
390471,24.384766,y,422.24,398.5307,2.18887,0,110.53
390472,24.394532,y,420.105,403.2043,2.35758,0,110.53
390473,24.405274,y,413.035,405.5196,2.48855,0,110.53
390474,24.41504,y,400.575,404.4484,2.62266,0,110.53
390475,24.424805,y,383.04,399.8111,2.75527,0,110.53
390476,24.434571,y,360.64,391.3255,2.91076,0,110.53
390477,24.44043,y,334.285,383.5536,2.99224,0,110.53
390478,24.450196,y,304.5,366.4282,2.99645,0,110.53
390479,24.459961,y,271.075,345.7737,3.0333,0,110.53
390480,24.469727,y,235.655,321.9187,3.02465,0,110.53
390481,24.479493,y,197.015,294.8608,3.03092,0,110.53
390482,24.490235,y,155.4,262.016,3.15615,0,110.53
390483,24.5,y,111.615,229.4376,3.30641,0,110.53
390484,24.509766,y,66.43,194.1253,3.49671,0,110.53
390485,24.519532,y,21.0,156.6212,3.76309,0,110.53
390486,24.530274,y,-30.45,112.5635,3.89041,0,110.53
390487,24.54004,y,-113.365,63.6207,4.09709,0,110.53
390488,24.549805,y,-215.495,3.1613,0.88453,0,110.53
390489,24.554688,y,-250.075,-25.9401,3.45818,0,110.53
390490,24.56543,y,-236.18,-75.4543,3.12151,0,110.53
390491,24.575196,y,-224.525,-107.7474,1.13636,0,110.53
390492,24.584961,y,-250.04,-138.5695,1.98301,0,110.53
390493,24.594727,y,-240.66,-160.6853,3.5173,0,110.53
390494,24.604493,y,-162.47,-161.0719,2.84319,0,110.53
390495,24.615235,y,-102.445,-147.2646,1.94698,0,110.53
390496,24.625,y,-94.605,-135.858,1.90137,0,110.53
390497,24.634766,y,-78.05,-123.335,1.99928,0,110.53
390498,24.644532,y,-56.805,-108.9226,1.78204,0,110.53
390499,24.650391,y,-47.845,-100.6006,1.61083,0,110.53
390500,24.660157,y,-32.655,-85.8816,1.59184,0,110.53
390501,24.669922,y,-28.84,-73.5258,0.91924,0,110.53
390502,24.679688,y,-40.25,-66.3173,1.31504,0,110.53
390503,24.69043,y,-35.77,-59.123,1.56794,0,110.53
390504,24.700196,y,-20.09,-50.6673,1.31459,0,110.53
390505,24.709961,y,-13.23,-42.558,1.23245,0,110.53
390506,24.719727,y,-10.64,-35.6436,1.21702,0,110.53
390507,24.729493,y,-12.005,-30.5228,1.09628,0,110.53
390508,24.740235,y,-11.27,-25.9885,1.07719,0,110.53
390509,24.745118,y,-8.995,-24.0356,1.16963,0,110.53
390510,24.754883,y,-5.04,-19.921,0.98469,0,110.53
390511,24.764649,y,-3.78,-16.4244,1.0716,0,110.53
390512,24.775391,y,-3.92,-13.4794,0.93005,0,110.53
390513,24.785157,y,-7.98,-12.2881,0.93726,0,110.53
390514,24.794922,y,-8.96,-11.5672,1.02462,0,110.53
390515,24.804688,y,-8.995,-11.01,0.99537,0,110.53
390516,24.81543,y,-11.06,-11.0218,0.93083,0,110.53
390517,24.825196,y,-14.665,-11.811,0.97607,0,110.53
390518,24.834961,y,-18.2,-13.1949,1.03637,0,110.53
390519,24.844727,y,-19.565,-14.5749,1.0258,0,110.53
390520,24.854493,y,-19.18,-15.5725,1.06188,0,110.53
390521,24.860352,y,-17.605,-15.8494,1.05556,0,110.53
390522,24.870118,y,-16.66,-16.025,1.06324,0,110.53
390523,24.879883,y,-15.82,-15.9806,0.92735,0,110.53
390524,24.889649,y,-17.01,-16.2036,1.0397,0,110.53
390525,24.900391,y,-18.48,-16.7397,1.00648,0,110.53
390526,24.910157,y,-19.67,-17.3745,1.03588,0,110.53
390527,24.919922,y,-18.515,-17.6216,1.01124,0,110.53
390528,24.929688,y,-19.565,-18.0426,1.02947,0,110.53
390529,24.94043,y,-20.475,-18.6154,1.04739,0,110.53
390530,24.945313,y,-20.79,-18.8653,1.04606,0,110.53
390531,24.955079,y,-21.49,-19.4339,1.06148,0,110.53
390532,24.964844,y,-22.61,-20.1219,1.03282,0,110.53
390533,24.97461,y,-25.655,-21.3205,1.08675,0,110.53
390534,24.985352,y,-27.755,-22.8359,1.04419,0,110.53
390535,24.995118,y,-35.07,-25.4862,1.07996,0,110.53
390536,25.004883,y,-40.845,-28.8131,0.96282,0,110.53
390537,25.014649,y,-51.31,-33.6866,0.89997,0,110.53
390538,25.025391,y,-67.445,-41.6371,1.12743,0,110.53
390539,25.035157,y,-79.94,-49.9347,0.93113,0,110.53
390540,25.044922,y,-99.33,-60.6342,0.95126,0,110.53
390541,25.049805,y,-121.73,-67.6552,1.12565,0,110.53
390542,25.059571,y,-142.87,-83.949,1.0967,0,110.53
390543,25.070313,y,-169.68,-104.1397,1.07715,0,110.53
390544,25.080079,y,-198.065,-124.4868,1.07188,0,110.53
390545,25.089844,y,-231.595,-147.6875,0.97465,0,110.53
390546,25.09961,y,-272.3,-174.6823,0.81177,0,110.53
390547,25.110352,y,-324.905,-210.0617,1.23931,0,110.53
390548,25.120118,y,-368.62,-244.4101,1.456,0,110.53
390549,25.129883,y,-415.1,-281.3833,1.06355,0,110.53
390550,25.139649,y,-490.63,-326.7124,1.34563,0,110.53
390551,25.150391,y,-543.235,-377.7062,1.50603,0,110.53
390552,25.155274,y,-585.69,-401.6073,2.54308,0,110.53
390553,25.16504,y,-594.335,-443.3579,3.88775,0,110.53
390554,25.174805,y,-554.575,-467.4487,4.3087,0,110.53
390555,25.184571,y,-490.385,-472.4174,3.24989,0,110.53
390556,25.195313,y,-451.5,-467.4911,2.85352,0,110.53
390557,25.205079,y,-430.605,-459.5004,1.85711,0,110.53
390558,25.214844,y,-435.505,-454.3028,2.3969,0,110.53
390559,25.22461,y,-403.795,-443.3613,3.03395,0,110.53
390560,25.235352,y,-327.32,-416.0321,3.30984,0,110.53
390561,25.240235,y,-227.185,-394.3301,4.05547,0,110.53
390562,25.25,y,-116.69,-334.1904,6.0203,0,110.53
390563,25.259766,y,78.785,-244.7276,3.22776,0,110.53
390564,25.269532,y,172.795,-154.2797,2.02063,0,110.53
390565,25.280274,y,228.585,-64.1102,1.06662,0,110.53
390566,25.29004,y,232.015,0.0394,1.03409,0,110.53
390567,25.299805,y,224.315,48.6198,0.96394,1,110.96
390568,25.309571,y,207.655,83.0716,0.8404,0,110.96
390569,25.320313,y,193.9,109.1731,0.85011,0,110.96
390570,25.330079,y,204.085,129.7338,1.34919,0,110.96
390571,25.339844,y,243.25,154.3226,1.72321,0,110.96
390572,25.34961,y,298.655,185.5893,1.724,0,110.96
390573,25.354493,y,352.1,204.7244,1.3758,0,110.96
390574,25.365235,y,387.975,247.8823,1.00378,0,110.96
390575,25.375,y,402.29,281.3286,0.89452,0,110.96
390576,25.384766,y,405.58,308.2451,0.898,0,110.96
390577,25.394532,y,406.175,329.4597,1.0668,0,110.96
390578,25.405274,y,409.15,348.2278,1.2681,0,110.96
390579,25.41504,y,413.455,362.3579,1.48692,0,110.96
390580,25.424805,y,419.58,374.7528,1.57712,0,110.96
390581,25.434571,y,423.29,385.2674,1.60838,0,110.96
390582,25.44043,y,421.75,390.2383,1.6493,0,110.96
390583,25.450196,y,415.555,395.7226,1.9027,0,110.96
390584,25.459961,y,410.095,398.8358,2.20146,0,110.96
390585,25.469727,y,405.37,400.2513,2.46358,0,110.96
390586,25.479493,y,398.37,399.8438,2.66613,0,110.96
390587,25.490235,y,387.17,396.8589,2.77407,0,110.96
390588,25.5,y,370.265,391.0984,2.91097,0,110.96
390589,25.509766,y,349.405,382.0664,3.01567,0,110.96
390590,25.519532,y,325.29,369.7669,3.04821,0,110.96
390591,25.530274,y,297.36,352.7142,3.12784,0,110.96
390592,25.54004,y,266.945,334.134,3.11664,0,110.96
390593,25.544922,y,234.395,322.6744,3.04059,0,110.96
390594,25.554688,y,196.105,295.2557,3.02963,0,110.96
390595,25.56543,y,150.43,261.1474,3.09938,0,110.96
390596,25.575196,y,99.015,226.0247,3.32874,0,110.96
390597,25.584961,y,47.425,187.3381,3.76054,0,110.96
390598,25.594727,y,7.735,148.4307,4.16647,0,110.96
390599,25.604493,y,-27.055,110.4153,4.12741,0,110.96
390600,25.615235,y,-78.925,65.8232,3.65062,0,110.96
390601,25.625,y,-159.495,17.017,1.10504,0,110.96
390602,25.634766,y,-162.61,-21.8956,3.80285,0,110.96
390603,25.644532,y,-147.315,-49.0652,2.77795,0,110.96
390604,25.650391,y,-175.665,-66.3148,0.94912,0,110.96
390605,25.660157,y,-263.165,-108.9584,1.17773,0,110.96
390606,25.669922,y,-274.715,-144.863,3.90578,0,110.96
390607,25.679688,y,-175.28,-151.4522,2.66067,0,110.96
390608,25.69043,y,-111.335,-142.0041,1.8129,0,110.96
390609,25.700196,y,-101.255,-133.1766,2.00665,0,110.96
390610,25.709961,y,-88.13,-123.4191,1.83778,0,110.96
390611,25.719727,y,-69.16,-111.6649,1.74472,0,110.96
390612,25.729493,y,-47.425,-97.7486,1.47505,0,110.96
390613,25.735352,y,-36.015,-89.3373,1.12632,0,110.96
390614,25.745118,y,-42.35,-79.1584,0.98749,0,110.96
390615,25.754883,y,-46.375,-72.0572,1.69996,0,110.96
390616,25.764649,y,-27.16,-62.3311,1.3675,0,110.96
390617,25.775391,y,-16.975,-51.6492,1.30012,0,110.96
390618,25.785157,y,-11.27,-42.9018,1.16536,0,110.96
390619,25.794922,y,-11.375,-36.0728,1.14126,0,110.96
390620,25.804688,y,-12.005,-30.859,1.02971,0,110.96
390621,25.81543,y,-13.65,-26.8061,1.11894,0,110.96
390622,25.825196,y,-9.24,-23.0007,1.18416,0,110.96
390623,25.834961,y,-4.55,-19.0041,0.98987,0,110.96
390624,25.844727,y,-4.27,-15.8123,1.10616,0,110.96
390625,25.84961,y,-4.865,-14.5542,0.94621,0,110.96
390626,25.860352,y,-7.56,-12.907,0.94392,0,110.96
390627,25.870118,y,-7.91,-11.8245,0.98485,0,110.96
390628,25.879883,y,-10.78,-11.5982,0.9603,0,110.96
390629,25.889649,y,-13.37,-11.9821,0.9609,0,110.96
390630,25.900391,y,-15.26,-12.7541,0.97553,0,110.96
390631,25.910157,y,-17.36,-13.7518,1.03884,0,110.96
390632,25.919922,y,-17.43,-14.5486,1.03273,0,110.96
390633,25.929688,y,-16.52,-14.9756,1.02779,0,110.96
390634,25.94043,y,-15.75,-15.158,1.01363,0,110.96
390635,25.945313,y,-15.855,-15.2381,0.99691,0,110.96
390636,25.955079,y,-17.885,-15.8115,0.93639,0,110.96
390637,25.964844,y,-19.565,-16.6245,1.01148,0,110.96
390638,25.97461,y,-21.735,-17.7316,1.09453,0,110.96
390639,25.985352,y,-20.37,-18.353,0.97957,0,110.96
390640,25.995118,y,-20.335,-18.7824,1.06412,0,110.96
390641,26.004883,y,-19.005,-18.8306,0.98076,0,110.96
390642,26.014649,y,-20.37,-19.1641,1.04935,0,110.96
390643,26.025391,y,-22.995,-20.0663,0.99495,0,110.96
390644,26.035157,y,-25.2,-21.1784,1.07176,0,110.96
390645,26.04004,y,-25.515,-21.6768,1.10324,0,110.96
390646,26.049805,y,-24.535,-22.2959,1.04637,0,110.96
390647,26.059571,y,-27.265,-23.3723,1.08142,0,110.96
390648,26.070313,y,-30.87,-25.1381,1.05904,0,110.96
390649,26.080079,y,-36.4,-27.5778,1.06156,0,110.96
390650,26.089844,y,-42.14,-30.7321,0.93915,0,110.96
390651,26.09961,y,-54.705,-35.9254,1.08783,0,110.96
390652,26.110352,y,-70.875,-44.1564,1.00772,0,110.96
390653,26.120118,y,-90.335,-54.1601,1.06829,0,110.96
390654,26.129883,y,-118.055,-68.0004,1.14937,0,110.96
390655,26.139649,y,-139.895,-83.5749,1.15925,0,110.96
390656,26.150391,y,-161.875,-102.0156,0.99161,0,110.96
390657,26.155274,y,-193.9,-112.5748,1.18762,0,110.96
390658,26.16504,y,-220.99,-136.0607,0.85702,0,110.96
390659,26.174805,y,-262.78,-163.5094,0.91039,0,110.96
390660,26.184571,y,-305.69,-194.31,1.33335,0,110.96
390661,26.195313,y,-343.63,-229.4768,1.37064,0,110.96
390662,26.205079,y,-384.055,-262.963,1.00696,0,110.96
390663,26.214844,y,-446.145,-302.6421,1.1758,0,110.96
390664,26.22461,y,-493.675,-344.0256,1.43957,0,110.96
390665,26.235352,y,-527.45,-387.2244,2.19754,0,110.96
390666,26.240235,y,-534.975,-404.2036,3.11011,0,110.96
390667,26.25,y,-519.365,-429.1487,3.62196,0,110.96
390668,26.259766,y,-475.615,-439.2147,3.43048,0,110.96
390669,26.269532,y,-436.1,-438.54,2.62433,0,110.96
390670,26.280274,y,-424.76,-435.2946,2.41333,0,110.96
390671,26.29004,y,-419.79,-431.9358,2.25984,0,110.96
390672,26.299805,y,-402.185,-425.4915,2.79462,0,110.96
390673,26.309571,y,-338.24,-406.5902,3.58482,0,110.96
390674,26.320313,y,-227.605,-364.4369,3.36141,0,110.96
390675,26.330079,y,-148.995,-317.7658,5.45104,0,110.96
390676,26.339844,y,21.035,-244.378,3.6968,0,110.96
390677,26.344727,y,128.17,-201.5655,2.27222,0,110.96
390678,26.354493,y,168.77,-121.3398,1.15637,0,110.96
390679,26.365235,y,149.975,-57.4417,1.09802,0,110.96
390680,26.375,y,132.125,-16.3796,1.17383,0,110.96
390681,26.384766,y,120.4,13.251,1.03216,0,110.96
390682,26.394532,y,121.065,36.6067,1.10266,0,110.96
390683,26.405274,y,143.255,61.7237,1.64329,1,110.0
390684,26.41504,y,194.775,90.5466,2.17032,0,110.0
390685,26.424805,y,268.485,129.0899,2.14854,0,110.0
390686,26.434571,y,338.8,174.5194,1.60964,0,110.0
390687,26.44043,y,383.6,203.0072,1.00716,0,110.0
390688,26.450196,y,399.735,245.6243,0.7276,0,110.0
390689,26.459961,y,401.52,279.3929,0.68785,0,110.0
390690,26.469727,y,399.07,305.3185,0.73763,0,110.0
390691,26.479493,y,394.52,324.6422,0.95529,0,110.0
390692,26.490235,y,391.44,340.374,1.28627,0,110.0
390693,26.5,y,395.92,352.4058,1.56407,0,110.0
390694,26.509766,y,405.86,363.9856,1.76441,0,110.0
390695,26.519532,y,416.15,375.286,1.78059,0,110.0
390696,26.530274,y,419.65,385.7343,1.80097,0,110.0
390697,26.535157,y,415.555,389.1612,2.0412,0,110.0
390698,26.544922,y,408.905,393.4379,2.34635,0,110.0
390699,26.554688,y,400.785,395.0295,2.64332,0,110.0
390700,26.56543,y,391.965,394.3078,2.78676,0,110.0
390701,26.575196,y,379.155,391.0252,2.84898,0,110.0
390702,26.584961,y,360.185,384.3449,2.89827,0,110.0
390703,26.594727,y,335.545,373.7734,2.99188,0,110.0
390704,26.604493,y,307.545,359.4263,3.11559,0,110.0
390705,26.615235,y,277.83,340.2094,3.16779,0,110.0
390706,26.625,y,246.4,319.8893,3.24322,0,110.0
390707,26.634766,y,216.405,297.4715,3.36034,0,110.0
390708,26.644532,y,189.28,274.034,3.41412,0,110.0
390709,26.650391,y,158.375,258.2751,3.43854,0,110.0
390710,26.660157,y,117.53,227.7855,3.67068,0,110.0
390711,26.669922,y,71.575,193.9487,3.95665,0,110.0
390712,26.679688,y,19.81,156.2251,3.95883,0,110.0
390713,26.69043,y,-50.715,107.488,3.78515,0,110.0
390714,26.700196,y,-138.075,54.2917,2.8494,0,110.0
390715,26.709961,y,-202.405,-1.3114,1.52754,0,110.0
390716,26.719727,y,-203.56,-45.1245,4.02564,0,110.0
390717,26.729493,y,-197.785,-78.1953,1.66227,0,110.0
390718,26.735352,y,-258.86,-102.8114,0.84428,0,110.0
390719,26.745118,y,-302.855,-146.1468,3.2656,0,110.0
390720,26.754883,y,-239.61,-166.3919,3.5543,0,110.0
390721,26.764649,y,-155.575,-164.0486,2.3051,0,110.0
390722,26.775391,y,-121.695,-154.0738,1.88918,0,110.0
390723,26.785157,y,-120.855,-146.8776,2.05804,0,110.0
390724,26.794922,y,-90.79,-134.7285,2.08472,0,110.0
390725,26.804688,y,-58.38,-118.1891,1.72136,0,110.0
390726,26.81543,y,-42.7,-100.4105,1.48611,0,110.0
390727,26.825196,y,-43.295,-88.0375,0.93041,0,110.0
390728,26.834961,y,-50.925,-79.9986,1.23131,0,110.0
390729,26.844727,y,-43.225,-72.0323,1.49581,0,110.0
390730,26.84961,y,-26.635,-66.8154,1.31173,0,110.0
390731,26.860352,y,-19.81,-55.745,1.17833,0,110.0
390732,26.870118,y,-17.465,-47.4524,1.19818,0,110.0
390733,26.879883,y,-16.8,-40.8128,1.0307,0,110.0
390734,26.889649,y,-21.28,-36.5814,1.05269,0,110.0
390735,26.900391,y,-22.54,-33.2745,1.0968,0,110.0
390736,26.910157,y,-23.24,-31.1007,1.04107,0,110.0
390737,26.919922,y,-21.7,-29.0644,1.01852,0,110.0
390738,26.929688,y,-22.085,-27.5525,1.12301,0,110.0
390739,26.94043,y,-24.22,-26.7676,0.91652,0,110.0
390740,26.945313,y,-24.43,-26.499,1.05111,0,110.0
390741,26.955079,y,-23.8,-25.9143,1.02356,0,110.0
390742,26.964844,y,-24.675,-25.6459,1.0437,0,110.0
390743,26.97461,y,-22.785,-25.0261,1.08432,0,110.0
390744,26.985352,y,-20.125,-23.8718,1.12156,0,110.0
390745,26.995118,y,-16.695,-22.3171,1.03021,0,110.0
390746,27.004883,y,-15.785,-20.9022,1.05026,0,110.0
390747,27.014649,y,-15.54,-19.7406,1.06892,0,110.0
390748,27.025391,y,-15.12,-18.6524,1.01243,0,110.0
390749,27.035157,y,-15.785,-18.0312,1.06358,0,110.0
390750,27.04004,y,-14.98,-17.6806,1.03219,0,110.0
390751,27.049805,y,-17.71,-17.687,1.07823,0,110.0
390752,27.059571,y,-17.815,-17.7147,1.01456,0,110.0
390753,27.070313,y,-17.325,-17.6229,1.02898,0,110.0
390754,27.080079,y,-19.635,-18.0588,0.97762,0,110.0
390755,27.089844,y,-20.545,-18.5973,1.03959,0,110.0
390756,27.09961,y,-19.845,-18.8676,1.00864,0,110.0
390757,27.110352,y,-21.84,-19.5676,1.02092,0,110.0
390758,27.120118,y,-22.54,-20.2115,1.03281,0,110.0
390759,27.129883,y,-24.57,-21.1556,1.02174,0,110.0
390760,27.139649,y,-28.245,-22.6914,1.02326,0,110.0
390761,27.150391,y,-31.99,-24.8813,0.98782,0,110.0
390762,27.155274,y,-37.94,-26.382,0.91908,0,110.0
390763,27.16504,y,-49.28,-31.3424,1.03399,0,110.0
390764,27.174805,y,-55.51,-36.5774,1.04851,0,110.0
390765,27.184571,y,-64.89,-42.7107,0.95762,0,110.0
390766,27.195313,y,-77.07,-50.8028,0.97958,0,110.0
390767,27.205079,y,-89.635,-59.215,1.10168,0,110.0
390768,27.214844,y,-104.055,-68.9278,0.95881,0,110.0
390769,27.22461,y,-124.81,-81.0336,0.98477,0,110.0
390770,27.235352,y,-145.81,-96.2892,1.04608,0,110.0
390771,27.240235,y,-168.805,-104.6226,1.13278,0,110.0
390772,27.25,y,-193.06,-123.7791,1.05742,0,110.0
390773,27.259766,y,-218.82,-144.3678,0.99978,0,110.0
390774,27.269532,y,-254.24,-168.1694,0.88786,0,110.0
390775,27.280274,y,-298.585,-198.8839,0.84934,0,110.0
390776,27.29004,y,-344.82,-230.498,1.36569,0,110.0
390777,27.299805,y,-381.71,-263.2521,1.26087,0,110.0
390778,27.309571,y,-430.745,-299.5361,1.20035,0,110.0
390779,27.320313,y,-489.335,-344.2361,1.67634,0,110.0
390780,27.330079,y,-532.91,-385.1085,2.08969,0,110.0
390781,27.339844,y,-559.86,-422.9615,3.02448,0,110.0
390782,27.344727,y,-541.695,-436.6061,4.31474,0,110.0
390783,27.354493,y,-478.73,-445.7314,3.47186,0,110.0
390784,27.365235,y,-437.255,-443.7351,3.1264,0,110.0
390785,27.375,y,-411.46,-436.744,2.51105,0,110.0
390786,27.384766,y,-405.475,-429.9702,1.95587,0,110.0
390787,27.394532,y,-398.475,-423.1474,2.67432,0,110.0
390788,27.405274,y,-348.565,-405.5823,2.35238,0,110.0
390789,27.41504,y,-290.255,-380.5989,2.31396,0,110.0
390790,27.424805,y,-246.365,-351.5225,5.12819,0,110.0
390791,27.434571,y,-94.99,-295.9499,4.37387,0,110.0
390792,27.44043,y,49.525,-248.878,3.63614,0,110.0
390793,27.450196,y,152.39,-161.9514,1.92905,0,110.0
390794,27.459961,y,210.175,-81.345,1.37171,0,110.0
390795,27.469727,y,242.06,-11.2858,1.01918,0,110.0
390796,27.479493,y,247.625,44.802,0.87252,1,110.68
390797,27.490235,y,241.745,91.1846,0.75578,0,110.68
390798,27.5,y,235.375,122.4177,0.77318,0,110.68
390799,27.509766,y,243.6,148.6694,1.19233,0,110.68
390800,27.519532,y,274.26,175.8761,1.32574,0,110.68
390801,27.530274,y,309.75,207.4051,1.28803,0,110.68
390802,27.535157,y,341.005,222.7582,1.14331,0,110.68
390803,27.544922,y,363.09,253.1555,0.97983,0,110.68
390804,27.554688,y,375.62,279.685,0.97257,0,110.68
390805,27.56543,y,383.705,304.183,1.04329,0,110.68
390806,27.575196,y,390.04,322.7822,1.06857,0,110.68
390807,27.584961,y,393.785,338.1621,1.15183,0,110.68
390808,27.594727,y,397.005,350.9093,1.40739,0,110.68
390809,27.604493,y,405.02,362.6313,1.52545,0,110.68
390810,27.615235,y,411.565,374.1558,1.68954,0,110.68
390811,27.625,y,417.235,383.4872,1.82494,0,110.68
390812,27.634766,y,421.12,391.6396,2.05713,0,110.68
390813,27.644532,y,424.76,398.8145,2.24814,0,110.68
390814,27.650391,y,425.18,402.4068,2.38289,0,110.68
390815,27.660157,y,419.265,406.0588,2.52804,0,110.68
390816,27.669922,y,406.665,406.1901,2.71272,0,110.68
390817,27.679688,y,388.885,402.4413,2.89616,0,110.68
390818,27.69043,y,366.87,394.0638,2.99629,0,110.68
390819,27.700196,y,339.99,382.3498,3.07092,0,110.68
390820,27.709961,y,308.595,366.3738,3.17129,0,110.68
390821,27.719727,y,273.28,346.2069,3.30572,0,110.68
390822,27.729493,y,236.46,322.4324,3.35746,0,110.68
390823,27.735352,y,200.375,305.8018,3.34974,0,110.68
390824,27.745118,y,157.78,273.7358,3.43001,0,110.68
390825,27.754883,y,109.025,238.0578,3.60426,0,110.68
390826,27.764649,y,55.965,198.611,3.8093,0,110.68
390827,27.775391,y,0.56,151.9675,4.09568,0,110.68
390828,27.785157,y,-57.96,106.4909,4.25971,0,110.68
390829,27.794922,y,-155.96,49.6413,3.24362,0,110.68
390830,27.804688,y,-196.735,-3.7311,1.28353,0,110.68
390831,27.81543,y,-224.49,-55.7227,3.88487,0,110.68
390832,27.825196,y,-214.865,-90.1977,1.77749,0,110.68
390833,27.834961,y,-238.14,-122.2435,0.99943,0,110.68
390834,27.839844,y,-262.85,-138.4017,2.95117,0,110.68
390835,27.84961,y,-206.535,-153.1614,3.28096,0,110.68
390836,27.860352,y,-127.575,-147.1355,2.32078,0,110.68
390837,27.870118,y,-89.6,-134.6716,2.26393,0,110.68
390838,27.879883,y,-55.405,-117.5016,1.82228,0,110.68
390839,27.889649,y,-47.775,-102.3968,1.8602,0,110.68
390840,27.900391,y,-46.235,-89.1699,1.12943,0,110.68
390841,27.910157,y,-42.77,-79.1183,1.16239,0,110.68
390842,27.919922,y,-31.43,-68.7885,1.37857,0,110.68
390843,27.929688,y,-25.515,-59.4142,1.06268,0,110.68
390844,27.94043,y,-26.915,-51.7602,1.27836,0,110.68
390845,27.945313,y,-17.885,-47.8674,1.36688,0,110.68
390846,27.955079,y,-7.21,-39.0598,1.29146,0,110.68
390847,27.964844,y,-1.47,-30.9174,1.0677,0,110.68
390848,27.97461,y,-4.375,-25.1675,1.10464,0,110.68
390849,27.985352,y,-6.86,-20.8559,1.06568,0,110.68
390850,27.995118,y,-6.615,-17.7709,1.05315,0,110.68
390851,28.004883,y,-2.94,-14.5584,1.09216,0,110.68
390852,28.014649,y,-3.08,-12.0718,0.97261,0,110.68
390853,28.025391,y,-5.075,-10.424,1.03541,0,110.68
390854,28.030274,y,-8.225,-10.1713,0.97652,0,110.68
390855,28.04004,y,-13.44,-10.8794,0.96345,0,110.68
390856,28.049805,y,-13.405,-11.4264,1.02701,0,110.68
390857,28.059571,y,-13.02,-11.7717,0.98279,0,110.68
390858,28.070313,y,-15.015,-12.5355,0.93646,0,110.68
390859,28.080079,y,-17.78,-13.6716,1.01622,0,110.68
390860,28.089844,y,-18.41,-14.698,0.98977,0,110.68
390861,28.09961,y,-21.245,-16.1163,1.00714,0,110.68
390862,28.110352,y,-22.19,-17.5467,1.03252,0,110.68
390863,28.120118,y,-21.98,-18.5071,0.9959,0,110.68
390864,28.129883,y,-24.15,-19.7294,1.00017,0,110.68
390865,28.139649,y,-28.84,-21.703,1.02815,0,110.68
390866,28.144532,y,-29.19,-22.5634,1.05577,0,110.68
390867,28.155274,y,-28.945,-24.0664,1.07809,0,110.68
390868,28.16504,y,-30.66,-25.4947,1.04482,0,110.68
390869,28.174805,y,-30.765,-26.6363,1.0687,0,110.68
390870,28.184571,y,-31.605,-27.7127,1.00112,0,110.68
390871,28.195313,y,-33.25,-29.0168,1.01478,0,110.68
390872,28.205079,y,-35.21,-30.3584,0.98386,0,110.68
390873,28.214844,y,-36.225,-31.6292,1.01926,0,110.68
390874,28.22461,y,-37.8,-32.966,1.01756,0,110.68
390875,28.235352,y,-39.9,-34.599,0.97532,0,110.68
390876,28.240235,y,-44.905,-35.7834,0.9904,0,110.68
390877,28.25,y,-53.725,-39.6697,1.09174,0,110.68
390878,28.259766,y,-59.78,-44.0262,1.07982,0,110.68
390879,28.269532,y,-65.38,-48.6521,0.99121,0,110.68
390880,28.280274,y,-73.745,-54.5618,1.06817,0,110.68
390881,28.29004,y,-83.09,-60.7418,1.05515,0,110.68
390882,28.299805,y,-92.89,-67.7055,0.90867,0,110.68
390883,28.309571,y,-111.58,-77.21,0.98139,0,110.68
390884,28.320313,y,-131.425,-89.9783,1.03544,0,110.68
390885,28.330079,y,-154.14,-103.8777,0.99501,0,110.68
390886,28.334961,y,-181.44,-112.7893,0.99927,0,110.68
390887,28.344727,y,-207.935,-133.4007,1.18717,0,110.68
390888,28.354493,y,-233.415,-155.0668,0.94414,0,110.68
390889,28.365235,y,-269.08,-181.9183,0.90493,0,110.68
390890,28.375,y,-307.335,-209.0849,0.84913,0,110.68
390891,28.384766,y,-346.465,-238.8455,1.57157,0,110.68
390892,28.394532,y,-375.655,-268.4825,1.31268,0,110.68
390893,28.405274,y,-415.975,-303.2189,1.37527,0,110.68
390894,28.41504,y,-466.76,-338.6468,1.38233,0,110.68
390895,28.424805,y,-506.8,-375.0705,2.0428,0,110.68
390896,28.434571,y,-528.255,-408.2548,3.6227,0,110.68
390897,28.44043,y,-498.12,-420.4992,3.46767,0,110.68
390898,28.450196,y,-452.48,-427.4272,3.36731,0,110.68
390899,28.459961,y,-420.35,-425.8942,3.1887,0,110.68
390900,28.469727,y,-409.64,-422.3731,2.89956,0,110.68
390901,28.479493,y,-404.81,-418.5684,2.29715,0,110.68
390902,28.490235,y,-397.145,-413.5229,2.93697,0,110.68
390903,28.5,y,-341.565,-397.9361,2.86794,0,110.68
390904,28.509766,y,-257.95,-367.6109,3.33957,0,110.68
390905,28.519532,y,-176.61,-326.2344,6.30242,0,110.68
390906,28.525391,y,-1.19,-281.9462,3.72383,0,110.68
390907,28.535157,y,103.74,-198.3951,2.8442,0,110.68
390908,28.544922,y,182.07,-115.9824,1.53244,0,110.68
390909,28.554688,y,203.49,-46.7751,1.04399,0,110.68
390910,28.56543,y,203.035,12.0583,1.03963,0,110.68
390911,28.575196,y,202.3,53.2704,0.94215,1,110.22
390912,28.584961,y,204.715,86.0748,0.93461,0,110.22
390913,28.594727,y,218.365,114.7328,1.28127,0,110.22
390914,28.604493,y,253.4,144.7723,1.62555,0,110.22
390915,28.615235,y,301.63,181.7143,1.6589,0,110.22
390916,28.625,y,344.925,217.0674,1.50413,0,110.22
390917,28.634766,y,376.53,251.6118,1.20674,0,110.22
390918,28.644532,y,395.85,282.8581,0.95864,0,110.22
390919,28.650391,y,407.26,299.8082,0.99175,0,110.22
390920,28.660157,y,414.575,324.6701,1.02066,0,110.22
390921,28.669922,y,417.445,344.7661,1.13037,0,110.22
390922,28.679688,y,421.435,361.3749,1.23391,0,110.22
390923,28.69043,y,427.0,376.8304,1.30507,0,110.22
390924,28.700196,y,431.095,388.5858,1.36796,0,110.22
390925,28.709961,y,430.15,397.589,1.40974,0,110.22
390926,28.719727,y,421.575,402.7851,1.65821,0,110.22
390927,28.729493,y,409.535,404.2473,2.06991,0,110.22
390928,28.735352,y,399.805,403.642,2.46818,0,110.22
390929,28.745118,y,394.31,401.6204,2.76369,0,110.22
390930,28.754883,y,389.025,398.8921,2.96349,0,110.22
390931,28.764649,y,379.4,394.6696,3.11185,0,110.22
390932,28.775391,y,365.68,387.8421,3.2464,0,110.22
390933,28.785157,y,348.88,379.4018,3.27268,0,110.22
390934,28.794922,y,326.97,368.0445,3.31509,0,110.22
390935,28.804688,y,302.575,353.8619,3.49014,0,110.22
390936,28.81543,y,277.725,335.9307,3.48491,0,110.22
390937,28.825196,y,241.99,315.5803,3.41722,0,110.22
390938,28.834961,y,193.34,289.1018,3.4455,0,110.22
390939,28.839844,y,139.125,271.8668,3.58465,0,110.22
390940,28.84961,y,86.345,231.6772,3.87563,0,110.22
390941,28.860352,y,41.23,186.8244,4.14022,0,110.22
390942,28.870118,y,-15.785,142.9332,4.31592,0,110.22
390943,28.879883,y,-111.72,87.7727,3.80604,0,110.22
390944,28.889649,y,-177.135,30.3858,1.28933,0,110.22
390945,28.900391,y,-192.675,-22.1479,4.04135,0,110.22
390946,28.910157,y,-160.475,-52.1137,1.94521,0,110.22
390947,28.919922,y,-226.625,-89.9146,0.51052,0,110.22
390948,28.929688,y,-267.33,-128.3481,2.70185,0,110.22
390949,28.94043,y,-221.585,-150.3066,2.9683,0,110.22
390950,28.945313,y,-151.62,-150.4575,1.84053,0,110.22
390951,28.955079,y,-124.425,-144.8181,1.72129,0,110.22
390952,28.964844,y,-129.185,-141.4318,2.05248,0,110.22
390953,28.97461,y,-103.705,-133.2591,1.62735,0,110.22
390954,28.985352,y,-76.405,-119.8692,1.65743,0,110.22
390955,28.995118,y,-52.185,-105.2068,1.32022,0,110.22
390956,29.004883,y,-55.51,-94.4419,0.98559,0,110.22
390957,29.014649,y,-58.275,-86.6071,1.33524,0,110.22
390958,29.025391,y,-52.745,-78.6321,1.36608,0,110.22
390959,29.030274,y,-42.525,-74.4828,1.40389,0,110.22
390960,29.04004,y,-32.655,-65.4216,1.28065,0,110.22
390961,29.049805,y,-28.665,-57.4598,1.17344,0,110.22
390962,29.059571,y,-29.785,-51.4646,1.11169,0,110.22
390963,29.070313,y,-28.21,-45.9878,1.1922,0,110.22
390964,29.080079,y,-22.225,-40.8401,1.18835,0,110.22
390965,29.089844,y,-16.205,-35.5039,1.02399,0,110.22
390966,29.09961,y,-13.44,-30.7242,1.16928,0,110.22
390967,29.110352,y,-12.18,-26.3568,1.04694,0,110.22
390968,29.120118,y,-11.445,-23.1265,1.01253,0,110.22
390969,29.129883,y,-9.835,-20.2474,1.08432,0,110.22
390970,29.139649,y,-9.1,-17.8325,1.02164,0,110.22
390971,29.144532,y,-9.87,-16.9175,1.04076,0,110.22
390972,29.155274,y,-9.66,-15.2083,1.02434,0,110.22
390973,29.16504,y,-11.445,-14.393,1.02401,0,110.22
390974,29.174805,y,-11.025,-13.6635,1.02923,0,110.22
390975,29.184571,y,-10.71,-13.0237,0.99433,0,110.22
390976,29.195313,y,-12.53,-12.9074,1.0301,0,110.22
390977,29.205079,y,-11.55,-12.6133,0.97786,0,110.22
390978,29.214844,y,-13.685,-12.8455,0.91996,0,110.22
390979,29.22461,y,-19.11,-14.2026,1.00924,0,110.22
390980,29.235352,y,-22.05,-16.0507,0.94237,0,110.22
390981,29.240235,y,-24.115,-16.9775,1.00449,0,110.22
390982,29.25,y,-27.055,-19.1604,1.02421,0,110.22
390983,29.259766,y,-28.56,-21.1966,1.02768,0,110.22
390984,29.269532,y,-28.315,-22.7387,0.99886,0,110.22
390985,29.280274,y,-29.295,-24.2828,0.98685,0,110.22
390986,29.29004,y,-29.26,-25.361,0.99778,0,110.22
390987,29.299805,y,-29.645,-26.2889,1.00614,0,110.22
390988,29.309571,y,-31.115,-27.3344,1.06436,0,110.22
390989,29.320313,y,-32.06,-28.4473,1.03179,0,110.22
390990,29.330079,y,-35.245,-29.9199,1.01767,0,110.22
390991,29.334961,y,-39.13,-30.9781,1.06354,0,110.22
390992,29.344727,y,-43.015,-33.5857,1.0368,0,110.22
390993,29.354493,y,-49.77,-37.0917,1.01846,0,110.22
390994,29.365235,y,-57.015,-41.7839,0.95556,0,110.22
390995,29.375,y,-69.93,-47.8806,1.09318,0,110.22
390996,29.384766,y,-85.575,-56.0463,1.00995,0,110.22
390997,29.394532,y,-103.495,-66.3251,0.89248,0,110.22
390998,29.405274,y,-130.795,-81.5086,1.01411,0,110.22
390999,29.41504,y,-155.12,-97.455,1.07758,0,110.22
391000,29.424805,y,-182.91,-115.9655,1.05105,0,110.22
391001,29.434571,y,-213.29,-137.0489,0.96845,0,110.22
391002,29.44043,y,-251.965,-152.7065,0.98068,0,110.22
391003,29.450196,y,-296.31,-183.8153,0.91882,0,110.22
391004,29.459961,y,-344.61,-218.6451,1.50484,0,110.22
391005,29.469727,y,-389.13,-255.5772,1.15708,0,110.22
391006,29.479493,y,-449.05,-297.4892,1.21894,0,110.22
391007,29.490235,y,-513.485,-348.359,1.52742,0,110.22
391008,29.5,y,-569.625,-396.2875,2.04574,0,110.22
391009,29.509766,y,-603.19,-441.1087,3.22419,0,110.22
391010,29.519532,y,-579.215,-471.0267,4.36075,0,110.22
391011,29.525391,y,-511.35,-476.5208,3.92326,0,110.22
391012,29.535157,y,-453.845,-471.6086,3.33241,0,110.22
391013,29.544922,y,-420.98,-460.6419,2.64322,0,110.22
391014,29.554688,y,-407.645,-449.1612,2.33918,0,110.22
391015,29.56543,y,-386.785,-434.4708,2.82178,0,110.22
391016,29.575196,y,-324.275,-410.5991,2.16683,0,110.22
391017,29.584961,y,-280.175,-382.3479,2.49018,0,110.22
391018,29.594727,y,-246.995,-353.0264,6.50207,0,110.22
391019,29.604493,y,-51.87,-287.7869,3.80598,0,110.22
391020,29.615235,y,68.95,-203.7708,3.37875,0,110.22
391021,29.625,y,174.16,-121.9071,1.66105,0,110.22
391022,29.634766,y,225.435,-46.6624,1.16471,0,110.22
391023,29.639649,y,250.88,-12.4694,0.93519,0,110.22
391024,29.650391,y,257.74,51.1683,0.79405,1,110.77
391025,29.660157,y,252.525,94.7882,0.70592,0,110.77
391026,29.669922,y,247.73,127.917,0.66508,0,110.77
391027,29.679688,y,250.18,154.4028,0.91478,0,110.77
391028,29.69043,y,270.865,181.8311,1.19886,0,110.77
391029,29.700196,y,304.92,208.4959,1.32528,0,110.77
391030,29.709961,y,341.53,237.3124,1.22522,0,110.77
391031,29.719727,y,370.79,266.2277,1.03685,0,110.77
391032,29.729493,y,389.13,292.852,1.05282,0,110.77
391033,29.735352,y,400.75,307.5534,1.15474,0,110.77
391034,29.745118,y,411.845,330.1461,1.2741,0,110.77
391035,29.754883,y,424.13,350.5039,1.48649,0,110.77
391036,29.764649,y,436.8,369.1982,1.55141,0,110.77
391037,29.775391,y,445.165,387.0894,1.42005,0,110.77
391038,29.785157,y,442.295,399.0486,1.29117,0,110.77
391039,29.794922,y,426.93,405.088,1.45493,0,110.77
391040,29.804688,y,408.38,405.8011,1.83047,0,110.77
391041,29.81543,y,394.135,403.0536,2.25795,0,110.77
391042,29.825196,y,385.14,399.173,2.54666,0,110.77
391043,29.830079,y,375.48,396.4502,2.71621,0,110.77
391044,29.839844,y,361.655,388.9132,2.8072,0,110.77
391045,29.84961,y,343.84,379.149,2.88879,0,110.77
391046,29.860352,y,323.4,366.0194,2.96806,0,110.77
391047,29.870118,y,300.685,351.866,3.00793,0,110.77
391048,29.879883,y,274.68,335.1467,3.10133,0,110.77
391049,29.889649,y,246.435,315.9291,3.22917,0,110.77
391050,29.900391,y,216.02,292.3992,3.31498,0,110.77
391051,29.910157,y,183.12,268.7261,3.31456,0,110.77
391052,29.919922,y,144.2,241.7525,3.3591,0,110.77
391053,29.929688,y,99.225,210.8768,3.55109,0,110.77
391054,29.94043,y,52.22,173.5111,3.72738,0,110.77
391055,29.945313,y,0.77,153.66,3.88842,0,110.77
391056,29.955079,y,-53.62,108.757,3.97034,0,110.77
391057,29.964844,y,-133.98,56.1776,2.4493,0,110.77
391058,29.97461,y,-138.635,13.9754,2.48785,0,110.77
391059,29.985352,y,-122.64,-18.1993,3.8583,0,110.77
391060,29.995118,y,-119.175,-40.0736,1.44471,0,110.77
391061,30.004883,y,-190.645,-72.6889,0.44925,0,110.77
391062,30.014649,y,-252.91,-111.7302,2.70217,0,110.77
391063,30.025391,y,-206.15,-133.9673,3.2304,0,110.77
391064,30.030274,y,-123.655,-132.7822,1.81204,0,110.77
391065,30.04004,y,-100.415,-125.7705,1.6348,0,110.77
391066,30.049805,y,-94.43,-118.9818,1.97429,0,110.77
391067,30.059571,y,-65.905,-107.4838,1.56738,0,110.77
391068,30.070313,y,-55.265,-95.1856,1.38162,0,110.77
391069,30.080079,y,-42.245,-83.7171,1.49709,0,110.77
391070,30.089844,y,-32.725,-72.6717,0.98343,0,110.77
391071,30.09961,y,-34.23,-64.3441,1.30389,0,110.77
391072,30.110352,y,-29.295,-56.0896,1.29212,0,110.77
391073,30.120118,y,-20.65,-48.4123,1.27878,0,110.77
391074,30.129883,y,-14.0,-40.9582,1.18381,0,110.77
391075,30.134766,y,-10.955,-37.5103,1.08091,0,110.77
391076,30.144532,y,-12.985,-32.1974,1.07353,0,110.77
391077,30.155274,y,-17.57,-28.7525,1.13007,0,110.77
391078,30.16504,y,-17.465,-26.3073,1.10102,0,110.77
391079,30.174805,y,-13.755,-23.5883,1.09905,0,110.77
391080,30.184571,y,-12.075,-21.0942,1.05829,0,110.77
391081,30.195313,y,-14.49,-19.5388,0.95151,0,110.77
391082,30.205079,y,-15.4,-18.6422,1.03467,0,110.77
391083,30.214844,y,-17.29,-18.3493,0.94546,0,110.77
391084,30.22461,y,-20.055,-18.7188,1.01461,0,110.77
391085,30.235352,y,-19.6,-18.9263,1.08398,0,110.77
391086,30.240235,y,-17.29,-18.7383,1.05215,0,110.77
391087,30.25,y,-15.19,-17.9697,1.01605,0,110.77
391088,30.259766,y,-14.28,-17.1704,1.05807,0,110.77
391089,30.269532,y,-13.125,-16.294,0.99798,0,110.77
391090,30.280274,y,-13.51,-15.6384,1.00416,0,110.77
391091,30.29004,y,-14.28,-15.3441,1.07003,0,110.77
391092,30.299805,y,-12.565,-14.7421,1.03759,0,110.77
391093,30.309571,y,-13.23,-14.4146,1.0087,0,110.77
391094,30.320313,y,-13.51,-14.2015,0.99881,0,110.77
391095,30.325196,y,-13.65,-14.1381,1.10846,0,110.77
391096,30.334961,y,-12.985,-13.8884,0.97203,0,110.77
391097,30.344727,y,-13.265,-13.7533,1.06057,0,110.77
391098,30.354493,y,-11.655,-13.2988,1.00863,0,110.77
391099,30.365235,y,-12.355,-13.0765,0.98062,0,110.77
391100,30.375,y,-14.315,-13.3448,1.02892,0,110.77
391101,30.384766,y,-15.645,-13.8431,1.04304,0,110.77
391102,30.394532,y,-17.535,-14.6428,1.04974,0,110.77
391103,30.405274,y,-17.99,-15.4311,1.01796,0,110.77
391104,30.41504,y,-19.25,-16.2584,1.02183,0,110.77
391105,30.424805,y,-21.595,-17.4144,1.00205,0,110.77
391106,30.434571,y,-25.445,-19.1541,1.01505,0,110.77
391107,30.44043,y,-32.375,-20.9554,1.01673,0,110.77
391108,30.450196,y,-39.97,-25.0746,1.03501,0,110.77
391109,30.459961,y,-51.205,-30.7347,1.06133,0,110.77
391110,30.469727,y,-65.38,-38.2399,0.89228,0,110.77
391111,30.479493,y,-88.27,-49.0779,1.00944,0,110.77
391112,30.490235,y,-106.96,-62.7099,1.00528,0,110.77
391113,30.5,y,-132.965,-77.9279,1.08741,0,110.77
391114,30.509766,y,-157.57,-95.1807,1.0503,0,110.77
391115,30.519532,y,-185.955,-114.8452,1.15194,0,110.77
391116,30.525391,y,-216.86,-128.7449,0.94999,0,110.77
391117,30.535157,y,-255.36,-156.1736,0.92056,0,110.77
391118,30.544922,y,-299.18,-187.1502,1.07759,0,110.77
391119,30.554688,y,-344.155,-221.1621,1.55044,0,110.77
391120,30.56543,y,-384.335,-259.5914,1.0359,0,110.77
391121,30.575196,y,-449.47,-300.7248,1.15562,0,110.77
391122,30.584961,y,-505.295,-345.0368,1.26465,0,110.77
391123,30.594727,y,-551.25,-389.7088,1.887,0,110.77
391124,30.604493,y,-581.595,-431.2771,2.79671,0,110.77
391125,30.615235,y,-577.64,-465.7474,3.97846,0,110.77
391126,30.625,y,-523.88,-478.3395,4.01479,0,110.77
391127,30.629883,y,-463.925,-476.683,3.18891,0,110.77
391128,30.639649,y,-427.595,-466.0491,2.65296,0,110.77
391129,30.650391,y,-412.37,-453.407,2.07226,0,110.77
391130,30.660157,y,-403.795,-442.6595,2.74465,0,110.77
391131,30.669922,y,-357.175,-424.1427,2.52688,0,110.77
391132,30.679688,y,-291.655,-395.4419,3.08101,0,110.77
391133,30.69043,y,-209.755,-351.7103,4.77203,0,110.77
391134,30.700196,y,-76.335,-292.0558,4.88964,0,110.77
391135,30.709961,y,70.77,-213.464,3.20101,0,110.77
391136,30.719727,y,156.45,-133.3295,1.82652,0,110.77
391137,30.729493,y,200.55,-61.0013,1.12237,0,110.77
391138,30.735352,y,208.985,-24.2149,1.1085,0,110.77
391139,30.745118,y,212.835,27.1372,1.02019,0,110.77
391140,30.754883,y,210.07,66.7623,0.9004,1,109.92
391141,30.764649,y,207.305,97.2081,0.96778,0,109.92
391142,30.775391,y,221.095,126.385,1.48555,0,109.92
391143,30.785157,y,263.375,156.0611,1.95109,0,109.92
391144,30.794922,y,324.59,192.5662,1.86152,0,109.92
391145,30.804688,y,379.05,232.9642,1.46595,0,109.92
391146,30.81543,y,412.09,275.1506,1.04732,0,109.92
391147,30.820313,y,423.99,292.2549,0.87124,0,109.92
391148,30.830079,y,426.37,321.3083,0.95549,0,109.92
391149,30.839844,y,426.615,344.1188,0.96907,0,109.92
391150,30.84961,y,423.395,361.2924,1.18315,0,109.92
391151,30.860352,y,422.1,375.6134,1.36563,0,109.92
391152,30.870118,y,422.52,385.7747,1.56528,0,109.92
391153,30.879883,y,423.745,393.9995,1.72446,0,109.92
391154,30.889649,y,425.25,400.7693,1.94932,0,109.92
391155,30.900391,y,427.21,406.9964,2.14352,0,109.92
391156,30.910157,y,426.37,411.1933,2.28469,0,109.92
391157,30.919922,y,418.215,412.7143,2.48725,0,109.92
391158,30.929688,y,403.165,410.6456,2.69027,0,109.92
391159,30.94043,y,382.48,404.0123,2.85067,0,109.92
391160,30.945313,y,358.295,398.7585,3.00863,0,109.92
391161,30.955079,y,333.585,384.64,3.0892,0,109.92
391162,30.964844,y,306.635,367.7433,3.0482,0,109.92
391163,30.97461,y,273.42,347.3101,3.03386,0,109.92
391164,30.985352,y,233.765,320.5687,3.14831,0,109.92
391165,30.995118,y,196.63,293.7199,3.28514,0,109.92
391166,31.004883,y,160.405,264.8425,3.3658,0,109.92
391167,31.014649,y,124.04,234.3405,3.44501,0,109.92
391168,31.025391,y,83.965,198.9251,3.55987,0,109.92
391169,31.030274,y,36.54,180.2642,3.73917,0,109.92
391170,31.04004,y,-21.875,136.4748,3.93536,0,109.92
391171,31.049805,y,-101.29,84.9725,4.12162,0,109.92
391172,31.059571,y,-201.285,22.9606,1.76782,0,109.92
391173,31.070313,y,-217.945,-33.7758,3.25621,0,109.92
391174,31.080079,y,-199.08,-69.5856,3.51837,0,109.92
391175,31.089844,y,-189.595,-95.5809,1.02998,0,109.92
391176,31.09961,y,-237.65,-126.3573,1.18323,0,109.92
391177,31.110352,y,-257.25,-157.1842,3.27549,0,109.92
391178,31.120118,y,-184.8,-163.1666,2.8513,0,109.92
391179,31.129883,y,-117.145,-153.1979,1.89311,0,109.92
391180,31.134766,y,-99.61,-147.0396,2.15692,0,109.92
391181,31.144532,y,-75.67,-131.5788,1.90501,0,109.92
391182,31.155274,y,-47.11,-111.6854,1.89056,0,109.92
391183,31.16504,y,-38.22,-95.7706,1.48686,0,109.92
391184,31.174805,y,-35.105,-82.6298,1.10792,0,109.92
391185,31.184571,y,-36.19,-72.5695,1.12567,0,109.92
391186,31.195313,y,-34.545,-63.6143,1.33991,0,109.92
391187,31.205079,y,-25.165,-55.285,1.24632,0,109.92
391188,31.214844,y,-17.99,-47.2065,1.2388,0,109.92
391189,31.22461,y,-11.27,-39.4216,1.2855,0,109.92
391190,31.235352,y,-7.0,-31.7859,1.09348,0,109.92
391191,31.240235,y,-11.13,-29.4122,1.09183,0,109.92
391192,31.25,y,-12.775,-25.8084,1.07786,0,109.92
391193,31.259766,y,-10.885,-22.5755,1.16045,0,109.92
391194,31.269532,y,-7.455,-19.3,0.96171,0,109.92
391195,31.280274,y,-8.68,-16.7988,0.99472,0,109.92
391196,31.29004,y,-10.675,-15.4722,1.04277,0,109.92
391197,31.299805,y,-13.685,-15.0851,0.89619,0,109.92
391198,31.309571,y,-15.645,-15.2064,0.98494,0,109.92
391199,31.320313,y,-17.675,-15.7878,0.97463,0,109.92
391200,31.325196,y,-21.28,-16.4189,0.95939,0,109.92
391201,31.334961,y,-23.94,-18.0481,1.01148,0,109.92
391202,31.344727,y,-23.03,-19.1273,1.08801,0,109.92
391203,31.354493,y,-21.42,-19.624,1.05491,0,109.92
391204,31.365235,y,-19.74,-19.6513,1.05634,0,109.92
391205,31.375,y,-18.41,-19.3824,1.05688,0,109.92
391206,31.384766,y,-17.43,-18.9595,1.02546,0,109.92
391207,31.394532,y,-18.34,-18.8253,1.00844,0,109.92
391208,31.405274,y,-17.395,-18.4884,0.93409,0,109.92
391209,31.41504,y,-19.18,-18.6382,1.08447,0,109.92
391210,31.424805,y,-19.425,-18.8087,0.99071,0,109.92
391211,31.434571,y,-20.51,-19.1772,1.03975,0,109.92
391212,31.44043,y,-20.93,-19.416,1.02836,0,109.92
391213,31.450196,y,-22.435,-20.07,1.04935,0,109.92
391214,31.459961,y,-23.345,-20.7794,1.03037,0,109.92
391215,31.469727,y,-25.095,-21.7143,0.99283,0,109.92
391216,31.479493,y,-31.99,-23.9403,1.10581,0,109.92
391217,31.490235,y,-32.83,-26.034,1.01013,0,109.92
391218,31.5,y,-37.66,-28.5523,1.08863,0,109.92
391219,31.509766,y,-45.535,-32.2312,1.10307,0,109.92
391220,31.519532,y,-53.515,-36.8419,1.03189,0,109.92
391221,31.525391,y,-65.135,-40.6969,0.91297,0,109.92
391222,31.535157,y,-82.25,-49.6986,1.13344,0,109.92
391223,31.544922,y,-102.41,-61.1164,1.07745,0,109.92
391224,31.554688,y,-118.3,-73.5041,0.99527,0,109.92
391225,31.56543,y,-139.825,-89.1235,1.0443,0,109.92
391226,31.575196,y,-164.045,-105.3537,1.18081,0,109.92
391227,31.584961,y,-183.855,-122.3579,1.08165,0,109.92
391228,31.594727,y,-207.375,-140.7752,1.08475,0,109.92
391229,31.604493,y,-235.83,-161.3669,0.83792,0,109.92
391230,31.615235,y,-276.5,-188.4822,0.81911,0,109.92
391231,31.625,y,-319.83,-216.9335,1.18038,0,109.92
391232,31.629883,y,-355.075,-232.8084,1.52438,0,109.92
391233,31.639649,y,-391.265,-267.1349,1.06807,0,109.92
391234,31.650391,y,-454.58,-311.2806,1.53656,0,109.92
391235,31.660157,y,-488.565,-349.6857,1.85436,0,109.92
391236,31.669922,y,-512.26,-384.901,2.51201,0,109.92
391237,31.679688,y,-510.685,-412.1495,3.76828,0,109.92
391238,31.69043,y,-469.77,-425.7199,3.41325,0,109.92
391239,31.700196,y,-429.905,-426.6265,3.11357,0,109.92
391240,31.709961,y,-405.37,-422.0221,2.2603,0,109.92
391241,31.719727,y,-412.3,-419.916,1.61387,0,109.92
391242,31.729493,y,-428.4,-421.7539,1.96281,0,109.92
391243,31.735352,y,-403.27,-419.2354,2.44609,0,109.92
391244,31.745118,y,-348.775,-403.9716,3.09623,0,109.92
391245,31.754883,y,-261.065,-373.0166,3.65325,0,109.92
391246,31.764649,y,-176.33,-330.4084,5.69122,0,109.92
391247,31.775391,y,-10.92,-255.1648,3.25482,0,109.92
391248,31.785157,y,79.87,-182.5862,2.3556,0,109.92
391249,31.794922,y,142.905,-112.0815,1.19793,0,109.92
391250,31.804688,y,160.895,-52.9466,1.15964,0,109.92
391251,31.81543,y,173.145,0.3009,1.04788,0,109.92
391252,31.820313,y,176.715,20.574,0.97753,0,109.92
391253,31.830079,y,182.665,55.6878,1.02951,1,110.6
391254,31.839844,y,199.36,86.8087,1.3361,0,110.6
391255,31.84961,y,234.185,118.7348,1.61359,0,110.6
391256,31.860352,y,283.22,157.4731,1.68253,0,110.6
391257,31.870118,y,334.495,195.8214,1.42302,0,110.6
391258,31.879883,y,371.875,233.9564,1.01699,0,110.6
391259,31.889649,y,387.835,267.2911,0.89093,0,110.6
391260,31.900391,y,392.91,296.876,0.98415,0,110.6
391261,31.910157,y,398.405,318.8702,1.11773,0,110.6
391262,31.919922,y,406.245,337.7965,1.26689,0,110.6
391263,31.929688,y,414.19,354.3456,1.32161,0,110.6
391264,31.934571,y,419.335,361.814,1.41916,0,110.6
391265,31.945313,y,422.695,376.1523,1.40838,0,110.6
391266,31.955079,y,419.23,385.4842,1.4612,0,110.6
391267,31.964844,y,410.445,390.891,1.7014,0,110.6
391268,31.97461,y,402.255,393.3528,2.08227,0,110.6
391269,31.985352,y,399.735,394.8559,2.40406,0,110.6
391270,31.995118,y,399.665,395.8977,2.6025,0,110.6
391271,32.004883,y,396.025,395.9252,2.71064,0,110.6
391272,32.014649,y,385.455,393.6571,2.81163,0,110.6
391273,32.025391,y,368.48,387.7276,2.9133,0,110.6
391274,32.030274,y,346.71,383.0139,2.96215,0,110.6
391275,32.04004,y,320.985,369.5766,3.02202,0,110.6
391276,32.049805,y,293.125,353.0164,3.17461,0,110.6
391277,32.059571,y,266.245,334.2191,3.26979,0,110.6
391278,32.070313,y,240.275,312.0941,3.23804,0,110.6
391279,32.080079,y,210.91,290.1746,3.17095,0,110.6
391280,32.089844,y,172.48,264.6807,3.17652,0,110.6
391281,32.09961,y,122.325,233.8422,3.44442,0,110.6
391282,32.110352,y,69.44,195.1234,3.76301,0,110.6
391283,32.120118,y,16.94,156.5235,3.92099,0,110.6
391284,32.125,y,-44.31,133.4486,3.7307,0,110.6
391285,32.134766,y,-124.25,77.6234,3.25681,0,110.6
391286,32.144532,y,-201.355,17.1883,1.02204,0,110.6
391287,32.155274,y,-203.35,-34.7513,3.82885,0,110.6
391288,32.16504,y,-184.625,-67.2184,2.33287,0,110.6
391289,32.174805,y,-237.545,-104.1129,0.94961,0,110.6
391290,32.184571,y,-303.24,-147.2498,2.57267,0,110.6
391291,32.195313,y,-267.785,-175.6374,3.84993,0,110.6
391292,32.205079,y,-176.155,-175.7495,2.94546,0,110.6
391293,32.214844,y,-116.34,-162.8808,1.97214,0,110.6
391294,32.22461,y,-108.22,-151.0396,1.52353,0,110.6
391295,32.235352,y,-100.135,-139.0509,2.30201,0,110.6
391296,32.240235,y,-67.62,-130.8422,1.93039,0,110.6
391297,32.25,y,-47.88,-112.8718,1.67428,0,110.6
391298,32.259766,y,-39.515,-96.9805,1.38085,0,110.6
391299,32.269532,y,-45.43,-85.8131,0.90904,0,110.6
391300,32.280274,y,-49.945,-77.3657,1.61737,0,110.6
391301,32.29004,y,-36.54,-68.5216,1.39635,0,110.6
391302,32.299805,y,-25.13,-59.1226,1.33118,0,110.6
391303,32.309571,y,-19.005,-50.4319,1.20936,0,110.6
391304,32.31543,y,-18.13,-46.0307,1.14411,0,110.6
391305,32.325196,y,-19.145,-40.2064,1.1189,0,110.6
391306,32.334961,y,-17.045,-35.1894,1.17631,0,110.6
391307,32.344727,y,-14.875,-30.7887,1.06921,0,110.6
391308,32.354493,y,-13.51,-27.0456,1.02906,0,110.6
391309,32.365235,y,-12.39,-23.594,1.07583,0,110.6
391310,32.375,y,-14.7,-21.6675,0.89194,0,110.6
391311,32.384766,y,-17.115,-20.6813,1.00583,0,110.6
391312,32.394532,y,-16.415,-19.7571,0.99349,0,110.6
391313,32.405274,y,-18.69,-19.5058,0.95221,0,110.6
391314,32.41504,y,-21.56,-19.9508,1.00425,0,110.6
391315,32.424805,y,-22.89,-20.5874,1.03396,0,110.6
391316,32.429688,y,-22.855,-20.848,1.04199,0,110.6
391317,32.44043,y,-20.825,-20.8426,1.08522,0,110.6
391318,32.450196,y,-17.92,-20.2095,1.0273,0,110.6
391319,32.459961,y,-18.585,-19.8576,1.07301,0,110.6
391320,32.469727,y,-16.66,-19.1649,1.019,0,110.6
391321,32.479493,y,-16.205,-18.5237,0.94938,0,110.6
391322,32.490235,y,-17.43,-18.2661,1.05757,0,110.6
391323,32.5,y,-17.85,-18.176,1.05016,0,110.6
391324,32.509766,y,-17.36,-17.9992,0.97129,0,110.6
391325,32.519532,y,-20.335,-18.5052,1.08246,0,110.6
391326,32.525391,y,-19.95,-18.7021,0.9875,0,110.6
391327,32.535157,y,-21.945,-19.4046,1.01603,0,110.6
391328,32.544922,y,-23.52,-20.296,1.04155,0,110.6
391329,32.554688,y,-25.2,-21.3584,1.03677,0,110.6
391330,32.56543,y,-27.23,-22.7412,1.0599,0,110.6
391331,32.575196,y,-30.345,-24.3884,1.01878,0,110.6
391332,32.584961,y,-36.68,-27.0509,1.04353,0,110.6
391333,32.594727,y,-43.26,-30.5623,1.01471,0,110.6
391334,32.604493,y,-50.96,-34.981,0.96821,0,110.6
391335,32.615235,y,-60.97,-41.1018,0.9427,0,110.6
391336,32.620118,y,-78.925,-45.4483,1.10702,0,110.6
391337,32.629883,y,-94.08,-55.9825,1.00543,0,110.6
391338,32.639649,y,-111.265,-67.9583,0.9863,0,110.6
391339,32.650391,y,-136.43,-84.0843,1.1817,0,110.6
391340,32.660157,y,-159.25,-100.3674,1.08528,0,110.6
391341,32.669922,y,-184.905,-118.6791,1.00743,0,110.6
391342,32.679688,y,-213.815,-139.2884,1.09353,0,110.6
391343,32.69043,y,-246.155,-164.4569,0.87618,0,110.6
391344,32.700196,y,-291.62,-192.0042,0.83194,0,110.6
391345,32.709961,y,-338.45,-223.7259,1.53634,0,110.6
391346,32.719727,y,-368.865,-255.1673,1.19903,0,110.6
391347,32.729493,y,-420.945,-291.0797,1.21536,0,110.6
391348,32.735352,y,-474.95,-316.1325,1.48601,0,110.6
391349,32.745118,y,-516.88,-359.6204,1.7387,0,110.6
391350,32.754883,y,-548.8,-400.5987,2.74706,0,110.6
391351,32.764649,y,-541.31,-431.081,4.08021,0,110.6
391352,32.775391,y,-489.195,-444.7676,3.62526,0,110.6
391353,32.785157,y,-439.46,-443.6178,2.94454,0,110.6
391354,32.794922,y,-410.725,-436.4929,2.22213,0,110.6
391355,32.804688,y,-412.65,-431.3278,1.5284,0,110.6
391356,32.81543,y,-429.52,-430.902,2.18283,0,110.6
391357,32.820313,y,-395.29,-426.8096,2.50365,0,110.6
391358,32.830079,y,-328.195,-405.4467,2.89598,0,110.6
391359,32.839844,y,-242.97,-370.2526,3.12042,0,110.6
391360,32.84961,y,-168.98,-326.6509,6.09483,0,110.6
391361,32.860352,y,15.33,-246.11,3.35961,0,110.6
391362,32.870118,y,111.16,-168.7147,2.47758,0,110.6
391363,32.879883,y,184.695,-92.1625,1.31523,0,110.6
391364,32.889649,y,215.635,-25.4844,1.18691,0,110.6
391365,32.900391,y,232.61,35.3002,0.9782,0,110.6
391366,32.910157,y,230.895,77.6718,0.84378,1,110.8
391367,32.919922,y,224.28,109.4287,0.78305,0,110.8
391368,32.929688,y,221.585,133.7251,0.9319,0,110.8
391369,32.934571,y,234.605,145.318,1.30827,0,110.8
391370,32.945313,y,269.36,174.5315,1.57579,0,110.8
391371,32.955079,y,314.965,204.9536,1.50228,0,110.8
391372,32.964844,y,354.305,237.3046,1.2131,0,110.8
391373,32.97461,y,377.335,267.6394,0.98828,0,110.8
391374,32.985352,y,386.995,295.7492,0.98593,0,110.8
391375,32.995118,y,391.65,316.5242,1.0667,0,110.8
391376,33.004883,y,397.11,333.9799,1.14038,0,110.8
391377,33.014649,y,402.465,348.8158,1.26305,0,110.8
391378,33.025391,y,406.7,362.4483,1.45925,0,110.8
391379,33.030274,y,412.825,368.2375,1.57005,0,110.8
391380,33.04004,y,418.53,379.1323,1.73189,0,110.8
391381,33.049805,y,423.92,388.8338,1.85176,0,110.8
391382,33.059571,y,424.025,396.4573,1.99865,0,110.8
391383,33.070313,y,419.055,401.7793,2.20111,0,110.8
391384,33.080079,y,410.935,403.7627,2.45775,0,110.8
391385,33.089844,y,400.89,403.1405,2.70844,0,110.8
391386,33.09961,y,388.815,400.0371,2.88401,0,110.8
391387,33.110352,y,372.54,393.5612,2.9876,0,110.8
391388,33.115235,y,351.47,388.7242,2.99186,0,110.8
391389,33.125,y,324.485,374.8093,2.97076,0,110.8
391390,33.134766,y,291.445,356.7501,2.97413,0,110.8
391391,33.144532,y,253.995,334.4903,3.05988,0,110.8
391392,33.155274,y,216.65,306.7374,3.21731,0,110.8
391393,33.16504,y,182.77,279.8823,3.32108,0,110.8
391394,33.174805,y,148.295,251.3792,3.33767,0,110.8
391395,33.184571,y,105.735,219.8283,3.44772,0,110.8
391396,33.195313,y,57.855,181.6815,3.71369,0,110.8
391397,33.205079,y,4.655,143.3323,3.89408,0,110.8
391398,33.214844,y,-61.915,98.8736,3.91694,0,110.8
391399,33.22461,y,-171.08,40.3936,2.13989,0,110.8
391400,33.235352,y,-210.595,-18.7174,2.29262,0,110.8
391401,33.240235,y,-224.175,-42.3282,3.55162,0,110.8
391402,33.25,y,-224.84,-81.8621,1.71356,0,110.8
391403,33.259766,y,-242.165,-116.5885,1.73875,0,110.8
391404,33.269532,y,-249.445,-145.3692,3.29176,0,110.8
391405,33.280274,y,-182.84,-154.1941,2.84336,0,110.8
391406,33.29004,y,-119.805,-146.7444,1.83635,0,110.8
391407,33.299805,y,-100.24,-136.671,2.29812,0,110.8
391408,33.309571,y,-90.86,-126.747,2.08716,0,110.8
391409,33.31543,y,-66.255,-118.5048,1.72655,0,110.8
391410,33.325196,y,-52.15,-104.1304,1.09452,0,110.8
391411,33.334961,y,-54.18,-93.3106,1.05689,0,110.8
391412,33.344727,y,-48.755,-83.6585,1.42807,0,110.8
391413,33.354493,y,-35.735,-73.2769,1.21556,0,110.8
391414,33.365235,y,-29.015,-62.8526,1.27936,0,110.8
391415,33.375,y,-23.415,-54.31,1.32632,0,110.8
391416,33.384766,y,-16.87,-46.1994,1.26008,0,110.8
391417,33.394532,y,-12.495,-38.898,1.10662,0,110.8
391418,33.405274,y,-12.495,-32.6798,1.16457,0,110.8
391419,33.41504,y,-11.305,-28.0494,1.12754,0,110.8
391420,33.424805,y,-9.94,-24.1267,1.10038,0,110.8
391421,33.429688,y,-7.035,-22.1625,0.99213,0,110.8
391422,33.44043,y,-5.81,-18.3113,1.00749,0,110.8
391423,33.450196,y,-8.295,-16.1415,0.95009,0,110.8
391424,33.459961,y,-10.535,-14.9271,0.96353,0,110.8
391425,33.469727,y,-10.045,-13.8695,1.06043,0,110.8
391426,33.479493,y,-10.01,-13.0334,0.98102,0,110.8
391427,33.490235,y,-11.34,-12.6346,0.96748,0,110.8
391428,33.5,y,-12.88,-12.6877,0.96401,0,110.8
391429,33.509766,y,-17.115,-13.6468,1.00289,0,110.8
391430,33.519532,y,-19.88,-14.9971,1.01282,0,110.8
391431,33.525391,y,-20.72,-15.7769,1.03348,0,110.8
391432,33.535157,y,-20.685,-16.8401,1.03398,0,110.8
391433,33.544922,y,-19.25,-17.3621,1.0035,0,110.8
391434,33.554688,y,-19.74,-17.8772,0.99245,0,110.8
391435,33.56543,y,-21.455,-18.7198,1.04936,0,110.8
391436,33.575196,y,-22.715,-19.5853,1.06471,0,110.8
391437,33.584961,y,-21.245,-19.9448,0.99413,0,110.8
391438,33.594727,y,-19.81,-19.9156,1.09267,0,110.8
391439,33.604493,y,-18.865,-19.688,1.0269,0,110.8
391440,33.610352,y,-17.78,-19.428,1.01122,0,110.8
391441,33.620118,y,-16.8,-18.8587,1.04823,0,110.8
391442,33.629883,y,-17.85,-18.6402,1.00178,0,110.8
391443,33.639649,y,-19.075,-18.7344,1.08516,0,110.8
391444,33.650391,y,-19.425,-18.8971,1.07136,0,110.8
391445,33.660157,y,-20.86,-19.3223,1.03501,0,110.8
391446,33.669922,y,-24.115,-20.3604,1.04586,0,110.8
391447,33.679688,y,-27.65,-21.9396,0.98594,0,110.8
391448,33.69043,y,-36.435,-25.3534,1.06403,0,110.8
391449,33.700196,y,-44.135,-29.4221,1.06267,0,110.8
391450,33.709961,y,-55.51,-35.073,0.9571,0,110.8
391451,33.719727,y,-73.08,-43.3064,1.00815,0,110.8
391452,33.729493,y,-91.7,-53.7899,1.16743,0,110.8
391453,33.735352,y,-111.72,-61.6831,1.00132,0,110.8
391454,33.745118,y,-132.02,-76.9201,0.99186,0,110.8
391455,33.754883,y,-153.79,-93.5709,1.05592,0,110.8
391456,33.764649,y,-180.005,-112.2951,1.10337,0,110.8
391457,33.775391,y,-205.905,-134.3415,1.00754,0,110.8
391458,33.785157,y,-235.865,-156.3345,0.93591,0,110.8
391459,33.794922,y,-273.77,-181.7722,0.78998,0,110.8
391460,33.804688,y,-315.49,-210.7395,1.65739,0,110.8
391461,33.81543,y,-342.615,-241.7979,1.05467,0,110.8
391462,33.820313,y,-394.345,-259.3283,1.18105,0,110.8
391463,33.830079,y,-449.715,-300.5717,1.33194,0,110.8
391464,33.839844,y,-491.225,-341.8692,1.88159,0,110.8
391465,33.84961,y,-519.82,-380.4187,2.28166,0,110.8
391466,33.860352,y,-527.415,-415.0382,3.45053,0,110.8
391467,33.870118,y,-499.625,-433.3622,3.9237,0,110.8
391468,33.879883,y,-451.43,-437.2759,3.26995,0,110.8
391469,33.889649,y,-417.27,-432.942,2.80235,0,110.8
391470,33.900391,y,-404.88,-426.333,2.01901,0,110.8
391471,33.910157,y,-418.11,-424.5517,1.79034,0,110.8
391472,33.919922,y,-408.52,-421.0791,2.00571,0,110.8
391473,33.924805,y,-366.135,-414.765,1.92987,0,110.8
391474,33.934571,y,-337.05,-397.9296,2.99392,0,110.8
391475,33.945313,y,-285.915,-371.5487,5.63876,0,110.8
391476,33.955079,y,-127.715,-318.7271,3.67978,0,110.8
391477,33.964844,y,-12.6,-252.4168,3.17938,0,110.8
391478,33.97461,y,93.975,-177.378,1.92533,0,110.8
391479,33.985352,y,157.22,-98.5759,1.6068,0,110.8
391480,33.995118,y,201.145,-33.6474,1.27884,0,110.8
391481,34.004883,y,226.52,22.7076,1.0929,0,110.8
391482,34.014649,y,239.715,69.7179,1.00617,1,109.94
391483,34.025391,y,250.985,112.4086,1.11882,0,109.94
391484,34.030274,y,274.715,131.0605,1.17793,0,109.94
391485,34.04004,y,305.515,168.8526,1.13996,0,109.94
391486,34.049805,y,335.685,204.9902,1.1497,0,109.94
391487,34.059571,y,362.985,239.2166,1.05361,0,109.94
391488,34.070313,y,382.83,273.0394,0.99571,0,109.94
391489,34.080079,y,395.71,299.6135,1.0151,0,109.94
391490,34.089844,y,405.125,322.4684,1.14212,0,109.94
391491,34.09961,y,413.21,342.1257,1.23982,0,109.94
391492,34.110352,y,422.345,361.0184,1.24266,0,109.94
391493,34.115235,y,426.79,368.5767,1.3542,0,109.94
391494,34.125,y,428.75,381.6109,1.41385,0,109.94
391495,34.134766,y,428.785,391.8302,1.49103,0,109.94
391496,34.144532,y,425.25,399.0699,1.54793,0,109.94
391497,34.155274,y,416.99,403.2903,1.91856,0,109.94
391498,34.16504,y,413.595,405.5226,2.30241,0,109.94
391499,34.174805,y,415.205,407.6199,2.58769,0,109.94
391500,34.184571,y,416.01,409.4375,2.732,0,109.94
391501,34.195313,y,410.515,409.6912,2.82054,0,109.94
391502,34.205079,y,396.83,406.9051,2.92179,0,109.94
391503,34.214844,y,377.475,400.5302,2.99232,0,109.94
391504,34.22461,y,352.765,390.1829,3.01195,0,109.94
391505,34.229493,y,321.65,382.3072,3.07722,0,109.94
391506,34.240235,y,286.58,359.7622,3.25668,0,109.94
391507,34.25,y,253.925,336.8368,3.3332,0,109.94
391508,34.259766,y,221.725,311.9001,3.30315,0,109.94
391509,34.269532,y,183.645,284.1162,3.27889,0,109.94
391510,34.280274,y,135.555,249.1282,3.31979,0,109.94
391511,34.29004,y,79.905,212.4694,3.53927,0,109.94
391512,34.299805,y,26.6,172.2082,3.79995,0,109.94
391513,34.309571,y,-27.615,128.9205,3.77186,0,109.94
391514,34.31543,y,-95.83,98.2976,3.43818,0,109.94
391515,34.325196,y,-181.335,37.7208,0.83646,0,109.94
391516,34.334961,y,-195.055,-12.7008,3.49611,0,109.94
391517,34.344727,y,-192.29,-51.6052,2.60466,0,109.94
391518,34.354493,y,-221.935,-88.5037,0.93792,0,109.94
391519,34.365235,y,-282.38,-134.1641,2.15476,0,109.94
391520,34.375,y,-268.38,-163.2366,3.6942,0,109.94
391521,34.384766,y,-185.15,-167.9837,2.62498,0,109.94
391522,34.394532,y,-128.59,-159.4499,1.78792,0,109.94
391523,34.405274,y,-119.91,-150.1377,1.38603,0,109.94
391524,34.41504,y,-115.85,-142.71,2.133,0,109.94
391525,34.419922,y,-87.78,-136.3987,2.61054,0,109.94
391526,34.429688,y,-53.27,-118.3906,1.86945,0,109.94
391527,34.44043,y,-39.76,-99.8721,1.43576,0,109.94
391528,34.450196,y,-45.185,-88.0252,0.77602,0,109.94
391529,34.459961,y,-54.145,-80.6864,1.64301,0,109.94
391530,34.469727,y,-39.34,-71.7295,1.47467,0,109.94
391531,34.479493,y,-23.555,-61.2935,1.26427,0,109.94
391532,34.490235,y,-16.765,-50.8065,1.22646,0,109.94
391533,34.5,y,-16.975,-43.4782,1.19922,0,109.94
391534,34.509766,y,-20.125,-38.4192,1.02873,0,109.94
391535,34.519532,y,-23.59,-35.2068,1.03399,0,109.94
391536,34.525391,y,-20.755,-33.2377,1.16952,0,109.94
391537,34.535157,y,-16.485,-29.6085,1.04607,0,109.94
391538,34.544922,y,-13.895,-26.2048,1.03794,0,109.94
391539,34.554688,y,-13.475,-23.4472,1.07437,0,109.94
391540,34.56543,y,-14.525,-21.3459,0.96221,0,109.94
391541,34.575196,y,-14.385,-19.8379,0.9779,0,109.94
391542,34.584961,y,-17.465,-19.3239,0.98334,0,109.94
391543,34.594727,y,-20.58,-19.596,0.98346,0,109.94
391544,34.604493,y,-21.315,-19.9684,1.00364,0,109.94
391545,34.610352,y,-20.79,-20.0804,1.05161,0,109.94
391546,34.620118,y,-20.93,-20.2644,0.98296,0,109.94
391547,34.629883,y,-21.735,-20.583,1.06837,0,109.94
391548,34.639649,y,-19.775,-20.4079,1.07353,0,109.94
391549,34.650391,y,-17.5,-19.7231,1.03422,0,109.94
391550,34.660157,y,-17.36,-19.2112,1.03171,0,109.94
391551,34.669922,y,-15.925,-18.4993,1.00445,0,109.94
391552,34.679688,y,-15.575,-17.8658,1.08144,0,109.94
391553,34.69043,y,-15.225,-17.2439,0.95504,0,109.94
391554,34.700196,y,-15.995,-16.9733,1.05691,0,109.94
391555,34.709961,y,-15.82,-16.7235,0.99033,0,109.94
391556,34.719727,y,-17.22,-16.8311,1.04647,0,109.94
391557,34.72461,y,-18.55,-17.0286,1.00619,0,109.94
391558,34.735352,y,-21.28,-18.0299,1.04825,0,109.94
391559,34.745118,y,-20.02,-18.461,1.01893,0,109.94
391560,34.754883,y,-23.52,-19.5568,1.03236,0,109.94
391561,34.764649,y,-25.69,-20.8855,1.07874,0,109.94
391562,34.775391,y,-29.575,-22.932,1.10667,0,109.94
391563,34.785157,y,-33.705,-25.2657,1.02324,0,109.94
391564,34.794922,y,-42.035,-28.8981,0.95231,0,109.94
391565,34.804688,y,-54.355,-34.4128,1.08017,0,109.94
391566,34.81543,y,-67.55,-42.2171,0.99402,0,109.94
391567,34.820313,y,-85.085,-47.1434,0.93393,0,109.94
391568,34.830079,y,-108.64,-60.4654,1.04096,0,109.94
391569,34.839844,y,-134.505,-76.5031,1.1939,0,109.94
391570,34.84961,y,-153.86,-93.2609,1.05973,0,109.94
391571,34.860352,y,-183.155,-114.4321,1.0622,0,109.94
391572,34.870118,y,-212.73,-135.7264,1.03302,0,109.94
391573,34.879883,y,-249.515,-160.3742,0.89028,0,109.94
391574,34.889649,y,-294.35,-189.3973,0.83098,0,109.94
391575,34.900391,y,-344.015,-225.8118,1.50648,0,109.94
391576,34.910157,y,-382.13,-259.675,1.10941,0,109.94
391577,34.91504,y,-437.15,-280.0701,1.05316,0,109.94
391578,34.924805,y,-499.1,-327.5142,1.38291,0,109.94
391579,34.934571,y,-538.265,-373.1691,1.76742,0,109.94
391580,34.945313,y,-563.185,-417.9203,3.00108,0,109.94
391581,34.955079,y,-552.405,-447.0537,4.02754,0,109.94
391582,34.964844,y,-503.335,-459.2448,3.76455,0,109.94
391583,34.97461,y,-452.935,-457.8779,3.0696,0,109.94
391584,34.985352,y,-424.935,-450.1194,2.36412,0,109.94
391585,34.995118,y,-422.835,-444.2088,1.73401,0,109.94
391586,35.004883,y,-424.83,-440.0112,2.75245,0,109.94
391587,35.014649,y,-374.115,-425.7361,2.63139,0,109.94
391588,35.025391,y,-313.775,-399.3678,2.32622,0,109.94
391589,35.030274,y,-271.81,-384.7091,3.68048,0,109.94
391590,35.04004,y,-179.69,-340.2959,5.58578,0,109.94
391591,35.049805,y,-5.46,-267.767,3.4956,0,109.94
391592,35.059571,y,90.265,-190.2065,2.46032,0,109.94
391593,35.070313,y,165.585,-106.4131,1.388,0,109.94
391594,35.080079,y,202.055,-39.5897,1.25275,0,109.94
391595,35.089844,y,223.58,17.4156,1.09102,0,109.94
391596,35.09961,y,231.42,63.7753,0.89759,1,110.2
391597,35.110352,y,232.47,103.5051,0.85644,0,110.2
391598,35.115235,y,239.925,119.1822,1.04553,0,110.2
391599,35.125,y,261.66,150.0444,1.3362,0,110.2
391600,35.134766,y,299.25,182.3668,1.49155,0,110.2
391601,35.144532,y,342.685,217.0965,1.33988,0,110.2
391602,35.155274,y,376.53,254.6451,1.00377,0,110.2
391603,35.16504,y,392.07,284.4154,0.81299,0,110.2
391604,35.174805,y,395.115,308.3941,0.84055,0,110.2
391605,35.184571,y,396.13,327.4003,1.10073,0,110.2
391606,35.195313,y,401.73,344.9059,1.32365,0,110.2
391607,35.205079,y,411.005,359.225,1.45366,0,110.2
391608,35.214844,y,419.02,372.1772,1.6072,0,110.2
391609,35.22461,y,426.265,383.8942,1.66716,0,110.2
391610,35.229493,y,430.29,389.2259,1.70732,0,110.2
391611,35.240235,y,429.38,398.6827,1.87905,0,110.2
391612,35.25,y,425.32,404.4526,2.13642,0,110.2
391613,35.259766,y,420.525,407.9344,2.40826,0,110.2
391614,35.269532,y,413.455,409.1303,2.65971,0,110.2
391615,35.280274,y,402.22,407.5028,2.84732,0,110.2
391616,35.29004,y,386.05,402.8555,2.95256,0,110.2
391617,35.299805,y,364.315,394.5072,3.01375,0,110.2
391618,35.309571,y,337.785,382.2195,3.00198,0,110.2
391619,35.31543,y,307.16,371.9925,2.96355,0,110.2
391620,35.325196,y,273.84,350.7297,2.99352,0,110.2
391621,35.334961,y,239.925,326.7283,3.05169,0,110.2
391622,35.344727,y,206.57,300.6984,3.03826,0,110.2
391623,35.354493,y,170.31,272.4524,3.02352,0,110.2
391624,35.365235,y,128.205,238.4803,3.13641,0,110.2
391625,35.375,y,85.75,205.3973,3.43434,0,110.2
391626,35.384766,y,49.245,171.5701,3.77712,0,110.2
391627,35.394532,y,14.21,137.4812,3.77377,0,110.2
391628,35.405274,y,-36.4,96.5299,3.49306,0,110.2
391629,35.410157,y,-111.475,72.6264,2.89264,0,110.2
391630,35.419922,y,-181.545,17.5703,1.17421,0,110.2
391631,35.429688,y,-182.56,-25.7839,4.01529,0,110.2
391632,35.44043,y,-161.175,-57.6703,2.38689,0,110.2
391633,35.450196,y,-206.255,-89.8582,1.4346,0,110.2
391634,35.459961,y,-288.155,-132.8113,2.28321,0,110.2
391635,35.469727,y,-267.155,-161.9142,3.80477,0,110.2
391636,35.479493,y,-169.645,-163.5889,2.52528,0,110.2
391637,35.490235,y,-111.86,-151.4061,1.8873,0,110.2
391638,35.5,y,-112.77,-143.0371,1.59038,0,110.2
391639,35.509766,y,-104.755,-134.7441,2.62227,0,110.2
391640,35.519532,y,-58.73,-118.2771,1.91022,0,110.2
391641,35.525391,y,-37.66,-107.2928,1.55547,0,110.2
391642,35.535157,y,-36.505,-91.9581,0.82168,0,110.2
391643,35.544922,y,-46.55,-82.1222,1.38083,0,110.2
391644,35.554688,y,-40.04,-73.006,1.48675,0,110.2
391645,35.56543,y,-24.71,-61.6316,1.27735,0,110.2
391646,35.575196,y,-17.745,-52.1245,1.19616,0,110.2
391647,35.584961,y,-15.225,-44.1317,1.20471,0,110.2
391648,35.594727,y,-14.91,-37.8014,1.1191,0,110.2
391649,35.604493,y,-15.82,-33.0396,1.00147,0,110.2
391650,35.610352,y,-18.34,-31.0367,1.19147,0,110.2
391651,35.620118,y,-14.7,-27.4977,1.09732,0,110.2
391652,35.629883,y,-7.805,-23.232,1.09473,0,110.2
391653,35.639649,y,-7.98,-19.928,0.96162,0,110.2
391654,35.650391,y,-11.095,-17.8477,0.97419,0,110.2
391655,35.660157,y,-10.115,-16.1726,0.97782,0,110.2
391656,35.669922,y,-11.375,-15.1334,0.97051,0,110.2
391657,35.679688,y,-13.265,-14.7286,0.99781,0,110.2
391658,35.69043,y,-13.79,-14.5076,1.02386,0,110.2
391659,35.700196,y,-13.72,-14.337,1.0081,0,110.2
391660,35.709961,y,-14.56,-14.3853,1.0008,0,110.2
391661,35.719727,y,-15.26,-14.5748,0.9944,0,110.2
391662,35.72461,y,-16.555,-14.8023,1.01052,0,110.2
391663,35.735352,y,-16.555,-15.2151,1.03431,0,110.2
391664,35.745118,y,-16.415,-15.475,0.96251,0,110.2
391665,35.754883,y,-16.73,-15.7469,1.04457,0,110.2
391666,35.764649,y,-18.55,-16.3541,1.03206,0,110.2
391667,35.775391,y,-20.44,-17.3164,0.94752,0,110.2
391668,35.785157,y,-22.61,-18.4631,1.03924,0,110.2
391669,35.794922,y,-22.47,-19.3311,0.98424,0,110.2
391670,35.804688,y,-24.92,-20.5418,1.07842,0,110.2
391671,35.81543,y,-23.24,-21.1773,1.05984,0,110.2
391672,35.820313,y,-21.21,-21.181,1.03503,0,110.2
391673,35.830079,y,-23.03,-21.5816,1.06266,0,110.2
391674,35.839844,y,-24.08,-22.1228,1.06629,0,110.2
391675,35.84961,y,-24.605,-22.6605,1.0571,0,110.2
391676,35.860352,y,-28.035,-23.9263,1.10151,0,110.2
391677,35.870118,y,-28.525,-24.9225,1.06142,0,110.2
391678,35.879883,y,-29.785,-25.9757,0.97707,0,110.2
391679,35.889649,y,-37.59,-28.4917,1.0759,0,110.2
391680,35.900391,y,-47.355,-32.9343,1.07123,0,110.2
391681,35.905274,y,-58.555,-35.8786,0.9323,0,110.2
391682,35.91504,y,-80.815,-45.6131,1.02017,0,110.2
391683,35.924805,y,-102.41,-57.9159,1.08249,0,110.2
391684,35.934571,y,-130.34,-73.6051,1.02746,0,110.2
391685,35.945313,y,-156.065,-93.0255,1.12058,0,110.2
391686,35.955079,y,-182.91,-112.4972,1.06711,0,110.2
391687,35.964844,y,-217.105,-135.1563,1.04306,0,110.2
391688,35.97461,y,-254.835,-161.0823,0.95693,0,110.2
391689,35.985352,y,-301.91,-194.249,0.99601,0,110.2
391690,35.995118,y,-349.545,-227.8908,1.41674,0,110.2
391691,36.004883,y,-394.765,-264.0374,1.03423,0,110.2
391692,36.014649,y,-455.98,-305.6179,0.9218,0,110.2
391693,36.025391,y,-519.96,-356.0982,1.37799,0,110.2
391694,36.030274,y,-558.145,-379.317,2.13961,0,110.2
391695,36.04004,y,-578.34,-422.4314,2.83808,0,110.2
391696,36.049805,y,-568.05,-453.9739,4.04632,0,110.2
391697,36.059571,y,-514.675,-467.1235,3.76112,0,110.2
391698,36.070313,y,-462.175,-465.9581,3.00037,0,110.2
391699,36.080079,y,-430.01,-458.1707,2.19802,0,110.2
391700,36.089844,y,-428.785,-451.8054,1.84805,0,110.2
391701,36.09961,y,-419.58,-444.8244,2.82352,0,110.2
391702,36.110352,y,-363.86,-425.7563,2.91323,0,110.2
391703,36.115235,y,-284.515,-409.5251,2.97524,0,110.2
391704,36.125,y,-200.62,-364.2741,4.36512,0,110.2
391705,36.134766,y,-73.675,-301.3217,4.43859,0,110.2
391706,36.144532,y,68.88,-221.1249,2.84066,0,110.2
391707,36.155274,y,145.215,-134.8472,1.54963,0,110.2
391708,36.16504,y,176.61,-67.3762,0.88545,0,110.2
391709,36.174805,y,172.34,-15.4512,1.03286,0,110.2
391710,36.184571,y,164.045,23.433,1.00525,0,110.2
391711,36.195313,y,151.585,53.6144,0.82481,1,109.93
391712,36.205079,y,145.705,73.564,1.03954,0,109.93
391713,36.214844,y,166.355,93.6635,1.70977,0,109.93
391714,36.219727,y,221.13,108.3117,2.25399,0,109.93
391715,36.229493,y,298.585,149.5306,2.17191,0,109.93
391716,36.240235,y,370.02,201.4587,1.5863,0,109.93
391717,36.25,y,411.215,246.894,0.88132,0,109.93
391718,36.259766,y,417.9,283.939,0.76157,0,109.93
391719,36.269532,y,414.05,312.125,0.86787,0,109.93
391720,36.280274,y,411.39,335.5031,1.02771,0,109.93
391721,36.29004,y,412.16,352.1093,1.25927,0,109.93
391722,36.299805,y,414.82,365.6931,1.38794,0,109.93
391723,36.309571,y,415.415,376.4643,1.61128,0,109.93
391724,36.31543,y,418.145,382.1434,1.70566,0,109.93
391725,36.325196,y,419.44,390.223,1.71337,0,109.93
391726,36.334961,y,416.15,395.8391,1.81045,0,109.93
391727,36.344727,y,409.395,398.7757,2.10748,0,109.93
391728,36.354493,y,404.53,400.0222,2.33842,0,109.93
391729,36.365235,y,397.6,399.4518,2.47968,0,109.93
391730,36.375,y,385.455,396.4199,2.5299,0,109.93
391731,36.384766,y,367.71,390.2005,2.65214,0,109.93
391732,36.394532,y,347.235,380.8929,2.8246,0,109.93
391733,36.405274,y,326.515,368.0862,2.95009,0,109.93
391734,36.410157,y,305.2,360.8594,3.0762,0,109.93
391735,36.419922,y,283.395,344.0798,3.07118,0,109.93
391736,36.429688,y,257.67,325.3609,2.95669,0,109.93
391737,36.44043,y,225.295,301.7941,2.91211,0,109.93
391738,36.450196,y,187.53,277.0411,2.95282,0,109.93
391739,36.459961,y,145.88,248.6302,3.0477,0,109.93
391740,36.469727,y,100.625,216.5679,3.23102,0,109.93
391741,36.479493,y,53.935,181.3367,3.40946,0,109.93
391742,36.490235,y,6.86,140.2452,3.52262,0,109.93
391743,36.5,y,-46.27,99.8441,3.47105,0,109.93
391744,36.509766,y,-109.76,54.4376,3.10742,0,109.93
391745,36.519532,y,-180.355,3.5745,1.03469,0,109.93
391746,36.525391,y,-180.11,-21.453,3.5332,0,109.93
391747,36.535157,y,-163.1,-52.138,2.58533,0,109.93
391748,36.544922,y,-188.72,-81.723,1.0435,0,109.93
391749,36.554688,y,-254.38,-119.1257,1.67652,0,109.93
391750,36.56543,y,-251.545,-150.3121,3.56786,0,109.93
391751,36.575196,y,-167.335,-153.9998,2.67997,0,109.93
391752,36.584961,y,-106.225,-143.6513,1.72793,0,109.93
391753,36.594727,y,-99.295,-134.0424,1.35092,0,109.93
391754,36.604493,y,-103.32,-127.387,1.28784,0,109.93
391755,36.610352,y,-89.355,-122.205,2.36408,0,109.93
391756,36.620118,y,-50.365,-106.6423,1.50093,0,109.93
391757,36.629883,y,-35.21,-91.1694,1.6094,0,109.93
391758,36.639649,y,-37.415,-79.5246,0.72643,0,109.93
391759,36.650391,y,-51.1,-72.8302,1.48015,0,109.93
391760,36.660157,y,-36.785,-65.0217,1.47704,0,109.93
391761,36.669922,y,-22.05,-55.7136,1.2005,0,109.93
391762,36.679688,y,-19.705,-47.9131,1.11994,0,109.93
391763,36.69043,y,-19.915,-41.3192,1.20538,0,109.93
391764,36.700196,y,-21.595,-37.0463,1.10059,0,109.93
391765,36.709961,y,-26.425,-34.7456,1.08046,0,109.93
391766,36.714844,y,-20.195,-33.0735,1.26255,0,109.93
391767,36.72461,y,-14.175,-28.9795,1.01257,0,109.93
391768,36.735352,y,-16.345,-26.0039,1.0289,0,109.93
391769,36.745118,y,-15.61,-23.7523,1.04369,0,109.93
391770,36.754883,y,-16.065,-22.0871,1.0045,0,109.93
391771,36.764649,y,-16.73,-20.9266,0.98826,0,109.93
391772,36.775391,y,-17.185,-20.0454,1.07968,0,109.93
391773,36.785157,y,-16.59,-19.2969,1.02014,0,109.93
391774,36.794922,y,-17.815,-18.9759,1.03286,0,109.93
391775,36.804688,y,-17.115,-18.5728,0.97531,0,109.93
391776,36.81543,y,-18.83,-18.6333,0.98857,0,109.93
391777,36.820313,y,-20.72,-18.8731,0.99623,0,109.93
391778,36.830079,y,-22.12,-19.5765,1.00577,0,109.93
391779,36.839844,y,-20.965,-19.8773,1.02182,0,109.93
391780,36.84961,y,-21.42,-20.2115,1.1604,0,109.93
391781,36.860352,y,-18.095,-19.713,0.9614,0,109.93
391782,36.870118,y,-17.01,-19.1275,1.02739,0,109.93
391783,36.879883,y,-17.745,-18.828,0.98254,0,109.93
391784,36.889649,y,-20.65,-19.2227,1.05761,0,109.93
391785,36.900391,y,-19.11,-19.1962,1.02143,0,109.93
391786,36.910157,y,-21.0,-19.5869,1.05954,0,109.93
391787,36.91504,y,-20.51,-19.693,1.01351,0,109.93
391788,36.924805,y,-21.875,-20.1656,0.97777,0,109.93
391789,36.934571,y,-25.725,-21.37,1.04124,0,109.93
391790,36.945313,y,-29.33,-23.2447,1.1086,0,109.93
391791,36.955079,y,-28.21,-24.3203,1.00781,0,109.93
391792,36.964844,y,-33.005,-26.2015,0.99485,0,109.93
391793,36.97461,y,-41.86,-29.5936,1.08853,0,109.93
391794,36.985352,y,-50.89,-34.6092,1.09139,0,109.93
391795,36.995118,y,-59.71,-40.0468,0.87824,0,109.93
391796,37.004883,y,-78.715,-48.4227,1.05557,0,109.93
391797,37.014649,y,-97.965,-59.155,1.05677,0,109.93
391798,37.025391,y,-118.51,-73.1339,1.11163,0,109.93
391799,37.030274,y,-137.935,-80.5807,1.02883,0,109.93
391800,37.04004,y,-166.425,-99.1771,1.14847,0,109.93
391801,37.049805,y,-192.955,-119.4904,1.0236,0,109.93
391802,37.059571,y,-227.745,-142.9416,0.94736,0,109.93
391803,37.070313,y,-269.43,-172.7312,0.98837,0,109.93
391804,37.080079,y,-310.555,-202.588,1.61129,0,109.93
391805,37.089844,y,-343.7,-233.1543,1.16055,0,109.93
391806,37.09961,y,-394.59,-268.1261,0.94839,0,109.93
391807,37.110352,y,-455.665,-312.2939,1.31999,0,109.93
391808,37.115235,y,-495.25,-333.3189,1.89024,0,109.93
391809,37.125,y,-526.785,-375.2256,2.14219,0,109.93
391810,37.134766,y,-543.2,-411.6139,3.13381,0,109.93
391811,37.144532,y,-521.745,-435.4716,3.83074,0,109.93
391812,37.155274,y,-474.25,-444.6044,2.93053,0,109.93
391813,37.16504,y,-451.325,-446.0603,2.8048,0,109.93
391814,37.174805,y,-432.775,-443.1825,2.4516,0,109.93
391815,37.184571,y,-426.93,-439.6618,2.45665,0,109.93
391816,37.195313,y,-399.14,-430.1184,3.35303,0,109.93
391817,37.205079,y,-303.45,-402.6782,3.96658,0,109.93
391818,37.209961,y,-177.31,-376.7843,2.43996,0,109.93
391819,37.219727,y,-119.77,-321.1073,6.29207,0,109.93
391820,37.229493,y,74.9,-235.3203,3.20856,0,109.93
391821,37.240235,y,159.6,-142.3115,1.93539,0,109.93
391822,37.25,y,174.16,-73.7605,1.11066,0,109.93
391823,37.259766,y,150.115,-25.2624,1.1313,0,109.93
391824,37.269532,y,126.525,7.6193,1.12935,0,109.93
391825,37.280274,y,109.025,31.5016,0.99853,0,109.93
391826,37.29004,y,104.615,47.3402,1.07691,1,109.8
391827,37.299805,y,124.39,64.03,1.66284,0,109.8
391828,37.309571,y,173.74,87.7964,2.08645,0,109.8
391829,37.31543,y,237.93,108.2525,2.18907,0,109.8
391830,37.325196,y,304.01,150.6594,1.83197,0,109.8
391831,37.334961,y,355.425,195.0138,1.30525,0,109.8
391832,37.344727,y,383.705,235.8899,0.98315,0,109.8
391833,37.354493,y,395.43,270.4511,0.93038,0,109.8
391834,37.365235,y,401.205,301.2453,0.98786,0,109.8
391835,37.375,y,405.86,323.9059,1.20895,0,109.8
391836,37.384766,y,413.56,343.3277,1.40466,0,109.8
391837,37.394532,y,424.27,360.8622,1.55983,0,109.8
391838,37.405274,y,435.82,378.5157,1.53175,0,109.8
391839,37.410157,y,439.985,385.5796,1.41829,0,109.8
391840,37.419922,y,432.285,395.6965,1.44137,0,109.8
391841,37.429688,y,417.62,400.4458,1.71426,0,109.8
391842,37.44043,y,403.06,401.0615,2.19442,0,109.8
391843,37.450196,y,393.225,399.3639,2.66185,0,109.8
391844,37.459961,y,388.185,396.9424,3.14564,0,109.8
391845,37.469727,y,388.71,395.159,3.45227,0,109.8
391846,37.479493,y,388.92,393.8075,3.47749,0,109.8
391847,37.490235,y,381.255,390.8512,3.33181,0,109.8
391848,37.5,y,360.92,384.3678,3.16796,0,109.8
391849,37.509766,y,325.78,371.6759,3.08915,0,109.8
391850,37.519532,y,279.195,351.6418,3.07332,0,109.8
391851,37.525391,y,226.625,334.6079,3.16163,0,109.8
391852,37.535157,y,174.685,299.9638,3.36736,0,109.8
391853,37.544922,y,128.485,262.8198,3.58323,0,109.8
391854,37.554688,y,88.41,225.0374,3.86567,0,109.8
391855,37.56543,y,54.25,184.8148,4.10769,0,109.8
391856,37.575196,y,14.63,147.9477,4.03535,0,109.8
391857,37.584961,y,-49.98,105.0745,3.75152,0,109.8
391858,37.594727,y,-142.275,51.4912,2.5305,0,109.8
391859,37.604493,y,-200.305,-3.0554,1.89157,0,109.8
391860,37.610352,y,-201.04,-30.0313,3.99771,0,109.8
391861,37.620118,y,-207.2,-68.4113,1.49242,0,109.8
391862,37.629883,y,-272.125,-112.5378,0.60412,0,109.8
391863,37.639649,y,-316.26,-156.6701,3.27379,0,109.8
391864,37.650391,y,-253.05,-179.3688,3.51896,0,109.8
391865,37.660157,y,-165.76,-176.4207,2.23713,0,109.8
391866,37.669922,y,-134.015,-167.2352,1.87832,0,109.8
391867,37.679688,y,-131.74,-159.5459,1.62411,0,109.8
391868,37.69043,y,-108.29,-147.4745,2.62836,0,109.8
391869,37.700196,y,-61.95,-128.9473,1.82733,0,109.8
391870,37.705079,y,-43.715,-119.1526,1.53982,0,109.8
391871,37.714844,y,-45.955,-103.2972,0.77363,0,109.8
391872,37.72461,y,-54.845,-92.801,1.58044,0,109.8
391873,37.735352,y,-38.64,-80.0454,1.42908,0,109.8
391874,37.745118,y,-24.885,-68.096,1.25858,0,109.8
391875,37.754883,y,-20.09,-57.6974,1.20707,0,109.8
391876,37.764649,y,-18.27,-49.1563,1.19791,0,109.8
391877,37.775391,y,-19.74,-42.2284,1.09673,0,109.8
391878,37.785157,y,-21.63,-37.7661,1.10852,0,109.8
391879,37.794922,y,-18.41,-33.5734,1.01895,0,109.8
391880,37.804688,y,-17.78,-30.1521,1.16351,0,109.8
391881,37.81543,y,-17.325,-27.1311,0.9856,0,109.8
391882,37.820313,y,-17.395,-26.0123,1.09634,0,109.8
391883,37.830079,y,-15.61,-23.7588,0.96672,0,109.8
391884,37.839844,y,-17.675,-22.441,1.00318,0,109.8
391885,37.84961,y,-17.29,-21.3252,0.99979,0,109.8
391886,37.860352,y,-18.025,-20.5479,1.00477,0,109.8
391887,37.870118,y,-18.41,-20.0848,0.99562,0,109.8
391888,37.879883,y,-18.235,-19.6841,1.09188,0,109.8
391889,37.889649,y,-16.625,-19.0214,1.04823,0,109.8
391890,37.900391,y,-15.61,-18.218,1.05438,0,109.8
391891,37.905274,y,-14.28,-17.7654,1.05603,0,109.8
391892,37.91504,y,-12.88,-16.7071,1.03334,0,109.8
391893,37.924805,y,-13.09,-15.9236,1.0238,0,109.8
391894,37.934571,y,-12.74,-15.2339,0.9536,0,109.8
391895,37.945313,y,-14.175,-14.9845,1.088,0,109.8
391896,37.955079,y,-15.505,-15.0973,1.02079,0,109.8
391897,37.964844,y,-15.855,-15.2614,1.02641,0,109.8
391898,37.97461,y,-16.94,-15.625,1.05483,0,109.8
391899,37.985352,y,-16.555,-15.8441,1.03514,0,109.8
391900,37.995118,y,-15.89,-15.854,0.9873,0,109.8
391901,38.004883,y,-18.13,-16.347,1.02701,0,109.8
391902,38.014649,y,-17.99,-16.7029,1.04838,0,109.8
391903,38.019532,y,-18.235,-16.879,0.99216,0,109.8
391904,38.030274,y,-21.28,-17.9155,1.05324,0,109.8
391905,38.04004,y,-24.22,-19.2812,1.07964,0,109.8
391906,38.049805,y,-27.79,-21.1243,1.02607,0,109.8
391907,38.059571,y,-34.265,-23.971,0.96233,0,109.8
391908,38.070313,y,-42.525,-28.3407,0.99657,0,109.8
391909,38.080079,y,-53.585,-33.8094,1.01588,0,109.8
391910,38.089844,y,-66.045,-40.7919,0.92258,0,109.8
391911,38.09961,y,-85.61,-50.5009,1.077,0,109.8
391912,38.110352,y,-103.88,-63.0723,1.0818,0,109.8
391913,38.115235,y,-121.275,-69.7609,1.02787,0,109.8
391914,38.125,y,-146.44,-86.3704,1.00807,0,109.8
391915,38.134766,y,-172.83,-105.1001,1.10035,0,109.8
391916,38.144532,y,-198.17,-125.2618,1.05723,0,109.8
391917,38.155274,y,-227.71,-149.3897,0.8769,0,109.8
391918,38.16504,y,-269.08,-175.3182,0.86321,0,109.8
391919,38.174805,y,-315.63,-205.7112,1.25941,0,109.8
391920,38.184571,y,-356.335,-238.3408,1.3765,0,109.8
391921,38.195313,y,-403.305,-277.192,1.0497,0,109.8
391922,38.200196,y,-465.99,-298.8883,1.08845,0,109.8
391923,38.209961,y,-519.225,-346.6155,1.63474,0,109.8
391924,38.219727,y,-560.945,-393.0457,2.376,0,109.8
391925,38.229493,y,-575.4,-432.5491,3.5073,0,109.8
391926,38.240235,y,-544.495,-458.9138,4.21046,0,109.8
391927,38.25,y,-485.1,-464.586,3.32504,0,109.8
391928,38.259766,y,-444.57,-460.2499,2.95805,0,109.8
391929,38.269532,y,-419.51,-451.4244,2.26882,0,109.8
391930,38.280274,y,-419.615,-443.9329,2.15984,0,109.8
391931,38.29004,y,-402.745,-435.0104,2.89132,0,109.8
391932,38.299805,y,-334.075,-413.1467,2.25436,0,109.8
391933,38.309571,y,-282.275,-384.796,1.83125,0,109.8
391934,38.31543,y,-276.85,-370.0881,5.51528,0,109.8
391935,38.325196,y,-120.89,-316.1043,3.44425,0,109.8
391936,38.334961,y,-22.12,-252.4243,3.1161,0,109.8
391937,38.344727,y,62.79,-184.1395,2.02122,0,109.8
391938,38.354493,y,127.225,-116.6886,1.64384,0,109.8
391939,38.365235,y,181.02,-46.5744,1.47768,0,109.8
391940,38.375,y,223.93,12.0196,1.38674,0,109.8
391941,38.384766,y,261.38,66.0385,1.18786,1,109.73
391942,38.394532,y,288.54,114.239,1.18667,0,109.73
391943,38.400391,y,315.035,141.598,1.17611,0,109.73
391944,38.410157,y,343.14,185.258,1.19588,0,109.73
391945,38.419922,y,373.205,225.9693,1.12583,0,109.73
391946,38.429688,y,399.35,263.5287,0.94682,0,109.73
391947,38.44043,y,416.29,299.506,0.80775,0,109.73
391948,38.450196,y,423.535,326.3743,0.79481,0,109.73
391949,38.459961,y,424.69,347.6705,0.98132,0,109.73
391950,38.469727,y,425.39,364.5069,1.20241,0,109.73
391951,38.479493,y,428.05,378.2722,1.27896,0,109.73
391952,38.490235,y,429.66,390.3747,1.41922,0,109.73
391953,38.5,y,431.305,399.2406,1.61795,0,109.73
391954,38.509766,y,435.365,407.0662,1.69161,0,109.73
391955,38.514649,y,437.255,410.5355,1.7871,0,109.73
391956,38.525391,y,433.475,415.938,2.03051,0,109.73
391957,38.535157,y,427.14,418.3647,2.33988,0,109.73
391958,38.544922,y,420.35,418.7947,2.58425,0,109.73
391959,38.554688,y,409.85,416.857,2.80003,0,109.73
391960,38.56543,y,395.5,411.8272,2.9531,0,109.73
391961,38.575196,y,377.86,404.4689,3.04268,0,109.73
391962,38.584961,y,356.93,394.1715,2.99099,0,109.73
391963,38.594727,y,329.21,380.0989,2.89633,0,109.73
391964,38.604493,y,292.845,361.1971,2.9535,0,109.73
391965,38.610352,y,252.63,346.4045,3.04516,0,109.73
391966,38.620118,y,212.94,317.4921,3.10568,0,109.73
391967,38.629883,y,174.65,286.551,3.13972,0,109.73
391968,38.639649,y,136.5,254.0455,3.23969,0,109.73
391969,38.650391,y,99.155,217.5668,3.40489,0,109.73
391970,38.660157,y,60.69,183.5826,3.49987,0,109.73
391971,38.669922,y,10.78,146.1518,3.59951,0,109.73
391972,38.679688,y,-55.195,102.5341,3.62956,0,109.73
391973,38.69043,y,-163.345,39.9161,2.50675,0,109.73
391974,38.695313,y,-211.54,11.0193,1.36154,0,109.73
391975,38.705079,y,-240.17,-43.3958,3.52842,0,109.73
391976,38.714844,y,-229.145,-83.631,2.28252,0,109.73
391977,38.72461,y,-233.555,-116.109,1.92897,0,109.73
391978,38.735352,y,-244.685,-146.3903,2.90896,0,109.73
391979,38.745118,y,-196.49,-157.2434,2.87642,0,109.73
391980,38.754883,y,-132.685,-151.9238,2.03457,0,109.73
391981,38.764649,y,-101.955,-141.0991,1.46216,0,109.73
391982,38.775391,y,-101.99,-131.8884,2.03174,0,109.73
391983,38.785157,y,-76.125,-119.8084,2.12502,0,109.73
391984,38.794922,y,-48.86,-104.4402,1.76896,0,109.73
391985,38.804688,y,-42.105,-90.9365,1.27661,0,109.73
391986,38.81543,y,-48.3,-80.8951,0.88463,0,109.73
391987,38.820313,y,-48.3,-77.1493,1.44922,0,109.73
391988,38.830079,y,-36.19,-68.2763,1.17028,0,109.73
391989,38.839844,y,-28.385,-59.6354,1.34182,0,109.73
391990,38.84961,y,-20.44,-51.1445,1.26823,0,109.73
391991,38.860352,y,-14.07,-42.413,1.23519,0,109.73
391992,38.870118,y,-10.22,-35.439,1.03537,0,109.73
391993,38.879883,y,-12.18,-30.4009,1.11366,0,109.73
391994,38.889649,y,-11.55,-26.3172,1.13898,0,109.73
391995,38.900391,y,-11.48,-22.8229,0.94607,0,109.73
391996,38.905274,y,-10.92,-21.455,1.08175,0,109.73
391997,38.91504,y,-10.955,-19.1804,0.97191,0,109.73
391998,38.924805,y,-14.77,-18.2251,0.92318,0,109.73
391999,38.934571,y,-16.94,-17.9467,0.96038,0,109.73
392000,38.945313,y,-19.425,-18.2948,1.01525,0,109.73
392001,38.955079,y,-22.225,-19.1462,0.97259,0,109.73
392002,38.964844,y,-24.255,-20.2528,1.06857,0,109.73
392003,38.97461,y,-24.08,-21.0819,1.06514,0,109.73
392004,38.985352,y,-23.835,-21.7303,1.05479,0,109.73
392005,38.995118,y,-21.42,-21.6631,1.02817,0,109.73
392006,39.004883,y,-20.37,-21.383,1.04054,0,109.73
392007,39.009766,y,-20.86,-21.3229,1.06819,0,109.73
392008,39.019532,y,-21.14,-21.2833,0.99631,0,109.73
392009,39.030274,y,-20.335,-21.0599,1.05824,0,109.73
392010,39.04004,y,-21.665,-21.191,1.07108,0,109.73
392011,39.049805,y,-20.86,-21.1193,1.02813,0,109.73
392012,39.059571,y,-21.07,-21.1086,1.03071,0,109.73
392013,39.070313,y,-22.82,-21.5117,1.02048,0,109.73
392014,39.080079,y,-22.82,-21.7951,1.06692,0,109.73
392015,39.089844,y,-23.625,-22.1915,1.03662,0,109.73
392016,39.09961,y,-26.46,-23.1162,1.08226,0,109.73
392017,39.110352,y,-28.175,-24.3076,1.13108,0,109.73
392018,39.115235,y,-27.055,-24.6233,0.94215,0,109.73
392019,39.125,y,-34.44,-26.7497,1.04622,0,109.73
392020,39.134766,y,-39.515,-29.5151,1.01867,0,109.73
392021,39.144532,y,-47.355,-33.3797,0.98034,0,109.73
392022,39.155274,y,-57.54,-39.0698,0.9406,0,109.73
392023,39.16504,y,-71.715,-46.1417,1.12719,0,109.73
392024,39.174805,y,-82.985,-54.1223,1.01743,0,109.73
392025,39.184571,y,-97.51,-63.5214,1.03153,0,109.73
392026,39.195313,y,-113.19,-75.219,0.97512,0,109.73
392027,39.205079,y,-135.275,-88.2289,1.05581,0,109.73
392028,39.209961,y,-155.96,-96.0109,0.99721,0,109.73
392029,39.219727,y,-181.615,-114.5553,1.0114,0,109.73
392030,39.229493,y,-209.23,-135.0647,1.06626,0,109.73
392031,39.240235,y,-237.265,-159.1342,0.92604,0,109.73
392032,39.25,y,-278.215,-184.9283,0.80762,0,109.73
392033,39.259766,y,-326.025,-215.4941,0.8626,0,109.73
392034,39.269532,y,-370.195,-249.0069,1.51683,0,109.73
392035,39.280274,y,-409.815,-286.8793,1.28149,0,109.73
392036,39.29004,y,-457.66,-323.8755,1.29737,0,109.73
392037,39.299805,y,-508.235,-363.8097,1.51796,0,109.73
392038,39.309571,y,-545.3,-403.1259,2.65138,0,109.73
392039,39.31543,y,-545.895,-422.5786,3.86604,0,109.73
392040,39.325196,y,-500.57,-439.4738,3.87251,0,109.73
392041,39.334961,y,-450.835,-441.9348,3.04936,0,109.73
392042,39.344727,y,-420.385,-437.2665,2.61413,0,109.73
392043,39.354493,y,-407.855,-430.8951,2.00681,0,109.73
392044,39.365235,y,-413.245,-426.7382,2.32807,0,109.73
392045,39.375,y,-384.86,-417.667,2.85547,0,109.73
392046,39.384766,y,-317.345,-395.9342,2.29674,0,109.73
392047,39.394532,y,-262.64,-367.0587,2.03962,0,109.73
392048,39.400391,y,-242.27,-350.0559,5.98608,0,109.73
392049,39.410157,y,-71.855,-289.7893,3.33741,0,109.73
392050,39.419922,y,17.675,-223.1894,2.98537,0,109.73
392051,39.429688,y,99.785,-153.2235,1.71456,0,109.73
392052,39.44043,y,152.775,-81.1569,1.37803,0,109.73
392053,39.450196,y,188.72,-22.6935,1.31019,0,109.73
392054,39.459961,y,215.95,28.9991,1.11731,0,109.73
392055,39.469727,y,235.095,73.6457,0.97449,1,110.08
392056,39.479493,y,250.32,111.9186,1.12517,0,110.08
392057,39.490235,y,275.415,150.4241,1.26608,0,110.08
392058,39.5,y,308.0,184.5567,1.3093,0,110.08
392059,39.504883,y,343.84,202.8612,1.19017,0,110.08
392060,39.514649,y,374.255,239.9902,1.00433,0,110.08
392061,39.525391,y,394.03,276.2685,0.87273,0,110.08
392062,39.535157,y,404.46,304.0386,0.97767,0,110.08
392063,39.544922,y,412.79,327.5953,1.17554,0,110.08
392064,39.554688,y,420.595,347.7418,1.25961,0,110.08
392065,39.56543,y,427.315,366.4823,1.27479,0,110.08
392066,39.575196,y,429.065,380.0396,1.31634,0,110.08
392067,39.584961,y,427.455,390.3103,1.45483,0,110.08
392068,39.594727,y,427.035,398.2659,1.5754,0,110.08
392069,39.604493,y,425.39,404.1418,1.64031,0,110.08
392070,39.610352,y,419.685,406.2596,1.84481,0,110.08
392071,39.620118,y,413.175,407.7577,2.19815,0,110.08
392072,39.629883,y,409.815,408.2033,2.48227,0,110.08
392073,39.639649,y,404.6,407.4227,2.6666,0,110.08
392074,39.650391,y,395.08,404.5159,2.81267,0,110.08
392075,39.660157,y,381.955,399.6285,2.99078,0,110.08
392076,39.669922,y,368.165,392.8132,3.07898,0,110.08
392077,39.679688,y,350.56,383.6599,3.02413,0,110.08
392078,39.69043,y,324.73,369.7811,2.98758,0,110.08
392079,39.700196,y,292.425,353.0235,2.93666,0,110.08
392080,39.705079,y,256.235,341.9008,2.85421,0,110.08
392081,39.714844,y,216.615,314.7626,2.93123,0,110.08
392082,39.72461,y,176.435,284.7967,3.00529,0,110.08
392083,39.735352,y,130.69,248.5026,3.23456,0,110.08
392084,39.745118,y,81.62,212.3508,3.64883,0,110.08
392085,39.754883,y,35.77,174.1016,3.90195,0,110.08
392086,39.764649,y,-13.23,133.52,3.69561,0,110.08
392087,39.775391,y,-83.37,82.4396,3.4274,0,110.08
392088,39.785157,y,-166.845,28.4371,1.58099,0,110.08
392089,39.794922,y,-201.74,-21.4216,3.01518,0,110.08
392090,39.804688,y,-183.61,-56.5565,3.5742,0,110.08
392091,39.81543,y,-178.675,-85.3169,1.17759,0,110.08
392092,39.820313,y,-251.09,-104.3673,1.31698,0,110.08
392093,39.830079,y,-280.595,-142.5434,3.59307,0,110.08
392094,39.839844,y,-203.595,-155.7678,3.33315,0,110.08
392095,39.84961,y,-122.71,-148.6065,1.97539,0,110.08
392096,39.860352,y,-98.525,-136.8117,1.57322,0,110.08
392097,39.870118,y,-101.78,-129.2228,2.69765,0,110.08
392098,39.879883,y,-73.395,-117.1299,1.8096,0,110.08
392099,39.889649,y,-56.0,-103.8873,1.69809,0,110.08
392100,39.900391,y,-41.125,-89.106,1.44543,0,110.08
392101,39.905274,y,-37.66,-83.1939,0.89584,0,110.08
392102,39.91504,y,-45.92,-75.1193,1.18623,0,110.08
392103,39.924805,y,-38.955,-67.2857,1.50431,0,110.08
392104,39.934571,y,-21.385,-57.3423,1.34514,0,110.08
392105,39.945313,y,-12.74,-46.8379,1.23661,0,110.08
392106,39.955079,y,-11.375,-39.1555,1.10586,0,110.08
392107,39.964844,y,-12.95,-33.4792,1.1555,0,110.08
392108,39.97461,y,-13.02,-29.0471,1.07592,0,110.08
392109,39.985352,y,-11.83,-24.9922,1.16934,0,110.08
392110,39.995118,y,-4.41,-20.5335,1.10622,0,110.08
392111,40.004883,y,-4.235,-17.0031,0.99001,0,110.08
392112,40.009766,y,-7.245,-15.8817,0.98415,0,110.08
392113,40.019532,y,-9.59,-14.5187,0.95498,0,110.08
392114,40.030274,y,-12.67,-14.0833,0.96268,0,110.08
392115,40.04004,y,-15.365,-14.361,0.96594,0,110.08
392116,40.049805,y,-16.765,-14.8817,0.92994,0,110.08
392117,40.059571,y,-21.98,-16.4194,0.93678,0,110.08
392118,40.070313,y,-25.34,-18.5203,1.00226,0,110.08
392119,40.080079,y,-26.005,-20.1417,1.03769,0,110.08
392120,40.089844,y,-25.725,-21.3511,1.03333,0,110.08
392121,40.09961,y,-27.3,-22.6398,1.05807,0,110.08
392122,40.110352,y,-25.865,-23.3994,1.05608,0,110.08
392123,40.115235,y,-22.82,-23.3328,1.10431,0,110.08
392124,40.125,y,-22.82,-23.2217,0.94454,0,110.08
392125,40.134766,y,-25.2,-23.6503,1.07416,0,110.08
392126,40.144532,y,-23.275,-23.569,0.99955,0,110.08
392127,40.155274,y,-24.64,-23.8212,1.01377,0,110.08
392128,40.16504,y,-25.27,-24.1351,1.04376,0,110.08
392129,40.174805,y,-24.395,-24.1914,1.08192,0,110.08
392130,40.184571,y,-21.945,-23.7047,1.04109,0,110.08
392131,40.195313,y,-22.33,-23.381,1.07774,0,110.08
392132,40.200196,y,-22.05,-23.228,1.04834,0,110.08
392133,40.209961,y,-22.61,-23.0942,1.05642,0,110.08
392134,40.219727,y,-24.115,-23.3153,1.08929,0,110.08
392135,40.229493,y,-25.935,-23.8828,1.038,0,110.08
392136,40.240235,y,-29.295,-25.1574,0.99874,0,110.08
392137,40.25,y,-37.8,-27.896,1.17822,0,110.08
392138,40.259766,y,-41.965,-30.9437,0.89328,0,110.08
392139,40.269532,y,-58.38,-36.8872,0.93896,0,110.08
392140,40.280274,y,-74.9,-45.8397,0.95613,0,110.08
392141,40.29004,y,-94.22,-56.3203,1.01853,0,110.08
392142,40.299805,y,-117.145,-69.4956,1.02868,0,110.08
392143,40.309571,y,-139.195,-84.5946,1.03113,0,110.08
392144,40.31543,y,-167.125,-95.8396,1.02851,0,110.08
392145,40.325196,y,-197.89,-117.9467,1.09539,0,110.08
392146,40.334961,y,-226.24,-141.4042,1.03229,0,110.08
392147,40.344727,y,-260.925,-167.296,0.90166,0,110.08
392148,40.354493,y,-303.555,-196.8137,0.88493,0,110.08
392149,40.365235,y,-348.67,-232.5778,1.35386,0,110.08
392150,40.375,y,-387.695,-266.1778,1.03511,0,110.08
392151,40.384766,y,-439.005,-303.6173,1.31363,0,110.08
392152,40.394532,y,-494.41,-344.9487,1.30999,0,110.08
392153,40.400391,y,-538.72,-371.3506,1.82804,0,110.08
392154,40.410157,y,-569.975,-414.3786,2.62361,0,110.08
392155,40.419922,y,-565.81,-447.1802,3.98145,0,110.08
392156,40.429688,y,-512.785,-461.3921,4.15531,0,110.08
392157,40.44043,y,-454.685,-459.8125,3.29359,0,110.08
392158,40.450196,y,-422.835,-451.8021,2.81576,0,110.08
392159,40.459961,y,-409.99,-442.7452,2.08463,0,110.08
392160,40.469727,y,-410.06,-435.6646,2.57269,0,110.08
392161,40.479493,y,-378.385,-423.2561,2.26973,0,110.08
392162,40.490235,y,-329.49,-401.173,1.97033,0,110.08
392163,40.5,y,-291.235,-377.3593,4.01988,0,110.08
392164,40.504883,y,-193.865,-356.2725,5.92317,0,110.08
392165,40.514649,y,-6.3,-280.458,3.77385,0,110.08
392166,40.525391,y,119.21,-186.3311,2.80422,0,110.08
392167,40.535157,y,216.335,-99.1016,1.62655,0,110.08
392168,40.544922,y,263.095,-20.6461,1.2802,0,110.08
392169,40.554688,y,289.94,46.6362,0.94663,1,110.29
392170,40.56543,y,294.455,105.0007,0.7022,0,110.29
392171,40.575196,y,290.955,145.2839,0.63842,0,110.29
392172,40.584961,y,289.1,176.436,0.83177,0,110.29
392173,40.594727,y,302.785,203.8069,1.12224,0,110.29
392174,40.604493,y,332.325,231.6478,1.16631,0,110.29
392175,40.610352,y,363.23,249.5762,1.10288,0,110.29
392176,40.620118,y,386.19,279.1709,1.09283,0,110.29
392177,40.629883,y,398.545,305.0285,1.18852,0,110.29
392178,40.639649,y,407.785,327.2886,1.27915,0,110.29
392179,40.650391,y,419.44,348.9915,1.35685,0,110.29
392180,40.660157,y,429.625,366.4591,1.26554,0,110.29
392181,40.669922,y,431.06,380.4523,1.23755,0,110.29
392182,40.679688,y,425.705,390.2554,1.18937,0,110.29
392183,40.69043,y,413.21,395.6615,1.2854,0,110.29
392184,40.695313,y,398.965,396.0411,1.59926,0,110.29
392185,40.705079,y,388.57,394.4227,1.98884,0,110.29
392186,40.714844,y,383.075,391.9646,2.27973,0,110.29
392187,40.72461,y,378.98,389.1518,2.46136,0,110.29
392188,40.735352,y,372.225,385.1653,2.63411,0,110.29
392189,40.745118,y,361.795,380.1026,2.87827,0,110.29
392190,40.754883,y,350.7,373.7337,3.18586,0,110.29
392191,40.764649,y,342.545,366.9773,3.35827,0,110.29
392192,40.775391,y,333.83,359.1707,3.30868,0,110.29
392193,40.785157,y,314.44,349.4807,3.15033,0,110.29
392194,40.794922,y,281.96,334.855,3.07743,0,110.29
392195,40.804688,y,242.97,314.95,3.10989,0,110.29
392196,40.809571,y,199.36,301.6666,3.1981,0,110.29
392197,40.820313,y,156.73,267.5322,3.38821,0,110.29
392198,40.830079,y,117.005,234.9235,3.65493,0,110.29
392199,40.839844,y,84.245,202.285,3.97015,0,110.29
392200,40.84961,y,44.73,168.1539,4.07772,0,110.29
392201,40.860352,y,-18.025,124.3064,3.93433,0,110.29
392202,40.870118,y,-119.035,71.5913,3.31141,0,110.29
392203,40.879883,y,-203.77,11.9452,1.05592,0,110.29
392204,40.889649,y,-207.445,-35.5812,4.07782,0,110.29
392205,40.900391,y,-190.54,-72.076,1.91786,0,110.29
392206,40.905274,y,-229.495,-90.1663,0.59722,0,110.29
392207,40.91504,y,-279.86,-131.2596,2.65554,0,110.29
392208,40.924805,y,-236.495,-154.0547,3.51755,0,110.29
392209,40.934571,y,-152.04,-153.6182,2.33338,0,110.29
392210,40.945313,y,-109.9,-143.322,1.9403,0,110.29
392211,40.955079,y,-104.265,-134.8611,1.38918,0,110.29
392212,40.964844,y,-90.055,-125.1556,2.32079,0,110.29
392213,40.97461,y,-51.625,-109.2267,1.57458,0,110.29
392214,40.985352,y,-36.925,-92.1987,1.71487,0,110.29
392215,40.995118,y,-32.795,-79.3301,1.01602,0,110.29
392216,41.004883,y,-42.525,-71.3577,0.9918,0,110.29
392217,41.009766,y,-42.455,-68.0363,1.62522,0,110.29
392218,41.019532,y,-23.975,-58.4913,1.23414,0,110.29
392219,41.030274,y,-21.035,-49.6699,1.28068,0,110.29
392220,41.04004,y,-17.395,-42.6782,1.29341,0,110.29
392221,41.049805,y,-14.91,-36.6633,0.98081,0,110.29
392222,41.059571,y,-18.305,-32.6863,1.0857,0,110.29
392223,41.070313,y,-18.27,-29.2911,1.06396,0,110.29
392224,41.080079,y,-16.94,-26.6155,1.06869,0,110.29
392225,41.089844,y,-15.225,-24.1482,1.06661,0,110.29
392226,41.09961,y,-15.19,-22.2076,1.02282,0,110.29
392227,41.110352,y,-16.625,-20.8928,0.94452,0,110.29
392228,41.115235,y,-19.075,-20.6839,0.98322,0,110.29
392229,41.125,y,-20.02,-20.5401,0.99609,0,110.29
392230,41.134766,y,-21.21,-20.6852,0.98652,0,110.29
392231,41.144532,y,-22.715,-21.1249,0.99876,0,110.29
392232,41.155274,y,-25.305,-22.1094,1.05215,0,110.29
392233,41.16504,y,-25.34,-22.8092,1.08736,0,110.29
392234,41.174805,y,-25.27,-23.3423,1.02308,0,110.29
392235,41.184571,y,-23.905,-23.4642,1.08461,0,110.29
392236,41.195313,y,-23.45,-23.4608,1.08199,0,110.29
392237,41.200196,y,-22.645,-23.3671,0.97512,0,110.29
392238,41.209961,y,-22.96,-23.2789,1.09545,0,110.29
392239,41.219727,y,-21.945,-22.9899,1.02303,0,110.29
392240,41.229493,y,-23.24,-23.0441,1.09193,0,110.29
392241,41.240235,y,-21.525,-22.6863,1.05072,0,110.29
392242,41.25,y,-21.63,-22.4575,1.04083,0,110.29
392243,41.259766,y,-22.295,-22.4223,1.01509,0,110.29
392244,41.269532,y,-22.855,-22.516,1.04177,0,110.29
392245,41.280274,y,-23.415,-22.7278,1.03445,0,110.29
392246,41.29004,y,-24.535,-23.1193,1.09125,0,110.29
392247,41.299805,y,-23.59,-23.2212,1.02275,0,110.29
392248,41.304688,y,-29.75,-23.9715,1.03964,0,110.29
392249,41.31543,y,-35.245,-26.6266,1.09769,0,110.29
392250,41.325196,y,-40.04,-29.5323,0.92308,0,110.29
392251,41.334961,y,-50.19,-34.007,0.91815,0,110.29
392252,41.344727,y,-63.875,-40.4773,1.03506,0,110.29
392253,41.354493,y,-77.56,-48.5105,1.06777,0,110.29
392254,41.365235,y,-94.92,-59.4405,1.01498,0,110.29
392255,41.375,y,-113.19,-71.0832,1.04561,0,110.29
392256,41.384766,y,-135.975,-85.1407,1.02765,0,110.29
392257,41.394532,y,-163.905,-102.2034,1.08573,0,110.29
392258,41.400391,y,-190.54,-114.2395,1.07465,0,110.29
392259,41.410157,y,-220.71,-137.3042,1.06389,0,110.29
392260,41.419922,y,-256.55,-163.1341,0.82364,0,110.29
392261,41.429688,y,-302.4,-193.3032,0.86669,0,110.29
392262,41.44043,y,-351.995,-230.6772,1.16708,0,110.29
392263,41.450196,y,-396.41,-266.5799,1.39395,0,110.29
392264,41.459961,y,-445.375,-305.3087,1.04895,0,110.29
392265,41.469727,y,-505.82,-348.7455,1.39607,0,110.29
392266,41.479493,y,-545.825,-391.4388,2.0022,0,110.29
392267,41.490235,y,-569.66,-433.4122,3.14502,0,110.29
392268,41.5,y,-551.6,-459.0129,4.13178,0,110.29
392269,41.504883,y,-493.815,-463.0123,3.44729,0,110.29
392270,41.514649,y,-453.88,-461.0339,3.29029,0,110.29
392271,41.525391,y,-428.575,-453.3894,2.31832,0,110.29
392272,41.535157,y,-430.01,-448.3248,1.8959,0,110.29
392273,41.544922,y,-422.17,-442.6594,3.00548,0,110.29
392274,41.554688,y,-365.75,-425.9985,3.05709,0,110.29
392275,41.56543,y,-293.09,-394.6968,3.05801,0,110.29
392276,41.575196,y,-223.195,-357.5444,5.01179,0,110.29
392277,41.584961,y,-89.145,-299.4063,4.19134,0,110.29
392278,41.594727,y,44.135,-224.985,3.04585,0,110.29
392279,41.604493,y,132.3,-147.5864,1.72709,0,110.29
392280,41.610352,y,179.48,-103.0227,1.19814,0,110.29
392281,41.620118,y,200.935,-37.1764,1.12527,0,110.29
392282,41.629883,y,214.865,17.4184,0.94992,0,110.29
392283,41.639649,y,217.84,60.8357,0.80555,1,110.41
392284,41.650391,y,222.565,98.925,0.84383,0,110.41
392285,41.660157,y,234.745,128.3477,1.07029,0,110.41
392286,41.669922,y,260.715,157.0198,1.34258,0,110.41
392287,41.679688,y,300.475,188.0965,1.5056,0,110.41
392288,41.69043,y,346.22,225.3366,1.43832,0,110.41
392289,41.695313,y,385.98,243.7974,1.13447,0,110.41
392290,41.705079,y,408.835,279.5495,0.84584,0,110.41
392291,41.714844,y,414.4,308.7595,0.8346,0,110.41
392292,41.72461,y,412.685,331.2729,1.02405,0,110.41
392293,41.735352,y,412.16,350.3228,1.13099,0,110.41
392294,41.745118,y,413.77,364.0674,1.47801,0,110.41
392295,41.754883,y,422.24,376.6682,1.69428,0,110.41
392296,41.764649,y,432.215,388.7013,1.75166,0,110.41
392297,41.775391,y,437.045,400.0868,1.65414,0,110.41
392298,41.785157,y,431.165,406.8193,1.78195,0,110.41
392299,41.794922,y,419.72,409.6137,2.0774,0,110.41
392300,41.799805,y,408.905,409.5323,2.43394,0,110.41
392301,41.809571,y,399.84,407.4326,2.71365,0,110.41
392302,41.820313,y,390.74,403.5013,2.84481,0,110.41
392303,41.830079,y,378.455,398.0755,2.92298,0,110.41
392304,41.839844,y,362.18,390.3002,3.02969,0,110.41
392305,41.84961,y,343.875,380.2431,3.18632,0,110.41
392306,41.860352,y,325.64,367.3834,3.19484,0,110.41
392307,41.870118,y,304.36,353.7306,3.07351,0,110.41
392308,41.879883,y,275.94,336.8804,2.8942,0,110.41
392309,41.889649,y,237.685,315.3917,2.79292,0,110.41
392310,41.900391,y,190.295,285.9298,2.85098,0,110.41
392311,41.905274,y,138.775,269.0191,3.09111,0,110.41
392312,41.91504,y,90.02,230.2425,3.47663,0,110.41
392313,41.924805,y,47.075,190.5666,3.69755,0,110.41
392314,41.934571,y,-4.305,148.3516,3.58665,0,110.41
392315,41.945313,y,-74.235,95.9296,3.40704,0,110.41
392316,41.955079,y,-179.41,36.2828,1.97731,0,110.41
392317,41.964844,y,-209.615,-16.9812,2.26233,0,110.41
392318,41.97461,y,-220.99,-61.1756,3.5707,0,110.41
392319,41.985352,y,-206.255,-95.3437,1.55652,0,110.41
392320,41.995118,y,-236.495,-125.9213,1.69313,0,110.41
392321,42.0,y,-244.755,-139.5748,3.17494,0,110.41
392322,42.009766,y,-181.965,-148.7578,2.6155,0,110.41
392323,42.019532,y,-127.505,-144.1538,1.59453,0,110.41
392324,42.030274,y,-112.84,-136.779,1.43532,0,110.41
392325,42.04004,y,-113.96,-131.8357,1.47498,0,110.41
392326,42.049805,y,-98.595,-124.6354,2.34266,0,110.41
392327,42.059571,y,-66.115,-111.9582,1.70331,0,110.41
392328,42.070313,y,-52.185,-97.8808,1.39057,0,110.41
392329,42.080079,y,-55.09,-88.611,0.95027,0,110.41
392330,42.089844,y,-52.15,-80.7132,1.63178,0,110.41
392331,42.09961,y,-33.495,-70.4843,1.17048,0,110.41
392332,42.110352,y,-25.69,-59.9347,1.2999,0,110.41
392333,42.115235,y,-20.475,-55.4001,1.15182,0,110.41
392334,42.125,y,-19.425,-47.6075,1.23687,0,110.41
392335,42.134766,y,-16.415,-40.8503,0.98041,0,110.41
392336,42.144532,y,-16.975,-35.6782,1.23004,0,110.41
392337,42.155274,y,-15.365,-30.8942,1.07085,0,110.41
392338,42.16504,y,-14.945,-27.4391,1.06739,0,110.41
392339,42.174805,y,-11.865,-24.0656,1.00243,0,110.41
392340,42.184571,y,-14.91,-22.0822,1.00979,0,110.41
392341,42.19043,y,-16.205,-21.2814,1.00989,0,110.41
392342,42.200196,y,-14.525,-19.8178,1.03393,0,110.41
392343,42.209961,y,-14.0,-18.5576,1.04111,0,110.41
392344,42.219727,y,-13.79,-17.5248,1.0059,0,110.41
392345,42.229493,y,-14.245,-16.8143,1.02094,0,110.41
392346,42.240235,y,-16.205,-16.6708,0.96956,0,110.41
392347,42.25,y,-18.48,-17.0627,0.98578,0,110.41
392348,42.259766,y,-20.93,-17.9005,0.89538,0,110.41
392349,42.269532,y,-25.06,-19.4514,1.04146,0,110.41
392350,42.280274,y,-28.665,-21.6213,1.05622,0,110.41
392351,42.29004,y,-28.14,-23.0335,1.0146,0,110.41
392352,42.294922,y,-27.825,-23.584,1.10769,0,110.41
392353,42.304688,y,-25.725,-24.0478,1.04454,0,110.41
392354,42.31543,y,-24.675,-24.1955,1.11925,0,110.41
392355,42.325196,y,-21.35,-23.5791,1.00326,0,110.41
392356,42.334961,y,-21.945,-23.2251,1.03082,0,110.41
392357,42.344727,y,-23.345,-23.2511,1.03665,0,110.41
392358,42.354493,y,-23.24,-23.2487,1.0488,0,110.41
392359,42.365235,y,-23.345,-23.2714,1.10395,0,110.41
392360,42.375,y,-21.875,-22.9689,1.01583,0,110.41
392361,42.384766,y,-23.59,-23.1035,1.02616,0,110.41
392362,42.394532,y,-26.985,-23.9443,1.05179,0,110.41
392363,42.400391,y,-29.96,-24.764,1.07906,0,110.41
392364,42.410157,y,-33.355,-26.625,0.9773,0,110.41
392365,42.419922,y,-39.725,-29.4626,0.98875,0,110.41
392366,42.429688,y,-49.805,-33.8694,1.0706,0,110.41
392367,42.44043,y,-59.5,-39.9057,1.0082,0,110.41
392368,42.450196,y,-76.055,-47.7367,1.03045,0,110.41
392369,42.459961,y,-91.91,-57.3051,0.98101,0,110.41
392370,42.469727,y,-112.91,-69.3508,1.05651,0,110.41
392371,42.479493,y,-132.265,-82.9799,0.97419,0,110.41
392372,42.490235,y,-157.535,-100.5386,1.06688,0,110.41
392373,42.495118,y,-184.835,-110.2258,1.13228,0,110.41
392374,42.504883,y,-209.86,-131.8076,0.98041,0,110.41
392375,42.514649,y,-240.485,-155.3503,0.91106,0,110.41
392376,42.525391,y,-280.63,-184.8553,0.88225,0,110.41
392377,42.535157,y,-328.545,-215.9828,1.03075,0,110.41
392378,42.544922,y,-368.375,-248.9925,1.35609,0,110.41
392379,42.554688,y,-406.42,-283.096,0.94878,0,110.41
392380,42.56543,y,-463.26,-325.5269,1.42257,0,110.41
392381,42.575196,y,-505.715,-364.5611,1.49419,0,110.41
392382,42.584961,y,-543.62,-403.3471,2.44021,0,110.41
392383,42.594727,y,-550.655,-435.2584,3.50302,0,110.41
392384,42.604493,y,-515.9,-452.7278,4.00773,0,110.41
392385,42.610352,y,-462.735,-454.0913,3.16634,0,110.41
392386,42.620118,y,-429.24,-448.7077,2.9195,0,110.41
392387,42.629883,y,-412.055,-440.7684,2.27035,0,110.41
392388,42.639649,y,-416.08,-435.4201,2.40361,0,110.41
392389,42.650391,y,-393.61,-425.5733,2.98012,0,110.41
392390,42.660157,y,-331.1,-405.1076,2.41704,0,110.41
392391,42.669922,y,-277.41,-377.447,2.14718,0,110.41
392392,42.679688,y,-251.265,-350.1122,6.05389,0,110.41
392393,42.69043,y,-79.87,-286.4667,3.68432,0,110.41
392394,42.695313,y,28.735,-250.2443,3.20214,0,110.41
392395,42.705079,y,114.87,-171.1497,1.82723,0,110.41
392396,42.714844,y,169.47,-97.3679,1.36573,0,110.41
392397,42.72461,y,204.015,-32.0794,1.2165,0,110.41
392398,42.735352,y,227.29,29.0054,1.0452,0,110.41
392399,42.745118,y,241.465,75.0305,0.88566,1,109.67
392400,42.754883,y,251.545,113.2654,0.9178,0,109.67
392401,42.764649,y,267.12,146.5949,1.12407,0,109.67
392402,42.775391,y,294.7,181.4755,1.29131,0,109.67
392403,42.785157,y,330.295,213.7143,1.17716,0,109.67
392404,42.794922,y,360.36,245.4792,1.02822,0,109.67
392405,42.799805,y,380.625,261.0099,0.94903,0,109.67
392406,42.809571,y,391.3,289.2347,0.96714,0,109.67
392407,42.820313,y,396.865,314.583,1.02634,0,109.67
392408,42.830079,y,400.925,333.2872,1.15033,0,109.67
392409,42.839844,y,405.44,348.9163,1.27407,0,109.67
392410,42.84961,y,409.465,362.0329,1.35428,0,109.67
392411,42.860352,y,411.04,373.5747,1.43654,0,109.67
392412,42.870118,y,411.145,381.7136,1.60999,0,109.67
392413,42.879883,y,412.335,388.3465,1.77273,0,109.67
392414,42.889649,y,413.35,393.763,1.94578,0,109.67
392415,42.900391,y,411.74,397.9968,2.20967,0,109.67
392416,42.905274,y,409.815,399.3549,2.4299,0,109.67
392417,42.91504,y,405.79,400.749,2.68998,0,109.67
392418,42.924805,y,399.63,400.5066,2.92266,0,109.67
392419,42.934571,y,388.71,397.9511,3.03404,0,109.67
392420,42.945313,y,371.175,391.645,3.0741,0,109.67
392421,42.955079,y,346.99,381.9714,3.06598,0,109.67
392422,42.964844,y,315.525,367.5784,3.03181,0,109.67
392423,42.97461,y,276.99,347.9543,3.0785,0,109.67
392424,42.985352,y,236.915,321.8031,3.13548,0,109.67
392425,42.995118,y,197.4,294.8537,3.20551,0,109.67
392426,43.0,y,158.375,279.1728,3.34494,0,109.67
392427,43.009766,y,120.26,244.7476,3.41186,0,109.67
392428,43.019532,y,78.435,208.7193,3.52537,0,109.67
392429,43.030274,y,30.52,166.7511,3.71402,0,109.67
392430,43.04004,y,-25.935,125.0095,3.73483,0,109.67
392431,43.049805,y,-109.13,74.2925,3.57297,0,109.67
392432,43.059571,y,-197.89,15.3296,0.55848,0,109.67
392433,43.070313,y,-224.945,-41.2581,3.57928,0,109.67
392434,43.080079,y,-222.67,-80.5574,2.61568,0,109.67
392435,43.089844,y,-229.425,-112.8036,0.61155,0,109.67
392436,43.09961,y,-273.735,-147.6662,2.12985,0,109.67
392437,43.104493,y,-255.535,-160.0622,3.58609,0,109.67
392438,43.115235,y,-169.855,-162.3686,2.70712,0,109.67
392439,43.125,y,-111.23,-151.2914,1.92366,0,109.67
392440,43.134766,y,-97.93,-139.7317,2.04618,0,109.67
392441,43.144532,y,-68.705,-124.3452,1.63011,0,109.67
392442,43.155274,y,-46.795,-106.0812,1.53963,0,109.67
392443,43.16504,y,-36.365,-90.9786,1.25801,0,109.67
392444,43.174805,y,-40.95,-80.1419,0.87725,0,109.67
392445,43.184571,y,-43.855,-72.281,1.39279,0,109.67
392446,43.19043,y,-33.705,-67.0249,1.1934,0,109.67
392447,43.200196,y,-25.13,-57.9493,1.26564,0,109.67
392448,43.209961,y,-20.51,-49.8395,1.23025,0,109.67
392449,43.219727,y,-16.94,-42.7125,1.21772,0,109.67
392450,43.229493,y,-12.005,-36.0603,1.17984,0,109.67
392451,43.240235,y,-13.615,-30.7742,1.05922,0,109.67
392452,43.25,y,-14.07,-27.1559,1.07569,0,109.67
392453,43.259766,y,-10.675,-23.5856,1.06801,0,109.67
392454,43.269532,y,-9.66,-20.5689,1.03076,0,109.67
392455,43.280274,y,-12.25,-18.6097,1.00815,0,109.67
392456,43.29004,y,-14.035,-17.6187,1.05218,0,109.67
392457,43.299805,y,-13.195,-16.6605,0.95159,0,109.67
392458,43.304688,y,-15.19,-16.4915,1.00193,0,109.67
392459,43.31543,y,-14.21,-15.9542,0.97679,0,109.67
392460,43.325196,y,-16.52,-16.0767,0.9941,0,109.67
392461,43.334961,y,-18.655,-16.6352,1.00855,0,109.67
392462,43.344727,y,-19.215,-17.1941,1.0174,0,109.67
392463,43.354493,y,-19.775,-17.7532,1.1056,0,109.67
392464,43.365235,y,-20.23,-18.3365,1.00388,0,109.67
392465,43.375,y,-19.915,-18.6784,1.01462,0,109.67
392466,43.384766,y,-19.67,-18.8932,1.07217,0,109.67
392467,43.394532,y,-19.81,-19.0918,0.99551,0,109.67
392468,43.400391,y,-19.53,-19.1515,1.06407,0,109.67
392469,43.410157,y,-19.285,-19.1804,1.00498,0,109.67
392470,43.419922,y,-20.335,-19.4305,1.01627,0,109.67
392471,43.429688,y,-21.945,-19.9752,1.03863,0,109.67
392472,43.44043,y,-23.59,-20.8266,1.07281,0,109.67
392473,43.450196,y,-23.205,-21.3418,1.04782,0,109.67
392474,43.459961,y,-23.415,-21.7909,0.99529,0,109.67
392475,43.469727,y,-26.25,-22.7569,1.03915,0,109.67
392476,43.479493,y,-26.18,-23.4984,1.09405,0,109.67
392477,43.490235,y,-27.755,-24.5009,1.07577,0,109.67
392478,43.495118,y,-32.27,-25.3937,0.99449,0,109.67
392479,43.504883,y,-38.71,-28.2782,1.09475,0,109.67
392480,43.514649,y,-46.025,-32.1226,0.98612,0,109.67
392481,43.525391,y,-57.645,-38.1335,1.00771,0,109.67
392482,43.535157,y,-68.285,-44.6652,0.95791,0,109.67
392483,43.544922,y,-82.075,-52.7686,1.04414,0,109.67
392484,43.554688,y,-97.02,-62.3547,0.98956,0,109.67
392485,43.56543,y,-116.165,-75.0277,1.03929,0,109.67
392486,43.575196,y,-139.195,-88.9283,1.1119,0,109.67
392487,43.584961,y,-160.23,-104.373,1.05214,0,109.67
392488,43.594727,y,-183.645,-121.5457,1.01351,0,109.67
392489,43.59961,y,-210.945,-131.8193,1.00481,0,109.67
392490,43.610352,y,-244.44,-158.3429,0.92945,0,109.67
392491,43.620118,y,-285.845,-185.9637,0.7788,0,109.67
392492,43.629883,y,-330.47,-217.2652,1.31421,0,109.67
392493,43.639649,y,-363.86,-249.022,1.316,0,109.67
392494,43.650391,y,-412.02,-287.4101,1.03082,0,109.67
392495,43.660157,y,-472.01,-327.4,1.53947,0,109.67
392496,43.669922,y,-508.375,-366.601,1.72145,0,109.67
392497,43.679688,y,-544.355,-405.1079,2.64899,0,109.67
392498,43.69043,y,-544.145,-437.8529,3.7331,0,109.67
392499,43.695313,y,-502.11,-445.2372,3.63196,0,109.67
392500,43.705079,y,-456.19,-447.6099,3.01908,0,109.67
392501,43.714844,y,-427.49,-443.2517,2.7105,0,109.67
392502,43.72461,y,-411.985,-436.4784,1.83633,0,109.67
392503,43.735352,y,-422.765,-433.2487,2.0094,0,109.67
392504,43.745118,y,-404.495,-427.0198,2.61922,0,109.67
392505,43.754883,y,-338.555,-407.8574,2.82291,0,109.67
392506,43.764649,y,-251.755,-374.041,3.00673,0,109.67
392507,43.775391,y,-183.715,-329.2168,6.44273,0,109.67
392508,43.785157,y,6.79,-256.4277,3.36262,0,109.67
392509,43.794922,y,103.81,-178.3965,2.7625,0,109.67
392510,43.799805,y,180.915,-137.1051,1.2231,0,109.67
392511,43.809571,y,208.81,-62.1696,1.00368,0,109.67
392512,43.820313,y,223.58,5.1281,0.84627,0,109.67
392513,43.830079,y,222.67,52.2542,0.72871,1,110.04
392514,43.839844,y,212.45,86.9543,0.65921,0,110.04
392515,43.84961,y,204.435,112.4041,0.78088,0,110.04
392516,43.860352,y,213.78,136.2794,1.2392,0,110.04
392517,43.870118,y,246.785,160.2182,1.64638,0,110.04
392518,43.879883,y,295.855,189.5985,1.69003,0,110.04
392519,43.889649,y,344.015,223.0498,1.43549,0,110.04
392520,43.900391,y,378.385,259.6332,1.07495,0,110.04
392521,43.905274,y,393.61,275.0295,0.87611,0,110.04
392522,43.91504,y,397.46,301.5516,0.85989,0,110.04
392523,43.924805,y,398.265,322.5008,1.01339,0,110.04
392524,43.934571,y,400.47,339.3912,1.17052,0,110.04
392525,43.945313,y,403.165,354.4108,1.30201,0,110.04
392526,43.955079,y,405.895,365.5638,1.38382,0,110.04
392527,43.964844,y,407.925,374.7397,1.44283,0,110.04
392528,43.97461,y,407.645,381.8679,1.46339,0,110.04
392529,43.985352,y,402.605,386.7518,1.65102,0,110.04
392530,43.990235,y,395.5,387.7571,1.92694,0,110.04
392531,44.0,y,389.69,388.1758,2.21388,0,110.04
392532,44.009766,y,385.84,387.6698,2.48353,0,110.04
392533,44.019532,y,382.935,386.6441,2.76494,0,110.04
392534,44.030274,y,380.73,385.2512,3.0527,0,110.04
392535,44.04004,y,378.385,383.7638,3.20797,0,110.04
392536,44.049805,y,372.155,381.2492,3.07194,0,110.04
392537,44.059571,y,354.27,375.4047,2.84322,0,110.04
392538,44.070313,y,321.3,362.6624,2.73727,0,110.04
392539,44.080079,y,275.73,343.8302,2.68734,0,110.04
392540,44.089844,y,222.32,317.5099,2.70838,0,110.04
392541,44.094727,y,166.88,300.1998,2.90817,0,110.04
392542,44.104493,y,119.63,261.083,3.23324,0,110.04
392543,44.115235,y,86.52,219.9711,3.38777,0,110.04
392544,44.125,y,56.63,184.5898,3.45529,0,110.04
392545,44.134766,y,17.465,148.3856,3.47341,0,110.04
392546,44.144532,y,-40.565,107.4532,3.44971,0,110.04
392547,44.155274,y,-128.38,51.9115,3.0833,0,110.04
392548,44.16504,y,-203.91,-3.5071,0.76969,0,110.04
392549,44.174805,y,-222.11,-50.8587,3.51113,0,110.04
392550,44.184571,y,-215.915,-86.6149,2.07138,0,110.04
392551,44.19043,y,-245.42,-108.2525,1.18046,0,110.04
392552,44.200196,y,-276.675,-144.7378,2.84595,0,110.04
392553,44.209961,y,-233.73,-164.0145,3.49862,0,110.04
392554,44.219727,y,-152.74,-161.5721,2.32282,0,110.04
392555,44.229493,y,-107.66,-149.8931,1.54774,0,110.04
392556,44.240235,y,-107.17,-139.8313,1.3073,0,110.04
392557,44.25,y,-98.665,-130.9142,2.38979,0,110.04
392558,44.259766,y,-58.065,-115.1329,1.51495,0,110.04
392559,44.269532,y,-42.595,-99.419,1.50288,0,110.04
392560,44.280274,y,-40.88,-85.6323,1.05601,0,110.04
392561,44.29004,y,-46.935,-77.2493,1.29776,0,110.04
392562,44.294922,y,-38.78,-72.8294,1.48522,0,110.04
392563,44.304688,y,-20.79,-61.5561,1.29207,0,110.04
392564,44.31543,y,-12.915,-50.1005,1.26069,0,110.04
392565,44.325196,y,-12.11,-41.8706,1.1291,0,110.04
392566,44.334961,y,-10.08,-34.9844,1.19131,0,110.04
392567,44.344727,y,-8.54,-29.2558,1.03237,0,110.04
392568,44.354493,y,-12.565,-25.6401,1.05454,0,110.04
392569,44.365235,y,-12.46,-22.536,1.06708,0,110.04
392570,44.375,y,-10.64,-19.9592,0.99434,0,110.04
392571,44.384766,y,-13.265,-18.509,0.95006,0,110.04
392572,44.394532,y,-14.945,-17.737,1.02363,0,110.04
392573,44.400391,y,-15.365,-17.4138,0.95486,0,110.04
392574,44.410157,y,-17.15,-17.3566,0.9757,0,110.04
392575,44.419922,y,-18.83,-17.6758,1.02441,0,110.04
392576,44.429688,y,-19.635,-18.1002,1.00041,0,110.04
392577,44.44043,y,-21.875,-18.9892,1.02566,0,110.04
392578,44.450196,y,-23.135,-19.8873,0.99552,0,110.04
392579,44.459961,y,-22.925,-20.5453,1.07159,0,110.04
392580,44.469727,y,-23.765,-21.2428,0.99264,0,110.04
392581,44.479493,y,-24.78,-22.0091,1.04737,0,110.04
392582,44.485352,y,-23.52,-22.2149,1.05002,0,110.04
392583,44.495118,y,-23.38,-22.4673,1.11144,0,110.04
392584,44.504883,y,-19.145,-21.7477,1.063,0,110.04
392585,44.514649,y,-17.185,-20.7593,1.01773,0,110.04
392586,44.525391,y,-18.69,-20.2719,1.05169,0,110.04
392587,44.535157,y,-18.375,-19.861,0.99076,0,110.04
392588,44.544922,y,-19.46,-19.7741,1.00805,0,110.04
392589,44.554688,y,-22.575,-20.3809,1.09519,0,110.04
392590,44.56543,y,-21.84,-20.7245,1.10487,0,110.04
392591,44.575196,y,-21.77,-20.951,1.00468,0,110.04
392592,44.584961,y,-24.185,-21.6515,1.05538,0,110.04
392593,44.589844,y,-26.74,-22.2363,1.12171,0,110.04
392594,44.59961,y,-26.775,-23.2195,0.95372,0,110.04
392595,44.610352,y,-33.285,-25.5901,1.1126,0,110.04
392596,44.620118,y,-36.75,-28.0076,1.00469,0,110.04
392597,44.629883,y,-45.605,-31.8194,1.07273,0,110.04
392598,44.639649,y,-54.39,-36.7089,0.95788,0,110.04
392599,44.650391,y,-69.16,-44.3515,0.99118,0,110.04
392600,44.660157,y,-82.705,-52.66,0.99625,0,110.04
392601,44.669922,y,-101.01,-63.1331,0.95805,0,110.04
392602,44.679688,y,-120.995,-75.6677,1.00746,0,110.04
392603,44.69043,y,-145.495,-92.113,1.08321,0,110.04
392604,44.695313,y,-171.36,-101.2199,1.0391,0,110.04
392605,44.705079,y,-197.96,-122.1767,1.02445,0,110.04
392606,44.714844,y,-226.03,-144.6724,1.04476,0,110.04
392607,44.72461,y,-262.92,-170.2883,0.97865,0,110.04
392608,44.735352,y,-305.9,-202.2266,0.68631,0,110.04
392609,44.745118,y,-352.695,-234.8226,1.54828,0,110.04
392610,44.754883,y,-383.215,-266.9659,1.07549,0,110.04
392611,44.764649,y,-438.095,-304.0376,1.27099,0,110.04
392612,44.775391,y,-489.79,-347.7846,1.43365,0,110.04
392613,44.785157,y,-527.765,-386.7738,2.00948,0,110.04
392614,44.79004,y,-548.205,-405.3251,3.06659,0,110.04
392615,44.799805,y,-532.105,-432.787,3.94337,0,110.04
392616,44.809571,y,-482.02,-443.4523,3.48217,0,110.04
392617,44.820313,y,-440.3,-442.7099,3.22102,0,110.04
392618,44.830079,y,-410.935,-435.8265,2.46885,0,110.04
392619,44.839844,y,-416.29,-431.5947,1.81164,0,110.04
392620,44.84961,y,-427.07,-430.6145,2.39896,0,110.04
392621,44.860352,y,-389.795,-421.001,2.50904,0,110.04
392622,44.870118,y,-323.995,-399.9866,3.00658,0,110.04
392623,44.879883,y,-237.055,-364.6939,5.25189,0,110.04
392624,44.889649,y,-95.515,-306.3817,4.93905,0,110.04
392625,44.900391,y,54.53,-221.3824,3.4466,0,110.04
392626,44.905274,y,156.24,-177.9868,1.93854,0,110.04
392627,44.91504,y,211.47,-93.6188,1.40605,0,110.04
392628,44.924805,y,233.905,-22.6738,1.33392,0,110.04
392629,44.934571,y,240.1,34.2509,1.06629,0,110.04
392630,44.945313,y,232.54,80.9505,0.85455,1,109.07
392631,44.955079,y,223.195,111.7649,0.85297,0,109.07
392632,44.964844,y,228.935,137.1452,1.25208,0,109.07
392633,44.97461,y,260.68,163.9065,1.54058,0,109.07
392634,44.985352,y,306.285,197.4385,1.5036,0,109.07
392635,44.990235,y,348.74,214.8257,1.2931,0,109.07
392636,45.0,y,377.335,250.0269,1.06134,0,109.07
392637,45.009766,y,389.445,280.229,1.06569,0,109.07
392638,45.019532,y,395.535,305.2078,1.08885,0,109.07
392639,45.030274,y,400.155,327.569,1.15469,0,109.07
392640,45.04004,y,404.425,344.2183,1.24118,0,109.07
392641,45.049805,y,407.61,357.9496,1.44814,0,109.07
392642,45.059571,y,413.42,369.9662,1.55831,0,109.07
392643,45.070313,y,418.39,381.3706,1.68145,0,109.07
392644,45.080079,y,421.89,390.1483,1.73453,0,109.07
392645,45.089844,y,421.085,396.8495,1.89939,0,109.07
392646,45.09961,y,417.445,401.3111,2.12726,0,109.07
392647,45.104493,y,412.335,402.578,2.36702,0,109.07
392648,45.115235,y,403.97,402.9058,2.61668,0,109.07
392649,45.125,y,392.035,400.5511,2.87228,0,109.07
392650,45.134766,y,377.16,395.4839,3.21493,0,109.07
392651,45.144532,y,362.88,388.4209,3.43042,0,109.07
392652,45.155274,y,348.53,379.0261,3.42996,0,109.07
392653,45.16504,y,329.0,368.1889,3.27809,0,109.07
392654,45.174805,y,297.29,352.8315,3.11153,0,109.07
392655,45.184571,y,252.63,331.1249,3.08648,0,109.07
392656,45.19043,y,201.705,313.4911,3.21519,0,109.07
392657,45.200196,y,152.075,278.5235,3.35263,0,109.07
392658,45.209961,y,102.935,240.4892,3.47621,0,109.07
392659,45.219727,y,52.885,199.8486,3.74302,0,109.07
392660,45.229493,y,7.175,158.1097,3.9111,0,109.07
392661,45.240235,y,-42.56,110.8494,3.6924,0,109.07
392662,45.25,y,-113.435,62.2671,3.22405,0,109.07
392663,45.259766,y,-185.395,8.6161,0.87271,0,109.07
392664,45.269532,y,-196.0,-35.7099,3.95901,0,109.07
392665,45.280274,y,-180.005,-69.6932,2.44308,0,109.07
392666,45.29004,y,-229.11,-104.2277,1.31174,0,109.07
392667,45.294922,y,-309.785,-127.8453,2.47763,0,109.07
392668,45.304688,y,-283.85,-161.6406,4.08925,0,109.07
392669,45.31543,y,-183.295,-166.7405,2.96301,0,109.07
392670,45.325196,y,-119.63,-156.535,1.89588,0,109.07
392671,45.334961,y,-116.55,-147.8738,1.58165,0,109.07
392672,45.344727,y,-102.235,-137.9871,2.9994,0,109.07
392673,45.354493,y,-56.84,-120.4082,1.95107,0,109.07
392674,45.365235,y,-44.835,-102.6097,1.66532,0,109.07
392675,45.375,y,-35.14,-87.9951,1.24063,0,109.07
392676,45.384766,y,-42.28,-78.0918,1.00235,0,109.07
392677,45.394532,y,-42.805,-70.4477,1.67332,0,109.07
392678,45.400391,y,-26.81,-64.5019,1.30936,0,109.07
392679,45.410157,y,-18.55,-54.5474,1.2117,0,109.07
392680,45.419922,y,-13.335,-45.6203,1.26731,0,109.07
392681,45.429688,y,-10.64,-38.0425,1.16041,0,109.07
392682,45.44043,y,-13.615,-32.2895,1.00554,0,109.07
392683,45.450196,y,-17.15,-29.0099,1.16952,0,109.07
392684,45.459961,y,-11.27,-25.1672,1.1752,0,109.07
392685,45.469727,y,-4.76,-20.7464,0.99277,0,109.07
392686,45.479493,y,-7.105,-17.7913,1.04038,0,109.07
392687,45.485352,y,-9.275,-16.6309,1.00453,0,109.07
392688,45.495118,y,-8.995,-14.9767,0.96918,0,109.07
392689,45.504883,y,-9.66,-13.8251,0.99734,0,109.07
392690,45.514649,y,-11.48,-13.3171,1.01301,0,109.07
392691,45.525391,y,-12.705,-13.1729,0.97784,0,109.07
392692,45.535157,y,-12.495,-13.0261,0.98939,0,109.07
392693,45.544922,y,-12.915,-13.002,1.07478,0,109.07
392694,45.554688,y,-14.315,-13.2864,0.9553,0,109.07
392695,45.56543,y,-14.49,-13.5699,1.07635,0,109.07
392696,45.575196,y,-13.895,-13.6403,0.968,0,109.07
392697,45.584961,y,-16.415,-14.2413,0.97013,0,109.07
392698,45.594727,y,-20.685,-15.6372,0.96449,0,109.07
392699,45.59961,y,-24.045,-16.6034,1.01454,0,109.07
392700,45.610352,y,-26.425,-18.9165,0.97217,0,109.07
392701,45.620118,y,-29.785,-21.271,1.06375,0,109.07
392702,45.629883,y,-28.49,-22.8347,1.04517,0,109.07
392703,45.639649,y,-28.735,-24.1129,1.04433,0,109.07
392704,45.650391,y,-28.245,-25.086,1.05676,0,109.07
392705,45.660157,y,-27.86,-25.687,1.05524,0,109.07
392706,45.669922,y,-26.565,-25.8772,1.12246,0,109.07
392707,45.679688,y,-25.48,-25.7911,1.08069,0,109.07
392708,45.69043,y,-24.15,-25.4046,1.00836,0,109.07
392709,45.695313,y,-27.23,-25.6144,1.05948,0,109.07
392710,45.705079,y,-30.135,-26.5937,1.05533,0,109.07
392711,45.714844,y,-34.125,-28.225,1.04835,0,109.07
392712,45.72461,y,-39.515,-30.6708,0.99567,0,109.07
392713,45.735352,y,-46.83,-34.4765,0.99141,0,109.07
392714,45.745118,y,-58.31,-39.6395,0.9126,0,109.07
392715,45.754883,y,-75.18,-47.338,0.99712,0,109.07
392716,45.764649,y,-93.975,-57.4409,1.11927,0,109.07
392717,45.775391,y,-113.225,-70.5788,0.95087,0,109.07
392718,45.785157,y,-134.995,-84.5333,1.02747,0,109.07
392719,45.79004,y,-159.705,-93.1719,0.95802,0,109.07
392720,45.799805,y,-190.96,-114.3538,1.13812,0,109.07
392721,45.809571,y,-220.29,-137.3027,0.95466,0,109.07
392722,45.820313,y,-256.34,-165.3375,0.80278,0,109.07
392723,45.830079,y,-301.875,-194.9156,0.98077,0,109.07
392724,45.839844,y,-341.635,-226.6966,1.60272,0,109.07
392725,45.84961,y,-379.575,-259.8146,1.13717,0,109.07
392726,45.860352,y,-432.53,-300.4913,1.25945,0,109.07
392727,45.870118,y,-487.55,-341.0138,1.17157,0,109.07
392728,45.879883,y,-541.555,-384.4531,2.00236,0,109.07
392729,45.889649,y,-572.075,-425.0976,2.93162,0,109.07
392730,45.894532,y,-560.0,-440.6003,3.79208,0,109.07
392731,45.905274,y,-510.825,-457.1391,3.81754,0,109.07
392732,45.91504,y,-459.83,-457.722,3.19449,0,109.07
392733,45.924805,y,-433.02,-452.3713,2.53951,0,109.07
392734,45.934571,y,-431.865,-447.929,1.94336,0,109.07
392735,45.945313,y,-433.44,-444.5167,2.79389,0,109.07
392736,45.955079,y,-390.81,-432.8822,2.5581,0,109.07
392737,45.964844,y,-334.845,-411.6463,2.45227,0,109.07
392738,45.97461,y,-277.06,-382.4909,4.99358,0,109.07
392739,45.985352,y,-159.88,-330.0632,5.43029,0,109.07
392740,45.990235,y,1.89,-291.9158,3.473,0,109.07
392741,46.0,y,117.775,-203.1726,2.6996,0,109.07
392742,46.009766,y,210.49,-113.5609,1.63808,0,109.07
392743,46.019532,y,257.18,-33.2473,1.46924,0,109.07
392744,46.030274,y,295.155,44.0956,1.02225,1,109.68
392745,46.04004,y,307.3,101.1136,0.7474,0,109.68
392746,46.049805,y,304.01,145.063,0.64739,0,109.68
392747,46.059571,y,301.14,178.874,0.73745,0,109.68
392748,46.070313,y,308.91,209.4991,1.03654,0,109.68
392749,46.080079,y,334.215,236.5163,1.22954,0,109.68
392750,46.089844,y,366.73,264.7219,1.19232,0,109.68
392751,46.094727,y,393.96,279.5737,1.14352,0,109.68
392752,46.104493,y,409.92,307.8106,1.11985,0,109.68
392753,46.115235,y,417.2,333.5732,1.11093,0,109.68
392754,46.125,y,422.625,352.8627,1.22186,0,109.68
392755,46.134766,y,428.19,369.1809,1.28962,0,109.68
392756,46.144532,y,432.075,382.8056,1.3944,0,109.68
392757,46.155274,y,434.56,394.9944,1.37187,0,109.68
392758,46.16504,y,430.255,402.6329,1.40571,0,109.68
392759,46.174805,y,420.875,406.5844,1.65365,0,109.68
392760,46.184571,y,413.21,408.0197,2.02075,0,109.68
392761,46.19043,y,410.025,408.2929,2.35784,0,109.68
392762,46.200196,y,408.135,408.2587,2.60048,0,109.68
392763,46.209961,y,403.06,407.1326,2.72882,0,109.68
392764,46.219727,y,391.755,403.8014,2.82413,0,109.68
392765,46.229493,y,373.765,397.2946,2.91252,0,109.68
392766,46.240235,y,350.105,386.1808,2.98318,0,109.68
392767,46.25,y,323.26,372.5515,3.03399,0,109.68
392768,46.259766,y,293.93,355.5198,3.15107,0,109.68
392769,46.269532,y,262.815,335.4371,3.26566,0,109.68
392770,46.280274,y,230.09,310.6265,3.21394,0,109.68
392771,46.285157,y,190.96,296.8747,3.17952,0,109.68
392772,46.294922,y,145.005,263.9782,3.27786,0,109.68
392773,46.304688,y,96.25,227.6432,3.46187,0,109.68
392774,46.31543,y,50.225,185.859,3.70326,0,109.68
392775,46.325196,y,10.08,147.78,3.88573,0,109.68
392776,46.334961,y,-37.59,107.6269,3.82905,0,109.68
392777,46.344727,y,-112.455,59.9506,3.17653,0,109.68
392778,46.354493,y,-188.825,6.0584,1.02242,0,109.68
392779,46.365235,y,-194.705,-41.224,4.03229,0,109.68
392780,46.375,y,-186.865,-72.7713,2.09282,0,109.68
392781,46.384766,y,-219.275,-104.5084,0.76021,0,109.68
392782,46.394532,y,-268.205,-139.97,2.45806,0,109.68
392783,46.400391,y,-237.23,-153.2219,3.60928,0,109.68
392784,46.410157,y,-149.765,-152.473,2.1464,0,109.68
392785,46.419922,y,-111.615,-143.6228,1.75432,0,109.68
392786,46.429688,y,-117.565,-137.9779,1.83618,0,109.68
392787,46.44043,y,-97.16,-128.3647,2.02469,0,109.68
392788,46.450196,y,-59.92,-113.5376,1.7484,0,109.68
392789,46.459961,y,-45.605,-98.8227,1.4824,0,109.68
392790,46.469727,y,-39.27,-85.9218,1.41304,0,109.68
392791,46.479493,y,-45.115,-77.0818,0.86434,0,109.68
392792,46.485352,y,-45.85,-72.8264,1.62577,0,109.68
392793,46.495118,y,-30.31,-63.6161,1.35614,0,109.68
392794,46.504883,y,-18.585,-53.8619,1.32251,0,109.68
392795,46.514649,y,-10.815,-44.5366,1.1644,0,109.68
392796,46.525391,y,-10.57,-36.5371,1.17846,0,109.68
392797,46.535157,y,-12.075,-31.2378,1.08235,0,109.68
392798,46.544922,y,-12.075,-27.087,1.17076,0,109.68
392799,46.554688,y,-7.14,-22.7659,1.15583,0,109.68
392800,46.56543,y,-0.77,-17.5856,0.99827,0,109.68
392801,46.575196,y,-1.785,-14.1627,0.95357,0,109.68
392802,46.584961,y,-6.51,-12.505,0.94349,0,109.68
392803,46.589844,y,-8.75,-12.0735,0.96718,0,109.68
392804,46.59961,y,-9.52,-11.5203,0.94844,0,109.68
392805,46.610352,y,-11.69,-11.5603,1.04115,0,109.68
392806,46.620118,y,-15.645,-12.4452,0.94361,0,109.68
392807,46.629883,y,-16.45,-13.3127,1.06422,0,109.68
392808,46.639649,y,-16.66,-14.0378,0.98443,0,109.68
392809,46.650391,y,-20.3,-15.5126,0.9722,0,109.68
392810,46.660157,y,-22.505,-17.0274,1.01135,0,109.68
392811,46.669922,y,-24.71,-18.6915,0.98918,0,109.68
392812,46.679688,y,-26.95,-20.4805,1.04965,0,109.68
392813,46.69043,y,-26.215,-21.8311,1.01665,0,109.68
392814,46.695313,y,-26.355,-22.351,1.02615,0,109.68
392815,46.705079,y,-26.705,-23.2942,1.01631,0,109.68
392816,46.714844,y,-27.125,-24.124,1.03271,0,109.68
392817,46.72461,y,-26.075,-24.5466,1.06085,0,109.68
392818,46.735352,y,-23.59,-24.3213,1.07855,0,109.68
392819,46.745118,y,-21.98,-23.8141,1.05769,0,109.68
392820,46.754883,y,-21.175,-23.2425,1.00233,0,109.68
392821,46.764649,y,-22.19,-23.0145,1.1386,0,109.68
392822,46.775391,y,-23.135,-23.0429,1.04934,0,109.68
392823,46.780274,y,-25.515,-23.3269,1.10288,0,109.68
392824,46.79004,y,-26.215,-23.9526,1.01526,0,109.68
392825,46.799805,y,-32.305,-25.7618,1.02516,0,109.68
392826,46.809571,y,-39.34,-28.7032,1.02657,0,109.68
392827,46.820313,y,-47.39,-33.1042,1.01426,0,109.68
392828,46.830079,y,-56.7,-38.2158,0.94678,0,109.68
392829,46.839844,y,-74.2,-46.0103,1.04397,0,109.68
392830,46.84961,y,-89.39,-55.4077,1.04236,0,109.68
392831,46.860352,y,-108.85,-67.994,1.05655,0,109.68
392832,46.870118,y,-127.33,-80.848,1.05539,0,109.68
392833,46.879883,y,-150.85,-96.0111,0.9859,0,109.68
392834,46.889649,y,-176.68,-113.4864,1.06742,0,109.68
392835,46.894532,y,-203.315,-123.8093,1.1838,0,109.68
392836,46.905274,y,-231.77,-149.2355,0.98621,0,109.68
392837,46.91504,y,-269.605,-175.3111,0.77396,0,109.68
392838,46.924805,y,-316.89,-205.9785,0.76671,0,109.68
392839,46.934571,y,-363.86,-240.1804,1.41104,0,109.68
392840,46.945313,y,-401.31,-278.1285,1.12456,0,109.68
392841,46.955079,y,-449.785,-315.3144,1.07924,0,109.68
392842,46.964844,y,-502.74,-355.9127,1.48014,0,109.68
392843,46.97461,y,-535.71,-394.8622,2.24216,0,109.68
392844,46.985352,y,-550.585,-431.5369,3.2982,0,109.68
392845,46.990235,y,-527.205,-442.5309,3.92659,0,109.68
392846,47.0,y,-476.42,-449.8716,3.29931,0,109.68
392847,47.009766,y,-440.125,-447.7602,3.16408,0,109.68
392848,47.019532,y,-419.825,-441.7086,2.42961,0,109.68
392849,47.030274,y,-424.13,-437.5686,2.1312,0,109.68
392850,47.04004,y,-413.56,-432.3676,2.92735,0,109.68
392851,47.049805,y,-363.405,-417.4296,2.68918,0,109.68
392852,47.059571,y,-293.79,-390.6456,3.04776,0,109.68
392853,47.070313,y,-217.35,-349.8323,5.34747,0,109.68
392854,47.080079,y,-74.025,-290.0842,4.2168,0,109.68
392855,47.089844,y,57.68,-214.7549,3.19259,0,109.68
392856,47.094727,y,152.705,-172.5271,1.69078,0,109.68
392857,47.104493,y,195.335,-92.8372,1.3077,0,109.68
392858,47.115235,y,210.595,-21.375,1.20777,0,109.68
392859,47.125,y,212.87,29.3649,0.97033,0,109.68
392860,47.134766,y,206.57,67.7528,0.79316,1,109.27
392861,47.144532,y,202.65,96.9756,0.92458,0,109.27
392862,47.155274,y,216.685,125.1687,1.29375,0,109.27
392863,47.16504,y,252.07,152.6593,1.53064,0,109.27
392864,47.174805,y,298.235,184.1925,1.43665,0,109.27
392865,47.184571,y,338.24,217.5638,1.23346,0,109.27
392866,47.19043,y,364.98,237.6496,1.00989,0,109.27
392867,47.200196,y,378.525,268.1674,0.96976,0,109.27
392868,47.209961,y,387.31,293.975,1.07424,0,109.27
392869,47.219727,y,396.34,316.1503,1.24988,0,109.27
392870,47.229493,y,404.775,335.349,1.32992,0,109.27
392871,47.240235,y,411.915,353.3813,1.5837,0,109.27
392872,47.25,y,423.15,368.4939,1.74864,0,109.27
392873,47.259766,y,436.03,383.1243,1.73469,0,109.27
392874,47.269532,y,442.19,395.9197,1.63904,0,109.27
392875,47.280274,y,437.115,405.6217,1.73834,0,109.27
392876,47.285157,y,426.44,408.0141,2.09536,0,109.27
392877,47.294922,y,418.25,410.2313,2.48214,0,109.27
392878,47.304688,y,411.95,410.6036,2.78481,0,109.27
392879,47.31543,y,404.88,409.2556,2.95188,0,109.27
392880,47.325196,y,393.015,405.7374,3.07589,0,109.27
392881,47.334961,y,375.445,399.1758,3.11579,0,109.27
392882,47.344727,y,351.96,388.9474,3.10972,0,109.27
392883,47.354493,y,322.84,374.6266,3.13617,0,109.27
392884,47.365235,y,287.91,354.2037,3.1896,0,109.27
392885,47.375,y,249.9,331.6105,3.16528,0,109.27
392886,47.379883,y,208.285,317.4381,3.17635,0,109.27
392887,47.394532,y,161.63,269.6591,3.28143,0,109.27
392888,47.400391,y,111.51,248.1108,3.55108,0,109.27
392889,47.410157,y,66.535,208.7761,3.93283,0,109.27
392890,47.419922,y,28.98,169.8304,4.02863,0,109.27
392891,47.429688,y,-17.325,129.287,3.75007,0,109.27
392892,47.44043,y,-92.33,77.0933,3.43165,0,109.27
392893,47.450196,y,-182.945,20.7613,1.04155,0,109.27
392894,47.459961,y,-209.755,-29.1709,3.39363,0,109.27
392895,47.469727,y,-203.91,-67.0246,3.23461,0,109.27
392896,47.479493,y,-220.605,-100.2947,1.00518,0,109.27
392897,47.485352,y,-284.585,-125.4048,1.07318,0,109.27
392898,47.495118,y,-311.535,-165.7261,3.97731,0,109.27
392899,47.504883,y,-218.96,-177.2571,3.25546,0,109.27
392900,47.514649,y,-140.0,-169.1861,2.12835,0,109.27
392901,47.525391,y,-119.525,-157.4903,2.12157,0,109.27
392902,47.535157,y,-93.275,-143.5793,1.94863,0,109.27
392903,47.544922,y,-58.73,-125.2001,1.79018,0,109.27
392904,47.554688,y,-46.62,-108.1773,1.54266,0,109.27
392905,47.56543,y,-38.465,-91.7592,1.54635,0,109.27
392906,47.575196,y,-32.2,-78.8569,0.95499,0,109.27
392907,47.584961,y,-39.55,-70.3426,1.15568,0,109.27
392908,47.589844,y,-39.445,-66.7919,1.52868,0,109.27
392909,47.59961,y,-23.1,-57.3269,1.34661,0,109.27
392910,47.610352,y,-14.35,-47.2053,1.20046,0,109.27
392911,47.620118,y,-13.02,-39.7998,1.12109,0,109.27
392912,47.629883,y,-16.66,-34.7874,1.11368,0,109.27
392913,47.639649,y,-18.06,-31.1638,1.11902,0,109.27
392914,47.650391,y,-15.225,-27.41,1.10225,0,109.27
392915,47.660157,y,-11.515,-23.9667,1.03799,0,109.27
392916,47.669922,y,-12.32,-21.4439,1.0695,0,109.27
392917,47.679688,y,-12.81,-19.5735,1.03852,0,109.27
392918,47.69043,y,-12.495,-17.9064,0.92574,0,109.27
392919,47.695313,y,-14.98,-17.5701,1.03389,0,109.27
392920,47.705079,y,-17.465,-17.5474,0.92654,0,109.27
392921,47.714844,y,-18.69,-17.7949,1.01281,0,109.27
392922,47.72461,y,-20.37,-18.3527,1.03137,0,109.27
392923,47.735352,y,-20.825,-18.935,1.02859,0,109.27
392924,47.745118,y,-18.41,-18.8212,1.08336,0,109.27
392925,47.754883,y,-16.485,-18.3152,1.04546,0,109.27
392926,47.764649,y,-14.91,-17.5775,1.06079,0,109.27
392927,47.775391,y,-13.195,-16.5454,1.04037,0,109.27
392928,47.780274,y,-13.195,-16.1604,1.02484,0,109.27
392929,47.79004,y,-13.51,-15.5862,0.98135,0,109.27
392930,47.799805,y,-15.33,-15.5307,1.01006,0,109.27
392931,47.809571,y,-15.19,-15.4569,1.02543,0,109.27
392932,47.820313,y,-15.085,-15.3693,1.0366,0,109.27
392933,47.830079,y,-15.855,-15.4745,1.01218,0,109.27
392934,47.839844,y,-15.61,-15.5039,1.06024,0,109.27
392935,47.84961,y,-16.205,-15.6558,1.04028,0,109.27
392936,47.860352,y,-17.64,-16.1231,0.96957,0,109.27
392937,47.870118,y,-20.405,-17.0507,1.065,0,109.27
392938,47.879883,y,-20.195,-17.7318,0.9858,0,109.27
392939,47.889649,y,-23.345,-18.9478,1.07807,0,109.27
392940,47.894532,y,-25.62,-19.7145,1.05216,0,109.27
392941,47.905274,y,-30.695,-22.3006,1.01624,0,109.27
392942,47.91504,y,-39.095,-25.9387,1.04823,0,109.27
392943,47.924805,y,-46.2,-30.3275,0.97082,0,109.27
392944,47.934571,y,-58.87,-36.5107,0.9624,0,109.27
392945,47.945313,y,-74.48,-45.4529,1.05803,0,109.27
392946,47.955079,y,-88.165,-54.7057,0.98848,0,109.27
392947,47.964844,y,-107.135,-66.0624,1.0174,0,109.27
392948,47.97461,y,-127.4,-79.3499,1.13649,0,109.27
392949,47.985352,y,-152.355,-96.5436,1.09237,0,109.27
392950,47.990235,y,-175.805,-105.6521,0.93523,0,109.27
392951,48.0,y,-208.53,-127.9365,1.14396,0,109.27
392952,48.009766,y,-240.87,-152.4013,0.83751,0,109.27
392953,48.019532,y,-284.795,-181.0817,0.82214,0,109.27
392954,48.030274,y,-331.625,-216.5366,1.51049,0,109.27
392955,48.04004,y,-367.15,-249.164,1.15353,0,109.27
392956,48.049805,y,-419.09,-285.9717,1.05045,0,109.27
392957,48.059571,y,-480.41,-328.0928,1.32665,0,109.27
392958,48.070313,y,-526.295,-374.772,1.58056,0,109.27
392959,48.080079,y,-567.35,-416.4901,2.46738,0,109.27
392960,48.084961,y,-572.635,-434.4305,3.675,0,109.27
392961,48.094727,y,-535.885,-456.4086,4.18147,0,109.27
392962,48.104493,y,-475.23,-460.4859,2.9738,0,109.27
392963,48.115235,y,-442.33,-456.2099,2.82495,0,109.27
392964,48.125,y,-420.035,-448.3741,2.04602,0,109.27
392965,48.134766,y,-419.055,-442.0227,2.51043,0,109.27
392966,48.144532,y,-385.91,-429.867,2.82679,0,109.27
392967,48.155274,y,-318.185,-403.5645,2.97465,0,109.27
392968,48.16504,y,-224.56,-364.7867,3.38805,0,109.27
392969,48.174805,y,-142.66,-316.6718,6.5543,0,109.27
392970,48.184571,y,56.14,-235.9096,3.67791,0,109.27
392971,48.19043,y,167.475,-180.9474,2.65266,0,109.27
392972,48.200196,y,244.86,-88.7048,1.0748,0,109.27
392973,48.209961,y,259.385,-13.305,0.94267,0,109.27
392974,48.219727,y,255.92,45.0172,0.96901,1,109.8
392975,48.229493,y,235.585,86.2999,0.9185,0,109.8
392976,48.240235,y,213.5,116.2571,0.74263,0,109.8
392977,48.25,y,206.99,135.9108,1.01939,0,109.8
392978,48.259766,y,227.15,155.6759,1.50455,0,109.8
392979,48.269532,y,268.625,180.1441,1.64837,0,109.8
392980,48.275391,y,313.46,198.3087,1.45866,0,109.8
392981,48.285157,y,348.11,230.7602,1.14426,0,109.8
392982,48.294922,y,367.605,260.4022,1.01619,0,109.8
392983,48.304688,y,378.56,285.9987,1.04653,0,109.8
392984,48.31543,y,385.91,309.5291,1.09594,0,109.8
392985,48.325196,y,391.58,327.3038,1.23452,0,109.8
392986,48.334961,y,397.985,342.614,1.49206,0,109.8
392987,48.344727,y,408.87,356.9671,1.5898,0,109.8
392988,48.354493,y,418.565,370.311,1.63708,0,109.8
392989,48.365235,y,423.57,382.8542,1.65225,0,109.8
392990,48.375,y,421.75,391.2794,1.75105,0,109.8
392991,48.384766,y,414.575,396.3259,1.99697,0,109.8
392992,48.389649,y,406.14,397.4538,2.27071,0,109.8
392993,48.400391,y,397.32,397.4223,2.56406,0,109.8
392994,48.410157,y,388.115,395.406,2.79953,0,109.8
392995,48.419922,y,375.48,391.0898,3.03582,0,109.8
392996,48.429688,y,359.52,384.2509,3.21914,0,109.8
392997,48.44043,y,342.16,374.3379,3.25817,0,109.8
392998,48.450196,y,321.475,362.8862,3.12822,0,109.8
392999,48.459961,y,291.865,347.5023,3.0181,0,109.8
393000,48.469727,y,250.775,326.5483,2.96721,0,109.8
393001,48.479493,y,203.84,299.966,3.01085,0,109.8
393002,48.485352,y,154.105,280.0921,3.16361,0,109.8
393003,48.495118,y,108.43,242.9049,3.32824,0,109.8
393004,48.504883,y,68.705,205.1714,3.59743,0,109.8
393005,48.514649,y,38.045,168.9668,3.85163,0,109.8
393006,48.525391,y,6.755,130.7639,3.8158,0,109.8
393007,48.535157,y,-57.925,89.8882,3.91562,0,109.8
393008,48.544922,y,-169.19,33.7692,1.90452,0,109.8
393009,48.554688,y,-205.205,-17.9997,2.59946,0,109.8
393010,48.56543,y,-218.33,-65.1801,3.59962,0,109.8
393011,48.575196,y,-197.82,-93.9138,1.21441,0,109.8
393012,48.580079,y,-221.445,-108.5695,1.00887,0,109.8
393013,48.589844,y,-245.28,-138.1824,3.11589,0,109.8
393014,48.59961,y,-183.75,-148.0537,2.66468,0,109.8
393015,48.610352,y,-121.905,-141.8953,1.67495,0,109.8
393016,48.620118,y,-109.095,-134.7898,1.86637,0,109.8
393017,48.629883,y,-94.885,-126.146,1.76014,0,109.8
393018,48.639649,y,-67.445,-113.4296,1.63317,0,109.8
393019,48.650391,y,-56.63,-100.0526,1.40195,0,109.8
393020,48.660157,y,-47.25,-88.614,1.2509,0,109.8
393021,48.669922,y,-41.965,-78.5093,1.2394,0,109.8
393022,48.679688,y,-34.825,-69.046,1.36662,0,109.8
393023,48.684571,y,-23.765,-63.8424,1.27929,0,109.8
393024,48.695313,y,-17.57,-52.9446,1.25665,0,109.8
393025,48.705079,y,-12.11,-44.0986,1.25068,0,109.8
393026,48.714844,y,-7.035,-36.0703,1.08287,0,109.8
393027,48.72461,y,-7.945,-29.9775,1.0229,0,109.8
393028,48.735352,y,-11.2,-25.5552,1.08467,0,109.8
393029,48.745118,y,-11.655,-22.544,1.10417,0,109.8
393030,48.754883,y,-8.715,-19.5485,1.0096,0,109.8
393031,48.764649,y,-9.24,-17.3153,1.06707,0,109.8
393032,48.775391,y,-8.47,-15.2322,1.08542,0,109.8
393033,48.780274,y,-5.04,-14.0609,0.9942,0,109.8
393034,48.79004,y,-4.83,-12.0612,0.98759,0,109.8
393035,48.799805,y,-4.48,-10.419,1.08734,0,109.8
393036,48.809571,y,-6.265,-9.5192,0.91109,0,109.8
393037,48.820313,y,-9.975,-9.6265,1.0182,0,109.8
393038,48.830079,y,-9.87,-9.6793,1.03954,0,109.8
393039,48.839844,y,-10.99,-9.9632,0.99596,0,109.8
393040,48.84961,y,-11.48,-10.2918,1.0232,0,109.8
393041,48.860352,y,-10.85,-10.4232,0.99816,0,109.8
393042,48.870118,y,-13.37,-11.0616,0.96787,0,109.8
393043,48.879883,y,-15.715,-12.0696,0.98189,0,109.8
393044,48.884766,y,-18.445,-12.8022,1.00095,0,109.8
393045,48.894532,y,-21.56,-14.6994,1.00275,0,109.8
393046,48.905274,y,-21.875,-16.3894,1.03516,0,109.8
393047,48.91504,y,-21.84,-17.5701,0.96945,0,109.8
393048,48.924805,y,-23.1,-18.768,1.05536,0,109.8
393049,48.934571,y,-24.325,-19.9718,1.01959,0,109.8
393050,48.945313,y,-23.03,-20.692,0.95036,0,109.8
393051,48.955079,y,-23.73,-21.3501,1.09958,0,109.8
393052,48.964844,y,-21.63,-21.4108,1.07917,0,109.8
393053,48.97461,y,-18.06,-20.6849,1.05167,0,109.8
393054,48.985352,y,-18.235,-20.1079,1.03562,0,109.8
393055,48.990235,y,-21.28,-20.2426,1.09892,0,109.8
393056,49.0,y,-21.84,-20.5886,1.04599,0,109.8
393057,49.009766,y,-23.695,-21.2616,1.01569,0,109.8
393058,49.019532,y,-32.515,-23.6994,1.08431,0,109.8
393059,49.030274,y,-39.62,-27.4489,1.01026,0,109.8
393060,49.04004,y,-49.77,-32.2843,0.95381,0,109.8
393061,49.049805,y,-67.445,-39.9005,1.02143,0,109.8
393062,49.059571,y,-84.175,-49.4917,1.09535,0,109.8
393063,49.070313,y,-104.37,-62.4162,0.98021,0,109.8
393064,49.075196,y,-124.005,-69.4939,0.97561,0,109.8
393065,49.084961,y,-148.54,-86.6161,1.09026,0,109.8
393066,49.094727,y,-174.475,-105.6489,1.14506,0,109.8
393067,49.104493,y,-199.255,-125.9268,0.96531,0,109.8
393068,49.115235,y,-229.74,-150.3761,0.99409,0,109.8
393069,49.125,y,-265.335,-175.2774,0.84427,0,109.8
393070,49.134766,y,-309.82,-204.4234,0.95008,0,109.8
393071,49.144532,y,-346.395,-235.1787,1.45459,0,109.8
393072,49.155274,y,-380.45,-269.3919,0.98289,0,109.8
393073,49.16504,y,-436.31,-305.5514,1.18648,0,109.8
393074,49.174805,y,-480.48,-343.4427,1.38807,0,109.8
393075,49.184571,y,-518.77,-381.4238,2.00758,0,109.8
393076,49.19043,y,-543.725,-403.5378,2.77688,0,109.8
393077,49.200196,y,-534.345,-431.8746,3.77416,0,109.8
393078,49.209961,y,-485.765,-443.5478,3.54072,0,109.8
393079,49.219727,y,-443.94,-443.6327,3.33012,0,109.8
393080,49.229493,y,-414.89,-437.4062,2.76577,0,109.8
393081,49.240235,y,-404.005,-429.5398,2.16249,0,109.8
393082,49.25,y,-400.19,-423.1823,2.72202,0,109.8
393083,49.259766,y,-357.42,-408.9362,2.85989,0,109.8
393084,49.269532,y,-296.555,-384.5911,2.77253,0,109.8
393085,49.275391,y,-238.42,-364.6749,4.22519,0,109.8
393086,49.285157,y,-139.825,-315.9657,5.21472,0,109.8
393087,49.294922,y,18.095,-243.6047,3.65326,0,109.8
393088,49.304688,y,125.265,-163.6965,2.37851,0,109.8
393089,49.31543,y,192.115,-79.8983,1.43557,0,109.8
393090,49.325196,y,216.72,-15.6419,1.23191,0,109.8
393091,49.334961,y,224.91,36.4641,1.09912,0,109.8
393092,49.344727,y,221.34,76.5137,0.99782,1,108.55
393093,49.354493,y,222.11,108.0542,1.02885,0,108.55
393094,49.365235,y,237.545,138.551,1.35698,0,108.55
393095,49.375,y,273.28,167.7347,1.5337,0,108.55
393096,49.384766,y,316.26,199.9097,1.49586,0,108.55
393097,49.389649,y,354.305,217.6525,1.28116,0,108.55
393098,49.400391,y,380.415,255.9851,1.13864,0,108.55
393099,49.410157,y,398.195,286.792,1.11482,0,108.55
393100,49.419922,y,412.265,313.9708,1.1682,0,108.55
393101,49.429688,y,423.815,337.7663,1.19764,0,108.55
393102,49.44043,y,429.835,359.4497,1.25664,0,108.55
393103,49.450196,y,431.725,375.1067,1.23279,0,108.55
393104,49.459961,y,429.695,386.9311,1.38309,0,108.55
393105,49.469727,y,426.755,395.5581,1.67265,0,108.55
393106,49.479493,y,426.475,402.2556,2.00594,0,108.55
393107,49.485352,y,429.8,406.0086,2.31968,0,108.55
393108,49.495118,y,434.42,412.1634,2.50791,0,108.55
393109,49.504883,y,434.98,417.1057,2.67275,0,108.55
393110,49.514649,y,428.295,419.5296,2.78876,0,108.55
393111,49.525391,y,412.3,417.827,2.89098,0,108.55
393112,49.535157,y,387.345,411.2237,2.95831,0,108.55
393113,49.544922,y,354.9,399.0234,3.0617,0,108.55
393114,49.554688,y,319.515,381.7995,3.23042,0,108.55
393115,49.56543,y,285.775,359.1845,3.40546,0,108.55
393116,49.575196,y,254.38,336.4807,3.45762,0,108.55
393117,49.580079,y,220.955,323.2047,3.44184,0,108.55
393118,49.589844,y,182.84,292.8003,3.45909,0,108.55
393119,49.59961,y,138.845,259.449,3.54705,0,108.55
393120,49.610352,y,88.9,219.2825,3.7279,0,108.55
393121,49.620118,y,41.055,180.6731,3.96517,0,108.55
393122,49.629883,y,-0.21,141.492,3.99219,0,108.55
393123,49.639649,y,-52.885,99.3841,3.75594,0,108.55
393124,49.650391,y,-130.69,45.1987,2.84214,0,108.55
393125,49.660157,y,-196.91,-7.2493,1.32714,0,108.55
393126,49.669922,y,-194.04,-47.7101,4.03335,0,108.55
393127,49.679688,y,-185.605,-77.5822,1.8826,0,108.55
393128,49.69043,y,-232.225,-114.0026,0.4176,0,108.55
393129,49.695313,y,-295.785,-134.8927,2.51857,0,108.55
393130,49.705079,y,-261.905,-162.4073,3.70819,0,108.55
393131,49.714844,y,-167.265,-163.4595,2.44026,0,108.55
393132,49.72461,y,-121.345,-154.3363,1.95407,0,108.55
393133,49.735352,y,-116.2,-145.3547,2.13752,0,108.55
393134,49.745118,y,-77.07,-130.5622,1.91138,0,108.55
393135,49.754883,y,-56.875,-114.6008,1.68272,0,108.55
393136,49.764649,y,-43.715,-99.2448,1.48538,0,108.55
393137,49.775391,y,-39.445,-85.1612,0.86769,0,108.55
393138,49.780274,y,-45.675,-80.6235,1.41278,0,108.55
393139,49.79004,y,-39.795,-71.7788,1.48454,0,108.55
393140,49.799805,y,-25.025,-61.6515,1.3194,0,108.55
393141,49.809571,y,-16.975,-51.9732,1.23326,0,108.55
393142,49.820313,y,-14.315,-43.1042,1.12804,0,108.55
393143,49.830079,y,-17.115,-37.4742,1.14408,0,108.55
393144,49.839844,y,-17.815,-33.2158,1.05746,0,108.55
393145,49.84961,y,-18.34,-29.9933,1.13014,0,108.55
393146,49.860352,y,-12.39,-25.8475,1.01583,0,108.55
393147,49.870118,y,-10.43,-22.5076,1.10256,0,108.55
393148,49.879883,y,-11.76,-20.1795,0.98564,0,108.55
393149,49.884766,y,-11.305,-19.1597,0.97539,0,108.55
393150,49.894532,y,-11.095,-17.4126,1.04774,0,108.55
393151,49.905274,y,-12.705,-16.3039,0.9199,0,108.55
393152,49.91504,y,-15.68,-16.1688,1.04697,0,108.55
393153,49.924805,y,-16.135,-16.1615,0.97692,0,108.55
393154,49.934571,y,-17.43,-16.4363,1.0247,0,108.55
393155,49.945313,y,-16.87,-16.5384,1.02681,0,108.55
393156,49.955079,y,-16.905,-16.6178,1.06217,0,108.55
393157,49.964844,y,-16.66,-16.627,1.02188,0,108.55
393158,49.97461,y,-15.995,-16.4901,1.03184,0,108.55
393159,49.985352,y,-14.315,-15.9778,1.03653,0,108.55
393160,49.990235,y,-14.28,-15.7827,1.01075,0,108.55
393161,50.0,y,-15.4,-15.6998,1.01897,0,108.55
393162,50.009766,y,-14.665,-15.4756,0.91315,0,108.55
393163,50.019532,y,-17.99,-16.0203,1.10174,0,108.55
393164,50.030274,y,-16.94,-16.2369,0.95389,0,108.55
393165,50.04004,y,-18.83,-16.7987,1.02597,0,108.55
393166,50.049805,y,-20.93,-17.6935,1.02754,0,108.55
393167,50.059571,y,-22.47,-18.7283,1.06728,0,108.55
393168,50.070313,y,-23.065,-19.7496,1.04938,0,108.55
393169,50.075196,y,-25.69,-20.4323,1.08575,0,108.55
393170,50.084961,y,-27.265,-21.9123,1.01035,0,108.55
393171,50.094727,y,-34.23,-24.5807,1.04844,0,108.55
393172,50.104493,y,-42.175,-28.3921,1.05245,0,108.55
393173,50.115235,y,-52.71,-34.1193,1.0866,0,108.55
393174,50.125,y,-62.475,-40.2614,0.97385,0,108.55
393175,50.134766,y,-79.415,-48.7433,0.95657,0,108.55
393176,50.144532,y,-98.21,-59.4592,1.00033,0,108.55
393177,50.155274,y,-124.425,-74.7595,1.16322,0,108.55
393178,50.16504,y,-142.345,-89.4005,0.972,0,108.55
393179,50.174805,y,-171.78,-107.2448,1.11744,0,108.55
393180,50.184571,y,-197.4,-126.7751,1.09968,0,108.55
393181,50.19043,y,-227.36,-140.4801,1.01948,0,108.55
393182,50.200196,y,-265.545,-167.5729,0.85796,0,108.55
393183,50.209961,y,-311.675,-198.7869,0.86908,0,108.55
393184,50.219727,y,-356.58,-232.9696,1.4667,0,108.55
393185,50.229493,y,-393.89,-267.8297,1.1475,0,108.55
393186,50.240235,y,-445.55,-309.6851,1.13025,0,108.55
393187,50.25,y,-500.01,-350.9115,1.48683,0,108.55
393188,50.259766,y,-535.29,-390.8534,2.13782,0,108.55
393189,50.269532,y,-554.015,-426.1991,3.21134,0,108.55
393190,50.275391,y,-535.36,-441.0725,3.78756,0,108.55
393191,50.285157,y,-487.095,-451.0424,3.6115,0,108.55
393192,50.294922,y,-442.68,-449.231,2.90848,0,108.55
393193,50.304688,y,-427.945,-444.6198,2.04232,0,108.55
393194,50.31543,y,-446.67,-445.1027,1.80435,0,108.55
393195,50.325196,y,-451.64,-446.5188,2.84281,0,108.55
393196,50.334961,y,-393.33,-434.9976,3.43631,0,108.55
393197,50.344727,y,-284.97,-402.4971,3.62788,0,108.55
393198,50.354493,y,-173.25,-352.8354,5.03735,0,108.55
393199,50.365235,y,-20.615,-274.5932,4.91238,0,108.55
393200,50.375,y,135.17,-185.8343,2.85926,0,108.55
393201,50.379883,y,213.78,-139.9114,1.2725,0,108.55
393202,50.389649,y,230.615,-59.6443,0.98226,0,108.55
393203,50.400391,y,219.975,6.2096,1.07063,0,108.55
393204,50.410157,y,205.555,49.3938,1.0122,1,110.18
393205,50.419922,y,181.65,78.0418,0.7582,0,110.18
393206,50.429688,y,162.82,96.4073,0.77996,0,110.18
393207,50.44043,y,171.08,113.9937,1.35968,0,110.18
393208,50.450196,y,210.665,134.9356,1.79945,0,110.18
393209,50.459961,y,268.17,163.7955,1.83543,0,110.18
393210,50.469727,y,324.415,198.5905,1.48954,0,110.18
393211,50.479493,y,363.93,234.408,1.12148,0,110.18
393212,50.485352,y,384.195,254.8169,1.02433,0,110.18
393213,50.495118,y,393.96,284.9594,0.96756,0,110.18
393214,50.504883,y,398.3,309.5102,1.11811,0,110.18
393215,50.514649,y,403.9,329.9578,1.31332,0,110.18
393216,50.525391,y,410.13,348.8394,1.48374,0,110.18
393217,50.535157,y,416.325,363.4588,1.63081,0,110.18
393218,50.544922,y,422.8,376.3127,1.66476,0,110.18
393219,50.554688,y,425.355,386.9367,1.63007,0,110.18
393220,50.56543,y,420.665,394.8802,1.67768,0,110.18
393221,50.570313,y,409.43,396.5522,1.95667,0,110.18
393222,50.580079,y,399.35,397.1583,2.27961,0,110.18
393223,50.589844,y,391.79,395.9955,2.54184,0,110.18
393224,50.59961,y,383.775,393.3481,2.72152,0,110.18
393225,50.610352,y,373.625,388.7031,2.97172,0,110.18
393226,50.620118,y,363.615,383.2683,3.16693,0,110.18
393227,50.629883,y,352.065,376.5093,3.23249,0,110.18
393228,50.639649,y,334.81,367.476,3.27448,0,110.18
393229,50.650391,y,309.4,353.7984,3.20139,0,110.18
393230,50.660157,y,273.14,336.3253,3.05898,0,110.18
393231,50.669922,y,226.52,312.5404,3.0169,0,110.18
393232,50.679688,y,171.745,282.0399,3.16258,0,110.18
393233,50.684571,y,114.765,262.817,3.45526,0,110.18
393234,50.695313,y,63.77,215.9389,3.86688,0,110.18
393235,50.705079,y,23.765,174.3083,4.09275,0,110.18
393236,50.714844,y,-18.55,132.5332,3.88678,0,110.18
393237,50.72461,y,-86.205,85.148,3.62955,0,110.18
393238,50.735352,y,-162.715,26.7731,1.05438,0,110.18
393239,50.745118,y,-185.57,-19.2268,3.62715,0,110.18
393240,50.754883,y,-183.225,-54.7505,3.41848,0,110.18
393241,50.764649,y,-211.925,-88.7992,0.99471,0,110.18
393242,50.775391,y,-293.055,-136.904,1.14756,0,110.18
393243,50.780274,y,-312.165,-157.0447,4.17227,0,110.18
393244,50.79004,y,-212.625,-169.085,3.20854,0,110.18
393245,50.799805,y,-134.645,-161.625,2.15125,0,110.18
393246,50.809571,y,-118.335,-152.2471,2.02005,0,110.18
393247,50.820313,y,-101.045,-140.1883,2.42266,0,110.18
393248,50.830079,y,-59.43,-122.6937,1.78403,0,110.18
393249,50.839844,y,-49.28,-106.7915,1.39849,0,110.18
393250,50.84961,y,-39.445,-92.2022,1.45562,0,110.18
393251,50.860352,y,-37.695,-79.3651,0.94009,0,110.18
393252,50.870118,y,-45.5,-72.0289,1.34647,0,110.18
393253,50.875,y,-36.715,-67.9715,1.5525,0,110.18
393254,50.884766,y,-20.195,-57.6217,1.32146,0,110.18
393255,50.894532,y,-14.7,-48.3235,1.24002,0,110.18
393256,50.905274,y,-11.515,-39.6547,1.20958,0,110.18
393257,50.91504,y,-12.95,-33.8696,1.09648,0,110.18
393258,50.924805,y,-13.93,-29.5505,1.094,0,110.18
393259,50.934571,y,-11.34,-25.6056,1.21744,0,110.18
393260,50.945313,y,-4.305,-20.589,1.07552,0,110.18
393261,50.955079,y,-4.69,-17.1448,1.00971,0,110.18
393262,50.964844,y,-5.67,-14.6592,1.03766,0,110.18
393263,50.97461,y,-5.39,-12.6513,0.98438,0,110.18
393264,50.979493,y,-7.35,-12.042,0.86955,0,110.18
393265,50.990235,y,-9.695,-11.4893,1.04068,0,110.18
393266,51.0,y,-12.495,-11.7071,0.90745,0,110.18
393267,51.009766,y,-16.17,-12.6739,0.95782,0,110.18
393268,51.019532,y,-18.655,-13.9696,1.01728,0,110.18
393269,51.030274,y,-20.23,-15.444,1.02365,0,110.18
393270,51.04004,y,-19.635,-16.3519,1.03396,0,110.18
393271,51.049805,y,-18.095,-16.7295,1.04974,0,110.18
393272,51.059571,y,-16.45,-16.6689,1.01071,0,110.18
393273,51.06543,y,-17.01,-16.7154,1.03005,0,110.18
393274,51.075196,y,-16.03,-16.5669,1.03395,0,110.18
393275,51.084961,y,-15.575,-16.3521,1.02404,0,110.18
393276,51.094727,y,-16.065,-16.2899,1.05204,0,110.18
393277,51.104493,y,-15.26,-16.0668,0.96818,0,110.18
393278,51.115235,y,-14.91,-15.7943,1.07369,0,110.18
393279,51.125,y,-15.085,-15.6407,1.00657,0,110.18
393280,51.134766,y,-14.035,-15.2928,0.9765,0,110.18
393281,51.144532,y,-15.645,-15.3691,1.00836,0,110.18
393282,51.155274,y,-17.325,-15.8298,1.04266,0,110.18
393283,51.16504,y,-16.59,-15.9945,1.04063,0,110.18
393284,51.174805,y,-18.48,-16.5329,1.06837,0,110.18
393285,51.184571,y,-20.545,-17.402,1.07949,0,110.18
393286,51.19043,y,-23.555,-18.2404,1.03468,0,110.18
393287,51.200196,y,-30.38,-20.8702,1.01663,0,110.18
393288,51.209961,y,-38.745,-24.742,1.01242,0,110.18
393289,51.219727,y,-49.42,-30.088,1.05747,0,110.18
393290,51.229493,y,-64.54,-37.5514,0.98654,0,110.18
393291,51.240235,y,-83.055,-48.268,1.05256,0,110.18
393292,51.25,y,-104.51,-60.4506,1.13314,0,110.18
393293,51.259766,y,-128.555,-75.2041,1.10797,0,110.18
393294,51.269532,y,-148.155,-91.0074,1.02638,0,110.18
393295,51.275391,y,-174.685,-102.4087,1.06609,0,110.18
393296,51.285157,y,-203.84,-124.3818,1.16067,0,110.18
393297,51.294922,y,-233.485,-148.0146,0.84857,0,110.18
393298,51.304688,y,-274.855,-175.4921,0.89073,0,110.18
393299,51.31543,y,-316.785,-208.7684,1.59216,0,110.18
393300,51.325196,y,-346.185,-238.5369,1.16289,0,110.18
393301,51.334961,y,-394.66,-272.3548,0.93126,0,110.18
393302,51.344727,y,-455.14,-311.9515,1.20353,0,110.18
393303,51.354493,y,-495.845,-351.7883,1.62889,0,110.18
393304,51.365235,y,-525.63,-392.7303,2.43427,0,110.18
393305,51.375,y,-529.375,-422.3289,2.89288,0,110.18
393306,51.379883,y,-513.66,-432.8245,3.75734,0,110.18
393307,51.389649,y,-465.22,-439.8423,3.23009,0,110.18
393308,51.400391,y,-428.925,-437.2712,2.7609,0,110.18
393309,51.410157,y,-414.47,-432.3318,1.95496,0,110.18
393310,51.419922,y,-428.47,-431.4953,1.73474,0,110.18
393311,51.429688,y,-425.425,-430.1803,2.19277,0,110.18
393312,51.44043,y,-385.84,-419.7376,2.91005,0,110.18
393313,51.450196,y,-300.125,-393.8259,3.49506,0,110.18
393314,51.459961,y,-200.585,-351.9679,4.8244,0,110.18
393315,51.469727,y,-72.975,-291.5297,4.52585,0,110.18
393316,51.479493,y,67.83,-213.6817,2.94398,0,110.18
393317,51.485352,y,153.125,-163.7033,1.42256,0,110.18
393318,51.495118,y,186.2,-87.9038,1.05339,0,110.18
393319,51.504883,y,199.29,-25.6946,0.99658,0,110.18
393320,51.514649,y,198.765,22.93,0.84455,0,110.18
393321,51.525391,y,189.42,62.1405,0.73655,1,109.15
393322,51.535157,y,187.46,89.2885,0.87085,0,109.15
393323,51.544922,y,201.775,113.6542,1.33366,0,109.15
393324,51.554688,y,241.71,141.3949,1.69207,0,109.15
393325,51.56543,y,296.835,178.0031,1.61424,0,109.15
393326,51.570313,y,344.89,197.1814,1.26859,0,109.15
393327,51.580079,y,373.38,235.3513,0.94359,0,109.15
393328,51.589844,y,383.705,267.4862,0.93545,0,109.15
393329,51.59961,y,389.165,293.8455,1.04347,0,109.15
393330,51.610352,y,395.955,317.8936,1.06174,0,109.15
393331,51.620118,y,399.7,335.6153,1.04003,0,109.15
393332,51.629883,y,397.285,348.9736,1.09932,0,109.15
393333,51.639649,y,392.63,358.4309,1.23832,0,109.15
393334,51.650391,y,389.06,365.6444,1.43886,0,109.15
393335,51.660157,y,387.625,370.4061,1.66817,0,109.15
393336,51.669922,y,388.675,374.3633,1.9291,0,109.15
393337,51.679688,y,391.37,378.0475,2.24588,0,109.15
393338,51.684571,y,397.81,380.3185,2.40882,0,109.15
393339,51.695313,y,402.045,385.4354,2.47547,0,109.15
393340,51.705079,y,398.055,388.1692,2.51443,0,109.15
393341,51.714844,y,385.42,387.5737,2.61424,0,109.15
393342,51.72461,y,365.925,382.8839,2.77169,0,109.15
393343,51.735352,y,342.125,373.2847,2.91061,0,109.15
393344,51.745118,y,314.72,360.5978,3.00526,0,109.15
393345,51.754883,y,283.64,343.928,3.15062,0,109.15
393346,51.764649,y,250.495,323.6876,3.23932,0,109.15
393347,51.775391,y,216.51,298.4459,3.19364,0,109.15
393348,51.780274,y,177.415,284.5373,3.22308,0,109.15
393349,51.79004,y,132.265,251.5505,3.31153,0,109.15
393350,51.799805,y,81.025,214.613,3.47823,0,109.15
393351,51.809571,y,27.44,174.0657,3.66178,0,109.15
393352,51.820313,y,-28.805,126.2871,3.75635,0,109.15
393353,51.830079,y,-89.88,79.4588,3.69896,0,109.15
393354,51.839844,y,-175.665,24.1964,2.22771,0,109.15
393355,51.84961,y,-200.13,-24.3994,2.10445,0,109.15
393356,51.860352,y,-202.51,-66.3467,3.65584,0,109.15
393357,51.870118,y,-187.32,-92.5532,1.46251,0,109.15
393358,51.875,y,-217.56,-106.9159,0.80626,0,109.15
393359,51.884766,y,-258.93,-139.8467,2.89133,0,109.15
393360,51.894532,y,-204.26,-153.8006,3.10791,0,109.15
393361,51.905274,y,-129.325,-148.0363,1.81504,0,109.15
393362,51.91504,y,-107.73,-139.3047,1.56331,0,109.15
393363,51.924805,y,-110.74,-133.1173,2.30038,0,109.15
393364,51.934571,y,-70.07,-119.4594,1.78164,0,109.15
393365,51.945313,y,-49.35,-102.9477,1.53035,0,109.15
393366,51.955079,y,-38.045,-88.8879,1.64959,0,109.15
393367,51.964844,y,-23.555,-74.7361,1.37433,0,109.15
393368,51.97461,y,-25.165,-63.9975,0.91005,0,109.15
393369,51.985352,y,-31.745,-56.4016,1.57928,0,109.15
393370,51.990235,y,-17.64,-51.9472,1.28636,0,109.15
393371,52.0,y,-9.765,-42.8101,1.21044,0,109.15
393372,52.009766,y,-5.075,-34.6356,1.15357,0,109.15
393373,52.019532,y,-7.77,-28.8157,1.13605,0,109.15
393374,52.030274,y,-11.235,-24.6752,1.07603,0,109.15
393375,52.04004,y,-11.34,-21.7864,1.07752,0,109.15
393376,52.049805,y,-7.84,-18.7655,1.10221,0,109.15
393377,52.059571,y,-5.075,-15.7997,0.97217,0,109.15
393378,52.06543,y,-5.075,-14.3384,1.05276,0,109.15
393379,52.075196,y,-5.74,-12.4758,0.96223,0,109.15
393380,52.084961,y,-9.695,-11.8734,0.95546,0,109.15
393381,52.094727,y,-10.15,-11.5001,0.97666,0,109.15
393382,52.104493,y,-14.7,-12.1933,0.94825,0,109.15
393383,52.115235,y,-19.25,-13.8552,0.95507,0,109.15
393384,52.125,y,-21.105,-15.4256,0.96285,0,109.15
393385,52.134766,y,-23.345,-17.1412,1.0436,0,109.15
393386,52.144532,y,-22.26,-18.2501,1.04399,0,109.15
393387,52.155274,y,-20.44,-18.7658,1.03775,0,109.15
393388,52.16504,y,-19.81,-18.992,1.0519,0,109.15
393389,52.174805,y,-18.375,-18.8584,1.07457,0,109.15
393390,52.179688,y,-17.885,-18.7465,0.9793,0,109.15
393391,52.19043,y,-18.095,-18.5931,1.02556,0,109.15
393392,52.200196,y,-17.255,-18.3032,1.09651,0,109.15
393393,52.209961,y,-15.855,-17.7729,0.94397,0,109.15
393394,52.219727,y,-18.445,-17.9185,1.06563,0,109.15
393395,52.229493,y,-18.235,-17.9871,1.05569,0,109.15
393396,52.240235,y,-19.075,-18.2433,1.06183,0,109.15
393397,52.25,y,-19.775,-18.5751,1.07444,0,109.15
393398,52.259766,y,-20.055,-18.8957,1.03511,0,109.15
393399,52.269532,y,-22.05,-19.579,1.00786,0,109.15
393400,52.275391,y,-24.815,-20.2924,1.07429,0,109.15
393401,52.285157,y,-25.305,-21.3783,1.04377,0,109.15
393402,52.294922,y,-30.1,-23.2675,1.07271,0,109.15
393403,52.304688,y,-34.93,-25.7939,1.04334,0,109.15
393404,52.31543,y,-42.945,-29.8332,0.99298,0,109.15
393405,52.325196,y,-52.08,-34.6526,0.99473,0,109.15
393406,52.334961,y,-68.11,-41.8998,1.03018,0,109.15
393407,52.344727,y,-82.495,-50.6939,0.92886,0,109.15
393408,52.354493,y,-106.155,-62.7084,1.03702,0,109.15
393409,52.365235,y,-125.265,-77.4413,1.14282,0,109.15
393410,52.370118,y,-148.995,-85.6641,1.04059,0,109.15
393411,52.379883,y,-176.995,-105.4473,1.08858,0,109.15
393412,52.389649,y,-204.12,-126.8228,0.98062,0,109.15
393413,52.400391,y,-241.325,-153.7895,0.89972,0,109.15
393414,52.410157,y,-285.6,-182.3436,0.97234,0,109.15
393415,52.419922,y,-329.21,-214.1564,1.52912,0,109.15
393416,52.429688,y,-365.4,-246.9203,1.09086,0,109.15
393417,52.44043,y,-425.355,-288.9439,1.03854,0,109.15
393418,52.450196,y,-488.285,-332.1272,1.17446,0,109.15
393419,52.459961,y,-538.23,-376.7712,1.69361,0,109.15
393420,52.469727,y,-572.74,-419.2239,2.58752,0,109.15
393421,52.479493,y,-581.525,-454.3831,3.66883,0,109.15
393422,52.485352,y,-548.1,-467.1523,3.96184,0,109.15
393423,52.495118,y,-493.115,-472.7766,3.17444,0,109.15
393424,52.504883,y,-455.175,-468.9639,2.83254,0,109.15
393425,52.514649,y,-433.72,-461.329,2.04109,0,109.15
393426,52.525391,y,-436.52,-455.4862,2.3368,0,109.15
393427,52.535157,y,-411.495,-445.9564,2.99844,0,109.15
393428,52.544922,y,-340.375,-423.0864,3.23599,0,109.15
393429,52.554688,y,-229.81,-381.2169,3.55016,0,109.15
393430,52.56543,y,-136.92,-323.6819,6.38777,0,109.15
393431,52.570313,y,48.615,-280.8983,3.24474,0,109.15
393432,52.580079,y,141.085,-189.4841,2.40948,0,109.15
393433,52.589844,y,210.595,-102.8228,1.08789,0,109.15
393434,52.59961,y,219.275,-33.0468,1.06619,0,109.15
393435,52.610352,y,218.19,26.1227,1.02608,0,109.15
393436,52.620118,y,208.775,65.6906,0.8901,1,109.34
393437,52.629883,y,198.94,94.5538,0.8272,0,109.34
393438,52.639649,y,207.76,119.0777,1.26319,0,109.34
393439,52.650391,y,239.155,147.3574,1.57934,0,109.34
393440,52.660157,y,283.605,176.8727,1.62141,0,109.34
393441,52.669922,y,328.93,209.8099,1.43804,0,109.34
393442,52.674805,y,364.805,227.6216,1.11953,0,109.34
393443,52.684571,y,385.035,261.7221,0.93038,0,109.34
393444,52.695313,y,394.03,292.8823,0.9334,0,109.34
393445,52.705079,y,398.09,315.6734,0.98166,0,109.34
393446,52.714844,y,400.12,333.9654,1.09162,0,109.34
393447,52.72461,y,401.31,348.5543,1.23844,0,109.34
393448,52.735352,y,402.815,361.3334,1.4481,0,109.34
393449,52.745118,y,407.435,371.3204,1.62816,0,109.34
393450,52.754883,y,413.0,380.3486,1.80232,0,109.34
393451,52.764649,y,417.865,388.4758,1.96458,0,109.34
393452,52.775391,y,420.805,396.0897,2.23408,0,109.34
393453,52.780274,y,423.115,399.1954,2.42034,0,109.34
393454,52.79004,y,420.805,403.8767,2.59472,0,109.34
393455,52.799805,y,411.285,405.4814,2.79523,0,109.34
393456,52.809571,y,395.36,403.2888,2.9704,0,109.34
393457,52.820313,y,374.465,396.5004,3.12512,0,109.34
393458,52.830079,y,350.56,386.5484,3.20293,0,109.34
393459,52.839844,y,323.225,372.8319,3.14768,0,109.34
393460,52.84961,y,289.345,354.7461,3.14368,0,109.34
393461,52.860352,y,250.705,330.2431,3.19937,0,109.34
393462,52.865235,y,210.35,316.4652,3.2524,0,109.34
393463,52.875,y,168.455,284.4047,3.34864,0,109.34
393464,52.884766,y,125.265,249.9303,3.41652,0,109.34
393465,52.894532,y,80.36,213.1963,3.59987,0,109.34
393466,52.905274,y,38.395,172.0283,3.84123,0,109.34
393467,52.91504,y,0.63,134.8983,3.90294,0,109.34
393468,52.924805,y,-48.405,95.193,3.69533,0,109.34
393469,52.934571,y,-121.87,48.1706,2.59993,0,109.34
393470,52.945313,y,-181.02,-5.8067,1.74658,0,109.34
393471,52.955079,y,-187.145,-45.09,4.05299,0,109.34
393472,52.964844,y,-173.46,-72.8963,1.7558,0,109.34
393473,52.97461,y,-246.96,-110.6037,0.92089,0,109.34
393474,52.979493,y,-317.52,-134.3821,3.1016,0,109.34
393475,52.990235,y,-258.615,-163.6405,3.9832,0,109.34
393476,53.0,y,-155.33,-161.8404,2.59751,0,109.34
393477,53.009766,y,-106.435,-149.8379,1.88313,0,109.34
393478,53.019532,y,-111.65,-141.5653,1.66769,0,109.34
393479,53.030274,y,-90.72,-129.5906,2.64823,0,109.34
393480,53.04004,y,-48.195,-111.9579,1.82339,0,109.34
393481,53.049805,y,-36.68,-95.6519,1.69564,0,109.34
393482,53.059571,y,-27.545,-80.8979,1.26596,0,109.34
393483,53.06543,y,-33.39,-74.4248,1.00219,0,109.34
393484,53.075196,y,-36.26,-66.1572,1.54852,0,109.34
393485,53.084961,y,-22.015,-56.5955,1.34295,0,109.34
393486,53.094727,y,-12.775,-47.1027,1.28216,0,109.34
393487,53.104493,y,-8.085,-38.6503,1.1611,0,109.34
393488,53.115235,y,-7.735,-31.3693,1.12626,0,109.34
393489,53.125,y,-9.905,-26.7199,1.00716,0,109.34
393490,53.134766,y,-11.795,-23.4868,1.11133,0,109.34
393491,53.144532,y,-10.71,-20.7189,1.08748,0,109.34
393492,53.155274,y,-4.83,-16.9769,1.0925,0,109.34
393493,53.16504,y,-4.69,-14.3152,0.97507,0,109.34
393494,53.169922,y,-10.29,-13.8527,0.96416,0,109.34
393495,53.179688,y,-10.15,-13.0506,1.00023,0,109.34
393496,53.19043,y,-10.885,-12.5406,0.94932,0,109.34
393497,53.200196,y,-14.77,-13.0235,0.94762,0,109.34
393498,53.209961,y,-18.165,-14.1372,0.99096,0,109.34
393499,53.219727,y,-20.055,-15.4192,0.99727,0,109.34
393500,53.229493,y,-22.12,-16.8708,0.9864,0,109.34
393501,53.240235,y,-22.995,-18.3131,1.04162,0,109.34
393502,53.25,y,-23.8,-19.5016,1.05386,0,109.34
393503,53.259766,y,-23.695,-20.41,1.06567,0,109.34
393504,53.269532,y,-21.49,-20.644,1.01439,0,109.34
393505,53.275391,y,-20.23,-20.5876,1.05403,0,109.34
393506,53.285157,y,-20.93,-20.6618,1.07038,0,109.34
393507,53.294922,y,-19.46,-20.4014,1.01912,0,109.34
393508,53.304688,y,-18.62,-20.0155,1.06255,0,109.34
393509,53.31543,y,-18.445,-19.6457,1.00164,0,109.34
393510,53.325196,y,-19.53,-19.6206,1.05248,0,109.34
393511,53.334961,y,-18.83,-19.4493,0.97692,0,109.34
393512,53.344727,y,-20.93,-19.7701,1.03268,0,109.34
393513,53.354493,y,-22.4,-20.3398,1.04661,0,109.34
393514,53.365235,y,-22.4,-20.825,1.04224,0,109.34
393515,53.370118,y,-23.73,-21.1589,1.09337,0,109.34
393516,53.379883,y,-25.2,-22.0342,1.04684,0,109.34
393517,53.389649,y,-28.665,-23.4706,1.01413,0,109.34
393518,53.400391,y,-34.79,-26.1365,0.97967,0,109.34
393519,53.410157,y,-45.15,-30.2554,1.02603,0,109.34
393520,53.419922,y,-56.56,-35.9532,0.93118,0,109.34
393521,53.429688,y,-72.205,-43.8065,1.00533,0,109.34
393522,53.44043,y,-89.46,-54.5584,1.06762,0,109.34
393523,53.450196,y,-110.53,-66.6836,1.06146,0,109.34
393524,53.459961,y,-134.995,-81.4805,1.01528,0,109.34
393525,53.469727,y,-158.725,-98.214,1.01706,0,109.34
393526,53.479493,y,-186.935,-117.4336,1.06954,0,109.34
393527,53.485352,y,-216.93,-130.9903,1.03113,0,109.34
393528,53.495118,y,-252.21,-157.2501,0.87597,0,109.34
393529,53.504883,y,-296.415,-187.3946,0.92017,0,109.34
393530,53.514649,y,-341.635,-220.8077,1.51781,0,109.34
393531,53.525391,y,-379.82,-258.2571,1.19438,0,109.34
393532,53.535157,y,-431.62,-295.8127,1.14236,0,109.34
393533,53.544922,y,-491.925,-338.2927,1.27565,0,109.34
393534,53.554688,y,-541.38,-382.2874,2.06239,0,109.34
393535,53.56543,y,-572.635,-427.1167,2.61231,0,109.34
393536,53.570313,y,-568.785,-443.397,3.83285,0,109.34
393537,53.580079,y,-518.35,-459.634,3.88006,0,109.34
393538,53.589844,y,-465.78,-460.9653,3.04097,0,109.34
393539,53.59961,y,-431.865,-454.6613,2.70694,0,109.34
393540,53.610352,y,-413.91,-445.0639,1.92034,0,109.34
393541,53.620118,y,-414.61,-438.4666,2.42418,0,109.34
393542,53.629883,y,-384.02,-426.6729,2.28843,0,109.34
393543,53.639649,y,-328.125,-405.3245,2.66567,0,109.34
393544,53.650391,y,-245.56,-367.6979,3.45964,0,109.34
393545,53.660157,y,-158.41,-322.3599,6.31441,0,109.34
393546,53.669922,y,40.25,-243.8149,3.31801,0,109.34
393547,53.674805,y,142.73,-199.3939,2.3544,0,109.34
393548,53.684571,y,216.44,-109.3119,1.17198,0,109.34
393549,53.695313,y,243.565,-26.2048,0.97993,0,109.34
393550,53.705079,y,259.98,35.7914,0.73628,0,109.34
393551,53.714844,y,258.475,84.0269,0.62634,1,109.45
393552,53.72461,y,250.355,120.0586,0.63296,0,109.45
393553,53.735352,y,249.62,150.5719,0.88304,0,109.45
393554,53.745118,y,267.155,175.8273,1.23135,0,109.45
393555,53.754883,y,302.19,203.1988,1.29728,0,109.45
393556,53.764649,y,339.85,232.8015,1.24183,0,109.45
393557,53.769532,y,368.2,248.3612,1.11858,0,109.45
393558,53.780274,y,384.615,280.4507,0.99998,0,109.45
393559,53.79004,y,392.42,304.7066,1.03578,0,109.45
393560,53.799805,y,397.215,324.7449,1.08092,0,109.45
393561,53.809571,y,400.505,341.1568,1.11814,0,109.45
393562,53.820313,y,400.75,355.1918,1.21158,0,109.45
393563,53.830079,y,399.245,364.735,1.3235,0,109.45
393564,53.839844,y,397.285,371.7857,1.42046,0,109.45
393565,53.84961,y,393.855,376.5665,1.54937,0,109.45
393566,53.860352,y,390.67,379.8881,1.72804,0,109.45
393567,53.865235,y,388.605,380.8898,2.0256,0,109.45
393568,53.875,y,389.655,382.7884,2.29403,0,109.45
393569,53.884766,y,391.895,384.7612,2.47829,0,109.45
393570,53.894532,y,391.3,386.1777,2.59681,0,109.45
393571,53.905274,y,384.335,385.7437,2.7256,0,109.45
393572,53.91504,y,370.335,382.4057,2.90784,0,109.45
393573,53.924805,y,351.12,375.6289,3.05572,0,109.45
393574,53.934571,y,328.02,365.3154,3.11367,0,109.45
393575,53.945313,y,300.055,349.9457,3.18327,0,109.45
393576,53.955079,y,267.61,332.1094,3.22428,0,109.45
393577,53.964844,y,231.315,310.2763,3.14425,0,109.45
393578,53.97461,y,186.865,283.5417,3.16093,0,109.45
393579,53.979493,y,135.73,266.5555,3.32517,0,109.45
393580,53.990235,y,83.51,223.4459,3.57225,0,109.45
393581,54.0,y,36.225,182.8919,3.94783,0,109.45
393582,54.009766,y,0.56,143.3934,4.09315,0,109.45
393583,54.019532,y,-41.09,103.4288,3.86903,0,109.45
393584,54.030274,y,-109.725,53.2283,2.30742,0,109.45
393585,54.04004,y,-155.4,8.0332,1.91536,0,109.45
393586,54.049805,y,-156.8,-27.6714,3.78892,0,109.45
393587,54.059571,y,-157.01,-55.69,1.6486,0,109.45
393588,54.06543,y,-226.275,-78.9326,0.27652,0,109.45
393589,54.075196,y,-284.97,-123.5665,3.10836,0,109.45
393590,54.084961,y,-222.495,-144.9954,3.43134,0,109.45
393591,54.094727,y,-135.065,-142.8442,2.13072,0,109.45
393592,54.104493,y,-105.7,-134.7977,1.61646,0,109.45
393593,54.115235,y,-109.34,-128.8021,2.03494,0,109.45
393594,54.125,y,-80.78,-118.4,2.08833,0,109.45
393595,54.134766,y,-52.465,-104.1165,1.52921,0,109.45
393596,54.144532,y,-39.865,-90.1977,1.60988,0,109.45
393597,54.155274,y,-30.555,-76.1511,1.35999,0,109.45
393598,54.16504,y,-32.655,-66.7285,0.87866,0,109.45
393599,54.169922,y,-39.725,-63.6259,1.48024,0,109.45
393600,54.179688,y,-26.215,-55.5216,1.45463,0,109.45
393601,54.19043,y,-13.825,-45.7015,1.23207,0,109.45
393602,54.200196,y,-9.1,-37.7725,1.14097,0,109.45
393603,54.209961,y,-9.94,-31.7437,1.11049,0,109.45
393604,54.219727,y,-11.9,-27.445,1.16791,0,109.45
393605,54.229493,y,-10.99,-23.8803,1.10013,0,109.45
393606,54.240235,y,-4.41,-19.2948,1.11101,0,109.45
393607,54.25,y,-2.31,-15.6157,1.01719,0,109.45
393608,54.259766,y,-7.49,-13.8555,0.94802,0,109.45
393609,54.269532,y,-10.01,-13.0224,0.97493,0,109.45
393610,54.275391,y,-11.62,-12.8313,0.98365,0,109.45
393611,54.285157,y,-13.475,-12.9708,0.96066,0,109.45
393612,54.294922,y,-15.365,-13.4894,1.00561,0,109.45
393613,54.304688,y,-16.87,-14.2217,0.99637,0,109.45
393614,54.31543,y,-17.99,-15.1092,0.96915,0,109.45
393615,54.325196,y,-19.565,-16.0745,0.98187,0,109.45
393616,54.334961,y,-21.805,-17.3158,1.03391,0,109.45
393617,54.344727,y,-22.4,-18.4172,1.07299,0,109.45
393618,54.354493,y,-21.595,-19.1056,1.01046,0,109.45
393619,54.360352,y,-19.915,-19.2159,1.02115,0,109.45
393620,54.370118,y,-21.175,-19.6403,1.06119,0,109.45
393621,54.379883,y,-22.33,-20.2229,0.97795,0,109.45
393622,54.389649,y,-22.715,-20.7628,1.09081,0,109.45
393623,54.400391,y,-19.705,-20.5136,1.01491,0,109.45
393624,54.410157,y,-18.515,-20.0807,1.0206,0,109.45
393625,54.419922,y,-19.215,-19.8932,1.04561,0,109.45
393626,54.429688,y,-20.51,-20.0268,1.0182,0,109.45
393627,54.44043,y,-25.095,-21.2204,1.10191,0,109.45
393628,54.450196,y,-25.06,-22.0522,1.07406,0,109.45
393629,54.459961,y,-27.825,-23.3026,1.11209,0,109.45
393630,54.469727,y,-27.23,-24.1534,1.01673,0,109.45
393631,54.47461,y,-32.48,-25.1103,1.02912,0,109.45
393632,54.485352,y,-39.34,-28.4616,0.95857,0,109.45
393633,54.495118,y,-48.16,-32.7288,1.03862,0,109.45
393634,54.504883,y,-59.955,-38.6263,0.96435,0,109.45
393635,54.514649,y,-74.935,-46.4919,1.00269,0,109.45
393636,54.525391,y,-95.165,-57.955,1.06659,0,109.45
393637,54.535157,y,-113.085,-69.8978,1.12635,0,109.45
393638,54.544922,y,-133.175,-83.6043,1.04282,0,109.45
393639,54.554688,y,-157.955,-99.7109,1.10504,0,109.45
393640,54.56543,y,-182.42,-119.1899,1.11381,0,109.45
393641,54.570313,y,-209.895,-129.6136,1.09399,0,109.45
393642,54.580079,y,-239.645,-153.4497,0.92505,0,109.45
393643,54.589844,y,-280.49,-180.9679,0.84653,0,109.45
393644,54.59961,y,-328.405,-212.9072,1.03568,0,109.45
393645,54.610352,y,-367.71,-249.3652,1.53018,0,109.45
393646,54.620118,y,-402.29,-282.4933,0.99132,0,109.45
393647,54.629883,y,-464.835,-321.9904,1.24698,0,109.45
393648,54.639649,y,-508.34,-362.3593,1.8531,0,109.45
393649,54.650391,y,-536.795,-403.4411,2.58987,0,109.45
393650,54.660157,y,-540.995,-433.2394,3.62499,0,109.45
393651,54.66504,y,-505.225,-441.5119,3.71707,0,109.45
393652,54.674805,y,-459.13,-445.3281,3.39685,0,109.45
393653,54.684571,y,-427.805,-441.5321,2.95138,0,109.45
393654,54.695313,y,-411.53,-434.4662,2.50766,0,109.45
393655,54.705079,y,-409.5,-429.0578,2.42493,0,109.45
393656,54.714844,y,-388.955,-420.3711,2.89826,0,109.45
393657,54.72461,y,-318.885,-398.3862,2.85261,0,109.45
393658,54.735352,y,-237.335,-360.4566,3.18871,0,109.45
393659,54.745118,y,-146.09,-314.0184,5.67449,0,109.45
393660,54.754883,y,27.02,-240.1459,3.18935,0,109.45
393661,54.764649,y,103.88,-165.6196,2.01931,0,109.45
393662,54.775391,y,139.72,-93.7082,0.95718,0,109.45
393663,54.780274,y,137.305,-67.1607,1.07179,0,109.45
393664,54.79004,y,134.89,-23.3905,1.05478,0,109.45
393665,54.799805,y,128.205,9.4467,0.92391,0,109.45
393666,54.809571,y,126.245,34.7487,0.99942,0,109.45
393667,54.820313,y,144.235,60.5341,1.44199,1,109.09
393668,54.830079,y,185.85,87.6813,1.75923,0,109.09
393669,54.839844,y,242.095,121.1289,1.86879,0,109.09
393670,54.84961,y,302.435,160.4052,1.65541,0,109.09
393671,54.860352,y,351.855,205.4941,1.23096,0,109.09
393672,54.865235,y,380.625,225.6198,0.93325,0,109.09
393673,54.875,y,393.4,261.9627,0.86388,0,109.09
393674,54.884766,y,399.07,291.6642,0.93615,0,109.09
393675,54.894532,y,403.375,315.8641,1.09805,0,109.09
393676,54.905274,y,408.1,337.5869,1.27374,0,109.09
393677,54.91504,y,413.56,354.0449,1.46248,0,109.09
393678,54.924805,y,422.205,368.8091,1.6539,0,109.09
393679,54.934571,y,432.18,382.5371,1.70048,0,109.09
393680,54.945313,y,437.185,395.4074,1.63754,0,109.09
393681,54.955079,y,433.055,403.563,1.8353,0,109.09
393682,54.964844,y,424.97,408.2,2.1759,0,109.09
393683,54.969727,y,417.585,409.2785,2.5302,0,109.09
393684,54.979493,y,410.165,409.4705,2.83715,0,109.09
393685,54.990235,y,401.24,407.5321,3.03269,0,109.09
393686,55.0,y,387.59,403.2125,3.18485,0,109.09
393687,55.009766,y,369.11,395.8248,3.28736,0,109.09
393688,55.019532,y,345.555,384.9349,3.29009,0,109.09
393689,55.030274,y,315.665,368.6209,3.3356,0,109.09
393690,55.04004,y,281.855,349.8249,3.43716,0,109.09
393691,55.049805,y,248.01,327.7707,3.44004,0,109.09
393692,55.059571,y,209.825,302.2201,3.44743,0,109.09
393693,55.06543,y,163.975,283.3839,3.51582,0,109.09
393694,55.075196,y,110.74,245.9841,3.70372,0,109.09
393695,55.084961,y,57.085,205.0666,4.06247,0,109.09
393696,55.094727,y,6.965,162.1519,4.23346,0,109.09
393697,55.104493,y,-56.28,114.833,4.08381,0,109.09
393698,55.115235,y,-162.33,49.5576,2.28968,0,109.09
393699,55.125,y,-206.29,-5.8617,2.49648,0,109.09
393700,55.134766,y,-217.455,-51.6991,3.6872,0,109.09
393701,55.144532,y,-226.38,-89.5402,1.10275,0,109.09
393702,55.155274,y,-270.655,-132.1951,1.17118,0,109.09
393703,55.160157,y,-287.875,-150.0855,3.84171,0,109.09
393704,55.169922,y,-200.69,-161.0469,3.18695,0,109.09
393705,55.179688,y,-128.835,-154.0689,1.98935,0,109.09
393706,55.19043,y,-112.665,-144.3177,1.73548,0,109.09
393707,55.200196,y,-110.705,-137.0362,2.66815,0,109.09
393708,55.209961,y,-72.625,-123.0841,1.80607,0,109.09
393709,55.219727,y,-58.625,-109.1203,1.11745,0,109.09
393710,55.229493,y,-59.43,-98.3559,0.99881,0,109.09
393711,55.240235,y,-56.385,-88.4712,1.53581,0,109.09
393712,55.25,y,-37.73,-77.4802,1.22404,0,109.09
393713,55.259766,y,-29.575,-67.1025,1.27481,0,109.09
393714,55.269532,y,-23.94,-57.7522,1.35894,0,109.09
393715,55.275391,y,-17.605,-52.282,1.28939,0,109.09
393716,55.285157,y,-12.285,-43.6175,1.15477,0,109.09
393717,55.294922,y,-10.675,-36.4818,1.13976,0,109.09
393718,55.304688,y,-10.78,-30.914,1.09634,0,109.09
393719,55.31543,y,-9.38,-25.8425,1.00458,0,109.09
393720,55.325196,y,-6.02,-21.5483,1.11312,0,109.09
393721,55.334961,y,-6.055,-18.1923,0.88504,0,109.09
393722,55.344727,y,-11.34,-16.7079,1.1023,0,109.09
393723,55.354493,y,-9.205,-15.0826,0.95212,0,109.09
393724,55.360352,y,-11.445,-14.5869,0.95947,0,109.09
393725,55.370118,y,-12.775,-14.1944,0.96834,0,109.09
393726,55.379883,y,-14.105,-14.175,0.98215,0,109.09
393727,55.389649,y,-16.625,-14.7058,0.97508,0,109.09
393728,55.400391,y,-17.885,-15.4545,1.01581,0,109.09
393729,55.410157,y,-18.13,-16.0341,1.06103,0,109.09
393730,55.419922,y,-18.165,-16.4957,1.03183,0,109.09
393731,55.429688,y,-17.43,-16.6981,1.05343,0,109.09
393732,55.44043,y,-16.73,-16.7056,0.99784,0,109.09
393733,55.450196,y,-17.15,-16.8019,1.08263,0,109.09
393734,55.459961,y,-18.515,-17.173,1.01443,0,109.09
393735,55.469727,y,-17.815,-17.312,0.98741,0,109.09
393736,55.47461,y,-19.46,-17.5589,1.07208,0,109.09
393737,55.484375,y,-19.565,-17.9934,0.99695,0,109.09
393738,55.495118,y,-20.265,-18.5285,1.05761,0,109.09
393739,55.504883,y,-20.335,-18.9198,1.06919,0,109.09
393740,55.514649,y,-19.915,-19.1354,1.03081,0,109.09
393741,55.525391,y,-20.86,-19.5415,1.04228,0,109.09
393742,55.535157,y,-21.385,-19.9409,1.03516,0,109.09
393743,55.544922,y,-21.735,-20.3295,0.99473,0,109.09
393744,55.554688,y,-25.725,-21.4983,1.04266,0,109.09
393745,55.56543,y,-28.035,-23.0378,1.03947,0,109.09
393746,55.570313,y,-33.005,-24.1832,1.04459,0,109.09
393747,55.580079,y,-42.035,-28.0504,1.0586,0,109.09
393748,55.589844,y,-50.96,-33.0129,0.90844,0,109.09
393749,55.59961,y,-65.17,-39.9791,1.02103,0,109.09
393750,55.610352,y,-79.905,-49.3821,1.04745,0,109.09
393751,55.620118,y,-96.985,-59.6943,0.97593,0,109.09
393752,55.629883,y,-118.37,-72.4041,1.03667,0,109.09
393753,55.639649,y,-138.46,-86.7138,1.0809,0,109.09
393754,55.650391,y,-162.925,-104.6625,1.07256,0,109.09
393755,55.660157,y,-190.26,-123.2055,1.04133,0,109.09
393756,55.66504,y,-220.5,-134.3864,1.01603,0,109.09
393757,55.674805,y,-254.345,-160.3706,0.90883,0,109.09
393758,55.684571,y,-299.04,-190.4106,0.92756,0,109.09
393759,55.695313,y,-339.815,-225.5972,1.73498,0,109.09
393760,55.705079,y,-370.86,-257.0655,1.02757,0,109.09
393761,55.714844,y,-433.545,-295.2928,1.37957,0,109.09
393762,55.72461,y,-481.39,-335.607,1.52625,0,109.09
393763,55.735352,y,-525.07,-380.228,1.77282,0,109.09
393764,55.745118,y,-555.695,-418.2394,2.89294,0,109.09
393765,55.754883,y,-546.49,-446.0198,3.80004,0,109.09
393766,55.764649,y,-501.97,-458.1403,3.69357,0,109.09
393767,55.775391,y,-455.875,-457.6068,3.1335,0,109.09
393768,55.780274,y,-425.915,-453.9648,2.67778,0,109.09
393769,55.79004,y,-416.395,-445.8261,1.67927,0,109.09
393770,55.799805,y,-433.79,-443.2189,2.1923,0,109.09
393771,55.809571,y,-403.165,-434.5421,2.61522,0,109.09
393772,55.820313,y,-325.605,-408.886,3.37852,0,109.09
393773,55.830079,y,-224.875,-369.0237,4.19363,0,109.09
393774,55.839844,y,-104.86,-311.8031,5.45677,0,109.09
393775,55.84961,y,70.385,-229.0098,3.22756,0,109.09
393776,55.860352,y,162.75,-136.7453,1.80093,0,109.09
393777,55.865235,y,211.75,-96.6969,1.0771,0,109.09
393778,55.875,y,228.725,-26.2072,0.96158,0,109.09
393779,55.884766,y,234.535,30.2774,0.7981,0,109.09
393780,55.894532,y,228.27,73.1685,0.71215,1,110.14
393781,55.905274,y,224.42,108.7902,0.75616,0,110.14
393782,55.91504,y,231.14,135.2948,1.0885,0,110.14
393783,55.924805,y,258.125,161.9011,1.37663,0,110.14
393784,55.934571,y,298.9,191.5791,1.43435,0,110.14
393785,55.945313,y,339.325,226.3752,1.25351,0,110.14
393786,55.955079,y,367.78,257.0077,1.02027,0,110.14
393787,55.964844,y,382.27,284.1408,0.93653,0,110.14
393788,55.969727,y,389.62,296.2623,1.05866,0,110.14
393789,55.979493,y,396.795,318.0407,1.10226,0,110.14
393790,55.990235,y,402.115,337.8412,1.0764,0,110.14
393791,56.0,y,401.555,351.6423,1.17921,0,110.14
393792,56.009766,y,399.665,362.0454,1.3198,0,110.14
393793,56.019532,y,398.545,369.9523,1.51594,0,110.14
393794,56.030274,y,399.21,376.8429,1.7076,0,110.14
393795,56.04004,y,401.205,382.1205,1.96504,0,110.14
393796,56.049805,y,404.46,386.9594,2.22951,0,110.14
393797,56.059571,y,408.205,391.5619,2.43565,0,110.14
393798,56.06543,y,409.045,393.944,2.62166,0,110.14
393799,56.075196,y,404.88,396.313,2.78846,0,110.14
393800,56.084961,y,394.835,395.9929,2.99865,0,110.14
393801,56.094727,y,381.325,392.8154,3.21424,0,110.14
393802,56.104493,y,366.31,387.0735,3.32024,0,110.14
393803,56.115235,y,347.9,377.8477,3.28362,0,110.14
393804,56.125,y,320.705,365.47,3.20867,0,110.14
393805,56.134766,y,283.78,347.7735,3.11426,0,110.14
393806,56.144532,y,239.33,324.2814,3.06527,0,110.14
393807,56.155274,y,187.075,291.9675,3.15286,0,110.14
393808,56.160157,y,129.08,273.2488,3.32496,0,110.14
393809,56.169922,y,70.28,229.2837,3.73307,0,110.14
393810,56.179688,y,24.43,184.9063,4.11307,0,110.14
393811,56.19043,y,-14.7,137.8964,3.97224,0,110.14
393812,56.200196,y,-73.5,92.1016,3.62253,0,110.14
393813,56.209961,y,-152.88,39.0361,1.85063,0,110.14
393814,56.219727,y,-197.785,-12.2664,2.87638,0,110.14
393815,56.229493,y,-187.81,-50.2944,4.0164,0,110.14
393816,56.240235,y,-178.92,-80.5874,1.7109,0,110.14
393817,56.25,y,-253.575,-118.0583,1.35751,0,110.14
393818,56.259766,y,-301.735,-157.8481,3.62454,0,110.14
393819,56.269532,y,-227.885,-173.0202,3.53464,0,110.14
393820,56.275391,y,-140.665,-168.6117,2.25837,0,110.14
393821,56.285157,y,-106.155,-155.0817,1.66993,0,110.14
393822,56.294922,y,-111.615,-145.6664,2.09792,0,110.14
393823,56.304688,y,-85.89,-132.717,2.63218,0,110.14
393824,56.31543,y,-52.465,-113.8167,1.77342,0,110.14
393825,56.325196,y,-44.345,-98.767,1.31149,0,110.14
393826,56.334961,y,-49.07,-88.0021,0.78053,0,110.14
393827,56.344727,y,-54.845,-80.8193,1.46646,0,110.14
393828,56.354493,y,-41.755,-72.3568,1.33657,0,110.14
393829,56.360352,y,-27.055,-66.1843,1.44079,0,110.14
393830,56.370118,y,-17.15,-55.562,1.21059,0,110.14
393831,56.379883,y,-15.19,-46.817,1.27374,0,110.14
393832,56.389649,y,-12.74,-39.4349,1.05836,0,110.14
393833,56.400391,y,-11.9,-32.9501,1.1934,0,110.14
393834,56.410157,y,-9.485,-27.8669,1.11421,0,110.14
393835,56.419922,y,-8.19,-23.6046,1.11155,0,110.14
393836,56.429688,y,-3.71,-19.2949,1.04281,0,110.14
393837,56.44043,y,-6.825,-16.3581,0.94365,0,110.14
393838,56.450196,y,-10.115,-15.0056,0.94746,0,110.14
393839,56.459961,y,-11.515,-14.2495,0.93771,0,110.14
393840,56.464844,y,-15.19,-14.3576,0.95839,0,110.14
393841,56.47461,y,-18.305,-15.2127,0.94561,0,110.14
393842,56.485352,y,-20.37,-16.4273,1.00758,0,110.14
393843,56.495118,y,-23.52,-17.9638,0.98106,0,110.14
393844,56.504883,y,-25.445,-19.5843,1.0106,0,110.14
393845,56.514649,y,-27.09,-21.2103,1.05541,0,110.14
393846,56.525391,y,-26.355,-22.4219,1.05707,0,110.14
393847,56.535157,y,-26.075,-23.2133,1.06732,0,110.14
393848,56.544922,y,-23.275,-23.2267,0.98497,0,110.14
393849,56.554688,y,-23.345,-23.2523,1.10457,0,110.14
393850,56.56543,y,-23.275,-23.2576,0.97443,0,110.14
393851,56.570313,y,-25.06,-23.4648,1.06918,0,110.14
393852,56.580079,y,-24.185,-23.6208,1.06545,0,110.14
393853,56.589844,y,-23.765,-23.652,1.05141,0,110.14
393854,56.59961,y,-23.625,-23.6462,1.00704,0,110.14
393855,56.610352,y,-23.905,-23.7071,1.0417,0,110.14
393856,56.620118,y,-24.29,-23.8334,1.07504,0,110.14
393857,56.629883,y,-23.24,-23.7049,1.06724,0,110.14
393858,56.639649,y,-23.52,-23.6648,1.04843,0,110.14
393859,56.650391,y,-27.44,-24.5539,1.05275,0,110.14
393860,56.655274,y,-31.43,-25.3441,1.04543,0,110.14
393861,56.66504,y,-37.135,-27.8984,0.99666,0,110.14
393862,56.674805,y,-42.91,-31.15,0.97317,0,110.14
393863,56.684571,y,-53.62,-36.0177,1.05901,0,110.14
393864,56.695313,y,-61.81,-42.0921,0.91799,0,110.14
393865,56.705079,y,-76.615,-49.5708,1.03691,0,110.14
393866,56.714844,y,-93.135,-59.0073,1.0679,0,110.14
393867,56.72461,y,-108.185,-69.6606,1.03457,0,110.14
393868,56.735352,y,-129.78,-83.8195,1.01717,0,110.14
393869,56.745118,y,-150.955,-98.3631,1.07094,0,110.14
393870,56.754883,y,-173.04,-114.5389,1.04939,0,110.14
393871,56.764649,y,-200.305,-133.1184,1.05699,0,110.14
393872,56.769532,y,-228.795,-144.1133,0.88954,0,110.14
393873,56.780274,y,-269.43,-173.627,0.92386,0,110.14
393874,56.79004,y,-313.915,-204.0176,1.15693,0,110.14
393875,56.799805,y,-354.69,-236.6548,1.38539,0,110.14
393876,56.809571,y,-394.73,-270.8986,0.92562,0,110.14
393877,56.820313,y,-458.045,-314.974,1.45707,0,110.14
393878,56.830079,y,-503.93,-355.9075,1.62093,0,110.14
393879,56.839844,y,-546.735,-397.2427,2.32435,0,110.14
393880,56.84961,y,-560.21,-432.5463,3.33446,0,110.14
393881,56.860352,y,-532.105,-455.9936,4.01428,0,110.14
393882,56.865235,y,-476.98,-458.4053,3.28843,0,110.14
393883,56.875,y,-440.055,-454.4305,2.97201,0,110.14
393884,56.884766,y,-414.295,-445.7359,2.29298,0,110.14
393885,56.894532,y,-413.805,-438.8187,2.06807,0,110.14
393886,56.905274,y,-405.79,-431.04,2.59708,0,110.14
393887,56.91504,y,-349.965,-413.4768,2.93335,0,110.14
393888,56.924805,y,-256.34,-379.4393,3.0902,0,110.14
393889,56.934571,y,-189.455,-338.283,6.24335,0,110.14
393890,56.945313,y,-5.215,-259.8413,3.47285,0,110.14
393891,56.955079,y,107.31,-180.3053,2.85655,0,110.14
393892,56.959961,y,187.67,-138.0265,1.25885,0,110.14
393893,56.969727,y,212.52,-62.0876,1.00776,0,110.14
393894,56.979493,y,222.67,-0.4006,0.87929,0,110.14
393895,56.990235,y,212.765,49.8026,0.80606,1,109.89
393896,57.0,y,198.59,82.0315,0.69026,0,109.89
393897,57.009766,y,185.045,104.3473,0.77259,0,109.89
393898,57.019532,y,192.465,123.4362,1.18061,0,109.89
393899,57.030274,y,224.63,147.2687,1.5809,0,109.89
393900,57.04004,y,274.26,174.7788,1.7139,0,109.89
393901,57.049805,y,326.095,207.5554,1.48347,0,109.89
393902,57.059571,y,364.14,241.4763,1.1394,0,109.89
393903,57.06543,y,383.775,260.8649,0.96837,0,109.89
393904,57.075196,y,392.735,289.4319,1.0299,0,109.89
393905,57.084961,y,398.23,312.9987,1.06845,0,109.89
393906,57.094727,y,402.01,332.2812,1.17126,0,109.89
393907,57.104493,y,404.88,348.0083,1.41395,0,109.89
393908,57.115235,y,411.18,362.886,1.59435,0,109.89
393909,57.125,y,419.23,375.0907,1.64522,0,109.89
393910,57.134766,y,424.13,385.7141,1.72043,0,109.89
393911,57.144532,y,426.335,394.5138,1.90042,0,109.89
393912,57.150391,y,426.3,398.8447,2.15455,0,109.89
393913,57.160157,y,424.9,404.4891,2.40221,0,109.89
393914,57.169922,y,421.19,408.1067,2.65568,0,109.89
393915,57.179688,y,414.785,409.5534,2.89479,0,109.89
393916,57.19043,y,404.565,408.3786,3.0885,0,109.89
393917,57.200196,y,389.515,404.2922,3.25257,0,109.89
393918,57.209961,y,371.28,397.1414,3.30267,0,109.89
393919,57.219727,y,348.355,386.5728,3.23613,0,109.89
393920,57.229493,y,315.385,371.1514,3.22789,0,109.89
393921,57.240235,y,274.505,348.3899,3.1965,0,109.89
393922,57.25,y,227.465,322.1963,3.24861,0,109.89
393923,57.259766,y,176.365,290.6049,3.34911,0,109.89
393924,57.264649,y,121.1,271.1257,3.57482,0,109.89
393925,57.275391,y,66.605,222.9585,3.97203,0,109.89
393926,57.285157,y,17.955,178.5486,4.17116,0,109.89
393927,57.294922,y,-40.53,131.0939,4.05164,0,109.89
393928,57.304688,y,-125.86,75.43,3.41842,0,109.89
393929,57.31543,y,-212.59,7.5976,0.93977,0,109.89
393930,57.325196,y,-229.67,-43.8016,3.94597,0,109.89
393931,57.334961,y,-221.62,-82.3189,2.11682,0,109.89
393932,57.344727,y,-260.715,-120.9648,1.32865,0,109.89
393933,57.354493,y,-296.975,-159.0939,2.88377,0,109.89
393934,57.360352,y,-258.09,-172.5824,3.69447,0,109.89
393935,57.370118,y,-171.57,-172.3631,2.4868,0,109.89
393936,57.379883,y,-121.625,-161.3727,1.69794,0,109.89
393937,57.389649,y,-121.135,-152.656,1.46701,0,109.89
393938,57.400391,y,-109.165,-142.4133,2.55823,0,109.89
393939,57.410157,y,-64.505,-125.536,1.9283,0,109.89
393940,57.419922,y,-49.735,-109.1168,1.54934,0,109.89
393941,57.429688,y,-45.71,-95.381,1.58804,0,109.89
393942,57.44043,y,-43.715,-83.213,1.07223,0,109.89
393943,57.450196,y,-48.335,-75.6574,1.2894,0,109.89
393944,57.459961,y,-39.69,-67.8665,1.6856,0,109.89
393945,57.464844,y,-21.28,-62.5128,1.35311,0,109.89
393946,57.47461,y,-15.365,-52.2992,1.19307,0,109.89
393947,57.485352,y,-11.795,-42.7599,1.21495,0,109.89
393948,57.495118,y,-13.265,-36.3705,1.2131,0,109.89
393949,57.504883,y,-13.72,-31.4641,1.00029,0,109.89
393950,57.514649,y,-12.145,-27.279,1.11635,0,109.89
393951,57.525391,y,-8.785,-22.9235,1.01159,0,109.89
393952,57.535157,y,-10.64,-20.2625,0.97337,0,109.89
393953,57.544922,y,-13.055,-18.7013,0.95043,0,109.89
393954,57.554688,y,-16.625,-18.2515,0.96097,0,109.89
393955,57.56543,y,-19.075,-18.4454,0.98174,0,109.89
393956,57.570313,y,-20.44,-18.6746,1.02735,0,109.89
393957,57.580079,y,-22.47,-19.4968,1.01885,0,109.89
393958,57.589844,y,-23.835,-20.4365,1.04132,0,109.89
393959,57.59961,y,-21.735,-20.7178,1.11542,0,109.89
393960,57.610352,y,-18.48,-20.1908,1.07899,0,109.89
393961,57.620118,y,-16.765,-19.4487,1.06179,0,109.89
393962,57.629883,y,-14.525,-18.3821,1.00141,0,109.89
393963,57.639649,y,-15.575,-17.774,1.09337,0,109.89
393964,57.650391,y,-16.275,-17.421,0.9818,0,109.89
393965,57.655274,y,-16.625,-17.3295,1.0739,0,109.89
393966,57.66504,y,-15.575,-16.9494,1.0078,0,109.89
393967,57.674805,y,-16.135,-16.773,0.99843,0,109.89
393968,57.684571,y,-16.555,-16.7258,1.01242,0,109.89
393969,57.695313,y,-17.185,-16.8339,1.00573,0,109.89
393970,57.705079,y,-18.585,-17.2133,1.05615,0,109.89
393971,57.714844,y,-17.815,-17.3436,1.02575,0,109.89
393972,57.72461,y,-17.78,-17.4381,1.03313,0,109.89
393973,57.735352,y,-19.145,-17.8401,1.0472,0,109.89
393974,57.745118,y,-19.425,-18.1835,1.00648,0,109.89
393975,57.754883,y,-22.785,-19.1802,1.01634,0,109.89
393976,57.764649,y,-26.53,-20.7724,1.12773,0,109.89
393977,57.769532,y,-30.905,-21.9368,1.03862,0,109.89
393978,57.780274,y,-37.66,-25.6398,0.93948,0,109.89
393979,57.79004,y,-48.86,-30.67,1.01802,0,109.89
393980,57.799805,y,-60.62,-37.1575,1.00197,0,109.89
393981,57.809571,y,-75.355,-45.4322,0.93332,0,109.89
393982,57.820313,y,-94.57,-57.0048,0.97989,0,109.89
393983,57.830079,y,-113.33,-69.2065,0.98173,0,109.89
393984,57.839844,y,-134.26,-83.2978,0.97208,0,109.89
393985,57.84961,y,-158.27,-99.539,1.06597,0,109.89
393986,57.860352,y,-180.95,-118.7123,1.04163,0,109.89
393987,57.865235,y,-208.495,-129.03,1.05353,0,109.89
393988,57.875,y,-238.665,-152.778,0.89535,0,109.89
393989,57.884766,y,-274.785,-179.2084,0.70298,0,109.89
393990,57.894532,y,-319.48,-209.5954,1.57335,0,109.89
393991,57.905274,y,-353.36,-243.4538,1.38804,0,109.89
393992,57.91504,y,-397.46,-276.8162,1.04992,0,109.89
393993,57.924805,y,-456.015,-315.6325,1.23422,0,109.89
393994,57.934571,y,-507.71,-357.2422,1.60521,0,109.89
393995,57.945313,y,-553.175,-403.3869,2.27381,0,109.89
393996,57.955079,y,-569.73,-439.4218,3.42898,0,109.89
393997,57.959961,y,-542.5,-451.265,3.95103,0,109.89
393998,57.969727,y,-484.645,-458.4961,3.5703,0,109.89
393999,57.979493,y,-438.06,-454.0691,3.23155,0,109.89
394000,57.990235,y,-407.085,-443.0037,2.63765,0,109.89
394001,58.0,y,-396.725,-432.9793,2.37426,0,109.89
394002,58.009766,y,-381.465,-421.8197,2.33039,0,109.89
394003,58.019532,y,-336.735,-403.3878,2.1259,0,109.89
394004,58.030274,y,-280.91,-374.5427,2.96861,0,109.89
394005,58.04004,y,-217.175,-340.4522,6.40949,0,109.89
394006,58.049805,y,-20.51,-271.1494,3.91595,0,109.89
394007,58.059571,y,102.27,-190.2556,3.18143,0,109.89
394008,58.06543,y,195.93,-137.6368,1.5308,0,109.89
394009,58.075196,y,233.03,-57.3393,1.12082,0,109.89
394010,58.084961,y,251.93,9.6516,0.82568,0,109.89
394011,58.094727,y,249.865,61.689,0.73305,1,109.39
394012,58.104493,y,238.945,100.088,0.68936,0,109.39
394013,58.115235,y,227.325,130.0539,0.66112,0,109.39
394014,58.125,y,227.115,151.0783,0.99566,0,109.39
394015,58.134766,y,251.37,172.8045,1.43601,0,109.39
394016,58.144532,y,294.28,199.1197,1.63714,0,109.39
394017,58.150391,y,341.6,218.5331,1.62588,0,109.39
394018,58.160157,y,381.955,253.9351,1.35592,0,109.39
394019,58.169922,y,404.74,286.601,1.00687,0,109.39
394020,58.179688,y,411.81,313.725,0.9538,0,109.39
394021,58.19043,y,415.38,337.6661,1.03014,0,109.39
394022,58.200196,y,419.16,355.3201,1.2378,0,109.39
394023,58.209961,y,425.145,370.4449,1.43201,0,109.39
394024,58.219727,y,431.34,383.6366,1.48208,0,109.39
394025,58.229493,y,433.58,394.4558,1.45959,0,109.39
394026,58.240235,y,429.87,402.7963,1.54962,0,109.39
394027,58.25,y,422.275,407.0156,1.84805,0,109.39
394028,58.259766,y,416.395,409.0475,2.19292,0,109.39
394029,58.264649,y,412.16,409.4051,2.59633,0,109.39
394030,58.275391,y,410.165,409.5841,2.89224,0,109.39
394031,58.285157,y,407.05,409.0351,3.02283,0,109.39
394032,58.294922,y,397.74,406.5885,3.07976,0,109.39
394033,58.304688,y,380.625,400.964,3.10224,0,109.39
394034,58.31543,y,356.02,390.3791,3.09126,0,109.39
394035,58.325196,y,325.535,376.332,3.19143,0,109.39
394036,58.334961,y,292.355,358.1417,3.30515,0,109.39
394037,58.344727,y,257.075,336.2476,3.34367,0,109.39
394038,58.354493,y,216.79,310.3695,3.3446,0,109.39
394039,58.360352,y,169.68,291.2002,3.36031,0,109.39
394040,58.370118,y,116.27,253.3051,3.51652,0,109.39
394041,58.379883,y,61.46,211.7495,3.82592,0,109.39
394042,58.389649,y,11.41,168.35,4.03844,0,109.39
394043,58.400391,y,-44.59,118.1999,3.92297,0,109.39
394044,58.410157,y,-130.935,64.2298,3.0107,0,109.39
394045,58.419922,y,-170.87,13.3048,2.00023,0,109.39
394046,58.429688,y,-168.105,-25.994,4.09589,0,109.39
394047,58.44043,y,-154.595,-56.2812,1.63391,0,109.39
394048,58.450196,y,-224.875,-92.8036,0.27106,0,109.39
394049,58.455079,y,-281.575,-114.4969,2.6195,0,109.39
394050,58.464844,y,-246.715,-143.1367,3.38952,0,109.39
394051,58.47461,y,-163.87,-147.6281,2.06728,0,109.39
394052,58.485352,y,-128.45,-143.1114,1.48236,0,109.39
394053,58.495118,y,-132.37,-140.7845,2.10937,0,109.39
394054,58.504883,y,-106.47,-133.3516,2.01071,0,109.39
394055,58.514649,y,-72.975,-120.2723,1.59654,0,109.39
394056,58.525391,y,-56.455,-105.2425,1.39496,0,109.39
394057,58.535157,y,-53.9,-94.1202,0.97184,0,109.39
394058,58.544922,y,-53.305,-85.2792,1.55804,0,109.39
394059,58.554688,y,-35.105,-74.41,1.32145,0,109.39
394060,58.56543,y,-22.715,-62.2351,1.30792,0,109.39
394061,58.570313,y,-17.71,-57.1184,1.14096,0,109.39
394062,58.580079,y,-16.59,-48.3387,1.32738,0,109.39
394063,58.589844,y,-12.81,-40.6428,1.01386,0,109.39
394064,58.59961,y,-14.14,-34.9015,1.16936,0,109.39
394065,58.610352,y,-12.775,-29.6905,1.09276,0,109.39
394066,58.620118,y,-11.9,-25.8365,1.07647,0,109.39
394067,58.629883,y,-9.17,-22.2264,1.01948,0,109.39
394068,58.639649,y,-10.08,-19.5951,0.976,0,109.39
394069,58.650391,y,-13.265,-18.1043,0.9479,0,109.39
394070,58.655274,y,-15.12,-17.7613,0.96279,0,109.39
394071,58.66504,y,-17.64,-17.7351,0.97807,0,109.39
394072,58.674805,y,-20.23,-18.2755,0.9677,0,109.39
394073,58.684571,y,-22.365,-19.1614,1.03185,0,109.39
394074,58.695313,y,-22.225,-19.8829,1.07072,0,109.39
394075,58.705079,y,-22.19,-20.3827,1.06266,0,109.39
394076,58.714844,y,-19.635,-20.2207,1.03095,0,109.39
394077,58.72461,y,-17.64,-19.6617,1.12848,0,109.39
394078,58.735352,y,-16.135,-18.8311,0.95082,0,109.39
394079,58.745118,y,-16.17,-18.2546,1.08663,0,109.39
394080,58.754883,y,-13.93,-17.3179,1.01081,0,109.39
394081,58.759766,y,-16.205,-17.19,1.02945,0,109.39
394082,58.769532,y,-15.995,-16.9311,1.06091,0,109.39
394083,58.780274,y,-15.855,-16.6777,1.01747,0,109.39
394084,58.79004,y,-17.255,-16.8027,1.01945,0,109.39
394085,58.799805,y,-17.255,-16.9007,1.03379,0,109.39
394086,58.809571,y,-16.345,-16.7803,1.01431,0,109.39
394087,58.820313,y,-16.415,-16.6943,1.02386,0,109.39
394088,58.830079,y,-16.66,-16.6869,1.05246,0,109.39
394089,58.839844,y,-16.8,-16.7114,0.9941,0,109.39
394090,58.84961,y,-18.55,-17.1097,1.05095,0,109.39
394091,58.860352,y,-23.38,-18.5864,1.08564,0,109.39
394092,58.865235,y,-24.78,-19.2982,0.92194,0,109.39
394093,58.875,y,-32.83,-22.2293,1.06082,0,109.39
394094,58.884766,y,-38.815,-25.8223,0.98817,0,109.39
394095,58.894532,y,-48.125,-30.6537,1.00249,0,109.39
394096,58.905274,y,-59.22,-37.3814,0.93578,0,109.39
394097,58.91504,y,-75.6,-45.6607,1.02575,0,109.39
394098,58.924805,y,-96.74,-56.725,1.07135,0,109.39
394099,58.934571,y,-117.355,-69.8593,1.08704,0,109.39
394100,58.945313,y,-134.75,-85.1419,1.01179,0,109.39
394101,58.950196,y,-162.12,-93.988,1.07184,0,109.39
394102,58.959961,y,-189.7,-114.7202,1.10864,0,109.39
394103,58.969727,y,-216.195,-136.7027,1.00573,0,109.39
394104,58.979493,y,-251.79,-161.6341,0.93079,0,109.39
394105,58.990235,y,-298.165,-193.7888,0.92764,0,109.39
394106,59.0,y,-342.65,-226.0337,1.20452,0,109.39
394107,59.009766,y,-385.7,-260.6222,1.32599,0,109.39
394108,59.019532,y,-430.885,-297.5062,1.11545,0,109.39
394109,59.030274,y,-489.965,-342.8327,1.46438,0,109.39
394110,59.04004,y,-534.38,-384.3276,1.72676,0,109.39
394111,59.049805,y,-568.365,-424.192,2.74456,0,109.39
394112,59.059571,y,-562.205,-454.0897,3.9449,0,109.39
394113,59.06543,y,-509.74,-461.6722,3.85697,0,109.39
394114,59.075196,y,-457.695,-460.8106,3.34385,0,109.39
394115,59.084961,y,-425.495,-453.1609,2.84444,0,109.39
394116,59.094727,y,-407.225,-443.2098,2.04938,0,109.39
394117,59.104493,y,-407.54,-435.4827,2.37899,0,109.39
394118,59.115235,y,-378.245,-422.0025,2.40121,0,109.39
394119,59.125,y,-320.145,-399.9391,2.68277,0,109.39
394120,59.134766,y,-252.56,-368.0124,4.23087,0,109.39
394121,59.144532,y,-147.945,-320.3392,5.40898,0,109.39
394122,59.150391,y,19.32,-274.0597,3.52299,0,109.39
394123,59.160157,y,123.795,-187.8725,2.26286,0,109.39
394124,59.169922,y,196.28,-104.6611,1.38206,0,109.39
394125,59.179688,y,231.0,-31.9469,1.1951,0,109.39
394126,59.19043,y,250.635,34.6048,0.90424,0,109.39
394127,59.200196,y,248.395,80.9181,0.74753,1,109.06
394128,59.209961,y,237.475,114.8299,0.66965,0,109.06
394129,59.219727,y,229.53,139.6774,0.81697,0,109.06
394130,59.229493,y,241.465,161.7276,1.21364,0,109.06
394131,59.240235,y,276.115,188.6673,1.54588,0,109.06
394132,59.25,y,323.12,217.7912,1.54957,0,109.06
394133,59.254883,y,365.19,234.7299,1.32618,0,109.06
394134,59.264649,y,391.51,268.6932,1.17097,0,109.06
394135,59.275391,y,404.46,300.668,1.077,0,109.06
394136,59.285157,y,411.53,324.684,1.08738,0,109.06
394137,59.294922,y,416.115,344.4889,1.07233,0,109.06
394138,59.304688,y,415.24,359.8157,1.19135,0,109.06
394139,59.31543,y,413.56,372.4732,1.30507,0,109.06
394140,59.325196,y,412.405,381.1236,1.45481,0,109.06
394141,59.334961,y,411.74,387.7554,1.65672,0,109.06
394142,59.344727,y,412.895,393.2014,2.0098,0,109.06
394143,59.354493,y,418.11,398.5974,2.29851,0,109.06
394144,59.360352,y,423.15,401.9427,2.45998,0,109.06
394145,59.370118,y,421.365,406.1502,2.59076,0,109.06
394146,59.379883,y,411.355,407.2776,2.75227,0,109.06
394147,59.389649,y,396.06,404.8475,2.94264,0,109.06
394148,59.400391,y,377.125,398.3185,3.04814,0,109.06
394149,59.410157,y,353.36,388.5792,3.02364,0,109.06
394150,59.419922,y,323.4,374.4607,3.00303,0,109.06
394151,59.429688,y,288.295,355.7946,3.06732,0,109.06
394152,59.44043,y,250.005,330.8798,3.09465,0,109.06
394153,59.450196,y,208.25,304.3145,3.10884,0,109.06
394154,59.455079,y,161.945,287.9537,3.13681,0,109.06
394155,59.464844,y,109.725,249.3475,3.2944,0,109.06
394156,59.47461,y,58.205,207.9403,3.6782,0,109.06
394157,59.485352,y,20.545,163.8063,4.05496,0,109.06
394158,59.495118,y,-5.04,127.2292,3.9895,0,109.06
394159,59.504883,y,-43.365,90.2767,3.56523,0,109.06
394160,59.514649,y,-117.285,45.3127,2.89413,0,109.06
394161,59.525391,y,-182.525,-8.346,1.12789,0,109.06
394162,59.535157,y,-198.66,-49.5737,4.46454,0,109.06
394163,59.544922,y,-170.52,-75.7719,2.6136,0,109.06
394164,59.554688,y,-218.61,-106.7149,1.83332,0,109.06
394165,59.56543,y,-298.165,-151.8039,2.80963,0,109.06
394166,59.570313,y,-262.675,-164.545,4.12387,0,109.06
394167,59.580079,y,-158.375,-163.2084,2.61795,0,109.06
394168,59.589844,y,-104.615,-150.5164,1.83964,0,109.06
394169,59.59961,y,-110.355,-141.8163,2.37312,0,109.06
394170,59.610352,y,-87.29,-128.9746,2.19227,0,109.06
394171,59.620118,y,-54.46,-112.8325,1.76156,0,109.06
394172,59.629883,y,-38.185,-96.6631,1.47486,0,109.06
394173,59.639649,y,-38.045,-83.9647,0.90172,0,109.06
394174,59.650391,y,-48.125,-75.524,1.18632,0,109.06
394175,59.655274,y,-43.19,-71.8082,1.56958,0,109.06
394176,59.66504,y,-26.18,-61.9238,1.30656,0,109.06
394177,59.674805,y,-18.515,-52.521,1.13555,0,109.06
394178,59.684571,y,-15.715,-44.5477,1.23878,0,109.06
394179,59.695313,y,-15.225,-37.6418,1.13307,0,109.06
394180,59.705079,y,-17.92,-33.3695,1.13407,0,109.06
394181,59.714844,y,-14.945,-29.3786,1.12139,0,109.06
394182,59.72461,y,-10.92,-25.3799,1.09027,0,109.06
394183,59.735352,y,-6.93,-21.0347,1.02045,0,109.06
394184,59.745118,y,-7.875,-18.1839,1.03494,0,109.06
394185,59.754883,y,-8.505,-16.0874,0.98899,0,109.06
394186,59.759766,y,-8.96,-15.2683,0.97283,0,109.06
394187,59.769532,y,-9.31,-13.9776,1.0073,0,109.06
394188,59.780274,y,-9.31,-12.8783,0.98937,0,109.06
394189,59.79004,y,-10.885,-12.4465,0.96464,0,109.06
394190,59.799805,y,-12.215,-12.3963,0.94067,0,109.06
394191,59.809571,y,-13.65,-12.6679,1.03043,0,109.06
394192,59.820313,y,-18.935,-14.1439,0.96315,0,109.06
394193,59.830079,y,-20.755,-15.5761,1.06334,0,109.06
394194,59.839844,y,-19.6,-16.4477,1.03253,0,109.06
394195,59.84961,y,-20.02,-17.2216,1.05038,0,109.06
394196,59.860352,y,-18.48,-17.5179,1.02552,0,109.06
394197,59.865235,y,-19.18,-17.7089,1.05685,0,109.06
394198,59.875,y,-18.095,-17.7926,0.99125,0,109.06
394199,59.884766,y,-19.11,-18.078,1.02182,0,109.06
394200,59.894532,y,-20.405,-18.5821,1.04428,0,109.06
394201,59.905274,y,-20.195,-18.9619,1.06298,0,109.06
394202,59.91504,y,-19.775,-19.1381,1.04636,0,109.06
394203,59.924805,y,-19.81,-19.2836,1.01295,0,109.06
394204,59.934571,y,-19.355,-19.2991,1.03351,0,109.06
394205,59.945313,y,-21.805,-19.8893,1.05509,0,109.06
394206,59.950196,y,-22.925,-20.2381,0.99164,0,109.06
394207,59.959961,y,-25.69,-21.4191,1.08561,0,109.06
394208,59.969727,y,-27.195,-22.6703,1.03017,0,109.06
394209,59.979493,y,-32.025,-24.6968,1.09652,0,109.06
