sequence,device_us,elapsed_us,received_utc,received_monotonic_ns,gx_raw,gy_raw,gz_raw,ax_raw,ay_raw,az_raw,gx_dps,gy_dps,gz_dps,ax_g,ay_g,az_g
172005,1638762695,0,2026-10-06T04:58:00.623651+00:00,215700645073437,64,-66,-14,-168,-2938,2999,2.24,-2.31,-0.49,-0.040992,-0.716872,0.731756
172006,1638772460,9765,2026-10-06T04:58:00.624744+00:00,215700646161451,69,-66,-10,-170,-2926,2995,2.415,-2.31,-0.35,-0.04148,-0.713944,0.73078
172007,1638782226,19531,2026-10-06T04:58:00.626568+00:00,215700647983577,67,-67,-12,-170,-2920,2997,2.345,-2.345,-0.42,-0.04148,-0.71248,0.731268
172008,1638791992,29297,2026-10-06T04:58:00.627875+00:00,215700649290619,61,-68,-16,-165,-2927,2993,2.135,-2.38,-0.56,-0.04026,-0.714188,0.730292
172009,1638802734,40039,2026-10-06T04:58:00.629744+00:00,215700651160103,64,-67,-14,-167,-2932,2999,2.24,-2.345,-0.49,-0.040748,-0.715408,0.731756
172010,1638812500,49805,2026-10-06T04:58:00.666395+00:00,215700687796689,69,-66,-11,-167,-2931,2992,2.415,-2.31,-0.385,-0.040748,-0.715164,0.730048
172011,1638822265,59570,2026-10-06T04:58:00.666802+00:00,215700688195646,66,-66,-13,-170,-2926,2997,2.31,-2.31,-0.455,-0.04148,-0.713944,0.731268
172012,1638832031,69336,2026-10-06T04:58:00.667231+00:00,215700688626224,62,-66,-15,-164,-2940,2998,2.17,-2.31,-0.525,-0.040016,-0.71736,0.731512
172013,1638837890,75195,2026-10-06T04:58:00.669232+00:00,215700690621592,65,-66,-14,-163,-2937,2996,2.275,-2.31,-0.49,-0.039772,-0.716628,0.731024
172014,1638847656,84961,2026-10-06T04:58:00.711241+00:00,215700732636064,72,-65,-11,-168,-2923,2998,2.52,-2.275,-0.385,-0.040992,-0.713212,0.731512
172015,1638857421,94726,2026-10-06T04:58:00.711429+00:00,215700732817665,68,-67,-13,-171,-2923,2995,2.38,-2.345,-0.455,-0.041724,-0.713212,0.73078
172016,1638867187,104492,2026-10-06T04:58:00.711776+00:00,215700733163468,60,-69,-16,-169,-2937,2995,2.1,-2.415,-0.56,-0.041236,-0.716628,0.73078
172017,1638876953,114258,2026-10-06T04:58:00.713057+00:00,215700734446314,61,-67,-15,-166,-2937,2996,2.135,-2.345,-0.525,-0.040504,-0.716628,0.731024
172018,1638887695,125000,2026-10-06T04:58:00.713286+00:00,215700734674461,69,-65,-12,-169,-2925,2998,2.415,-2.275,-0.42,-0.041236,-0.7137,0.731512
172019,1638897460,134765,2026-10-06T04:58:00.756205+00:00,215700777596698,70,-66,-13,-171,-2919,2992,2.45,-2.31,-0.455,-0.041724,-0.712236,0.730048
172020,1638907226,144531,2026-10-06T04:58:00.756433+00:00,215700777822099,60,-67,-16,-171,-2929,2998,2.1,-2.345,-0.56,-0.041724,-0.714676,0.731512
172021,1638916992,154297,2026-10-06T04:58:00.756730+00:00,215700778118615,58,-68,-18,-167,-2935,2992,2.03,-2.38,-0.63,-0.040748,-0.71614,0.730048
172022,1638927734,165039,2026-10-06T04:58:00.759024+00:00,215700780411948,66,-67,-14,-169,-2932,2992,2.31,-2.345,-0.49,-0.041236,-0.715408,0.730048
172023,1638937500,174805,2026-10-06T04:58:00.803772+00:00,215700825194453,68,-66,-14,-173,-2923,3000,2.38,-2.31,-0.49,-0.042212,-0.713212,0.732
172024,1638947265,184570,2026-10-06T04:58:00.804953+00:00,215700826370462,61,-67,-16,-168,-2926,2999,2.135,-2.345,-0.56,-0.040992,-0.713944,0.731756
172025,1638952148,189453,2026-10-06T04:58:00.806164+00:00,215700827581411,57,-68,-17,-168,-2935,2992,1.995,-2.38,-0.595,-0.040992,-0.71614,0.730048
172026,1638962890,200195,2026-10-06T04:58:00.807239+00:00,215700828648803,64,-67,-14,-167,-2933,2997,2.24,-2.345,-0.49,-0.040748,-0.715652,0.731268
172027,1638972656,209961,2026-10-06T04:58:00.808429+00:00,215700829847962,68,-67,-12,-170,-2926,2999,2.38,-2.345,-0.42,-0.04148,-0.713944,0.731756
172028,1638982421,219726,2026-10-06T04:58:00.809529+00:00,215700830945815,63,-67,-15,-167,-2926,2997,2.205,-2.345,-0.525,-0.040748,-0.713944,0.731268
172029,1638992187,229492,2026-10-06T04:58:00.846717+00:00,215700868122042,60,-67,-17,-168,-2935,2985,2.1,-2.345,-0.595,-0.040992,-0.71614,0.72834
172030,1639001953,239258,2026-10-06T04:58:00.847312+00:00,215700868710028,65,-66,-14,-171,-2933,2997,2.275,-2.31,-0.49,-0.041724,-0.715652,0.731268
172031,1639012695,250000,2026-10-06T04:58:00.847929+00:00,215700869321950,69,-66,-12,-171,-2921,2997,2.415,-2.31,-0.42,-0.041724,-0.712724,0.731268
172032,1639022460,259765,2026-10-06T04:58:00.848674+00:00,215700870071957,64,-66,-13,-167,-2926,2997,2.24,-2.31,-0.455,-0.040748,-0.713944,0.731268
172033,1639032226,269531,2026-10-06T04:58:00.892524+00:00,215700913924232,61,-68,-16,-168,-2938,2992,2.135,-2.38,-0.56,-0.040992,-0.716872,0.730048
172034,1639041992,279297,2026-10-06T04:58:00.892871+00:00,215700914266040,65,-67,-13,-170,-2932,2995,2.275,-2.345,-0.455,-0.04148,-0.715408,0.73078
172035,1639047851,285156,2026-10-06T04:58:00.893496+00:00,215700914892522,70,-66,-11,-170,-2927,2996,2.45,-2.31,-0.385,-0.04148,-0.714188,0.731024
172036,1639057617,294922,2026-10-06T04:58:00.894193+00:00,215700915592114,64,-66,-15,-168,-2925,2993,2.24,-2.31,-0.525,-0.040992,-0.7137,0.730292
172037,1639067382,304687,2026-10-06T04:58:00.894712+00:00,215700916109956,61,-68,-15,-166,-2936,2990,2.135,-2.38,-0.525,-0.040504,-0.716384,0.72956
172038,1639077148,314453,2026-10-06T04:58:00.982735+00:00,215701004160474,64,-66,-14,-166,-2933,2996,2.24,-2.31,-0.49,-0.040504,-0.715652,0.731024
172039,1639087890,325195,2026-10-06T04:58:00.983747+00:00,215701005165237,70,-65,-13,-171,-2925,2998,2.45,-2.275,-0.455,-0.041724,-0.7137,0.731512
172040,1639097656,334961,2026-10-06T04:58:00.984855+00:00,215701006272142,66,-66,-12,-167,-2922,2997,2.31,-2.31,-0.42,-0.040748,-0.712968,0.731268
172041,1639107421,344726,2026-10-06T04:58:00.986238+00:00,215701007653837,60,-68,-16,-169,-2933,2995,2.1,-2.38,-0.56,-0.041236,-0.715652,0.73078
172042,1639117187,354492,2026-10-06T04:58:00.987245+00:00,215701008660056,63,-67,-15,-163,-2933,2989,2.205,-2.345,-0.525,-0.039772,-0.715652,0.729316
172043,1639126953,364258,2026-10-06T04:58:00.988460+00:00,215701009871531,69,-65,-13,-170,-2927,2997,2.415,-2.275,-0.455,-0.04148,-0.714188,0.731268
172044,1639137695,375000,2026-10-06T04:58:00.989857+00:00,215701011275839,67,-67,-15,-172,-2922,2996,2.345,-2.345,-0.525,-0.041968,-0.712968,0.731024
172045,1639142578,379883,2026-10-06T04:58:00.990884+00:00,215701012296320,62,-67,-17,-165,-2929,2992,2.17,-2.345,-0.595,-0.04026,-0.714676,0.730048
172046,1639152343,389648,2026-10-06T04:58:00.992158+00:00,215701013574736,62,-67,-15,-168,-2937,2994,2.17,-2.345,-0.525,-0.040992,-0.716628,0.730536
172047,1639162109,399414,2026-10-06T04:58:00.993233+00:00,215701014652009,68,-67,-13,-170,-2933,2995,2.38,-2.345,-0.455,-0.04148,-0.715652,0.73078
172048,1639172851,410156,2026-10-06T04:58:01.029291+00:00,215701050718589,67,-68,-15,-170,-2923,2995,2.345,-2.38,-0.525,-0.04148,-0.713212,0.73078
172049,1639182617,419922,2026-10-06T04:58:01.030853+00:00,215701052270985,60,-69,-17,-164,-2929,2994,2.1,-2.415,-0.595,-0.040016,-0.714676,0.730536
172050,1639192382,429687,2026-10-06T04:58:01.032217+00:00,215701053639382,61,-68,-16,-167,-2940,2988,2.135,-2.38,-0.56,-0.040748,-0.71736,0.729072
172051,1639202148,439453,2026-10-06T04:58:01.033334+00:00,215701054748639,67,-66,-13,-168,-2929,2994,2.345,-2.31,-0.455,-0.040992,-0.714676,0.730536
172052,1639212890,450195,2026-10-06T04:58:01.072177+00:00,215701093592879,67,-67,-13,-175,-2925,2999,2.345,-2.345,-0.455,-0.0427,-0.7137,0.731756
172053,1639222656,459961,2026-10-06T04:58:01.116397+00:00,215701137795819,59,-68,-16,-165,-2930,3002,2.065,-2.38,-0.56,-0.04026,-0.71492,0.732488
172054,1639232421,469726,2026-10-06T04:58:01.161574+00:00,215701182968520,61,-67,-16,-165,-2939,2995,2.135,-2.345,-0.56,-0.04026,-0.717116,0.73078
172055,1639242187,479492,2026-10-06T04:58:01.206456+00:00,215701227857038,68,-65,-13,-169,-2925,2996,2.38,-2.275,-0.455,-0.041236,-0.7137,0.731024
172056,1639251953,489258,2026-10-06T04:58:01.206800+00:00,215701228194876,67,-67,-13,-170,-2927,3001,2.345,-2.345,-0.455,-0.04148,-0.714188,0.732244
172057,1639257812,495117,2026-10-06T04:58:01.207184+00:00,215701228578110,61,-67,-16,-166,-2928,3005,2.135,-2.345,-0.56,-0.040504,-0.714432,0.73322
172058,1639267578,504883,2026-10-06T04:58:01.209387+00:00,215701230784049,61,-68,-15,-167,-2938,2994,2.135,-2.38,-0.525,-0.040748,-0.716872,0.730536
172059,1639277343,514648,2026-10-06T04:58:01.209924+00:00,215701231320350,68,-66,-12,-168,-2928,3001,2.38,-2.31,-0.42,-0.040992,-0.714432,0.732244
172060,1639287109,524414,2026-10-06T04:58:01.210714+00:00,215701232108862,69,-65,-12,-168,-2917,2992,2.415,-2.275,-0.42,-0.040992,-0.711748,0.730048
172061,1639297851,535156,2026-10-06T04:58:01.211224+00:00,215701232619656,62,-69,-15,-169,-2927,2999,2.17,-2.415,-0.525,-0.041236,-0.714188,0.731756
172062,1639307617,544922,2026-10-06T04:58:01.211976+00:00,215701233369369,59,-67,-16,-168,-2941,2995,2.065,-2.345,-0.56,-0.040992,-0.717604,0.73078
172063,1639317382,554687,2026-10-06T04:58:01.212436+00:00,215701233832076,67,-65,-12,-170,-2930,2993,2.345,-2.275,-0.42,-0.04148,-0.71492,0.730292
172064,1639327148,564453,2026-10-06T04:58:01.212899+00:00,215701234294307,71,-66,-11,-166,-2925,2993,2.485,-2.31,-0.385,-0.040504,-0.7137,0.730292
172065,1639337890,575195,2026-10-06T04:58:01.213430+00:00,215701234829443,63,-67,-15,-168,-2924,2997,2.205,-2.345,-0.525,-0.040992,-0.713456,0.731268
172066,1639342773,580078,2026-10-06T04:58:01.214467+00:00,215701235868175,60,-68,-16,-169,-2941,2990,2.1,-2.38,-0.56,-0.041236,-0.717604,0.72956
172067,1639352539,589844,2026-10-06T04:58:01.215000+00:00,215701236399393,66,-66,-15,-167,-2938,2998,2.31,-2.31,-0.525,-0.040748,-0.716872,0.731512
172068,1639362304,599609,2026-10-06T04:58:01.215541+00:00,215701236939511,69,-67,-11,-174,-2927,2997,2.415,-2.345,-0.385,-0.042456,-0.714188,0.731268
172069,1639372070,609375,2026-10-06T04:58:01.217787+00:00,215701239188260,66,-67,-14,-169,-2923,2998,2.31,-2.345,-0.49,-0.041236,-0.713212,0.731512
172070,1639382812,620117,2026-10-06T04:58:01.218464+00:00,215701239862141,60,-68,-17,-171,-2934,2994,2.1,-2.38,-0.595,-0.041724,-0.715896,0.730536
172071,1639392578,629883,2026-10-06T04:58:01.219610+00:00,215701241035095,65,-67,-15,-168,-2935,2991,2.275,-2.345,-0.525,-0.040992,-0.71614,0.729804
172072,1639402343,639648,2026-10-06T04:58:01.252264+00:00,215701273679352,69,-66,-12,-171,-2923,2992,2.415,-2.31,-0.42,-0.041724,-0.713212,0.730048
172073,1639412109,649414,2026-10-06T04:58:01.253105+00:00,215701274513441,64,-67,-16,-169,-2926,3000,2.24,-2.345,-0.56,-0.041236,-0.713944,0.732
172074,1639422851,660156,2026-10-06T04:58:01.254209+00:00,215701275617115,59,-69,-16,-170,-2935,2992,2.065,-2.415,-0.56,-0.04148,-0.71614,0.730048
172075,1639432617,669922,2026-10-06T04:58:01.297204+00:00,215701318626079,63,-68,-16,-170,-2939,2998,2.205,-2.38,-0.56,-0.04148,-0.717116,0.731512
172076,1639442382,679687,2026-10-06T04:58:01.298308+00:00,215701319717342,69,-66,-13,-168,-2927,2993,2.415,-2.31,-0.455,-0.040992,-0.714188,0.730292
172077,1639447265,684570,2026-10-06T04:58:01.299147+00:00,215701320556134,66,-67,-13,-171,-2925,2996,2.31,-2.345,-0.455,-0.041724,-0.7137,0.731024
172078,1639457031,694336,2026-10-06T04:58:01.300386+00:00,215701321794674,60,-68,-16,-170,-2937,2996,2.1,-2.38,-0.56,-0.04148,-0.716628,0.731024
172079,1639467773,705078,2026-10-06T04:58:01.301265+00:00,215701322675807,64,-67,-15,-166,-2940,2993,2.24,-2.345,-0.525,-0.040504,-0.71736,0.730292
172080,1639477539,714844,2026-10-06T04:58:01.302261+00:00,215701323662497,70,-66,-12,-167,-2930,2998,2.45,-2.31,-0.42,-0.040748,-0.71492,0.731512
172081,1639487304,724609,2026-10-06T04:58:01.343207+00:00,215701364623858,68,-67,-14,-170,-2925,2998,2.38,-2.345,-0.49,-0.04148,-0.7137,0.731512
172082,1639497070,734375,2026-10-06T04:58:01.344195+00:00,215701365606526,61,-68,-16,-168,-2931,2997,2.135,-2.38,-0.56,-0.040992,-0.715164,0.731268
172083,1639507812,745117,2026-10-06T04:58:01.345296+00:00,215701366705718,63,-67,-15,-166,-2937,2994,2.205,-2.345,-0.525,-0.040504,-0.716628,0.730536
172084,1639517578,754883,2026-10-06T04:58:01.346285+00:00,215701367696641,69,-66,-12,-170,-2928,2995,2.415,-2.31,-0.42,-0.04148,-0.714432,0.73078
172085,1639527343,764648,2026-10-06T04:58:01.387154+00:00,215701408571364,67,-67,-14,-166,-2923,2998,2.345,-2.345,-0.49,-0.040504,-0.713212,0.731512
172086,1639537109,774414,2026-10-06T04:58:01.388312+00:00,215701409719499,62,-68,-15,-166,-2930,2993,2.17,-2.38,-0.525,-0.040504,-0.71492,0.730292
172087,1639547851,785156,2026-10-06T04:58:01.389179+00:00,215701410585998,62,-67,-15,-165,-2934,2998,2.17,-2.345,-0.525,-0.04026,-0.715896,0.731512
172088,1639552734,790039,2026-10-06T04:58:01.390161+00:00,215701411566227,70,-66,-10,-166,-2927,2995,2.45,-2.31,-0.35,-0.040504,-0.714188,0.73078
172089,1639562500,799805,2026-10-06T04:58:01.391071+00:00,215701412471483,67,-65,-12,-172,-2923,2999,2.345,-2.275,-0.42,-0.041968,-0.713212,0.731756
172090,1639572265,809570,2026-10-06T04:58:01.432188+00:00,215701453605826,61,-67,-15,-169,-2930,2998,2.135,-2.345,-0.525,-0.041236,-0.71492,0.731512
172091,1639582031,819336,2026-10-06T04:58:01.433417+00:00,215701454834706,60,-68,-15,-163,-2935,2992,2.1,-2.38,-0.525,-0.039772,-0.71614,0.730048
172092,1639592773,830078,2026-10-06T04:58:01.434442+00:00,215701455856594,67,-67,-13,-169,-2934,2992,2.345,-2.345,-0.455,-0.041236,-0.715896,0.730048
172093,1639602539,839844,2026-10-06T04:58:01.436578+00:00,215701457983995,67,-66,-12,-171,-2924,2997,2.345,-2.31,-0.42,-0.041724,-0.713456,0.731268
172094,1639612304,849609,2026-10-06T04:58:01.437536+00:00,215701458945391,62,-67,-15,-163,-2928,3001,2.17,-2.345,-0.525,-0.039772,-0.714432,0.732244
172095,1639622070,859375,2026-10-06T04:58:01.477157+00:00,215701498574449,62,-67,-15,-170,-2934,2990,2.17,-2.345,-0.525,-0.04148,-0.715896,0.72956
172096,1639632812,870117,2026-10-06T04:58:01.522184+00:00,215701543601005,67,-67,-13,-171,-2929,2992,2.345,-2.345,-0.455,-0.041724,-0.714676,0.730048
172097,1639642578,879883,2026-10-06T04:58:01.523044+00:00,215701544453811,66,-67,-14,-173,-2921,2996,2.31,-2.345,-0.49,-0.042212,-0.712724,0.731024
172098,1639647460,884765,2026-10-06T04:58:01.523977+00:00,215701545386299,61,-67,-17,-169,-2926,2990,2.135,-2.345,-0.595,-0.041236,-0.713944,0.72956
172099,1639657226,894531,2026-10-06T04:58:01.524747+00:00,215701546156882,60,-68,-17,-164,-2941,2996,2.1,-2.38,-0.595,-0.040016,-0.717604,0.731024
172100,1639666992,904297,2026-10-06T04:58:01.525788+00:00,215701547196888,67,-65,-13,-168,-2933,2990,2.345,-2.275,-0.455,-0.040992,-0.715652,0.72956
172101,1639677734,915039,2026-10-06T04:58:01.526650+00:00,215701548060683,69,-66,-12,-169,-2918,2994,2.415,-2.31,-0.42,-0.041236,-0.711992,0.730536
172102,1639687500,924805,2026-10-06T04:58:01.527663+00:00,215701549073453,61,-68,-16,-169,-2929,2999,2.135,-2.38,-0.56,-0.041236,-0.714676,0.731756
172103,1639697265,934570,2026-10-06T04:58:01.528415+00:00,215701549824717,58,-68,-17,-166,-2940,2993,2.03,-2.38,-0.595,-0.040504,-0.71736,0.730292
172104,1639707031,944336,2026-10-06T04:58:01.567211+00:00,215701588629839,64,-67,-15,-162,-2934,2992,2.24,-2.345,-0.525,-0.039528,-0.715896,0.730048
172105,1639717773,955078,2026-10-06T04:58:01.568573+00:00,215701589988000,71,-66,-11,-172,-2925,2998,2.485,-2.31,-0.385,-0.041968,-0.7137,0.731512
172106,1639727539,964844,2026-10-06T04:58:01.569737+00:00,215701591150220,65,-68,-14,-168,-2923,2990,2.275,-2.38,-0.49,-0.040992,-0.713212,0.72956
172107,1639737304,974609,2026-10-06T04:58:01.571815+00:00,215701593223528,60,-69,-16,-165,-2932,2993,2.1,-2.415,-0.56,-0.04026,-0.715408,0.730292
172108,1639747070,984375,2026-10-06T04:58:01.573425+00:00,215701594834017,66,-67,-14,-167,-2935,2988,2.31,-2.345,-0.49,-0.040748,-0.71614,0.729072
172109,1639757812,995117,2026-10-06T04:58:01.612124+00:00,215701633541577,69,-66,-12,-171,-2921,2998,2.415,-2.31,-0.42,-0.041724,-0.712724,0.731512
172110,1639762695,1000000,2026-10-06T04:58:01.612988+00:00,215701634399639,65,-67,-14,-166,-2921,3000,2.275,-2.345,-0.49,-0.040504,-0.712724,0.732
172111,1639772460,1009765,2026-10-06T04:58:01.614062+00:00,215701635475093,61,-67,-16,-164,-2937,2991,2.135,-2.345,-0.56,-0.040016,-0.716628,0.729804
172112,1639782226,1019531,2026-10-06T04:58:01.615017+00:00,215701636428042,65,-67,-13,-168,-2933,2988,2.275,-2.345,-0.455,-0.040992,-0.715652,0.729072
172113,1639791992,1029297,2026-10-06T04:58:01.616077+00:00,215701637487444,69,-66,-10,-168,-2921,2995,2.415,-2.31,-0.35,-0.040992,-0.712724,0.73078
172114,1639802734,1040039,2026-10-06T04:58:01.657753+00:00,215701679159307,65,-67,-15,-167,-2925,3000,2.275,-2.345,-0.525,-0.040748,-0.7137,0.732
172115,1639812500,1049805,2026-10-06T04:58:01.658411+00:00,215701679812125,58,-68,-17,-170,-2929,2994,2.03,-2.38,-0.595,-0.04148,-0.714676,0.730536
172116,1639822265,1059570,2026-10-06T04:58:01.659128+00:00,215701680529131,62,-67,-15,-163,-2937,2996,2.17,-2.345,-0.525,-0.039772,-0.716628,0.731024
172117,1639832031,1069336,2026-10-06T04:58:01.659881+00:00,215701681282729,70,-66,-12,-171,-2927,2999,2.45,-2.31,-0.42,-0.041724,-0.714188,0.731756
172118,1639837890,1075195,2026-10-06T04:58:01.702958+00:00,215701724369947,68,-66,-14,-168,-2917,2998,2.38,-2.31,-0.49,-0.040992,-0.711748,0.731512
172119,1639847656,1084961,2026-10-06T04:58:01.703566+00:00,215701724971340,61,-67,-16,-169,-2929,2995,2.135,-2.345,-0.56,-0.041236,-0.714676,0.73078
172120,1639857421,1094726,2026-10-06T04:58:01.704244+00:00,215701725647535,62,-68,-15,-165,-2936,2993,2.17,-2.38,-0.525,-0.04026,-0.716384,0.730292
172121,1639867187,1104492,2026-10-06T04:58:01.704910+00:00,215701726314217,66,-66,-12,-168,-2928,2990,2.31,-2.31,-0.42,-0.040992,-0.714432,0.72956
172122,1639876953,1114258,2026-10-06T04:58:01.705524+00:00,215701726921790,66,-66,-13,-171,-2926,2997,2.31,-2.31,-0.455,-0.041724,-0.713944,0.731268
172123,1639887695,1125000,2026-10-06T04:58:01.747566+00:00,215701768980781,60,-67,-15,-166,-2930,2999,2.1,-2.345,-0.525,-0.040504,-0.71492,0.731756
172124,1639897460,1134765,2026-10-06T04:58:01.748945+00:00,215701770352584,62,-67,-16,-166,-2933,2993,2.17,-2.345,-0.56,-0.040504,-0.715652,0.730292
172125,1639907226,1144531,2026-10-06T04:58:01.749764+00:00,215701771172506,66,-67,-12,-170,-2928,3002,2.31,-2.345,-0.42,-0.04148,-0.714432,0.732488
172126,1639916992,1154297,2026-10-06T04:58:01.750617+00:00,215701772049633,67,-67,-13,-166,-2924,2998,2.345,-2.345,-0.455,-0.040504,-0.713456,0.731512
172127,1639927734,1165039,2026-10-06T04:58:01.792151+00:00,215701813569201,61,-68,-16,-166,-2933,2992,2.135,-2.38,-0.56,-0.040504,-0.715652,0.730048
172128,1639937500,1174805,2026-10-06T04:58:01.793037+00:00,215701814444408,63,-68,-15,-167,-2942,2992,2.205,-2.38,-0.525,-0.040748,-0.717848,0.730048
172129,1639947265,1184570,2026-10-06T04:58:01.794873+00:00,215701816280173,69,-66,-11,-166,-2932,2995,2.415,-2.31,-0.385,-0.040504,-0.715408,0.73078
172130,1639952148,1189453,2026-10-06T04:58:01.795664+00:00,215701817078302,69,-66,-12,-170,-2922,2998,2.415,-2.31,-0.42,-0.04148,-0.712968,0.731512
172131,1639962890,1200195,2026-10-06T04:58:01.796744+00:00,215701818152423,62,-68,-18,-169,-2928,2994,2.17,-2.38,-0.63,-0.041236,-0.714432,0.730536
172132,1639972656,1209961,2026-10-06T04:58:01.797845+00:00,215701819254901,59,-68,-17,-162,-2935,2990,2.065,-2.38,-0.595,-0.039528,-0.71614,0.72956
172133,1639982421,1219726,2026-10-06T04:58:01.837177+00:00,215701858591478,66,-67,-14,-170,-2935,2993,2.31,-2.345,-0.49,-0.04148,-0.71614,0.730292
172134,1639992187,1229492,2026-10-06T04:58:01.838046+00:00,215701859453211,67,-66,-13,-167,-2923,2997,2.345,-2.31,-0.455,-0.040748,-0.713212,0.731268
172135,1640001953,1239258,2026-10-06T04:58:01.838867+00:00,215701860274863,63,-67,-15,-169,-2931,2992,2.205,-2.345,-0.525,-0.041236,-0.715164,0.730048
172136,1640012695,1250000,2026-10-06T04:58:01.840071+00:00,215701861477796,60,-68,-17,-168,-2935,2993,2.1,-2.38,-0.595,-0.040992,-0.71614,0.730292
172137,1640022460,1259765,2026-10-06T04:58:01.882039+00:00,215701903479739,67,-65,-14,-170,-2932,3001,2.345,-2.275,-0.49,-0.04148,-0.715408,0.732244
172138,1640032226,1269531,2026-10-06T04:58:01.882889+00:00,215701904297749,68,-66,-14,-177,-2922,2997,2.38,-2.31,-0.49,-0.043188,-0.712968,0.731268
172139,1640041992,1279297,2026-10-06T04:58:01.883908+00:00,215701905315852,62,-67,-15,-173,-2926,2994,2.17,-2.345,-0.525,-0.042212,-0.713944,0.730536
172140,1640047851,1285156,2026-10-06T04:58:01.884858+00:00,215701906260732,59,-67,-16,-168,-2939,2995,2.065,-2.345,-0.56,-0.040992,-0.717116,0.73078
172141,1640057617,1294922,2026-10-06T04:58:01.885712+00:00,215701907114325,66,-66,-13,-164,-2929,2989,2.31,-2.31,-0.455,-0.040016,-0.714676,0.729316
172142,1640067382,1304687,2026-10-06T04:58:01.927177+00:00,215701948591786,69,-65,-11,-174,-2918,2999,2.415,-2.275,-0.385,-0.042456,-0.711992,0.731756
172143,1640077148,1314453,2026-10-06T04:58:01.928097+00:00,215701949504576,63,-68,-17,-172,-2926,3000,2.205,-2.38,-0.595,-0.041968,-0.713944,0.732
172144,1640087890,1325195,2026-10-06T04:58:01.930143+00:00,215701951551963,59,-69,-17,-167,-2935,2992,2.065,-2.415,-0.595,-0.040748,-0.71614,0.730048
172145,1640097656,1334961,2026-10-06T04:58:01.931168+00:00,215701952571955,66,-67,-14,-171,-2935,2992,2.31,-2.345,-0.49,-0.041724,-0.71614,0.730048
172146,1640107421,1344726,2026-10-06T04:58:01.932133+00:00,215701953536273,70,-66,-12,-168,-2921,2992,2.45,-2.31,-0.42,-0.040992,-0.712724,0.730048
172147,1640117187,1354492,2026-10-06T04:58:01.972198+00:00,215701993615369,65,-67,-15,-167,-2916,2994,2.275,-2.345,-0.525,-0.040748,-0.711504,0.730536
172148,1640126953,1364258,2026-10-06T04:58:01.973160+00:00,215701994575222,61,-67,-17,-168,-2932,2994,2.135,-2.345,-0.595,-0.040992,-0.715408,0.730536
172149,1640137695,1375000,2026-10-06T04:58:01.974059+00:00,215701995463998,64,-67,-15,-167,-2933,2996,2.24,-2.345,-0.525,-0.040748,-0.715652,0.731024
172150,1640142578,1379883,2026-10-06T04:58:01.975135+00:00,215701996537848,70,-66,-11,-169,-2926,2998,2.45,-2.31,-0.385,-0.041236,-0.713944,0.731512
172151,1640152343,1389648,2026-10-06T04:58:01.976023+00:00,215701997432764,66,-67,-14,-172,-2923,2995,2.31,-2.345,-0.49,-0.041968,-0.713212,0.73078
172152,1640162109,1399414,2026-10-06T04:58:02.107742+00:00,215702129157051,61,-68,-16,-168,-2933,2994,2.135,-2.38,-0.56,-0.040992,-0.715652,0.730536
172153,1640172851,1410156,2026-10-06T04:58:02.153102+00:00,215702174517797,63,-68,-14,-164,-2937,2995,2.205,-2.38,-0.49,-0.040016,-0.716628,0.73078
172154,1640182617,1419922,2026-10-06T04:58:02.154103+00:00,215702175512821,69,-66,-12,-163,-2925,2999,2.415,-2.31,-0.42,-0.039772,-0.7137,0.731756
172155,1640192382,1429687,2026-10-06T04:58:02.154891+00:00,215702176296014,67,-67,-14,-171,-2923,2999,2.345,-2.345,-0.49,-0.041724,-0.713212,0.731756
172156,1640202148,1439453,2026-10-06T04:58:02.155793+00:00,215702177201230,60,-68,-16,-165,-2936,2992,2.1,-2.38,-0.56,-0.04026,-0.716384,0.730048
172157,1640212890,1450195,2026-10-06T04:58:02.156701+00:00,215702178105874,63,-67,-14,-163,-2939,2988,2.205,-2.345,-0.49,-0.039772,-0.717116,0.729072
172158,1640222656,1459961,2026-10-06T04:58:02.157615+00:00,215702179059193,70,-66,-12,-169,-2926,2994,2.45,-2.31,-0.42,-0.041236,-0.713944,0.730536
172159,1640232421,1469726,2026-10-06T04:58:02.158486+00:00,215702179895883,68,-66,-12,-168,-2922,2998,2.38,-2.31,-0.42,-0.040992,-0.712968,0.731512
172160,1640242187,1479492,2026-10-06T04:58:02.159365+00:00,215702180773876,61,-68,-15,-170,-2930,2993,2.135,-2.38,-0.525,-0.04148,-0.71492,0.730292
172161,1640251953,1489258,2026-10-06T04:58:02.160716+00:00,215702182128309,62,-67,-16,-164,-2938,2992,2.17,-2.345,-0.56,-0.040016,-0.716872,0.730048
172162,1640257812,1495117,2026-10-06T04:58:02.161946+00:00,215702183353678,70,-67,-12,-170,-2930,2996,2.45,-2.345,-0.42,-0.04148,-0.71492,0.731024
172163,1640267578,1504883,2026-10-06T04:58:02.163037+00:00,215702184439116,69,-66,-11,-173,-2924,2995,2.415,-2.31,-0.385,-0.042212,-0.713456,0.73078
172164,1640277343,1514648,2026-10-06T04:58:02.164641+00:00,215702186047699,62,-67,-15,-164,-2930,2997,2.17,-2.345,-0.525,-0.040016,-0.71492,0.731268
172165,1640287109,1524414,2026-10-06T04:58:02.165522+00:00,215702186923048,61,-68,-17,-169,-2935,2995,2.135,-2.38,-0.595,-0.041236,-0.71614,0.73078
172166,1640297851,1535156,2026-10-06T04:58:02.166159+00:00,215702187560858,67,-67,-14,-166,-2932,2994,2.345,-2.345,-0.49,-0.040504,-0.715408,0.730536
172167,1640307617,1544922,2026-10-06T04:58:02.166750+00:00,215702188151941,67,-67,-12,-172,-2921,2996,2.345,-2.345,-0.42,-0.041968,-0.712724,0.731024
172168,1640317382,1554687,2026-10-06T04:58:02.167519+00:00,215702188921228,62,-68,-15,-168,-2928,2994,2.17,-2.38,-0.525,-0.040992,-0.714432,0.730536
172169,1640327148,1564453,2026-10-06T04:58:02.168124+00:00,215702189520600,61,-68,-16,-168,-2939,2998,2.135,-2.38,-0.56,-0.040992,-0.717116,0.731512
172170,1640337890,1575195,2026-10-06T04:58:02.168744+00:00,215702190140769,66,-66,-13,-173,-2931,2993,2.31,-2.31,-0.455,-0.042212,-0.715164,0.730292
172171,1640342773,1580078,2026-10-06T04:58:02.196479+00:00,215702217879909,68,-67,-13,-170,-2918,2996,2.38,-2.345,-0.455,-0.04148,-0.711992,0.731024
172172,1640352539,1589844,2026-10-06T04:58:02.196823+00:00,215702218216691,61,-67,-16,-170,-2927,2995,2.135,-2.345,-0.56,-0.04148,-0.714188,0.73078
172173,1640362304,1599609,2026-10-06T04:58:02.199557+00:00,215702220950794,58,-68,-17,-166,-2940,2996,2.03,-2.38,-0.595,-0.040504,-0.71736,0.731024
172174,1640372070,1609375,2026-10-06T04:58:02.199974+00:00,215702221367115,66,-66,-14,-166,-2933,2998,2.31,-2.31,-0.49,-0.040504,-0.715652,0.731512
172175,1640382812,1620117,2026-10-06T04:58:02.242456+00:00,215702263855814,70,-66,-13,-172,-2921,2999,2.45,-2.31,-0.455,-0.041968,-0.712724,0.731756
172176,1640392578,1629883,2026-10-06T04:58:02.242863+00:00,215702264256420,62,-68,-15,-171,-2923,2992,2.17,-2.38,-0.525,-0.041724,-0.713212,0.730048
172177,1640402343,1639648,2026-10-06T04:58:02.243368+00:00,215702264764828,59,-68,-16,-167,-2931,2989,2.065,-2.38,-0.56,-0.040748,-0.715164,0.729316
172178,1640412109,1649414,2026-10-06T04:58:02.243791+00:00,215702265186617,63,-67,-14,-169,-2935,2993,2.205,-2.345,-0.49,-0.041236,-0.71614,0.730292
172179,1640422851,1660156,2026-10-06T04:58:02.287380+00:00,215702308802276,69,-65,-12,-170,-2924,2999,2.415,-2.275,-0.42,-0.04148,-0.713456,0.731756
172180,1640432617,1669922,2026-10-06T04:58:02.288425+00:00,215702309843584,65,-67,-13,-169,-2924,2994,2.275,-2.345,-0.455,-0.041236,-0.713456,0.730536
172181,1640442382,1679687,2026-10-06T04:58:02.289507+00:00,215702310926753,60,-67,-16,-164,-2937,2994,2.1,-2.345,-0.56,-0.040016,-0.716628,0.730536
172182,1640452148,1689453,2026-10-06T04:58:02.290512+00:00,215702311930166,65,-66,-14,-169,-2933,2992,2.275,-2.31,-0.49,-0.041236,-0.715652,0.730048
172183,1640457031,1694336,2026-10-06T04:58:02.291604+00:00,215702313048155,71,-65,-12,-165,-2925,2998,2.485,-2.275,-0.42,-0.04026,-0.7137,0.731512
172184,1640467773,1705078,2026-10-06T04:58:02.292808+00:00,215702314221941,65,-67,-15,-169,-2924,2993,2.275,-2.345,-0.525,-0.041236,-0.713456,0.730292
172185,1640477539,1714844,2026-10-06T04:58:02.332555+00:00,215702353969354,61,-68,-16,-163,-2931,2991,2.135,-2.38,-0.56,-0.039772,-0.715164,0.729804
172186,1640487304,1724609,2026-10-06T04:58:02.333605+00:00,215702355033125,64,-66,-13,-170,-2935,2992,2.24,-2.31,-0.455,-0.04148,-0.71614,0.730048
172187,1640497070,1734375,2026-10-06T04:58:02.334744+00:00,215702356150287,71,-65,-12,-172,-2930,2993,2.485,-2.275,-0.42,-0.041968,-0.71492,0.730292
172188,1640507812,1745117,2026-10-06T04:58:02.335553+00:00,215702356956800,67,-67,-13,-171,-2920,2995,2.345,-2.345,-0.455,-0.041724,-0.71248,0.73078
172189,1640517578,1754883,2026-10-06T04:58:02.377152+00:00,215702398567519,62,-67,-17,-166,-2935,2991,2.17,-2.345,-0.595,-0.040504,-0.71614,0.729804
172190,1640527343,1764648,2026-10-06T04:58:02.378014+00:00,215702399419965,63,-68,-15,-168,-2937,2998,2.205,-2.38,-0.525,-0.040992,-0.716628,0.731512
172191,1640537109,1774414,2026-10-06T04:58:02.378836+00:00,215702400244125,69,-67,-12,-170,-2925,2995,2.415,-2.345,-0.42,-0.04148,-0.7137,0.73078
172192,1640547851,1785156,2026-10-06T04:58:02.379496+00:00,215702400903911,66,-67,-13,-167,-2924,2995,2.31,-2.345,-0.455,-0.040748,-0.713456,0.73078
172193,1640552734,1790039,2026-10-06T04:58:02.380239+00:00,215702401637961,60,-67,-16,-164,-2935,2996,2.1,-2.345,-0.56,-0.040016,-0.71614,0.731024
172194,1640562500,1799805,2026-10-06T04:58:02.421900+00:00,215702443315413,61,-68,-16,-168,-2935,2990,2.135,-2.38,-0.56,-0.040992,-0.71614,0.72956
172195,1640572265,1809570,2026-10-06T04:58:02.422658+00:00,215702444068805,69,-68,-14,-170,-2926,2998,2.415,-2.38,-0.49,-0.04148,-0.713944,0.731512
172196,1640582031,1819336,2026-10-06T04:58:02.423497+00:00,215702444901812,66,-67,-14,-170,-2922,2999,2.31,-2.345,-0.49,-0.04148,-0.712968,0.731756
172197,1640592773,1830078,2026-10-06T04:58:02.424292+00:00,215702445699860,58,-68,-18,-167,-2937,2996,2.03,-2.38,-0.63,-0.040748,-0.716628,0.731024
172198,1640602539,1839844,2026-10-06T04:58:02.513187+00:00,215702534597998,60,-68,-16,-165,-2940,2994,2.1,-2.38,-0.56,-0.04026,-0.71736,0.730536
172199,1640612304,1849609,2026-10-06T04:58:02.514186+00:00,215702535595712,68,-66,-12,-166,-2930,2993,2.38,-2.31,-0.42,-0.040504,-0.71492,0.730292
172200,1640622070,1859375,2026-10-06T04:58:02.515257+00:00,215702536668549,68,-65,-13,-171,-2918,3000,2.38,-2.275,-0.455,-0.041724,-0.711992,0.732
172201,1640632812,1870117,2026-10-06T04:58:02.516253+00:00,215702537664972,60,-67,-16,-166,-2927,2994,2.1,-2.345,-0.56,-0.040504,-0.714188,0.730536
172202,1640642578,1879883,2026-10-06T04:58:02.517432+00:00,215702538843271,60,-67,-17,-166,-2937,2992,2.1,-2.345,-0.595,-0.040504,-0.716628,0.730048
172203,1640647460,1884765,2026-10-06T04:58:02.557285+00:00,215702578703115,67,-66,-12,-167,-2932,2988,2.345,-2.31,-0.42,-0.040748,-0.715408,0.729072
172204,1640657226,1894531,2026-10-06T04:58:02.558332+00:00,215702579747935,70,-66,-12,-167,-2924,2993,2.45,-2.31,-0.42,-0.040748,-0.713456,0.730292
172205,1640666992,1904297,2026-10-06T04:58:02.559433+00:00,215702580848239,62,-67,-15,-174,-2927,2994,2.17,-2.345,-0.525,-0.042456,-0.714188,0.730536
172206,1640677734,1915039,2026-10-06T04:58:02.560515+00:00,215702581929972,61,-67,-16,-168,-2937,2992,2.135,-2.345,-0.56,-0.040992,-0.716628,0.730048
172207,1640687500,1924805,2026-10-06T04:58:02.562078+00:00,215702583483763,67,-65,-13,-170,-2931,2996,2.345,-2.275,-0.455,-0.04148,-0.715164,0.731024
172208,1640697265,1934570,2026-10-06T04:58:02.563841+00:00,215702585257276,68,-65,-12,-169,-2925,2996,2.38,-2.275,-0.42,-0.041236,-0.7137,0.731024
172209,1640707031,1944336,2026-10-06T04:58:02.565404+00:00,215702586821794,64,-67,-15,-164,-2928,2994,2.24,-2.345,-0.525,-0.040016,-0.714432,0.730536
172210,1640717773,1955078,2026-10-06T04:58:02.566043+00:00,215702587447979,60,-68,-16,-168,-2934,2991,2.1,-2.38,-0.56,-0.040992,-0.715896,0.729804
172211,1640727539,1964844,2026-10-06T04:58:02.567152+00:00,215702588567149,66,-66,-13,-168,-2934,2994,2.31,-2.31,-0.455,-0.040992,-0.715896,0.730536
172212,1640737304,1974609,2026-10-06T04:58:02.568282+00:00,215702589691887,69,-66,-12,-170,-2924,3000,2.415,-2.31,-0.42,-0.04148,-0.713456,0.732
172213,1640747070,1984375,2026-10-06T04:58:02.602693+00:00,215702624112457,63,-68,-15,-170,-2925,2993,2.205,-2.38,-0.525,-0.04148,-0.7137,0.730292
172214,1640757812,1995117,2026-10-06T04:58:02.603905+00:00,215702625319900,60,-67,-15,-165,-2936,2992,2.1,-2.345,-0.525,-0.04026,-0.716384,0.730048
172215,1640762695,2000000,2026-10-06T04:58:02.648866+00:00,215702670284668,65,-67,-14,-169,-2937,2989,2.275,-2.345,-0.49,-0.041236,-0.716628,0.729316
172216,1640772460,2009765,2026-10-06T04:58:02.649900+00:00,215702671310347,69,-67,-12,-171,-2923,2996,2.415,-2.345,-0.42,-0.041724,-0.713212,0.731024
172217,1640782226,2019531,2026-10-06T04:58:02.651093+00:00,215702672504492,64,-66,-14,-170,-2925,2995,2.24,-2.31,-0.49,-0.04148,-0.7137,0.73078
172218,1640791992,2029297,2026-10-06T04:58:02.652132+00:00,215702673542881,59,-68,-16,-169,-2937,2988,2.065,-2.38,-0.56,-0.041236,-0.716628,0.729072
172219,1640802734,2040039,2026-10-06T04:58:02.653178+00:00,215702674589622,64,-68,-15,-166,-2935,2993,2.24,-2.38,-0.525,-0.040504,-0.71614,0.730292
172220,1640812500,2049805,2026-10-06T04:58:02.654130+00:00,215702675538586,69,-66,-12,-171,-2924,2994,2.415,-2.31,-0.42,-0.041724,-0.713456,0.730536
172221,1640822265,2059570,2026-10-06T04:58:02.655123+00:00,215702676533482,65,-67,-15,-171,-2924,2993,2.275,-2.345,-0.525,-0.041724,-0.713456,0.730292
172222,1640832031,2069336,2026-10-06T04:58:02.691975+00:00,215702713384723,59,-68,-15,-168,-2931,2989,2.065,-2.38,-0.525,-0.040992,-0.715164,0.729316
172223,1640837890,2075195,2026-10-06T04:58:02.692569+00:00,215702713971861,64,-68,-15,-165,-2931,2995,2.24,-2.38,-0.525,-0.04026,-0.715164,0.73078
172224,1640847656,2084961,2026-10-06T04:58:02.693602+00:00,215702715029931,70,-67,-12,-168,-2926,2997,2.45,-2.345,-0.42,-0.040992,-0.713944,0.731268
172225,1640857421,2094726,2026-10-06T04:58:02.694343+00:00,215702715743307,66,-67,-15,-175,-2923,2997,2.31,-2.345,-0.525,-0.0427,-0.713212,0.731268
172226,1640867187,2104492,2026-10-06T04:58:02.695025+00:00,215702716426332,59,-67,-16,-167,-2932,2997,2.065,-2.345,-0.56,-0.040748,-0.715408,0.731268
172227,1640876953,2114258,2026-10-06T04:58:02.737005+00:00,215702758413493,63,-67,-15,-171,-2941,2996,2.205,-2.345,-0.525,-0.041724,-0.717604,0.731024
172228,1640887695,2125000,2026-10-06T04:58:02.737709+00:00,215702759110365,69,-67,-12,-168,-2929,3001,2.415,-2.345,-0.42,-0.040992,-0.714676,0.732244
172229,1640897460,2134765,2026-10-06T04:58:02.738910+00:00,215702760313347,68,-67,-12,-172,-2918,2996,2.38,-2.345,-0.42,-0.041968,-0.711992,0.731024
172230,1640907226,2144531,2026-10-06T04:58:02.739581+00:00,215702760983986,59,-68,-18,-168,-2930,2996,2.065,-2.38,-0.63,-0.040992,-0.71492,0.731024
172231,1640916992,2154297,2026-10-06T04:58:02.740447+00:00,215702761850504,61,-67,-17,-170,-2938,2994,2.135,-2.345,-0.595,-0.04148,-0.716872,0.730536
172232,1640927734,2165039,2026-10-06T04:58:02.782106+00:00,215702803515138,69,-66,-12,-170,-2931,2997,2.415,-2.31,-0.42,-0.04148,-0.715164,0.731268
172233,1640937500,2174805,2026-10-06T04:58:02.827425+00:00,215702848840805,70,-66,-12,-169,-2922,3000,2.45,-2.31,-0.42,-0.041236,-0.712968,0.732
172234,1640947265,2184570,2026-10-06T04:58:02.828311+00:00,215702849720060,62,-67,-14,-167,-2928,2995,2.17,-2.345,-0.49,-0.040748,-0.714432,0.73078
172235,1640952148,2189453,2026-10-06T04:58:02.829968+00:00,215702851383168,61,-67,-16,-166,-2937,2994,2.135,-2.345,-0.56,-0.040504,-0.716628,0.730536
172236,1640962890,2200195,2026-10-06T04:58:02.831006+00:00,215702852414341,66,-66,-13,-165,-2929,2993,2.31,-2.31,-0.455,-0.04026,-0.714676,0.730292
172237,1640972656,2209961,2026-10-06T04:58:02.832032+00:00,215702853435168,68,-66,-13,-168,-2925,2997,2.38,-2.31,-0.455,-0.040992,-0.7137,0.731268
172238,1640982421,2219726,2026-10-06T04:58:02.833059+00:00,215702854475474,62,-68,-15,-170,-2929,2995,2.17,-2.38,-0.525,-0.04148,-0.714676,0.73078
172239,1640992187,2229492,2026-10-06T04:58:02.834092+00:00,215702855505422,64,-68,-15,-171,-2936,2991,2.24,-2.38,-0.525,-0.041724,-0.716384,0.729804
172240,1641001953,2239258,2026-10-06T04:58:02.835214+00:00,215702856623143,67,-67,-12,-170,-2926,2986,2.345,-2.345,-0.42,-0.04148,-0.713944,0.728584
172241,1641012695,2250000,2026-10-06T04:58:02.872238+00:00,215702893655232,69,-66,-13,-166,-2923,2994,2.415,-2.31,-0.455,-0.040504,-0.713212,0.730536
172242,1641022460,2259765,2026-10-06T04:58:02.873287+00:00,215702894695996,61,-68,-16,-169,-2929,2995,2.135,-2.38,-0.56,-0.041236,-0.714676,0.73078
172243,1641032226,2269531,2026-10-06T04:58:02.874217+00:00,215702895623354,59,-68,-16,-165,-2939,2992,2.065,-2.38,-0.56,-0.04026,-0.717116,0.730048
172244,1641041992,2279297,2026-10-06T04:58:02.875277+00:00,215702896690898,67,-66,-13,-172,-2935,2993,2.345,-2.31,-0.455,-0.041968,-0.71614,0.730292
172245,1641047851,2285156,2026-10-06T04:58:02.876178+00:00,215702897590075,70,-66,-11,-170,-2922,2997,2.45,-2.31,-0.385,-0.04148,-0.712968,0.731268
172246,1641057617,2294922,2026-10-06T04:58:02.917898+00:00,215702939303762,63,-67,-15,-171,-2924,2992,2.205,-2.345,-0.525,-0.041724,-0.713456,0.730048
172247,1641067382,2304687,2026-10-06T04:58:02.918719+00:00,215702940113372,60,-68,-16,-164,-2936,2994,2.1,-2.38,-0.56,-0.040016,-0.716384,0.730536
172248,1641077148,2314453,2026-10-06T04:58:02.919598+00:00,215702940997564,65,-66,-15,-168,-2934,2990,2.275,-2.31,-0.525,-0.040992,-0.715896,0.72956
172249,1641087890,2325195,2026-10-06T04:58:02.920260+00:00,215702941662478,68,-67,-14,-173,-2928,2997,2.38,-2.345,-0.49,-0.042212,-0.714432,0.731268
172250,1641097656,2334961,2026-10-06T04:58:02.961823+00:00,215702983232593,64,-67,-14,-173,-2927,2996,2.24,-2.345,-0.49,-0.042212,-0.714188,0.731024
172251,1641107421,2344726,2026-10-06T04:58:02.962483+00:00,215702983887080,60,-68,-17,-166,-2941,2998,2.1,-2.38,-0.595,-0.040504,-0.717604,0.731512
172252,1641117187,2354492,2026-10-06T04:58:02.965136+00:00,215702986540675,65,-67,-15,-166,-2935,2997,2.275,-2.345,-0.525,-0.040504,-0.71614,0.731268
172253,1641126953,2364258,2026-10-06T04:58:02.965945+00:00,215702987347832,70,-67,-12,-168,-2919,2997,2.45,-2.345,-0.42,-0.040992,-0.712236,0.731268
172254,1641137695,2375000,2026-10-06T04:58:02.966478+00:00,215702987874893,64,-67,-14,-175,-2924,2998,2.24,-2.345,-0.49,-0.0427,-0.713456,0.731512
172255,1641147460,2384765,2026-10-06T04:58:03.006818+00:00,215703028227304,60,-67,-17,-169,-2937,2991,2.1,-2.345,-0.595,-0.041236,-0.716628,0.729804
172256,1641152343,2389648,2026-10-06T04:58:03.007438+00:00,215703028840004,63,-67,-14,-171,-2939,2999,2.205,-2.345,-0.49,-0.041724,-0.717116,0.731756
172257,1641162109,2399414,2026-10-06T04:58:03.008512+00:00,215703029913532,70,-65,-13,-171,-2924,2994,2.45,-2.275,-0.455,-0.041724,-0.713456,0.730536
172258,1641172851,2410156,2026-10-06T04:58:03.009056+00:00,215703030458957,68,-67,-13,-169,-2919,2995,2.38,-2.345,-0.455,-0.041236,-0.712236,0.73078
172259,1641182617,2419922,2026-10-06T04:58:03.009742+00:00,215703031143073,61,-67,-17,-171,-2932,2998,2.135,-2.345,-0.595,-0.041724,-0.715408,0.731512
172260,1641192382,2429687,2026-10-06T04:58:03.051759+00:00,215703073164203,63,-67,-15,-167,-2938,2992,2.205,-2.345,-0.525,-0.040748,-0.716872,0.730048
172261,1641202148,2439453,2026-10-06T04:58:03.052473+00:00,215703073875572,69,-66,-13,-167,-2928,2997,2.415,-2.31,-0.455,-0.040748,-0.714432,0.731268
172262,1641212890,2450195,2026-10-06T04:58:03.053649+00:00,215703075046158,68,-66,-13,-169,-2925,2995,2.38,-2.31,-0.455,-0.041236,-0.7137,0.73078
172263,1641222656,2459961,2026-10-06T04:58:03.054281+00:00,215703075677679,60,-67,-15,-163,-2934,2996,2.1,-2.345,-0.525,-0.039772,-0.715896,0.731024
172264,1641232421,2469726,2026-10-06T04:58:03.055006+00:00,215703076402856,63,-66,-15,-165,-2936,2991,2.205,-2.31,-0.525,-0.04026,-0.716384,0.729804
172265,1641242187,2479492,2026-10-06T04:58:03.098298+00:00,215703119717740,69,-67,-12,-167,-2928,2996,2.415,-2.345,-0.42,-0.040748,-0.714432,0.731024
172266,1641251953,2489258,2026-10-06T04:58:03.099309+00:00,215703120710186,66,-68,-13,-171,-2923,2994,2.31,-2.38,-0.455,-0.041724,-0.713212,0.730536
172267,1641257812,2495117,2026-10-06T04:58:03.100477+00:00,215703121885625,60,-67,-15,-165,-2933,2997,2.1,-2.345,-0.525,-0.04026,-0.715652,0.731268
172268,1641267578,2504883,2026-10-06T04:58:03.101331+00:00,215703122738048,62,-66,-14,-164,-2940,2995,2.17,-2.31,-0.49,-0.040016,-0.71736,0.73078
172269,1641277343,2514648,2026-10-06T04:58:03.102407+00:00,215703123817594,68,-66,-12,-170,-2925,2995,2.38,-2.31,-0.42,-0.04148,-0.7137,0.73078
172270,1641287109,2524414,2026-10-06T04:58:03.142120+00:00,215703163538584,67,-66,-13,-171,-2922,2994,2.345,-2.31,-0.455,-0.041724,-0.712968,0.730536
172271,1641297851,2535156,2026-10-06T04:58:03.143017+00:00,215703164424299,60,-67,-15,-165,-2929,2999,2.1,-2.345,-0.525,-0.04026,-0.714676,0.731756
172272,1641307617,2544922,2026-10-06T04:58:03.143840+00:00,215703165249003,60,-67,-15,-164,-2938,2993,2.1,-2.345,-0.525,-0.040016,-0.716872,0.730292
172273,1641317382,2554687,2026-10-06T04:58:03.144774+00:00,215703166183406,68,-66,-13,-167,-2929,2995,2.38,-2.31,-0.455,-0.040748,-0.714676,0.73078
172274,1641327148,2564453,2026-10-06T04:58:03.187717+00:00,215703209124290,69,-66,-12,-170,-2920,2997,2.415,-2.31,-0.42,-0.04148,-0.71248,0.731268
172275,1641337890,2575195,2026-10-06T04:58:03.188412+00:00,215703209812909,61,-67,-15,-168,-2928,2992,2.135,-2.345,-0.525,-0.040992,-0.714432,0.730048
172276,1641342773,2580078,2026-10-06T04:58:03.189039+00:00,215703210439139,60,-67,-16,-163,-2938,2990,2.1,-2.345,-0.56,-0.039772,-0.716872,0.72956
172277,1641352539,2589844,2026-10-06T04:58:03.189592+00:00,215703210993347,67,-67,-14,-167,-2938,2998,2.345,-2.345,-0.49,-0.040748,-0.716872,0.731512
172278,1641362304,2599609,2026-10-06T04:58:03.190526+00:00,215703211927118,69,-67,-11,-171,-2923,2998,2.415,-2.345,-0.385,-0.041724,-0.713212,0.731512
172279,1641372070,2609375,2026-10-06T04:58:03.232922+00:00,215703254352072,61,-67,-15,-164,-2926,2996,2.135,-2.345,-0.525,-0.040016,-0.713944,0.731024
172280,1641382812,2620117,2026-10-06T04:58:03.234251+00:00,215703255664135,59,-68,-16,-164,-2940,2990,2.065,-2.38,-0.56,-0.040016,-0.71736,0.72956
172281,1641392578,2629883,2026-10-06T04:58:03.236185+00:00,215703257593000,64,-67,-14,-170,-2930,2991,2.24,-2.345,-0.49,-0.04148,-0.71492,0.729804
172282,1641402343,2639648,2026-10-06T04:58:03.238099+00:00,215703259517148,69,-65,-13,-168,-2921,2998,2.415,-2.275,-0.455,-0.040992,-0.712724,0.731512
172283,1641412109,2649414,2026-10-06T04:58:03.239567+00:00,215703260979545,62,-67,-14,-170,-2926,2998,2.17,-2.345,-0.49,-0.04148,-0.713944,0.731512
172284,1641422851,2660156,2026-10-06T04:58:03.277568+00:00,215703298988382,59,-68,-17,-169,-2935,2994,2.065,-2.38,-0.595,-0.041236,-0.71614,0.730536
172285,1641432617,2669922,2026-10-06T04:58:03.278680+00:00,215703300094885,66,-67,-13,-167,-2933,2992,2.31,-2.345,-0.455,-0.040748,-0.715652,0.730048
172286,1641442382,2679687,2026-10-06T04:58:03.280196+00:00,215703301611026,70,-66,-12,-173,-2920,2997,2.45,-2.31,-0.42,-0.042212,-0.71248,0.731268
172287,1641452148,2689453,2026-10-06T04:58:03.281328+00:00,215703302742389,65,-67,-13,-168,-2918,2994,2.275,-2.345,-0.455,-0.040992,-0.711992,0.730536
172288,1641457031,2694336,2026-10-06T04:58:03.282566+00:00,215703303979962,60,-68,-16,-167,-2934,2996,2.1,-2.38,-0.56,-0.040748,-0.715896,0.731024
172289,1641467773,2705078,2026-10-06T04:58:03.323386+00:00,215703344806114,64,-68,-13,-169,-2941,2995,2.24,-2.38,-0.455,-0.041236,-0.717604,0.73078
172290,1641477539,2714844,2026-10-06T04:58:03.324490+00:00,215703345907035,70,-66,-11,-169,-2921,2995,2.45,-2.31,-0.385,-0.041236,-0.712724,0.73078
172291,1641487304,2724609,2026-10-06T04:58:03.325684+00:00,215703347099534,64,-67,-13,-171,-2921,2991,2.24,-2.345,-0.455,-0.041724,-0.712724,0.729804
172292,1641497070,2734375,2026-10-06T04:58:03.326847+00:00,215703348260658,58,-69,-17,-165,-2930,2993,2.03,-2.415,-0.595,-0.04026,-0.71492,0.730292
172293,1641507812,2745117,2026-10-06T04:58:03.366605+00:00,215703388031924,62,-67,-15,-165,-2938,2990,2.17,-2.345,-0.525,-0.04026,-0.716872,0.72956
172294,1641517578,2754883,2026-10-06T04:58:03.367168+00:00,215703388567768,70,-65,-13,-172,-2927,2998,2.45,-2.275,-0.455,-0.041968,-0.714188,0.731512
172295,1641527343,2764648,2026-10-06T04:58:03.368432+00:00,215703389832306,65,-67,-14,-173,-2919,2998,2.275,-2.345,-0.49,-0.042212,-0.712236,0.731512
172296,1641537109,2774414,2026-10-06T04:58:03.368957+00:00,215703390355237,59,-68,-16,-167,-2933,2995,2.065,-2.38,-0.56,-0.040748,-0.715652,0.73078
172297,1641547851,2785156,2026-10-06T04:58:03.411591+00:00,215703432996306,63,-67,-16,-166,-2936,2984,2.205,-2.345,-0.56,-0.040504,-0.716384,0.728096
172298,1641552734,2790039,2026-10-06T04:58:03.412127+00:00,215703433521072,71,-65,-12,-168,-2928,2997,2.485,-2.275,-0.42,-0.040992,-0.714432,0.731268
172299,1641562500,2799805,2026-10-06T04:58:03.414435+00:00,215703435833668,68,-66,-14,-171,-2920,2997,2.38,-2.31,-0.49,-0.041724,-0.71248,0.731268
172300,1641572265,2809570,2026-10-06T04:58:03.414999+00:00,215703436396981,60,-68,-18,-168,-2931,2992,2.1,-2.38,-0.63,-0.040992,-0.715164,0.730048
172301,1641582031,2819336,2026-10-06T04:58:03.415593+00:00,215703436989792,60,-68,-16,-163,-2938,2994,2.1,-2.38,-0.56,-0.039772,-0.716872,0.730536
172302,1641592773,2830078,2026-10-06T04:58:03.416150+00:00,215703437549367,70,-67,-13,-170,-2931,2999,2.45,-2.345,-0.455,-0.04148,-0.715164,0.731756
172303,1641602539,2839844,2026-10-06T04:58:03.502372+00:00,215703523768520,69,-66,-12,-168,-2917,2997,2.415,-2.31,-0.42,-0.040992,-0.711748,0.731268
172304,1641612304,2849609,2026-10-06T04:58:03.502658+00:00,215703524048767,61,-68,-16,-169,-2924,2994,2.135,-2.38,-0.56,-0.041236,-0.713456,0.730536
172305,1641622070,2859375,2026-10-06T04:58:03.502895+00:00,215703524282349,61,-67,-17,-160,-2938,2989,2.135,-2.345,-0.595,-0.03904,-0.716872,0.729316
172306,1641632812,2870117,2026-10-06T04:58:03.503260+00:00,215703524651017,68,-66,-13,-168,-2932,2996,2.38,-2.31,-0.455,-0.040992,-0.715408,0.731024
172307,1641642578,2879883,2026-10-06T04:58:03.504074+00:00,215703525463919,69,-66,-12,-169,-2919,2998,2.415,-2.31,-0.42,-0.041236,-0.712236,0.731512
172308,1641647460,2884765,2026-10-06T04:58:03.504303+00:00,215703525691895,63,-68,-15,-165,-2928,2997,2.205,-2.38,-0.525,-0.04026,-0.714432,0.731268
172309,1641657226,2894531,2026-10-06T04:58:03.504506+00:00,215703525894068,60,-67,-15,-168,-2937,2994,2.1,-2.345,-0.525,-0.040992,-0.716628,0.730536
172310,1641666992,2904297,2026-10-06T04:58:03.507112+00:00,215703528502376,68,-65,-12,-166,-2932,2997,2.38,-2.275,-0.42,-0.040504,-0.715408,0.731268
172311,1641677734,2915039,2026-10-06T04:58:03.507348+00:00,215703528738076,71,-66,-11,-171,-2921,3000,2.485,-2.31,-0.385,-0.041724,-0.712724,0.732
172312,1641687500,2924805,2026-10-06T04:58:03.549859+00:00,215703571281178,63,-68,-17,-165,-2927,2995,2.205,-2.38,-0.595,-0.04026,-0.714188,0.73078
172313,1641697265,2934570,2026-10-06T04:58:03.551396+00:00,215703572819530,59,-69,-16,-166,-2938,2986,2.065,-2.415,-0.56,-0.040504,-0.716872,0.728584
172314,1641707031,2944336,2026-10-06T04:58:03.552732+00:00,215703574147176,67,-66,-13,-166,-2935,2999,2.345,-2.31,-0.455,-0.040504,-0.71614,0.731756
172315,1641717773,2955078,2026-10-06T04:58:03.553893+00:00,215703575309976,71,-65,-12,-171,-2922,3000,2.485,-2.275,-0.42,-0.041724,-0.712968,0.732
172316,1641727539,2964844,2026-10-06T04:58:03.637436+00:00,215703658834559,64,-67,-14,-171,-2922,2994,2.24,-2.345,-0.49,-0.041724,-0.712968,0.730536
172317,1641737304,2974609,2026-10-06T04:58:03.682879+00:00,215703704297863,59,-68,-16,-167,-2935,2986,2.065,-2.38,-0.56,-0.040748,-0.71614,0.728584
172318,1641747070,2984375,2026-10-06T04:58:03.684402+00:00,215703705823113,63,-67,-15,-165,-2936,2994,2.205,-2.345,-0.525,-0.04026,-0.716384,0.730536
172319,1641757812,2995117,2026-10-06T04:58:03.686543+00:00,215703707960218,68,-66,-13,-172,-2925,2999,2.38,-2.31,-0.455,-0.041968,-0.7137,0.731756
172320,1641762695,3000000,2026-10-06T04:58:03.688391+00:00,215703709811666,65,-67,-14,-170,-2924,3003,2.275,-2.345,-0.49,-0.04148,-0.713456,0.732732
172321,1641772460,3009765,2026-10-06T04:58:03.690116+00:00,215703711534332,59,-68,-16,-165,-2938,2995,2.065,-2.38,-0.56,-0.04026,-0.716872,0.73078
172322,1641782226,3019531,2026-10-06T04:58:03.691946+00:00,215703713363099,65,-67,-14,-170,-2933,2989,2.275,-2.345,-0.49,-0.04148,-0.715652,0.729316
172323,1641791992,3029297,2026-10-06T04:58:03.693591+00:00,215703715038538,69,-66,-11,-168,-2920,2992,2.415,-2.31,-0.385,-0.040992,-0.71248,0.730048
172324,1641802734,3040039,2026-10-06T04:58:03.695781+00:00,215703717197212,64,-68,-14,-167,-2927,2998,2.24,-2.38,-0.49,-0.040748,-0.714188,0.731512
172325,1641812500,3049805,2026-10-06T04:58:03.698040+00:00,215703719461253,57,-68,-17,-168,-2937,2994,1.995,-2.38,-0.595,-0.040992,-0.716628,0.730536
172326,1641822265,3059570,2026-10-06T04:58:03.699795+00:00,215703721215316,62,-66,-14,-164,-2940,2994,2.17,-2.31,-0.49,-0.040016,-0.71736,0.730536
172327,1641832031,3069336,2026-10-06T04:58:03.701058+00:00,215703722477504,69,-65,-12,-169,-2927,2991,2.415,-2.275,-0.42,-0.041236,-0.714188,0.729804
172328,1641837890,3075195,2026-10-06T04:58:03.702384+00:00,215703723798785,68,-66,-13,-170,-2921,2989,2.38,-2.31,-0.455,-0.04148,-0.712724,0.729316
172329,1641847656,3084961,2026-10-06T04:58:03.703415+00:00,215703724822459,60,-67,-18,-170,-2927,2994,2.1,-2.345,-0.63,-0.04148,-0.714188,0.730536
172330,1641857421,3094726,2026-10-06T04:58:03.704207+00:00,215703725614347,62,-67,-16,-165,-2941,2995,2.17,-2.345,-0.56,-0.04026,-0.717604,0.73078
172331,1641867187,3104492,2026-10-06T04:58:03.704916+00:00,215703726322368,70,-66,-13,-171,-2925,2988,2.45,-2.31,-0.455,-0.041724,-0.7137,0.729072
172332,1641876953,3114258,2026-10-06T04:58:03.771581+00:00,215703792982609,69,-65,-13,-170,-2926,3000,2.415,-2.275,-0.455,-0.04148,-0.713944,0.732
172333,1641887695,3125000,2026-10-06T04:58:03.771994+00:00,215703793389591,59,-67,-16,-167,-2924,2991,2.065,-2.345,-0.56,-0.040748,-0.713456,0.729804
172334,1641897460,3134765,2026-10-06T04:58:03.774329+00:00,215703795724864,61,-67,-15,-164,-2937,2996,2.135,-2.345,-0.525,-0.040016,-0.716628,0.731024
172335,1641907226,3144531,2026-10-06T04:58:03.774814+00:00,215703796209540,67,-66,-12,-172,-2928,2993,2.345,-2.31,-0.42,-0.041968,-0.714432,0.730292
172336,1641916992,3154297,2026-10-06T04:58:03.775236+00:00,215703796631211,68,-66,-12,-168,-2921,2996,2.38,-2.31,-0.42,-0.040992,-0.712724,0.731024
172337,1641927734,3165039,2026-10-06T04:58:03.775565+00:00,215703796960166,61,-67,-15,-173,-2928,2993,2.135,-2.345,-0.525,-0.042212,-0.714432,0.730292
172338,1641937500,3174805,2026-10-06T04:58:03.776674+00:00,215703798069443,60,-67,-16,-166,-2939,2990,2.1,-2.345,-0.56,-0.040504,-0.717116,0.72956
172339,1641947265,3184570,2026-10-06T04:58:03.777118+00:00,215703798513832,68,-66,-13,-167,-2930,3001,2.38,-2.31,-0.455,-0.040748,-0.71492,0.732244
172340,1641957031,3194336,2026-10-06T04:58:03.817529+00:00,215703838930671,69,-65,-12,-169,-2922,3002,2.415,-2.275,-0.42,-0.041236,-0.712968,0.732488
172341,1641962890,3200195,2026-10-06T04:58:03.817950+00:00,215703839345568,62,-68,-16,-168,-2922,2991,2.17,-2.38,-0.56,-0.040992,-0.712968,0.729804
172342,1641972656,3209961,2026-10-06T04:58:03.818359+00:00,215703839754346,60,-67,-18,-167,-2939,2992,2.1,-2.345,-0.63,-0.040748,-0.717116,0.730048
172343,1641982421,3219726,2026-10-06T04:58:03.818887+00:00,215703840282804,65,-67,-14,-168,-2929,2995,2.275,-2.345,-0.49,-0.040992,-0.714676,0.73078
172344,1641992187,3229492,2026-10-06T04:58:03.819314+00:00,215703840709506,68,-67,-12,-168,-2925,3001,2.38,-2.345,-0.42,-0.040992,-0.7137,0.732244
172345,1642001953,3239258,2026-10-06T04:58:03.864749+00:00,215703886172135,61,-68,-16,-165,-2925,3001,2.135,-2.38,-0.56,-0.04026,-0.7137,0.732244
172346,1642012695,3250000,2026-10-06T04:58:03.866010+00:00,215703887430581,60,-68,-18,-164,-2939,2990,2.1,-2.38,-0.63,-0.040016,-0.717116,0.72956
172347,1642022460,3259765,2026-10-06T04:58:03.867547+00:00,215703888962139,66,-68,-15,-167,-2935,2994,2.31,-2.38,-0.525,-0.040748,-0.71614,0.730536
172348,1642032226,3269531,2026-10-06T04:58:03.868696+00:00,215703890108734,68,-66,-13,-171,-2925,2998,2.38,-2.31,-0.455,-0.041724,-0.7137,0.731512
172349,1642041992,3279297,2026-10-06T04:58:03.869727+00:00,215703891137936,63,-67,-16,-171,-2929,2995,2.205,-2.345,-0.56,-0.041724,-0.714676,0.73078
172350,1642047851,3285156,2026-10-06T04:58:03.952339+00:00,215703973750378,58,-68,-17,-167,-2936,2995,2.03,-2.38,-0.595,-0.040748,-0.716384,0.73078
172351,1642057617,3294922,2026-10-06T04:58:03.953451+00:00,215703974862065,66,-67,-13,-168,-2936,2990,2.31,-2.345,-0.455,-0.040992,-0.716384,0.72956
172352,1642067382,3304687,2026-10-06T04:58:03.954664+00:00,215703976082258,70,-66,-12,-171,-2921,2999,2.45,-2.31,-0.42,-0.041724,-0.712724,0.731756
172353,1642077148,3314453,2026-10-06T04:58:03.955767+00:00,215703977182180,64,-68,-15,-167,-2928,2996,2.24,-2.38,-0.525,-0.040748,-0.714432,0.731024
172354,1642087890,3325195,2026-10-06T04:58:03.956773+00:00,215703978187758,60,-68,-16,-165,-2938,2995,2.1,-2.38,-0.56,-0.04026,-0.716872,0.73078
172355,1642097656,3334961,2026-10-06T04:58:03.958232+00:00,215703979646707,64,-66,-15,-166,-2937,2995,2.24,-2.31,-0.525,-0.040504,-0.716628,0.73078
172356,1642107421,3344726,2026-10-06T04:58:03.959424+00:00,215703980843144,71,-65,-12,-166,-2927,2995,2.485,-2.275,-0.42,-0.040504,-0.714188,0.73078
172357,1642117187,3354492,2026-10-06T04:58:03.960543+00:00,215703981964753,65,-66,-15,-164,-2919,2989,2.275,-2.31,-0.525,-0.040016,-0.712236,0.729316
172358,1642126953,3364258,2026-10-06T04:58:03.961924+00:00,215703983339693,59,-68,-18,-167,-2936,2993,2.065,-2.38,-0.63,-0.040748,-0.716384,0.730292
172359,1642137695,3375000,2026-10-06T04:58:03.996959+00:00,215704018368699,62,-68,-15,-168,-2939,2994,2.17,-2.38,-0.525,-0.040992,-0.717116,0.730536
172360,1642147460,3384765,2026-10-06T04:58:03.997779+00:00,215704019180450,70,-66,-11,-169,-2929,2996,2.45,-2.31,-0.385,-0.041236,-0.714676,0.731024
172361,1642152343,3389648,2026-10-06T04:58:03.999543+00:00,215704020947249,67,-66,-12,-170,-2925,2994,2.345,-2.31,-0.42,-0.04148,-0.7137,0.730536
172362,1642162109,3399414,2026-10-06T04:58:04.000506+00:00,215704021914313,59,-69,-17,-168,-2929,2995,2.065,-2.415,-0.595,-0.040992,-0.714676,0.73078
172363,1642172851,3410156,2026-10-06T04:58:04.001447+00:00,215704022849732,64,-68,-16,-167,-2932,2988,2.24,-2.38,-0.56,-0.040748,-0.715408,0.729072
172364,1642182617,3419922,2026-10-06T04:58:04.042274+00:00,215704063679810,69,-66,-13,-171,-2928,2995,2.415,-2.31,-0.455,-0.041724,-0.714432,0.73078
172365,1642192382,3429687,2026-10-06T04:58:04.042996+00:00,215704064400779,67,-66,-14,-172,-2923,2996,2.345,-2.31,-0.49,-0.041968,-0.713212,0.731024
172366,1642202148,3439453,2026-10-06T04:58:04.044746+00:00,215704066151302,61,-67,-16,-171,-2933,2996,2.135,-2.345,-0.56,-0.041724,-0.715652,0.731024
172367,1642212890,3450195,2026-10-06T04:58:04.045533+00:00,215704066937435,62,-68,-16,-171,-2938,2990,2.17,-2.38,-0.56,-0.041724,-0.716872,0.72956
172368,1642222656,3459961,2026-10-06T04:58:04.088038+00:00,215704109449422,68,-67,-13,-169,-2923,2997,2.38,-2.345,-0.455,-0.041236,-0.713212,0.731268
172369,1642232421,3469726,2026-10-06T04:58:04.133368+00:00,215704154789238,66,-67,-13,-170,-2922,2997,2.31,-2.345,-0.455,-0.04148,-0.712968,0.731268
172370,1642242187,3479492,2026-10-06T04:58:04.177707+00:00,215704199130295,60,-68,-17,-172,-2933,2994,2.1,-2.38,-0.595,-0.041968,-0.715652,0.730536
172371,1642251953,3489258,2026-10-06T04:58:04.178945+00:00,215704200352836,61,-68,-16,-165,-2936,2991,2.135,-2.38,-0.56,-0.04026,-0.716384,0.729804
172372,1642257812,3495117,2026-10-06T04:58:04.179911+00:00,215704201311031,68,-66,-11,-165,-2937,2998,2.38,-2.31,-0.385,-0.04026,-0.716628,0.731512
172373,1642267578,3504883,2026-10-06T04:58:04.180672+00:00,215704202071510,70,-67,-12,-171,-2918,2998,2.45,-2.345,-0.42,-0.041724,-0.711992,0.731512
172374,1642277343,3514648,2026-10-06T04:58:04.181391+00:00,215704202794358,61,-68,-16,-169,-2927,2997,2.135,-2.38,-0.56,-0.041236,-0.714188,0.731268
172375,1642287109,3524414,2026-10-06T04:58:04.182266+00:00,215704203673862,59,-69,-17,-164,-2937,2993,2.065,-2.415,-0.595,-0.040016,-0.716628,0.730292
172376,1642297851,3535156,2026-10-06T04:58:04.183181+00:00,215704204603671,67,-66,-13,-163,-2933,2995,2.345,-2.31,-0.455,-0.039772,-0.715652,0.73078
172377,1642307617,3544922,2026-10-06T04:58:04.183939+00:00,215704205339067,69,-66,-11,-169,-2925,2998,2.415,-2.31,-0.385,-0.041236,-0.7137,0.731512
172378,1642317382,3554687,2026-10-06T04:58:04.184556+00:00,215704205954620,64,-68,-14,-168,-2925,2991,2.24,-2.38,-0.49,-0.040992,-0.7137,0.729804
172379,1642327148,3564453,2026-10-06T04:58:04.185122+00:00,215704206520370,61,-66,-16,-166,-2935,2994,2.135,-2.31,-0.56,-0.040504,-0.71614,0.730536
172380,1642337890,3575195,2026-10-06T04:58:04.185659+00:00,215704207058981,66,-65,-13,-166,-2937,2994,2.31,-2.275,-0.455,-0.040504,-0.716628,0.730536
172381,1642342773,3580078,2026-10-06T04:58:04.186164+00:00,215704207559289,70,-65,-11,-171,-2919,2999,2.45,-2.275,-0.385,-0.041724,-0.712236,0.731756
172382,1642352539,3589844,2026-10-06T04:58:04.186650+00:00,215704208051890,63,-67,-14,-169,-2925,2996,2.205,-2.345,-0.49,-0.041236,-0.7137,0.731024
172383,1642362304,3599609,2026-10-06T04:58:04.187154+00:00,215704208549594,60,-68,-17,-168,-2933,2994,2.1,-2.38,-0.595,-0.040992,-0.715652,0.730536
172384,1642372070,3609375,2026-10-06T04:58:04.221739+00:00,215704243140275,66,-66,-13,-165,-2935,2988,2.31,-2.31,-0.455,-0.04026,-0.71614,0.729072
172385,1642382812,3620117,2026-10-06T04:58:04.266749+00:00,215704288156005,70,-66,-12,-168,-2925,2989,2.45,-2.31,-0.42,-0.040992,-0.7137,0.729316
172386,1642392578,3629883,2026-10-06T04:58:04.267389+00:00,215704288790273,64,-67,-14,-170,-2925,2990,2.24,-2.345,-0.49,-0.04148,-0.7137,0.72956
172387,1642402343,3639648,2026-10-06T04:58:04.358345+00:00,215704379765725,59,-67,-16,-166,-2936,2990,2.065,-2.345,-0.56,-0.040504,-0.716384,0.72956
172388,1642412109,3649414,2026-10-06T04:58:04.402262+00:00,215704423676480,65,-65,-14,-168,-2939,2991,2.275,-2.275,-0.49,-0.040992,-0.717116,0.729804
172389,1642422851,3660156,2026-10-06T04:58:04.403201+00:00,215704424619771,69,-66,-12,-170,-2927,2989,2.415,-2.31,-0.42,-0.04148,-0.714188,0.729316
172390,1642432617,3669922,2026-10-06T04:58:04.403846+00:00,215704425245156,65,-67,-15,-166,-2923,2997,2.275,-2.345,-0.525,-0.040504,-0.713212,0.731268
172391,1642442382,3679687,2026-10-06T04:58:04.404389+00:00,215704425788748,58,-68,-17,-166,-2935,2990,2.03,-2.38,-0.595,-0.040504,-0.71614,0.72956
172392,1642452148,3689453,2026-10-06T04:58:04.404957+00:00,215704426355636,64,-68,-14,-168,-2936,2990,2.24,-2.38,-0.49,-0.040992,-0.716384,0.72956
172393,1642457031,3694336,2026-10-06T04:58:04.405534+00:00,215704426932847,69,-66,-13,-169,-2926,2997,2.415,-2.31,-0.455,-0.041236,-0.713944,0.731268
172394,1642467773,3705078,2026-10-06T04:58:04.406054+00:00,215704427452474,65,-67,-14,-171,-2923,3000,2.275,-2.345,-0.49,-0.041724,-0.713212,0.732
172395,1642477539,3714844,2026-10-06T04:58:04.406600+00:00,215704427998855,59,-68,-17,-170,-2935,2993,2.065,-2.38,-0.595,-0.04148,-0.71614,0.730292
172396,1642487304,3724609,2026-10-06T04:58:04.407506+00:00,215704428904381,63,-67,-15,-166,-2939,2996,2.205,-2.345,-0.525,-0.040504,-0.717116,0.731024
172397,1642497070,3734375,2026-10-06T04:58:04.408095+00:00,215704429493958,70,-67,-12,-171,-2923,2993,2.45,-2.345,-0.42,-0.041724,-0.713212,0.730292
172398,1642507812,3745117,2026-10-06T04:58:04.408527+00:00,215704429921438,67,-66,-14,-171,-2918,2995,2.345,-2.31,-0.49,-0.041724,-0.711992,0.73078
172399,1642517578,3754883,2026-10-06T04:58:04.410300+00:00,215704431698733,60,-67,-17,-170,-2932,2993,2.1,-2.345,-0.595,-0.04148,-0.715408,0.730292
172400,1642527343,3764648,2026-10-06T04:58:04.410777+00:00,215704432173351,60,-67,-16,-163,-2936,2996,2.1,-2.345,-0.56,-0.039772,-0.716384,0.731024
172401,1642537109,3774414,2026-10-06T04:58:04.411209+00:00,215704432603211,69,-66,-13,-167,-2929,3000,2.415,-2.31,-0.455,-0.040748,-0.714676,0.732
172402,1642547851,3785156,2026-10-06T04:58:04.411618+00:00,215704433023937,69,-66,-13,-171,-2926,2993,2.415,-2.31,-0.455,-0.041724,-0.713944,0.730292
172403,1642552734,3790039,2026-10-06T04:58:04.412127+00:00,215704433521133,60,-67,-16,-167,-2932,3000,2.1,-2.345,-0.56,-0.040748,-0.715408,0.732
172404,1642562500,3799805,2026-10-06T04:58:04.412653+00:00,215704434048582,61,-68,-16,-168,-2942,2990,2.135,-2.38,-0.56,-0.040992,-0.717848,0.72956
172405,1642572265,3809570,2026-10-06T04:58:04.413103+00:00,215704434498699,68,-66,-13,-167,-2930,2993,2.38,-2.31,-0.455,-0.040748,-0.71492,0.730292
172406,1642582031,3819336,2026-10-06T04:58:04.415227+00:00,215704436618876,69,-66,-13,-170,-2924,2996,2.415,-2.31,-0.455,-0.04148,-0.713456,0.731024
172407,1642592773,3830078,2026-10-06T04:58:04.446381+00:00,215704467780229,60,-67,-15,-171,-2925,3001,2.1,-2.345,-0.525,-0.041724,-0.7137,0.732244
172408,1642602539,3839844,2026-10-06T04:58:04.446825+00:00,215704468217821,61,-67,-16,-169,-2940,2991,2.135,-2.345,-0.56,-0.041236,-0.71736,0.729804
172409,1642612304,3849609,2026-10-06T04:58:04.448180+00:00,215704469571788,69,-66,-12,-170,-2931,2995,2.415,-2.31,-0.42,-0.04148,-0.715164,0.73078
172410,1642622070,3859375,2026-10-06T04:58:04.448524+00:00,215704469915359,71,-65,-10,-172,-2920,2999,2.485,-2.275,-0.35,-0.041968,-0.71248,0.731756
172411,1642632812,3870117,2026-10-06T04:58:04.491652+00:00,215704513050941,61,-67,-15,-169,-2927,2997,2.135,-2.345,-0.525,-0.041236,-0.714188,0.731268
172412,1642642578,3879883,2026-10-06T04:58:04.492052+00:00,215704513445368,58,-67,-18,-165,-2940,2991,2.03,-2.345,-0.63,-0.04026,-0.71736,0.729804
172413,1642652343,3889648,2026-10-06T04:58:04.493380+00:00,215704514781144,65,-67,-13,-168,-2933,2995,2.275,-2.345,-0.455,-0.040992,-0.715652,0.73078
172414,1642657226,3894531,2026-10-06T04:58:04.493999+00:00,215704515402645,70,-66,-12,-169,-2917,2994,2.45,-2.31,-0.42,-0.041236,-0.711748,0.730536
172415,1642666992,3904297,2026-10-06T04:58:04.494684+00:00,215704516083804,64,-66,-14,-169,-2921,2993,2.24,-2.31,-0.49,-0.041236,-0.712724,0.730292
172416,1642677734,3915039,2026-10-06T04:58:04.536689+00:00,215704558096110,60,-69,-18,-165,-2936,2993,2.1,-2.415,-0.63,-0.04026,-0.716384,0.730292
172417,1642687500,3924805,2026-10-06T04:58:04.537238+00:00,215704558639129,65,-66,-15,-169,-2934,2991,2.275,-2.31,-0.525,-0.041236,-0.715896,0.729804
172418,1642697265,3934570,2026-10-06T04:58:04.540284+00:00,215704561700591,69,-66,-13,-170,-2923,2998,2.415,-2.31,-0.455,-0.04148,-0.713212,0.731512
172419,1642707031,3944336,2026-10-06T04:58:04.541251+00:00,215704562655121,63,-67,-15,-167,-2926,2990,2.205,-2.345,-0.525,-0.040748,-0.713944,0.72956
172420,1642717773,3955078,2026-10-06T04:58:04.582714+00:00,215704604136300,60,-67,-16,-166,-2936,2994,2.1,-2.345,-0.56,-0.040504,-0.716384,0.730536
172421,1642727539,3964844,2026-10-06T04:58:04.584144+00:00,215704605559645,66,-67,-14,-168,-2937,2990,2.31,-2.345,-0.49,-0.040992,-0.716628,0.72956
172422,1642737304,3974609,2026-10-06T04:58:04.585341+00:00,215704606755702,71,-66,-13,-165,-2928,2996,2.485,-2.31,-0.455,-0.04026,-0.714432,0.731024
172423,1642747070,3984375,2026-10-06T04:58:04.586812+00:00,215704608223783,64,-67,-15,-168,-2926,2997,2.24,-2.345,-0.525,-0.040992,-0.713944,0.731268
172424,1642757812,3995117,2026-10-06T04:58:04.588087+00:00,215704609501653,60,-68,-17,-168,-2938,2997,2.1,-2.38,-0.595,-0.040992,-0.716872,0.731268
172425,1642762695,4000000,2026-10-06T04:58:04.589260+00:00,215704610669873,64,-67,-15,-170,-2940,2991,2.24,-2.345,-0.525,-0.04148,-0.71736,0.729804
172426,1642772460,4009765,2026-10-06T04:58:04.627516+00:00,215704648915967,69,-66,-12,-168,-2926,2997,2.415,-2.31,-0.42,-0.040992,-0.713944,0.731268
172427,1642782226,4019531,2026-10-06T04:58:04.628030+00:00,215704649425423,65,-66,-14,-168,-2921,2998,2.275,-2.31,-0.49,-0.040992,-0.712724,0.731512
172428,1642791992,4029297,2026-10-06T04:58:04.628446+00:00,215704649839920,61,-67,-16,-167,-2934,2995,2.135,-2.345,-0.56,-0.040748,-0.715896,0.73078
172429,1642802734,4040039,2026-10-06T04:58:04.629223+00:00,215704650617615,62,-66,-15,-168,-2934,2993,2.17,-2.31,-0.525,-0.040992,-0.715896,0.730292
172430,1642812500,4049805,2026-10-06T04:58:04.672502+00:00,215704693923732,68,-65,-13,-165,-2927,2998,2.38,-2.275,-0.455,-0.04026,-0.714188,0.731512
172431,1642822265,4059570,2026-10-06T04:58:04.673506+00:00,215704694921195,64,-67,-14,-170,-2925,2998,2.24,-2.345,-0.49,-0.04148,-0.7137,0.731512
172432,1642832031,4069336,2026-10-06T04:58:04.674678+00:00,215704696094115,61,-68,-14,-167,-2933,2992,2.135,-2.38,-0.49,-0.040748,-0.715652,0.730048
172433,1642842773,4080078,2026-10-06T04:58:04.675722+00:00,215704697136231,63,-67,-14,-165,-2938,2992,2.205,-2.345,-0.49,-0.04026,-0.716872,0.730048
172434,1642847656,4084961,2026-10-06T04:58:04.676837+00:00,215704698251732,68,-67,-13,-172,-2933,3000,2.38,-2.345,-0.455,-0.041968,-0.715652,0.732
172435,1642857421,4094726,2026-10-06T04:58:04.718820+00:00,215704740238721,65,-67,-15,-172,-2927,2993,2.275,-2.345,-0.525,-0.041968,-0.714188,0.730292
172436,1642867187,4104492,2026-10-06T04:58:04.720009+00:00,215704741415824,61,-67,-16,-164,-2934,3000,2.135,-2.345,-0.56,-0.040016,-0.715896,0.732
172437,1642876953,4114258,2026-10-06T04:58:04.721460+00:00,215704742867460,62,-67,-16,-165,-2936,2988,2.17,-2.345,-0.56,-0.04026,-0.716384,0.729072
172438,1642887695,4125000,2026-10-06T04:58:04.722673+00:00,215704744091170,68,-66,-12,-168,-2926,2991,2.38,-2.31,-0.42,-0.040992,-0.713944,0.729804
172439,1642897460,4134765,2026-10-06T04:58:04.723439+00:00,215704744851488,67,-66,-12,-171,-2919,2996,2.345,-2.31,-0.42,-0.041724,-0.712236,0.731024
172440,1642907226,4144531,2026-10-06T04:58:04.763473+00:00,215704784888215,59,-68,-15,-169,-2930,2996,2.065,-2.38,-0.525,-0.041236,-0.71492,0.731024
172441,1642916992,4154297,2026-10-06T04:58:04.764255+00:00,215704785659439,61,-67,-16,-169,-2933,2991,2.135,-2.345,-0.56,-0.041236,-0.715652,0.729804
172442,1642927734,4165039,2026-10-06T04:58:04.765334+00:00,215704786744813,69,-66,-13,-171,-2932,2987,2.415,-2.31,-0.455,-0.041724,-0.715408,0.728828
172443,1642937500,4174805,2026-10-06T04:58:04.766366+00:00,215704787775812,68,-66,-13,-167,-2921,2997,2.38,-2.31,-0.455,-0.040748,-0.712724,0.731268
172444,1642947265,4184570,2026-10-06T04:58:04.807703+00:00,215704829111262,60,-66,-15,-172,-2929,2989,2.1,-2.31,-0.525,-0.041968,-0.714676,0.729316
172445,1642957031,4194336,2026-10-06T04:58:04.808186+00:00,215704829586521,60,-68,-17,-163,-2941,2994,2.1,-2.38,-0.595,-0.039772,-0.717604,0.730536
172446,1642962890,4200195,2026-10-06T04:58:04.808769+00:00,215704830169365,68,-67,-13,-173,-2933,2995,2.38,-2.345,-0.455,-0.042212,-0.715652,0.73078
172447,1642972656,4209961,2026-10-06T04:58:04.809220+00:00,215704830615044,68,-66,-12,-172,-2924,2997,2.38,-2.31,-0.42,-0.041968,-0.713456,0.731268
172448,1642982421,4219726,2026-10-06T04:58:04.809852+00:00,215704831251658,62,-67,-15,-168,-2927,2997,2.17,-2.345,-0.525,-0.040992,-0.714188,0.731268
172449,1642992187,4229492,2026-10-06T04:58:04.852862+00:00,215704874283023,60,-68,-16,-168,-2935,2991,2.1,-2.38,-0.56,-0.040992,-0.71614,0.729804
172450,1643001953,4239258,2026-10-06T04:58:04.854072+00:00,215704875490959,67,-66,-13,-163,-2936,2995,2.345,-2.31,-0.455,-0.039772,-0.716384,0.73078
172451,1643012695,4250000,2026-10-06T04:58:04.855109+00:00,215704876513246,69,-66,-12,-168,-2922,2998,2.415,-2.31,-0.42,-0.040992,-0.712968,0.731512
172452,1643022460,4259765,2026-10-06T04:58:04.856361+00:00,215704877777179,63,-68,-16,-168,-2926,2993,2.205,-2.38,-0.56,-0.040992,-0.713944,0.730292
172453,1643032226,4269531,2026-10-06T04:58:04.857397+00:00,215704878804483,60,-67,-17,-168,-2938,2995,2.1,-2.345,-0.595,-0.040992,-0.716872,0.73078
172454,1643041992,4279297,2026-10-06T04:58:04.896750+00:00,215704918158232,66,-66,-14,-169,-2933,2992,2.31,-2.31,-0.49,-0.041236,-0.715652,0.730048
172455,1643047851,4285156,2026-10-06T04:58:04.897307+00:00,215704918706387,70,-65,-11,-170,-2925,2998,2.45,-2.275,-0.385,-0.04148,-0.7137,0.731512
172456,1643057617,4294922,2026-10-06T04:58:04.899814+00:00,215704921215120,65,-67,-14,-170,-2923,2994,2.275,-2.345,-0.49,-0.04148,-0.713212,0.730536
172457,1643067382,4304687,2026-10-06T04:58:04.900695+00:00,215704922096358,59,-68,-16,-163,-2930,2996,2.065,-2.38,-0.56,-0.039772,-0.71492,0.731024
172458,1643077148,4314453,2026-10-06T04:58:04.901316+00:00,215704922715657,65,-67,-14,-171,-2933,2997,2.275,-2.345,-0.49,-0.041724,-0.715652,0.731268
172459,1643087890,4325195,2026-10-06T04:58:04.942878+00:00,215704964282386,70,-67,-12,-170,-2927,2998,2.45,-2.345,-0.42,-0.04148,-0.714188,0.731512
172460,1643097656,4334961,2026-10-06T04:58:04.943428+00:00,215704964822196,64,-67,-14,-167,-2922,2997,2.24,-2.345,-0.49,-0.040748,-0.712968,0.731268
172461,1643107421,4344726,2026-10-06T04:58:04.943890+00:00,215704965284602,60,-67,-16,-169,-2936,2993,2.1,-2.345,-0.56,-0.041236,-0.716384,0.730292
172462,1643117187,4354492,2026-10-06T04:58:04.944276+00:00,215704965670571,65,-65,-14,-167,-2934,2992,2.275,-2.275,-0.49,-0.040748,-0.715896,0.730048
172463,1643126953,4364258,2026-10-06T04:58:04.987376+00:00,215705008773902,69,-66,-12,-170,-2925,2993,2.415,-2.31,-0.42,-0.04148,-0.7137,0.730292
172464,1643137695,4375000,2026-10-06T04:58:04.987795+00:00,215705009186028,63,-67,-15,-171,-2918,2994,2.205,-2.345,-0.525,-0.041724,-0.711992,0.730536
172465,1643147460,4384765,2026-10-06T04:58:04.988163+00:00,215705009553296,59,-67,-17,-166,-2932,2994,2.065,-2.345,-0.595,-0.040504,-0.715408,0.730536
172466,1643152343,4389648,2026-10-06T04:58:04.988757+00:00,215705010149527,63,-67,-14,-164,-2938,2989,2.205,-2.345,-0.49,-0.040016,-0.716872,0.729316
172467,1643162109,4399414,2026-10-06T04:58:04.990183+00:00,215705011573700,70,-66,-10,-174,-2923,2992,2.45,-2.31,-0.35,-0.042456,-0.713212,0.730048
172468,1643172851,4410156,2026-10-06T04:58:05.032616+00:00,215705054029362,66,-66,-14,-172,-2922,2995,2.31,-2.31,-0.49,-0.041968,-0.712968,0.73078
172469,1643182617,4419922,2026-10-06T04:58:05.033044+00:00,215705054438531,58,-70,-19,-167,-2934,2995,2.03,-2.45,-0.665,-0.040748,-0.715896,0.73078
172470,1643192382,4429687,2026-10-06T04:58:05.033448+00:00,215705054842388,61,-67,-17,-166,-2941,2993,2.135,-2.345,-0.595,-0.040504,-0.717604,0.730292
172471,1643202148,4439453,2026-10-06T04:58:05.034185+00:00,215705055578914,70,-65,-12,-169,-2931,2996,2.45,-2.275,-0.42,-0.041236,-0.715164,0.731024
172472,1643212890,4450195,2026-10-06T04:58:05.078442+00:00,215705099864236,68,-66,-13,-171,-2922,2992,2.38,-2.31,-0.455,-0.041724,-0.712968,0.730048
172473,1643222656,4459961,2026-10-06T04:58:05.079829+00:00,215705101243135,60,-68,-17,-170,-2929,2998,2.1,-2.38,-0.595,-0.04148,-0.714676,0.731512
172474,1643232421,4469726,2026-10-06T04:58:05.081241+00:00,215705102659620,59,-67,-17,-168,-2939,2993,2.065,-2.345,-0.595,-0.040992,-0.717116,0.730292
172475,1643242187,4479492,2026-10-06T04:58:05.082445+00:00,215705103858146,69,-67,-12,-168,-2930,2994,2.415,-2.345,-0.42,-0.040992,-0.71492,0.730536
172476,1643251953,4489258,2026-10-06T04:58:05.083949+00:00,215705105362542,69,-65,-12,-170,-2923,2996,2.415,-2.275,-0.42,-0.04148,-0.713212,0.731024
172477,1643257812,4495117,2026-10-06T04:58:05.085184+00:00,215705106600782,62,-68,-16,-169,-2931,2995,2.17,-2.38,-0.56,-0.041236,-0.715164,0.73078
172478,1643267578,4504883,2026-10-06T04:58:05.122416+00:00,215705143829440,61,-67,-15,-167,-2938,2989,2.135,-2.345,-0.525,-0.040748,-0.716872,0.729316
172479,1643277343,4514648,2026-10-06T04:58:05.123411+00:00,215705144818085,67,-67,-13,-168,-2931,2994,2.345,-2.345,-0.455,-0.040992,-0.715164,0.730536
172480,1643287109,4524414,2026-10-06T04:58:05.124703+00:00,215705146122221,69,-66,-13,-167,-2921,3000,2.415,-2.31,-0.455,-0.040748,-0.712724,0.732
172481,1643297851,4535156,2026-10-06T04:58:05.125578+00:00,215705146994275,62,-68,-16,-171,-2926,2997,2.17,-2.38,-0.56,-0.041724,-0.713944,0.731268
172482,1643307617,4544922,2026-10-06T04:58:05.169817+00:00,215705191243479,59,-68,-16,-166,-2938,2993,2.065,-2.38,-0.56,-0.040504,-0.716872,0.730292
172483,1643317382,4554687,2026-10-06T04:58:05.171513+00:00,215705192928564,66,-66,-13,-166,-2932,2995,2.31,-2.31,-0.455,-0.040504,-0.715408,0.73078
172484,1643327148,4564453,2026-10-06T04:58:05.172543+00:00,215705193959029,70,-66,-13,-172,-2921,2994,2.45,-2.31,-0.455,-0.041968,-0.712724,0.730536
172485,1643337890,4575195,2026-10-06T04:58:05.173599+00:00,215705195030194,62,-67,-15,-168,-2923,2990,2.17,-2.345,-0.525,-0.040992,-0.713212,0.72956
172486,1643342773,4580078,2026-10-06T04:58:05.174346+00:00,215705195754039,60,-68,-17,-166,-2931,2995,2.1,-2.38,-0.595,-0.040504,-0.715164,0.73078
172487,1643352539,4589844,2026-10-06T04:58:05.211864+00:00,215705233270967,65,-67,-14,-167,-2934,2990,2.275,-2.345,-0.49,-0.040748,-0.715896,0.72956
172488,1643362304,4599609,2026-10-06T04:58:05.212440+00:00,215705233841070,70,-66,-12,-171,-2927,3000,2.45,-2.31,-0.42,-0.041724,-0.714188,0.732
172489,1643372070,4609375,2026-10-06T04:58:05.214759+00:00,215705236161017,63,-66,-15,-171,-2925,2992,2.205,-2.31,-0.525,-0.041724,-0.7137,0.730048
172490,1643382812,4620117,2026-10-06T04:58:05.215254+00:00,215705236655253,59,-68,-16,-167,-2936,2994,2.065,-2.38,-0.56,-0.040748,-0.716384,0.730536
172491,1643392578,4629883,2026-10-06T04:58:05.257738+00:00,215705279145338,65,-67,-14,-167,-2933,2990,2.275,-2.345,-0.49,-0.040748,-0.715652,0.72956
172492,1643402343,4639648,2026-10-06T04:58:05.258235+00:00,215705279635228,70,-66,-11,-168,-2922,3003,2.45,-2.31,-0.385,-0.040992,-0.712968,0.732732
172493,1643412109,4649414,2026-10-06T04:58:05.258900+00:00,215705280301249,64,-67,-14,-168,-2924,2994,2.24,-2.345,-0.49,-0.040992,-0.713456,0.730536
172494,1643422851,4660156,2026-10-06T04:58:05.259392+00:00,215705280791720,58,-67,-18,-165,-2937,2997,2.03,-2.345,-0.63,-0.04026,-0.716628,0.731268
172495,1643432617,4669922,2026-10-06T04:58:05.260258+00:00,215705281657704,63,-66,-16,-166,-2934,2991,2.205,-2.31,-0.56,-0.040504,-0.715896,0.729804
172496,1643442382,4679687,2026-10-06T04:58:05.348611+00:00,215705370069337,69,-66,-14,-172,-2927,2996,2.415,-2.31,-0.49,-0.041968,-0.714188,0.731024
172497,1643452148,4689453,2026-10-06T04:58:05.349767+00:00,215705371183613,66,-66,-14,-168,-2924,2988,2.31,-2.31,-0.49,-0.040992,-0.713456,0.729072
172498,1643462890,4700195,2026-10-06T04:58:05.351213+00:00,215705372628054,61,-67,-16,-168,-2933,2992,2.135,-2.345,-0.56,-0.040992,-0.715652,0.730048
172499,1643467773,4705078,2026-10-06T04:58:05.352311+00:00,215705373728986,63,-67,-15,-169,-2935,2993,2.205,-2.345,-0.525,-0.041236,-0.71614,0.730292
172500,1643477539,4714844,2026-10-06T04:58:05.353311+00:00,215705374717382,69,-65,-12,-166,-2927,3002,2.415,-2.275,-0.42,-0.040504,-0.714188,0.732488
172501,1643487304,4724609,2026-10-06T04:58:05.354334+00:00,215705375740418,67,-66,-12,-173,-2925,2994,2.345,-2.31,-0.42,-0.042212,-0.7137,0.730536
172502,1643497070,4734375,2026-10-06T04:58:05.355345+00:00,215705376751400,60,-67,-14,-166,-2935,2992,2.1,-2.345,-0.49,-0.040504,-0.71614,0.730048
172503,1643507812,4745117,2026-10-06T04:58:05.356495+00:00,215705377901038,63,-67,-15,-164,-2930,2989,2.205,-2.345,-0.525,-0.040016,-0.71492,0.729316
172504,1643517578,4754883,2026-10-06T04:58:05.357842+00:00,215705379259826,69,-66,-13,-171,-2929,2994,2.415,-2.31,-0.455,-0.041724,-0.714676,0.730536
172505,1643527343,4764648,2026-10-06T04:58:05.359070+00:00,215705380481810,67,-67,-13,-171,-2924,2992,2.345,-2.345,-0.455,-0.041724,-0.713456,0.730048
172506,1643537109,4774414,2026-10-06T04:58:05.393437+00:00,215705414859842,60,-68,-17,-169,-2930,2992,2.1,-2.38,-0.595,-0.041236,-0.71492,0.730048
172507,1643547851,4785156,2026-10-06T04:58:05.394712+00:00,215705416122034,62,-67,-16,-163,-2934,2993,2.17,-2.345,-0.56,-0.039772,-0.715896,0.730292
172508,1643552734,4790039,2026-10-06T04:58:05.395945+00:00,215705417359580,70,-66,-12,-172,-2927,2993,2.45,-2.31,-0.42,-0.041968,-0.714188,0.730292
172509,1643562500,4799805,2026-10-06T04:58:05.397259+00:00,215705418684871,68,-66,-12,-172,-2919,2995,2.38,-2.31,-0.42,-0.041968,-0.712236,0.73078
172510,1643572265,4809570,2026-10-06T04:58:05.398530+00:00,215705419948280,62,-68,-16,-170,-2929,2996,2.17,-2.38,-0.56,-0.04148,-0.714676,0.731024
172511,1643582031,4819336,2026-10-06T04:58:05.437752+00:00,215705459159143,60,-67,-16,-167,-2931,2991,2.1,-2.345,-0.56,-0.040748,-0.715164,0.729804
172512,1643592773,4830078,2026-10-06T04:58:05.438240+00:00,215705459639804,67,-66,-13,-168,-2930,2994,2.345,-2.31,-0.455,-0.040992,-0.71492,0.730536
172513,1643602539,4839844,2026-10-06T04:58:05.438826+00:00,215705460226067,69,-67,-12,-167,-2922,2991,2.415,-2.345,-0.42,-0.040748,-0.712968,0.729804
172514,1643612304,4849609,2026-10-06T04:58:05.439386+00:00,215705460781414,62,-68,-15,-166,-2930,2993,2.17,-2.38,-0.525,-0.040504,-0.71492,0.730292
172515,1643622070,4859375,2026-10-06T04:58:05.482868+00:00,215705504275410,61,-67,-15,-167,-2937,2991,2.135,-2.345,-0.525,-0.040748,-0.716628,0.729804
172516,1643632812,4870117,2026-10-06T04:58:05.483396+00:00,215705504798625,67,-67,-14,-169,-2937,2995,2.345,-2.345,-0.49,-0.041236,-0.716628,0.73078
172517,1643642578,4879883,2026-10-06T04:58:05.484089+00:00,215705505489465,67,-66,-11,-171,-2922,2997,2.345,-2.31,-0.385,-0.041724,-0.712968,0.731268
172518,1643652343,4889648,2026-10-06T04:58:05.484731+00:00,215705506129267,63,-68,-15,-167,-2924,3002,2.205,-2.38,-0.525,-0.040748,-0.713456,0.732488
172519,1643657226,4894531,2026-10-06T04:58:05.485236+00:00,215705506633620,60,-68,-15,-169,-2936,2991,2.1,-2.38,-0.525,-0.041236,-0.716384,0.729804
172520,1643666992,4904297,2026-10-06T04:58:05.528338+00:00,215705549759571,66,-67,-14,-167,-2936,2994,2.31,-2.345,-0.49,-0.040748,-0.716384,0.730536
172521,1643677734,4915039,2026-10-06T04:58:05.529514+00:00,215705550927783,68,-67,-12,-172,-2922,2994,2.38,-2.345,-0.42,-0.041968,-0.712968,0.730536
172522,1643687500,4924805,2026-10-06T04:58:05.530701+00:00,215705552111646,64,-66,-14,-167,-2928,2996,2.24,-2.31,-0.49,-0.040748,-0.714432,0.731024
172523,1643697265,4934570,2026-10-06T04:58:05.531656+00:00,215705553067962,60,-67,-17,-167,-2934,2990,2.1,-2.345,-0.595,-0.040748,-0.715896,0.72956
172524,1643707031,4944336,2026-10-06T04:58:05.532615+00:00,215705554053444,65,-67,-13,-167,-2937,2996,2.275,-2.345,-0.455,-0.040748,-0.716628,0.731024
172525,1643717773,4955078,2026-10-06T04:58:05.573333+00:00,215705594750691,70,-66,-11,-171,-2924,2997,2.45,-2.31,-0.385,-0.041724,-0.713456,0.731268
172526,1643727539,4964844,2026-10-06T04:58:05.574256+00:00,215705595667559,65,-66,-13,-169,-2927,2996,2.275,-2.31,-0.455,-0.041236,-0.714188,0.731024
172527,1643737304,4974609,2026-10-06T04:58:05.575118+00:00,215705596529345,59,-67,-16,-166,-2938,2993,2.065,-2.345,-0.56,-0.040504,-0.716872,0.730292
172528,1643747070,4984375,2026-10-06T04:58:05.576106+00:00,215705597517201,64,-67,-14,-172,-2935,2989,2.24,-2.345,-0.49,-0.041968,-0.71614,0.729316
172529,1643757812,4995117,2026-10-06T04:58:05.618416+00:00,215705639836177,70,-66,-11,-170,-2925,2999,2.45,-2.31,-0.385,-0.04148,-0.7137,0.731756
172530,1643762695,5000000,2026-10-06T04:58:05.619361+00:00,215705640771598,66,-67,-15,-169,-2923,2995,2.31,-2.345,-0.525,-0.041236,-0.713212,0.73078
172531,1643772460,5009765,2026-10-06T04:58:05.620355+00:00,215705641768938,60,-68,-16,-164,-2934,2994,2.1,-2.38,-0.56,-0.040016,-0.715896,0.730536
172532,1643782226,5019531,2026-10-06T04:58:05.621318+00:00,215705642731244,65,-67,-13,-168,-2935,2991,2.275,-2.345,-0.455,-0.040992,-0.71614,0.729804
172533,1643791992,5029297,2026-10-06T04:58:05.622315+00:00,215705643729299,69,-66,-12,-173,-2927,2993,2.415,-2.31,-0.42,-0.042212,-0.714188,0.730292
172534,1643802734,5040039,2026-10-06T04:58:05.662482+00:00,215705683880574,66,-66,-14,-174,-2923,2995,2.31,-2.31,-0.49,-0.042456,-0.713212,0.73078
172535,1643812500,5049805,2026-10-06T04:58:05.662883+00:00,215705684274840,60,-67,-17,-168,-2936,2992,2.1,-2.345,-0.595,-0.040992,-0.716384,0.730048
172536,1643822265,5059570,2026-10-06T04:58:05.663145+00:00,215705684536027,64,-68,-15,-165,-2936,2994,2.24,-2.38,-0.525,-0.04026,-0.716384,0.730536
172537,1643832031,5069336,2026-10-06T04:58:05.664120+00:00,215705685508938,70,-66,-13,-169,-2926,2993,2.45,-2.31,-0.455,-0.041236,-0.713944,0.730292
172538,1643842773,5080078,2026-10-06T04:58:05.707359+00:00,215705728756000,67,-67,-15,-174,-2921,2995,2.345,-2.345,-0.525,-0.042456,-0.712724,0.73078
172539,1643847656,5084961,2026-10-06T04:58:05.707494+00:00,215705728882086,59,-69,-18,-171,-2933,2995,2.065,-2.415,-0.63,-0.041724,-0.715652,0.73078
172540,1643857421,5094726,2026-10-06T04:58:05.707762+00:00,215705729149144,59,-68,-15,-166,-2941,2995,2.065,-2.38,-0.525,-0.040504,-0.717604,0.73078
172541,1643867187,5104492,2026-10-06T04:58:05.710008+00:00,215705731397048,69,-65,-11,-169,-2928,2991,2.415,-2.275,-0.385,-0.041236,-0.714432,0.729804
172542,1643876953,5114258,2026-10-06T04:58:05.710316+00:00,215705731705120,68,-65,-11,-174,-2917,2994,2.38,-2.275,-0.385,-0.042456,-0.711748,0.730536
172543,1643887695,5125000,2026-10-06T04:58:05.710660+00:00,215705732048802,60,-68,-16,-167,-2930,2999,2.1,-2.38,-0.56,-0.040748,-0.71492,0.731756
172544,1643897460,5134765,2026-10-06T04:58:05.752303+00:00,215705773696347,60,-68,-17,-166,-2940,2995,2.1,-2.38,-0.595,-0.040504,-0.71736,0.73078
172545,1643907226,5144531,2026-10-06T04:58:05.752473+00:00,215705773861806,68,-67,-12,-170,-2932,2996,2.38,-2.345,-0.42,-0.04148,-0.715408,0.731024
172546,1643916992,5154297,2026-10-06T04:58:05.752764+00:00,215705774153997,68,-66,-12,-170,-2924,2998,2.38,-2.31,-0.42,-0.04148,-0.713456,0.731512
172547,1643927734,5165039,2026-10-06T04:58:05.754987+00:00,215705776394782,61,-68,-15,-167,-2929,2995,2.135,-2.38,-0.525,-0.040748,-0.714676,0.73078
172548,1643937500,5174805,2026-10-06T04:58:05.798494+00:00,215705819917077,62,-68,-15,-163,-2944,2991,2.17,-2.38,-0.525,-0.039772,-0.718336,0.729804
172549,1643947265,5184570,2026-10-06T04:58:05.799531+00:00,215705820952563,68,-66,-12,-169,-2930,2992,2.38,-2.31,-0.42,-0.041236,-0.71492,0.730048
172550,1643957031,5194336,2026-10-06T04:58:05.800856+00:00,215705822281839,70,-66,-12,-174,-2923,2998,2.45,-2.31,-0.42,-0.042456,-0.713212,0.731512
172551,1643962890,5200195,2026-10-06T04:58:05.802653+00:00,215705824071533,61,-68,-16,-167,-2929,2997,2.135,-2.38,-0.56,-0.040748,-0.714676,0.731268
172552,1643972656,5209961,2026-10-06T04:58:05.804239+00:00,215705825655629,60,-67,-17,-162,-2937,2991,2.1,-2.345,-0.595,-0.039528,-0.716628,0.729804
172553,1643982421,5219726,2026-10-06T04:58:05.844284+00:00,215705865696956,68,-66,-12,-165,-2930,2994,2.38,-2.31,-0.42,-0.04026,-0.71492,0.730536
172554,1643992187,5229492,2026-10-06T04:58:05.845237+00:00,215705866644969,69,-65,-13,-174,-2921,2999,2.415,-2.275,-0.455,-0.042456,-0.712724,0.731756
172555,1644001953,5239258,2026-10-06T04:58:05.846035+00:00,215705867441398,61,-68,-16,-167,-2922,2997,2.135,-2.38,-0.56,-0.040748,-0.712968,0.731268
172556,1644012695,5250000,2026-10-06T04:58:05.846759+00:00,215705868167526,58,-69,-17,-167,-2937,2995,2.03,-2.415,-0.595,-0.040748,-0.716628,0.73078
172557,1644022460,5259765,2026-10-06T04:58:05.847428+00:00,215705868834005,65,-67,-13,-169,-2935,2992,2.275,-2.345,-0.455,-0.041236,-0.71614,0.730048
172558,1644032226,5269531,2026-10-06T04:58:05.888261+00:00,215705909656702,71,-66,-11,-171,-2924,2994,2.485,-2.31,-0.385,-0.041724,-0.713456,0.730536
172559,1644041992,5279297,2026-10-06T04:58:05.888481+00:00,215705909871850,65,-67,-14,-170,-2926,2996,2.275,-2.345,-0.49,-0.04148,-0.713944,0.731024
172560,1644047851,5285156,2026-10-06T04:58:05.888767+00:00,215705910157464,59,-68,-17,-160,-2938,2994,2.065,-2.38,-0.595,-0.03904,-0.716872,0.730536
172561,1644057617,5294922,2026-10-06T04:58:05.888977+00:00,215705910367606,64,-67,-16,-168,-2934,2992,2.24,-2.345,-0.56,-0.040992,-0.715896,0.730048
172562,1644067382,5304687,2026-10-06T04:58:05.889190+00:00,215705910578114,70,-67,-13,-171,-2925,2993,2.45,-2.345,-0.455,-0.041724,-0.7137,0.730292
172563,1644077148,5314453,2026-10-06T04:58:05.932270+00:00,215705953664982,64,-67,-14,-171,-2926,2993,2.24,-2.345,-0.49,-0.041724,-0.713944,0.730292
172564,1644087890,5325195,2026-10-06T04:58:05.932495+00:00,215705953884100,59,-67,-18,-164,-2939,2998,2.065,-2.345,-0.63,-0.040016,-0.717116,0.731512
172565,1644097656,5334961,2026-10-06T04:58:05.932758+00:00,215705954147078,64,-67,-14,-163,-2941,2989,2.24,-2.345,-0.49,-0.039772,-0.717604,0.729316
172566,1644107421,5344726,2026-10-06T04:58:05.933955+00:00,215705955341589,71,-66,-12,-171,-2922,2997,2.485,-2.31,-0.42,-0.041724,-0.712968,0.731268
172567,1644117187,5354492,2026-10-06T04:58:05.977253+00:00,215705998648625,67,-67,-14,-169,-2919,2994,2.345,-2.345,-0.49,-0.041236,-0.712236,0.730536
172568,1644126953,5364258,2026-10-06T04:58:05.977448+00:00,215705998836264,59,-67,-18,-164,-2937,2997,2.065,-2.345,-0.63,-0.040016,-0.716628,0.731268
172569,1644137695,5375000,2026-10-06T04:58:05.977713+00:00,215705999100266,61,-67,-16,-159,-2935,2990,2.135,-2.345,-0.56,-0.038796,-0.71614,0.72956
172570,1644147460,5384765,2026-10-06T04:58:05.979149+00:00,215706000536330,70,-65,-11,-170,-2923,2996,2.45,-2.275,-0.385,-0.04148,-0.713212,0.731024
172571,1644157226,5394531,2026-10-06T04:58:05.979410+00:00,215706000796760,67,-66,-12,-169,-2919,2994,2.345,-2.31,-0.42,-0.041236,-0.712236,0.730536
172572,1644162109,5399414,2026-10-06T04:58:06.023523+00:00,215706044926204,58,-68,-17,-169,-2936,2992,2.03,-2.38,-0.595,-0.041236,-0.716384,0.730048
172573,1644172851,5410156,2026-10-06T04:58:06.112699+00:00,215706134104196,60,-67,-17,-167,-2939,2992,2.1,-2.345,-0.595,-0.040748,-0.717116,0.730048
172574,1644182617,5419922,2026-10-06T04:58:06.113205+00:00,215706134601554,69,-66,-13,-166,-2926,2997,2.415,-2.31,-0.455,-0.040504,-0.713944,0.731268
172575,1644192382,5429687,2026-10-06T04:58:06.113693+00:00,215706135085313,67,-67,-12,-172,-2923,3002,2.345,-2.345,-0.42,-0.041968,-0.713212,0.732488
172576,1644202148,5439453,2026-10-06T04:58:06.115375+00:00,215706136769111,61,-67,-15,-169,-2932,2994,2.135,-2.345,-0.525,-0.041236,-0.715408,0.730536
172577,1644212890,5450195,2026-10-06T04:58:06.115918+00:00,215706137317448,59,-68,-15,-164,-2941,2991,2.065,-2.38,-0.525,-0.040016,-0.717604,0.729804
172578,1644222656,5459961,2026-10-06T04:58:06.116451+00:00,215706137849456,68,-66,-12,-167,-2926,2993,2.38,-2.31,-0.42,-0.040748,-0.713944,0.730292
172579,1644232421,5469726,2026-10-06T04:58:06.117098+00:00,215706138497584,69,-67,-12,-172,-2921,3000,2.415,-2.345,-0.42,-0.041968,-0.712724,0.732
172580,1644242187,5479492,2026-10-06T04:58:06.117641+00:00,215706139039465,61,-67,-15,-168,-2930,2994,2.135,-2.345,-0.525,-0.040992,-0.71492,0.730536
172581,1644251953,5489258,2026-10-06T04:58:06.118480+00:00,215706139877775,59,-67,-16,-165,-2938,2991,2.065,-2.345,-0.56,-0.04026,-0.716872,0.729804
172582,1644257812,5495117,2026-10-06T04:58:06.119316+00:00,215706140714868,67,-66,-12,-164,-2931,2993,2.345,-2.31,-0.42,-0.040016,-0.715164,0.730292
172583,1644267578,5504883,2026-10-06T04:58:06.119873+00:00,215706141269439,69,-66,-12,-171,-2922,2994,2.415,-2.31,-0.42,-0.041724,-0.712968,0.730536
172584,1644277343,5514648,2026-10-06T04:58:06.120402+00:00,215706141798284,63,-68,-14,-169,-2924,2991,2.205,-2.38,-0.49,-0.041236,-0.713456,0.729804
172585,1644287109,5524414,2026-10-06T04:58:06.120916+00:00,215706142313233,59,-69,-16,-168,-2939,2991,2.065,-2.415,-0.56,-0.040992,-0.717116,0.729804
172586,1644297851,5535156,2026-10-06T04:58:06.122389+00:00,215706143787038,66,-67,-13,-169,-2933,2994,2.31,-2.345,-0.455,-0.041236,-0.715652,0.730536
172587,1644307617,5544922,2026-10-06T04:58:06.159189+00:00,215706180604931,69,-66,-12,-170,-2925,2993,2.415,-2.31,-0.42,-0.04148,-0.7137,0.730292
172588,1644317382,5554687,2026-10-06T04:58:06.160123+00:00,215706181532414,63,-68,-15,-166,-2926,2995,2.205,-2.38,-0.525,-0.040504,-0.713944,0.73078
172589,1644327148,5564453,2026-10-06T04:58:06.161413+00:00,215706182820139,59,-67,-17,-169,-2937,2992,2.065,-2.345,-0.595,-0.041236,-0.716628,0.730048
172590,1644337890,5575195,2026-10-06T04:58:06.203066+00:00,215706224485466,66,-67,-13,-168,-2932,2991,2.31,-2.345,-0.455,-0.040992,-0.715408,0.729804
172591,1644347656,5584961,2026-10-06T04:58:06.204013+00:00,215706225423031,70,-66,-12,-171,-2923,2995,2.45,-2.31,-0.42,-0.041724,-0.713212,0.73078
172592,1644352539,5589844,2026-10-06T04:58:06.204795+00:00,215706226200996,63,-67,-15,-172,-2925,2996,2.205,-2.345,-0.525,-0.041968,-0.7137,0.731024
172593,1644362304,5599609,2026-10-06T04:58:06.205554+00:00,215706226963052,61,-68,-17,-166,-2937,2998,2.135,-2.38,-0.595,-0.040504,-0.716628,0.731512
172594,1644372070,5609375,2026-10-06T04:58:06.206483+00:00,215706227892758,67,-66,-15,-164,-2935,2999,2.345,-2.31,-0.525,-0.040016,-0.71614,0.731756
172595,1644382812,5620117,2026-10-06T04:58:06.207252+00:00,215706228659892,71,-66,-12,-172,-2923,2994,2.485,-2.31,-0.42,-0.041968,-0.713212,0.730536
172596,1644392578,5629883,2026-10-06T04:58:06.249098+00:00,215706270510625,64,-68,-15,-168,-2923,2992,2.24,-2.38,-0.525,-0.040992,-0.713212,0.730048
172597,1644402343,5639648,2026-10-06T04:58:06.249993+00:00,215706271395515,58,-68,-18,-165,-2939,2987,2.03,-2.38,-0.63,-0.04026,-0.717116,0.728828
172598,1644412109,5649414,2026-10-06T04:58:06.250907+00:00,215706272311440,63,-68,-16,-167,-2940,2992,2.205,-2.38,-0.56,-0.040748,-0.71736,0.730048
172599,1644422851,5660156,2026-10-06T04:58:06.251983+00:00,215706273389555,70,-66,-12,-174,-2926,2997,2.45,-2.31,-0.42,-0.042456,-0.713944,0.731268
172600,1644432617,5669922,2026-10-06T04:58:06.292647+00:00,215706314050235,65,-67,-13,-169,-2924,2995,2.275,-2.345,-0.455,-0.041236,-0.713456,0.73078
172601,1644442382,5679687,2026-10-06T04:58:06.293103+00:00,215706314499268,58,-68,-17,-167,-2933,2991,2.03,-2.38,-0.595,-0.040748,-0.715652,0.729804
172602,1644452148,5689453,2026-10-06T04:58:06.293552+00:00,215706314948746,63,-67,-14,-162,-2936,2996,2.205,-2.345,-0.49,-0.039528,-0.716384,0.731024
172603,1644462890,5700195,2026-10-06T04:58:06.296176+00:00,215706317575657,70,-66,-11,-169,-2925,2994,2.45,-2.31,-0.385,-0.041236,-0.7137,0.730536
172604,1644467773,5705078,2026-10-06T04:58:06.296694+00:00,215706318091799,67,-67,-14,-169,-2922,3003,2.345,-2.345,-0.49,-0.041236,-0.712968,0.732732
172605,1644477539,5714844,2026-10-06T04:58:06.338399+00:00,215706359821227,59,-68,-16,-163,-2935,2996,2.065,-2.38,-0.56,-0.039772,-0.71614,0.731024
172606,1644487304,5724609,2026-10-06T04:58:06.339545+00:00,215706360959647,61,-68,-15,-163,-2940,2995,2.135,-2.38,-0.525,-0.039772,-0.71736,0.73078
172607,1644497070,5734375,2026-10-06T04:58:06.340685+00:00,215706362096189,69,-65,-12,-165,-2925,2992,2.415,-2.275,-0.42,-0.04026,-0.7137,0.730048
172608,1644507812,5745117,2026-10-06T04:58:06.342548+00:00,215706363966469,68,-66,-13,-173,-2920,2997,2.38,-2.31,-0.455,-0.042212,-0.71248,0.731268
172609,1644517578,5754883,2026-10-06T04:58:06.343611+00:00,215706365053787,61,-67,-16,-168,-2933,2991,2.135,-2.345,-0.56,-0.040992,-0.715652,0.729804
172610,1644527343,5764648,2026-10-06T04:58:06.384421+00:00,215706405842714,61,-68,-15,-168,-2938,2993,2.135,-2.38,-0.525,-0.040992,-0.716872,0.730292
172611,1644537109,5774414,2026-10-06T04:58:06.386034+00:00,215706407449595,68,-66,-13,-168,-2929,2997,2.38,-2.31,-0.455,-0.040992,-0.714676,0.731268
172612,1644547851,5785156,2026-10-06T04:58:06.387092+00:00,215706408506494,67,-66,-14,-166,-2923,2993,2.345,-2.31,-0.49,-0.040504,-0.713212,0.730292
172613,1644552734,5790039,2026-10-06T04:58:06.388212+00:00,215706409625464,61,-67,-15,-163,-2930,2993,2.135,-2.345,-0.525,-0.039772,-0.71492,0.730292
172614,1644562500,5799805,2026-10-06T04:58:06.389344+00:00,215706410756922,61,-67,-16,-167,-2941,2992,2.135,-2.345,-0.56,-0.040748,-0.717604,0.730048
172615,1644572265,5809570,2026-10-06T04:58:06.428554+00:00,215706449953634,67,-66,-13,-168,-2932,2995,2.345,-2.31,-0.455,-0.040992,-0.715408,0.73078
172616,1644582031,5819336,2026-10-06T04:58:06.428932+00:00,215706450325631,68,-66,-14,-172,-2927,2996,2.38,-2.31,-0.49,-0.041968,-0.714188,0.731024
172617,1644592773,5830078,2026-10-06T04:58:06.429249+00:00,215706450641982,60,-68,-16,-169,-2929,2995,2.1,-2.38,-0.56,-0.041236,-0.714676,0.73078
172618,1644602539,5839844,2026-10-06T04:58:06.429653+00:00,215706451045634,61,-67,-16,-168,-2938,2996,2.135,-2.345,-0.56,-0.040992,-0.716872,0.731024
172619,1644612304,5849609,2026-10-06T04:58:06.472472+00:00,215706493870472,68,-65,-13,-172,-2927,2988,2.38,-2.275,-0.455,-0.041968,-0.714188,0.729072
172620,1644622070,5859375,2026-10-06T04:58:06.472846+00:00,215706494239020,69,-65,-12,-169,-2918,2999,2.415,-2.275,-0.42,-0.041236,-0.711992,0.731756
172621,1644632812,5870117,2026-10-06T04:58:06.473170+00:00,215706494563066,59,-68,-18,-167,-2928,2995,2.065,-2.38,-0.63,-0.040748,-0.714432,0.73078
172622,1644642578,5879883,2026-10-06T04:58:06.474264+00:00,215706495656838,58,-69,-17,-168,-2938,2990,2.03,-2.415,-0.595,-0.040992,-0.716872,0.72956
172623,1644652343,5889648,2026-10-06T04:58:06.474742+00:00,215706496135143,68,-67,-13,-168,-2932,2991,2.38,-2.345,-0.455,-0.040992,-0.715408,0.729804
172624,1644657226,5894531,2026-10-06T04:58:06.518024+00:00,215706539429956,71,-66,-11,-171,-2920,2998,2.485,-2.31,-0.385,-0.041724,-0.71248,0.731512
172625,1644666992,5904297,2026-10-06T04:58:06.518763+00:00,215706540169313,63,-68,-14,-174,-2921,2997,2.205,-2.38,-0.49,-0.042456,-0.712724,0.731268
172626,1644677734,5915039,2026-10-06T04:58:06.519533+00:00,215706540939835,57,-69,-19,-167,-2937,2988,1.995,-2.415,-0.665,-0.040748,-0.716628,0.729072
172627,1644687500,5924805,2026-10-06T04:58:06.520779+00:00,215706542188043,64,-67,-15,-167,-2937,2997,2.24,-2.345,-0.525,-0.040748,-0.716628,0.731268
172628,1644697265,5934570,2026-10-06T04:58:06.521528+00:00,215706542936286,71,-66,-11,-170,-2920,2995,2.485,-2.31,-0.385,-0.04148,-0.71248,0.73078
172629,1644707031,5944336,2026-10-06T04:58:06.562472+00:00,215706583872933,66,-67,-12,-172,-2920,3001,2.31,-2.345,-0.42,-0.041968,-0.71248,0.732244
172630,1644717773,5955078,2026-10-06T04:58:06.562848+00:00,215706584242094,59,-67,-16,-168,-2933,2993,2.065,-2.345,-0.56,-0.040992,-0.715652,0.730292
172631,1644727539,5964844,2026-10-06T04:58:06.563204+00:00,215706584595343,64,-67,-14,-159,-2934,2990,2.24,-2.345,-0.49,-0.038796,-0.715896,0.72956
172632,1644737304,5974609,2026-10-06T04:58:06.564234+00:00,215706585625961,68,-67,-13,-173,-2926,2993,2.38,-2.345,-0.455,-0.042212,-0.713944,0.730292
172633,1644747070,5984375,2026-10-06T04:58:06.607228+00:00,215706628624085,65,-66,-15,-167,-2918,3000,2.275,-2.31,-0.525,-0.040748,-0.711992,0.732
172634,1644757812,5995117,2026-10-06T04:58:06.653748+00:00,215706675160335,59,-69,-17,-170,-2935,2992,2.065,-2.415,-0.595,-0.04148,-0.71614,0.730048
172635,1644762695,6000000,2026-10-06T04:58:06.654361+00:00,215706675763804,64,-66,-16,-162,-2936,2991,2.24,-2.31,-0.56,-0.039528,-0.716384,0.729804
172636,1644772460,6009765,2026-10-06T04:58:06.655098+00:00,215706676499569,69,-65,-11,-167,-2928,2996,2.415,-2.275,-0.385,-0.040748,-0.714432,0.731024
172637,1644782226,6019531,2026-10-06T04:58:06.655788+00:00,215706677188951,67,-66,-13,-166,-2924,2996,2.345,-2.31,-0.455,-0.040504,-0.713456,0.731024
172638,1644791992,6029297,2026-10-06T04:58:06.656423+00:00,215706677821987,59,-68,-16,-168,-2933,2993,2.065,-2.38,-0.56,-0.040992,-0.715652,0.730292
172639,1644802734,6040039,2026-10-06T04:58:06.657126+00:00,215706678527025,62,-68,-16,-162,-2936,2991,2.17,-2.38,-0.56,-0.039528,-0.716384,0.729804
172640,1644812500,6049805,2026-10-06T04:58:06.657754+00:00,215706679154334,68,-67,-14,-168,-2930,2994,2.38,-2.345,-0.49,-0.040992,-0.71492,0.730536
172641,1644822265,6059570,2026-10-06T04:58:06.658358+00:00,215706679757779,68,-67,-14,-163,-2921,2996,2.38,-2.345,-0.49,-0.039772,-0.712724,0.731024
172642,1644832031,6069336,2026-10-06T04:58:06.658959+00:00,215706680358654,60,-67,-16,-167,-2930,2993,2.1,-2.345,-0.56,-0.040748,-0.71492,0.730292
172643,1644842773,6080078,2026-10-06T04:58:06.698000+00:00,215706719410333,62,-67,-16,-169,-2938,2995,2.17,-2.345,-0.56,-0.041236,-0.716872,0.73078
172644,1644847656,6084961,2026-10-06T04:58:06.698616+00:00,215706720049862,69,-66,-13,-171,-2928,2999,2.415,-2.31,-0.455,-0.041724,-0.714432,0.731756
172645,1644857421,6094726,2026-10-06T04:58:06.699336+00:00,215706720736944,67,-66,-13,-169,-2920,3000,2.345,-2.31,-0.455,-0.041236,-0.71248,0.732
172646,1644867187,6104492,2026-10-06T04:58:06.700042+00:00,215706721444772,60,-66,-17,-168,-2931,2997,2.1,-2.31,-0.595,-0.040992,-0.715164,0.731268
172647,1644876953,6114258,2026-10-06T04:58:06.700931+00:00,215706722332725,61,-67,-15,-166,-2939,2990,2.135,-2.345,-0.525,-0.040504,-0.717116,0.72956
172648,1644887695,6125000,2026-10-06T04:58:06.742936+00:00,215706764345469,69,-67,-13,-168,-2929,2996,2.415,-2.345,-0.455,-0.040992,-0.714676,0.731024
172649,1644897460,6134765,2026-10-06T04:58:06.743909+00:00,215706765312175,67,-67,-14,-169,-2924,2998,2.345,-2.345,-0.49,-0.041236,-0.713456,0.731512
172650,1644907226,6144531,2026-10-06T04:58:06.744665+00:00,215706766065759,59,-67,-17,-167,-2926,2998,2.065,-2.345,-0.595,-0.040748,-0.713944,0.731512
172651,1644916992,6154297,2026-10-06T04:58:06.745485+00:00,215706766888100,60,-68,-17,-163,-2943,2994,2.1,-2.38,-0.595,-0.039772,-0.718092,0.730536
172652,1644927734,6165039,2026-10-06T04:58:06.787868+00:00,215706809278386,69,-67,-13,-165,-2929,2998,2.415,-2.345,-0.455,-0.04026,-0.714676,0.731512
172653,1644937500,6174805,2026-10-06T04:58:06.788507+00:00,215706809908126,70,-65,-11,-169,-2919,2992,2.45,-2.275,-0.385,-0.041236,-0.712236,0.730048
172654,1644947265,6184570,2026-10-06T04:58:06.789266+00:00,215706810665823,62,-67,-15,-171,-2927,2995,2.17,-2.345,-0.525,-0.041724,-0.714188,0.73078
172655,1644957031,6194336,2026-10-06T04:58:06.790003+00:00,215706811403325,60,-67,-17,-168,-2937,2986,2.1,-2.345,-0.595,-0.040992,-0.716628,0.728584
172656,1644962890,6200195,2026-10-06T04:58:06.790677+00:00,215706812077518,66,-66,-13,-167,-2936,2994,2.31,-2.31,-0.455,-0.040748,-0.716384,0.730536
172657,1644972656,6209961,2026-10-06T04:58:06.833328+00:00,215706854738298,68,-67,-11,-172,-2922,2992,2.38,-2.345,-0.385,-0.041968,-0.712968,0.730048
172658,1644982421,6219726,2026-10-06T04:58:06.834166+00:00,215706855569294,63,-68,-14,-168,-2929,2994,2.205,-2.38,-0.49,-0.040992,-0.714676,0.730536
172659,1644992187,6229492,2026-10-06T04:58:06.835368+00:00,215706856766491,58,-67,-16,-168,-2936,2992,2.03,-2.345,-0.56,-0.040992,-0.716384,0.730048
172660,1645001953,6239258,2026-10-06T04:58:06.835989+00:00,215706857394836,66,-66,-14,-168,-2933,2993,2.31,-2.31,-0.49,-0.040992,-0.715652,0.730292
172661,1645012695,6250000,2026-10-06T04:58:06.877715+00:00,215706899121260,69,-66,-12,-177,-2921,2991,2.415,-2.31,-0.42,-0.043188,-0.712724,0.729804
172662,1645022460,6259765,2026-10-06T04:58:06.878207+00:00,215706899605407,64,-67,-16,-168,-2925,2994,2.24,-2.345,-0.56,-0.040992,-0.7137,0.730536
172663,1645032226,6269531,2026-10-06T04:58:06.878888+00:00,215706900286313,58,-68,-16,-167,-2936,2989,2.03,-2.38,-0.56,-0.040748,-0.716384,0.729316
172664,1645041992,6279297,2026-10-06T04:58:06.880406+00:00,215706901804741,63,-67,-14,-169,-2932,2990,2.205,-2.345,-0.49,-0.041236,-0.715408,0.72956
172665,1645047851,6285156,2026-10-06T04:58:06.880935+00:00,215706902333879,69,-66,-11,-169,-2922,2997,2.415,-2.31,-0.385,-0.041236,-0.712968,0.731268
172666,1645057617,6294922,2026-10-06T04:58:06.881536+00:00,215706902929988,65,-68,-14,-168,-2923,2998,2.275,-2.38,-0.49,-0.040992,-0.713212,0.731512
172667,1645067382,6304687,2026-10-06T04:58:06.923785+00:00,215706945193250,59,-67,-17,-165,-2938,2996,2.065,-2.345,-0.595,-0.04026,-0.716872,0.731024
172668,1645077148,6314453,2026-10-06T04:58:06.924414+00:00,215706945815778,65,-67,-13,-165,-2940,2992,2.275,-2.345,-0.455,-0.04026,-0.71736,0.730048
172669,1645087890,6325195,2026-10-06T04:58:06.925134+00:00,215706946536147,71,-66,-10,-171,-2927,2993,2.485,-2.31,-0.35,-0.041724,-0.714188,0.730292
172670,1645097656,6334961,2026-10-06T04:58:06.925905+00:00,215706947306883,66,-67,-14,-169,-2921,2995,2.31,-2.345,-0.49,-0.041236,-0.712724,0.73078
172671,1645107421,6344726,2026-10-06T04:58:06.968231+00:00,215706989647279,58,-68,-17,-170,-2937,2994,2.03,-2.38,-0.595,-0.04148,-0.716628,0.730536
172672,1645117187,6354492,2026-10-06T04:58:06.969284+00:00,215706990691979,63,-67,-14,-166,-2936,2991,2.205,-2.345,-0.49,-0.040504,-0.716384,0.729804
172673,1645126953,6364258,2026-10-06T04:58:06.970214+00:00,215706991622669,72,-65,-11,-163,-2926,2998,2.52,-2.275,-0.385,-0.039772,-0.713944,0.731512
172674,1645137695,6375000,2026-10-06T04:58:06.971330+00:00,215706992739828,68,-66,-12,-170,-2927,2998,2.38,-2.31,-0.42,-0.04148,-0.714188,0.731512
172675,1645147460,6384765,2026-10-06T04:58:06.972177+00:00,215706993577798,60,-68,-17,-167,-2933,3000,2.1,-2.38,-0.595,-0.040748,-0.715652,0.732
172676,1645157226,6394531,2026-10-06T04:58:07.013173+00:00,215707034587197,60,-67,-15,-168,-2941,2988,2.1,-2.345,-0.525,-0.040992,-0.717604,0.729072
172677,1645162109,6399414,2026-10-06T04:58:07.014041+00:00,215707035449345,70,-66,-11,-167,-2927,2995,2.45,-2.31,-0.385,-0.040748,-0.714188,0.73078
172678,1645172851,6410156,2026-10-06T04:58:07.014973+00:00,215707036381568,68,-66,-12,-172,-2923,2995,2.38,-2.31,-0.42,-0.041968,-0.713212,0.73078
172679,1645182617,6419922,2026-10-06T04:58:07.015825+00:00,215707037233647,60,-68,-16,-170,-2931,2992,2.1,-2.38,-0.56,-0.04148,-0.715164,0.730048
172680,1645192382,6429687,2026-10-06T04:58:07.016862+00:00,215707038271625,60,-67,-16,-167,-2938,2988,2.1,-2.345,-0.56,-0.040748,-0.716872,0.729072
172681,1645202148,6439453,2026-10-06T04:58:07.057701+00:00,215707079107549,69,-65,-13,-166,-2929,2993,2.415,-2.275,-0.455,-0.040504,-0.714676,0.730292
172682,1645212890,6450195,2026-10-06T04:58:07.103752+00:00,215707125158790,69,-65,-13,-167,-2920,2995,2.415,-2.275,-0.455,-0.040748,-0.71248,0.73078
172683,1645222656,6459961,2026-10-06T04:58:07.104291+00:00,215707125689484,61,-67,-15,-173,-2930,3000,2.135,-2.345,-0.525,-0.042212,-0.71492,0.732
172684,1645232421,6469726,2026-10-06T04:58:07.104986+00:00,215707126383987,60,-67,-16,-166,-2938,2997,2.1,-2.345,-0.56,-0.040504,-0.716872,0.731268
172685,1645242187,6479492,2026-10-06T04:58:07.105561+00:00,215707126958054,68,-66,-13,-167,-2930,2998,2.38,-2.31,-0.455,-0.040748,-0.71492,0.731512
172686,1645251953,6489258,2026-10-06T04:58:07.106116+00:00,215707127513918,70,-65,-12,-171,-2921,2996,2.45,-2.275,-0.42,-0.041724,-0.712724,0.731024
172687,1645257812,6495117,2026-10-06T04:58:07.106722+00:00,215707128118662,62,-68,-15,-169,-2930,2988,2.17,-2.38,-0.525,-0.041236,-0.71492,0.729072
172688,1645267578,6504883,2026-10-06T04:58:07.107258+00:00,215707128655547,60,-67,-17,-165,-2937,2989,2.1,-2.345,-0.595,-0.04026,-0.716628,0.729316
172689,1645277343,6514648,2026-10-06T04:58:07.107911+00:00,215707129305801,67,-66,-13,-168,-2929,2995,2.345,-2.31,-0.455,-0.040992,-0.714676,0.73078
172690,1645287109,6524414,2026-10-06T04:58:07.147729+00:00,215707169136028,68,-68,-13,-170,-2924,2994,2.38,-2.38,-0.455,-0.04148,-0.713456,0.730536
172691,1645297851,6535156,2026-10-06T04:58:07.148272+00:00,215707169670723,61,-68,-15,-172,-2926,2992,2.135,-2.38,-0.525,-0.041968,-0.713944,0.730048
172692,1645307617,6544922,2026-10-06T04:58:07.148945+00:00,215707170339050,60,-67,-17,-164,-2936,2990,2.1,-2.345,-0.595,-0.040016,-0.716384,0.72956
172693,1645317382,6554687,2026-10-06T04:58:07.150486+00:00,215707171886484,67,-65,-13,-168,-2933,2990,2.345,-2.275,-0.455,-0.040992,-0.715652,0.72956
172694,1645327148,6564453,2026-10-06T04:58:07.151076+00:00,215707172470759,71,-66,-12,-172,-2917,2994,2.485,-2.31,-0.42,-0.041968,-0.711748,0.730536
172695,1645337890,6575195,2026-10-06T04:58:07.192702+00:00,215707214103676,64,-68,-15,-170,-2925,2991,2.24,-2.38,-0.525,-0.04148,-0.7137,0.729804
172696,1645347656,6584961,2026-10-06T04:58:07.238249+00:00,215707259668429,59,-68,-17,-163,-2937,2994,2.065,-2.38,-0.595,-0.039772,-0.716628,0.730536
172697,1645352539,6589844,2026-10-06T04:58:07.239295+00:00,215707260711522,64,-66,-13,-170,-2939,2997,2.24,-2.31,-0.455,-0.04148,-0.717116,0.731268
172698,1645362304,6599609,2026-10-06T04:58:07.240526+00:00,215707261941687,71,-66,-11,-165,-2925,2996,2.485,-2.31,-0.385,-0.04026,-0.7137,0.731024
172699,1645372070,6609375,2026-10-06T04:58:07.241682+00:00,215707263097108,66,-67,-14,-171,-2923,2991,2.31,-2.345,-0.49,-0.041724,-0.713212,0.729804
172700,1645382812,6620117,2026-10-06T04:58:07.242689+00:00,215707264099898,59,-67,-16,-164,-2935,2994,2.065,-2.345,-0.56,-0.040016,-0.71614,0.730536
172701,1645392578,6629883,2026-10-06T04:58:07.243802+00:00,215707265213044,64,-67,-14,-165,-2936,2994,2.24,-2.345,-0.49,-0.04026,-0.716384,0.730536
172702,1645402343,6639648,2026-10-06T04:58:07.245087+00:00,215707266502234,69,-67,-13,-168,-2928,2995,2.415,-2.345,-0.455,-0.040992,-0.714432,0.73078
172703,1645412109,6649414,2026-10-06T04:58:07.246162+00:00,215707267576467,64,-68,-15,-170,-2928,2997,2.24,-2.38,-0.525,-0.04148,-0.714432,0.731268
172704,1645422851,6660156,2026-10-06T04:58:07.283707+00:00,215707305112416,58,-69,-17,-169,-2938,2997,2.03,-2.415,-0.595,-0.041236,-0.716872,0.731268
172705,1645432617,6669922,2026-10-06T04:58:07.284349+00:00,215707305747711,63,-67,-15,-166,-2937,2998,2.205,-2.345,-0.525,-0.040504,-0.716628,0.731512
172706,1645442382,6679687,2026-10-06T04:58:07.284978+00:00,215707306377198,71,-67,-12,-166,-2923,2992,2.485,-2.345,-0.42,-0.040504,-0.713212,0.730048
172707,1645452148,6689453,2026-10-06T04:58:07.285499+00:00,215707306897878,67,-67,-14,-171,-2926,2995,2.345,-2.345,-0.49,-0.041724,-0.713944,0.73078
172708,1645462890,6700195,2026-10-06T04:58:07.327687+00:00,215707349091172,60,-68,-16,-166,-2938,3001,2.1,-2.38,-0.56,-0.040504,-0.716872,0.732244
172709,1645467773,6705078,2026-10-06T04:58:07.328309+00:00,215707349706614,64,-68,-16,-162,-2941,2993,2.24,-2.38,-0.56,-0.039528,-0.717604,0.730292
172710,1645477539,6714844,2026-10-06T04:58:07.328977+00:00,215707350376264,69,-65,-12,-167,-2923,2993,2.415,-2.275,-0.42,-0.040748,-0.713212,0.730292
172711,1645487304,6724609,2026-10-06T04:58:07.330457+00:00,215707351856090,68,-66,-13,-169,-2924,2996,2.38,-2.31,-0.455,-0.041236,-0.713456,0.731024
172712,1645497070,6734375,2026-10-06T04:58:07.331047+00:00,215707352444291,61,-67,-16,-167,-2927,2986,2.135,-2.345,-0.56,-0.040748,-0.714188,0.728584
172713,1645507812,6745117,2026-10-06T04:58:07.331916+00:00,215707353313869,61,-68,-17,-164,-2936,2988,2.135,-2.38,-0.595,-0.040016,-0.716384,0.729072
172714,1645517578,6754883,2026-10-06T04:58:07.373869+00:00,215707395277323,68,-66,-13,-172,-2928,2996,2.38,-2.31,-0.455,-0.041968,-0.714432,0.731024
172715,1645527343,6764648,2026-10-06T04:58:07.374496+00:00,215707395896538,67,-66,-14,-170,-2925,2995,2.345,-2.31,-0.49,-0.04148,-0.7137,0.73078
172716,1645537109,6774414,2026-10-06T04:58:07.375217+00:00,215707396620780,61,-68,-16,-164,-2929,2992,2.135,-2.38,-0.56,-0.040016,-0.714676,0.730048
172717,1645547851,6785156,2026-10-06T04:58:07.375939+00:00,215707397341423,62,-67,-15,-165,-2942,2995,2.17,-2.345,-0.525,-0.04026,-0.717848,0.73078
172718,1645552734,6790039,2026-10-06T04:58:07.418985+00:00,215707440411068,70,-66,-11,-171,-2929,2995,2.45,-2.31,-0.385,-0.041724,-0.714676,0.73078
172719,1645562500,6799805,2026-10-06T04:58:07.420444+00:00,215707441859175,68,-66,-14,-175,-2916,3000,2.38,-2.31,-0.49,-0.0427,-0.711504,0.732
172720,1645572265,6809570,2026-10-06T04:58:07.421883+00:00,215707443290328,60,-67,-17,-167,-2927,2998,2.1,-2.345,-0.595,-0.040748,-0.714188,0.731512
172721,1645582031,6819336,2026-10-06T04:58:07.423288+00:00,215707444694544,60,-67,-16,-168,-2940,2988,2.1,-2.345,-0.56,-0.040992,-0.71736,0.729072
172722,1645592773,6830078,2026-10-06T04:58:07.424521+00:00,215707445940001,69,-65,-12,-165,-2932,2992,2.415,-2.275,-0.42,-0.04026,-0.715408,0.730048
172723,1645602539,6839844,2026-10-06T04:58:07.463466+00:00,215707484889163,70,-66,-10,-171,-2921,2994,2.45,-2.31,-0.35,-0.041724,-0.712724,0.730536
172724,1645612304,6849609,2026-10-06T04:58:07.464445+00:00,215707485854312,63,-67,-15,-169,-2923,2994,2.205,-2.345,-0.525,-0.041236,-0.713212,0.730536
172725,1645622070,6859375,2026-10-06T04:58:07.465384+00:00,215707486790831,59,-67,-16,-165,-2940,2992,2.065,-2.345,-0.56,-0.04026,-0.71736,0.730048
172726,1645632812,6870117,2026-10-06T04:58:07.466180+00:00,215707487585728,66,-67,-14,-171,-2935,2999,2.31,-2.345,-0.49,-0.041724,-0.71614,0.731756
172727,1645642578,6879883,2026-10-06T04:58:07.466982+00:00,215707488386552,69,-66,-12,-169,-2922,2994,2.415,-2.31,-0.42,-0.041236,-0.712968,0.730536
172728,1645652343,6889648,2026-10-06T04:58:07.507414+00:00,215707528811556,64,-67,-15,-167,-2926,2997,2.24,-2.345,-0.525,-0.040748,-0.713944,0.731268
172729,1645657226,6894531,2026-10-06T04:58:07.507635+00:00,215707529025100,59,-68,-16,-168,-2935,2997,2.065,-2.38,-0.56,-0.040992,-0.71614,0.731268
172730,1645666992,6904297,2026-10-06T04:58:07.507961+00:00,215707529350585,66,-67,-15,-171,-2932,2996,2.31,-2.345,-0.525,-0.041724,-0.715408,0.731024
172731,1645677734,6915039,2026-10-06T04:58:07.510069+00:00,215707531458451,68,-65,-12,-169,-2920,2996,2.38,-2.275,-0.42,-0.041236,-0.71248,0.731024
172732,1645687500,6924805,2026-10-06T04:58:07.510322+00:00,215707531710211,64,-67,-15,-172,-2928,3000,2.24,-2.345,-0.525,-0.041968,-0.714432,0.732
172733,1645697265,6934570,2026-10-06T04:58:07.552437+00:00,215707573836242,59,-68,-16,-164,-2934,2986,2.065,-2.38,-0.56,-0.040016,-0.715896,0.728584
172734,1645707031,6944336,2026-10-06T04:58:07.552844+00:00,215707574236296,65,-67,-14,-167,-2933,2995,2.275,-2.345,-0.49,-0.040748,-0.715652,0.73078
172735,1645717773,6955078,2026-10-06T04:58:07.553204+00:00,215707574596773,69,-66,-12,-170,-2921,2995,2.415,-2.31,-0.42,-0.04148,-0.712724,0.73078
172736,1645727539,6964844,2026-10-06T04:58:07.555510+00:00,215707576904796,65,-67,-15,-171,-2925,3000,2.275,-2.345,-0.525,-0.041724,-0.7137,0.732
172737,1645737304,6974609,2026-10-06T04:58:07.598504+00:00,215707619924662,59,-68,-17,-171,-2933,2994,2.065,-2.38,-0.595,-0.041724,-0.715652,0.730536
172738,1645747070,6984375,2026-10-06T04:58:07.599732+00:00,215707621147476,64,-67,-14,-169,-2936,2996,2.24,-2.345,-0.49,-0.041236,-0.716384,0.731024
172739,1645757812,6995117,2026-10-06T04:58:07.601063+00:00,215707622482323,70,-66,-11,-171,-2922,2993,2.45,-2.31,-0.385,-0.041724,-0.712968,0.730292
172740,1645762695,7000000,2026-10-06T04:58:07.602488+00:00,215707623903600,65,-66,-13,-168,-2919,3000,2.275,-2.31,-0.455,-0.040992,-0.712236,0.732
172741,1645772460,7009765,2026-10-06T04:58:07.603497+00:00,215707624904627,59,-68,-17,-163,-2929,2988,2.065,-2.38,-0.595,-0.039772,-0.714676,0.729072
172742,1645782226,7019531,2026-10-06T04:58:07.642724+00:00,215707664131579,63,-68,-15,-165,-2936,2993,2.205,-2.38,-0.525,-0.04026,-0.716384,0.730292
172743,1645791992,7029297,2026-10-06T04:58:07.643291+00:00,215707664690482,70,-67,-12,-172,-2928,3001,2.45,-2.345,-0.42,-0.041968,-0.714432,0.732244
172744,1645802734,7040039,2026-10-06T04:58:07.643818+00:00,215707665215810,67,-67,-13,-171,-2919,2995,2.345,-2.345,-0.455,-0.041724,-0.712236,0.73078
172745,1645812500,7049805,2026-10-06T04:58:07.645415+00:00,215707666814032,59,-68,-17,-166,-2935,2992,2.065,-2.38,-0.595,-0.040504,-0.71614,0.730048
172746,1645822265,7059570,2026-10-06T04:58:07.645932+00:00,215707667328924,61,-67,-15,-163,-2939,2988,2.135,-2.345,-0.525,-0.039772,-0.717116,0.729072
172747,1645832031,7069336,2026-10-06T04:58:07.688305+00:00,215707709703226,69,-66,-12,-171,-2929,2995,2.415,-2.31,-0.42,-0.041724,-0.714676,0.73078
172748,1645842773,7080078,2026-10-06T04:58:07.688551+00:00,215707709941715,68,-66,-13,-170,-2922,2995,2.38,-2.31,-0.455,-0.04148,-0.712968,0.73078
172749,1645852539,7089844,2026-10-06T04:58:07.688850+00:00,215707710239655,61,-68,-16,-164,-2933,2991,2.135,-2.38,-0.56,-0.040016,-0.715652,0.729804
172750,1645857421,7094726,2026-10-06T04:58:07.689089+00:00,215707710479082,62,-68,-15,-163,-2943,2997,2.17,-2.38,-0.525,-0.039772,-0.718092,0.731268
172751,1645867187,7104492,2026-10-06T04:58:07.691290+00:00,215707712684307,69,-66,-11,-168,-2924,2996,2.415,-2.31,-0.385,-0.040992,-0.713456,0.731024
172752,1645876953,7114258,2026-10-06T04:58:07.732187+00:00,215707753583050,67,-67,-12,-169,-2922,2995,2.345,-2.345,-0.42,-0.041236,-0.712968,0.73078
172753,1645887695,7125000,2026-10-06T04:58:07.777476+00:00,215707798871369,61,-68,-16,-169,-2930,3000,2.135,-2.38,-0.56,-0.041236,-0.71492,0.732
172754,1645897460,7134765,2026-10-06T04:58:07.777842+00:00,215707799230461,59,-67,-16,-167,-2940,2996,2.065,-2.345,-0.56,-0.040748,-0.71736,0.731024
172755,1645907226,7144531,2026-10-06T04:58:07.778225+00:00,215707799628873,66,-66,-12,-169,-2934,2996,2.31,-2.31,-0.42,-0.041236,-0.715896,0.731024
172756,1645916992,7154297,2026-10-06T04:58:07.780069+00:00,215707801471952,70,-65,-11,-169,-2925,2998,2.45,-2.275,-0.385,-0.041236,-0.7137,0.731512
172757,1645927734,7165039,2026-10-06T04:58:07.780372+00:00,215707801759950,63,-66,-15,-168,-2925,2990,2.205,-2.31,-0.525,-0.040992,-0.7137,0.72956
172758,1645937500,7174805,2026-10-06T04:58:07.780755+00:00,215707802142633,60,-67,-16,-163,-2935,2989,2.1,-2.345,-0.56,-0.039772,-0.71614,0.729316
172759,1645947265,7184570,2026-10-06T04:58:07.781113+00:00,215707802500656,66,-66,-15,-169,-2928,2989,2.31,-2.31,-0.525,-0.041236,-0.714432,0.729316
172760,1645957031,7194336,2026-10-06T04:58:07.781988+00:00,215707803376178,69,-67,-13,-169,-2922,3004,2.415,-2.345,-0.455,-0.041236,-0.712968,0.732976
172761,1645962890,7200195,2026-10-06T04:58:07.823202+00:00,215707844598272,61,-68,-16,-169,-2931,2992,2.135,-2.38,-0.56,-0.041236,-0.715164,0.730048
172762,1645972656,7209961,2026-10-06T04:58:07.823502+00:00,215707844905149,60,-68,-16,-167,-2940,2992,2.1,-2.38,-0.56,-0.040748,-0.71736,0.730048
172763,1645982421,7219726,2026-10-06T04:58:07.823746+00:00,215707845134365,67,-66,-12,-166,-2930,2994,2.345,-2.31,-0.42,-0.040504,-0.71492,0.730536
172764,1645992187,7229492,2026-10-06T04:58:07.823985+00:00,215707845372934,70,-65,-10,-167,-2918,3001,2.45,-2.275,-0.35,-0.040748,-0.711992,0.732244
172765,1646001953,7239258,2026-10-06T04:58:07.825123+00:00,215707846511240,62,-67,-15,-167,-2922,2993,2.17,-2.345,-0.525,-0.040748,-0.712968,0.730292
172766,1646012695,7250000,2026-10-06T04:58:07.868281+00:00,215707889676180,58,-69,-19,-166,-2936,2994,2.03,-2.415,-0.665,-0.040504,-0.716384,0.730536
172767,1646022460,7259765,2026-10-06T04:58:07.868444+00:00,215707889831044,64,-68,-14,-168,-2936,2995,2.24,-2.38,-0.49,-0.040992,-0.716384,0.73078
172768,1646032226,7269531,2026-10-06T04:58:07.868702+00:00,215707890088842,72,-66,-11,-175,-2927,2996,2.52,-2.31,-0.385,-0.0427,-0.714188,0.731024
172769,1646041992,7279297,2026-10-06T04:58:07.868938+00:00,215707890327737,66,-67,-13,-174,-2925,2995,2.31,-2.345,-0.455,-0.042456,-0.7137,0.73078
172770,1646047851,7285156,2026-10-06T04:58:07.912288+00:00,215707933685364,59,-67,-16,-166,-2933,3000,2.065,-2.345,-0.56,-0.040504,-0.715652,0.732
172771,1646057617,7294922,2026-10-06T04:58:07.912538+00:00,215707933928025,65,-68,-14,-166,-2934,2992,2.275,-2.38,-0.49,-0.040504,-0.715896,0.730048
172772,1646067382,7304687,2026-10-06T04:58:07.912780+00:00,215707934169701,70,-66,-12,-169,-2927,2997,2.45,-2.31,-0.42,-0.041236,-0.714188,0.731268
172773,1646077148,7314453,2026-10-06T04:58:07.915336+00:00,215707936725787,64,-67,-14,-171,-2926,2996,2.24,-2.345,-0.49,-0.041724,-0.713944,0.731024
172774,1646087890,7325195,2026-10-06T04:58:07.915655+00:00,215707937046707,58,-68,-16,-166,-2940,2991,2.03,-2.38,-0.56,-0.040504,-0.71736,0.729804
172775,1646097656,7334961,2026-10-06T04:58:07.958457+00:00,215707979881616,63,-66,-14,-165,-2935,2988,2.205,-2.31,-0.49,-0.04026,-0.71614,0.729072
172776,1646107421,7344726,2026-10-06T04:58:07.959564+00:00,215707980980329,71,-65,-13,-173,-2921,2991,2.485,-2.275,-0.455,-0.042212,-0.712724,0.729804
172777,1646117187,7354492,2026-10-06T04:58:07.960881+00:00,215707982296559,66,-65,-13,-165,-2923,2996,2.31,-2.275,-0.455,-0.04026,-0.713212,0.731024
172778,1646126953,7364258,2026-10-06T04:58:07.961962+00:00,215707983377742,60,-68,-16,-164,-2932,2993,2.1,-2.38,-0.56,-0.040016,-0.715408,0.730292
172779,1646137695,7375000,2026-10-06T04:58:08.004791+00:00,215708026213169,63,-67,-16,-165,-2941,2997,2.205,-2.345,-0.56,-0.04026,-0.717604,0.731268
172780,1646147460,7384765,2026-10-06T04:58:08.006079+00:00,215708027495024,70,-66,-12,-168,-2925,2993,2.45,-2.31,-0.42,-0.040992,-0.7137,0.730292
172781,1646157226,7394531,2026-10-06T04:58:08.007609+00:00,215708029051262,67,-67,-14,-172,-2918,3002,2.345,-2.345,-0.49,-0.041968,-0.711992,0.732488
172782,1646162109,7399414,2026-10-06T04:58:08.008768+00:00,215708030181780,59,-68,-17,-174,-2935,2993,2.065,-2.38,-0.595,-0.042456,-0.71614,0.730292
172783,1646172851,7410156,2026-10-06T04:58:08.009822+00:00,215708031235944,61,-67,-16,-167,-2937,2997,2.135,-2.345,-0.56,-0.040748,-0.716628,0.731268
172784,1646182617,7419922,2026-10-06T04:58:08.011125+00:00,215708032540092,69,-66,-12,-166,-2930,2995,2.415,-2.31,-0.42,-0.040504,-0.71492,0.73078
172785,1646192382,7429687,2026-10-06T04:58:08.047518+00:00,215708068920466,69,-66,-13,-169,-2921,2991,2.415,-2.31,-0.455,-0.041236,-0.712724,0.729804
172786,1646202148,7439453,2026-10-06T04:58:08.047947+00:00,215708069345350,61,-69,-16,-168,-2921,2989,2.135,-2.415,-0.56,-0.040992,-0.712724,0.729316
172787,1646212890,7450195,2026-10-06T04:58:08.048415+00:00,215708069811379,60,-69,-18,-166,-2934,2987,2.1,-2.415,-0.63,-0.040504,-0.715896,0.728828
172788,1646222656,7459961,2026-10-06T04:58:08.049289+00:00,215708070687007,68,-66,-13,-168,-2926,2989,2.38,-2.31,-0.455,-0.040992,-0.713944,0.729316
172789,1646232421,7469726,2026-10-06T04:58:08.138464+00:00,215708159885435,68,-66,-12,-174,-2921,2997,2.38,-2.31,-0.42,-0.042456,-0.712724,0.731268
172790,1646242187,7479492,2026-10-06T04:58:08.139952+00:00,215708161366791,59,-67,-15,-169,-2934,2996,2.065,-2.345,-0.525,-0.041236,-0.715896,0.731024
172791,1646251953,7489258,2026-10-06T04:58:08.141100+00:00,215708162513184,58,-68,-17,-163,-2948,3003,2.03,-2.38,-0.595,-0.039772,-0.719312,0.732732
172792,1646257812,7495117,2026-10-06T04:58:08.142228+00:00,215708163641514,67,-67,-12,-166,-2939,2990,2.345,-2.345,-0.42,-0.040504,-0.717116,0.72956
172793,1646267578,7504883,2026-10-06T04:58:08.143278+00:00,215708164694646,73,-66,-11,-165,-2917,3001,2.555,-2.31,-0.385,-0.04026,-0.711748,0.732244
172794,1646277343,7514648,2026-10-06T04:58:08.144667+00:00,215708166085797,63,-68,-14,-169,-2921,2994,2.205,-2.38,-0.49,-0.041236,-0.712724,0.730536
172795,1646287109,7524414,2026-10-06T04:58:08.145907+00:00,215708167322380,58,-69,-19,-167,-2936,2988,2.03,-2.415,-0.665,-0.040748,-0.716384,0.729072
172796,1646297851,7535156,2026-10-06T04:58:08.146966+00:00,215708168384830,63,-68,-15,-167,-2937,2986,2.205,-2.38,-0.525,-0.040748,-0.716628,0.728584
172797,1646307617,7544922,2026-10-06T04:58:08.147965+00:00,215708169384222,69,-66,-12,-172,-2926,2993,2.415,-2.31,-0.42,-0.041968,-0.713944,0.730292
172798,1646317382,7554687,2026-10-06T04:58:08.149213+00:00,215708170631600,65,-67,-14,-169,-2928,2998,2.275,-2.345,-0.49,-0.041236,-0.714432,0.731512
172799,1646327148,7564453,2026-10-06T04:58:08.182535+00:00,215708203938784,61,-67,-15,-170,-2936,2999,2.135,-2.345,-0.525,-0.04148,-0.716384,0.731756
172800,1646337890,7575195,2026-10-06T04:58:08.182940+00:00,215708204333380,65,-67,-15,-166,-2936,3001,2.275,-2.345,-0.525,-0.040504,-0.716384,0.732244
172801,1646347656,7584961,2026-10-06T04:58:08.183388+00:00,215708204784326,70,-65,-13,-165,-2922,3000,2.45,-2.275,-0.455,-0.04026,-0.712968,0.732
172802,1646352539,7589844,2026-10-06T04:58:08.184413+00:00,215708205810337,65,-68,-15,-173,-2919,2996,2.275,-2.38,-0.525,-0.042212,-0.712236,0.731024
172803,1646362304,7599609,2026-10-06T04:58:08.184872+00:00,215708206268721,57,-68,-18,-169,-2932,2988,1.995,-2.38,-0.63,-0.041236,-0.715408,0.729072
172804,1646372070,7609375,2026-10-06T04:58:08.227571+00:00,215708248975399,61,-68,-16,-171,-2936,2988,2.135,-2.38,-0.56,-0.041724,-0.716384,0.729072
172805,1646382812,7620117,2026-10-06T04:58:08.228088+00:00,215708249485563,70,-66,-11,-170,-2922,2997,2.45,-2.31,-0.385,-0.04148,-0.712968,0.731268
172806,1646392578,7629883,2026-10-06T04:58:08.228509+00:00,215708249905316,67,-66,-12,-168,-2921,2995,2.345,-2.31,-0.42,-0.040992,-0.712724,0.73078
172807,1646402343,7639648,2026-10-06T04:58:08.230410+00:00,215708251810059,61,-67,-16,-167,-2933,2995,2.135,-2.345,-0.56,-0.040748,-0.715652,0.73078
172808,1646412109,7649414,2026-10-06T04:58:08.273418+00:00,215708294841340,64,-66,-14,-164,-2941,2998,2.24,-2.31,-0.49,-0.040016,-0.717604,0.731512
172809,1646422851,7660156,2026-10-06T04:58:08.274516+00:00,215708295933501,68,-65,-12,-169,-2925,2997,2.38,-2.275,-0.42,-0.041236,-0.7137,0.731268
172810,1646432617,7669922,2026-10-06T04:58:08.275797+00:00,215708297209423,67,-66,-14,-168,-2919,2996,2.345,-2.31,-0.49,-0.040992,-0.712236,0.731024
172811,1646442382,7679687,2026-10-06T04:58:08.277134+00:00,215708298554031,59,-67,-16,-169,-2926,2987,2.065,-2.345,-0.56,-0.041236,-0.713944,0.728828
172812,1646452148,7689453,2026-10-06T04:58:08.279460+00:00,215708300880235,62,-68,-14,-170,-2939,2982,2.17,-2.38,-0.49,-0.04148,-0.717116,0.727608
172813,1646462890,7700195,2026-10-06T04:58:08.317532+00:00,215708338934668,70,-65,-11,-170,-2929,2991,2.45,-2.275,-0.385,-0.04148,-0.714676,0.729804
172814,1646467773,7705078,2026-10-06T04:58:08.317939+00:00,215708339335608,69,-66,-11,-166,-2921,3002,2.415,-2.31,-0.385,-0.040504,-0.712724,0.732488
172815,1646477539,7714844,2026-10-06T04:58:08.318408+00:00,215708339803718,61,-67,-15,-165,-2933,2993,2.135,-2.345,-0.525,-0.04026,-0.715652,0.730292
172816,1646487304,7724609,2026-10-06T04:58:08.319247+00:00,215708340639067,61,-68,-15,-164,-2940,3001,2.135,-2.38,-0.525,-0.040016,-0.71736,0.732244
172817,1646497070,7734375,2026-10-06T04:58:08.319817+00:00,215708341213008,68,-66,-12,-169,-2932,2993,2.38,-2.31,-0.42,-0.041236,-0.715408,0.730292
172818,1646507812,7745117,2026-10-06T04:58:08.362612+00:00,215708384028277,69,-66,-13,-170,-2917,2996,2.415,-2.31,-0.455,-0.04148,-0.711748,0.731024
172819,1646517578,7754883,2026-10-06T04:58:08.363107+00:00,215708384500498,62,-68,-17,-177,-2928,2997,2.17,-2.38,-0.595,-0.043188,-0.714432,0.731268
172820,1646527343,7764648,2026-10-06T04:58:08.363903+00:00,215708385300443,58,-68,-17,-169,-2938,2990,2.03,-2.38,-0.595,-0.041236,-0.716872,0.72956
172821,1646537109,7774414,2026-10-06T04:58:08.364496+00:00,215708385890994,67,-66,-13,-167,-2933,2993,2.345,-2.31,-0.455,-0.040748,-0.715652,0.730292
172822,1646547851,7785156,2026-10-06T04:58:08.408491+00:00,215708429913560,69,-66,-11,-170,-2922,3000,2.415,-2.31,-0.385,-0.04148,-0.712968,0.732
172823,1646552734,7790039,2026-10-06T04:58:08.409605+00:00,215708431054760,64,-67,-15,-164,-2926,2998,2.24,-2.345,-0.525,-0.040016,-0.713944,0.731512
172824,1646562500,7799805,2026-10-06T04:58:08.410751+00:00,215708432169861,61,-68,-17,-166,-2936,2997,2.135,-2.38,-0.595,-0.040504,-0.716384,0.731268
172825,1646572265,7809570,2026-10-06T04:58:08.411824+00:00,215708433230685,66,-67,-14,-170,-2932,2996,2.31,-2.345,-0.49,-0.04148,-0.715408,0.731024
172826,1646582031,7819336,2026-10-06T04:58:08.413149+00:00,215708434566365,70,-66,-13,-171,-2922,3000,2.45,-2.31,-0.455,-0.041724,-0.712968,0.732
172827,1646592773,7830078,2026-10-06T04:58:08.453466+00:00,215708474867768,63,-67,-15,-170,-2927,2995,2.205,-2.345,-0.525,-0.04148,-0.714188,0.73078
172828,1646602539,7839844,2026-10-06T04:58:08.453895+00:00,215708475289279,61,-68,-15,-170,-2933,2988,2.135,-2.38,-0.525,-0.04148,-0.715652,0.729072
172829,1646612304,7849609,2026-10-06T04:58:08.454270+00:00,215708475663030,65,-67,-13,-168,-2929,2993,2.275,-2.345,-0.455,-0.040992,-0.714676,0.730292
172830,1646622070,7859375,2026-10-06T04:58:08.454728+00:00,215708476122741,68,-66,-13,-172,-2924,3000,2.38,-2.31,-0.455,-0.041968,-0.713456,0.732
172831,1646632812,7870117,2026-10-06T04:58:08.498325+00:00,215708519722401,65,-67,-15,-168,-2932,2999,2.275,-2.345,-0.525,-0.040992,-0.715408,0.731756
172832,1646642578,7879883,2026-10-06T04:58:08.498476+00:00,215708519865349,60,-69,-16,-162,-2938,2994,2.1,-2.415,-0.56,-0.039528,-0.716872,0.730536
172833,1646652343,7889648,2026-10-06T04:58:08.498769+00:00,215708520159252,66,-66,-15,-165,-2936,2994,2.31,-2.31,-0.525,-0.04026,-0.716384,0.730536
172834,1646662109,7899414,2026-10-06T04:58:08.499029+00:00,215708520418314,70,-66,-13,-172,-2917,2998,2.45,-2.31,-0.455,-0.041968,-0.711748,0.731512
172835,1646666992,7904297,2026-10-06T04:58:08.499295+00:00,215708520685217,62,-67,-16,-169,-2919,2993,2.17,-2.345,-0.56,-0.041236,-0.712236,0.730292
172836,1646677734,7915039,2026-10-06T04:58:08.500092+00:00,215708521483200,56,-69,-17,-167,-2931,2990,1.96,-2.415,-0.595,-0.040748,-0.715164,0.72956
172837,1646687500,7924805,2026-10-06T04:58:08.544502+00:00,215708565927645,62,-67,-15,-168,-2944,2998,2.17,-2.345,-0.525,-0.040992,-0.718336,0.731512
172838,1646697265,7934570,2026-10-06T04:58:08.545729+00:00,215708567149013,71,-65,-10,-165,-2928,2998,2.485,-2.275,-0.35,-0.04026,-0.714432,0.731512
172839,1646707031,7944336,2026-10-06T04:58:08.546777+00:00,215708568195887,66,-66,-14,-168,-2921,2996,2.31,-2.31,-0.49,-0.040992,-0.712724,0.731024
172840,1646717773,7955078,2026-10-06T04:58:08.547779+00:00,215708569193001,59,-68,-18,-164,-2936,2991,2.065,-2.38,-0.63,-0.040016,-0.716384,0.729804
172841,1646727539,7964844,2026-10-06T04:58:08.589043+00:00,215708610453675,63,-68,-16,-165,-2938,2989,2.205,-2.38,-0.56,-0.04026,-0.716872,0.729316
172842,1646737304,7974609,2026-10-06T04:58:08.633201+00:00,215708654615528,69,-66,-13,-166,-2934,2991,2.415,-2.31,-0.455,-0.040504,-0.715896,0.729804
172843,1646747070,7984375,2026-10-06T04:58:08.634016+00:00,215708655422329,67,-66,-14,-168,-2925,2993,2.345,-2.31,-0.49,-0.040992,-0.7137,0.730292
172844,1646757812,7995117,2026-10-06T04:58:08.634762+00:00,215708656167366,61,-67,-14,-168,-2936,2992,2.135,-2.345,-0.49,-0.040992,-0.716384,0.730048
172845,1646762695,8000000,2026-10-06T04:58:08.635523+00:00,215708656929567,61,-66,-15,-163,-2941,2996,2.135,-2.31,-0.525,-0.039772,-0.717604,0.731024
172846,1646772460,8009765,2026-10-06T04:58:08.636846+00:00,215708658252910,68,-66,-13,-168,-2930,2995,2.38,-2.31,-0.455,-0.040992,-0.71492,0.73078
172847,1646782226,8019531,2026-10-06T04:58:08.637584+00:00,215708658991580,67,-67,-14,-173,-2924,2994,2.345,-2.345,-0.49,-0.042212,-0.713456,0.730536
172848,1646791992,8029297,2026-10-06T04:58:08.638510+00:00,215708659914913,61,-68,-16,-167,-2933,2997,2.135,-2.38,-0.56,-0.040748,-0.715652,0.731268
172849,1646802734,8040039,2026-10-06T04:58:08.639239+00:00,215708660644614,63,-67,-14,-169,-2935,2989,2.205,-2.345,-0.49,-0.041236,-0.71614,0.729316
172850,1646812500,8049805,2026-10-06T04:58:08.640081+00:00,215708661486812,69,-66,-12,-172,-2928,2994,2.415,-2.31,-0.42,-0.041968,-0.714432,0.730536
172851,1646822265,8059570,2026-10-06T04:58:08.678036+00:00,215708699446560,67,-65,-12,-169,-2920,2999,2.345,-2.275,-0.42,-0.041236,-0.71248,0.731756
172852,1646832031,8069336,2026-10-06T04:58:08.678727+00:00,215708700129696,59,-67,-17,-168,-2927,2999,2.065,-2.345,-0.595,-0.040992,-0.714188,0.731756
172853,1646842773,8080078,2026-10-06T04:58:08.679574+00:00,215708700979176,60,-68,-16,-164,-2940,2995,2.1,-2.38,-0.56,-0.040016,-0.71736,0.73078
172854,1646852539,8089844,2026-10-06T04:58:08.680970+00:00,215708702374190,68,-66,-12,-168,-2932,2996,2.38,-2.31,-0.42,-0.040992,-0.715408,0.731024
172855,1646857421,8094726,2026-10-06T04:58:08.681584+00:00,215708702988435,67,-66,-13,-170,-2925,2997,2.345,-2.31,-0.455,-0.04148,-0.7137,0.731268
172856,1646867187,8104492,2026-10-06T04:58:08.722643+00:00,215708744046334,61,-67,-16,-170,-2931,2994,2.135,-2.345,-0.56,-0.04148,-0.715164,0.730536
172857,1646876953,8114258,2026-10-06T04:58:08.723074+00:00,215708744474318,60,-67,-16,-164,-2935,2987,2.1,-2.345,-0.56,-0.040016,-0.71614,0.728828
172858,1646887695,8125000,2026-10-06T04:58:08.723804+00:00,215708745203584,66,-66,-13,-170,-2932,2993,2.31,-2.31,-0.455,-0.04148,-0.715408,0.730292
172859,1646897460,8134765,2026-10-06T04:58:08.724490+00:00,215708745888361,68,-66,-13,-173,-2925,3000,2.38,-2.31,-0.455,-0.042212,-0.7137,0.732
172860,1646907226,8144531,2026-10-06T04:58:08.768382+00:00,215708789780792,60,-68,-15,-170,-2928,2995,2.1,-2.38,-0.525,-0.04148,-0.714432,0.73078
172861,1646916992,8154297,2026-10-06T04:58:08.768605+00:00,215708789995802,59,-68,-16,-166,-2940,2992,2.065,-2.38,-0.56,-0.040504,-0.71736,0.730048
172862,1646927734,8165039,2026-10-06T04:58:08.768908+00:00,215708790298194,67,-66,-11,-166,-2931,3000,2.345,-2.31,-0.385,-0.040504,-0.715164,0.732
172863,1646937500,8174805,2026-10-06T04:58:08.769189+00:00,215708790579447,70,-65,-12,-170,-2917,2994,2.45,-2.275,-0.42,-0.04148,-0.711748,0.730536
172864,1646947265,8184570,2026-10-06T04:58:08.770075+00:00,215708791465496,63,-67,-16,-174,-2924,2994,2.205,-2.345,-0.56,-0.042456,-0.713456,0.730536
172865,1646957031,8194336,2026-10-06T04:58:08.858443+00:00,215708879864790,58,-68,-17,-170,-2939,2990,2.03,-2.38,-0.595,-0.04148,-0.717116,0.72956
172866,1646962890,8200195,2026-10-06T04:58:08.859528+00:00,215708880942583,64,-66,-14,-166,-2945,2994,2.24,-2.31,-0.49,-0.040504,-0.71858,0.730536
172867,1646972656,8209961,2026-10-06T04:58:08.860873+00:00,215708882290702,70,-66,-11,-172,-2929,2997,2.45,-2.31,-0.385,-0.041968,-0.714676,0.731268
172868,1646982421,8219726,2026-10-06T04:58:08.862848+00:00,215708884265131,67,-66,-12,-171,-2923,2995,2.345,-2.31,-0.42,-0.041724,-0.713212,0.73078
172869,1646992187,8229492,2026-10-06T04:58:08.864193+00:00,215708885610194,60,-67,-15,-163,-2929,2995,2.1,-2.345,-0.525,-0.039772,-0.714676,0.73078
172870,1647001953,8239258,2026-10-06T04:58:08.865527+00:00,215708886940087,64,-68,-15,-165,-2936,2990,2.24,-2.38,-0.525,-0.04026,-0.716384,0.72956
172871,1647012695,8250000,2026-10-06T04:58:08.867241+00:00,215708888648491,67,-67,-14,-174,-2922,2994,2.345,-2.345,-0.49,-0.042456,-0.712968,0.730536
172872,1647022460,8259765,2026-10-06T04:58:08.868903+00:00,215708890321558,63,-68,-14,-174,-2925,2991,2.205,-2.38,-0.49,-0.042456,-0.7137,0.729804
172873,1647032226,8269531,2026-10-06T04:58:08.870327+00:00,215708891743222,61,-68,-14,-168,-2939,2995,2.135,-2.38,-0.49,-0.040992,-0.717116,0.73078
172874,1647041992,8279297,2026-10-06T04:58:08.902546+00:00,215708923946922,66,-67,-13,-168,-2936,3000,2.31,-2.345,-0.455,-0.040992,-0.716384,0.732
172875,1647047851,8285156,2026-10-06T04:58:08.902963+00:00,215708924358434,69,-65,-11,-168,-2923,2996,2.415,-2.275,-0.385,-0.040992,-0.713212,0.731024
172876,1647057617,8294922,2026-10-06T04:58:08.903563+00:00,215708924957574,65,-66,-14,-170,-2927,2999,2.275,-2.31,-0.49,-0.04148,-0.714188,0.731756
172877,1647067382,8304687,2026-10-06T04:58:08.904709+00:00,215708926104323,60,-67,-17,-164,-2924,2991,2.1,-2.345,-0.595,-0.040016,-0.713456,0.729804
172878,1647077148,8314453,2026-10-06T04:58:08.905118+00:00,215708926513195,64,-67,-14,-165,-2933,2989,2.24,-2.345,-0.49,-0.04026,-0.715652,0.729316
172879,1647087890,8325195,2026-10-06T04:58:08.950346+00:00,215708971769847,67,-67,-12,-172,-2925,2989,2.345,-2.345,-0.42,-0.041968,-0.7137,0.729316
172880,1647097656,8334961,2026-10-06T04:58:08.951892+00:00,215708973309108,65,-68,-15,-172,-2927,2995,2.275,-2.38,-0.525,-0.041968,-0.714188,0.73078
172881,1647107421,8344726,2026-10-06T04:58:08.953013+00:00,215708974426875,60,-68,-15,-169,-2939,2993,2.1,-2.38,-0.525,-0.041236,-0.717116,0.730292
172882,1647117187,8354492,2026-10-06T04:58:08.954137+00:00,215708975553678,65,-66,-13,-163,-2937,2995,2.275,-2.31,-0.455,-0.039772,-0.716628,0.73078
172883,1647126953,8364258,2026-10-06T04:58:08.955206+00:00,215708976623361,72,-65,-11,-166,-2928,2997,2.52,-2.275,-0.385,-0.040504,-0.714432,0.731268
172884,1647137695,8375000,2026-10-06T04:58:08.992572+00:00,215709013973496,67,-67,-14,-166,-2919,2999,2.345,-2.345,-0.49,-0.040504,-0.712236,0.731756
172885,1647147460,8384765,2026-10-06T04:58:08.992989+00:00,215709014386767,60,-68,-16,-167,-2926,2991,2.1,-2.38,-0.56,-0.040748,-0.713944,0.729804
172886,1647157226,8394531,2026-10-06T04:58:08.993405+00:00,215709014801341,63,-69,-16,-168,-2930,2984,2.205,-2.415,-0.56,-0.040992,-0.71492,0.728096
172887,1647162109,8399414,2026-10-06T04:58:08.994686+00:00,215709016083632,68,-66,-14,-176,-2926,2989,2.38,-2.31,-0.49,-0.042944,-0.713944,0.729316
172888,1647172851,8410156,2026-10-06T04:58:09.038613+00:00,215709060030540,67,-66,-13,-171,-2922,2993,2.345,-2.31,-0.455,-0.041724,-0.712968,0.730292
172889,1647182617,8419922,2026-10-06T04:58:09.039041+00:00,215709060437854,60,-67,-14,-166,-2933,2994,2.1,-2.345,-0.49,-0.040504,-0.715652,0.730536
172890,1647192382,8429687,2026-10-06T04:58:09.039499+00:00,215709060895127,64,-66,-13,-164,-2941,2997,2.24,-2.31,-0.455,-0.040016,-0.717604,0.731268
172891,1647202148,8439453,2026-10-06T04:58:09.040096+00:00,215709061491643,68,-65,-13,-165,-2930,2996,2.38,-2.275,-0.455,-0.04026,-0.71492,0.731024
172892,1647212890,8450195,2026-10-06T04:58:09.040576+00:00,215709061972197,69,-67,-13,-171,-2922,2997,2.415,-2.345,-0.455,-0.041724,-0.712968,0.731268
172893,1647222656,8459961,2026-10-06T04:58:09.083124+00:00,215709104540478,61,-68,-16,-167,-2925,2991,2.135,-2.38,-0.56,-0.040748,-0.7137,0.729804
172894,1647232421,8469726,2026-10-06T04:58:09.128427+00:00,215709149842135,61,-68,-17,-167,-2938,2988,2.135,-2.38,-0.595,-0.040748,-0.716872,0.729072
172895,1647242187,8479492,2026-10-06T04:58:09.129470+00:00,215709150882989,66,-66,-13,-170,-2925,2990,2.31,-2.31,-0.455,-0.04148,-0.7137,0.72956
172896,1647251953,8489258,2026-10-06T04:58:09.130564+00:00,215709151976014,68,-66,-13,-170,-2923,3000,2.38,-2.31,-0.455,-0.04148,-0.713212,0.732
172897,1647257812,8495117,2026-10-06T04:58:09.133337+00:00,215709154750378,60,-68,-16,-165,-2928,2994,2.1,-2.38,-0.56,-0.04026,-0.714432,0.730536
172898,1647267578,8504883,2026-10-06T04:58:09.133719+00:00,215709155125570,61,-67,-15,-164,-2938,2999,2.135,-2.345,-0.525,-0.040016,-0.716872,0.731756
172899,1647277343,8514648,2026-10-06T04:58:09.134461+00:00,215709155875296,68,-66,-11,-169,-2927,2996,2.38,-2.31,-0.385,-0.041236,-0.714188,0.731024
172900,1647287109,8524414,2026-10-06T04:58:09.135512+00:00,215709156920770,70,-67,-12,-172,-2922,2995,2.45,-2.345,-0.42,-0.041968,-0.712968,0.73078
172901,1647297851,8535156,2026-10-06T04:58:09.136461+00:00,215709157869214,59,-68,-17,-170,-2925,2991,2.065,-2.38,-0.595,-0.04148,-0.7137,0.729804
172902,1647307617,8544922,2026-10-06T04:58:09.137682+00:00,215709159089869,60,-68,-18,-168,-2936,2989,2.1,-2.38,-0.63,-0.040992,-0.716384,0.729316
172903,1647317382,8554687,2026-10-06T04:58:09.172329+00:00,215709193726643,67,-66,-14,-174,-2933,2987,2.345,-2.31,-0.49,-0.042456,-0.715652,0.728828
172904,1647327148,8564453,2026-10-06T04:58:09.172660+00:00,215709194048925,71,-65,-12,-172,-2920,2993,2.485,-2.275,-0.42,-0.041968,-0.71248,0.730292
172905,1647337890,8575195,2026-10-06T04:58:09.172936+00:00,215709194326475,62,-67,-15,-171,-2925,2997,2.17,-2.345,-0.525,-0.041724,-0.7137,0.731268
172906,1647347656,8584961,2026-10-06T04:58:09.174092+00:00,215709195481282,58,-68,-17,-159,-2942,3000,2.03,-2.38,-0.595,-0.038796,-0.717848,0.732
172907,1647357421,8594726,2026-10-06T04:58:09.217307+00:00,215709238702020,65,-67,-14,-165,-2938,2994,2.275,-2.345,-0.49,-0.04026,-0.716872,0.730536
172908,1647362304,8599609,2026-10-06T04:58:09.217523+00:00,215709238912942,72,-65,-11,-169,-2924,2999,2.52,-2.275,-0.385,-0.041236,-0.713456,0.731756
172909,1647372070,8609375,2026-10-06T04:58:09.217770+00:00,215709239159525,66,-67,-13,-170,-2915,2991,2.31,-2.345,-0.455,-0.04148,-0.71126,0.729804
172910,1647382812,8620117,2026-10-06T04:58:09.220180+00:00,215709241570604,58,-68,-18,-168,-2933,2983,2.03,-2.38,-0.63,-0.040992,-0.715652,0.727852
172911,1647392578,8629883,2026-10-06T04:58:09.220427+00:00,215709241816996,61,-68,-16,-168,-2941,2984,2.135,-2.38,-0.56,-0.040992,-0.717604,0.728096
172912,1647402343,8639648,2026-10-06T04:58:09.263140+00:00,215709284555513,69,-66,-11,-171,-2928,3000,2.415,-2.31,-0.385,-0.041724,-0.714432,0.732
172913,1647412109,8649414,2026-10-06T04:58:09.264119+00:00,215709285524061,66,-66,-12,-168,-2929,2998,2.31,-2.31,-0.42,-0.040992,-0.714676,0.731512
172914,1647422851,8660156,2026-10-06T04:58:09.265156+00:00,215709286571010,60,-68,-15,-163,-2934,2996,2.1,-2.38,-0.525,-0.039772,-0.715896,0.731024
172915,1647432617,8669922,2026-10-06T04:58:09.266134+00:00,215709287540825,63,-68,-14,-166,-2936,2994,2.205,-2.38,-0.49,-0.040504,-0.716384,0.730536
172916,1647442382,8679687,2026-10-06T04:58:09.267373+00:00,215709288781760,70,-66,-11,-168,-2928,2997,2.45,-2.31,-0.385,-0.040992,-0.714432,0.731268
172917,1647452148,8689453,2026-10-06T04:58:09.308093+00:00,215709329509843,66,-67,-13,-170,-2922,2994,2.31,-2.345,-0.455,-0.04148,-0.712968,0.730536
172918,1647462890,8700195,2026-10-06T04:58:09.309064+00:00,215709330470845,59,-68,-16,-174,-2931,2991,2.065,-2.38,-0.56,-0.042456,-0.715164,0.729804
172919,1647467773,8705078,2026-10-06T04:58:09.310030+00:00,215709331438593,61,-66,-15,-168,-2936,2988,2.135,-2.31,-0.525,-0.040992,-0.716384,0.729072
172920,1647477539,8714844,2026-10-06T04:58:09.311191+00:00,215709332602487,69,-66,-13,-169,-2928,2993,2.415,-2.31,-0.455,-0.041236,-0.714432,0.730292
172921,1647487304,8724609,2026-10-06T04:58:09.312114+00:00,215709333522496,66,-67,-13,-169,-2917,3000,2.31,-2.345,-0.455,-0.041236,-0.711748,0.732
172922,1647497070,8734375,2026-10-06T04:58:09.353127+00:00,215709374544468,60,-68,-16,-162,-2933,2995,2.1,-2.38,-0.56,-0.039528,-0.715652,0.73078
172923,1647507812,8745117,2026-10-06T04:58:09.354068+00:00,215709375475933,60,-68,-16,-164,-2943,2992,2.1,-2.38,-0.56,-0.040016,-0.718092,0.730048
172924,1647517578,8754883,2026-10-06T04:58:09.355046+00:00,215709376449625,68,-66,-13,-168,-2933,2998,2.38,-2.31,-0.455,-0.040992,-0.715652,0.731512
172925,1647527343,8764648,2026-10-06T04:58:09.356169+00:00,215709377576940,68,-66,-12,-173,-2922,2995,2.38,-2.31,-0.42,-0.042212,-0.712968,0.73078
172926,1647537109,8774414,2026-10-06T04:58:09.398226+00:00,215709419642196,63,-67,-14,-169,-2925,2992,2.205,-2.345,-0.49,-0.041236,-0.7137,0.730048
172927,1647547851,8785156,2026-10-06T04:58:09.399203+00:00,215709420614268,61,-67,-15,-166,-2931,2991,2.135,-2.345,-0.525,-0.040504,-0.715164,0.729804
172928,1647552734,8790039,2026-10-06T04:58:09.400851+00:00,215709422260392,67,-67,-13,-166,-2929,2990,2.345,-2.345,-0.455,-0.040504,-0.714676,0.72956
172929,1647562500,8799805,2026-10-06T04:58:09.402220+00:00,215709423625248,68,-67,-13,-169,-2926,2998,2.38,-2.345,-0.455,-0.041236,-0.713944,0.731512
172930,1647572265,8809570,2026-10-06T04:58:09.403087+00:00,215709424492072,63,-68,-16,-170,-2928,2994,2.205,-2.38,-0.56,-0.04148,-0.714432,0.730536
172931,1647582031,8819336,2026-10-06T04:58:09.442757+00:00,215709464159113,61,-68,-17,-170,-2943,2996,2.135,-2.38,-0.595,-0.04148,-0.718092,0.731024
172932,1647592773,8830078,2026-10-06T04:58:09.443296+00:00,215709464697691,66,-66,-14,-166,-2938,2997,2.31,-2.31,-0.49,-0.040504,-0.716872,0.731268
172933,1647602539,8839844,2026-10-06T04:58:09.444056+00:00,215709465459225,71,-65,-12,-171,-2920,3001,2.485,-2.275,-0.42,-0.041724,-0.71248,0.732244
172934,1647612304,8849609,2026-10-06T04:58:09.445511+00:00,215709466912190,63,-66,-14,-167,-2922,2993,2.205,-2.31,-0.49,-0.040748,-0.712968,0.730292
172935,1647622070,8859375,2026-10-06T04:58:09.446090+00:00,215709467484471,59,-67,-16,-164,-2934,2993,2.065,-2.345,-0.56,-0.040016,-0.715896,0.730292
172936,1647632812,8870117,2026-10-06T04:58:09.487824+00:00,215709509232446,63,-67,-15,-166,-2932,2991,2.205,-2.345,-0.525,-0.040504,-0.715408,0.729804
172937,1647642578,8879883,2026-10-06T04:58:09.488410+00:00,215709509806230,70,-67,-12,-169,-2923,2993,2.45,-2.345,-0.42,-0.041236,-0.713212,0.730292
172938,1647652343,8889648,2026-10-06T04:58:09.489038+00:00,215709510439943,66,-67,-13,-168,-2924,2992,2.31,-2.345,-0.455,-0.040992,-0.713456,0.730048
172939,1647662109,8899414,2026-10-06T04:58:09.489998+00:00,215709511393915,61,-68,-16,-167,-2931,2991,2.135,-2.38,-0.56,-0.040748,-0.715164,0.729804
172940,1647666992,8904297,2026-10-06T04:58:09.490456+00:00,215709511852255,63,-67,-15,-169,-2937,2996,2.205,-2.345,-0.525,-0.041236,-0.716628,0.731024
172941,1647677734,8915039,2026-10-06T04:58:09.534171+00:00,215709555584797,68,-67,-12,-172,-2932,2999,2.38,-2.345,-0.42,-0.041968,-0.715408,0.731756
172942,1647687500,8924805,2026-10-06T04:58:09.534927+00:00,215709556333355,64,-66,-15,-167,-2928,2998,2.24,-2.31,-0.525,-0.040748,-0.714432,0.731512
172943,1647697265,8934570,2026-10-06T04:58:09.535878+00:00,215709557285413,59,-67,-16,-165,-2933,2992,2.065,-2.345,-0.56,-0.04026,-0.715652,0.730048
172944,1647707031,8944336,2026-10-06T04:58:09.537475+00:00,215709558881751,65,-67,-15,-165,-2934,2998,2.275,-2.345,-0.525,-0.04026,-0.715896,0.731512
172945,1647717773,8955078,2026-10-06T04:58:09.579103+00:00,215709600518888,69,-65,-13,-170,-2924,2992,2.415,-2.275,-0.455,-0.04148,-0.713456,0.730048
172946,1647727539,8964844,2026-10-06T04:58:09.580307+00:00,215709601712222,65,-67,-14,-168,-2920,2993,2.275,-2.345,-0.49,-0.040992,-0.71248,0.730292
172947,1647737304,8974609,2026-10-06T04:58:09.581242+00:00,215709602648687,59,-68,-17,-167,-2931,2989,2.065,-2.38,-0.595,-0.040748,-0.715164,0.729316
172948,1647747070,8984375,2026-10-06T04:58:09.582125+00:00,215709603534192,63,-69,-16,-167,-2943,2996,2.205,-2.415,-0.56,-0.040748,-0.718092,0.731024
172949,1647757812,8995117,2026-10-06T04:58:09.624046+00:00,215709645459268,68,-66,-13,-170,-2938,2996,2.38,-2.31,-0.455,-0.04148,-0.716872,0.731024
172950,1647762695,9000000,2026-10-06T04:58:09.624709+00:00,215709646113242,65,-67,-11,-167,-2925,2990,2.275,-2.345,-0.385,-0.040748,-0.7137,0.72956
172951,1647772460,9009765,2026-10-06T04:58:09.625548+00:00,215709646948321,64,-67,-15,-167,-2921,2990,2.24,-2.345,-0.525,-0.040748,-0.712724,0.72956
172952,1647782226,9019531,2026-10-06T04:58:09.626300+00:00,215709647708178,66,-68,-14,-167,-2920,2992,2.31,-2.38,-0.49,-0.040748,-0.71248,0.730048
172953,1647791992,9029297,2026-10-06T04:58:09.627312+00:00,215709648720547,65,-68,-15,-167,-2921,2993,2.275,-2.38,-0.525,-0.040748,-0.712724,0.730292
172954,1647802734,9040039,2026-10-06T04:58:09.628320+00:00,215709649728342,59,-68,-16,-173,-2936,2988,2.065,-2.38,-0.56,-0.042212,-0.716384,0.729072
172955,1647812500,9049805,2026-10-06T04:58:09.668002+00:00,215709689419111,62,-67,-15,-165,-2940,2996,2.17,-2.345,-0.525,-0.04026,-0.71736,0.731024
172956,1647822265,9059570,2026-10-06T04:58:09.668730+00:00,215709690138437,69,-65,-11,-169,-2932,2999,2.415,-2.275,-0.385,-0.041236,-0.715408,0.731756
172957,1647832031,9069336,2026-10-06T04:58:09.669757+00:00,215709691163738,70,-66,-12,-167,-2928,3006,2.45,-2.31,-0.42,-0.040748,-0.714432,0.733464
172958,1647842773,9080078,2026-10-06T04:58:09.670816+00:00,215709692223104,61,-68,-16,-167,-2934,2999,2.135,-2.38,-0.56,-0.040748,-0.715896,0.731756
172959,1647852539,9089844,2026-10-06T04:58:09.714056+00:00,215709735467560,59,-68,-17,-161,-2945,2997,2.065,-2.38,-0.595,-0.039284,-0.71858,0.731268
172960,1647857421,9094726,2026-10-06T04:58:09.714775+00:00,215709736180580,68,-66,-12,-161,-2931,2988,2.38,-2.31,-0.42,-0.039284,-0.715164,0.729072
172961,1647867187,9104492,2026-10-06T04:58:09.715656+00:00,215709737056047,76,-66,-9,-169,-2910,2986,2.66,-2.31,-0.315,-0.041236,-0.71004,0.728584
172962,1647876953,9114258,2026-10-06T04:58:09.716414+00:00,215709737814863,65,-68,-13,-175,-2911,2995,2.275,-2.38,-0.455,-0.0427,-0.710284,0.73078
172963,1647887695,9125000,2026-10-06T04:58:09.717187+00:00,215709738592531,53,-70,-20,-169,-2937,2995,1.855,-2.45,-0.7,-0.041236,-0.716628,0.73078
172964,1647897460,9134765,2026-10-06T04:58:09.757956+00:00,215709779366139,59,-68,-16,-160,-2953,2997,2.065,-2.38,-0.56,-0.03904,-0.720532,0.731268
172965,1647907226,9144531,2026-10-06T04:58:09.758703+00:00,215709780108117,75,-65,-8,-170,-2929,2999,2.625,-2.275,-0.28,-0.04148,-0.714676,0.731756
172966,1647916992,9154297,2026-10-06T04:58:09.759367+00:00,215709780771750,74,-64,-8,-172,-2906,3005,2.59,-2.24,-0.28,-0.041968,-0.709064,0.73322
172967,1647927734,9165039,2026-10-06T04:58:09.760817+00:00,215709782218947,58,-68,-18,-167,-2922,2997,2.03,-2.38,-0.63,-0.040748,-0.712968,0.731268
172968,1647937500,9174805,2026-10-06T04:58:09.761596+00:00,215709783026918,54,-69,-21,-166,-2943,2989,1.89,-2.415,-0.735,-0.040504,-0.718092,0.729316
172969,1647947265,9184570,2026-10-06T04:58:09.803019+00:00,215709824427811,67,-67,-15,-168,-2936,2990,2.345,-2.345,-0.525,-0.040992,-0.716384,0.72956
172970,1647957031,9194336,2026-10-06T04:58:09.804016+00:00,215709825415571,72,-65,-12,-175,-2920,2986,2.52,-2.275,-0.42,-0.0427,-0.71248,0.728584
172971,1647962890,9200195,2026-10-06T04:58:09.804490+00:00,215709825889148,61,-67,-15,-171,-2923,2991,2.135,-2.345,-0.525,-0.041724,-0.713212,0.729804
172972,1647972656,9209961,2026-10-06T04:58:09.805120+00:00,215709826519489,55,-69,-18,-163,-2944,2985,1.925,-2.415,-0.63,-0.039772,-0.718336,0.72834
172973,1647982421,9219726,2026-10-06T04:58:09.805610+00:00,215709827031213,65,-66,-12,-163,-2947,2995,2.275,-2.31,-0.42,-0.039772,-0.719068,0.73078
172974,1647992187,9229492,2026-10-06T04:58:09.894029+00:00,215709915454141,73,-65,-10,-166,-2932,3004,2.555,-2.275,-0.35,-0.040504,-0.715408,0.732976
172975,1648001953,9239258,2026-10-06T04:58:09.894943+00:00,215709916353332,67,-67,-13,-168,-2924,2995,2.345,-2.345,-0.455,-0.040992,-0.713456,0.73078
172976,1648012695,9250000,2026-10-06T04:58:09.895911+00:00,215709917318930,58,-68,-16,-165,-2934,2991,2.03,-2.38,-0.56,-0.04026,-0.715896,0.729804
172977,1648022460,9259765,2026-10-06T04:58:09.896822+00:00,215709918230788,64,-68,-15,-173,-2938,2985,2.24,-2.38,-0.525,-0.042212,-0.716872,0.72834
172978,1648032226,9269531,2026-10-06T04:58:09.898390+00:00,215709919800722,71,-66,-10,-174,-2919,2992,2.485,-2.31,-0.35,-0.042456,-0.712236,0.730048
172979,1648041992,9279297,2026-10-06T04:58:09.899426+00:00,215709920838697,66,-67,-12,-171,-2921,2995,2.31,-2.345,-0.42,-0.041724,-0.712724,0.73078
172980,1648052734,9290039,2026-10-06T04:58:09.900346+00:00,215709921759060,60,-67,-17,-168,-2934,2990,2.1,-2.345,-0.595,-0.040992,-0.715896,0.72956
172981,1648057617,9294922,2026-10-06T04:58:09.901213+00:00,215709922622466,63,-67,-15,-167,-2939,2998,2.205,-2.345,-0.525,-0.040748,-0.717116,0.731512
172982,1648067382,9304687,2026-10-06T04:58:09.902141+00:00,215709923550738,72,-65,-11,-168,-2928,3002,2.52,-2.275,-0.385,-0.040992,-0.714432,0.732488
172983,1648077148,9314453,2026-10-06T04:58:09.938673+00:00,215709960076564,67,-67,-15,-171,-2919,2993,2.345,-2.345,-0.525,-0.041724,-0.712236,0.730292
172984,1648087890,9325195,2026-10-06T04:58:09.939121+00:00,215709960517940,57,-67,-18,-167,-2931,2997,1.995,-2.345,-0.63,-0.040748,-0.715164,0.731268
172985,1648097656,9334961,2026-10-06T04:58:09.939661+00:00,215709961057334,60,-68,-17,-165,-2943,2984,2.1,-2.38,-0.595,-0.04026,-0.718092,0.728096
172986,1648107421,9344726,2026-10-06T04:58:09.940205+00:00,215709961602150,71,-65,-11,-171,-2928,2987,2.485,-2.275,-0.385,-0.041724,-0.714432,0.728828
172987,1648117187,9354492,2026-10-06T04:58:09.941426+00:00,215709962823664,71,-67,-11,-172,-2913,2992,2.485,-2.345,-0.385,-0.041968,-0.710772,0.730048
172988,1648126953,9364258,2026-10-06T04:58:09.983657+00:00,215710005059448,58,-68,-16,-165,-2929,2996,2.03,-2.38,-0.56,-0.04026,-0.714676,0.731024
172989,1648137695,9375000,2026-10-06T04:58:09.984187+00:00,215710005584853,56,-69,-17,-160,-2949,2998,1.96,-2.415,-0.595,-0.03904,-0.719556,0.731512
172990,1648147460,9384765,2026-10-06T04:58:09.984712+00:00,215710006110021,71,-66,-11,-161,-2938,2990,2.485,-2.31,-0.385,-0.039284,-0.716872,0.72956
172991,1648157226,9394531,2026-10-06T04:58:09.985243+00:00,215710006641334,76,-64,-11,-172,-2909,2999,2.66,-2.24,-0.385,-0.041968,-0.709796,0.731756
172992,1648166992,9404297,2026-10-06T04:58:10.027634+00:00,215710049038793,64,-67,-16,-173,-2913,2999,2.24,-2.345,-0.56,-0.042212,-0.710772,0.731756
172993,1648172851,9410156,2026-10-06T04:58:10.028150+00:00,215710049546077,54,-68,-20,-167,-2932,2994,1.89,-2.38,-0.7,-0.040748,-0.715408,0.730536
172994,1648182617,9419922,2026-10-06T04:58:10.028772+00:00,215710050169812,61,-67,-16,-167,-2940,2988,2.135,-2.345,-0.56,-0.040748,-0.71736,0.729072
172995,1648192382,9429687,2026-10-06T04:58:10.029558+00:00,215710050955385,71,-64,-12,-170,-2924,2998,2.485,-2.24,-0.42,-0.04148,-0.713456,0.731512
172996,1648202148,9439453,2026-10-06T04:58:10.030102+00:00,215710051498851,68,-66,-14,-166,-2916,2997,2.38,-2.31,-0.49,-0.040504,-0.711504,0.731268
172997,1648212890,9450195,2026-10-06T04:58:10.073673+00:00,215710095075986,57,-67,-18,-166,-2934,2998,1.995,-2.345,-0.63,-0.040504,-0.715896,0.731512
172998,1648222656,9459961,2026-10-06T04:58:10.074211+00:00,215710095612380,59,-68,-18,-165,-2943,2993,2.065,-2.38,-0.63,-0.04026,-0.718092,0.730292
172999,1648232421,9469726,2026-10-06T04:58:10.074900+00:00,215710096300205,69,-66,-13,-166,-2938,2993,2.415,-2.31,-0.455,-0.040504,-0.716872,0.730292
173000,1648242187,9479492,2026-10-06T04:58:10.075512+00:00,215710096912248,69,-65,-11,-170,-2926,2989,2.415,-2.275,-0.385,-0.04148,-0.713944,0.729316
173001,1648251953,9489258,2026-10-06T04:58:10.076870+00:00,215710098273188,64,-65,-14,-169,-2926,2996,2.24,-2.275,-0.49,-0.041236,-0.713944,0.731024
173002,1648257812,9495117,2026-10-06T04:58:10.118063+00:00,215710139475525,63,-67,-14,-169,-2935,2992,2.205,-2.345,-0.49,-0.041236,-0.71614,0.730048
173003,1648267578,9504883,2026-10-06T04:58:10.118947+00:00,215710140355752,67,-66,-13,-171,-2931,2997,2.345,-2.31,-0.455,-0.041724,-0.715164,0.731268
173004,1648277343,9514648,2026-10-06T04:58:10.119798+00:00,215710141203845,66,-66,-14,-166,-2930,2995,2.31,-2.31,-0.49,-0.040504,-0.71492,0.73078
173005,1648287109,9524414,2026-10-06T04:58:10.120498+00:00,215710141904990,64,-68,-13,-167,-2937,2999,2.24,-2.38,-0.455,-0.040748,-0.716628,0.731756
173006,1648297851,9535156,2026-10-06T04:58:10.162488+00:00,215710183886175,65,-66,-14,-171,-2938,2994,2.275,-2.31,-0.49,-0.041724,-0.716872,0.730536
173007,1648307617,9544922,2026-10-06T04:58:10.162952+00:00,215710184347408,69,-66,-13,-171,-2923,2998,2.415,-2.31,-0.455,-0.041724,-0.713212,0.731512
173008,1648317382,9554687,2026-10-06T04:58:10.163449+00:00,215710184841984,66,-67,-13,-170,-2922,2993,2.31,-2.345,-0.455,-0.04148,-0.712968,0.730292
173009,1648327148,9564453,2026-10-06T04:58:10.165196+00:00,215710186593221,62,-68,-15,-165,-2931,2993,2.17,-2.38,-0.525,-0.04026,-0.715164,0.730292
173010,1648337890,9575195,2026-10-06T04:58:10.165571+00:00,215710186962251,64,-67,-14,-169,-2931,2995,2.24,-2.345,-0.49,-0.041236,-0.715164,0.73078
173011,1648347656,9584961,2026-10-06T04:58:10.208233+00:00,215710229625980,68,-67,-12,-169,-2924,2993,2.38,-2.345,-0.42,-0.041236,-0.713456,0.730292
173012,1648357421,9594726,2026-10-06T04:58:10.208577+00:00,215710229965210,66,-66,-13,-168,-2919,2990,2.31,-2.31,-0.455,-0.040992,-0.712236,0.72956
173013,1648362304,9599609,2026-10-06T04:58:10.208906+00:00,215710230293839,63,-66,-15,-168,-2914,2979,2.205,-2.31,-0.525,-0.040992,-0.711016,0.726876
173014,1648372070,9609375,2026-10-06T04:58:10.209180+00:00,215710230567975,63,-68,-18,-173,-2932,3000,2.205,-2.38,-0.63,-0.042212,-0.715408,0.732
173015,1648382812,9620117,2026-10-06T04:58:10.210037+00:00,215710231425902,56,-70,-22,-168,-2962,3016,1.96,-2.45,-0.77,-0.040992,-0.722728,0.735904
173016,1648392578,9629883,2026-10-06T04:58:10.253325+00:00,215710274717923,57,-67,-15,-164,-2973,2998,1.995,-2.345,-0.525,-0.040016,-0.725412,0.731512
173017,1648402343,9639648,2026-10-06T04:58:10.253594+00:00,215710274982763,77,-63,-8,-164,-2947,3007,2.695,-2.205,-0.28,-0.040016,-0.719068,0.733708
173018,1648412109,9649414,2026-10-06T04:58:10.253884+00:00,215710275271792,80,-63,-5,-168,-2900,2995,2.8,-2.205,-0.175,-0.040992,-0.7076,0.73078
173019,1648422851,9660156,2026-10-06T04:58:10.254103+00:00,215710275490384,67,-69,-16,-162,-2905,3003,2.345,-2.415,-0.56,-0.039528,-0.70882,0.732732
173020,1648432617,9669922,2026-10-06T04:58:10.256124+00:00,215710277513132,47,-71,-21,-166,-2928,2977,1.645,-2.485,-0.735,-0.040504,-0.714432,0.726388
173021,1648442382,9679687,2026-10-06T04:58:10.298214+00:00,215710319609939,63,-69,-15,-162,-2939,2987,2.205,-2.415,-0.525,-0.039528,-0.717116,0.728828
173022,1648452148,9689453,2026-10-06T04:58:10.342177+00:00,215710363570967,79,-66,-5,-181,-2910,2984,2.765,-2.31,-0.175,-0.044164,-0.71004,0.728096
173023,1648462890,9700195,2026-10-06T04:58:10.342301+00:00,215710363689364,77,-68,-9,-179,-2893,3005,2.695,-2.38,-0.315,-0.043676,-0.705892,0.73322
173024,1648467773,9705078,2026-10-06T04:58:10.342482+00:00,215710363870758,51,-69,-19,-170,-2922,2998,1.785,-2.415,-0.665,-0.04148,-0.712968,0.731512
173025,1648477539,9714844,2026-10-06T04:58:10.344021+00:00,215710365409027,50,-69,-22,-161,-2961,3013,1.75,-2.415,-0.77,-0.039284,-0.722484,0.735172
173026,1648487304,9724609,2026-10-06T04:58:10.344228+00:00,215710365614654,68,-64,-13,-162,-2951,3014,2.38,-2.24,-0.455,-0.039528,-0.720044,0.735416
173027,1648497070,9734375,2026-10-06T04:58:10.344400+00:00,215710365787966,77,-64,-11,-171,-2919,3012,2.695,-2.24,-0.385,-0.041724,-0.712236,0.734928
173028,1648507812,9745117,2026-10-06T04:58:10.346142+00:00,215710367529911,62,-66,-18,-172,-2915,3000,2.17,-2.31,-0.63,-0.041968,-0.71126,0.732
173029,1648517578,9754883,2026-10-06T04:58:10.346380+00:00,215710367766810,47,-70,-26,-165,-2945,2983,1.645,-2.45,-0.91,-0.04026,-0.71858,0.727852
173030,1648527343,9764648,2026-10-06T04:58:10.387710+00:00,215710409099847,59,-67,-20,-158,-2955,2978,2.065,-2.345,-0.7,-0.038552,-0.72102,0.726632
173031,1648537109,9774414,2026-10-06T04:58:10.432133+00:00,215710453526822,76,-65,-10,-163,-2931,2984,2.66,-2.275,-0.35,-0.039772,-0.715164,0.728096
173032,1648547851,9785156,2026-10-06T04:58:10.432282+00:00,215710453668639,75,-65,-8,-167,-2915,2984,2.625,-2.275,-0.28,-0.040748,-0.71126,0.728096
173033,1648552734,9790039,2026-10-06T04:58:10.432481+00:00,215710453867479,61,-68,-14,-162,-2929,2987,2.135,-2.38,-0.49,-0.039528,-0.714676,0.728828
173034,1648562500,9799805,2026-10-06T04:58:10.434089+00:00,215710455476690,60,-71,-15,-155,-2948,2993,2.1,-2.485,-0.525,-0.03782,-0.719312,0.730292
173035,1648572265,9809570,2026-10-06T04:58:10.434428+00:00,215710455815203,70,-69,-10,-168,-2943,3008,2.45,-2.415,-0.35,-0.040992,-0.718092,0.733952
173036,1648582031,9819336,2026-10-06T04:58:10.434708+00:00,215710456094575,73,-67,-10,-175,-2929,3014,2.555,-2.345,-0.35,-0.0427,-0.714676,0.735416
173037,1648592773,9830078,2026-10-06T04:58:10.437124+00:00,215710458511025,63,-67,-10,-175,-2928,3002,2.205,-2.345,-0.35,-0.0427,-0.714432,0.732488
173038,1648602539,9839844,2026-10-06T04:58:10.437278+00:00,215710458664078,66,-66,-12,-171,-2925,3002,2.31,-2.31,-0.42,-0.041724,-0.7137,0.732488
173039,1648612304,9849609,2026-10-06T04:58:10.437506+00:00,215710458894853,68,-65,-12,-171,-2903,2987,2.38,-2.275,-0.42,-0.041724,-0.708332,0.728828
173040,1648622070,9859375,2026-10-06T04:58:10.477373+00:00,215710498771173,63,-68,-19,-173,-2911,3000,2.205,-2.38,-0.665,-0.042212,-0.710284,0.732
173041,1648632812,9870117,2026-10-06T04:58:10.522529+00:00,215710543931156,50,-70,-23,-169,-2930,2988,1.75,-2.45,-0.805,-0.041236,-0.71492,0.729072
173042,1648642578,9879883,2026-10-06T04:58:10.523017+00:00,215710544409655,59,-67,-19,-169,-2944,2998,2.065,-2.345,-0.665,-0.041236,-0.718336,0.731512
173043,1648652343,9889648,2026-10-06T04:58:10.523552+00:00,215710544950627,68,-65,-12,-169,-2927,2997,2.38,-2.275,-0.42,-0.041236,-0.714188,0.731268
173044,1648662109,9899414,2026-10-06T04:58:10.567893+00:00,215710589302820,69,-65,-14,-169,-2918,3006,2.415,-2.275,-0.49,-0.041236,-0.711992,0.733464
173045,1648666992,9904297,2026-10-06T04:58:10.568552+00:00,215710589954660,52,-67,-20,-164,-2936,2990,1.82,-2.345,-0.7,-0.040016,-0.716384,0.72956
173046,1648677734,9915039,2026-10-06T04:58:10.569381+00:00,215710590782051,53,-68,-18,-152,-2959,2992,1.855,-2.38,-0.63,-0.037088,-0.721996,0.730048
173047,1648687500,9924805,2026-10-06T04:58:10.570681+00:00,215710592084445,72,-65,-9,-163,-2936,2984,2.52,-2.275,-0.315,-0.039772,-0.716384,0.728096
173048,1648697265,9934570,2026-10-06T04:58:10.571376+00:00,215710592779064,83,-65,-5,-168,-2900,2991,2.905,-2.275,-0.175,-0.040992,-0.7076,0.729804
173049,1648707031,9944336,2026-10-06T04:58:10.572074+00:00,215710593476552,64,-69,-15,-170,-2905,2991,2.24,-2.415,-0.525,-0.04148,-0.70882,0.729804
173050,1648717773,9955078,2026-10-06T04:58:10.572712+00:00,215710594109447,48,-71,-23,-164,-2949,2990,1.68,-2.485,-0.805,-0.040016,-0.719556,0.72956
173051,1648727539,9964844,2026-10-06T04:58:10.573898+00:00,215710595301050,61,-68,-14,-162,-2958,2991,2.135,-2.38,-0.49,-0.039528,-0.721752,0.729804
173052,1648737304,9974609,2026-10-06T04:58:10.574501+00:00,215710595905249,83,-62,-5,-174,-2922,3006,2.905,-2.17,-0.175,-0.042456,-0.712968,0.733464
173053,1648747070,9984375,2026-10-06T04:58:10.575309+00:00,215710596712295,76,-64,-9,-172,-2896,3013,2.66,-2.24,-0.315,-0.041968,-0.706624,0.735172
173054,1648757812,9995117,2026-10-06T04:58:10.613942+00:00,215710635352807,52,-69,-21,-171,-2922,3000,1.82,-2.415,-0.735,-0.041724,-0.712968,0.732
173055,1648762695,10000000,2026-10-06T04:58:10.614616+00:00,215710636051820,46,-69,-25,-165,-2955,2987,1.61,-2.415,-0.875,-0.04026,-0.72102,0.728828
173056,1648772460,10009765,2026-10-06T04:58:10.615402+00:00,215710636808044,63,-66,-16,-169,-2951,2982,2.205,-2.31,-0.56,-0.041236,-0.720044,0.727608
173057,1648782226,10019531,2026-10-06T04:58:10.616138+00:00,215710637543236,74,-64,-10,-170,-2924,2989,2.59,-2.24,-0.35,-0.04148,-0.713456,0.729316
173058,1648791992,10029297,2026-10-06T04:58:10.617084+00:00,215710638489117,67,-66,-13,-169,-2922,2983,2.345,-2.31,-0.455,-0.041236,-0.712968,0.727852
173059,1648802734,10040039,2026-10-06T04:58:10.657543+00:00,215710678943815,58,-68,-17,-167,-2942,2985,2.03,-2.38,-0.595,-0.040748,-0.717848,0.72834
173060,1648812500,10049805,2026-10-06T04:58:10.702761+00:00,215710724169110,65,-68,-13,-171,-2944,2983,2.275,-2.38,-0.455,-0.041724,-0.718336,0.727852
173061,1648822265,10059570,2026-10-06T04:58:10.749232+00:00,215710770650327,76,-67,-9,-172,-2926,2997,2.66,-2.345,-0.315,-0.041968,-0.713944,0.731268
173062,1648832031,10069336,2026-10-06T04:58:10.750154+00:00,215710771564138,69,-67,-11,-178,-2920,2999,2.415,-2.345,-0.385,-0.043432,-0.71248,0.731756
